call_id,experiment_id,condition_id,model_id,policy_id,decision_date,fold,position,target_asset,top_asset_raw,top_asset_projected,raw_fidelity,projected_fidelity,allocation_l1_to_reference,projection_l1,prompt_hash,prompt_length,fewshot_hash,fewshot_length,json_valid,parse_fail,repair_used,latency_sec,attempt_count,raw_output,prompt_text,raw_weights,projected_weights,reference_weights,dry_run
5efa69b8654a6e0c9e31fe22,p2_reconciliation_v1,A_wfcv_exact,gemma3:270m,P2,2013-01-04,1,756,BIL,BIL,BIL,1,1,0.0,0.0012012012012015266,ec056c2a013c136b44784614550be4bd0eaf0004d40f671296a8845197f08164,5956,ca3782a8bdfe2b60f4b24347fe44205b680e5cb74a4ad9f691751a04f43853d8,2415,1,0,0,2.80482208399917,1,"{""weights"": {""SPY"": 0.019, ""QQQ"": 0.019, ""IWM"": 0.019, ""DIA"": 0.019, ""EFA"": 0.019, ""EEM"": 0.019, ""VEA"": 0.019, ""VWO"": 0.019, ""AGG"": 0.019, ""BND"": 0.019, ""SHY"": 0.019, ""IEF"": 0.019, ""TLT"": 0.019, ""TIP"": 0.019, ""LQD"": 0.019, ""HYG"": 0.019, ""GLD"": 0.019, ""SLV"": 0.019, ""DBC"": 0.019, ""VNQ"": 0.019, ""UUP"": 0.019, ""BIL"": 0.6}}","You are a DEFENSIVE LOW-VOLATILITY policy profile. Your task is to translate a natural-language risk-averse policy into provisional portfolio weights. Use only the provided feature values, not outside market knowledge. Identify the eligible asset that appears safest, defined by the lowest `_vol3m` value. This is a defensive single-core policy profile, so do not default to equal weights when one asset clearly has the lowest recent volatility. Allocate 60% of the total portfolio weight to this safest asset as the language-level policy target. The hard maximum-weight constraint is 60%. Do not solve the projection yourself; express the language-level target and let the projection layer enforce feasibility before execution. Distribute the remaining weight equally among all other eligible assets. Use only tickers from the provided asset list. Include every eligible ticker exactly once. Return strictly valid JSON only. The `weights` field MUST be a JSON object where keys are tickers and values are numeric portfolio weights expressed as decimals, not percentages.

### EXAMPLE 1
Features:
- AGG_mdd: -0.001604
- AGG_r12m: 0.000000
- AGG_r1m: 0.012451
- AGG_r3m: 0.020362
- AGG_vol3m: 0.035033
- BIL_mdd: -0.000436
- BIL_r12m: 0.000000
- BIL_r1m: 0.000000
- BIL_r3m: 0.000218
- BIL_vol3m: 0.003201
- BND_mdd: -0.002605
- BND_r12m: 0.000000
TargetWeights(JSON): {""SPY"": 0.019, ""QQQ"": 0.019, ""IWM"": 0.019, ""DIA"": 0.019, ""EFA"": 0.019, ""EEM"": 0.019, ""VEA"": 0.019, ""VWO"": 0.019, ""AGG"": 0.019, ""BND"": 0.019, ""SHY"": 0.019, ""IEF"": 0.019, ""TLT"": 0.019, ""TIP"": 0.019, ""LQD"": 0.019, ""HYG"": 0.019, ""GLD"": 0.019, ""SLV"": 0.019, ""DBC"": 0.019, ""VNQ"": 0.019, ""UUP"": 0.019, ""BIL"": 0.6}
### EXAMPLE 2
Features:
- AGG_mdd: -0.021722
- AGG_r12m: 0.056673
- AGG_r1m: -0.002397
- AGG_r3m: -0.014888
- AGG_vol3m: 0.046509
- BIL_mdd: -0.000218
- BIL_r12m: 0.000437
- BIL_r1m: 0.000000
- BIL_r3m: 0.000218
- BIL_vol3m: 0.002528
- BND_mdd: -0.023828
- BND_r12m: 0.056495
TargetWeights(JSON): {""SPY"": 0.019, ""QQQ"": 0.019, ""IWM"": 0.019, ""DIA"": 0.019, ""EFA"": 0.019, ""EEM"": 0.019, ""VEA"": 0.019, ""VWO"": 0.019, ""AGG"": 0.019, ""BND"": 0.019, ""SHY"": 0.019, ""IEF"": 0.019, ""TLT"": 0.019, ""TIP"": 0.019, ""LQD"": 0.019, ""HYG"": 0.019, ""GLD"": 0.019, ""SLV"": 0.019, ""DBC"": 0.019, ""VNQ"": 0.019, ""UUP"": 0.019, ""BIL"": 0.6}
### EXAMPLE 3
Features:
- AGG_mdd: -0.003384
- AGG_r12m: 0.055052
- AGG_r1m: 0.001844
- AGG_r3m: 0.006395
- AGG_vol3m: 0.025564
- BIL_mdd: -0.001264
- BIL_r12m: -0.000610
- BIL_r1m: -0.000000
- BIL_r3m: -0.000000
- BIL_vol3m: 0.002062
- BND_mdd: -0.003528
- BND_r12m: 0.056003
TargetWeights(JSON): {""SPY"": 0.019, ""QQQ"": 0.019, ""IWM"": 0.019, ""DIA"": 0.019, ""EFA"": 0.019, ""EEM"": 0.019, ""VEA"": 0.019, ""VWO"": 0.019, ""AGG"": 0.019, ""BND"": 0.019, ""SHY"": 0.019, ""IEF"": 0.019, ""TLT"": 0.019, ""TIP"": 0.019, ""LQD"": 0.019, ""HYG"": 0.019, ""GLD"": 0.019, ""SLV"": 0.019, ""DBC"": 0.019, ""VNQ"": 0.019, ""UUP"": 0.019, ""BIL"": 0.6}
### EXAMPLE 4
Features:
- AGG_mdd: -0.000816
- AGG_r12m: 0.079294
- AGG_r1m: 0.008300
- AGG_r3m: 0.019662
- AGG_vol3m: 0.031546
- BIL_mdd: -0.001046
- BIL_r12m: -0.000610
- BIL_r1m: -0.000174
- BIL_r3m: -0.000392
- BIL_vol3m: 0.002780
- BND_mdd: -0.001435
- BND_r12m: 0.079344
TargetWeights(JSON): {""SPY"": 0.019, ""QQQ"": 0.019, ""IWM"": 0.019, ""DIA"": 0.019, ""EFA"": 0.019, ""EEM"": 0.019, ""VEA"": 0.019, ""VWO"": 0.019, ""AGG"": 0.019, ""BND"": 0.019, ""SHY"": 0.019, ""IEF"": 0.019, ""TLT"": 0.019, ""TIP"": 0.019, ""LQD"": 0.019, ""HYG"": 0.019, ""GLD"": 0.019, ""SLV"": 0.019, ""DBC"": 0.019, ""VNQ"": 0.019, ""UUP"": 0.019, ""BIL"": 0.6}

Current Features:
- AGG_mdd: -0.006712
- AGG_r12m: 0.036910
- AGG_r1m: -0.005823
- AGG_r3m: -0.003252
- AGG_vol3m: 0.023273
- BIL_mdd: -0.001046
- BIL_r12m: -0.000000
- BIL_r1m: 0.000218
- BIL_r3m: -0.000000
- BIL_vol3m: 0.001865
- BND_mdd: -0.014005
- BND_r12m: 0.029551
- BND_r1m: -0.013308
- BND_r3m: -0.012876
- BND_vol3m: 0.025855
- DBC_mdd: -0.137531
- DBC_r12m: -0.003980
- DBC_r1m: -0.013968
- DBC_r3m: -0.036402
- DBC_vol3m: 0.125729
- DIA_mdd: -0.006984
- DIA_r12m: 0.112418
- DIA_r1m: 0.039315
- DIA_r3m: 0.003944
- DIA_vol3m: 0.126050
- EEM_mdd: -0.069302
- EEM_r12m: 0.171848
- EEM_r1m: 0.080862
- EEM_r3m: 0.083190
- EEM_vol3m: 0.136612
- EFA_mdd: -0.039660
- EFA_r12m: 0.168492
- EFA_r1m: 0.051002
- EFA_r3m: 0.083135
- EFA_vol3m: 0.134734
- GLD_mdd: -0.130830
- GLD_r12m: 0.028989
- GLD_r1m: -0.024206
- GLD_r3m: -0.067751
- GLD_vol3m: 0.112234
- HYG_mdd: -0.002441
- HYG_r12m: 0.114674
- HYG_r1m: 0.015926
- HYG_r3m: 0.033964
- HYG_vol3m: 0.052602
- IEF_mdd: -0.022709
- IEF_r12m: 0.033653
- IEF_r1m: -0.019853
- IEF_r3m: -0.014034
- IEF_vol3m: 0.049069
- IWM_mdd: 0.000000
- IWM_r12m: 0.187803
- IWM_r1m: 0.071941
- IWM_r3m: 0.049066
- IWM_vol3m: 0.152096
- LQD_mdd: -0.014995
- LQD_r12m: 0.099304
- LQD_r1m: -0.008924
- LQD_r3m: -0.003830
- LQD_vol3m: 0.037717
- QQQ_mdd: -0.045565
- QQQ_r12m: 0.185606
- QQQ_r1m: 0.020892
- QQQ_r3m: -0.024302
- QQQ_vol3m: 0.164757
- SHY_mdd: -0.000345
- SHY_r12m: 0.002977
- SHY_r1m: 0.000011
- SHY_r3m: -0.000107
- SHY_vol3m: 0.003847
- SLV_mdd: -0.381295
- SLV_r12m: 0.014221
- SLV_r1m: -0.083386
- SLV_r3m: -0.127164
- SLV_vol3m: 0.224162
- SPY_mdd: 0.000000
- SPY_r12m: 0.173456
- SPY_r1m: 0.043597
- SPY_r3m: 0.020125
- SPY_vol3m: 0.134582
- TIP_mdd: -0.022961
- TIP_r12m: 0.056009
- TIP_r1m: -0.019222
- TIP_r3m: -0.010325
- TIP_vol3m: 0.041962
- TLT_mdd: -0.094662
- TLT_r12m: 0.015849
- TLT_r1m: -0.053593
- TLT_r3m: -0.043106
- TLT_vol3m: 0.129467
- UUP_mdd: -0.148664
- UUP_r12m: -0.013016
- UUP_r1m: 0.009642
- UUP_r3m: 0.006407
- UUP_vol3m: 0.049780
- VEA_mdd: -0.040694
- VEA_r12m: 0.168459
- VEA_r1m: 0.050866
- VEA_r3m: 0.082462
- VEA_vol3m: 0.135169
- VNQ_mdd: -0.007087
- VNQ_r12m: 0.186333
- VNQ_r1m: 0.049001
- VNQ_r3m: 0.042382
- VNQ_vol3m: 0.101347
- VWO_mdd: -0.064835
- VWO_r12m: 0.177663
- VWO_r1m: 0.085603
- VWO_r3m: 0.085861
- VWO_vol3m: 0.134639
- cross_vol: 0.095343
Assets: SPY, QQQ, IWM, DIA, EFA, EEM, VEA, VWO, AGG, BND, SHY, IEF, TLT, TIP, LQD, HYG, GLD, SLV, DBC, VNQ, UUP, BIL","{""SPY"":0.019019019,""QQQ"":0.019019019,""IWM"":0.019019019,""DIA"":0.019019019,""EFA"":0.019019019,""EEM"":0.019019019,""VEA"":0.019019019,""VWO"":0.019019019,""AGG"":0.019019019,""BND"":0.019019019,""SHY"":0.019019019,""IEF"":0.019019019,""TLT"":0.019019019,""TIP"":0.019019019,""LQD"":0.019019019,""HYG"":0.019019019,""GLD"":0.019019019,""SLV"":0.019019019,""DBC"":0.019019019,""VNQ"":0.019019019,""UUP"":0.019019019,""BIL"":0.6006006006}","{""SPY"":0.019047619,""QQQ"":0.019047619,""IWM"":0.019047619,""DIA"":0.019047619,""EFA"":0.019047619,""EEM"":0.019047619,""VEA"":0.019047619,""VWO"":0.019047619,""AGG"":0.019047619,""BND"":0.019047619,""SHY"":0.019047619,""IEF"":0.019047619,""TLT"":0.019047619,""TIP"":0.019047619,""LQD"":0.019047619,""HYG"":0.019047619,""GLD"":0.019047619,""SLV"":0.019047619,""DBC"":0.019047619,""VNQ"":0.019047619,""UUP"":0.019047619,""BIL"":0.6}","{""SPY"":0.019047619,""QQQ"":0.019047619,""IWM"":0.019047619,""DIA"":0.019047619,""EFA"":0.019047619,""EEM"":0.019047619,""VEA"":0.019047619,""VWO"":0.019047619,""AGG"":0.019047619,""BND"":0.019047619,""SHY"":0.019047619,""IEF"":0.019047619,""TLT"":0.019047619,""TIP"":0.019047619,""LQD"":0.019047619,""HYG"":0.019047619,""GLD"":0.019047619,""SLV"":0.019047619,""DBC"":0.019047619,""VNQ"":0.019047619,""UUP"":0.019047619,""BIL"":0.6}",0
3a69e0c29b6b45ff162a4889,p2_reconciliation_v1,B_wfcv_no_fewshot,gemma3:270m,P2,2013-01-04,1,756,BIL,SPY,SPY,0,0,1.1090909090909091,3.0531133177191805e-16,11dcffeb6cdb076bf59b88fbca4069eae8c365a5065ef2a50c7e5b9f0e825e27,3541,e3b0c44298fc1c149afbf4c8996fb92427ae41e4649b934ca495991b7852b855,0,1,0,0,1.4955720419966383,1,"{""weights"": {""SPY"": 60, ""QQQ"": 60, ""IWM"": 60, ""DIA"": 60, ""EFA"": 60, ""EEM"": 60, ""VEA"": 60, ""VWO"": 60, ""AGG"": 60, ""BND"": 60, ""SHY"": 60, ""IEF"": 60, ""TLT"": 60, ""TIP"": 60, ""LQD"": 60, ""HYG"": 60, ""GLD"": 60, ""SLV"": 60, ""DBC"": 60, ""VNQ"": 60, ""UUP"": 60, ""BIL"": 60}}","You are a DEFENSIVE LOW-VOLATILITY policy profile. Your task is to translate a natural-language risk-averse policy into provisional portfolio weights. Use only the provided feature values, not outside market knowledge. Identify the eligible asset that appears safest, defined by the lowest `_vol3m` value. This is a defensive single-core policy profile, so do not default to equal weights when one asset clearly has the lowest recent volatility. Allocate 60% of the total portfolio weight to this safest asset as the language-level policy target. The hard maximum-weight constraint is 60%. Do not solve the projection yourself; express the language-level target and let the projection layer enforce feasibility before execution. Distribute the remaining weight equally among all other eligible assets. Use only tickers from the provided asset list. Include every eligible ticker exactly once. Return strictly valid JSON only. The `weights` field MUST be a JSON object where keys are tickers and values are numeric portfolio weights expressed as decimals, not percentages.



Current Features:
- AGG_mdd: -0.006712
- AGG_r12m: 0.036910
- AGG_r1m: -0.005823
- AGG_r3m: -0.003252
- AGG_vol3m: 0.023273
- BIL_mdd: -0.001046
- BIL_r12m: -0.000000
- BIL_r1m: 0.000218
- BIL_r3m: -0.000000
- BIL_vol3m: 0.001865
- BND_mdd: -0.014005
- BND_r12m: 0.029551
- BND_r1m: -0.013308
- BND_r3m: -0.012876
- BND_vol3m: 0.025855
- DBC_mdd: -0.137531
- DBC_r12m: -0.003980
- DBC_r1m: -0.013968
- DBC_r3m: -0.036402
- DBC_vol3m: 0.125729
- DIA_mdd: -0.006984
- DIA_r12m: 0.112418
- DIA_r1m: 0.039315
- DIA_r3m: 0.003944
- DIA_vol3m: 0.126050
- EEM_mdd: -0.069302
- EEM_r12m: 0.171848
- EEM_r1m: 0.080862
- EEM_r3m: 0.083190
- EEM_vol3m: 0.136612
- EFA_mdd: -0.039660
- EFA_r12m: 0.168492
- EFA_r1m: 0.051002
- EFA_r3m: 0.083135
- EFA_vol3m: 0.134734
- GLD_mdd: -0.130830
- GLD_r12m: 0.028989
- GLD_r1m: -0.024206
- GLD_r3m: -0.067751
- GLD_vol3m: 0.112234
- HYG_mdd: -0.002441
- HYG_r12m: 0.114674
- HYG_r1m: 0.015926
- HYG_r3m: 0.033964
- HYG_vol3m: 0.052602
- IEF_mdd: -0.022709
- IEF_r12m: 0.033653
- IEF_r1m: -0.019853
- IEF_r3m: -0.014034
- IEF_vol3m: 0.049069
- IWM_mdd: 0.000000
- IWM_r12m: 0.187803
- IWM_r1m: 0.071941
- IWM_r3m: 0.049066
- IWM_vol3m: 0.152096
- LQD_mdd: -0.014995
- LQD_r12m: 0.099304
- LQD_r1m: -0.008924
- LQD_r3m: -0.003830
- LQD_vol3m: 0.037717
- QQQ_mdd: -0.045565
- QQQ_r12m: 0.185606
- QQQ_r1m: 0.020892
- QQQ_r3m: -0.024302
- QQQ_vol3m: 0.164757
- SHY_mdd: -0.000345
- SHY_r12m: 0.002977
- SHY_r1m: 0.000011
- SHY_r3m: -0.000107
- SHY_vol3m: 0.003847
- SLV_mdd: -0.381295
- SLV_r12m: 0.014221
- SLV_r1m: -0.083386
- SLV_r3m: -0.127164
- SLV_vol3m: 0.224162
- SPY_mdd: 0.000000
- SPY_r12m: 0.173456
- SPY_r1m: 0.043597
- SPY_r3m: 0.020125
- SPY_vol3m: 0.134582
- TIP_mdd: -0.022961
- TIP_r12m: 0.056009
- TIP_r1m: -0.019222
- TIP_r3m: -0.010325
- TIP_vol3m: 0.041962
- TLT_mdd: -0.094662
- TLT_r12m: 0.015849
- TLT_r1m: -0.053593
- TLT_r3m: -0.043106
- TLT_vol3m: 0.129467
- UUP_mdd: -0.148664
- UUP_r12m: -0.013016
- UUP_r1m: 0.009642
- UUP_r3m: 0.006407
- UUP_vol3m: 0.049780
- VEA_mdd: -0.040694
- VEA_r12m: 0.168459
- VEA_r1m: 0.050866
- VEA_r3m: 0.082462
- VEA_vol3m: 0.135169
- VNQ_mdd: -0.007087
- VNQ_r12m: 0.186333
- VNQ_r1m: 0.049001
- VNQ_r3m: 0.042382
- VNQ_vol3m: 0.101347
- VWO_mdd: -0.064835
- VWO_r12m: 0.177663
- VWO_r1m: 0.085603
- VWO_r3m: 0.085861
- VWO_vol3m: 0.134639
- cross_vol: 0.095343
Assets: SPY, QQQ, IWM, DIA, EFA, EEM, VEA, VWO, AGG, BND, SHY, IEF, TLT, TIP, LQD, HYG, GLD, SLV, DBC, VNQ, UUP, BIL","{""SPY"":0.0454545455,""QQQ"":0.0454545455,""IWM"":0.0454545455,""DIA"":0.0454545455,""EFA"":0.0454545455,""EEM"":0.0454545455,""VEA"":0.0454545455,""VWO"":0.0454545455,""AGG"":0.0454545455,""BND"":0.0454545455,""SHY"":0.0454545455,""IEF"":0.0454545455,""TLT"":0.0454545455,""TIP"":0.0454545455,""LQD"":0.0454545455,""HYG"":0.0454545455,""GLD"":0.0454545455,""SLV"":0.0454545455,""DBC"":0.0454545455,""VNQ"":0.0454545455,""UUP"":0.0454545455,""BIL"":0.0454545455}","{""SPY"":0.0454545455,""QQQ"":0.0454545455,""IWM"":0.0454545455,""DIA"":0.0454545455,""EFA"":0.0454545455,""EEM"":0.0454545455,""VEA"":0.0454545455,""VWO"":0.0454545455,""AGG"":0.0454545455,""BND"":0.0454545455,""SHY"":0.0454545455,""IEF"":0.0454545455,""TLT"":0.0454545455,""TIP"":0.0454545455,""LQD"":0.0454545455,""HYG"":0.0454545455,""GLD"":0.0454545455,""SLV"":0.0454545455,""DBC"":0.0454545455,""VNQ"":0.0454545455,""UUP"":0.0454545455,""BIL"":0.0454545455}","{""SPY"":0.019047619,""QQQ"":0.019047619,""IWM"":0.019047619,""DIA"":0.019047619,""EFA"":0.019047619,""EEM"":0.019047619,""VEA"":0.019047619,""VWO"":0.019047619,""AGG"":0.019047619,""BND"":0.019047619,""SHY"":0.019047619,""IEF"":0.019047619,""TLT"":0.019047619,""TIP"":0.019047619,""LQD"":0.019047619,""HYG"":0.019047619,""GLD"":0.019047619,""SLV"":0.019047619,""DBC"":0.019047619,""VNQ"":0.019047619,""UUP"":0.019047619,""BIL"":0.6}",0
72341ea8f07f8df4e8cc77ab,p2_reconciliation_v1,C_bridge_canonical,gemma3:270m,P2,2013-01-04,1,756,BIL,VWO,VWO,0,0,1.4927504079888037,1.908195823574487e-16,115d0dc1e77599c92852e1b3458553857cb7c57b548828f2ba035745b761445a,3377,e3b0c44298fc1c149afbf4c8996fb92427ae41e4649b934ca495991b7852b855,0,1,0,0,2.41903116699541,1,"{""weights"": {""SPY"": 0.04359697, ""QQQ"": -0.02430226, ""IWM"": 0.07194096, ""DIA"": 0.03931485, ""EFA"": 0.05100179, ""EEM"": 0.08086221, ""VEA"": 0.05086640, ""VWO"": 0.08560325, ""AGG"": 0.00582274, ""BND"": -0.01330757, ""SHY"": 0.00001067, ""IEF"": -0.01985288, ""TLT"": -0.05359273, ""TIP"": -0.01922222, ""LQD"": -0.00892442, ""HYG"": 0.01592590, ""GLD"": 0.02420628, ""SLV"": 0.08338558, ""DBC"": 0.01499512, ""VNQ"": 0.04900067, ""UUP"": 0.00964177, ""BIL"": 0.00021808}
}","You are a DEFENSIVE LOW-VOLATILITY policy profile. Use only the provided feature values. Strongly favor the eligible asset with the lowest `_vol3m` value. Allocate 60.0% of total portfolio weight to that target asset as the language-level policy target. Distribute the remaining weight equally among all other eligible assets. Include every eligible ticker exactly once. Return strictly valid JSON only with a `weights` object whose values are decimals, not percentages.
Hard constraints for the execution layer: long-only weights, weights sum to one, maximum single-asset weight 0.60, and turnover cap 0.25. You propose weights; deterministic projection will enforce final feasibility.

Current Features:
- SPY_r1m: 0.04359697
- SPY_r3m: 0.02012546
- SPY_r12m: 0.17345613
- SPY_vol3m: 0.13458193
- SPY_mdd: 0.00000000
- QQQ_r1m: 0.02089195
- QQQ_r3m: -0.02430226
- QQQ_r12m: 0.18560591
- QQQ_vol3m: 0.16475690
- QQQ_mdd: -0.04556483
- IWM_r1m: 0.07194096
- IWM_r3m: 0.04906574
- IWM_r12m: 0.18780329
- IWM_vol3m: 0.15209628
- IWM_mdd: 0.00000000
- DIA_r1m: 0.03931485
- DIA_r3m: 0.00394422
- DIA_r12m: 0.11241783
- DIA_vol3m: 0.12604966
- DIA_mdd: -0.00698425
- EFA_r1m: 0.05100179
- EFA_r3m: 0.08313539
- EFA_r12m: 0.16849219
- EFA_vol3m: 0.13473415
- EFA_mdd: -0.03965975
- EEM_r1m: 0.08086221
- EEM_r3m: 0.08318998
- EEM_r12m: 0.17184767
- EEM_vol3m: 0.13661194
- EEM_mdd: -0.06930247
- VEA_r1m: 0.05086640
- VEA_r3m: 0.08246185
- VEA_r12m: 0.16845867
- VEA_vol3m: 0.13516936
- VEA_mdd: -0.04069403
- VWO_r1m: 0.08560325
- VWO_r3m: 0.08586132
- VWO_r12m: 0.17766291
- VWO_vol3m: 0.13463926
- VWO_mdd: -0.06483464
- AGG_r1m: -0.00582274
- AGG_r3m: -0.00325158
- AGG_r12m: 0.03690967
- AGG_vol3m: 0.02327339
- AGG_mdd: -0.00671236
- BND_r1m: -0.01330757
- BND_r3m: -0.01287552
- BND_r12m: 0.02955105
- BND_vol3m: 0.02585477
- BND_mdd: -0.01400464
- SHY_r1m: 0.00001067
- SHY_r3m: -0.00010697
- SHY_r12m: 0.00297684
- SHY_vol3m: 0.00384677
- SHY_mdd: -0.00034453
- IEF_r1m: -0.01985288
- IEF_r3m: -0.01403394
- IEF_r12m: 0.03365297
- IEF_vol3m: 0.04906871
- IEF_mdd: -0.02270949
- TLT_r1m: -0.05359273
- TLT_r3m: -0.04310626
- TLT_r12m: 0.01584881
- TLT_vol3m: 0.12946663
- TLT_mdd: -0.09466178
- TIP_r1m: -0.01922222
- TIP_r3m: -0.01032509
- TIP_r12m: 0.05600913
- TIP_vol3m: 0.04196248
- TIP_mdd: -0.02296086
- LQD_r1m: -0.00892442
- LQD_r3m: -0.00383013
- LQD_r12m: 0.09930420
- LQD_vol3m: 0.03771660
- LQD_mdd: -0.01499512
- HYG_r1m: 0.01592590
- HYG_r3m: 0.03396370
- HYG_r12m: 0.11467407
- HYG_vol3m: 0.05260230
- HYG_mdd: -0.00244108
- GLD_r1m: -0.02420628
- GLD_r3m: -0.06775133
- GLD_r12m: 0.02898925
- GLD_vol3m: 0.11223370
- GLD_mdd: -0.13083046
- SLV_r1m: -0.08338558
- SLV_r3m: -0.12716419
- SLV_r12m: 0.01422129
- SLV_vol3m: 0.22416195
- SLV_mdd: -0.38129495
- DBC_r1m: -0.01396843
- DBC_r3m: -0.03640167
- DBC_r12m: -0.00397959
- DBC_vol3m: 0.12572947
- DBC_mdd: -0.13753134
- VNQ_r1m: 0.04900067
- VNQ_r3m: 0.04238216
- VNQ_r12m: 0.18633309
- VNQ_vol3m: 0.10134712
- VNQ_mdd: -0.00708735
- UUP_r1m: 0.00964177
- UUP_r3m: 0.00640715
- UUP_r12m: -0.01301624
- UUP_vol3m: 0.04978045
- UUP_mdd: -0.14866439
- BIL_r1m: 0.00021808
- BIL_r3m: -0.00000000
- BIL_r12m: -0.00000000
- BIL_vol3m: 0.00186512
- BIL_mdd: -0.00104637
- cross_vol: 0.09534313

Assets: SPY, QQQ, IWM, DIA, EFA, EEM, VEA, VWO, AGG, BND, SHY, IEF, TLT, TIP, LQD, HYG, GLD, SLV, DBC, VNQ, UUP, BIL","{""SPY"":0.0696000008,""QQQ"":0.0,""IWM"":0.1148495153,""DIA"":0.0627638478,""EFA"":0.0814213608,""EEM"":0.1290917667,""VEA"":0.0812052186,""VWO"":0.1366605585,""AGG"":0.0092956623,""BND"":0.0,""SHY"":0.000017034,""IEF"":0.0,""TLT"":0.0,""TIP"":0.0,""LQD"":0.0,""HYG"":0.0254247635,""GLD"":0.0386439036,""SLV"":0.1331201786,""DBC"":0.0239388279,""VNQ"":0.0782266903,""UUP"":0.0153925192,""BIL"":0.0003481519}","{""SPY"":0.0696000008,""QQQ"":8.67361738e-18,""IWM"":0.1148495153,""DIA"":0.0627638478,""EFA"":0.0814213608,""EEM"":0.1290917667,""VEA"":0.0812052186,""VWO"":0.1366605585,""AGG"":0.0092956623,""BND"":8.67361738e-18,""SHY"":0.000017034,""IEF"":8.67361738e-18,""TLT"":8.67361738e-18,""TIP"":8.67361738e-18,""LQD"":8.67361738e-18,""HYG"":0.0254247635,""GLD"":0.0386439036,""SLV"":0.1331201786,""DBC"":0.0239388279,""VNQ"":0.0782266903,""UUP"":0.0153925192,""BIL"":0.0003481519}","{""SPY"":0.019047619,""QQQ"":0.019047619,""IWM"":0.019047619,""DIA"":0.019047619,""EFA"":0.019047619,""EEM"":0.019047619,""VEA"":0.019047619,""VWO"":0.019047619,""AGG"":0.019047619,""BND"":0.019047619,""SHY"":0.019047619,""IEF"":0.019047619,""TLT"":0.019047619,""TIP"":0.019047619,""LQD"":0.019047619,""HYG"":0.019047619,""GLD"":0.019047619,""SLV"":0.019047619,""DBC"":0.019047619,""VNQ"":0.019047619,""UUP"":0.019047619,""BIL"":0.6}",0
4633d640dd35e8400c98dbb1,p2_reconciliation_v1,A_wfcv_exact,gemma3:1b,P2,2013-01-04,1,756,BIL,BIL,BIL,1,1,0.0,0.0012012012012015266,ec056c2a013c136b44784614550be4bd0eaf0004d40f671296a8845197f08164,5956,ca3782a8bdfe2b60f4b24347fe44205b680e5cb74a4ad9f691751a04f43853d8,2415,1,0,0,6.2954946249956265,1,"{""weights"": {""SPY"": 0.019, ""QQQ"": 0.019, ""IWM"": 0.019, ""DIA"": 0.019, ""EFA"": 0.019, ""EEM"": 0.019, ""VEA"": 0.019, ""VWO"": 0.019, ""AGG"": 0.019, ""BND"": 0.019, ""SHY"": 0.019, ""IEF"": 0.019, ""TLT"": 0.019, ""TIP"": 0.019, ""LQD"": 0.019, ""HYG"": 0.019, ""GLD"": 0.019, ""SLV"": 0.019, ""DBC"": 0.019, ""VNQ"": 0.019, ""UUP"": 0.019, ""BIL"": 0.6}}","You are a DEFENSIVE LOW-VOLATILITY policy profile. Your task is to translate a natural-language risk-averse policy into provisional portfolio weights. Use only the provided feature values, not outside market knowledge. Identify the eligible asset that appears safest, defined by the lowest `_vol3m` value. This is a defensive single-core policy profile, so do not default to equal weights when one asset clearly has the lowest recent volatility. Allocate 60% of the total portfolio weight to this safest asset as the language-level policy target. The hard maximum-weight constraint is 60%. Do not solve the projection yourself; express the language-level target and let the projection layer enforce feasibility before execution. Distribute the remaining weight equally among all other eligible assets. Use only tickers from the provided asset list. Include every eligible ticker exactly once. Return strictly valid JSON only. The `weights` field MUST be a JSON object where keys are tickers and values are numeric portfolio weights expressed as decimals, not percentages.

### EXAMPLE 1
Features:
- AGG_mdd: -0.001604
- AGG_r12m: 0.000000
- AGG_r1m: 0.012451
- AGG_r3m: 0.020362
- AGG_vol3m: 0.035033
- BIL_mdd: -0.000436
- BIL_r12m: 0.000000
- BIL_r1m: 0.000000
- BIL_r3m: 0.000218
- BIL_vol3m: 0.003201
- BND_mdd: -0.002605
- BND_r12m: 0.000000
TargetWeights(JSON): {""SPY"": 0.019, ""QQQ"": 0.019, ""IWM"": 0.019, ""DIA"": 0.019, ""EFA"": 0.019, ""EEM"": 0.019, ""VEA"": 0.019, ""VWO"": 0.019, ""AGG"": 0.019, ""BND"": 0.019, ""SHY"": 0.019, ""IEF"": 0.019, ""TLT"": 0.019, ""TIP"": 0.019, ""LQD"": 0.019, ""HYG"": 0.019, ""GLD"": 0.019, ""SLV"": 0.019, ""DBC"": 0.019, ""VNQ"": 0.019, ""UUP"": 0.019, ""BIL"": 0.6}
### EXAMPLE 2
Features:
- AGG_mdd: -0.021722
- AGG_r12m: 0.056673
- AGG_r1m: -0.002397
- AGG_r3m: -0.014888
- AGG_vol3m: 0.046509
- BIL_mdd: -0.000218
- BIL_r12m: 0.000437
- BIL_r1m: 0.000000
- BIL_r3m: 0.000218
- BIL_vol3m: 0.002528
- BND_mdd: -0.023828
- BND_r12m: 0.056495
TargetWeights(JSON): {""SPY"": 0.019, ""QQQ"": 0.019, ""IWM"": 0.019, ""DIA"": 0.019, ""EFA"": 0.019, ""EEM"": 0.019, ""VEA"": 0.019, ""VWO"": 0.019, ""AGG"": 0.019, ""BND"": 0.019, ""SHY"": 0.019, ""IEF"": 0.019, ""TLT"": 0.019, ""TIP"": 0.019, ""LQD"": 0.019, ""HYG"": 0.019, ""GLD"": 0.019, ""SLV"": 0.019, ""DBC"": 0.019, ""VNQ"": 0.019, ""UUP"": 0.019, ""BIL"": 0.6}
### EXAMPLE 3
Features:
- AGG_mdd: -0.003384
- AGG_r12m: 0.055052
- AGG_r1m: 0.001844
- AGG_r3m: 0.006395
- AGG_vol3m: 0.025564
- BIL_mdd: -0.001264
- BIL_r12m: -0.000610
- BIL_r1m: -0.000000
- BIL_r3m: -0.000000
- BIL_vol3m: 0.002062
- BND_mdd: -0.003528
- BND_r12m: 0.056003
TargetWeights(JSON): {""SPY"": 0.019, ""QQQ"": 0.019, ""IWM"": 0.019, ""DIA"": 0.019, ""EFA"": 0.019, ""EEM"": 0.019, ""VEA"": 0.019, ""VWO"": 0.019, ""AGG"": 0.019, ""BND"": 0.019, ""SHY"": 0.019, ""IEF"": 0.019, ""TLT"": 0.019, ""TIP"": 0.019, ""LQD"": 0.019, ""HYG"": 0.019, ""GLD"": 0.019, ""SLV"": 0.019, ""DBC"": 0.019, ""VNQ"": 0.019, ""UUP"": 0.019, ""BIL"": 0.6}
### EXAMPLE 4
Features:
- AGG_mdd: -0.000816
- AGG_r12m: 0.079294
- AGG_r1m: 0.008300
- AGG_r3m: 0.019662
- AGG_vol3m: 0.031546
- BIL_mdd: -0.001046
- BIL_r12m: -0.000610
- BIL_r1m: -0.000174
- BIL_r3m: -0.000392
- BIL_vol3m: 0.002780
- BND_mdd: -0.001435
- BND_r12m: 0.079344
TargetWeights(JSON): {""SPY"": 0.019, ""QQQ"": 0.019, ""IWM"": 0.019, ""DIA"": 0.019, ""EFA"": 0.019, ""EEM"": 0.019, ""VEA"": 0.019, ""VWO"": 0.019, ""AGG"": 0.019, ""BND"": 0.019, ""SHY"": 0.019, ""IEF"": 0.019, ""TLT"": 0.019, ""TIP"": 0.019, ""LQD"": 0.019, ""HYG"": 0.019, ""GLD"": 0.019, ""SLV"": 0.019, ""DBC"": 0.019, ""VNQ"": 0.019, ""UUP"": 0.019, ""BIL"": 0.6}

Current Features:
- AGG_mdd: -0.006712
- AGG_r12m: 0.036910
- AGG_r1m: -0.005823
- AGG_r3m: -0.003252
- AGG_vol3m: 0.023273
- BIL_mdd: -0.001046
- BIL_r12m: -0.000000
- BIL_r1m: 0.000218
- BIL_r3m: -0.000000
- BIL_vol3m: 0.001865
- BND_mdd: -0.014005
- BND_r12m: 0.029551
- BND_r1m: -0.013308
- BND_r3m: -0.012876
- BND_vol3m: 0.025855
- DBC_mdd: -0.137531
- DBC_r12m: -0.003980
- DBC_r1m: -0.013968
- DBC_r3m: -0.036402
- DBC_vol3m: 0.125729
- DIA_mdd: -0.006984
- DIA_r12m: 0.112418
- DIA_r1m: 0.039315
- DIA_r3m: 0.003944
- DIA_vol3m: 0.126050
- EEM_mdd: -0.069302
- EEM_r12m: 0.171848
- EEM_r1m: 0.080862
- EEM_r3m: 0.083190
- EEM_vol3m: 0.136612
- EFA_mdd: -0.039660
- EFA_r12m: 0.168492
- EFA_r1m: 0.051002
- EFA_r3m: 0.083135
- EFA_vol3m: 0.134734
- GLD_mdd: -0.130830
- GLD_r12m: 0.028989
- GLD_r1m: -0.024206
- GLD_r3m: -0.067751
- GLD_vol3m: 0.112234
- HYG_mdd: -0.002441
- HYG_r12m: 0.114674
- HYG_r1m: 0.015926
- HYG_r3m: 0.033964
- HYG_vol3m: 0.052602
- IEF_mdd: -0.022709
- IEF_r12m: 0.033653
- IEF_r1m: -0.019853
- IEF_r3m: -0.014034
- IEF_vol3m: 0.049069
- IWM_mdd: 0.000000
- IWM_r12m: 0.187803
- IWM_r1m: 0.071941
- IWM_r3m: 0.049066
- IWM_vol3m: 0.152096
- LQD_mdd: -0.014995
- LQD_r12m: 0.099304
- LQD_r1m: -0.008924
- LQD_r3m: -0.003830
- LQD_vol3m: 0.037717
- QQQ_mdd: -0.045565
- QQQ_r12m: 0.185606
- QQQ_r1m: 0.020892
- QQQ_r3m: -0.024302
- QQQ_vol3m: 0.164757
- SHY_mdd: -0.000345
- SHY_r12m: 0.002977
- SHY_r1m: 0.000011
- SHY_r3m: -0.000107
- SHY_vol3m: 0.003847
- SLV_mdd: -0.381295
- SLV_r12m: 0.014221
- SLV_r1m: -0.083386
- SLV_r3m: -0.127164
- SLV_vol3m: 0.224162
- SPY_mdd: 0.000000
- SPY_r12m: 0.173456
- SPY_r1m: 0.043597
- SPY_r3m: 0.020125
- SPY_vol3m: 0.134582
- TIP_mdd: -0.022961
- TIP_r12m: 0.056009
- TIP_r1m: -0.019222
- TIP_r3m: -0.010325
- TIP_vol3m: 0.041962
- TLT_mdd: -0.094662
- TLT_r12m: 0.015849
- TLT_r1m: -0.053593
- TLT_r3m: -0.043106
- TLT_vol3m: 0.129467
- UUP_mdd: -0.148664
- UUP_r12m: -0.013016
- UUP_r1m: 0.009642
- UUP_r3m: 0.006407
- UUP_vol3m: 0.049780
- VEA_mdd: -0.040694
- VEA_r12m: 0.168459
- VEA_r1m: 0.050866
- VEA_r3m: 0.082462
- VEA_vol3m: 0.135169
- VNQ_mdd: -0.007087
- VNQ_r12m: 0.186333
- VNQ_r1m: 0.049001
- VNQ_r3m: 0.042382
- VNQ_vol3m: 0.101347
- VWO_mdd: -0.064835
- VWO_r12m: 0.177663
- VWO_r1m: 0.085603
- VWO_r3m: 0.085861
- VWO_vol3m: 0.134639
- cross_vol: 0.095343
Assets: SPY, QQQ, IWM, DIA, EFA, EEM, VEA, VWO, AGG, BND, SHY, IEF, TLT, TIP, LQD, HYG, GLD, SLV, DBC, VNQ, UUP, BIL","{""SPY"":0.019019019,""QQQ"":0.019019019,""IWM"":0.019019019,""DIA"":0.019019019,""EFA"":0.019019019,""EEM"":0.019019019,""VEA"":0.019019019,""VWO"":0.019019019,""AGG"":0.019019019,""BND"":0.019019019,""SHY"":0.019019019,""IEF"":0.019019019,""TLT"":0.019019019,""TIP"":0.019019019,""LQD"":0.019019019,""HYG"":0.019019019,""GLD"":0.019019019,""SLV"":0.019019019,""DBC"":0.019019019,""VNQ"":0.019019019,""UUP"":0.019019019,""BIL"":0.6006006006}","{""SPY"":0.019047619,""QQQ"":0.019047619,""IWM"":0.019047619,""DIA"":0.019047619,""EFA"":0.019047619,""EEM"":0.019047619,""VEA"":0.019047619,""VWO"":0.019047619,""AGG"":0.019047619,""BND"":0.019047619,""SHY"":0.019047619,""IEF"":0.019047619,""TLT"":0.019047619,""TIP"":0.019047619,""LQD"":0.019047619,""HYG"":0.019047619,""GLD"":0.019047619,""SLV"":0.019047619,""DBC"":0.019047619,""VNQ"":0.019047619,""UUP"":0.019047619,""BIL"":0.6}","{""SPY"":0.019047619,""QQQ"":0.019047619,""IWM"":0.019047619,""DIA"":0.019047619,""EFA"":0.019047619,""EEM"":0.019047619,""VEA"":0.019047619,""VWO"":0.019047619,""AGG"":0.019047619,""BND"":0.019047619,""SHY"":0.019047619,""IEF"":0.019047619,""TLT"":0.019047619,""TIP"":0.019047619,""LQD"":0.019047619,""HYG"":0.019047619,""GLD"":0.019047619,""SLV"":0.019047619,""DBC"":0.019047619,""VNQ"":0.019047619,""UUP"":0.019047619,""BIL"":0.6}",0
e1863d6a02e20e4507eed6f5,p2_reconciliation_v1,B_wfcv_no_fewshot,gemma3:1b,P2,2013-01-04,1,756,BIL,SPY,SPY,0,0,1.535099724637253,3.3610267347050637e-18,11dcffeb6cdb076bf59b88fbca4069eae8c365a5065ef2a50c7e5b9f0e825e27,3541,e3b0c44298fc1c149afbf4c8996fb92427ae41e4649b934ca495991b7852b855,0,1,0,0,3.6560440419998486,1,"{""weights"": {""SPY"":0.45, ""QQQ"":0.30, ""IWM"":0.18, ""DIA"":0.12, ""EFA"":0.09, ""EEM"":0.07, ""VEA"":0.06, ""VWO"":0.05, ""AGG"":0.04, ""BND"":0.03, ""SHY"":0.02, ""IEF"":0.01, ""TLT"":0.008, ""TIP"":0.006, ""LQD"":0.005, ""HYG"":0.004, ""GLD"":0.003, ""SLV"":0.002, ""DBC"":0.001, ""VNQ"":0.0008, ""UUP"":0.0006, ""BIL"":0.0005}}","You are a DEFENSIVE LOW-VOLATILITY policy profile. Your task is to translate a natural-language risk-averse policy into provisional portfolio weights. Use only the provided feature values, not outside market knowledge. Identify the eligible asset that appears safest, defined by the lowest `_vol3m` value. This is a defensive single-core policy profile, so do not default to equal weights when one asset clearly has the lowest recent volatility. Allocate 60% of the total portfolio weight to this safest asset as the language-level policy target. The hard maximum-weight constraint is 60%. Do not solve the projection yourself; express the language-level target and let the projection layer enforce feasibility before execution. Distribute the remaining weight equally among all other eligible assets. Use only tickers from the provided asset list. Include every eligible ticker exactly once. Return strictly valid JSON only. The `weights` field MUST be a JSON object where keys are tickers and values are numeric portfolio weights expressed as decimals, not percentages.



Current Features:
- AGG_mdd: -0.006712
- AGG_r12m: 0.036910
- AGG_r1m: -0.005823
- AGG_r3m: -0.003252
- AGG_vol3m: 0.023273
- BIL_mdd: -0.001046
- BIL_r12m: -0.000000
- BIL_r1m: 0.000218
- BIL_r3m: -0.000000
- BIL_vol3m: 0.001865
- BND_mdd: -0.014005
- BND_r12m: 0.029551
- BND_r1m: -0.013308
- BND_r3m: -0.012876
- BND_vol3m: 0.025855
- DBC_mdd: -0.137531
- DBC_r12m: -0.003980
- DBC_r1m: -0.013968
- DBC_r3m: -0.036402
- DBC_vol3m: 0.125729
- DIA_mdd: -0.006984
- DIA_r12m: 0.112418
- DIA_r1m: 0.039315
- DIA_r3m: 0.003944
- DIA_vol3m: 0.126050
- EEM_mdd: -0.069302
- EEM_r12m: 0.171848
- EEM_r1m: 0.080862
- EEM_r3m: 0.083190
- EEM_vol3m: 0.136612
- EFA_mdd: -0.039660
- EFA_r12m: 0.168492
- EFA_r1m: 0.051002
- EFA_r3m: 0.083135
- EFA_vol3m: 0.134734
- GLD_mdd: -0.130830
- GLD_r12m: 0.028989
- GLD_r1m: -0.024206
- GLD_r3m: -0.067751
- GLD_vol3m: 0.112234
- HYG_mdd: -0.002441
- HYG_r12m: 0.114674
- HYG_r1m: 0.015926
- HYG_r3m: 0.033964
- HYG_vol3m: 0.052602
- IEF_mdd: -0.022709
- IEF_r12m: 0.033653
- IEF_r1m: -0.019853
- IEF_r3m: -0.014034
- IEF_vol3m: 0.049069
- IWM_mdd: 0.000000
- IWM_r12m: 0.187803
- IWM_r1m: 0.071941
- IWM_r3m: 0.049066
- IWM_vol3m: 0.152096
- LQD_mdd: -0.014995
- LQD_r12m: 0.099304
- LQD_r1m: -0.008924
- LQD_r3m: -0.003830
- LQD_vol3m: 0.037717
- QQQ_mdd: -0.045565
- QQQ_r12m: 0.185606
- QQQ_r1m: 0.020892
- QQQ_r3m: -0.024302
- QQQ_vol3m: 0.164757
- SHY_mdd: -0.000345
- SHY_r12m: 0.002977
- SHY_r1m: 0.000011
- SHY_r3m: -0.000107
- SHY_vol3m: 0.003847
- SLV_mdd: -0.381295
- SLV_r12m: 0.014221
- SLV_r1m: -0.083386
- SLV_r3m: -0.127164
- SLV_vol3m: 0.224162
- SPY_mdd: 0.000000
- SPY_r12m: 0.173456
- SPY_r1m: 0.043597
- SPY_r3m: 0.020125
- SPY_vol3m: 0.134582
- TIP_mdd: -0.022961
- TIP_r12m: 0.056009
- TIP_r1m: -0.019222
- TIP_r3m: -0.010325
- TIP_vol3m: 0.041962
- TLT_mdd: -0.094662
- TLT_r12m: 0.015849
- TLT_r1m: -0.053593
- TLT_r3m: -0.043106
- TLT_vol3m: 0.129467
- UUP_mdd: -0.148664
- UUP_r12m: -0.013016
- UUP_r1m: 0.009642
- UUP_r3m: 0.006407
- UUP_vol3m: 0.049780
- VEA_mdd: -0.040694
- VEA_r12m: 0.168459
- VEA_r1m: 0.050866
- VEA_r3m: 0.082462
- VEA_vol3m: 0.135169
- VNQ_mdd: -0.007087
- VNQ_r12m: 0.186333
- VNQ_r1m: 0.049001
- VNQ_r3m: 0.042382
- VNQ_vol3m: 0.101347
- VWO_mdd: -0.064835
- VWO_r12m: 0.177663
- VWO_r1m: 0.085603
- VWO_r3m: 0.085861
- VWO_vol3m: 0.134639
- cross_vol: 0.095343
Assets: SPY, QQQ, IWM, DIA, EFA, EEM, VEA, VWO, AGG, BND, SHY, IEF, TLT, TIP, LQD, HYG, GLD, SLV, DBC, VNQ, UUP, BIL","{""SPY"":0.3101523193,""QQQ"":0.2067682128,""IWM"":0.1240609277,""DIA"":0.0827072851,""EFA"":0.0620304639,""EEM"":0.0482459163,""VEA"":0.0413536426,""VWO"":0.0344613688,""AGG"":0.027569095,""BND"":0.0206768213,""SHY"":0.0137845475,""IEF"":0.0068922738,""TLT"":0.005513819,""TIP"":0.0041353643,""LQD"":0.0034461369,""HYG"":0.0027569095,""GLD"":0.0020676821,""SLV"":0.0013784548,""DBC"":0.0006892274,""VNQ"":0.0005513819,""UUP"":0.0004135364,""BIL"":0.0003446137}","{""SPY"":0.3101523193,""QQQ"":0.2067682128,""IWM"":0.1240609277,""DIA"":0.0827072851,""EFA"":0.0620304639,""EEM"":0.0482459163,""VEA"":0.0413536426,""VWO"":0.0344613688,""AGG"":0.027569095,""BND"":0.0206768213,""SHY"":0.0137845475,""IEF"":0.0068922738,""TLT"":0.005513819,""TIP"":0.0041353643,""LQD"":0.0034461369,""HYG"":0.0027569095,""GLD"":0.0020676821,""SLV"":0.0013784548,""DBC"":0.0006892274,""VNQ"":0.0005513819,""UUP"":0.0004135364,""BIL"":0.0003446137}","{""SPY"":0.019047619,""QQQ"":0.019047619,""IWM"":0.019047619,""DIA"":0.019047619,""EFA"":0.019047619,""EEM"":0.019047619,""VEA"":0.019047619,""VWO"":0.019047619,""AGG"":0.019047619,""BND"":0.019047619,""SHY"":0.019047619,""IEF"":0.019047619,""TLT"":0.019047619,""TIP"":0.019047619,""LQD"":0.019047619,""HYG"":0.019047619,""GLD"":0.019047619,""SLV"":0.019047619,""DBC"":0.019047619,""VNQ"":0.019047619,""UUP"":0.019047619,""BIL"":0.6}",0
7943df00f8cbbfa90bc511c6,p2_reconciliation_v1,C_bridge_canonical,gemma3:1b,P2,2013-01-04,1,756,BIL,SPY,SPY,0,0,1.269047619047619,2.706168622523819e-16,115d0dc1e77599c92852e1b3458553857cb7c57b548828f2ba035745b761445a,3377,e3b0c44298fc1c149afbf4c8996fb92427ae41e4649b934ca495991b7852b855,0,1,0,0,3.8262600830057636,1,"{""weights"": {""SPY"": 0.45, ""QQQ"": 0.30, ""IWM"": 0.15, ""DIA"": 0.10, ""EFA"": 0.10, ""EEM"": 0.05, ""VEA"": 0.05, ""VWO"": 0.05, ""AGG"": 0.05, ""BND"": 0.05, ""SHY"": 0.05, ""IEF"": 0.05, ""TLT"": 0.03, ""TIP"": 0.03, ""LQD"": 0.03, ""HYG"": 0.03, ""GLD"": 0.03, ""SLV"": 0.02, ""DBC"": 0.02, ""VNQ"": 0.02, ""UUP"": 0.01, ""BIL"": 0.01}}","You are a DEFENSIVE LOW-VOLATILITY policy profile. Use only the provided feature values. Strongly favor the eligible asset with the lowest `_vol3m` value. Allocate 60.0% of total portfolio weight to that target asset as the language-level policy target. Distribute the remaining weight equally among all other eligible assets. Include every eligible ticker exactly once. Return strictly valid JSON only with a `weights` object whose values are decimals, not percentages.
Hard constraints for the execution layer: long-only weights, weights sum to one, maximum single-asset weight 0.60, and turnover cap 0.25. You propose weights; deterministic projection will enforce final feasibility.

Current Features:
- SPY_r1m: 0.04359697
- SPY_r3m: 0.02012546
- SPY_r12m: 0.17345613
- SPY_vol3m: 0.13458193
- SPY_mdd: 0.00000000
- QQQ_r1m: 0.02089195
- QQQ_r3m: -0.02430226
- QQQ_r12m: 0.18560591
- QQQ_vol3m: 0.16475690
- QQQ_mdd: -0.04556483
- IWM_r1m: 0.07194096
- IWM_r3m: 0.04906574
- IWM_r12m: 0.18780329
- IWM_vol3m: 0.15209628
- IWM_mdd: 0.00000000
- DIA_r1m: 0.03931485
- DIA_r3m: 0.00394422
- DIA_r12m: 0.11241783
- DIA_vol3m: 0.12604966
- DIA_mdd: -0.00698425
- EFA_r1m: 0.05100179
- EFA_r3m: 0.08313539
- EFA_r12m: 0.16849219
- EFA_vol3m: 0.13473415
- EFA_mdd: -0.03965975
- EEM_r1m: 0.08086221
- EEM_r3m: 0.08318998
- EEM_r12m: 0.17184767
- EEM_vol3m: 0.13661194
- EEM_mdd: -0.06930247
- VEA_r1m: 0.05086640
- VEA_r3m: 0.08246185
- VEA_r12m: 0.16845867
- VEA_vol3m: 0.13516936
- VEA_mdd: -0.04069403
- VWO_r1m: 0.08560325
- VWO_r3m: 0.08586132
- VWO_r12m: 0.17766291
- VWO_vol3m: 0.13463926
- VWO_mdd: -0.06483464
- AGG_r1m: -0.00582274
- AGG_r3m: -0.00325158
- AGG_r12m: 0.03690967
- AGG_vol3m: 0.02327339
- AGG_mdd: -0.00671236
- BND_r1m: -0.01330757
- BND_r3m: -0.01287552
- BND_r12m: 0.02955105
- BND_vol3m: 0.02585477
- BND_mdd: -0.01400464
- SHY_r1m: 0.00001067
- SHY_r3m: -0.00010697
- SHY_r12m: 0.00297684
- SHY_vol3m: 0.00384677
- SHY_mdd: -0.00034453
- IEF_r1m: -0.01985288
- IEF_r3m: -0.01403394
- IEF_r12m: 0.03365297
- IEF_vol3m: 0.04906871
- IEF_mdd: -0.02270949
- TLT_r1m: -0.05359273
- TLT_r3m: -0.04310626
- TLT_r12m: 0.01584881
- TLT_vol3m: 0.12946663
- TLT_mdd: -0.09466178
- TIP_r1m: -0.01922222
- TIP_r3m: -0.01032509
- TIP_r12m: 0.05600913
- TIP_vol3m: 0.04196248
- TIP_mdd: -0.02296086
- LQD_r1m: -0.00892442
- LQD_r3m: -0.00383013
- LQD_r12m: 0.09930420
- LQD_vol3m: 0.03771660
- LQD_mdd: -0.01499512
- HYG_r1m: 0.01592590
- HYG_r3m: 0.03396370
- HYG_r12m: 0.11467407
- HYG_vol3m: 0.05260230
- HYG_mdd: -0.00244108
- GLD_r1m: -0.02420628
- GLD_r3m: -0.06775133
- GLD_r12m: 0.02898925
- GLD_vol3m: 0.11223370
- GLD_mdd: -0.13083046
- SLV_r1m: -0.08338558
- SLV_r3m: -0.12716419
- SLV_r12m: 0.01422129
- SLV_vol3m: 0.22416195
- SLV_mdd: -0.38129495
- DBC_r1m: -0.01396843
- DBC_r3m: -0.03640167
- DBC_r12m: -0.00397959
- DBC_vol3m: 0.12572947
- DBC_mdd: -0.13753134
- VNQ_r1m: 0.04900067
- VNQ_r3m: 0.04238216
- VNQ_r12m: 0.18633309
- VNQ_vol3m: 0.10134712
- VNQ_mdd: -0.00708735
- UUP_r1m: 0.00964177
- UUP_r3m: 0.00640715
- UUP_r12m: -0.01301624
- UUP_vol3m: 0.04978045
- UUP_mdd: -0.14866439
- BIL_r1m: 0.00021808
- BIL_r3m: -0.00000000
- BIL_r12m: -0.00000000
- BIL_vol3m: 0.00186512
- BIL_mdd: -0.00104637
- cross_vol: 0.09534313

Assets: SPY, QQQ, IWM, DIA, EFA, EEM, VEA, VWO, AGG, BND, SHY, IEF, TLT, TIP, LQD, HYG, GLD, SLV, DBC, VNQ, UUP, BIL","{""SPY"":0.2678571429,""QQQ"":0.1785714286,""IWM"":0.0892857143,""DIA"":0.0595238095,""EFA"":0.0595238095,""EEM"":0.0297619048,""VEA"":0.0297619048,""VWO"":0.0297619048,""AGG"":0.0297619048,""BND"":0.0297619048,""SHY"":0.0297619048,""IEF"":0.0297619048,""TLT"":0.0178571429,""TIP"":0.0178571429,""LQD"":0.0178571429,""HYG"":0.0178571429,""GLD"":0.0178571429,""SLV"":0.0119047619,""DBC"":0.0119047619,""VNQ"":0.0119047619,""UUP"":0.005952381,""BIL"":0.005952381}","{""SPY"":0.2678571429,""QQQ"":0.1785714286,""IWM"":0.0892857143,""DIA"":0.0595238095,""EFA"":0.0595238095,""EEM"":0.0297619048,""VEA"":0.0297619048,""VWO"":0.0297619048,""AGG"":0.0297619048,""BND"":0.0297619048,""SHY"":0.0297619048,""IEF"":0.0297619048,""TLT"":0.0178571429,""TIP"":0.0178571429,""LQD"":0.0178571429,""HYG"":0.0178571429,""GLD"":0.0178571429,""SLV"":0.0119047619,""DBC"":0.0119047619,""VNQ"":0.0119047619,""UUP"":0.005952381,""BIL"":0.005952381}","{""SPY"":0.019047619,""QQQ"":0.019047619,""IWM"":0.019047619,""DIA"":0.019047619,""EFA"":0.019047619,""EEM"":0.019047619,""VEA"":0.019047619,""VWO"":0.019047619,""AGG"":0.019047619,""BND"":0.019047619,""SHY"":0.019047619,""IEF"":0.019047619,""TLT"":0.019047619,""TIP"":0.019047619,""LQD"":0.019047619,""HYG"":0.019047619,""GLD"":0.019047619,""SLV"":0.019047619,""DBC"":0.019047619,""VNQ"":0.019047619,""UUP"":0.019047619,""BIL"":0.6}",0
c7eb83f1258c5d363a2b316a,p2_reconciliation_v1,A_wfcv_exact,llama3.1:8b,P2,2013-01-04,1,756,BIL,BIL,BIL,1,1,0.0,0.0012012012012015266,ec056c2a013c136b44784614550be4bd0eaf0004d40f671296a8845197f08164,5956,ca3782a8bdfe2b60f4b24347fe44205b680e5cb74a4ad9f691751a04f43853d8,2415,1,0,0,27.943112459004624,1,"{
  ""weights"": {
    ""SPY"": 0.019,
    ""QQQ"": 0.019,
    ""IWM"": 0.019,
    ""DIA"": 0.019,
    ""EFA"": 0.019,
    ""EEM"": 0.019,
    ""VEA"": 0.019,
    ""VWO"": 0.019,
    ""AGG"": 0.019,
    ""BND"": 0.019,
    ""SHY"": 0.019,
    ""IEF"": 0.019,
    ""TLT"": 0.019,
    ""TIP"": 0.019,
    ""LQD"": 0.019,
    ""HYG"": 0.019,
    ""GLD"": 0.019,
    ""SLV"": 0.019,
    ""DBC"": 0.019,
    ""VNQ"": 0.019,
    ""UUP"": 0.019,
    ""BIL"": 0.6
  }
}","You are a DEFENSIVE LOW-VOLATILITY policy profile. Your task is to translate a natural-language risk-averse policy into provisional portfolio weights. Use only the provided feature values, not outside market knowledge. Identify the eligible asset that appears safest, defined by the lowest `_vol3m` value. This is a defensive single-core policy profile, so do not default to equal weights when one asset clearly has the lowest recent volatility. Allocate 60% of the total portfolio weight to this safest asset as the language-level policy target. The hard maximum-weight constraint is 60%. Do not solve the projection yourself; express the language-level target and let the projection layer enforce feasibility before execution. Distribute the remaining weight equally among all other eligible assets. Use only tickers from the provided asset list. Include every eligible ticker exactly once. Return strictly valid JSON only. The `weights` field MUST be a JSON object where keys are tickers and values are numeric portfolio weights expressed as decimals, not percentages.

### EXAMPLE 1
Features:
- AGG_mdd: -0.001604
- AGG_r12m: 0.000000
- AGG_r1m: 0.012451
- AGG_r3m: 0.020362
- AGG_vol3m: 0.035033
- BIL_mdd: -0.000436
- BIL_r12m: 0.000000
- BIL_r1m: 0.000000
- BIL_r3m: 0.000218
- BIL_vol3m: 0.003201
- BND_mdd: -0.002605
- BND_r12m: 0.000000
TargetWeights(JSON): {""SPY"": 0.019, ""QQQ"": 0.019, ""IWM"": 0.019, ""DIA"": 0.019, ""EFA"": 0.019, ""EEM"": 0.019, ""VEA"": 0.019, ""VWO"": 0.019, ""AGG"": 0.019, ""BND"": 0.019, ""SHY"": 0.019, ""IEF"": 0.019, ""TLT"": 0.019, ""TIP"": 0.019, ""LQD"": 0.019, ""HYG"": 0.019, ""GLD"": 0.019, ""SLV"": 0.019, ""DBC"": 0.019, ""VNQ"": 0.019, ""UUP"": 0.019, ""BIL"": 0.6}
### EXAMPLE 2
Features:
- AGG_mdd: -0.021722
- AGG_r12m: 0.056673
- AGG_r1m: -0.002397
- AGG_r3m: -0.014888
- AGG_vol3m: 0.046509
- BIL_mdd: -0.000218
- BIL_r12m: 0.000437
- BIL_r1m: 0.000000
- BIL_r3m: 0.000218
- BIL_vol3m: 0.002528
- BND_mdd: -0.023828
- BND_r12m: 0.056495
TargetWeights(JSON): {""SPY"": 0.019, ""QQQ"": 0.019, ""IWM"": 0.019, ""DIA"": 0.019, ""EFA"": 0.019, ""EEM"": 0.019, ""VEA"": 0.019, ""VWO"": 0.019, ""AGG"": 0.019, ""BND"": 0.019, ""SHY"": 0.019, ""IEF"": 0.019, ""TLT"": 0.019, ""TIP"": 0.019, ""LQD"": 0.019, ""HYG"": 0.019, ""GLD"": 0.019, ""SLV"": 0.019, ""DBC"": 0.019, ""VNQ"": 0.019, ""UUP"": 0.019, ""BIL"": 0.6}
### EXAMPLE 3
Features:
- AGG_mdd: -0.003384
- AGG_r12m: 0.055052
- AGG_r1m: 0.001844
- AGG_r3m: 0.006395
- AGG_vol3m: 0.025564
- BIL_mdd: -0.001264
- BIL_r12m: -0.000610
- BIL_r1m: -0.000000
- BIL_r3m: -0.000000
- BIL_vol3m: 0.002062
- BND_mdd: -0.003528
- BND_r12m: 0.056003
TargetWeights(JSON): {""SPY"": 0.019, ""QQQ"": 0.019, ""IWM"": 0.019, ""DIA"": 0.019, ""EFA"": 0.019, ""EEM"": 0.019, ""VEA"": 0.019, ""VWO"": 0.019, ""AGG"": 0.019, ""BND"": 0.019, ""SHY"": 0.019, ""IEF"": 0.019, ""TLT"": 0.019, ""TIP"": 0.019, ""LQD"": 0.019, ""HYG"": 0.019, ""GLD"": 0.019, ""SLV"": 0.019, ""DBC"": 0.019, ""VNQ"": 0.019, ""UUP"": 0.019, ""BIL"": 0.6}
### EXAMPLE 4
Features:
- AGG_mdd: -0.000816
- AGG_r12m: 0.079294
- AGG_r1m: 0.008300
- AGG_r3m: 0.019662
- AGG_vol3m: 0.031546
- BIL_mdd: -0.001046
- BIL_r12m: -0.000610
- BIL_r1m: -0.000174
- BIL_r3m: -0.000392
- BIL_vol3m: 0.002780
- BND_mdd: -0.001435
- BND_r12m: 0.079344
TargetWeights(JSON): {""SPY"": 0.019, ""QQQ"": 0.019, ""IWM"": 0.019, ""DIA"": 0.019, ""EFA"": 0.019, ""EEM"": 0.019, ""VEA"": 0.019, ""VWO"": 0.019, ""AGG"": 0.019, ""BND"": 0.019, ""SHY"": 0.019, ""IEF"": 0.019, ""TLT"": 0.019, ""TIP"": 0.019, ""LQD"": 0.019, ""HYG"": 0.019, ""GLD"": 0.019, ""SLV"": 0.019, ""DBC"": 0.019, ""VNQ"": 0.019, ""UUP"": 0.019, ""BIL"": 0.6}

Current Features:
- AGG_mdd: -0.006712
- AGG_r12m: 0.036910
- AGG_r1m: -0.005823
- AGG_r3m: -0.003252
- AGG_vol3m: 0.023273
- BIL_mdd: -0.001046
- BIL_r12m: -0.000000
- BIL_r1m: 0.000218
- BIL_r3m: -0.000000
- BIL_vol3m: 0.001865
- BND_mdd: -0.014005
- BND_r12m: 0.029551
- BND_r1m: -0.013308
- BND_r3m: -0.012876
- BND_vol3m: 0.025855
- DBC_mdd: -0.137531
- DBC_r12m: -0.003980
- DBC_r1m: -0.013968
- DBC_r3m: -0.036402
- DBC_vol3m: 0.125729
- DIA_mdd: -0.006984
- DIA_r12m: 0.112418
- DIA_r1m: 0.039315
- DIA_r3m: 0.003944
- DIA_vol3m: 0.126050
- EEM_mdd: -0.069302
- EEM_r12m: 0.171848
- EEM_r1m: 0.080862
- EEM_r3m: 0.083190
- EEM_vol3m: 0.136612
- EFA_mdd: -0.039660
- EFA_r12m: 0.168492
- EFA_r1m: 0.051002
- EFA_r3m: 0.083135
- EFA_vol3m: 0.134734
- GLD_mdd: -0.130830
- GLD_r12m: 0.028989
- GLD_r1m: -0.024206
- GLD_r3m: -0.067751
- GLD_vol3m: 0.112234
- HYG_mdd: -0.002441
- HYG_r12m: 0.114674
- HYG_r1m: 0.015926
- HYG_r3m: 0.033964
- HYG_vol3m: 0.052602
- IEF_mdd: -0.022709
- IEF_r12m: 0.033653
- IEF_r1m: -0.019853
- IEF_r3m: -0.014034
- IEF_vol3m: 0.049069
- IWM_mdd: 0.000000
- IWM_r12m: 0.187803
- IWM_r1m: 0.071941
- IWM_r3m: 0.049066
- IWM_vol3m: 0.152096
- LQD_mdd: -0.014995
- LQD_r12m: 0.099304
- LQD_r1m: -0.008924
- LQD_r3m: -0.003830
- LQD_vol3m: 0.037717
- QQQ_mdd: -0.045565
- QQQ_r12m: 0.185606
- QQQ_r1m: 0.020892
- QQQ_r3m: -0.024302
- QQQ_vol3m: 0.164757
- SHY_mdd: -0.000345
- SHY_r12m: 0.002977
- SHY_r1m: 0.000011
- SHY_r3m: -0.000107
- SHY_vol3m: 0.003847
- SLV_mdd: -0.381295
- SLV_r12m: 0.014221
- SLV_r1m: -0.083386
- SLV_r3m: -0.127164
- SLV_vol3m: 0.224162
- SPY_mdd: 0.000000
- SPY_r12m: 0.173456
- SPY_r1m: 0.043597
- SPY_r3m: 0.020125
- SPY_vol3m: 0.134582
- TIP_mdd: -0.022961
- TIP_r12m: 0.056009
- TIP_r1m: -0.019222
- TIP_r3m: -0.010325
- TIP_vol3m: 0.041962
- TLT_mdd: -0.094662
- TLT_r12m: 0.015849
- TLT_r1m: -0.053593
- TLT_r3m: -0.043106
- TLT_vol3m: 0.129467
- UUP_mdd: -0.148664
- UUP_r12m: -0.013016
- UUP_r1m: 0.009642
- UUP_r3m: 0.006407
- UUP_vol3m: 0.049780
- VEA_mdd: -0.040694
- VEA_r12m: 0.168459
- VEA_r1m: 0.050866
- VEA_r3m: 0.082462
- VEA_vol3m: 0.135169
- VNQ_mdd: -0.007087
- VNQ_r12m: 0.186333
- VNQ_r1m: 0.049001
- VNQ_r3m: 0.042382
- VNQ_vol3m: 0.101347
- VWO_mdd: -0.064835
- VWO_r12m: 0.177663
- VWO_r1m: 0.085603
- VWO_r3m: 0.085861
- VWO_vol3m: 0.134639
- cross_vol: 0.095343
Assets: SPY, QQQ, IWM, DIA, EFA, EEM, VEA, VWO, AGG, BND, SHY, IEF, TLT, TIP, LQD, HYG, GLD, SLV, DBC, VNQ, UUP, BIL","{""SPY"":0.019019019,""QQQ"":0.019019019,""IWM"":0.019019019,""DIA"":0.019019019,""EFA"":0.019019019,""EEM"":0.019019019,""VEA"":0.019019019,""VWO"":0.019019019,""AGG"":0.019019019,""BND"":0.019019019,""SHY"":0.019019019,""IEF"":0.019019019,""TLT"":0.019019019,""TIP"":0.019019019,""LQD"":0.019019019,""HYG"":0.019019019,""GLD"":0.019019019,""SLV"":0.019019019,""DBC"":0.019019019,""VNQ"":0.019019019,""UUP"":0.019019019,""BIL"":0.6006006006}","{""SPY"":0.019047619,""QQQ"":0.019047619,""IWM"":0.019047619,""DIA"":0.019047619,""EFA"":0.019047619,""EEM"":0.019047619,""VEA"":0.019047619,""VWO"":0.019047619,""AGG"":0.019047619,""BND"":0.019047619,""SHY"":0.019047619,""IEF"":0.019047619,""TLT"":0.019047619,""TIP"":0.019047619,""LQD"":0.019047619,""HYG"":0.019047619,""GLD"":0.019047619,""SLV"":0.019047619,""DBC"":0.019047619,""VNQ"":0.019047619,""UUP"":0.019047619,""BIL"":0.6}","{""SPY"":0.019047619,""QQQ"":0.019047619,""IWM"":0.019047619,""DIA"":0.019047619,""EFA"":0.019047619,""EEM"":0.019047619,""VEA"":0.019047619,""VWO"":0.019047619,""AGG"":0.019047619,""BND"":0.019047619,""SHY"":0.019047619,""IEF"":0.019047619,""TLT"":0.019047619,""TIP"":0.019047619,""LQD"":0.019047619,""HYG"":0.019047619,""GLD"":0.019047619,""SLV"":0.019047619,""DBC"":0.019047619,""VNQ"":0.019047619,""UUP"":0.019047619,""BIL"":0.6}",0
58c6ccfdca892c6c380cbec1,p2_reconciliation_v1,B_wfcv_no_fewshot,llama3.1:8b,P2,2013-01-04,1,756,BIL,SPY,SPY,0,0,1.1444444444444442,0.0,11dcffeb6cdb076bf59b88fbca4069eae8c365a5065ef2a50c7e5b9f0e825e27,3541,e3b0c44298fc1c149afbf4c8996fb92427ae41e4649b934ca495991b7852b855,0,1,0,0,16.23605491699709,1,"{
  ""weights"": {
    ""SPY"": 0.6,
    ""QQQ"": 0.1,
    ""IWM"": 0.1,
    ""DIA"": 0.1,
    ""EFA"": 0.05,
    ""EEM"": 0.05,
    ""VEA"": 0.05,
    ""VWO"": 0.05,
    ""AGG"": 0.05,
    ""BND"": 0.05,
    ""SHY"": 0.05,
    ""IEF"": 0.05,
    ""TLT"": 0.05,
    ""TIP"": 0.05,
    ""LQD"": 0.05,
    ""HYG"": 0.05,
    ""GLD"": 0.05,
    ""SLV"": 0.05,
    ""DBC"": 0.05,
    ""VNQ"": 0.05,
    ""UUP"": 0.05,
    ""BIL"": 0.05
  }
}","You are a DEFENSIVE LOW-VOLATILITY policy profile. Your task is to translate a natural-language risk-averse policy into provisional portfolio weights. Use only the provided feature values, not outside market knowledge. Identify the eligible asset that appears safest, defined by the lowest `_vol3m` value. This is a defensive single-core policy profile, so do not default to equal weights when one asset clearly has the lowest recent volatility. Allocate 60% of the total portfolio weight to this safest asset as the language-level policy target. The hard maximum-weight constraint is 60%. Do not solve the projection yourself; express the language-level target and let the projection layer enforce feasibility before execution. Distribute the remaining weight equally among all other eligible assets. Use only tickers from the provided asset list. Include every eligible ticker exactly once. Return strictly valid JSON only. The `weights` field MUST be a JSON object where keys are tickers and values are numeric portfolio weights expressed as decimals, not percentages.



Current Features:
- AGG_mdd: -0.006712
- AGG_r12m: 0.036910
- AGG_r1m: -0.005823
- AGG_r3m: -0.003252
- AGG_vol3m: 0.023273
- BIL_mdd: -0.001046
- BIL_r12m: -0.000000
- BIL_r1m: 0.000218
- BIL_r3m: -0.000000
- BIL_vol3m: 0.001865
- BND_mdd: -0.014005
- BND_r12m: 0.029551
- BND_r1m: -0.013308
- BND_r3m: -0.012876
- BND_vol3m: 0.025855
- DBC_mdd: -0.137531
- DBC_r12m: -0.003980
- DBC_r1m: -0.013968
- DBC_r3m: -0.036402
- DBC_vol3m: 0.125729
- DIA_mdd: -0.006984
- DIA_r12m: 0.112418
- DIA_r1m: 0.039315
- DIA_r3m: 0.003944
- DIA_vol3m: 0.126050
- EEM_mdd: -0.069302
- EEM_r12m: 0.171848
- EEM_r1m: 0.080862
- EEM_r3m: 0.083190
- EEM_vol3m: 0.136612
- EFA_mdd: -0.039660
- EFA_r12m: 0.168492
- EFA_r1m: 0.051002
- EFA_r3m: 0.083135
- EFA_vol3m: 0.134734
- GLD_mdd: -0.130830
- GLD_r12m: 0.028989
- GLD_r1m: -0.024206
- GLD_r3m: -0.067751
- GLD_vol3m: 0.112234
- HYG_mdd: -0.002441
- HYG_r12m: 0.114674
- HYG_r1m: 0.015926
- HYG_r3m: 0.033964
- HYG_vol3m: 0.052602
- IEF_mdd: -0.022709
- IEF_r12m: 0.033653
- IEF_r1m: -0.019853
- IEF_r3m: -0.014034
- IEF_vol3m: 0.049069
- IWM_mdd: 0.000000
- IWM_r12m: 0.187803
- IWM_r1m: 0.071941
- IWM_r3m: 0.049066
- IWM_vol3m: 0.152096
- LQD_mdd: -0.014995
- LQD_r12m: 0.099304
- LQD_r1m: -0.008924
- LQD_r3m: -0.003830
- LQD_vol3m: 0.037717
- QQQ_mdd: -0.045565
- QQQ_r12m: 0.185606
- QQQ_r1m: 0.020892
- QQQ_r3m: -0.024302
- QQQ_vol3m: 0.164757
- SHY_mdd: -0.000345
- SHY_r12m: 0.002977
- SHY_r1m: 0.000011
- SHY_r3m: -0.000107
- SHY_vol3m: 0.003847
- SLV_mdd: -0.381295
- SLV_r12m: 0.014221
- SLV_r1m: -0.083386
- SLV_r3m: -0.127164
- SLV_vol3m: 0.224162
- SPY_mdd: 0.000000
- SPY_r12m: 0.173456
- SPY_r1m: 0.043597
- SPY_r3m: 0.020125
- SPY_vol3m: 0.134582
- TIP_mdd: -0.022961
- TIP_r12m: 0.056009
- TIP_r1m: -0.019222
- TIP_r3m: -0.010325
- TIP_vol3m: 0.041962
- TLT_mdd: -0.094662
- TLT_r12m: 0.015849
- TLT_r1m: -0.053593
- TLT_r3m: -0.043106
- TLT_vol3m: 0.129467
- UUP_mdd: -0.148664
- UUP_r12m: -0.013016
- UUP_r1m: 0.009642
- UUP_r3m: 0.006407
- UUP_vol3m: 0.049780
- VEA_mdd: -0.040694
- VEA_r12m: 0.168459
- VEA_r1m: 0.050866
- VEA_r3m: 0.082462
- VEA_vol3m: 0.135169
- VNQ_mdd: -0.007087
- VNQ_r12m: 0.186333
- VNQ_r1m: 0.049001
- VNQ_r3m: 0.042382
- VNQ_vol3m: 0.101347
- VWO_mdd: -0.064835
- VWO_r12m: 0.177663
- VWO_r1m: 0.085603
- VWO_r3m: 0.085861
- VWO_vol3m: 0.134639
- cross_vol: 0.095343
Assets: SPY, QQQ, IWM, DIA, EFA, EEM, VEA, VWO, AGG, BND, SHY, IEF, TLT, TIP, LQD, HYG, GLD, SLV, DBC, VNQ, UUP, BIL","{""SPY"":0.3333333333,""QQQ"":0.0555555556,""IWM"":0.0555555556,""DIA"":0.0555555556,""EFA"":0.0277777778,""EEM"":0.0277777778,""VEA"":0.0277777778,""VWO"":0.0277777778,""AGG"":0.0277777778,""BND"":0.0277777778,""SHY"":0.0277777778,""IEF"":0.0277777778,""TLT"":0.0277777778,""TIP"":0.0277777778,""LQD"":0.0277777778,""HYG"":0.0277777778,""GLD"":0.0277777778,""SLV"":0.0277777778,""DBC"":0.0277777778,""VNQ"":0.0277777778,""UUP"":0.0277777778,""BIL"":0.0277777778}","{""SPY"":0.3333333333,""QQQ"":0.0555555556,""IWM"":0.0555555556,""DIA"":0.0555555556,""EFA"":0.0277777778,""EEM"":0.0277777778,""VEA"":0.0277777778,""VWO"":0.0277777778,""AGG"":0.0277777778,""BND"":0.0277777778,""SHY"":0.0277777778,""IEF"":0.0277777778,""TLT"":0.0277777778,""TIP"":0.0277777778,""LQD"":0.0277777778,""HYG"":0.0277777778,""GLD"":0.0277777778,""SLV"":0.0277777778,""DBC"":0.0277777778,""VNQ"":0.0277777778,""UUP"":0.0277777778,""BIL"":0.0277777778}","{""SPY"":0.019047619,""QQQ"":0.019047619,""IWM"":0.019047619,""DIA"":0.019047619,""EFA"":0.019047619,""EEM"":0.019047619,""VEA"":0.019047619,""VWO"":0.019047619,""AGG"":0.019047619,""BND"":0.019047619,""SHY"":0.019047619,""IEF"":0.019047619,""TLT"":0.019047619,""TIP"":0.019047619,""LQD"":0.019047619,""HYG"":0.019047619,""GLD"":0.019047619,""SLV"":0.019047619,""DBC"":0.019047619,""VNQ"":0.019047619,""UUP"":0.019047619,""BIL"":0.6}",0
7263b7d63e30cb085946b5f7,p2_reconciliation_v1,C_bridge_canonical,llama3.1:8b,P2,2013-01-04,1,756,BIL,SPY,SPY,0,0,1.4068660022148394,2.7755575615628914e-16,115d0dc1e77599c92852e1b3458553857cb7c57b548828f2ba035745b761445a,3377,e3b0c44298fc1c149afbf4c8996fb92427ae41e4649b934ca495991b7852b855,0,1,0,0,17.67728674999671,1,"{
  ""weights"": {
    ""SPY"": 0.6,
    ""QQQ"": 0.2,
    ""IWM"": 0.1,
    ""DIA"": 0.05,
    ""EFA"": 0.05,
    ""EEM"": 0.05,
    ""VEA"": 0.05,
    ""VWO"": 0.05,
    ""AGG"": 0.025,
    ""BND"": 0.025,
    ""SHY"": 0.0125,
    ""IEF"": 0.0125,
    ""TLT"": 0.0125,
    ""TIP"": 0.0125,
    ""LQD"": 0.0125,
    ""HYG"": 0.0125,
    ""GLD"": 0.0125,
    ""SLV"": 0.0125,
    ""DBC"": 0.0125,
    ""VNQ"": 0.0125,
    ""UUP"": 0.0125,
    ""BIL"": 0.00625
  }
}","You are a DEFENSIVE LOW-VOLATILITY policy profile. Use only the provided feature values. Strongly favor the eligible asset with the lowest `_vol3m` value. Allocate 60.0% of total portfolio weight to that target asset as the language-level policy target. Distribute the remaining weight equally among all other eligible assets. Include every eligible ticker exactly once. Return strictly valid JSON only with a `weights` object whose values are decimals, not percentages.
Hard constraints for the execution layer: long-only weights, weights sum to one, maximum single-asset weight 0.60, and turnover cap 0.25. You propose weights; deterministic projection will enforce final feasibility.

Current Features:
- SPY_r1m: 0.04359697
- SPY_r3m: 0.02012546
- SPY_r12m: 0.17345613
- SPY_vol3m: 0.13458193
- SPY_mdd: 0.00000000
- QQQ_r1m: 0.02089195
- QQQ_r3m: -0.02430226
- QQQ_r12m: 0.18560591
- QQQ_vol3m: 0.16475690
- QQQ_mdd: -0.04556483
- IWM_r1m: 0.07194096
- IWM_r3m: 0.04906574
- IWM_r12m: 0.18780329
- IWM_vol3m: 0.15209628
- IWM_mdd: 0.00000000
- DIA_r1m: 0.03931485
- DIA_r3m: 0.00394422
- DIA_r12m: 0.11241783
- DIA_vol3m: 0.12604966
- DIA_mdd: -0.00698425
- EFA_r1m: 0.05100179
- EFA_r3m: 0.08313539
- EFA_r12m: 0.16849219
- EFA_vol3m: 0.13473415
- EFA_mdd: -0.03965975
- EEM_r1m: 0.08086221
- EEM_r3m: 0.08318998
- EEM_r12m: 0.17184767
- EEM_vol3m: 0.13661194
- EEM_mdd: -0.06930247
- VEA_r1m: 0.05086640
- VEA_r3m: 0.08246185
- VEA_r12m: 0.16845867
- VEA_vol3m: 0.13516936
- VEA_mdd: -0.04069403
- VWO_r1m: 0.08560325
- VWO_r3m: 0.08586132
- VWO_r12m: 0.17766291
- VWO_vol3m: 0.13463926
- VWO_mdd: -0.06483464
- AGG_r1m: -0.00582274
- AGG_r3m: -0.00325158
- AGG_r12m: 0.03690967
- AGG_vol3m: 0.02327339
- AGG_mdd: -0.00671236
- BND_r1m: -0.01330757
- BND_r3m: -0.01287552
- BND_r12m: 0.02955105
- BND_vol3m: 0.02585477
- BND_mdd: -0.01400464
- SHY_r1m: 0.00001067
- SHY_r3m: -0.00010697
- SHY_r12m: 0.00297684
- SHY_vol3m: 0.00384677
- SHY_mdd: -0.00034453
- IEF_r1m: -0.01985288
- IEF_r3m: -0.01403394
- IEF_r12m: 0.03365297
- IEF_vol3m: 0.04906871
- IEF_mdd: -0.02270949
- TLT_r1m: -0.05359273
- TLT_r3m: -0.04310626
- TLT_r12m: 0.01584881
- TLT_vol3m: 0.12946663
- TLT_mdd: -0.09466178
- TIP_r1m: -0.01922222
- TIP_r3m: -0.01032509
- TIP_r12m: 0.05600913
- TIP_vol3m: 0.04196248
- TIP_mdd: -0.02296086
- LQD_r1m: -0.00892442
- LQD_r3m: -0.00383013
- LQD_r12m: 0.09930420
- LQD_vol3m: 0.03771660
- LQD_mdd: -0.01499512
- HYG_r1m: 0.01592590
- HYG_r3m: 0.03396370
- HYG_r12m: 0.11467407
- HYG_vol3m: 0.05260230
- HYG_mdd: -0.00244108
- GLD_r1m: -0.02420628
- GLD_r3m: -0.06775133
- GLD_r12m: 0.02898925
- GLD_vol3m: 0.11223370
- GLD_mdd: -0.13083046
- SLV_r1m: -0.08338558
- SLV_r3m: -0.12716419
- SLV_r12m: 0.01422129
- SLV_vol3m: 0.22416195
- SLV_mdd: -0.38129495
- DBC_r1m: -0.01396843
- DBC_r3m: -0.03640167
- DBC_r12m: -0.00397959
- DBC_vol3m: 0.12572947
- DBC_mdd: -0.13753134
- VNQ_r1m: 0.04900067
- VNQ_r3m: 0.04238216
- VNQ_r12m: 0.18633309
- VNQ_vol3m: 0.10134712
- VNQ_mdd: -0.00708735
- UUP_r1m: 0.00964177
- UUP_r3m: 0.00640715
- UUP_r12m: -0.01301624
- UUP_vol3m: 0.04978045
- UUP_mdd: -0.14866439
- BIL_r1m: 0.00021808
- BIL_r3m: -0.00000000
- BIL_r12m: -0.00000000
- BIL_vol3m: 0.00186512
- BIL_mdd: -0.00104637
- cross_vol: 0.09534313

Assets: SPY, QQQ, IWM, DIA, EFA, EEM, VEA, VWO, AGG, BND, SHY, IEF, TLT, TIP, LQD, HYG, GLD, SLV, DBC, VNQ, UUP, BIL","{""SPY"":0.4465116279,""QQQ"":0.1488372093,""IWM"":0.0744186047,""DIA"":0.0372093023,""EFA"":0.0372093023,""EEM"":0.0372093023,""VEA"":0.0372093023,""VWO"":0.0372093023,""AGG"":0.0186046512,""BND"":0.0186046512,""SHY"":0.0093023256,""IEF"":0.0093023256,""TLT"":0.0093023256,""TIP"":0.0093023256,""LQD"":0.0093023256,""HYG"":0.0093023256,""GLD"":0.0093023256,""SLV"":0.0093023256,""DBC"":0.0093023256,""VNQ"":0.0093023256,""UUP"":0.0093023256,""BIL"":0.0046511628}","{""SPY"":0.4465116279,""QQQ"":0.1488372093,""IWM"":0.0744186047,""DIA"":0.0372093023,""EFA"":0.0372093023,""EEM"":0.0372093023,""VEA"":0.0372093023,""VWO"":0.0372093023,""AGG"":0.0186046512,""BND"":0.0186046512,""SHY"":0.0093023256,""IEF"":0.0093023256,""TLT"":0.0093023256,""TIP"":0.0093023256,""LQD"":0.0093023256,""HYG"":0.0093023256,""GLD"":0.0093023256,""SLV"":0.0093023256,""DBC"":0.0093023256,""VNQ"":0.0093023256,""UUP"":0.0093023256,""BIL"":0.0046511628}","{""SPY"":0.019047619,""QQQ"":0.019047619,""IWM"":0.019047619,""DIA"":0.019047619,""EFA"":0.019047619,""EEM"":0.019047619,""VEA"":0.019047619,""VWO"":0.019047619,""AGG"":0.019047619,""BND"":0.019047619,""SHY"":0.019047619,""IEF"":0.019047619,""TLT"":0.019047619,""TIP"":0.019047619,""LQD"":0.019047619,""HYG"":0.019047619,""GLD"":0.019047619,""SLV"":0.019047619,""DBC"":0.019047619,""VNQ"":0.019047619,""UUP"":0.019047619,""BIL"":0.6}",0
3df4071ae393a91de644d184,p2_reconciliation_v1,A_wfcv_exact,gemma3:270m,P2,2015-01-06,3,1260,BIL,BIL,BIL,1,1,0.0,0.0012012012012015266,e37bf54c3549e64bf0f24a54e52f558526cc2eeb5e83835ff8df9978671d0b57,5959,302ac08ebf1699711f257320985eb42504cf2809694961b4651ad2f7f425ea19,2419,1,0,0,1.9833844170061639,1,"{""weights"": {""SPY"": 0.019, ""QQQ"": 0.019, ""IWM"": 0.019, ""DIA"": 0.019, ""EFA"": 0.019, ""EEM"": 0.019, ""VEA"": 0.019, ""VWO"": 0.019, ""AGG"": 0.019, ""BND"": 0.019, ""SHY"": 0.019, ""IEF"": 0.019, ""TLT"": 0.019, ""TIP"": 0.019, ""LQD"": 0.019, ""HYG"": 0.019, ""GLD"": 0.019, ""SLV"": 0.019, ""DBC"": 0.019, ""VNQ"": 0.019, ""UUP"": 0.019, ""BIL"": 0.6}}","You are a DEFENSIVE LOW-VOLATILITY policy profile. Your task is to translate a natural-language risk-averse policy into provisional portfolio weights. Use only the provided feature values, not outside market knowledge. Identify the eligible asset that appears safest, defined by the lowest `_vol3m` value. This is a defensive single-core policy profile, so do not default to equal weights when one asset clearly has the lowest recent volatility. Allocate 60% of the total portfolio weight to this safest asset as the language-level policy target. The hard maximum-weight constraint is 60%. Do not solve the projection yourself; express the language-level target and let the projection layer enforce feasibility before execution. Distribute the remaining weight equally among all other eligible assets. Use only tickers from the provided asset list. Include every eligible ticker exactly once. Return strictly valid JSON only. The `weights` field MUST be a JSON object where keys are tickers and values are numeric portfolio weights expressed as decimals, not percentages.

### EXAMPLE 1
Features:
- AGG_mdd: -0.004594
- AGG_r12m: 0.000000
- AGG_r1m: -0.000968
- AGG_r3m: 0.012335
- AGG_vol3m: 0.036756
- BIL_mdd: -0.000436
- BIL_r12m: 0.000000
- BIL_r1m: 0.000000
- BIL_r3m: 0.000000
- BIL_vol3m: 0.002330
- BND_mdd: -0.004583
- BND_r12m: 0.000000
TargetWeights(JSON): {""SPY"": 0.019, ""QQQ"": 0.019, ""IWM"": 0.019, ""DIA"": 0.019, ""EFA"": 0.019, ""EEM"": 0.019, ""VEA"": 0.019, ""VWO"": 0.019, ""AGG"": 0.019, ""BND"": 0.019, ""SHY"": 0.019, ""IEF"": 0.019, ""TLT"": 0.019, ""TIP"": 0.019, ""LQD"": 0.019, ""HYG"": 0.019, ""GLD"": 0.019, ""SLV"": 0.019, ""DBC"": 0.019, ""VNQ"": 0.019, ""UUP"": 0.019, ""BIL"": 0.6}
### EXAMPLE 2
Features:
- AGG_mdd: -0.030545
- AGG_r12m: -0.021422
- AGG_r1m: -0.000201
- AGG_r3m: 0.002985
- AGG_vol3m: 0.040003
- BIL_mdd: -0.001918
- BIL_r12m: -0.000873
- BIL_r1m: -0.000000
- BIL_r3m: -0.000437
- BIL_vol3m: 0.002243
- BND_mdd: -0.030616
- BND_r12m: -0.028717
TargetWeights(JSON): {""SPY"": 0.019, ""QQQ"": 0.019, ""IWM"": 0.019, ""DIA"": 0.019, ""EFA"": 0.019, ""EEM"": 0.019, ""VEA"": 0.019, ""VWO"": 0.019, ""AGG"": 0.019, ""BND"": 0.019, ""SHY"": 0.019, ""IEF"": 0.019, ""TLT"": 0.019, ""TIP"": 0.019, ""LQD"": 0.019, ""HYG"": 0.019, ""GLD"": 0.019, ""SLV"": 0.019, ""DBC"": 0.019, ""VNQ"": 0.019, ""UUP"": 0.019, ""BIL"": 0.6}
### EXAMPLE 3
Features:
- AGG_mdd: -0.000816
- AGG_r12m: 0.079294
- AGG_r1m: 0.008300
- AGG_r3m: 0.019662
- AGG_vol3m: 0.031546
- BIL_mdd: -0.001046
- BIL_r12m: -0.000610
- BIL_r1m: -0.000174
- BIL_r3m: -0.000392
- BIL_vol3m: 0.002780
- BND_mdd: -0.001435
- BND_r12m: 0.079344
TargetWeights(JSON): {""SPY"": 0.019, ""QQQ"": 0.019, ""IWM"": 0.019, ""DIA"": 0.019, ""EFA"": 0.019, ""EEM"": 0.019, ""VEA"": 0.019, ""VWO"": 0.019, ""AGG"": 0.019, ""BND"": 0.019, ""SHY"": 0.019, ""IEF"": 0.019, ""TLT"": 0.019, ""TIP"": 0.019, ""LQD"": 0.019, ""HYG"": 0.019, ""GLD"": 0.019, ""SLV"": 0.019, ""DBC"": 0.019, ""VNQ"": 0.019, ""UUP"": 0.019, ""BIL"": 0.6}
### EXAMPLE 4
Features:
- AGG_mdd: -0.000993
- AGG_r12m: 0.068493
- AGG_r1m: 0.007362
- AGG_r3m: 0.010933
- AGG_vol3m: 0.028124
- BIL_mdd: -0.000829
- BIL_r12m: -0.000829
- BIL_r1m: -0.000000
- BIL_r3m: 0.000218
- BIL_vol3m: 0.002524
- BND_mdd: -0.001191
- BND_r12m: 0.071298
TargetWeights(JSON): {""SPY"": 0.019, ""QQQ"": 0.019, ""IWM"": 0.019, ""DIA"": 0.019, ""EFA"": 0.019, ""EEM"": 0.019, ""VEA"": 0.019, ""VWO"": 0.019, ""AGG"": 0.019, ""BND"": 0.019, ""SHY"": 0.019, ""IEF"": 0.019, ""TLT"": 0.019, ""TIP"": 0.019, ""LQD"": 0.019, ""HYG"": 0.019, ""GLD"": 0.019, ""SLV"": 0.019, ""DBC"": 0.019, ""VNQ"": 0.019, ""UUP"": 0.019, ""BIL"": 0.6}

Current Features:
- AGG_mdd: 0.000000
- AGG_r12m: 0.065472
- AGG_r1m: 0.011205
- AGG_r3m: 0.021967
- AGG_vol3m: 0.031420
- BIL_mdd: -0.003009
- BIL_r12m: -0.000874
- BIL_r1m: -0.000219
- BIL_r3m: -0.000219
- BIL_vol3m: 0.002685
- BND_mdd: 0.000000
- BND_r12m: 0.065944
- BND_r1m: 0.012052
- BND_r3m: 0.020174
- BND_vol3m: 0.029364
- DBC_mdd: -0.442356
- DBC_r12m: -0.292528
- DBC_r1m: -0.119684
- DBC_r3m: -0.230104
- DBC_vol3m: 0.169792
- DIA_mdd: -0.037738
- DIA_r12m: 0.079842
- DIA_r1m: -0.028326
- DIA_r3m: 0.027331
- DIA_vol3m: 0.136526
- EEM_mdd: -0.180100
- EEM_r12m: -0.024417
- EEM_r1m: -0.060903
- EEM_r3m: -0.080215
- EEM_vol3m: 0.173619
- EFA_mdd: -0.146895
- EFA_r12m: -0.081909
- EFA_r1m: -0.074711
- EFA_r3m: -0.063856
- EFA_vol3m: 0.156563
- GLD_mdd: -0.365513
- GLD_r12m: -0.019916
- GLD_r1m: 0.010701
- GLD_r3m: 0.009394
- GLD_vol3m: 0.199504
- HYG_mdd: -0.043561
- HYG_r12m: 0.002075
- HYG_r1m: -0.017377
- HYG_r3m: -0.028630
- HYG_vol3m: 0.089427
- IEF_mdd: 0.000000
- IEF_r12m: 0.103552
- IEF_r1m: 0.022424
- IEF_r3m: 0.041298
- IEF_vol3m: 0.056810
- IWM_mdd: -0.047418
- IWM_r12m: 0.026759
- IWM_r1m: -0.009163
- IWM_r3m: 0.064665
- IWM_vol3m: 0.184207
- LQD_mdd: 0.000000
- LQD_r12m: 0.088685
- LQD_r1m: 0.019253
- LQD_r3m: 0.023776
- LQD_vol3m: 0.046330
- QQQ_mdd: -0.052515
- QQQ_r12m: 0.177053
- QQQ_r1m: -0.046760
- QQQ_r3m: 0.025345
- QQQ_vol3m: 0.162010
- SHY_mdd: -0.003049
- SHY_r12m: 0.005778
- SHY_r1m: -0.000908
- SHY_r3m: 0.001314
- SHY_vol3m: 0.009496
- SLV_mdd: -0.665044
- SLV_r12m: -0.184861
- SLV_r1m: 0.003805
- SLV_r3m: -0.046386
- SLV_vol3m: 0.324125
- SPY_mdd: -0.042641
- SPY_r12m: 0.117156
- SPY_r1m: -0.032443
- SPY_r3m: 0.023602
- SPY_vol3m: 0.144337
- TIP_mdd: -0.059674
- TIP_r12m: 0.037075
- TIP_r1m: 0.001599
- TIP_r3m: 0.003376
- TIP_vol3m: 0.047878
- TLT_mdd: 0.000000
- TLT_r12m: 0.321349
- TLT_r1m: 0.083159
- TLT_r3m: 0.125499
- TLT_vol3m: 0.122123
- UUP_mdd: -0.059233
- UUP_r12m: 0.120849
- UUP_r1m: 0.032724
- UUP_r3m: 0.064855
- UUP_vol3m: 0.075172
- VEA_mdd: -0.144573
- VEA_r12m: -0.078395
- VEA_r1m: -0.072640
- VEA_r3m: -0.062204
- VEA_vol3m: 0.148983
- VNQ_mdd: 0.000000
- VNQ_r12m: 0.329659
- VNQ_r1m: 0.044789
- VNQ_r3m: 0.168410
- VNQ_vol3m: 0.122973
- VWO_mdd: -0.154268
- VWO_r12m: 0.013689
- VWO_r1m: -0.063296
- VWO_r3m: -0.078819
- VWO_vol3m: 0.183744
- cross_vol: 0.118959
Assets: SPY, QQQ, IWM, DIA, EFA, EEM, VEA, VWO, AGG, BND, SHY, IEF, TLT, TIP, LQD, HYG, GLD, SLV, DBC, VNQ, UUP, BIL","{""SPY"":0.019019019,""QQQ"":0.019019019,""IWM"":0.019019019,""DIA"":0.019019019,""EFA"":0.019019019,""EEM"":0.019019019,""VEA"":0.019019019,""VWO"":0.019019019,""AGG"":0.019019019,""BND"":0.019019019,""SHY"":0.019019019,""IEF"":0.019019019,""TLT"":0.019019019,""TIP"":0.019019019,""LQD"":0.019019019,""HYG"":0.019019019,""GLD"":0.019019019,""SLV"":0.019019019,""DBC"":0.019019019,""VNQ"":0.019019019,""UUP"":0.019019019,""BIL"":0.6006006006}","{""SPY"":0.019047619,""QQQ"":0.019047619,""IWM"":0.019047619,""DIA"":0.019047619,""EFA"":0.019047619,""EEM"":0.019047619,""VEA"":0.019047619,""VWO"":0.019047619,""AGG"":0.019047619,""BND"":0.019047619,""SHY"":0.019047619,""IEF"":0.019047619,""TLT"":0.019047619,""TIP"":0.019047619,""LQD"":0.019047619,""HYG"":0.019047619,""GLD"":0.019047619,""SLV"":0.019047619,""DBC"":0.019047619,""VNQ"":0.019047619,""UUP"":0.019047619,""BIL"":0.6}","{""SPY"":0.019047619,""QQQ"":0.019047619,""IWM"":0.019047619,""DIA"":0.019047619,""EFA"":0.019047619,""EEM"":0.019047619,""VEA"":0.019047619,""VWO"":0.019047619,""AGG"":0.019047619,""BND"":0.019047619,""SHY"":0.019047619,""IEF"":0.019047619,""TLT"":0.019047619,""TIP"":0.019047619,""LQD"":0.019047619,""HYG"":0.019047619,""GLD"":0.019047619,""SLV"":0.019047619,""DBC"":0.019047619,""VNQ"":0.019047619,""UUP"":0.019047619,""BIL"":0.6}",0
a168d6a0de5a0eae6fd378ed,p2_reconciliation_v1,B_wfcv_no_fewshot,gemma3:270m,P2,2015-01-06,3,1260,BIL,SPY,SPY,0,0,1.1090909090909091,3.0531133177191805e-16,a3a3665bcf429c733164d7890ae0aabae5b9bc4c2e1c612f53afe92bae4f4cc8,3540,e3b0c44298fc1c149afbf4c8996fb92427ae41e4649b934ca495991b7852b855,0,1,0,0,1.4713287500053411,1,"{""weights"": {""SPY"": 60, ""QQQ"": 60, ""IWM"": 60, ""DIA"": 60, ""EFA"": 60, ""EEM"": 60, ""VEA"": 60, ""VWO"": 60, ""AGG"": 60, ""BND"": 60, ""SHY"": 60, ""IEF"": 60, ""TLT"": 60, ""TIP"": 60, ""LQD"": 60, ""HYG"": 60, ""GLD"": 60, ""SLV"": 60, ""DBC"": 60, ""VNQ"": 60, ""UUP"": 60, ""BIL"": 60}}","You are a DEFENSIVE LOW-VOLATILITY policy profile. Your task is to translate a natural-language risk-averse policy into provisional portfolio weights. Use only the provided feature values, not outside market knowledge. Identify the eligible asset that appears safest, defined by the lowest `_vol3m` value. This is a defensive single-core policy profile, so do not default to equal weights when one asset clearly has the lowest recent volatility. Allocate 60% of the total portfolio weight to this safest asset as the language-level policy target. The hard maximum-weight constraint is 60%. Do not solve the projection yourself; express the language-level target and let the projection layer enforce feasibility before execution. Distribute the remaining weight equally among all other eligible assets. Use only tickers from the provided asset list. Include every eligible ticker exactly once. Return strictly valid JSON only. The `weights` field MUST be a JSON object where keys are tickers and values are numeric portfolio weights expressed as decimals, not percentages.



Current Features:
- AGG_mdd: 0.000000
- AGG_r12m: 0.065472
- AGG_r1m: 0.011205
- AGG_r3m: 0.021967
- AGG_vol3m: 0.031420
- BIL_mdd: -0.003009
- BIL_r12m: -0.000874
- BIL_r1m: -0.000219
- BIL_r3m: -0.000219
- BIL_vol3m: 0.002685
- BND_mdd: 0.000000
- BND_r12m: 0.065944
- BND_r1m: 0.012052
- BND_r3m: 0.020174
- BND_vol3m: 0.029364
- DBC_mdd: -0.442356
- DBC_r12m: -0.292528
- DBC_r1m: -0.119684
- DBC_r3m: -0.230104
- DBC_vol3m: 0.169792
- DIA_mdd: -0.037738
- DIA_r12m: 0.079842
- DIA_r1m: -0.028326
- DIA_r3m: 0.027331
- DIA_vol3m: 0.136526
- EEM_mdd: -0.180100
- EEM_r12m: -0.024417
- EEM_r1m: -0.060903
- EEM_r3m: -0.080215
- EEM_vol3m: 0.173619
- EFA_mdd: -0.146895
- EFA_r12m: -0.081909
- EFA_r1m: -0.074711
- EFA_r3m: -0.063856
- EFA_vol3m: 0.156563
- GLD_mdd: -0.365513
- GLD_r12m: -0.019916
- GLD_r1m: 0.010701
- GLD_r3m: 0.009394
- GLD_vol3m: 0.199504
- HYG_mdd: -0.043561
- HYG_r12m: 0.002075
- HYG_r1m: -0.017377
- HYG_r3m: -0.028630
- HYG_vol3m: 0.089427
- IEF_mdd: 0.000000
- IEF_r12m: 0.103552
- IEF_r1m: 0.022424
- IEF_r3m: 0.041298
- IEF_vol3m: 0.056810
- IWM_mdd: -0.047418
- IWM_r12m: 0.026759
- IWM_r1m: -0.009163
- IWM_r3m: 0.064665
- IWM_vol3m: 0.184207
- LQD_mdd: 0.000000
- LQD_r12m: 0.088685
- LQD_r1m: 0.019253
- LQD_r3m: 0.023776
- LQD_vol3m: 0.046330
- QQQ_mdd: -0.052515
- QQQ_r12m: 0.177053
- QQQ_r1m: -0.046760
- QQQ_r3m: 0.025345
- QQQ_vol3m: 0.162010
- SHY_mdd: -0.003049
- SHY_r12m: 0.005778
- SHY_r1m: -0.000908
- SHY_r3m: 0.001314
- SHY_vol3m: 0.009496
- SLV_mdd: -0.665044
- SLV_r12m: -0.184861
- SLV_r1m: 0.003805
- SLV_r3m: -0.046386
- SLV_vol3m: 0.324125
- SPY_mdd: -0.042641
- SPY_r12m: 0.117156
- SPY_r1m: -0.032443
- SPY_r3m: 0.023602
- SPY_vol3m: 0.144337
- TIP_mdd: -0.059674
- TIP_r12m: 0.037075
- TIP_r1m: 0.001599
- TIP_r3m: 0.003376
- TIP_vol3m: 0.047878
- TLT_mdd: 0.000000
- TLT_r12m: 0.321349
- TLT_r1m: 0.083159
- TLT_r3m: 0.125499
- TLT_vol3m: 0.122123
- UUP_mdd: -0.059233
- UUP_r12m: 0.120849
- UUP_r1m: 0.032724
- UUP_r3m: 0.064855
- UUP_vol3m: 0.075172
- VEA_mdd: -0.144573
- VEA_r12m: -0.078395
- VEA_r1m: -0.072640
- VEA_r3m: -0.062204
- VEA_vol3m: 0.148983
- VNQ_mdd: 0.000000
- VNQ_r12m: 0.329659
- VNQ_r1m: 0.044789
- VNQ_r3m: 0.168410
- VNQ_vol3m: 0.122973
- VWO_mdd: -0.154268
- VWO_r12m: 0.013689
- VWO_r1m: -0.063296
- VWO_r3m: -0.078819
- VWO_vol3m: 0.183744
- cross_vol: 0.118959
Assets: SPY, QQQ, IWM, DIA, EFA, EEM, VEA, VWO, AGG, BND, SHY, IEF, TLT, TIP, LQD, HYG, GLD, SLV, DBC, VNQ, UUP, BIL","{""SPY"":0.0454545455,""QQQ"":0.0454545455,""IWM"":0.0454545455,""DIA"":0.0454545455,""EFA"":0.0454545455,""EEM"":0.0454545455,""VEA"":0.0454545455,""VWO"":0.0454545455,""AGG"":0.0454545455,""BND"":0.0454545455,""SHY"":0.0454545455,""IEF"":0.0454545455,""TLT"":0.0454545455,""TIP"":0.0454545455,""LQD"":0.0454545455,""HYG"":0.0454545455,""GLD"":0.0454545455,""SLV"":0.0454545455,""DBC"":0.0454545455,""VNQ"":0.0454545455,""UUP"":0.0454545455,""BIL"":0.0454545455}","{""SPY"":0.0454545455,""QQQ"":0.0454545455,""IWM"":0.0454545455,""DIA"":0.0454545455,""EFA"":0.0454545455,""EEM"":0.0454545455,""VEA"":0.0454545455,""VWO"":0.0454545455,""AGG"":0.0454545455,""BND"":0.0454545455,""SHY"":0.0454545455,""IEF"":0.0454545455,""TLT"":0.0454545455,""TIP"":0.0454545455,""LQD"":0.0454545455,""HYG"":0.0454545455,""GLD"":0.0454545455,""SLV"":0.0454545455,""DBC"":0.0454545455,""VNQ"":0.0454545455,""UUP"":0.0454545455,""BIL"":0.0454545455}","{""SPY"":0.019047619,""QQQ"":0.019047619,""IWM"":0.019047619,""DIA"":0.019047619,""EFA"":0.019047619,""EEM"":0.019047619,""VEA"":0.019047619,""VWO"":0.019047619,""AGG"":0.019047619,""BND"":0.019047619,""SHY"":0.019047619,""IEF"":0.019047619,""TLT"":0.019047619,""TIP"":0.019047619,""LQD"":0.019047619,""HYG"":0.019047619,""GLD"":0.019047619,""SLV"":0.019047619,""DBC"":0.019047619,""VNQ"":0.019047619,""UUP"":0.019047619,""BIL"":0.6}",0
7efc78b84038b198ab6ee874,p2_reconciliation_v1,C_bridge_canonical,gemma3:270m,P2,2015-01-06,3,1260,BIL,SPY,SPY,0,0,1.1111111111111107,3.0531133177191805e-16,94deb47bc83e7abe51f878bd2b5dd51ad3b648d567781ba8ac157118a5884237,3376,e3b0c44298fc1c149afbf4c8996fb92427ae41e4649b934ca495991b7852b855,0,1,0,0,1.6529543329961598,1,"{""weights"": {""SPY"": 60.0, ""QQQ"": 40.0, ""IWM"": 40.0, ""DIA"": 40.0, ""EFA"": 40.0, ""EEM"": 40.0, ""VEA"": 40.0, ""VWO"": 40.0, ""AGG"": 40.0, ""BND"": 40.0, ""SHY"": 40.0, ""IEF"": 40.0, ""TLT"": 40.0, ""TIP"": 40.0, ""LQD"": 40.0, ""HYG"": 40.0, ""GLD"": 40.0, ""SLV"": 40.0, ""DBC"": 40.0, ""VNQ"": 40.0, ""UUP"": 40.0, ""BIL"": 40.0}}","You are a DEFENSIVE LOW-VOLATILITY policy profile. Use only the provided feature values. Strongly favor the eligible asset with the lowest `_vol3m` value. Allocate 60.0% of total portfolio weight to that target asset as the language-level policy target. Distribute the remaining weight equally among all other eligible assets. Include every eligible ticker exactly once. Return strictly valid JSON only with a `weights` object whose values are decimals, not percentages.
Hard constraints for the execution layer: long-only weights, weights sum to one, maximum single-asset weight 0.60, and turnover cap 0.25. You propose weights; deterministic projection will enforce final feasibility.

Current Features:
- SPY_r1m: -0.03244306
- SPY_r3m: 0.02360224
- SPY_r12m: 0.11715580
- SPY_vol3m: 0.14433749
- SPY_mdd: -0.04264086
- QQQ_r1m: -0.04676015
- QQQ_r3m: 0.02534540
- QQQ_r12m: 0.17705348
- QQQ_vol3m: 0.16201022
- QQQ_mdd: -0.05251524
- IWM_r1m: -0.00916268
- IWM_r3m: 0.06466505
- IWM_r12m: 0.02675875
- IWM_vol3m: 0.18420720
- IWM_mdd: -0.04741844
- DIA_r1m: -0.02832611
- DIA_r3m: 0.02733145
- DIA_r12m: 0.07984188
- DIA_vol3m: 0.13652649
- DIA_mdd: -0.03773792
- EFA_r1m: -0.07471109
- EFA_r3m: -0.06385630
- EFA_r12m: -0.08190898
- EFA_vol3m: 0.15656263
- EFA_mdd: -0.14689460
- EEM_r1m: -0.06090283
- EEM_r3m: -0.08021499
- EEM_r12m: -0.02441658
- EEM_vol3m: 0.17361853
- EEM_mdd: -0.18010027
- VEA_r1m: -0.07264001
- VEA_r3m: -0.06220420
- VEA_r12m: -0.07839452
- VEA_vol3m: 0.14898256
- VEA_mdd: -0.14457327
- VWO_r1m: -0.06329643
- VWO_r3m: -0.07881914
- VWO_r12m: 0.01368929
- VWO_vol3m: 0.18374387
- VWO_mdd: -0.15426752
- AGG_r1m: 0.01120547
- AGG_r3m: 0.02196715
- AGG_r12m: 0.06547224
- AGG_vol3m: 0.03141960
- AGG_mdd: 0.00000000
- BND_r1m: 0.01205188
- BND_r3m: 0.02017390
- BND_r12m: 0.06594427
- BND_vol3m: 0.02936378
- BND_mdd: 0.00000000
- SHY_r1m: -0.00090804
- SHY_r3m: 0.00131441
- SHY_r12m: 0.00577829
- SHY_vol3m: 0.00949615
- SHY_mdd: -0.00304905
- IEF_r1m: 0.02242371
- IEF_r3m: 0.04129794
- IEF_r12m: 0.10355235
- IEF_vol3m: 0.05680987
- IEF_mdd: 0.00000000
- TLT_r1m: 0.08315856
- TLT_r3m: 0.12549927
- TLT_r12m: 0.32134877
- TLT_vol3m: 0.12212330
- TLT_mdd: 0.00000000
- TIP_r1m: 0.00159878
- TIP_r3m: 0.00337614
- TIP_r12m: 0.03707545
- TIP_vol3m: 0.04787824
- TIP_mdd: -0.05967402
- LQD_r1m: 0.01925328
- LQD_r3m: 0.02377574
- LQD_r12m: 0.08868534
- LQD_vol3m: 0.04633034
- LQD_mdd: 0.00000000
- HYG_r1m: -0.01737695
- HYG_r3m: -0.02862974
- HYG_r12m: 0.00207514
- HYG_vol3m: 0.08942673
- HYG_mdd: -0.04356146
- GLD_r1m: 0.01070077
- GLD_r3m: 0.00939416
- GLD_r12m: -0.01991630
- GLD_vol3m: 0.19950373
- GLD_mdd: -0.36551273
- SLV_r1m: 0.00380466
- SLV_r3m: -0.04638557
- SLV_r12m: -0.18486098
- SLV_vol3m: 0.32412521
- SLV_mdd: -0.66504442
- DBC_r1m: -0.11968361
- DBC_r3m: -0.23010391
- DBC_r12m: -0.29252787
- DBC_vol3m: 0.16979215
- DBC_mdd: -0.44235597
- VNQ_r1m: 0.04478921
- VNQ_r3m: 0.16840976
- VNQ_r12m: 0.32965897
- VNQ_vol3m: 0.12297337
- VNQ_mdd: 0.00000000
- UUP_r1m: 0.03272411
- UUP_r3m: 0.06485540
- UUP_r12m: 0.12084870
- UUP_vol3m: 0.07517205
- UUP_mdd: -0.05923341
- BIL_r1m: -0.00021862
- BIL_r3m: -0.00021862
- BIL_r12m: -0.00087401
- BIL_vol3m: 0.00268488
- BIL_mdd: -0.00300877
- cross_vol: 0.11895856

Assets: SPY, QQQ, IWM, DIA, EFA, EEM, VEA, VWO, AGG, BND, SHY, IEF, TLT, TIP, LQD, HYG, GLD, SLV, DBC, VNQ, UUP, BIL","{""SPY"":0.0666666667,""QQQ"":0.0444444444,""IWM"":0.0444444444,""DIA"":0.0444444444,""EFA"":0.0444444444,""EEM"":0.0444444444,""VEA"":0.0444444444,""VWO"":0.0444444444,""AGG"":0.0444444444,""BND"":0.0444444444,""SHY"":0.0444444444,""IEF"":0.0444444444,""TLT"":0.0444444444,""TIP"":0.0444444444,""LQD"":0.0444444444,""HYG"":0.0444444444,""GLD"":0.0444444444,""SLV"":0.0444444444,""DBC"":0.0444444444,""VNQ"":0.0444444444,""UUP"":0.0444444444,""BIL"":0.0444444444}","{""SPY"":0.0666666667,""QQQ"":0.0444444444,""IWM"":0.0444444444,""DIA"":0.0444444444,""EFA"":0.0444444444,""EEM"":0.0444444444,""VEA"":0.0444444444,""VWO"":0.0444444444,""AGG"":0.0444444444,""BND"":0.0444444444,""SHY"":0.0444444444,""IEF"":0.0444444444,""TLT"":0.0444444444,""TIP"":0.0444444444,""LQD"":0.0444444444,""HYG"":0.0444444444,""GLD"":0.0444444444,""SLV"":0.0444444444,""DBC"":0.0444444444,""VNQ"":0.0444444444,""UUP"":0.0444444444,""BIL"":0.0444444444}","{""SPY"":0.019047619,""QQQ"":0.019047619,""IWM"":0.019047619,""DIA"":0.019047619,""EFA"":0.019047619,""EEM"":0.019047619,""VEA"":0.019047619,""VWO"":0.019047619,""AGG"":0.019047619,""BND"":0.019047619,""SHY"":0.019047619,""IEF"":0.019047619,""TLT"":0.019047619,""TIP"":0.019047619,""LQD"":0.019047619,""HYG"":0.019047619,""GLD"":0.019047619,""SLV"":0.019047619,""DBC"":0.019047619,""VNQ"":0.019047619,""UUP"":0.019047619,""BIL"":0.6}",0
e932572464da77667a5e489a,p2_reconciliation_v1,A_wfcv_exact,gemma3:1b,P2,2015-01-06,3,1260,BIL,BIL,BIL,1,1,0.0,0.0012012012012015266,e37bf54c3549e64bf0f24a54e52f558526cc2eeb5e83835ff8df9978671d0b57,5959,302ac08ebf1699711f257320985eb42504cf2809694961b4651ad2f7f425ea19,2419,1,0,0,4.916913124994608,1,"{""weights"": {""SPY"": 0.019, ""QQQ"": 0.019, ""IWM"": 0.019, ""DIA"": 0.019, ""EFA"": 0.019, ""EEM"": 0.019, ""VEA"": 0.019, ""VWO"": 0.019, ""AGG"": 0.019, ""BND"": 0.019, ""SHY"": 0.019, ""IEF"": 0.019, ""TLT"": 0.019, ""TIP"": 0.019, ""LQD"": 0.019, ""HYG"": 0.019, ""GLD"": 0.019, ""SLV"": 0.019, ""DBC"": 0.019, ""VNQ"": 0.019, ""UUP"": 0.019, ""BIL"": 0.6}}","You are a DEFENSIVE LOW-VOLATILITY policy profile. Your task is to translate a natural-language risk-averse policy into provisional portfolio weights. Use only the provided feature values, not outside market knowledge. Identify the eligible asset that appears safest, defined by the lowest `_vol3m` value. This is a defensive single-core policy profile, so do not default to equal weights when one asset clearly has the lowest recent volatility. Allocate 60% of the total portfolio weight to this safest asset as the language-level policy target. The hard maximum-weight constraint is 60%. Do not solve the projection yourself; express the language-level target and let the projection layer enforce feasibility before execution. Distribute the remaining weight equally among all other eligible assets. Use only tickers from the provided asset list. Include every eligible ticker exactly once. Return strictly valid JSON only. The `weights` field MUST be a JSON object where keys are tickers and values are numeric portfolio weights expressed as decimals, not percentages.

### EXAMPLE 1
Features:
- AGG_mdd: -0.004594
- AGG_r12m: 0.000000
- AGG_r1m: -0.000968
- AGG_r3m: 0.012335
- AGG_vol3m: 0.036756
- BIL_mdd: -0.000436
- BIL_r12m: 0.000000
- BIL_r1m: 0.000000
- BIL_r3m: 0.000000
- BIL_vol3m: 0.002330
- BND_mdd: -0.004583
- BND_r12m: 0.000000
TargetWeights(JSON): {""SPY"": 0.019, ""QQQ"": 0.019, ""IWM"": 0.019, ""DIA"": 0.019, ""EFA"": 0.019, ""EEM"": 0.019, ""VEA"": 0.019, ""VWO"": 0.019, ""AGG"": 0.019, ""BND"": 0.019, ""SHY"": 0.019, ""IEF"": 0.019, ""TLT"": 0.019, ""TIP"": 0.019, ""LQD"": 0.019, ""HYG"": 0.019, ""GLD"": 0.019, ""SLV"": 0.019, ""DBC"": 0.019, ""VNQ"": 0.019, ""UUP"": 0.019, ""BIL"": 0.6}
### EXAMPLE 2
Features:
- AGG_mdd: -0.030545
- AGG_r12m: -0.021422
- AGG_r1m: -0.000201
- AGG_r3m: 0.002985
- AGG_vol3m: 0.040003
- BIL_mdd: -0.001918
- BIL_r12m: -0.000873
- BIL_r1m: -0.000000
- BIL_r3m: -0.000437
- BIL_vol3m: 0.002243
- BND_mdd: -0.030616
- BND_r12m: -0.028717
TargetWeights(JSON): {""SPY"": 0.019, ""QQQ"": 0.019, ""IWM"": 0.019, ""DIA"": 0.019, ""EFA"": 0.019, ""EEM"": 0.019, ""VEA"": 0.019, ""VWO"": 0.019, ""AGG"": 0.019, ""BND"": 0.019, ""SHY"": 0.019, ""IEF"": 0.019, ""TLT"": 0.019, ""TIP"": 0.019, ""LQD"": 0.019, ""HYG"": 0.019, ""GLD"": 0.019, ""SLV"": 0.019, ""DBC"": 0.019, ""VNQ"": 0.019, ""UUP"": 0.019, ""BIL"": 0.6}
### EXAMPLE 3
Features:
- AGG_mdd: -0.000816
- AGG_r12m: 0.079294
- AGG_r1m: 0.008300
- AGG_r3m: 0.019662
- AGG_vol3m: 0.031546
- BIL_mdd: -0.001046
- BIL_r12m: -0.000610
- BIL_r1m: -0.000174
- BIL_r3m: -0.000392
- BIL_vol3m: 0.002780
- BND_mdd: -0.001435
- BND_r12m: 0.079344
TargetWeights(JSON): {""SPY"": 0.019, ""QQQ"": 0.019, ""IWM"": 0.019, ""DIA"": 0.019, ""EFA"": 0.019, ""EEM"": 0.019, ""VEA"": 0.019, ""VWO"": 0.019, ""AGG"": 0.019, ""BND"": 0.019, ""SHY"": 0.019, ""IEF"": 0.019, ""TLT"": 0.019, ""TIP"": 0.019, ""LQD"": 0.019, ""HYG"": 0.019, ""GLD"": 0.019, ""SLV"": 0.019, ""DBC"": 0.019, ""VNQ"": 0.019, ""UUP"": 0.019, ""BIL"": 0.6}
### EXAMPLE 4
Features:
- AGG_mdd: -0.000993
- AGG_r12m: 0.068493
- AGG_r1m: 0.007362
- AGG_r3m: 0.010933
- AGG_vol3m: 0.028124
- BIL_mdd: -0.000829
- BIL_r12m: -0.000829
- BIL_r1m: -0.000000
- BIL_r3m: 0.000218
- BIL_vol3m: 0.002524
- BND_mdd: -0.001191
- BND_r12m: 0.071298
TargetWeights(JSON): {""SPY"": 0.019, ""QQQ"": 0.019, ""IWM"": 0.019, ""DIA"": 0.019, ""EFA"": 0.019, ""EEM"": 0.019, ""VEA"": 0.019, ""VWO"": 0.019, ""AGG"": 0.019, ""BND"": 0.019, ""SHY"": 0.019, ""IEF"": 0.019, ""TLT"": 0.019, ""TIP"": 0.019, ""LQD"": 0.019, ""HYG"": 0.019, ""GLD"": 0.019, ""SLV"": 0.019, ""DBC"": 0.019, ""VNQ"": 0.019, ""UUP"": 0.019, ""BIL"": 0.6}

Current Features:
- AGG_mdd: 0.000000
- AGG_r12m: 0.065472
- AGG_r1m: 0.011205
- AGG_r3m: 0.021967
- AGG_vol3m: 0.031420
- BIL_mdd: -0.003009
- BIL_r12m: -0.000874
- BIL_r1m: -0.000219
- BIL_r3m: -0.000219
- BIL_vol3m: 0.002685
- BND_mdd: 0.000000
- BND_r12m: 0.065944
- BND_r1m: 0.012052
- BND_r3m: 0.020174
- BND_vol3m: 0.029364
- DBC_mdd: -0.442356
- DBC_r12m: -0.292528
- DBC_r1m: -0.119684
- DBC_r3m: -0.230104
- DBC_vol3m: 0.169792
- DIA_mdd: -0.037738
- DIA_r12m: 0.079842
- DIA_r1m: -0.028326
- DIA_r3m: 0.027331
- DIA_vol3m: 0.136526
- EEM_mdd: -0.180100
- EEM_r12m: -0.024417
- EEM_r1m: -0.060903
- EEM_r3m: -0.080215
- EEM_vol3m: 0.173619
- EFA_mdd: -0.146895
- EFA_r12m: -0.081909
- EFA_r1m: -0.074711
- EFA_r3m: -0.063856
- EFA_vol3m: 0.156563
- GLD_mdd: -0.365513
- GLD_r12m: -0.019916
- GLD_r1m: 0.010701
- GLD_r3m: 0.009394
- GLD_vol3m: 0.199504
- HYG_mdd: -0.043561
- HYG_r12m: 0.002075
- HYG_r1m: -0.017377
- HYG_r3m: -0.028630
- HYG_vol3m: 0.089427
- IEF_mdd: 0.000000
- IEF_r12m: 0.103552
- IEF_r1m: 0.022424
- IEF_r3m: 0.041298
- IEF_vol3m: 0.056810
- IWM_mdd: -0.047418
- IWM_r12m: 0.026759
- IWM_r1m: -0.009163
- IWM_r3m: 0.064665
- IWM_vol3m: 0.184207
- LQD_mdd: 0.000000
- LQD_r12m: 0.088685
- LQD_r1m: 0.019253
- LQD_r3m: 0.023776
- LQD_vol3m: 0.046330
- QQQ_mdd: -0.052515
- QQQ_r12m: 0.177053
- QQQ_r1m: -0.046760
- QQQ_r3m: 0.025345
- QQQ_vol3m: 0.162010
- SHY_mdd: -0.003049
- SHY_r12m: 0.005778
- SHY_r1m: -0.000908
- SHY_r3m: 0.001314
- SHY_vol3m: 0.009496
- SLV_mdd: -0.665044
- SLV_r12m: -0.184861
- SLV_r1m: 0.003805
- SLV_r3m: -0.046386
- SLV_vol3m: 0.324125
- SPY_mdd: -0.042641
- SPY_r12m: 0.117156
- SPY_r1m: -0.032443
- SPY_r3m: 0.023602
- SPY_vol3m: 0.144337
- TIP_mdd: -0.059674
- TIP_r12m: 0.037075
- TIP_r1m: 0.001599
- TIP_r3m: 0.003376
- TIP_vol3m: 0.047878
- TLT_mdd: 0.000000
- TLT_r12m: 0.321349
- TLT_r1m: 0.083159
- TLT_r3m: 0.125499
- TLT_vol3m: 0.122123
- UUP_mdd: -0.059233
- UUP_r12m: 0.120849
- UUP_r1m: 0.032724
- UUP_r3m: 0.064855
- UUP_vol3m: 0.075172
- VEA_mdd: -0.144573
- VEA_r12m: -0.078395
- VEA_r1m: -0.072640
- VEA_r3m: -0.062204
- VEA_vol3m: 0.148983
- VNQ_mdd: 0.000000
- VNQ_r12m: 0.329659
- VNQ_r1m: 0.044789
- VNQ_r3m: 0.168410
- VNQ_vol3m: 0.122973
- VWO_mdd: -0.154268
- VWO_r12m: 0.013689
- VWO_r1m: -0.063296
- VWO_r3m: -0.078819
- VWO_vol3m: 0.183744
- cross_vol: 0.118959
Assets: SPY, QQQ, IWM, DIA, EFA, EEM, VEA, VWO, AGG, BND, SHY, IEF, TLT, TIP, LQD, HYG, GLD, SLV, DBC, VNQ, UUP, BIL","{""SPY"":0.019019019,""QQQ"":0.019019019,""IWM"":0.019019019,""DIA"":0.019019019,""EFA"":0.019019019,""EEM"":0.019019019,""VEA"":0.019019019,""VWO"":0.019019019,""AGG"":0.019019019,""BND"":0.019019019,""SHY"":0.019019019,""IEF"":0.019019019,""TLT"":0.019019019,""TIP"":0.019019019,""LQD"":0.019019019,""HYG"":0.019019019,""GLD"":0.019019019,""SLV"":0.019019019,""DBC"":0.019019019,""VNQ"":0.019019019,""UUP"":0.019019019,""BIL"":0.6006006006}","{""SPY"":0.019047619,""QQQ"":0.019047619,""IWM"":0.019047619,""DIA"":0.019047619,""EFA"":0.019047619,""EEM"":0.019047619,""VEA"":0.019047619,""VWO"":0.019047619,""AGG"":0.019047619,""BND"":0.019047619,""SHY"":0.019047619,""IEF"":0.019047619,""TLT"":0.019047619,""TIP"":0.019047619,""LQD"":0.019047619,""HYG"":0.019047619,""GLD"":0.019047619,""SLV"":0.019047619,""DBC"":0.019047619,""VNQ"":0.019047619,""UUP"":0.019047619,""BIL"":0.6}","{""SPY"":0.019047619,""QQQ"":0.019047619,""IWM"":0.019047619,""DIA"":0.019047619,""EFA"":0.019047619,""EEM"":0.019047619,""VEA"":0.019047619,""VWO"":0.019047619,""AGG"":0.019047619,""BND"":0.019047619,""SHY"":0.019047619,""IEF"":0.019047619,""TLT"":0.019047619,""TIP"":0.019047619,""LQD"":0.019047619,""HYG"":0.019047619,""GLD"":0.019047619,""SLV"":0.019047619,""DBC"":0.019047619,""VNQ"":0.019047619,""UUP"":0.019047619,""BIL"":0.6}",0
b86f7810787012148b1d230a,p2_reconciliation_v1,B_wfcv_no_fewshot,gemma3:1b,P2,2015-01-06,3,1260,BIL,SPY,SPY,0,0,1.3352112676056338,2.5066754227864863e-16,a3a3665bcf429c733164d7890ae0aabae5b9bc4c2e1c612f53afe92bae4f4cc8,3540,e3b0c44298fc1c149afbf4c8996fb92427ae41e4649b934ca495991b7852b855,0,1,0,0,3.5608536250074394,1,"{""weights"": {""SPY"":0.35, ""QQQ"":0.28, ""IWM"":0.19, ""DIA"":0.17, ""EFA"":0.16, ""EEM"":0.14, ""VEA"":0.13, ""VWO"":0.12, ""AGG"":0.10, ""BND"":0.08, ""SHY"":0.09, ""IEF"":0.07, ""TLT"":0.06, ""TIP"":0.05, ""LQD"":0.04, ""HYG"":0.03, ""GLD"":0.02, ""SLV"":0.01, ""DBC"":0.01, ""VNQ"":0.01, ""UUP"":0.01, ""BIL"":0.01}}","You are a DEFENSIVE LOW-VOLATILITY policy profile. Your task is to translate a natural-language risk-averse policy into provisional portfolio weights. Use only the provided feature values, not outside market knowledge. Identify the eligible asset that appears safest, defined by the lowest `_vol3m` value. This is a defensive single-core policy profile, so do not default to equal weights when one asset clearly has the lowest recent volatility. Allocate 60% of the total portfolio weight to this safest asset as the language-level policy target. The hard maximum-weight constraint is 60%. Do not solve the projection yourself; express the language-level target and let the projection layer enforce feasibility before execution. Distribute the remaining weight equally among all other eligible assets. Use only tickers from the provided asset list. Include every eligible ticker exactly once. Return strictly valid JSON only. The `weights` field MUST be a JSON object where keys are tickers and values are numeric portfolio weights expressed as decimals, not percentages.



Current Features:
- AGG_mdd: 0.000000
- AGG_r12m: 0.065472
- AGG_r1m: 0.011205
- AGG_r3m: 0.021967
- AGG_vol3m: 0.031420
- BIL_mdd: -0.003009
- BIL_r12m: -0.000874
- BIL_r1m: -0.000219
- BIL_r3m: -0.000219
- BIL_vol3m: 0.002685
- BND_mdd: 0.000000
- BND_r12m: 0.065944
- BND_r1m: 0.012052
- BND_r3m: 0.020174
- BND_vol3m: 0.029364
- DBC_mdd: -0.442356
- DBC_r12m: -0.292528
- DBC_r1m: -0.119684
- DBC_r3m: -0.230104
- DBC_vol3m: 0.169792
- DIA_mdd: -0.037738
- DIA_r12m: 0.079842
- DIA_r1m: -0.028326
- DIA_r3m: 0.027331
- DIA_vol3m: 0.136526
- EEM_mdd: -0.180100
- EEM_r12m: -0.024417
- EEM_r1m: -0.060903
- EEM_r3m: -0.080215
- EEM_vol3m: 0.173619
- EFA_mdd: -0.146895
- EFA_r12m: -0.081909
- EFA_r1m: -0.074711
- EFA_r3m: -0.063856
- EFA_vol3m: 0.156563
- GLD_mdd: -0.365513
- GLD_r12m: -0.019916
- GLD_r1m: 0.010701
- GLD_r3m: 0.009394
- GLD_vol3m: 0.199504
- HYG_mdd: -0.043561
- HYG_r12m: 0.002075
- HYG_r1m: -0.017377
- HYG_r3m: -0.028630
- HYG_vol3m: 0.089427
- IEF_mdd: 0.000000
- IEF_r12m: 0.103552
- IEF_r1m: 0.022424
- IEF_r3m: 0.041298
- IEF_vol3m: 0.056810
- IWM_mdd: -0.047418
- IWM_r12m: 0.026759
- IWM_r1m: -0.009163
- IWM_r3m: 0.064665
- IWM_vol3m: 0.184207
- LQD_mdd: 0.000000
- LQD_r12m: 0.088685
- LQD_r1m: 0.019253
- LQD_r3m: 0.023776
- LQD_vol3m: 0.046330
- QQQ_mdd: -0.052515
- QQQ_r12m: 0.177053
- QQQ_r1m: -0.046760
- QQQ_r3m: 0.025345
- QQQ_vol3m: 0.162010
- SHY_mdd: -0.003049
- SHY_r12m: 0.005778
- SHY_r1m: -0.000908
- SHY_r3m: 0.001314
- SHY_vol3m: 0.009496
- SLV_mdd: -0.665044
- SLV_r12m: -0.184861
- SLV_r1m: 0.003805
- SLV_r3m: -0.046386
- SLV_vol3m: 0.324125
- SPY_mdd: -0.042641
- SPY_r12m: 0.117156
- SPY_r1m: -0.032443
- SPY_r3m: 0.023602
- SPY_vol3m: 0.144337
- TIP_mdd: -0.059674
- TIP_r12m: 0.037075
- TIP_r1m: 0.001599
- TIP_r3m: 0.003376
- TIP_vol3m: 0.047878
- TLT_mdd: 0.000000
- TLT_r12m: 0.321349
- TLT_r1m: 0.083159
- TLT_r3m: 0.125499
- TLT_vol3m: 0.122123
- UUP_mdd: -0.059233
- UUP_r12m: 0.120849
- UUP_r1m: 0.032724
- UUP_r3m: 0.064855
- UUP_vol3m: 0.075172
- VEA_mdd: -0.144573
- VEA_r12m: -0.078395
- VEA_r1m: -0.072640
- VEA_r3m: -0.062204
- VEA_vol3m: 0.148983
- VNQ_mdd: 0.000000
- VNQ_r12m: 0.329659
- VNQ_r1m: 0.044789
- VNQ_r3m: 0.168410
- VNQ_vol3m: 0.122973
- VWO_mdd: -0.154268
- VWO_r12m: 0.013689
- VWO_r1m: -0.063296
- VWO_r3m: -0.078819
- VWO_vol3m: 0.183744
- cross_vol: 0.118959
Assets: SPY, QQQ, IWM, DIA, EFA, EEM, VEA, VWO, AGG, BND, SHY, IEF, TLT, TIP, LQD, HYG, GLD, SLV, DBC, VNQ, UUP, BIL","{""SPY"":0.1643192488,""QQQ"":0.1314553991,""IWM"":0.0892018779,""DIA"":0.0798122066,""EFA"":0.0751173709,""EEM"":0.0657276995,""VEA"":0.0610328638,""VWO"":0.0563380282,""AGG"":0.0469483568,""BND"":0.0375586854,""SHY"":0.0422535211,""IEF"":0.0328638498,""TLT"":0.0281690141,""TIP"":0.0234741784,""LQD"":0.0187793427,""HYG"":0.014084507,""GLD"":0.0093896714,""SLV"":0.0046948357,""DBC"":0.0046948357,""VNQ"":0.0046948357,""UUP"":0.0046948357,""BIL"":0.0046948357}","{""SPY"":0.1643192488,""QQQ"":0.1314553991,""IWM"":0.0892018779,""DIA"":0.0798122066,""EFA"":0.0751173709,""EEM"":0.0657276995,""VEA"":0.0610328638,""VWO"":0.0563380282,""AGG"":0.0469483568,""BND"":0.0375586854,""SHY"":0.0422535211,""IEF"":0.0328638498,""TLT"":0.0281690141,""TIP"":0.0234741784,""LQD"":0.0187793427,""HYG"":0.014084507,""GLD"":0.0093896714,""SLV"":0.0046948357,""DBC"":0.0046948357,""VNQ"":0.0046948357,""UUP"":0.0046948357,""BIL"":0.0046948357}","{""SPY"":0.019047619,""QQQ"":0.019047619,""IWM"":0.019047619,""DIA"":0.019047619,""EFA"":0.019047619,""EEM"":0.019047619,""VEA"":0.019047619,""VWO"":0.019047619,""AGG"":0.019047619,""BND"":0.019047619,""SHY"":0.019047619,""IEF"":0.019047619,""TLT"":0.019047619,""TIP"":0.019047619,""LQD"":0.019047619,""HYG"":0.019047619,""GLD"":0.019047619,""SLV"":0.019047619,""DBC"":0.019047619,""VNQ"":0.019047619,""UUP"":0.019047619,""BIL"":0.6}",0
7c4f0e8471f84b2a439ad7ec,p2_reconciliation_v1,C_bridge_canonical,gemma3:1b,P2,2015-01-06,3,1260,BIL,SPY,SPY,0,0,1.4405102483125893,2.0469737016526324e-16,94deb47bc83e7abe51f878bd2b5dd51ad3b648d567781ba8ac157118a5884237,3376,e3b0c44298fc1c149afbf4c8996fb92427ae41e4649b934ca495991b7852b855,0,1,0,0,3.8591812920058146,1,"{""weights"": {""SPY"": 0.45, ""QQQ"": 0.30, ""IWM"": 0.15, ""DIA"": 0.10, ""EFA"": 0.10, ""EEM"": 0.08, ""VEA"": 0.07, ""VWO"": 0.06, ""AGG"": 0.05, ""BND"": 0.04, ""SHY"": 0.03, ""IEF"": 0.02, ""TLT"": 0.01, ""TIP"": 0.01, ""LQD"": 0.01, ""HYG"": 0.01, ""GLD"": 0.01, ""SLV"": 0.01, ""DBC"": 0.01, ""VNQ"": 0.01, ""UUP"": 0.005, ""BIL"": 0.003}}","You are a DEFENSIVE LOW-VOLATILITY policy profile. Use only the provided feature values. Strongly favor the eligible asset with the lowest `_vol3m` value. Allocate 60.0% of total portfolio weight to that target asset as the language-level policy target. Distribute the remaining weight equally among all other eligible assets. Include every eligible ticker exactly once. Return strictly valid JSON only with a `weights` object whose values are decimals, not percentages.
Hard constraints for the execution layer: long-only weights, weights sum to one, maximum single-asset weight 0.60, and turnover cap 0.25. You propose weights; deterministic projection will enforce final feasibility.

Current Features:
- SPY_r1m: -0.03244306
- SPY_r3m: 0.02360224
- SPY_r12m: 0.11715580
- SPY_vol3m: 0.14433749
- SPY_mdd: -0.04264086
- QQQ_r1m: -0.04676015
- QQQ_r3m: 0.02534540
- QQQ_r12m: 0.17705348
- QQQ_vol3m: 0.16201022
- QQQ_mdd: -0.05251524
- IWM_r1m: -0.00916268
- IWM_r3m: 0.06466505
- IWM_r12m: 0.02675875
- IWM_vol3m: 0.18420720
- IWM_mdd: -0.04741844
- DIA_r1m: -0.02832611
- DIA_r3m: 0.02733145
- DIA_r12m: 0.07984188
- DIA_vol3m: 0.13652649
- DIA_mdd: -0.03773792
- EFA_r1m: -0.07471109
- EFA_r3m: -0.06385630
- EFA_r12m: -0.08190898
- EFA_vol3m: 0.15656263
- EFA_mdd: -0.14689460
- EEM_r1m: -0.06090283
- EEM_r3m: -0.08021499
- EEM_r12m: -0.02441658
- EEM_vol3m: 0.17361853
- EEM_mdd: -0.18010027
- VEA_r1m: -0.07264001
- VEA_r3m: -0.06220420
- VEA_r12m: -0.07839452
- VEA_vol3m: 0.14898256
- VEA_mdd: -0.14457327
- VWO_r1m: -0.06329643
- VWO_r3m: -0.07881914
- VWO_r12m: 0.01368929
- VWO_vol3m: 0.18374387
- VWO_mdd: -0.15426752
- AGG_r1m: 0.01120547
- AGG_r3m: 0.02196715
- AGG_r12m: 0.06547224
- AGG_vol3m: 0.03141960
- AGG_mdd: 0.00000000
- BND_r1m: 0.01205188
- BND_r3m: 0.02017390
- BND_r12m: 0.06594427
- BND_vol3m: 0.02936378
- BND_mdd: 0.00000000
- SHY_r1m: -0.00090804
- SHY_r3m: 0.00131441
- SHY_r12m: 0.00577829
- SHY_vol3m: 0.00949615
- SHY_mdd: -0.00304905
- IEF_r1m: 0.02242371
- IEF_r3m: 0.04129794
- IEF_r12m: 0.10355235
- IEF_vol3m: 0.05680987
- IEF_mdd: 0.00000000
- TLT_r1m: 0.08315856
- TLT_r3m: 0.12549927
- TLT_r12m: 0.32134877
- TLT_vol3m: 0.12212330
- TLT_mdd: 0.00000000
- TIP_r1m: 0.00159878
- TIP_r3m: 0.00337614
- TIP_r12m: 0.03707545
- TIP_vol3m: 0.04787824
- TIP_mdd: -0.05967402
- LQD_r1m: 0.01925328
- LQD_r3m: 0.02377574
- LQD_r12m: 0.08868534
- LQD_vol3m: 0.04633034
- LQD_mdd: 0.00000000
- HYG_r1m: -0.01737695
- HYG_r3m: -0.02862974
- HYG_r12m: 0.00207514
- HYG_vol3m: 0.08942673
- HYG_mdd: -0.04356146
- GLD_r1m: 0.01070077
- GLD_r3m: 0.00939416
- GLD_r12m: -0.01991630
- GLD_vol3m: 0.19950373
- GLD_mdd: -0.36551273
- SLV_r1m: 0.00380466
- SLV_r3m: -0.04638557
- SLV_r12m: -0.18486098
- SLV_vol3m: 0.32412521
- SLV_mdd: -0.66504442
- DBC_r1m: -0.11968361
- DBC_r3m: -0.23010391
- DBC_r12m: -0.29252787
- DBC_vol3m: 0.16979215
- DBC_mdd: -0.44235597
- VNQ_r1m: 0.04478921
- VNQ_r3m: 0.16840976
- VNQ_r12m: 0.32965897
- VNQ_vol3m: 0.12297337
- VNQ_mdd: 0.00000000
- UUP_r1m: 0.03272411
- UUP_r3m: 0.06485540
- UUP_r12m: 0.12084870
- UUP_vol3m: 0.07517205
- UUP_mdd: -0.05923341
- BIL_r1m: -0.00021862
- BIL_r3m: -0.00021862
- BIL_r12m: -0.00087401
- BIL_vol3m: 0.00268488
- BIL_mdd: -0.00300877
- cross_vol: 0.11895856

Assets: SPY, QQQ, IWM, DIA, EFA, EEM, VEA, VWO, AGG, BND, SHY, IEF, TLT, TIP, LQD, HYG, GLD, SLV, DBC, VNQ, UUP, BIL","{""SPY"":0.2925877763,""QQQ"":0.1950585176,""IWM"":0.0975292588,""DIA"":0.0650195059,""EFA"":0.0650195059,""EEM"":0.0520156047,""VEA"":0.0455136541,""VWO"":0.0390117035,""AGG"":0.0325097529,""BND"":0.0260078023,""SHY"":0.0195058518,""IEF"":0.0130039012,""TLT"":0.0065019506,""TIP"":0.0065019506,""LQD"":0.0065019506,""HYG"":0.0065019506,""GLD"":0.0065019506,""SLV"":0.0065019506,""DBC"":0.0065019506,""VNQ"":0.0065019506,""UUP"":0.0032509753,""BIL"":0.0019505852}","{""SPY"":0.2925877763,""QQQ"":0.1950585176,""IWM"":0.0975292588,""DIA"":0.0650195059,""EFA"":0.0650195059,""EEM"":0.0520156047,""VEA"":0.0455136541,""VWO"":0.0390117035,""AGG"":0.0325097529,""BND"":0.0260078023,""SHY"":0.0195058518,""IEF"":0.0130039012,""TLT"":0.0065019506,""TIP"":0.0065019506,""LQD"":0.0065019506,""HYG"":0.0065019506,""GLD"":0.0065019506,""SLV"":0.0065019506,""DBC"":0.0065019506,""VNQ"":0.0065019506,""UUP"":0.0032509753,""BIL"":0.0019505852}","{""SPY"":0.019047619,""QQQ"":0.019047619,""IWM"":0.019047619,""DIA"":0.019047619,""EFA"":0.019047619,""EEM"":0.019047619,""VEA"":0.019047619,""VWO"":0.019047619,""AGG"":0.019047619,""BND"":0.019047619,""SHY"":0.019047619,""IEF"":0.019047619,""TLT"":0.019047619,""TIP"":0.019047619,""LQD"":0.019047619,""HYG"":0.019047619,""GLD"":0.019047619,""SLV"":0.019047619,""DBC"":0.019047619,""VNQ"":0.019047619,""UUP"":0.019047619,""BIL"":0.6}",0
84e032716b1ba364fe1d6011,p2_reconciliation_v1,A_wfcv_exact,llama3.1:8b,P2,2015-01-06,3,1260,BIL,BIL,BIL,1,1,0.0,0.0012012012012015266,e37bf54c3549e64bf0f24a54e52f558526cc2eeb5e83835ff8df9978671d0b57,5959,302ac08ebf1699711f257320985eb42504cf2809694961b4651ad2f7f425ea19,2419,1,0,0,23.768514666997362,1,"{
  ""weights"": {
    ""SPY"": 0.019,
    ""QQQ"": 0.019,
    ""IWM"": 0.019,
    ""DIA"": 0.019,
    ""EFA"": 0.019,
    ""EEM"": 0.019,
    ""VEA"": 0.019,
    ""VWO"": 0.019,
    ""AGG"": 0.019,
    ""BND"": 0.019,
    ""SHY"": 0.019,
    ""IEF"": 0.019,
    ""TLT"": 0.019,
    ""TIP"": 0.019,
    ""LQD"": 0.019,
    ""HYG"": 0.019,
    ""GLD"": 0.019,
    ""SLV"": 0.019,
    ""DBC"": 0.019,
    ""VNQ"": 0.019,
    ""UUP"": 0.019,
    ""BIL"": 0.6
  }
}","You are a DEFENSIVE LOW-VOLATILITY policy profile. Your task is to translate a natural-language risk-averse policy into provisional portfolio weights. Use only the provided feature values, not outside market knowledge. Identify the eligible asset that appears safest, defined by the lowest `_vol3m` value. This is a defensive single-core policy profile, so do not default to equal weights when one asset clearly has the lowest recent volatility. Allocate 60% of the total portfolio weight to this safest asset as the language-level policy target. The hard maximum-weight constraint is 60%. Do not solve the projection yourself; express the language-level target and let the projection layer enforce feasibility before execution. Distribute the remaining weight equally among all other eligible assets. Use only tickers from the provided asset list. Include every eligible ticker exactly once. Return strictly valid JSON only. The `weights` field MUST be a JSON object where keys are tickers and values are numeric portfolio weights expressed as decimals, not percentages.

### EXAMPLE 1
Features:
- AGG_mdd: -0.004594
- AGG_r12m: 0.000000
- AGG_r1m: -0.000968
- AGG_r3m: 0.012335
- AGG_vol3m: 0.036756
- BIL_mdd: -0.000436
- BIL_r12m: 0.000000
- BIL_r1m: 0.000000
- BIL_r3m: 0.000000
- BIL_vol3m: 0.002330
- BND_mdd: -0.004583
- BND_r12m: 0.000000
TargetWeights(JSON): {""SPY"": 0.019, ""QQQ"": 0.019, ""IWM"": 0.019, ""DIA"": 0.019, ""EFA"": 0.019, ""EEM"": 0.019, ""VEA"": 0.019, ""VWO"": 0.019, ""AGG"": 0.019, ""BND"": 0.019, ""SHY"": 0.019, ""IEF"": 0.019, ""TLT"": 0.019, ""TIP"": 0.019, ""LQD"": 0.019, ""HYG"": 0.019, ""GLD"": 0.019, ""SLV"": 0.019, ""DBC"": 0.019, ""VNQ"": 0.019, ""UUP"": 0.019, ""BIL"": 0.6}
### EXAMPLE 2
Features:
- AGG_mdd: -0.030545
- AGG_r12m: -0.021422
- AGG_r1m: -0.000201
- AGG_r3m: 0.002985
- AGG_vol3m: 0.040003
- BIL_mdd: -0.001918
- BIL_r12m: -0.000873
- BIL_r1m: -0.000000
- BIL_r3m: -0.000437
- BIL_vol3m: 0.002243
- BND_mdd: -0.030616
- BND_r12m: -0.028717
TargetWeights(JSON): {""SPY"": 0.019, ""QQQ"": 0.019, ""IWM"": 0.019, ""DIA"": 0.019, ""EFA"": 0.019, ""EEM"": 0.019, ""VEA"": 0.019, ""VWO"": 0.019, ""AGG"": 0.019, ""BND"": 0.019, ""SHY"": 0.019, ""IEF"": 0.019, ""TLT"": 0.019, ""TIP"": 0.019, ""LQD"": 0.019, ""HYG"": 0.019, ""GLD"": 0.019, ""SLV"": 0.019, ""DBC"": 0.019, ""VNQ"": 0.019, ""UUP"": 0.019, ""BIL"": 0.6}
### EXAMPLE 3
Features:
- AGG_mdd: -0.000816
- AGG_r12m: 0.079294
- AGG_r1m: 0.008300
- AGG_r3m: 0.019662
- AGG_vol3m: 0.031546
- BIL_mdd: -0.001046
- BIL_r12m: -0.000610
- BIL_r1m: -0.000174
- BIL_r3m: -0.000392
- BIL_vol3m: 0.002780
- BND_mdd: -0.001435
- BND_r12m: 0.079344
TargetWeights(JSON): {""SPY"": 0.019, ""QQQ"": 0.019, ""IWM"": 0.019, ""DIA"": 0.019, ""EFA"": 0.019, ""EEM"": 0.019, ""VEA"": 0.019, ""VWO"": 0.019, ""AGG"": 0.019, ""BND"": 0.019, ""SHY"": 0.019, ""IEF"": 0.019, ""TLT"": 0.019, ""TIP"": 0.019, ""LQD"": 0.019, ""HYG"": 0.019, ""GLD"": 0.019, ""SLV"": 0.019, ""DBC"": 0.019, ""VNQ"": 0.019, ""UUP"": 0.019, ""BIL"": 0.6}
### EXAMPLE 4
Features:
- AGG_mdd: -0.000993
- AGG_r12m: 0.068493
- AGG_r1m: 0.007362
- AGG_r3m: 0.010933
- AGG_vol3m: 0.028124
- BIL_mdd: -0.000829
- BIL_r12m: -0.000829
- BIL_r1m: -0.000000
- BIL_r3m: 0.000218
- BIL_vol3m: 0.002524
- BND_mdd: -0.001191
- BND_r12m: 0.071298
TargetWeights(JSON): {""SPY"": 0.019, ""QQQ"": 0.019, ""IWM"": 0.019, ""DIA"": 0.019, ""EFA"": 0.019, ""EEM"": 0.019, ""VEA"": 0.019, ""VWO"": 0.019, ""AGG"": 0.019, ""BND"": 0.019, ""SHY"": 0.019, ""IEF"": 0.019, ""TLT"": 0.019, ""TIP"": 0.019, ""LQD"": 0.019, ""HYG"": 0.019, ""GLD"": 0.019, ""SLV"": 0.019, ""DBC"": 0.019, ""VNQ"": 0.019, ""UUP"": 0.019, ""BIL"": 0.6}

Current Features:
- AGG_mdd: 0.000000
- AGG_r12m: 0.065472
- AGG_r1m: 0.011205
- AGG_r3m: 0.021967
- AGG_vol3m: 0.031420
- BIL_mdd: -0.003009
- BIL_r12m: -0.000874
- BIL_r1m: -0.000219
- BIL_r3m: -0.000219
- BIL_vol3m: 0.002685
- BND_mdd: 0.000000
- BND_r12m: 0.065944
- BND_r1m: 0.012052
- BND_r3m: 0.020174
- BND_vol3m: 0.029364
- DBC_mdd: -0.442356
- DBC_r12m: -0.292528
- DBC_r1m: -0.119684
- DBC_r3m: -0.230104
- DBC_vol3m: 0.169792
- DIA_mdd: -0.037738
- DIA_r12m: 0.079842
- DIA_r1m: -0.028326
- DIA_r3m: 0.027331
- DIA_vol3m: 0.136526
- EEM_mdd: -0.180100
- EEM_r12m: -0.024417
- EEM_r1m: -0.060903
- EEM_r3m: -0.080215
- EEM_vol3m: 0.173619
- EFA_mdd: -0.146895
- EFA_r12m: -0.081909
- EFA_r1m: -0.074711
- EFA_r3m: -0.063856
- EFA_vol3m: 0.156563
- GLD_mdd: -0.365513
- GLD_r12m: -0.019916
- GLD_r1m: 0.010701
- GLD_r3m: 0.009394
- GLD_vol3m: 0.199504
- HYG_mdd: -0.043561
- HYG_r12m: 0.002075
- HYG_r1m: -0.017377
- HYG_r3m: -0.028630
- HYG_vol3m: 0.089427
- IEF_mdd: 0.000000
- IEF_r12m: 0.103552
- IEF_r1m: 0.022424
- IEF_r3m: 0.041298
- IEF_vol3m: 0.056810
- IWM_mdd: -0.047418
- IWM_r12m: 0.026759
- IWM_r1m: -0.009163
- IWM_r3m: 0.064665
- IWM_vol3m: 0.184207
- LQD_mdd: 0.000000
- LQD_r12m: 0.088685
- LQD_r1m: 0.019253
- LQD_r3m: 0.023776
- LQD_vol3m: 0.046330
- QQQ_mdd: -0.052515
- QQQ_r12m: 0.177053
- QQQ_r1m: -0.046760
- QQQ_r3m: 0.025345
- QQQ_vol3m: 0.162010
- SHY_mdd: -0.003049
- SHY_r12m: 0.005778
- SHY_r1m: -0.000908
- SHY_r3m: 0.001314
- SHY_vol3m: 0.009496
- SLV_mdd: -0.665044
- SLV_r12m: -0.184861
- SLV_r1m: 0.003805
- SLV_r3m: -0.046386
- SLV_vol3m: 0.324125
- SPY_mdd: -0.042641
- SPY_r12m: 0.117156
- SPY_r1m: -0.032443
- SPY_r3m: 0.023602
- SPY_vol3m: 0.144337
- TIP_mdd: -0.059674
- TIP_r12m: 0.037075
- TIP_r1m: 0.001599
- TIP_r3m: 0.003376
- TIP_vol3m: 0.047878
- TLT_mdd: 0.000000
- TLT_r12m: 0.321349
- TLT_r1m: 0.083159
- TLT_r3m: 0.125499
- TLT_vol3m: 0.122123
- UUP_mdd: -0.059233
- UUP_r12m: 0.120849
- UUP_r1m: 0.032724
- UUP_r3m: 0.064855
- UUP_vol3m: 0.075172
- VEA_mdd: -0.144573
- VEA_r12m: -0.078395
- VEA_r1m: -0.072640
- VEA_r3m: -0.062204
- VEA_vol3m: 0.148983
- VNQ_mdd: 0.000000
- VNQ_r12m: 0.329659
- VNQ_r1m: 0.044789
- VNQ_r3m: 0.168410
- VNQ_vol3m: 0.122973
- VWO_mdd: -0.154268
- VWO_r12m: 0.013689
- VWO_r1m: -0.063296
- VWO_r3m: -0.078819
- VWO_vol3m: 0.183744
- cross_vol: 0.118959
Assets: SPY, QQQ, IWM, DIA, EFA, EEM, VEA, VWO, AGG, BND, SHY, IEF, TLT, TIP, LQD, HYG, GLD, SLV, DBC, VNQ, UUP, BIL","{""SPY"":0.019019019,""QQQ"":0.019019019,""IWM"":0.019019019,""DIA"":0.019019019,""EFA"":0.019019019,""EEM"":0.019019019,""VEA"":0.019019019,""VWO"":0.019019019,""AGG"":0.019019019,""BND"":0.019019019,""SHY"":0.019019019,""IEF"":0.019019019,""TLT"":0.019019019,""TIP"":0.019019019,""LQD"":0.019019019,""HYG"":0.019019019,""GLD"":0.019019019,""SLV"":0.019019019,""DBC"":0.019019019,""VNQ"":0.019019019,""UUP"":0.019019019,""BIL"":0.6006006006}","{""SPY"":0.019047619,""QQQ"":0.019047619,""IWM"":0.019047619,""DIA"":0.019047619,""EFA"":0.019047619,""EEM"":0.019047619,""VEA"":0.019047619,""VWO"":0.019047619,""AGG"":0.019047619,""BND"":0.019047619,""SHY"":0.019047619,""IEF"":0.019047619,""TLT"":0.019047619,""TIP"":0.019047619,""LQD"":0.019047619,""HYG"":0.019047619,""GLD"":0.019047619,""SLV"":0.019047619,""DBC"":0.019047619,""VNQ"":0.019047619,""UUP"":0.019047619,""BIL"":0.6}","{""SPY"":0.019047619,""QQQ"":0.019047619,""IWM"":0.019047619,""DIA"":0.019047619,""EFA"":0.019047619,""EEM"":0.019047619,""VEA"":0.019047619,""VWO"":0.019047619,""AGG"":0.019047619,""BND"":0.019047619,""SHY"":0.019047619,""IEF"":0.019047619,""TLT"":0.019047619,""TIP"":0.019047619,""LQD"":0.019047619,""HYG"":0.019047619,""GLD"":0.019047619,""SLV"":0.019047619,""DBC"":0.019047619,""VNQ"":0.019047619,""UUP"":0.019047619,""BIL"":0.6}",0
46c8e325145ea2032d53b273,p2_reconciliation_v1,B_wfcv_no_fewshot,llama3.1:8b,P2,2015-01-06,3,1260,BIL,SPY,SPY,0,0,1.1428571428571426,6.591949208711867e-17,a3a3665bcf429c733164d7890ae0aabae5b9bc4c2e1c612f53afe92bae4f4cc8,3540,e3b0c44298fc1c149afbf4c8996fb92427ae41e4649b934ca495991b7852b855,0,1,0,0,16.19082183300634,1,"{
  ""weights"": {
    ""SPY"": 0.6,
    ""QQQ"": 0.1,
    ""IWM"": 0.1,
    ""DIA"": 0.05,
    ""EFA"": 0.05,
    ""EEM"": 0.05,
    ""VEA"": 0.05,
    ""VWO"": 0.05,
    ""AGG"": 0.05,
    ""BND"": 0.05,
    ""SHY"": 0.05,
    ""IEF"": 0.05,
    ""TLT"": 0.05,
    ""TIP"": 0.05,
    ""LQD"": 0.05,
    ""HYG"": 0.05,
    ""GLD"": 0.05,
    ""SLV"": 0.05,
    ""DBC"": 0.05,
    ""VNQ"": 0.05,
    ""UUP"": 0.05,
    ""BIL"": 0.05
  }
}","You are a DEFENSIVE LOW-VOLATILITY policy profile. Your task is to translate a natural-language risk-averse policy into provisional portfolio weights. Use only the provided feature values, not outside market knowledge. Identify the eligible asset that appears safest, defined by the lowest `_vol3m` value. This is a defensive single-core policy profile, so do not default to equal weights when one asset clearly has the lowest recent volatility. Allocate 60% of the total portfolio weight to this safest asset as the language-level policy target. The hard maximum-weight constraint is 60%. Do not solve the projection yourself; express the language-level target and let the projection layer enforce feasibility before execution. Distribute the remaining weight equally among all other eligible assets. Use only tickers from the provided asset list. Include every eligible ticker exactly once. Return strictly valid JSON only. The `weights` field MUST be a JSON object where keys are tickers and values are numeric portfolio weights expressed as decimals, not percentages.



Current Features:
- AGG_mdd: 0.000000
- AGG_r12m: 0.065472
- AGG_r1m: 0.011205
- AGG_r3m: 0.021967
- AGG_vol3m: 0.031420
- BIL_mdd: -0.003009
- BIL_r12m: -0.000874
- BIL_r1m: -0.000219
- BIL_r3m: -0.000219
- BIL_vol3m: 0.002685
- BND_mdd: 0.000000
- BND_r12m: 0.065944
- BND_r1m: 0.012052
- BND_r3m: 0.020174
- BND_vol3m: 0.029364
- DBC_mdd: -0.442356
- DBC_r12m: -0.292528
- DBC_r1m: -0.119684
- DBC_r3m: -0.230104
- DBC_vol3m: 0.169792
- DIA_mdd: -0.037738
- DIA_r12m: 0.079842
- DIA_r1m: -0.028326
- DIA_r3m: 0.027331
- DIA_vol3m: 0.136526
- EEM_mdd: -0.180100
- EEM_r12m: -0.024417
- EEM_r1m: -0.060903
- EEM_r3m: -0.080215
- EEM_vol3m: 0.173619
- EFA_mdd: -0.146895
- EFA_r12m: -0.081909
- EFA_r1m: -0.074711
- EFA_r3m: -0.063856
- EFA_vol3m: 0.156563
- GLD_mdd: -0.365513
- GLD_r12m: -0.019916
- GLD_r1m: 0.010701
- GLD_r3m: 0.009394
- GLD_vol3m: 0.199504
- HYG_mdd: -0.043561
- HYG_r12m: 0.002075
- HYG_r1m: -0.017377
- HYG_r3m: -0.028630
- HYG_vol3m: 0.089427
- IEF_mdd: 0.000000
- IEF_r12m: 0.103552
- IEF_r1m: 0.022424
- IEF_r3m: 0.041298
- IEF_vol3m: 0.056810
- IWM_mdd: -0.047418
- IWM_r12m: 0.026759
- IWM_r1m: -0.009163
- IWM_r3m: 0.064665
- IWM_vol3m: 0.184207
- LQD_mdd: 0.000000
- LQD_r12m: 0.088685
- LQD_r1m: 0.019253
- LQD_r3m: 0.023776
- LQD_vol3m: 0.046330
- QQQ_mdd: -0.052515
- QQQ_r12m: 0.177053
- QQQ_r1m: -0.046760
- QQQ_r3m: 0.025345
- QQQ_vol3m: 0.162010
- SHY_mdd: -0.003049
- SHY_r12m: 0.005778
- SHY_r1m: -0.000908
- SHY_r3m: 0.001314
- SHY_vol3m: 0.009496
- SLV_mdd: -0.665044
- SLV_r12m: -0.184861
- SLV_r1m: 0.003805
- SLV_r3m: -0.046386
- SLV_vol3m: 0.324125
- SPY_mdd: -0.042641
- SPY_r12m: 0.117156
- SPY_r1m: -0.032443
- SPY_r3m: 0.023602
- SPY_vol3m: 0.144337
- TIP_mdd: -0.059674
- TIP_r12m: 0.037075
- TIP_r1m: 0.001599
- TIP_r3m: 0.003376
- TIP_vol3m: 0.047878
- TLT_mdd: 0.000000
- TLT_r12m: 0.321349
- TLT_r1m: 0.083159
- TLT_r3m: 0.125499
- TLT_vol3m: 0.122123
- UUP_mdd: -0.059233
- UUP_r12m: 0.120849
- UUP_r1m: 0.032724
- UUP_r3m: 0.064855
- UUP_vol3m: 0.075172
- VEA_mdd: -0.144573
- VEA_r12m: -0.078395
- VEA_r1m: -0.072640
- VEA_r3m: -0.062204
- VEA_vol3m: 0.148983
- VNQ_mdd: 0.000000
- VNQ_r12m: 0.329659
- VNQ_r1m: 0.044789
- VNQ_r3m: 0.168410
- VNQ_vol3m: 0.122973
- VWO_mdd: -0.154268
- VWO_r12m: 0.013689
- VWO_r1m: -0.063296
- VWO_r3m: -0.078819
- VWO_vol3m: 0.183744
- cross_vol: 0.118959
Assets: SPY, QQQ, IWM, DIA, EFA, EEM, VEA, VWO, AGG, BND, SHY, IEF, TLT, TIP, LQD, HYG, GLD, SLV, DBC, VNQ, UUP, BIL","{""SPY"":0.3428571429,""QQQ"":0.0571428571,""IWM"":0.0571428571,""DIA"":0.0285714286,""EFA"":0.0285714286,""EEM"":0.0285714286,""VEA"":0.0285714286,""VWO"":0.0285714286,""AGG"":0.0285714286,""BND"":0.0285714286,""SHY"":0.0285714286,""IEF"":0.0285714286,""TLT"":0.0285714286,""TIP"":0.0285714286,""LQD"":0.0285714286,""HYG"":0.0285714286,""GLD"":0.0285714286,""SLV"":0.0285714286,""DBC"":0.0285714286,""VNQ"":0.0285714286,""UUP"":0.0285714286,""BIL"":0.0285714286}","{""SPY"":0.3428571429,""QQQ"":0.0571428571,""IWM"":0.0571428571,""DIA"":0.0285714286,""EFA"":0.0285714286,""EEM"":0.0285714286,""VEA"":0.0285714286,""VWO"":0.0285714286,""AGG"":0.0285714286,""BND"":0.0285714286,""SHY"":0.0285714286,""IEF"":0.0285714286,""TLT"":0.0285714286,""TIP"":0.0285714286,""LQD"":0.0285714286,""HYG"":0.0285714286,""GLD"":0.0285714286,""SLV"":0.0285714286,""DBC"":0.0285714286,""VNQ"":0.0285714286,""UUP"":0.0285714286,""BIL"":0.0285714286}","{""SPY"":0.019047619,""QQQ"":0.019047619,""IWM"":0.019047619,""DIA"":0.019047619,""EFA"":0.019047619,""EEM"":0.019047619,""VEA"":0.019047619,""VWO"":0.019047619,""AGG"":0.019047619,""BND"":0.019047619,""SHY"":0.019047619,""IEF"":0.019047619,""TLT"":0.019047619,""TIP"":0.019047619,""LQD"":0.019047619,""HYG"":0.019047619,""GLD"":0.019047619,""SLV"":0.019047619,""DBC"":0.019047619,""VNQ"":0.019047619,""UUP"":0.019047619,""BIL"":0.6}",0
8b356e9f3e2dac720af4a540,p2_reconciliation_v1,C_bridge_canonical,llama3.1:8b,P2,2015-01-06,3,1260,BIL,SPY,SPY,0,0,1.1952380952380952,2.0816681711721685e-16,94deb47bc83e7abe51f878bd2b5dd51ad3b648d567781ba8ac157118a5884237,3376,e3b0c44298fc1c149afbf4c8996fb92427ae41e4649b934ca495991b7852b855,0,1,0,0,17.160481750004692,1,"{
  ""weights"": {
    ""SPY"": 0.6,
    ""QQQ"": 0.1,
    ""IWM"": 0.1,
    ""DIA"": 0.05,
    ""EFA"": 0.05,
    ""EEM"": 0.05,
    ""VEA"": 0.05,
    ""VWO"": 0.05,
    ""AGG"": 0.025,
    ""BND"": 0.025,
    ""SHY"": 0.025,
    ""IEF"": 0.025,
    ""TLT"": 0.025,
    ""TIP"": 0.025,
    ""LQD"": 0.025,
    ""HYG"": 0.025,
    ""GLD"": 0.025,
    ""SLV"": 0.025,
    ""DBC"": 0.025,
    ""VNQ"": 0.025,
    ""UUP"": 0.025,
    ""BIL"": 0.025
  }
}","You are a DEFENSIVE LOW-VOLATILITY policy profile. Use only the provided feature values. Strongly favor the eligible asset with the lowest `_vol3m` value. Allocate 60.0% of total portfolio weight to that target asset as the language-level policy target. Distribute the remaining weight equally among all other eligible assets. Include every eligible ticker exactly once. Return strictly valid JSON only with a `weights` object whose values are decimals, not percentages.
Hard constraints for the execution layer: long-only weights, weights sum to one, maximum single-asset weight 0.60, and turnover cap 0.25. You propose weights; deterministic projection will enforce final feasibility.

Current Features:
- SPY_r1m: -0.03244306
- SPY_r3m: 0.02360224
- SPY_r12m: 0.11715580
- SPY_vol3m: 0.14433749
- SPY_mdd: -0.04264086
- QQQ_r1m: -0.04676015
- QQQ_r3m: 0.02534540
- QQQ_r12m: 0.17705348
- QQQ_vol3m: 0.16201022
- QQQ_mdd: -0.05251524
- IWM_r1m: -0.00916268
- IWM_r3m: 0.06466505
- IWM_r12m: 0.02675875
- IWM_vol3m: 0.18420720
- IWM_mdd: -0.04741844
- DIA_r1m: -0.02832611
- DIA_r3m: 0.02733145
- DIA_r12m: 0.07984188
- DIA_vol3m: 0.13652649
- DIA_mdd: -0.03773792
- EFA_r1m: -0.07471109
- EFA_r3m: -0.06385630
- EFA_r12m: -0.08190898
- EFA_vol3m: 0.15656263
- EFA_mdd: -0.14689460
- EEM_r1m: -0.06090283
- EEM_r3m: -0.08021499
- EEM_r12m: -0.02441658
- EEM_vol3m: 0.17361853
- EEM_mdd: -0.18010027
- VEA_r1m: -0.07264001
- VEA_r3m: -0.06220420
- VEA_r12m: -0.07839452
- VEA_vol3m: 0.14898256
- VEA_mdd: -0.14457327
- VWO_r1m: -0.06329643
- VWO_r3m: -0.07881914
- VWO_r12m: 0.01368929
- VWO_vol3m: 0.18374387
- VWO_mdd: -0.15426752
- AGG_r1m: 0.01120547
- AGG_r3m: 0.02196715
- AGG_r12m: 0.06547224
- AGG_vol3m: 0.03141960
- AGG_mdd: 0.00000000
- BND_r1m: 0.01205188
- BND_r3m: 0.02017390
- BND_r12m: 0.06594427
- BND_vol3m: 0.02936378
- BND_mdd: 0.00000000
- SHY_r1m: -0.00090804
- SHY_r3m: 0.00131441
- SHY_r12m: 0.00577829
- SHY_vol3m: 0.00949615
- SHY_mdd: -0.00304905
- IEF_r1m: 0.02242371
- IEF_r3m: 0.04129794
- IEF_r12m: 0.10355235
- IEF_vol3m: 0.05680987
- IEF_mdd: 0.00000000
- TLT_r1m: 0.08315856
- TLT_r3m: 0.12549927
- TLT_r12m: 0.32134877
- TLT_vol3m: 0.12212330
- TLT_mdd: 0.00000000
- TIP_r1m: 0.00159878
- TIP_r3m: 0.00337614
- TIP_r12m: 0.03707545
- TIP_vol3m: 0.04787824
- TIP_mdd: -0.05967402
- LQD_r1m: 0.01925328
- LQD_r3m: 0.02377574
- LQD_r12m: 0.08868534
- LQD_vol3m: 0.04633034
- LQD_mdd: 0.00000000
- HYG_r1m: -0.01737695
- HYG_r3m: -0.02862974
- HYG_r12m: 0.00207514
- HYG_vol3m: 0.08942673
- HYG_mdd: -0.04356146
- GLD_r1m: 0.01070077
- GLD_r3m: 0.00939416
- GLD_r12m: -0.01991630
- GLD_vol3m: 0.19950373
- GLD_mdd: -0.36551273
- SLV_r1m: 0.00380466
- SLV_r3m: -0.04638557
- SLV_r12m: -0.18486098
- SLV_vol3m: 0.32412521
- SLV_mdd: -0.66504442
- DBC_r1m: -0.11968361
- DBC_r3m: -0.23010391
- DBC_r12m: -0.29252787
- DBC_vol3m: 0.16979215
- DBC_mdd: -0.44235597
- VNQ_r1m: 0.04478921
- VNQ_r3m: 0.16840976
- VNQ_r12m: 0.32965897
- VNQ_vol3m: 0.12297337
- VNQ_mdd: 0.00000000
- UUP_r1m: 0.03272411
- UUP_r3m: 0.06485540
- UUP_r12m: 0.12084870
- UUP_vol3m: 0.07517205
- UUP_mdd: -0.05923341
- BIL_r1m: -0.00021862
- BIL_r3m: -0.00021862
- BIL_r12m: -0.00087401
- BIL_vol3m: 0.00268488
- BIL_mdd: -0.00300877
- cross_vol: 0.11895856

Assets: SPY, QQQ, IWM, DIA, EFA, EEM, VEA, VWO, AGG, BND, SHY, IEF, TLT, TIP, LQD, HYG, GLD, SLV, DBC, VNQ, UUP, BIL","{""SPY"":0.4285714286,""QQQ"":0.0714285714,""IWM"":0.0714285714,""DIA"":0.0357142857,""EFA"":0.0357142857,""EEM"":0.0357142857,""VEA"":0.0357142857,""VWO"":0.0357142857,""AGG"":0.0178571429,""BND"":0.0178571429,""SHY"":0.0178571429,""IEF"":0.0178571429,""TLT"":0.0178571429,""TIP"":0.0178571429,""LQD"":0.0178571429,""HYG"":0.0178571429,""GLD"":0.0178571429,""SLV"":0.0178571429,""DBC"":0.0178571429,""VNQ"":0.0178571429,""UUP"":0.0178571429,""BIL"":0.0178571429}","{""SPY"":0.4285714286,""QQQ"":0.0714285714,""IWM"":0.0714285714,""DIA"":0.0357142857,""EFA"":0.0357142857,""EEM"":0.0357142857,""VEA"":0.0357142857,""VWO"":0.0357142857,""AGG"":0.0178571429,""BND"":0.0178571429,""SHY"":0.0178571429,""IEF"":0.0178571429,""TLT"":0.0178571429,""TIP"":0.0178571429,""LQD"":0.0178571429,""HYG"":0.0178571429,""GLD"":0.0178571429,""SLV"":0.0178571429,""DBC"":0.0178571429,""VNQ"":0.0178571429,""UUP"":0.0178571429,""BIL"":0.0178571429}","{""SPY"":0.019047619,""QQQ"":0.019047619,""IWM"":0.019047619,""DIA"":0.019047619,""EFA"":0.019047619,""EEM"":0.019047619,""VEA"":0.019047619,""VWO"":0.019047619,""AGG"":0.019047619,""BND"":0.019047619,""SHY"":0.019047619,""IEF"":0.019047619,""TLT"":0.019047619,""TIP"":0.019047619,""LQD"":0.019047619,""HYG"":0.019047619,""GLD"":0.019047619,""SLV"":0.019047619,""DBC"":0.019047619,""VNQ"":0.019047619,""UUP"":0.019047619,""BIL"":0.6}",0
d48f3da30280d23f5eb6804d,p2_reconciliation_v1,A_wfcv_exact,gemma3:270m,P2,2017-03-08,5,1806,BIL,BIL,BIL,1,1,0.0,0.0012012012012015266,5f0edc793b3cb38a362a32ff4317ecdb0c6f460404966868df45ffecfe952812,5960,6b3ec67229cdc8df09511119616a82fa8af7131dc1ade6b28a22e9c90dd21cbd,2420,1,0,0,1.941083500001696,1,"{""weights"": {""SPY"": 0.019, ""QQQ"": 0.019, ""IWM"": 0.019, ""DIA"": 0.019, ""EFA"": 0.019, ""EEM"": 0.019, ""VEA"": 0.019, ""VWO"": 0.019, ""AGG"": 0.019, ""BND"": 0.019, ""SHY"": 0.019, ""IEF"": 0.019, ""TLT"": 0.019, ""TIP"": 0.019, ""LQD"": 0.019, ""HYG"": 0.019, ""GLD"": 0.019, ""SLV"": 0.019, ""DBC"": 0.019, ""VNQ"": 0.019, ""UUP"": 0.019, ""BIL"": 0.6}}","You are a DEFENSIVE LOW-VOLATILITY policy profile. Your task is to translate a natural-language risk-averse policy into provisional portfolio weights. Use only the provided feature values, not outside market knowledge. Identify the eligible asset that appears safest, defined by the lowest `_vol3m` value. This is a defensive single-core policy profile, so do not default to equal weights when one asset clearly has the lowest recent volatility. Allocate 60% of the total portfolio weight to this safest asset as the language-level policy target. The hard maximum-weight constraint is 60%. Do not solve the projection yourself; express the language-level target and let the projection layer enforce feasibility before execution. Distribute the remaining weight equally among all other eligible assets. Use only tickers from the provided asset list. Include every eligible ticker exactly once. Return strictly valid JSON only. The `weights` field MUST be a JSON object where keys are tickers and values are numeric portfolio weights expressed as decimals, not percentages.

### EXAMPLE 1
Features:
- AGG_mdd: -0.004919
- AGG_r12m: 0.039253
- AGG_r1m: 0.001803
- AGG_r3m: 0.002834
- AGG_vol3m: 0.021834
- BIL_mdd: -0.001482
- BIL_r12m: -0.000436
- BIL_r1m: -0.000218
- BIL_r3m: -0.000218
- BIL_vol3m: 0.001812
- BND_mdd: -0.011769
- BND_r12m: 0.030772
TargetWeights(JSON): {""SPY"": 0.019, ""QQQ"": 0.019, ""IWM"": 0.019, ""DIA"": 0.019, ""EFA"": 0.019, ""EEM"": 0.019, ""VEA"": 0.019, ""VWO"": 0.019, ""AGG"": 0.019, ""BND"": 0.019, ""SHY"": 0.019, ""IEF"": 0.019, ""TLT"": 0.019, ""TIP"": 0.019, ""LQD"": 0.019, ""HYG"": 0.019, ""GLD"": 0.019, ""SLV"": 0.019, ""DBC"": 0.019, ""VNQ"": 0.019, ""UUP"": 0.019, ""BIL"": 0.6}
### EXAMPLE 2
Features:
- AGG_mdd: -0.025477
- AGG_r12m: 0.020284
- AGG_r1m: -0.008267
- AGG_r3m: -0.004900
- AGG_vol3m: 0.040281
- BIL_mdd: -0.003444
- BIL_r12m: -0.001092
- BIL_r1m: -0.000218
- BIL_r3m: -0.000218
- BIL_vol3m: 0.002677
- BND_mdd: -0.027594
- BND_r12m: 0.019346
TargetWeights(JSON): {""SPY"": 0.019, ""QQQ"": 0.019, ""IWM"": 0.019, ""DIA"": 0.019, ""EFA"": 0.019, ""EEM"": 0.019, ""VEA"": 0.019, ""VWO"": 0.019, ""AGG"": 0.019, ""BND"": 0.019, ""SHY"": 0.019, ""IEF"": 0.019, ""TLT"": 0.019, ""TIP"": 0.019, ""LQD"": 0.019, ""HYG"": 0.019, ""GLD"": 0.019, ""SLV"": 0.019, ""DBC"": 0.019, ""VNQ"": 0.019, ""UUP"": 0.019, ""BIL"": 0.6}
### EXAMPLE 3
Features:
- AGG_mdd: -0.006579
- AGG_r12m: 0.028799
- AGG_r1m: 0.010248
- AGG_r3m: 0.014750
- AGG_vol3m: 0.034384
- BIL_mdd: -0.003662
- BIL_r12m: -0.001310
- BIL_r1m: 0.000000
- BIL_r3m: -0.000219
- BIL_vol3m: 0.002457
- BND_mdd: -0.008413
- BND_r12m: 0.028189
TargetWeights(JSON): {""SPY"": 0.019, ""QQQ"": 0.019, ""IWM"": 0.019, ""DIA"": 0.019, ""EFA"": 0.019, ""EEM"": 0.019, ""VEA"": 0.019, ""VWO"": 0.019, ""AGG"": 0.019, ""BND"": 0.019, ""SHY"": 0.019, ""IEF"": 0.019, ""TLT"": 0.019, ""TIP"": 0.019, ""LQD"": 0.019, ""HYG"": 0.019, ""GLD"": 0.019, ""SLV"": 0.019, ""DBC"": 0.019, ""VNQ"": 0.019, ""UUP"": 0.019, ""BIL"": 0.6}
### EXAMPLE 4
Features:
- AGG_mdd: -0.005079
- AGG_r12m: 0.054944
- AGG_r1m: 0.002489
- AGG_r3m: 0.029273
- AGG_vol3m: 0.051778
- BIL_mdd: -0.000654
- BIL_r12m: -0.000436
- BIL_r1m: -0.000436
- BIL_r3m: -0.000436
- BIL_vol3m: 0.002780
- BND_mdd: -0.003934
- BND_r12m: 0.058634
TargetWeights(JSON): {""SPY"": 0.019, ""QQQ"": 0.019, ""IWM"": 0.019, ""DIA"": 0.019, ""EFA"": 0.019, ""EEM"": 0.019, ""VEA"": 0.019, ""VWO"": 0.019, ""AGG"": 0.019, ""BND"": 0.019, ""SHY"": 0.019, ""IEF"": 0.019, ""TLT"": 0.019, ""TIP"": 0.019, ""LQD"": 0.019, ""HYG"": 0.019, ""GLD"": 0.019, ""SLV"": 0.019, ""DBC"": 0.019, ""VNQ"": 0.019, ""UUP"": 0.019, ""BIL"": 0.6}

Current Features:
- AGG_mdd: -0.036098
- AGG_r12m: 0.003530
- AGG_r1m: -0.005837
- AGG_r3m: 0.000419
- AGG_vol3m: 0.033724
- BIL_mdd: -0.002464
- BIL_r12m: 0.001641
- BIL_r1m: -0.000176
- BIL_r3m: 0.000525
- BIL_vol3m: 0.003394
- BND_mdd: -0.038472
- BND_r12m: 0.003350
- BND_r1m: -0.006098
- BND_r3m: 0.000119
- BND_vol3m: 0.034523
- DBC_mdd: -0.524436
- DBC_r12m: 0.149129
- DBC_r1m: -0.039848
- DBC_r3m: -0.031888
- DBC_vol3m: 0.114383
- DIA_mdd: -0.011421
- DIA_r12m: 0.260084
- DIA_r1m: 0.044429
- DIA_r3m: 0.091663
- DIA_vol3m: 0.069382
- EEM_mdd: -0.145545
- EEM_r12m: 0.199142
- EEM_r1m: 0.006108
- EEM_r3m: 0.082272
- EEM_vol3m: 0.133667
- EFA_mdd: -0.069409
- EFA_r12m: 0.115649
- EFA_r1m: 0.010049
- EFA_r3m: 0.063970
- EFA_vol3m: 0.081737
- GLD_mdd: -0.376673
- GLD_r12m: -0.045779
- GLD_r1m: -0.022430
- GLD_r3m: 0.031558
- GLD_vol3m: 0.110871
- HYG_mdd: -0.018929
- HYG_r12m: 0.135169
- HYG_r1m: -0.005513
- HYG_r3m: 0.023475
- HYG_vol3m: 0.039222
- IEF_mdd: -0.075176
- IEF_r12m: -0.033460
- IEF_r1m: -0.010606
- IEF_r3m: -0.005929
- IEF_vol3m: 0.053017
- IWM_mdd: -0.031775
- IWM_r12m: 0.298724
- IWM_r1m: 0.000442
- IWM_r3m: 0.024864
- IWM_vol3m: 0.134711
- LQD_mdd: -0.044763
- LQD_r12m: 0.040075
- LQD_r1m: -0.006423
- LQD_r3m: 0.005582
- LQD_vol3m: 0.047535
- QQQ_mdd: -0.005326
- QQQ_r12m: 0.269287
- QQQ_r1m: 0.039021
- QQQ_r3m: 0.124585
- QQQ_vol3m: 0.073851
- SHY_mdd: -0.007901
- SHY_r12m: 0.001252
- SHY_r1m: -0.002911
- SHY_r3m: -0.000996
- SHY_vol3m: 0.009453
- SLV_mdd: -0.654676
- SLV_r12m: 0.116279
- SLV_r1m: -0.029727
- SLV_r3m: 0.027708
- SLV_vol3m: 0.198056
- SPY_mdd: -0.013429
- SPY_r12m: 0.217943
- SPY_r1m: 0.033329
- SPY_r3m: 0.076716
- SPY_vol3m: 0.070497
- TIP_mdd: -0.040967
- TIP_r12m: 0.019038
- TIP_r1m: -0.009289
- TIP_r3m: -0.000530
- TIP_vol3m: 0.042489
- TLT_mdd: -0.166521
- TLT_r12m: -0.071815
- TLT_r1m: -0.014310
- TLT_r3m: -0.007521
- TLT_vol3m: 0.112363
- UUP_mdd: -0.011985
- UUP_r12m: 0.046410
- UUP_r1m: 0.022481
- UUP_r3m: 0.019320
- UUP_vol3m: 0.076328
- VEA_mdd: -0.051298
- VEA_r12m: 0.126420
- VEA_r1m: 0.005797
- VEA_r3m: 0.061625
- VEA_vol3m: 0.082327
- VNQ_mdd: -0.091344
- VNQ_r12m: 0.083706
- VNQ_r1m: -0.009315
- VNQ_r3m: 0.037462
- VNQ_vol3m: 0.130806
- VWO_mdd: -0.108617
- VWO_r12m: 0.210149
- VWO_r1m: 0.012042
- VWO_r3m: 0.078770
- VWO_vol3m: 0.126587
- cross_vol: 0.080860
Assets: SPY, QQQ, IWM, DIA, EFA, EEM, VEA, VWO, AGG, BND, SHY, IEF, TLT, TIP, LQD, HYG, GLD, SLV, DBC, VNQ, UUP, BIL","{""SPY"":0.019019019,""QQQ"":0.019019019,""IWM"":0.019019019,""DIA"":0.019019019,""EFA"":0.019019019,""EEM"":0.019019019,""VEA"":0.019019019,""VWO"":0.019019019,""AGG"":0.019019019,""BND"":0.019019019,""SHY"":0.019019019,""IEF"":0.019019019,""TLT"":0.019019019,""TIP"":0.019019019,""LQD"":0.019019019,""HYG"":0.019019019,""GLD"":0.019019019,""SLV"":0.019019019,""DBC"":0.019019019,""VNQ"":0.019019019,""UUP"":0.019019019,""BIL"":0.6006006006}","{""SPY"":0.019047619,""QQQ"":0.019047619,""IWM"":0.019047619,""DIA"":0.019047619,""EFA"":0.019047619,""EEM"":0.019047619,""VEA"":0.019047619,""VWO"":0.019047619,""AGG"":0.019047619,""BND"":0.019047619,""SHY"":0.019047619,""IEF"":0.019047619,""TLT"":0.019047619,""TIP"":0.019047619,""LQD"":0.019047619,""HYG"":0.019047619,""GLD"":0.019047619,""SLV"":0.019047619,""DBC"":0.019047619,""VNQ"":0.019047619,""UUP"":0.019047619,""BIL"":0.6}","{""SPY"":0.019047619,""QQQ"":0.019047619,""IWM"":0.019047619,""DIA"":0.019047619,""EFA"":0.019047619,""EEM"":0.019047619,""VEA"":0.019047619,""VWO"":0.019047619,""AGG"":0.019047619,""BND"":0.019047619,""SHY"":0.019047619,""IEF"":0.019047619,""TLT"":0.019047619,""TIP"":0.019047619,""LQD"":0.019047619,""HYG"":0.019047619,""GLD"":0.019047619,""SLV"":0.019047619,""DBC"":0.019047619,""VNQ"":0.019047619,""UUP"":0.019047619,""BIL"":0.6}",0
0b0e077e012a1cbff8d1f6d3,p2_reconciliation_v1,B_wfcv_no_fewshot,gemma3:270m,P2,2017-03-08,5,1806,BIL,SPY,SPY,0,0,1.1090909090909091,3.0531133177191805e-16,2efda69be6bcdd712366a309585a8781c3379eec71158f921dbc5ebf21e60ab1,3540,e3b0c44298fc1c149afbf4c8996fb92427ae41e4649b934ca495991b7852b855,0,1,0,0,1.4746039169986034,1,"{""weights"": {""SPY"": 60, ""QQQ"": 60, ""IWM"": 60, ""DIA"": 60, ""EFA"": 60, ""EEM"": 60, ""VEA"": 60, ""VWO"": 60, ""AGG"": 60, ""BND"": 60, ""SHY"": 60, ""IEF"": 60, ""TLT"": 60, ""TIP"": 60, ""LQD"": 60, ""HYG"": 60, ""GLD"": 60, ""SLV"": 60, ""DBC"": 60, ""VNQ"": 60, ""UUP"": 60, ""BIL"": 60}}","You are a DEFENSIVE LOW-VOLATILITY policy profile. Your task is to translate a natural-language risk-averse policy into provisional portfolio weights. Use only the provided feature values, not outside market knowledge. Identify the eligible asset that appears safest, defined by the lowest `_vol3m` value. This is a defensive single-core policy profile, so do not default to equal weights when one asset clearly has the lowest recent volatility. Allocate 60% of the total portfolio weight to this safest asset as the language-level policy target. The hard maximum-weight constraint is 60%. Do not solve the projection yourself; express the language-level target and let the projection layer enforce feasibility before execution. Distribute the remaining weight equally among all other eligible assets. Use only tickers from the provided asset list. Include every eligible ticker exactly once. Return strictly valid JSON only. The `weights` field MUST be a JSON object where keys are tickers and values are numeric portfolio weights expressed as decimals, not percentages.



Current Features:
- AGG_mdd: -0.036098
- AGG_r12m: 0.003530
- AGG_r1m: -0.005837
- AGG_r3m: 0.000419
- AGG_vol3m: 0.033724
- BIL_mdd: -0.002464
- BIL_r12m: 0.001641
- BIL_r1m: -0.000176
- BIL_r3m: 0.000525
- BIL_vol3m: 0.003394
- BND_mdd: -0.038472
- BND_r12m: 0.003350
- BND_r1m: -0.006098
- BND_r3m: 0.000119
- BND_vol3m: 0.034523
- DBC_mdd: -0.524436
- DBC_r12m: 0.149129
- DBC_r1m: -0.039848
- DBC_r3m: -0.031888
- DBC_vol3m: 0.114383
- DIA_mdd: -0.011421
- DIA_r12m: 0.260084
- DIA_r1m: 0.044429
- DIA_r3m: 0.091663
- DIA_vol3m: 0.069382
- EEM_mdd: -0.145545
- EEM_r12m: 0.199142
- EEM_r1m: 0.006108
- EEM_r3m: 0.082272
- EEM_vol3m: 0.133667
- EFA_mdd: -0.069409
- EFA_r12m: 0.115649
- EFA_r1m: 0.010049
- EFA_r3m: 0.063970
- EFA_vol3m: 0.081737
- GLD_mdd: -0.376673
- GLD_r12m: -0.045779
- GLD_r1m: -0.022430
- GLD_r3m: 0.031558
- GLD_vol3m: 0.110871
- HYG_mdd: -0.018929
- HYG_r12m: 0.135169
- HYG_r1m: -0.005513
- HYG_r3m: 0.023475
- HYG_vol3m: 0.039222
- IEF_mdd: -0.075176
- IEF_r12m: -0.033460
- IEF_r1m: -0.010606
- IEF_r3m: -0.005929
- IEF_vol3m: 0.053017
- IWM_mdd: -0.031775
- IWM_r12m: 0.298724
- IWM_r1m: 0.000442
- IWM_r3m: 0.024864
- IWM_vol3m: 0.134711
- LQD_mdd: -0.044763
- LQD_r12m: 0.040075
- LQD_r1m: -0.006423
- LQD_r3m: 0.005582
- LQD_vol3m: 0.047535
- QQQ_mdd: -0.005326
- QQQ_r12m: 0.269287
- QQQ_r1m: 0.039021
- QQQ_r3m: 0.124585
- QQQ_vol3m: 0.073851
- SHY_mdd: -0.007901
- SHY_r12m: 0.001252
- SHY_r1m: -0.002911
- SHY_r3m: -0.000996
- SHY_vol3m: 0.009453
- SLV_mdd: -0.654676
- SLV_r12m: 0.116279
- SLV_r1m: -0.029727
- SLV_r3m: 0.027708
- SLV_vol3m: 0.198056
- SPY_mdd: -0.013429
- SPY_r12m: 0.217943
- SPY_r1m: 0.033329
- SPY_r3m: 0.076716
- SPY_vol3m: 0.070497
- TIP_mdd: -0.040967
- TIP_r12m: 0.019038
- TIP_r1m: -0.009289
- TIP_r3m: -0.000530
- TIP_vol3m: 0.042489
- TLT_mdd: -0.166521
- TLT_r12m: -0.071815
- TLT_r1m: -0.014310
- TLT_r3m: -0.007521
- TLT_vol3m: 0.112363
- UUP_mdd: -0.011985
- UUP_r12m: 0.046410
- UUP_r1m: 0.022481
- UUP_r3m: 0.019320
- UUP_vol3m: 0.076328
- VEA_mdd: -0.051298
- VEA_r12m: 0.126420
- VEA_r1m: 0.005797
- VEA_r3m: 0.061625
- VEA_vol3m: 0.082327
- VNQ_mdd: -0.091344
- VNQ_r12m: 0.083706
- VNQ_r1m: -0.009315
- VNQ_r3m: 0.037462
- VNQ_vol3m: 0.130806
- VWO_mdd: -0.108617
- VWO_r12m: 0.210149
- VWO_r1m: 0.012042
- VWO_r3m: 0.078770
- VWO_vol3m: 0.126587
- cross_vol: 0.080860
Assets: SPY, QQQ, IWM, DIA, EFA, EEM, VEA, VWO, AGG, BND, SHY, IEF, TLT, TIP, LQD, HYG, GLD, SLV, DBC, VNQ, UUP, BIL","{""SPY"":0.0454545455,""QQQ"":0.0454545455,""IWM"":0.0454545455,""DIA"":0.0454545455,""EFA"":0.0454545455,""EEM"":0.0454545455,""VEA"":0.0454545455,""VWO"":0.0454545455,""AGG"":0.0454545455,""BND"":0.0454545455,""SHY"":0.0454545455,""IEF"":0.0454545455,""TLT"":0.0454545455,""TIP"":0.0454545455,""LQD"":0.0454545455,""HYG"":0.0454545455,""GLD"":0.0454545455,""SLV"":0.0454545455,""DBC"":0.0454545455,""VNQ"":0.0454545455,""UUP"":0.0454545455,""BIL"":0.0454545455}","{""SPY"":0.0454545455,""QQQ"":0.0454545455,""IWM"":0.0454545455,""DIA"":0.0454545455,""EFA"":0.0454545455,""EEM"":0.0454545455,""VEA"":0.0454545455,""VWO"":0.0454545455,""AGG"":0.0454545455,""BND"":0.0454545455,""SHY"":0.0454545455,""IEF"":0.0454545455,""TLT"":0.0454545455,""TIP"":0.0454545455,""LQD"":0.0454545455,""HYG"":0.0454545455,""GLD"":0.0454545455,""SLV"":0.0454545455,""DBC"":0.0454545455,""VNQ"":0.0454545455,""UUP"":0.0454545455,""BIL"":0.0454545455}","{""SPY"":0.019047619,""QQQ"":0.019047619,""IWM"":0.019047619,""DIA"":0.019047619,""EFA"":0.019047619,""EEM"":0.019047619,""VEA"":0.019047619,""VWO"":0.019047619,""AGG"":0.019047619,""BND"":0.019047619,""SHY"":0.019047619,""IEF"":0.019047619,""TLT"":0.019047619,""TIP"":0.019047619,""LQD"":0.019047619,""HYG"":0.019047619,""GLD"":0.019047619,""SLV"":0.019047619,""DBC"":0.019047619,""VNQ"":0.019047619,""UUP"":0.019047619,""BIL"":0.6}",0
f0af06095f8ffbd7b67959ab,p2_reconciliation_v1,C_bridge_canonical,gemma3:270m,P2,2017-03-08,5,1806,BIL,SPY,SPY,0,0,1.1090909090909091,3.0531133177191805e-16,7167119a939e6a567b37e764396c6985404937f01c45127f16ccd4944349cfef,3376,e3b0c44298fc1c149afbf4c8996fb92427ae41e4649b934ca495991b7852b855,0,1,0,0,2.432869041003869,1,"{""weights"": {""SPY"": 0.03332863, ""QQQ"": 0.07671620, ""IWM"": 0.00044201, ""DIA"": 0.04442905, ""EFA"": 0.01004861, ""EEM"": 0.06397048, ""VEA"": 0.00579722, ""VWO"": 0.01204188, ""AGG"": -0.00583654, ""BND"": -0.00609756, ""SHY"": -0.00291096, ""IEF"": -0.01060638, ""TLT"": -0.01431033, ""TIP"": -0.00928902, ""LQD"": -0.00642320, ""HYG"": -0.00551284, ""GLD"": -0.37667263, ""SLV"": -0.02972652, ""DBC"": -0.03984823, ""VNQ"": -0.00931531, ""UUP"": 0.02248076, ""BIL"": 0.04641035}
}","You are a DEFENSIVE LOW-VOLATILITY policy profile. Use only the provided feature values. Strongly favor the eligible asset with the lowest `_vol3m` value. Allocate 60.0% of total portfolio weight to that target asset as the language-level policy target. Distribute the remaining weight equally among all other eligible assets. Include every eligible ticker exactly once. Return strictly valid JSON only with a `weights` object whose values are decimals, not percentages.
Hard constraints for the execution layer: long-only weights, weights sum to one, maximum single-asset weight 0.60, and turnover cap 0.25. You propose weights; deterministic projection will enforce final feasibility.

Current Features:
- SPY_r1m: 0.03332863
- SPY_r3m: 0.07671620
- SPY_r12m: 0.21794304
- SPY_vol3m: 0.07049688
- SPY_mdd: -0.01342901
- QQQ_r1m: 0.03902106
- QQQ_r3m: 0.12458533
- QQQ_r12m: 0.26928736
- QQQ_vol3m: 0.07385098
- QQQ_mdd: -0.00532550
- IWM_r1m: 0.00044201
- IWM_r3m: 0.02486356
- IWM_r12m: 0.29872423
- IWM_vol3m: 0.13471134
- IWM_mdd: -0.03177545
- DIA_r1m: 0.04442905
- DIA_r3m: 0.09166277
- DIA_r12m: 0.26008435
- DIA_vol3m: 0.06938165
- DIA_mdd: -0.01142113
- EFA_r1m: 0.01004861
- EFA_r3m: 0.06397048
- EFA_r12m: 0.11564856
- EFA_vol3m: 0.08173738
- EFA_mdd: -0.06940877
- EEM_r1m: 0.00610752
- EEM_r3m: 0.08227186
- EEM_r12m: 0.19914173
- EEM_vol3m: 0.13366713
- EEM_mdd: -0.14554492
- VEA_r1m: 0.00579722
- VEA_r3m: 0.06162452
- VEA_r12m: 0.12641978
- VEA_vol3m: 0.08232671
- VEA_mdd: -0.05129750
- VWO_r1m: 0.01204188
- VWO_r3m: 0.07876981
- VWO_r12m: 0.21014946
- VWO_vol3m: 0.12658661
- VWO_mdd: -0.10861668
- AGG_r1m: -0.00583654
- AGG_r3m: 0.00041864
- AGG_r12m: 0.00352952
- AGG_vol3m: 0.03372405
- AGG_mdd: -0.03609779
- BND_r1m: -0.00609756
- BND_r3m: 0.00011884
- BND_r12m: 0.00334982
- BND_vol3m: 0.03452257
- BND_mdd: -0.03847177
- SHY_r1m: -0.00291096
- SHY_r3m: -0.00099623
- SHY_r12m: 0.00125160
- SHY_vol3m: 0.00945311
- SHY_mdd: -0.00790142
- IEF_r1m: -0.01060638
- IEF_r3m: -0.00592869
- IEF_r12m: -0.03346002
- IEF_vol3m: 0.05301696
- IEF_mdd: -0.07517592
- TLT_r1m: -0.01431033
- TLT_r3m: -0.00752097
- TLT_r12m: -0.07181471
- TLT_vol3m: 0.11236350
- TLT_mdd: -0.16652092
- TIP_r1m: -0.00928902
- TIP_r3m: -0.00052986
- TIP_r12m: 0.01903846
- TIP_vol3m: 0.04248911
- TIP_mdd: -0.04096731
- LQD_r1m: -0.00642320
- LQD_r3m: 0.00558191
- LQD_r12m: 0.04007461
- LQD_vol3m: 0.04753469
- LQD_mdd: -0.04476268
- HYG_r1m: -0.00551284
- HYG_r3m: 0.02347527
- HYG_r12m: 0.13516855
- HYG_vol3m: 0.03922178
- HYG_mdd: -0.01892856
- GLD_r1m: -0.02242990
- GLD_r3m: 0.03155816
- GLD_r12m: -0.04577877
- GLD_vol3m: 0.11087103
- GLD_mdd: -0.37667263
- SLV_r1m: -0.02972652
- SLV_r3m: 0.02770778
- SLV_r12m: 0.11627906
- SLV_vol3m: 0.19805599
- SLV_mdd: -0.65467625
- DBC_r1m: -0.03984823
- DBC_r3m: -0.03188777
- DBC_r12m: 0.14912944
- DBC_vol3m: 0.11438337
- DBC_mdd: -0.52443611
- VNQ_r1m: -0.00931531
- VNQ_r3m: 0.03746175
- VNQ_r12m: 0.08370564
- VNQ_vol3m: 0.13080609
- VNQ_mdd: -0.09134409
- UUP_r1m: 0.02248076
- UUP_r3m: 0.01932000
- UUP_r12m: 0.04641035
- UUP_vol3m: 0.07632787
- UUP_mdd: -0.01198502
- BIL_r1m: -0.00017566
- BIL_r3m: 0.00052465
- BIL_r12m: 0.00164150
- BIL_vol3m: 0.00339449
- BIL_mdd: -0.00246354
- cross_vol: 0.08086015

Assets: SPY, QQQ, IWM, DIA, EFA, EEM, VEA, VWO, AGG, BND, SHY, IEF, TLT, TIP, LQD, HYG, GLD, SLV, DBC, VNQ, UUP, BIL","{""SPY"":0.0454545455,""QQQ"":0.0454545455,""IWM"":0.0454545455,""DIA"":0.0454545455,""EFA"":0.0454545455,""EEM"":0.0454545455,""VEA"":0.0454545455,""VWO"":0.0454545455,""AGG"":0.0454545455,""BND"":0.0454545455,""SHY"":0.0454545455,""IEF"":0.0454545455,""TLT"":0.0454545455,""TIP"":0.0454545455,""LQD"":0.0454545455,""HYG"":0.0454545455,""GLD"":0.0454545455,""SLV"":0.0454545455,""DBC"":0.0454545455,""VNQ"":0.0454545455,""UUP"":0.0454545455,""BIL"":0.0454545455}","{""SPY"":0.0454545455,""QQQ"":0.0454545455,""IWM"":0.0454545455,""DIA"":0.0454545455,""EFA"":0.0454545455,""EEM"":0.0454545455,""VEA"":0.0454545455,""VWO"":0.0454545455,""AGG"":0.0454545455,""BND"":0.0454545455,""SHY"":0.0454545455,""IEF"":0.0454545455,""TLT"":0.0454545455,""TIP"":0.0454545455,""LQD"":0.0454545455,""HYG"":0.0454545455,""GLD"":0.0454545455,""SLV"":0.0454545455,""DBC"":0.0454545455,""VNQ"":0.0454545455,""UUP"":0.0454545455,""BIL"":0.0454545455}","{""SPY"":0.019047619,""QQQ"":0.019047619,""IWM"":0.019047619,""DIA"":0.019047619,""EFA"":0.019047619,""EEM"":0.019047619,""VEA"":0.019047619,""VWO"":0.019047619,""AGG"":0.019047619,""BND"":0.019047619,""SHY"":0.019047619,""IEF"":0.019047619,""TLT"":0.019047619,""TIP"":0.019047619,""LQD"":0.019047619,""HYG"":0.019047619,""GLD"":0.019047619,""SLV"":0.019047619,""DBC"":0.019047619,""VNQ"":0.019047619,""UUP"":0.019047619,""BIL"":0.6}",0
58943e0ee6e9c8d80985bf24,p2_reconciliation_v1,A_wfcv_exact,gemma3:1b,P2,2017-03-08,5,1806,BIL,BIL,BIL,1,1,0.0,0.0012012012012015266,5f0edc793b3cb38a362a32ff4317ecdb0c6f460404966868df45ffecfe952812,5960,6b3ec67229cdc8df09511119616a82fa8af7131dc1ade6b28a22e9c90dd21cbd,2420,1,0,0,4.88527654200152,1,"{""weights"": {""SPY"": 0.019, ""QQQ"": 0.019, ""IWM"": 0.019, ""DIA"": 0.019, ""EFA"": 0.019, ""EEM"": 0.019, ""VEA"": 0.019, ""VWO"": 0.019, ""AGG"": 0.019, ""BND"": 0.019, ""SHY"": 0.019, ""IEF"": 0.019, ""TLT"": 0.019, ""TIP"": 0.019, ""LQD"": 0.019, ""HYG"": 0.019, ""GLD"": 0.019, ""SLV"": 0.019, ""DBC"": 0.019, ""VNQ"": 0.019, ""UUP"": 0.019, ""BIL"": 0.6}}","You are a DEFENSIVE LOW-VOLATILITY policy profile. Your task is to translate a natural-language risk-averse policy into provisional portfolio weights. Use only the provided feature values, not outside market knowledge. Identify the eligible asset that appears safest, defined by the lowest `_vol3m` value. This is a defensive single-core policy profile, so do not default to equal weights when one asset clearly has the lowest recent volatility. Allocate 60% of the total portfolio weight to this safest asset as the language-level policy target. The hard maximum-weight constraint is 60%. Do not solve the projection yourself; express the language-level target and let the projection layer enforce feasibility before execution. Distribute the remaining weight equally among all other eligible assets. Use only tickers from the provided asset list. Include every eligible ticker exactly once. Return strictly valid JSON only. The `weights` field MUST be a JSON object where keys are tickers and values are numeric portfolio weights expressed as decimals, not percentages.

### EXAMPLE 1
Features:
- AGG_mdd: -0.004919
- AGG_r12m: 0.039253
- AGG_r1m: 0.001803
- AGG_r3m: 0.002834
- AGG_vol3m: 0.021834
- BIL_mdd: -0.001482
- BIL_r12m: -0.000436
- BIL_r1m: -0.000218
- BIL_r3m: -0.000218
- BIL_vol3m: 0.001812
- BND_mdd: -0.011769
- BND_r12m: 0.030772
TargetWeights(JSON): {""SPY"": 0.019, ""QQQ"": 0.019, ""IWM"": 0.019, ""DIA"": 0.019, ""EFA"": 0.019, ""EEM"": 0.019, ""VEA"": 0.019, ""VWO"": 0.019, ""AGG"": 0.019, ""BND"": 0.019, ""SHY"": 0.019, ""IEF"": 0.019, ""TLT"": 0.019, ""TIP"": 0.019, ""LQD"": 0.019, ""HYG"": 0.019, ""GLD"": 0.019, ""SLV"": 0.019, ""DBC"": 0.019, ""VNQ"": 0.019, ""UUP"": 0.019, ""BIL"": 0.6}
### EXAMPLE 2
Features:
- AGG_mdd: -0.025477
- AGG_r12m: 0.020284
- AGG_r1m: -0.008267
- AGG_r3m: -0.004900
- AGG_vol3m: 0.040281
- BIL_mdd: -0.003444
- BIL_r12m: -0.001092
- BIL_r1m: -0.000218
- BIL_r3m: -0.000218
- BIL_vol3m: 0.002677
- BND_mdd: -0.027594
- BND_r12m: 0.019346
TargetWeights(JSON): {""SPY"": 0.019, ""QQQ"": 0.019, ""IWM"": 0.019, ""DIA"": 0.019, ""EFA"": 0.019, ""EEM"": 0.019, ""VEA"": 0.019, ""VWO"": 0.019, ""AGG"": 0.019, ""BND"": 0.019, ""SHY"": 0.019, ""IEF"": 0.019, ""TLT"": 0.019, ""TIP"": 0.019, ""LQD"": 0.019, ""HYG"": 0.019, ""GLD"": 0.019, ""SLV"": 0.019, ""DBC"": 0.019, ""VNQ"": 0.019, ""UUP"": 0.019, ""BIL"": 0.6}
### EXAMPLE 3
Features:
- AGG_mdd: -0.006579
- AGG_r12m: 0.028799
- AGG_r1m: 0.010248
- AGG_r3m: 0.014750
- AGG_vol3m: 0.034384
- BIL_mdd: -0.003662
- BIL_r12m: -0.001310
- BIL_r1m: 0.000000
- BIL_r3m: -0.000219
- BIL_vol3m: 0.002457
- BND_mdd: -0.008413
- BND_r12m: 0.028189
TargetWeights(JSON): {""SPY"": 0.019, ""QQQ"": 0.019, ""IWM"": 0.019, ""DIA"": 0.019, ""EFA"": 0.019, ""EEM"": 0.019, ""VEA"": 0.019, ""VWO"": 0.019, ""AGG"": 0.019, ""BND"": 0.019, ""SHY"": 0.019, ""IEF"": 0.019, ""TLT"": 0.019, ""TIP"": 0.019, ""LQD"": 0.019, ""HYG"": 0.019, ""GLD"": 0.019, ""SLV"": 0.019, ""DBC"": 0.019, ""VNQ"": 0.019, ""UUP"": 0.019, ""BIL"": 0.6}
### EXAMPLE 4
Features:
- AGG_mdd: -0.005079
- AGG_r12m: 0.054944
- AGG_r1m: 0.002489
- AGG_r3m: 0.029273
- AGG_vol3m: 0.051778
- BIL_mdd: -0.000654
- BIL_r12m: -0.000436
- BIL_r1m: -0.000436
- BIL_r3m: -0.000436
- BIL_vol3m: 0.002780
- BND_mdd: -0.003934
- BND_r12m: 0.058634
TargetWeights(JSON): {""SPY"": 0.019, ""QQQ"": 0.019, ""IWM"": 0.019, ""DIA"": 0.019, ""EFA"": 0.019, ""EEM"": 0.019, ""VEA"": 0.019, ""VWO"": 0.019, ""AGG"": 0.019, ""BND"": 0.019, ""SHY"": 0.019, ""IEF"": 0.019, ""TLT"": 0.019, ""TIP"": 0.019, ""LQD"": 0.019, ""HYG"": 0.019, ""GLD"": 0.019, ""SLV"": 0.019, ""DBC"": 0.019, ""VNQ"": 0.019, ""UUP"": 0.019, ""BIL"": 0.6}

Current Features:
- AGG_mdd: -0.036098
- AGG_r12m: 0.003530
- AGG_r1m: -0.005837
- AGG_r3m: 0.000419
- AGG_vol3m: 0.033724
- BIL_mdd: -0.002464
- BIL_r12m: 0.001641
- BIL_r1m: -0.000176
- BIL_r3m: 0.000525
- BIL_vol3m: 0.003394
- BND_mdd: -0.038472
- BND_r12m: 0.003350
- BND_r1m: -0.006098
- BND_r3m: 0.000119
- BND_vol3m: 0.034523
- DBC_mdd: -0.524436
- DBC_r12m: 0.149129
- DBC_r1m: -0.039848
- DBC_r3m: -0.031888
- DBC_vol3m: 0.114383
- DIA_mdd: -0.011421
- DIA_r12m: 0.260084
- DIA_r1m: 0.044429
- DIA_r3m: 0.091663
- DIA_vol3m: 0.069382
- EEM_mdd: -0.145545
- EEM_r12m: 0.199142
- EEM_r1m: 0.006108
- EEM_r3m: 0.082272
- EEM_vol3m: 0.133667
- EFA_mdd: -0.069409
- EFA_r12m: 0.115649
- EFA_r1m: 0.010049
- EFA_r3m: 0.063970
- EFA_vol3m: 0.081737
- GLD_mdd: -0.376673
- GLD_r12m: -0.045779
- GLD_r1m: -0.022430
- GLD_r3m: 0.031558
- GLD_vol3m: 0.110871
- HYG_mdd: -0.018929
- HYG_r12m: 0.135169
- HYG_r1m: -0.005513
- HYG_r3m: 0.023475
- HYG_vol3m: 0.039222
- IEF_mdd: -0.075176
- IEF_r12m: -0.033460
- IEF_r1m: -0.010606
- IEF_r3m: -0.005929
- IEF_vol3m: 0.053017
- IWM_mdd: -0.031775
- IWM_r12m: 0.298724
- IWM_r1m: 0.000442
- IWM_r3m: 0.024864
- IWM_vol3m: 0.134711
- LQD_mdd: -0.044763
- LQD_r12m: 0.040075
- LQD_r1m: -0.006423
- LQD_r3m: 0.005582
- LQD_vol3m: 0.047535
- QQQ_mdd: -0.005326
- QQQ_r12m: 0.269287
- QQQ_r1m: 0.039021
- QQQ_r3m: 0.124585
- QQQ_vol3m: 0.073851
- SHY_mdd: -0.007901
- SHY_r12m: 0.001252
- SHY_r1m: -0.002911
- SHY_r3m: -0.000996
- SHY_vol3m: 0.009453
- SLV_mdd: -0.654676
- SLV_r12m: 0.116279
- SLV_r1m: -0.029727
- SLV_r3m: 0.027708
- SLV_vol3m: 0.198056
- SPY_mdd: -0.013429
- SPY_r12m: 0.217943
- SPY_r1m: 0.033329
- SPY_r3m: 0.076716
- SPY_vol3m: 0.070497
- TIP_mdd: -0.040967
- TIP_r12m: 0.019038
- TIP_r1m: -0.009289
- TIP_r3m: -0.000530
- TIP_vol3m: 0.042489
- TLT_mdd: -0.166521
- TLT_r12m: -0.071815
- TLT_r1m: -0.014310
- TLT_r3m: -0.007521
- TLT_vol3m: 0.112363
- UUP_mdd: -0.011985
- UUP_r12m: 0.046410
- UUP_r1m: 0.022481
- UUP_r3m: 0.019320
- UUP_vol3m: 0.076328
- VEA_mdd: -0.051298
- VEA_r12m: 0.126420
- VEA_r1m: 0.005797
- VEA_r3m: 0.061625
- VEA_vol3m: 0.082327
- VNQ_mdd: -0.091344
- VNQ_r12m: 0.083706
- VNQ_r1m: -0.009315
- VNQ_r3m: 0.037462
- VNQ_vol3m: 0.130806
- VWO_mdd: -0.108617
- VWO_r12m: 0.210149
- VWO_r1m: 0.012042
- VWO_r3m: 0.078770
- VWO_vol3m: 0.126587
- cross_vol: 0.080860
Assets: SPY, QQQ, IWM, DIA, EFA, EEM, VEA, VWO, AGG, BND, SHY, IEF, TLT, TIP, LQD, HYG, GLD, SLV, DBC, VNQ, UUP, BIL","{""SPY"":0.019019019,""QQQ"":0.019019019,""IWM"":0.019019019,""DIA"":0.019019019,""EFA"":0.019019019,""EEM"":0.019019019,""VEA"":0.019019019,""VWO"":0.019019019,""AGG"":0.019019019,""BND"":0.019019019,""SHY"":0.019019019,""IEF"":0.019019019,""TLT"":0.019019019,""TIP"":0.019019019,""LQD"":0.019019019,""HYG"":0.019019019,""GLD"":0.019019019,""SLV"":0.019019019,""DBC"":0.019019019,""VNQ"":0.019019019,""UUP"":0.019019019,""BIL"":0.6006006006}","{""SPY"":0.019047619,""QQQ"":0.019047619,""IWM"":0.019047619,""DIA"":0.019047619,""EFA"":0.019047619,""EEM"":0.019047619,""VEA"":0.019047619,""VWO"":0.019047619,""AGG"":0.019047619,""BND"":0.019047619,""SHY"":0.019047619,""IEF"":0.019047619,""TLT"":0.019047619,""TIP"":0.019047619,""LQD"":0.019047619,""HYG"":0.019047619,""GLD"":0.019047619,""SLV"":0.019047619,""DBC"":0.019047619,""VNQ"":0.019047619,""UUP"":0.019047619,""BIL"":0.6}","{""SPY"":0.019047619,""QQQ"":0.019047619,""IWM"":0.019047619,""DIA"":0.019047619,""EFA"":0.019047619,""EEM"":0.019047619,""VEA"":0.019047619,""VWO"":0.019047619,""AGG"":0.019047619,""BND"":0.019047619,""SHY"":0.019047619,""IEF"":0.019047619,""TLT"":0.019047619,""TIP"":0.019047619,""LQD"":0.019047619,""HYG"":0.019047619,""GLD"":0.019047619,""SLV"":0.019047619,""DBC"":0.019047619,""VNQ"":0.019047619,""UUP"":0.019047619,""BIL"":0.6}",0
4f30e167400acf554ad8d05b,p2_reconciliation_v1,B_wfcv_no_fewshot,gemma3:1b,P2,2017-03-08,5,1806,BIL,SPY,SPY,0,0,1.3392156862745095,2.7755575615628914e-16,2efda69be6bcdd712366a309585a8781c3379eec71158f921dbc5ebf21e60ab1,3540,e3b0c44298fc1c149afbf4c8996fb92427ae41e4649b934ca495991b7852b855,0,1,0,0,3.5329769579984713,1,"{""weights"": {""SPY"":0.35, ""QQQ"":0.28, ""IWM"":0.19, ""DIA"":0.17, ""EFA"":0.16, ""EEM"":0.14, ""VEA"":0.13, ""VWO"":0.12, ""AGG"":0.08, ""BND"":0.07, ""SHY"":0.07, ""IEF"":0.06, ""TLT"":0.05, ""TIP"":0.04, ""LQD"":0.03, ""HYG"":0.03, ""GLD"":0.02, ""SLV"":0.01, ""DBC"":0.01, ""VNQ"":0.01, ""UUP"":0.01, ""BIL"":0.01}}","You are a DEFENSIVE LOW-VOLATILITY policy profile. Your task is to translate a natural-language risk-averse policy into provisional portfolio weights. Use only the provided feature values, not outside market knowledge. Identify the eligible asset that appears safest, defined by the lowest `_vol3m` value. This is a defensive single-core policy profile, so do not default to equal weights when one asset clearly has the lowest recent volatility. Allocate 60% of the total portfolio weight to this safest asset as the language-level policy target. The hard maximum-weight constraint is 60%. Do not solve the projection yourself; express the language-level target and let the projection layer enforce feasibility before execution. Distribute the remaining weight equally among all other eligible assets. Use only tickers from the provided asset list. Include every eligible ticker exactly once. Return strictly valid JSON only. The `weights` field MUST be a JSON object where keys are tickers and values are numeric portfolio weights expressed as decimals, not percentages.



Current Features:
- AGG_mdd: -0.036098
- AGG_r12m: 0.003530
- AGG_r1m: -0.005837
- AGG_r3m: 0.000419
- AGG_vol3m: 0.033724
- BIL_mdd: -0.002464
- BIL_r12m: 0.001641
- BIL_r1m: -0.000176
- BIL_r3m: 0.000525
- BIL_vol3m: 0.003394
- BND_mdd: -0.038472
- BND_r12m: 0.003350
- BND_r1m: -0.006098
- BND_r3m: 0.000119
- BND_vol3m: 0.034523
- DBC_mdd: -0.524436
- DBC_r12m: 0.149129
- DBC_r1m: -0.039848
- DBC_r3m: -0.031888
- DBC_vol3m: 0.114383
- DIA_mdd: -0.011421
- DIA_r12m: 0.260084
- DIA_r1m: 0.044429
- DIA_r3m: 0.091663
- DIA_vol3m: 0.069382
- EEM_mdd: -0.145545
- EEM_r12m: 0.199142
- EEM_r1m: 0.006108
- EEM_r3m: 0.082272
- EEM_vol3m: 0.133667
- EFA_mdd: -0.069409
- EFA_r12m: 0.115649
- EFA_r1m: 0.010049
- EFA_r3m: 0.063970
- EFA_vol3m: 0.081737
- GLD_mdd: -0.376673
- GLD_r12m: -0.045779
- GLD_r1m: -0.022430
- GLD_r3m: 0.031558
- GLD_vol3m: 0.110871
- HYG_mdd: -0.018929
- HYG_r12m: 0.135169
- HYG_r1m: -0.005513
- HYG_r3m: 0.023475
- HYG_vol3m: 0.039222
- IEF_mdd: -0.075176
- IEF_r12m: -0.033460
- IEF_r1m: -0.010606
- IEF_r3m: -0.005929
- IEF_vol3m: 0.053017
- IWM_mdd: -0.031775
- IWM_r12m: 0.298724
- IWM_r1m: 0.000442
- IWM_r3m: 0.024864
- IWM_vol3m: 0.134711
- LQD_mdd: -0.044763
- LQD_r12m: 0.040075
- LQD_r1m: -0.006423
- LQD_r3m: 0.005582
- LQD_vol3m: 0.047535
- QQQ_mdd: -0.005326
- QQQ_r12m: 0.269287
- QQQ_r1m: 0.039021
- QQQ_r3m: 0.124585
- QQQ_vol3m: 0.073851
- SHY_mdd: -0.007901
- SHY_r12m: 0.001252
- SHY_r1m: -0.002911
- SHY_r3m: -0.000996
- SHY_vol3m: 0.009453
- SLV_mdd: -0.654676
- SLV_r12m: 0.116279
- SLV_r1m: -0.029727
- SLV_r3m: 0.027708
- SLV_vol3m: 0.198056
- SPY_mdd: -0.013429
- SPY_r12m: 0.217943
- SPY_r1m: 0.033329
- SPY_r3m: 0.076716
- SPY_vol3m: 0.070497
- TIP_mdd: -0.040967
- TIP_r12m: 0.019038
- TIP_r1m: -0.009289
- TIP_r3m: -0.000530
- TIP_vol3m: 0.042489
- TLT_mdd: -0.166521
- TLT_r12m: -0.071815
- TLT_r1m: -0.014310
- TLT_r3m: -0.007521
- TLT_vol3m: 0.112363
- UUP_mdd: -0.011985
- UUP_r12m: 0.046410
- UUP_r1m: 0.022481
- UUP_r3m: 0.019320
- UUP_vol3m: 0.076328
- VEA_mdd: -0.051298
- VEA_r12m: 0.126420
- VEA_r1m: 0.005797
- VEA_r3m: 0.061625
- VEA_vol3m: 0.082327
- VNQ_mdd: -0.091344
- VNQ_r12m: 0.083706
- VNQ_r1m: -0.009315
- VNQ_r3m: 0.037462
- VNQ_vol3m: 0.130806
- VWO_mdd: -0.108617
- VWO_r12m: 0.210149
- VWO_r1m: 0.012042
- VWO_r3m: 0.078770
- VWO_vol3m: 0.126587
- cross_vol: 0.080860
Assets: SPY, QQQ, IWM, DIA, EFA, EEM, VEA, VWO, AGG, BND, SHY, IEF, TLT, TIP, LQD, HYG, GLD, SLV, DBC, VNQ, UUP, BIL","{""SPY"":0.1715686275,""QQQ"":0.137254902,""IWM"":0.0931372549,""DIA"":0.0833333333,""EFA"":0.0784313725,""EEM"":0.068627451,""VEA"":0.0637254902,""VWO"":0.0588235294,""AGG"":0.0392156863,""BND"":0.0343137255,""SHY"":0.0343137255,""IEF"":0.0294117647,""TLT"":0.0245098039,""TIP"":0.0196078431,""LQD"":0.0147058824,""HYG"":0.0147058824,""GLD"":0.0098039216,""SLV"":0.0049019608,""DBC"":0.0049019608,""VNQ"":0.0049019608,""UUP"":0.0049019608,""BIL"":0.0049019608}","{""SPY"":0.1715686275,""QQQ"":0.137254902,""IWM"":0.0931372549,""DIA"":0.0833333333,""EFA"":0.0784313725,""EEM"":0.068627451,""VEA"":0.0637254902,""VWO"":0.0588235294,""AGG"":0.0392156863,""BND"":0.0343137255,""SHY"":0.0343137255,""IEF"":0.0294117647,""TLT"":0.0245098039,""TIP"":0.0196078431,""LQD"":0.0147058824,""HYG"":0.0147058824,""GLD"":0.0098039216,""SLV"":0.0049019608,""DBC"":0.0049019608,""VNQ"":0.0049019608,""UUP"":0.0049019608,""BIL"":0.0049019608}","{""SPY"":0.019047619,""QQQ"":0.019047619,""IWM"":0.019047619,""DIA"":0.019047619,""EFA"":0.019047619,""EEM"":0.019047619,""VEA"":0.019047619,""VWO"":0.019047619,""AGG"":0.019047619,""BND"":0.019047619,""SHY"":0.019047619,""IEF"":0.019047619,""TLT"":0.019047619,""TIP"":0.019047619,""LQD"":0.019047619,""HYG"":0.019047619,""GLD"":0.019047619,""SLV"":0.019047619,""DBC"":0.019047619,""VNQ"":0.019047619,""UUP"":0.019047619,""BIL"":0.6}",0
1bb1ecf5a845f69364348daf,p2_reconciliation_v1,C_bridge_canonical,gemma3:1b,P2,2017-03-08,5,1806,BIL,SPY,SPY,0,0,1.4261136712749618,8.153200337090993e-17,7167119a939e6a567b37e764396c6985404937f01c45127f16ccd4944349cfef,3376,e3b0c44298fc1c149afbf4c8996fb92427ae41e4649b934ca495991b7852b855,0,1,0,0,3.8407405000034487,1,"{""weights"": {""SPY"": 0.45, ""QQQ"": 0.30, ""IWM"": 0.15, ""DIA"": 0.10, ""EFA"": 0.10, ""EEM"": 0.08, ""VEA"": 0.07, ""VWO"": 0.06, ""AGG"": 0.05, ""BND"": 0.04, ""SHY"": 0.03, ""IEF"": 0.02, ""TLT"": 0.01, ""TIP"": 0.01, ""LQD"": 0.01, ""HYG"": 0.01, ""GLD"": 0.01, ""SLV"": 0.01, ""DBC"": 0.01, ""VNQ"": 0.01, ""UUP"": 0.01, ""BIL"": 0.01}}","You are a DEFENSIVE LOW-VOLATILITY policy profile. Use only the provided feature values. Strongly favor the eligible asset with the lowest `_vol3m` value. Allocate 60.0% of total portfolio weight to that target asset as the language-level policy target. Distribute the remaining weight equally among all other eligible assets. Include every eligible ticker exactly once. Return strictly valid JSON only with a `weights` object whose values are decimals, not percentages.
Hard constraints for the execution layer: long-only weights, weights sum to one, maximum single-asset weight 0.60, and turnover cap 0.25. You propose weights; deterministic projection will enforce final feasibility.

Current Features:
- SPY_r1m: 0.03332863
- SPY_r3m: 0.07671620
- SPY_r12m: 0.21794304
- SPY_vol3m: 0.07049688
- SPY_mdd: -0.01342901
- QQQ_r1m: 0.03902106
- QQQ_r3m: 0.12458533
- QQQ_r12m: 0.26928736
- QQQ_vol3m: 0.07385098
- QQQ_mdd: -0.00532550
- IWM_r1m: 0.00044201
- IWM_r3m: 0.02486356
- IWM_r12m: 0.29872423
- IWM_vol3m: 0.13471134
- IWM_mdd: -0.03177545
- DIA_r1m: 0.04442905
- DIA_r3m: 0.09166277
- DIA_r12m: 0.26008435
- DIA_vol3m: 0.06938165
- DIA_mdd: -0.01142113
- EFA_r1m: 0.01004861
- EFA_r3m: 0.06397048
- EFA_r12m: 0.11564856
- EFA_vol3m: 0.08173738
- EFA_mdd: -0.06940877
- EEM_r1m: 0.00610752
- EEM_r3m: 0.08227186
- EEM_r12m: 0.19914173
- EEM_vol3m: 0.13366713
- EEM_mdd: -0.14554492
- VEA_r1m: 0.00579722
- VEA_r3m: 0.06162452
- VEA_r12m: 0.12641978
- VEA_vol3m: 0.08232671
- VEA_mdd: -0.05129750
- VWO_r1m: 0.01204188
- VWO_r3m: 0.07876981
- VWO_r12m: 0.21014946
- VWO_vol3m: 0.12658661
- VWO_mdd: -0.10861668
- AGG_r1m: -0.00583654
- AGG_r3m: 0.00041864
- AGG_r12m: 0.00352952
- AGG_vol3m: 0.03372405
- AGG_mdd: -0.03609779
- BND_r1m: -0.00609756
- BND_r3m: 0.00011884
- BND_r12m: 0.00334982
- BND_vol3m: 0.03452257
- BND_mdd: -0.03847177
- SHY_r1m: -0.00291096
- SHY_r3m: -0.00099623
- SHY_r12m: 0.00125160
- SHY_vol3m: 0.00945311
- SHY_mdd: -0.00790142
- IEF_r1m: -0.01060638
- IEF_r3m: -0.00592869
- IEF_r12m: -0.03346002
- IEF_vol3m: 0.05301696
- IEF_mdd: -0.07517592
- TLT_r1m: -0.01431033
- TLT_r3m: -0.00752097
- TLT_r12m: -0.07181471
- TLT_vol3m: 0.11236350
- TLT_mdd: -0.16652092
- TIP_r1m: -0.00928902
- TIP_r3m: -0.00052986
- TIP_r12m: 0.01903846
- TIP_vol3m: 0.04248911
- TIP_mdd: -0.04096731
- LQD_r1m: -0.00642320
- LQD_r3m: 0.00558191
- LQD_r12m: 0.04007461
- LQD_vol3m: 0.04753469
- LQD_mdd: -0.04476268
- HYG_r1m: -0.00551284
- HYG_r3m: 0.02347527
- HYG_r12m: 0.13516855
- HYG_vol3m: 0.03922178
- HYG_mdd: -0.01892856
- GLD_r1m: -0.02242990
- GLD_r3m: 0.03155816
- GLD_r12m: -0.04577877
- GLD_vol3m: 0.11087103
- GLD_mdd: -0.37667263
- SLV_r1m: -0.02972652
- SLV_r3m: 0.02770778
- SLV_r12m: 0.11627906
- SLV_vol3m: 0.19805599
- SLV_mdd: -0.65467625
- DBC_r1m: -0.03984823
- DBC_r3m: -0.03188777
- DBC_r12m: 0.14912944
- DBC_vol3m: 0.11438337
- DBC_mdd: -0.52443611
- VNQ_r1m: -0.00931531
- VNQ_r3m: 0.03746175
- VNQ_r12m: 0.08370564
- VNQ_vol3m: 0.13080609
- VNQ_mdd: -0.09134409
- UUP_r1m: 0.02248076
- UUP_r3m: 0.01932000
- UUP_r12m: 0.04641035
- UUP_vol3m: 0.07632787
- UUP_mdd: -0.01198502
- BIL_r1m: -0.00017566
- BIL_r3m: 0.00052465
- BIL_r12m: 0.00164150
- BIL_vol3m: 0.00339449
- BIL_mdd: -0.00246354
- cross_vol: 0.08086015

Assets: SPY, QQQ, IWM, DIA, EFA, EEM, VEA, VWO, AGG, BND, SHY, IEF, TLT, TIP, LQD, HYG, GLD, SLV, DBC, VNQ, UUP, BIL","{""SPY"":0.2903225806,""QQQ"":0.1935483871,""IWM"":0.0967741935,""DIA"":0.064516129,""EFA"":0.064516129,""EEM"":0.0516129032,""VEA"":0.0451612903,""VWO"":0.0387096774,""AGG"":0.0322580645,""BND"":0.0258064516,""SHY"":0.0193548387,""IEF"":0.0129032258,""TLT"":0.0064516129,""TIP"":0.0064516129,""LQD"":0.0064516129,""HYG"":0.0064516129,""GLD"":0.0064516129,""SLV"":0.0064516129,""DBC"":0.0064516129,""VNQ"":0.0064516129,""UUP"":0.0064516129,""BIL"":0.0064516129}","{""SPY"":0.2903225806,""QQQ"":0.1935483871,""IWM"":0.0967741935,""DIA"":0.064516129,""EFA"":0.064516129,""EEM"":0.0516129032,""VEA"":0.0451612903,""VWO"":0.0387096774,""AGG"":0.0322580645,""BND"":0.0258064516,""SHY"":0.0193548387,""IEF"":0.0129032258,""TLT"":0.0064516129,""TIP"":0.0064516129,""LQD"":0.0064516129,""HYG"":0.0064516129,""GLD"":0.0064516129,""SLV"":0.0064516129,""DBC"":0.0064516129,""VNQ"":0.0064516129,""UUP"":0.0064516129,""BIL"":0.0064516129}","{""SPY"":0.019047619,""QQQ"":0.019047619,""IWM"":0.019047619,""DIA"":0.019047619,""EFA"":0.019047619,""EEM"":0.019047619,""VEA"":0.019047619,""VWO"":0.019047619,""AGG"":0.019047619,""BND"":0.019047619,""SHY"":0.019047619,""IEF"":0.019047619,""TLT"":0.019047619,""TIP"":0.019047619,""LQD"":0.019047619,""HYG"":0.019047619,""GLD"":0.019047619,""SLV"":0.019047619,""DBC"":0.019047619,""VNQ"":0.019047619,""UUP"":0.019047619,""BIL"":0.6}",0
170054534dd59f0c7fbbb84a,p2_reconciliation_v1,A_wfcv_exact,llama3.1:8b,P2,2017-03-08,5,1806,BIL,BIL,BIL,1,1,0.0,0.0012012012012015266,5f0edc793b3cb38a362a32ff4317ecdb0c6f460404966868df45ffecfe952812,5960,6b3ec67229cdc8df09511119616a82fa8af7131dc1ade6b28a22e9c90dd21cbd,2420,1,0,0,23.76487566700962,1,"{
  ""weights"": {
    ""SPY"": 0.019,
    ""QQQ"": 0.019,
    ""IWM"": 0.019,
    ""DIA"": 0.019,
    ""EFA"": 0.019,
    ""EEM"": 0.019,
    ""VEA"": 0.019,
    ""VWO"": 0.019,
    ""AGG"": 0.019,
    ""BND"": 0.019,
    ""SHY"": 0.019,
    ""IEF"": 0.019,
    ""TLT"": 0.019,
    ""TIP"": 0.019,
    ""LQD"": 0.019,
    ""HYG"": 0.019,
    ""GLD"": 0.019,
    ""SLV"": 0.019,
    ""DBC"": 0.019,
    ""VNQ"": 0.019,
    ""UUP"": 0.019,
    ""BIL"": 0.6
  }
}","You are a DEFENSIVE LOW-VOLATILITY policy profile. Your task is to translate a natural-language risk-averse policy into provisional portfolio weights. Use only the provided feature values, not outside market knowledge. Identify the eligible asset that appears safest, defined by the lowest `_vol3m` value. This is a defensive single-core policy profile, so do not default to equal weights when one asset clearly has the lowest recent volatility. Allocate 60% of the total portfolio weight to this safest asset as the language-level policy target. The hard maximum-weight constraint is 60%. Do not solve the projection yourself; express the language-level target and let the projection layer enforce feasibility before execution. Distribute the remaining weight equally among all other eligible assets. Use only tickers from the provided asset list. Include every eligible ticker exactly once. Return strictly valid JSON only. The `weights` field MUST be a JSON object where keys are tickers and values are numeric portfolio weights expressed as decimals, not percentages.

### EXAMPLE 1
Features:
- AGG_mdd: -0.004919
- AGG_r12m: 0.039253
- AGG_r1m: 0.001803
- AGG_r3m: 0.002834
- AGG_vol3m: 0.021834
- BIL_mdd: -0.001482
- BIL_r12m: -0.000436
- BIL_r1m: -0.000218
- BIL_r3m: -0.000218
- BIL_vol3m: 0.001812
- BND_mdd: -0.011769
- BND_r12m: 0.030772
TargetWeights(JSON): {""SPY"": 0.019, ""QQQ"": 0.019, ""IWM"": 0.019, ""DIA"": 0.019, ""EFA"": 0.019, ""EEM"": 0.019, ""VEA"": 0.019, ""VWO"": 0.019, ""AGG"": 0.019, ""BND"": 0.019, ""SHY"": 0.019, ""IEF"": 0.019, ""TLT"": 0.019, ""TIP"": 0.019, ""LQD"": 0.019, ""HYG"": 0.019, ""GLD"": 0.019, ""SLV"": 0.019, ""DBC"": 0.019, ""VNQ"": 0.019, ""UUP"": 0.019, ""BIL"": 0.6}
### EXAMPLE 2
Features:
- AGG_mdd: -0.025477
- AGG_r12m: 0.020284
- AGG_r1m: -0.008267
- AGG_r3m: -0.004900
- AGG_vol3m: 0.040281
- BIL_mdd: -0.003444
- BIL_r12m: -0.001092
- BIL_r1m: -0.000218
- BIL_r3m: -0.000218
- BIL_vol3m: 0.002677
- BND_mdd: -0.027594
- BND_r12m: 0.019346
TargetWeights(JSON): {""SPY"": 0.019, ""QQQ"": 0.019, ""IWM"": 0.019, ""DIA"": 0.019, ""EFA"": 0.019, ""EEM"": 0.019, ""VEA"": 0.019, ""VWO"": 0.019, ""AGG"": 0.019, ""BND"": 0.019, ""SHY"": 0.019, ""IEF"": 0.019, ""TLT"": 0.019, ""TIP"": 0.019, ""LQD"": 0.019, ""HYG"": 0.019, ""GLD"": 0.019, ""SLV"": 0.019, ""DBC"": 0.019, ""VNQ"": 0.019, ""UUP"": 0.019, ""BIL"": 0.6}
### EXAMPLE 3
Features:
- AGG_mdd: -0.006579
- AGG_r12m: 0.028799
- AGG_r1m: 0.010248
- AGG_r3m: 0.014750
- AGG_vol3m: 0.034384
- BIL_mdd: -0.003662
- BIL_r12m: -0.001310
- BIL_r1m: 0.000000
- BIL_r3m: -0.000219
- BIL_vol3m: 0.002457
- BND_mdd: -0.008413
- BND_r12m: 0.028189
TargetWeights(JSON): {""SPY"": 0.019, ""QQQ"": 0.019, ""IWM"": 0.019, ""DIA"": 0.019, ""EFA"": 0.019, ""EEM"": 0.019, ""VEA"": 0.019, ""VWO"": 0.019, ""AGG"": 0.019, ""BND"": 0.019, ""SHY"": 0.019, ""IEF"": 0.019, ""TLT"": 0.019, ""TIP"": 0.019, ""LQD"": 0.019, ""HYG"": 0.019, ""GLD"": 0.019, ""SLV"": 0.019, ""DBC"": 0.019, ""VNQ"": 0.019, ""UUP"": 0.019, ""BIL"": 0.6}
### EXAMPLE 4
Features:
- AGG_mdd: -0.005079
- AGG_r12m: 0.054944
- AGG_r1m: 0.002489
- AGG_r3m: 0.029273
- AGG_vol3m: 0.051778
- BIL_mdd: -0.000654
- BIL_r12m: -0.000436
- BIL_r1m: -0.000436
- BIL_r3m: -0.000436
- BIL_vol3m: 0.002780
- BND_mdd: -0.003934
- BND_r12m: 0.058634
TargetWeights(JSON): {""SPY"": 0.019, ""QQQ"": 0.019, ""IWM"": 0.019, ""DIA"": 0.019, ""EFA"": 0.019, ""EEM"": 0.019, ""VEA"": 0.019, ""VWO"": 0.019, ""AGG"": 0.019, ""BND"": 0.019, ""SHY"": 0.019, ""IEF"": 0.019, ""TLT"": 0.019, ""TIP"": 0.019, ""LQD"": 0.019, ""HYG"": 0.019, ""GLD"": 0.019, ""SLV"": 0.019, ""DBC"": 0.019, ""VNQ"": 0.019, ""UUP"": 0.019, ""BIL"": 0.6}

Current Features:
- AGG_mdd: -0.036098
- AGG_r12m: 0.003530
- AGG_r1m: -0.005837
- AGG_r3m: 0.000419
- AGG_vol3m: 0.033724
- BIL_mdd: -0.002464
- BIL_r12m: 0.001641
- BIL_r1m: -0.000176
- BIL_r3m: 0.000525
- BIL_vol3m: 0.003394
- BND_mdd: -0.038472
- BND_r12m: 0.003350
- BND_r1m: -0.006098
- BND_r3m: 0.000119
- BND_vol3m: 0.034523
- DBC_mdd: -0.524436
- DBC_r12m: 0.149129
- DBC_r1m: -0.039848
- DBC_r3m: -0.031888
- DBC_vol3m: 0.114383
- DIA_mdd: -0.011421
- DIA_r12m: 0.260084
- DIA_r1m: 0.044429
- DIA_r3m: 0.091663
- DIA_vol3m: 0.069382
- EEM_mdd: -0.145545
- EEM_r12m: 0.199142
- EEM_r1m: 0.006108
- EEM_r3m: 0.082272
- EEM_vol3m: 0.133667
- EFA_mdd: -0.069409
- EFA_r12m: 0.115649
- EFA_r1m: 0.010049
- EFA_r3m: 0.063970
- EFA_vol3m: 0.081737
- GLD_mdd: -0.376673
- GLD_r12m: -0.045779
- GLD_r1m: -0.022430
- GLD_r3m: 0.031558
- GLD_vol3m: 0.110871
- HYG_mdd: -0.018929
- HYG_r12m: 0.135169
- HYG_r1m: -0.005513
- HYG_r3m: 0.023475
- HYG_vol3m: 0.039222
- IEF_mdd: -0.075176
- IEF_r12m: -0.033460
- IEF_r1m: -0.010606
- IEF_r3m: -0.005929
- IEF_vol3m: 0.053017
- IWM_mdd: -0.031775
- IWM_r12m: 0.298724
- IWM_r1m: 0.000442
- IWM_r3m: 0.024864
- IWM_vol3m: 0.134711
- LQD_mdd: -0.044763
- LQD_r12m: 0.040075
- LQD_r1m: -0.006423
- LQD_r3m: 0.005582
- LQD_vol3m: 0.047535
- QQQ_mdd: -0.005326
- QQQ_r12m: 0.269287
- QQQ_r1m: 0.039021
- QQQ_r3m: 0.124585
- QQQ_vol3m: 0.073851
- SHY_mdd: -0.007901
- SHY_r12m: 0.001252
- SHY_r1m: -0.002911
- SHY_r3m: -0.000996
- SHY_vol3m: 0.009453
- SLV_mdd: -0.654676
- SLV_r12m: 0.116279
- SLV_r1m: -0.029727
- SLV_r3m: 0.027708
- SLV_vol3m: 0.198056
- SPY_mdd: -0.013429
- SPY_r12m: 0.217943
- SPY_r1m: 0.033329
- SPY_r3m: 0.076716
- SPY_vol3m: 0.070497
- TIP_mdd: -0.040967
- TIP_r12m: 0.019038
- TIP_r1m: -0.009289
- TIP_r3m: -0.000530
- TIP_vol3m: 0.042489
- TLT_mdd: -0.166521
- TLT_r12m: -0.071815
- TLT_r1m: -0.014310
- TLT_r3m: -0.007521
- TLT_vol3m: 0.112363
- UUP_mdd: -0.011985
- UUP_r12m: 0.046410
- UUP_r1m: 0.022481
- UUP_r3m: 0.019320
- UUP_vol3m: 0.076328
- VEA_mdd: -0.051298
- VEA_r12m: 0.126420
- VEA_r1m: 0.005797
- VEA_r3m: 0.061625
- VEA_vol3m: 0.082327
- VNQ_mdd: -0.091344
- VNQ_r12m: 0.083706
- VNQ_r1m: -0.009315
- VNQ_r3m: 0.037462
- VNQ_vol3m: 0.130806
- VWO_mdd: -0.108617
- VWO_r12m: 0.210149
- VWO_r1m: 0.012042
- VWO_r3m: 0.078770
- VWO_vol3m: 0.126587
- cross_vol: 0.080860
Assets: SPY, QQQ, IWM, DIA, EFA, EEM, VEA, VWO, AGG, BND, SHY, IEF, TLT, TIP, LQD, HYG, GLD, SLV, DBC, VNQ, UUP, BIL","{""SPY"":0.019019019,""QQQ"":0.019019019,""IWM"":0.019019019,""DIA"":0.019019019,""EFA"":0.019019019,""EEM"":0.019019019,""VEA"":0.019019019,""VWO"":0.019019019,""AGG"":0.019019019,""BND"":0.019019019,""SHY"":0.019019019,""IEF"":0.019019019,""TLT"":0.019019019,""TIP"":0.019019019,""LQD"":0.019019019,""HYG"":0.019019019,""GLD"":0.019019019,""SLV"":0.019019019,""DBC"":0.019019019,""VNQ"":0.019019019,""UUP"":0.019019019,""BIL"":0.6006006006}","{""SPY"":0.019047619,""QQQ"":0.019047619,""IWM"":0.019047619,""DIA"":0.019047619,""EFA"":0.019047619,""EEM"":0.019047619,""VEA"":0.019047619,""VWO"":0.019047619,""AGG"":0.019047619,""BND"":0.019047619,""SHY"":0.019047619,""IEF"":0.019047619,""TLT"":0.019047619,""TIP"":0.019047619,""LQD"":0.019047619,""HYG"":0.019047619,""GLD"":0.019047619,""SLV"":0.019047619,""DBC"":0.019047619,""VNQ"":0.019047619,""UUP"":0.019047619,""BIL"":0.6}","{""SPY"":0.019047619,""QQQ"":0.019047619,""IWM"":0.019047619,""DIA"":0.019047619,""EFA"":0.019047619,""EEM"":0.019047619,""VEA"":0.019047619,""VWO"":0.019047619,""AGG"":0.019047619,""BND"":0.019047619,""SHY"":0.019047619,""IEF"":0.019047619,""TLT"":0.019047619,""TIP"":0.019047619,""LQD"":0.019047619,""HYG"":0.019047619,""GLD"":0.019047619,""SLV"":0.019047619,""DBC"":0.019047619,""VNQ"":0.019047619,""UUP"":0.019047619,""BIL"":0.6}",0
a06276c4fce515b47f68536e,p2_reconciliation_v1,B_wfcv_no_fewshot,llama3.1:8b,P2,2017-03-08,5,1806,BIL,SPY,SPY,0,0,1.1444444444444442,0.0,2efda69be6bcdd712366a309585a8781c3379eec71158f921dbc5ebf21e60ab1,3540,e3b0c44298fc1c149afbf4c8996fb92427ae41e4649b934ca495991b7852b855,0,1,0,0,16.179942124988884,1,"{
  ""weights"": {
    ""SPY"": 0.6,
    ""QQQ"": 0.1,
    ""IWM"": 0.1,
    ""DIA"": 0.1,
    ""EFA"": 0.05,
    ""EEM"": 0.05,
    ""VEA"": 0.05,
    ""VWO"": 0.05,
    ""AGG"": 0.05,
    ""BND"": 0.05,
    ""SHY"": 0.05,
    ""IEF"": 0.05,
    ""TLT"": 0.05,
    ""TIP"": 0.05,
    ""LQD"": 0.05,
    ""HYG"": 0.05,
    ""GLD"": 0.05,
    ""SLV"": 0.05,
    ""DBC"": 0.05,
    ""VNQ"": 0.05,
    ""UUP"": 0.05,
    ""BIL"": 0.05
  }
}","You are a DEFENSIVE LOW-VOLATILITY policy profile. Your task is to translate a natural-language risk-averse policy into provisional portfolio weights. Use only the provided feature values, not outside market knowledge. Identify the eligible asset that appears safest, defined by the lowest `_vol3m` value. This is a defensive single-core policy profile, so do not default to equal weights when one asset clearly has the lowest recent volatility. Allocate 60% of the total portfolio weight to this safest asset as the language-level policy target. The hard maximum-weight constraint is 60%. Do not solve the projection yourself; express the language-level target and let the projection layer enforce feasibility before execution. Distribute the remaining weight equally among all other eligible assets. Use only tickers from the provided asset list. Include every eligible ticker exactly once. Return strictly valid JSON only. The `weights` field MUST be a JSON object where keys are tickers and values are numeric portfolio weights expressed as decimals, not percentages.



Current Features:
- AGG_mdd: -0.036098
- AGG_r12m: 0.003530
- AGG_r1m: -0.005837
- AGG_r3m: 0.000419
- AGG_vol3m: 0.033724
- BIL_mdd: -0.002464
- BIL_r12m: 0.001641
- BIL_r1m: -0.000176
- BIL_r3m: 0.000525
- BIL_vol3m: 0.003394
- BND_mdd: -0.038472
- BND_r12m: 0.003350
- BND_r1m: -0.006098
- BND_r3m: 0.000119
- BND_vol3m: 0.034523
- DBC_mdd: -0.524436
- DBC_r12m: 0.149129
- DBC_r1m: -0.039848
- DBC_r3m: -0.031888
- DBC_vol3m: 0.114383
- DIA_mdd: -0.011421
- DIA_r12m: 0.260084
- DIA_r1m: 0.044429
- DIA_r3m: 0.091663
- DIA_vol3m: 0.069382
- EEM_mdd: -0.145545
- EEM_r12m: 0.199142
- EEM_r1m: 0.006108
- EEM_r3m: 0.082272
- EEM_vol3m: 0.133667
- EFA_mdd: -0.069409
- EFA_r12m: 0.115649
- EFA_r1m: 0.010049
- EFA_r3m: 0.063970
- EFA_vol3m: 0.081737
- GLD_mdd: -0.376673
- GLD_r12m: -0.045779
- GLD_r1m: -0.022430
- GLD_r3m: 0.031558
- GLD_vol3m: 0.110871
- HYG_mdd: -0.018929
- HYG_r12m: 0.135169
- HYG_r1m: -0.005513
- HYG_r3m: 0.023475
- HYG_vol3m: 0.039222
- IEF_mdd: -0.075176
- IEF_r12m: -0.033460
- IEF_r1m: -0.010606
- IEF_r3m: -0.005929
- IEF_vol3m: 0.053017
- IWM_mdd: -0.031775
- IWM_r12m: 0.298724
- IWM_r1m: 0.000442
- IWM_r3m: 0.024864
- IWM_vol3m: 0.134711
- LQD_mdd: -0.044763
- LQD_r12m: 0.040075
- LQD_r1m: -0.006423
- LQD_r3m: 0.005582
- LQD_vol3m: 0.047535
- QQQ_mdd: -0.005326
- QQQ_r12m: 0.269287
- QQQ_r1m: 0.039021
- QQQ_r3m: 0.124585
- QQQ_vol3m: 0.073851
- SHY_mdd: -0.007901
- SHY_r12m: 0.001252
- SHY_r1m: -0.002911
- SHY_r3m: -0.000996
- SHY_vol3m: 0.009453
- SLV_mdd: -0.654676
- SLV_r12m: 0.116279
- SLV_r1m: -0.029727
- SLV_r3m: 0.027708
- SLV_vol3m: 0.198056
- SPY_mdd: -0.013429
- SPY_r12m: 0.217943
- SPY_r1m: 0.033329
- SPY_r3m: 0.076716
- SPY_vol3m: 0.070497
- TIP_mdd: -0.040967
- TIP_r12m: 0.019038
- TIP_r1m: -0.009289
- TIP_r3m: -0.000530
- TIP_vol3m: 0.042489
- TLT_mdd: -0.166521
- TLT_r12m: -0.071815
- TLT_r1m: -0.014310
- TLT_r3m: -0.007521
- TLT_vol3m: 0.112363
- UUP_mdd: -0.011985
- UUP_r12m: 0.046410
- UUP_r1m: 0.022481
- UUP_r3m: 0.019320
- UUP_vol3m: 0.076328
- VEA_mdd: -0.051298
- VEA_r12m: 0.126420
- VEA_r1m: 0.005797
- VEA_r3m: 0.061625
- VEA_vol3m: 0.082327
- VNQ_mdd: -0.091344
- VNQ_r12m: 0.083706
- VNQ_r1m: -0.009315
- VNQ_r3m: 0.037462
- VNQ_vol3m: 0.130806
- VWO_mdd: -0.108617
- VWO_r12m: 0.210149
- VWO_r1m: 0.012042
- VWO_r3m: 0.078770
- VWO_vol3m: 0.126587
- cross_vol: 0.080860
Assets: SPY, QQQ, IWM, DIA, EFA, EEM, VEA, VWO, AGG, BND, SHY, IEF, TLT, TIP, LQD, HYG, GLD, SLV, DBC, VNQ, UUP, BIL","{""SPY"":0.3333333333,""QQQ"":0.0555555556,""IWM"":0.0555555556,""DIA"":0.0555555556,""EFA"":0.0277777778,""EEM"":0.0277777778,""VEA"":0.0277777778,""VWO"":0.0277777778,""AGG"":0.0277777778,""BND"":0.0277777778,""SHY"":0.0277777778,""IEF"":0.0277777778,""TLT"":0.0277777778,""TIP"":0.0277777778,""LQD"":0.0277777778,""HYG"":0.0277777778,""GLD"":0.0277777778,""SLV"":0.0277777778,""DBC"":0.0277777778,""VNQ"":0.0277777778,""UUP"":0.0277777778,""BIL"":0.0277777778}","{""SPY"":0.3333333333,""QQQ"":0.0555555556,""IWM"":0.0555555556,""DIA"":0.0555555556,""EFA"":0.0277777778,""EEM"":0.0277777778,""VEA"":0.0277777778,""VWO"":0.0277777778,""AGG"":0.0277777778,""BND"":0.0277777778,""SHY"":0.0277777778,""IEF"":0.0277777778,""TLT"":0.0277777778,""TIP"":0.0277777778,""LQD"":0.0277777778,""HYG"":0.0277777778,""GLD"":0.0277777778,""SLV"":0.0277777778,""DBC"":0.0277777778,""VNQ"":0.0277777778,""UUP"":0.0277777778,""BIL"":0.0277777778}","{""SPY"":0.019047619,""QQQ"":0.019047619,""IWM"":0.019047619,""DIA"":0.019047619,""EFA"":0.019047619,""EEM"":0.019047619,""VEA"":0.019047619,""VWO"":0.019047619,""AGG"":0.019047619,""BND"":0.019047619,""SHY"":0.019047619,""IEF"":0.019047619,""TLT"":0.019047619,""TIP"":0.019047619,""LQD"":0.019047619,""HYG"":0.019047619,""GLD"":0.019047619,""SLV"":0.019047619,""DBC"":0.019047619,""VNQ"":0.019047619,""UUP"":0.019047619,""BIL"":0.6}",0
d5368b171f5b364427819b83,p2_reconciliation_v1,C_bridge_canonical,llama3.1:8b,P2,2017-03-08,5,1806,BIL,SPY,SPY,0,0,1.5213250517598342,1.0755285551056204e-16,7167119a939e6a567b37e764396c6985404937f01c45127f16ccd4944349cfef,3376,e3b0c44298fc1c149afbf4c8996fb92427ae41e4649b934ca495991b7852b855,0,1,0,0,17.77674608300731,1,"{
  ""weights"": {
    ""SPY"": 0.6,
    ""QQQ"": 0.2,
    ""IWM"": 0.1,
    ""DIA"": 0.05,
    ""EFA"": 0.025,
    ""EEM"": 0.025,
    ""VEA"": 0.025,
    ""VWO"": 0.025,
    ""AGG"": 0.0125,
    ""BND"": 0.0125,
    ""SHY"": 0.00625,
    ""IEF"": 0.00625,
    ""TLT"": 0.00625,
    ""TIP"": 0.00625,
    ""LQD"": 0.00625,
    ""HYG"": 0.00625,
    ""GLD"": 0.00625,
    ""SLV"": 0.00625,
    ""DBC"": 0.00625,
    ""VNQ"": 0.00625,
    ""UUP"": 0.00625,
    ""BIL"": 0.00625
  }
}","You are a DEFENSIVE LOW-VOLATILITY policy profile. Use only the provided feature values. Strongly favor the eligible asset with the lowest `_vol3m` value. Allocate 60.0% of total portfolio weight to that target asset as the language-level policy target. Distribute the remaining weight equally among all other eligible assets. Include every eligible ticker exactly once. Return strictly valid JSON only with a `weights` object whose values are decimals, not percentages.
Hard constraints for the execution layer: long-only weights, weights sum to one, maximum single-asset weight 0.60, and turnover cap 0.25. You propose weights; deterministic projection will enforce final feasibility.

Current Features:
- SPY_r1m: 0.03332863
- SPY_r3m: 0.07671620
- SPY_r12m: 0.21794304
- SPY_vol3m: 0.07049688
- SPY_mdd: -0.01342901
- QQQ_r1m: 0.03902106
- QQQ_r3m: 0.12458533
- QQQ_r12m: 0.26928736
- QQQ_vol3m: 0.07385098
- QQQ_mdd: -0.00532550
- IWM_r1m: 0.00044201
- IWM_r3m: 0.02486356
- IWM_r12m: 0.29872423
- IWM_vol3m: 0.13471134
- IWM_mdd: -0.03177545
- DIA_r1m: 0.04442905
- DIA_r3m: 0.09166277
- DIA_r12m: 0.26008435
- DIA_vol3m: 0.06938165
- DIA_mdd: -0.01142113
- EFA_r1m: 0.01004861
- EFA_r3m: 0.06397048
- EFA_r12m: 0.11564856
- EFA_vol3m: 0.08173738
- EFA_mdd: -0.06940877
- EEM_r1m: 0.00610752
- EEM_r3m: 0.08227186
- EEM_r12m: 0.19914173
- EEM_vol3m: 0.13366713
- EEM_mdd: -0.14554492
- VEA_r1m: 0.00579722
- VEA_r3m: 0.06162452
- VEA_r12m: 0.12641978
- VEA_vol3m: 0.08232671
- VEA_mdd: -0.05129750
- VWO_r1m: 0.01204188
- VWO_r3m: 0.07876981
- VWO_r12m: 0.21014946
- VWO_vol3m: 0.12658661
- VWO_mdd: -0.10861668
- AGG_r1m: -0.00583654
- AGG_r3m: 0.00041864
- AGG_r12m: 0.00352952
- AGG_vol3m: 0.03372405
- AGG_mdd: -0.03609779
- BND_r1m: -0.00609756
- BND_r3m: 0.00011884
- BND_r12m: 0.00334982
- BND_vol3m: 0.03452257
- BND_mdd: -0.03847177
- SHY_r1m: -0.00291096
- SHY_r3m: -0.00099623
- SHY_r12m: 0.00125160
- SHY_vol3m: 0.00945311
- SHY_mdd: -0.00790142
- IEF_r1m: -0.01060638
- IEF_r3m: -0.00592869
- IEF_r12m: -0.03346002
- IEF_vol3m: 0.05301696
- IEF_mdd: -0.07517592
- TLT_r1m: -0.01431033
- TLT_r3m: -0.00752097
- TLT_r12m: -0.07181471
- TLT_vol3m: 0.11236350
- TLT_mdd: -0.16652092
- TIP_r1m: -0.00928902
- TIP_r3m: -0.00052986
- TIP_r12m: 0.01903846
- TIP_vol3m: 0.04248911
- TIP_mdd: -0.04096731
- LQD_r1m: -0.00642320
- LQD_r3m: 0.00558191
- LQD_r12m: 0.04007461
- LQD_vol3m: 0.04753469
- LQD_mdd: -0.04476268
- HYG_r1m: -0.00551284
- HYG_r3m: 0.02347527
- HYG_r12m: 0.13516855
- HYG_vol3m: 0.03922178
- HYG_mdd: -0.01892856
- GLD_r1m: -0.02242990
- GLD_r3m: 0.03155816
- GLD_r12m: -0.04577877
- GLD_vol3m: 0.11087103
- GLD_mdd: -0.37667263
- SLV_r1m: -0.02972652
- SLV_r3m: 0.02770778
- SLV_r12m: 0.11627906
- SLV_vol3m: 0.19805599
- SLV_mdd: -0.65467625
- DBC_r1m: -0.03984823
- DBC_r3m: -0.03188777
- DBC_r12m: 0.14912944
- DBC_vol3m: 0.11438337
- DBC_mdd: -0.52443611
- VNQ_r1m: -0.00931531
- VNQ_r3m: 0.03746175
- VNQ_r12m: 0.08370564
- VNQ_vol3m: 0.13080609
- VNQ_mdd: -0.09134409
- UUP_r1m: 0.02248076
- UUP_r3m: 0.01932000
- UUP_r12m: 0.04641035
- UUP_vol3m: 0.07632787
- UUP_mdd: -0.01198502
- BIL_r1m: -0.00017566
- BIL_r3m: 0.00052465
- BIL_r12m: 0.00164150
- BIL_vol3m: 0.00339449
- BIL_mdd: -0.00246354
- cross_vol: 0.08086015

Assets: SPY, QQQ, IWM, DIA, EFA, EEM, VEA, VWO, AGG, BND, SHY, IEF, TLT, TIP, LQD, HYG, GLD, SLV, DBC, VNQ, UUP, BIL","{""SPY"":0.5217391304,""QQQ"":0.1739130435,""IWM"":0.0869565217,""DIA"":0.0434782609,""EFA"":0.0217391304,""EEM"":0.0217391304,""VEA"":0.0217391304,""VWO"":0.0217391304,""AGG"":0.0108695652,""BND"":0.0108695652,""SHY"":0.0054347826,""IEF"":0.0054347826,""TLT"":0.0054347826,""TIP"":0.0054347826,""LQD"":0.0054347826,""HYG"":0.0054347826,""GLD"":0.0054347826,""SLV"":0.0054347826,""DBC"":0.0054347826,""VNQ"":0.0054347826,""UUP"":0.0054347826,""BIL"":0.0054347826}","{""SPY"":0.5217391304,""QQQ"":0.1739130435,""IWM"":0.0869565217,""DIA"":0.0434782609,""EFA"":0.0217391304,""EEM"":0.0217391304,""VEA"":0.0217391304,""VWO"":0.0217391304,""AGG"":0.0108695652,""BND"":0.0108695652,""SHY"":0.0054347826,""IEF"":0.0054347826,""TLT"":0.0054347826,""TIP"":0.0054347826,""LQD"":0.0054347826,""HYG"":0.0054347826,""GLD"":0.0054347826,""SLV"":0.0054347826,""DBC"":0.0054347826,""VNQ"":0.0054347826,""UUP"":0.0054347826,""BIL"":0.0054347826}","{""SPY"":0.019047619,""QQQ"":0.019047619,""IWM"":0.019047619,""DIA"":0.019047619,""EFA"":0.019047619,""EEM"":0.019047619,""VEA"":0.019047619,""VWO"":0.019047619,""AGG"":0.019047619,""BND"":0.019047619,""SHY"":0.019047619,""IEF"":0.019047619,""TLT"":0.019047619,""TIP"":0.019047619,""LQD"":0.019047619,""HYG"":0.019047619,""GLD"":0.019047619,""SLV"":0.019047619,""DBC"":0.019047619,""VNQ"":0.019047619,""UUP"":0.019047619,""BIL"":0.6}",0
bf37403056f6637b12bb42ad,p2_reconciliation_v1,A_wfcv_exact,gemma3:270m,P2,2019-05-09,7,2352,BIL,BIL,BIL,1,1,0.0,0.0012012012012015266,6488ec0280ae21857a3daf7b147b4c0e6d56275e0d84740394ae67632ced5749,5949,b46665544a93821eb276f1beeb63ce24196199e8b196cac135c4ecb2a65b587b,2414,1,0,0,1.9656602909963112,1,"{""weights"": {""SPY"": 0.019, ""QQQ"": 0.019, ""IWM"": 0.019, ""DIA"": 0.019, ""EFA"": 0.019, ""EEM"": 0.019, ""VEA"": 0.019, ""VWO"": 0.019, ""AGG"": 0.019, ""BND"": 0.019, ""SHY"": 0.019, ""IEF"": 0.019, ""TLT"": 0.019, ""TIP"": 0.019, ""LQD"": 0.019, ""HYG"": 0.019, ""GLD"": 0.019, ""SLV"": 0.019, ""DBC"": 0.019, ""VNQ"": 0.019, ""UUP"": 0.019, ""BIL"": 0.6}}","You are a DEFENSIVE LOW-VOLATILITY policy profile. Your task is to translate a natural-language risk-averse policy into provisional portfolio weights. Use only the provided feature values, not outside market knowledge. Identify the eligible asset that appears safest, defined by the lowest `_vol3m` value. This is a defensive single-core policy profile, so do not default to equal weights when one asset clearly has the lowest recent volatility. Allocate 60% of the total portfolio weight to this safest asset as the language-level policy target. The hard maximum-weight constraint is 60%. Do not solve the projection yourself; express the language-level target and let the projection layer enforce feasibility before execution. Distribute the remaining weight equally among all other eligible assets. Use only tickers from the provided asset list. Include every eligible ticker exactly once. Return strictly valid JSON only. The `weights` field MUST be a JSON object where keys are tickers and values are numeric portfolio weights expressed as decimals, not percentages.

### EXAMPLE 1
Features:
- AGG_mdd: -0.001575
- AGG_r12m: 0.000000
- AGG_r1m: 0.010141
- AGG_r3m: 0.036773
- AGG_vol3m: 0.028416
- BIL_mdd: -0.000218
- BIL_r12m: 0.000000
- BIL_r1m: 0.000000
- BIL_r3m: 0.000218
- BIL_vol3m: 0.002950
- BND_mdd: -0.001826
- BND_r12m: 0.000000
TargetWeights(JSON): {""SPY"": 0.019, ""QQQ"": 0.019, ""IWM"": 0.019, ""DIA"": 0.019, ""EFA"": 0.019, ""EEM"": 0.019, ""VEA"": 0.019, ""VWO"": 0.019, ""AGG"": 0.019, ""BND"": 0.019, ""SHY"": 0.019, ""IEF"": 0.019, ""TLT"": 0.019, ""TIP"": 0.019, ""LQD"": 0.019, ""HYG"": 0.019, ""GLD"": 0.019, ""SLV"": 0.019, ""DBC"": 0.019, ""VNQ"": 0.019, ""UUP"": 0.019, ""BIL"": 0.6}
### EXAMPLE 2
Features:
- AGG_mdd: -0.006058
- AGG_r12m: 0.023318
- AGG_r1m: 0.003366
- AGG_r3m: 0.012987
- AGG_vol3m: 0.025139
- BIL_mdd: -0.002355
- BIL_r12m: -0.001092
- BIL_r1m: -0.000219
- BIL_r3m: -0.000437
- BIL_vol3m: 0.002158
- BND_mdd: -0.006570
- BND_r12m: 0.022424
TargetWeights(JSON): {""SPY"": 0.019, ""QQQ"": 0.019, ""IWM"": 0.019, ""DIA"": 0.019, ""EFA"": 0.019, ""EEM"": 0.019, ""VEA"": 0.019, ""VWO"": 0.019, ""AGG"": 0.019, ""BND"": 0.019, ""SHY"": 0.019, ""IEF"": 0.019, ""TLT"": 0.019, ""TIP"": 0.019, ""LQD"": 0.019, ""HYG"": 0.019, ""GLD"": 0.019, ""SLV"": 0.019, ""DBC"": 0.019, ""VNQ"": 0.019, ""UUP"": 0.019, ""BIL"": 0.6}
### EXAMPLE 3
Features:
- AGG_mdd: -0.023232
- AGG_r12m: 0.023574
- AGG_r1m: -0.010226
- AGG_r3m: -0.008662
- AGG_vol3m: 0.041183
- BIL_mdd: -0.003227
- BIL_r12m: -0.000874
- BIL_r1m: 0.000000
- BIL_r3m: -0.000219
- BIL_vol3m: 0.002677
- BND_mdd: -0.026157
- BND_r12m: 0.022103
TargetWeights(JSON): {""SPY"": 0.019, ""QQQ"": 0.019, ""IWM"": 0.019, ""DIA"": 0.019, ""EFA"": 0.019, ""EEM"": 0.019, ""VEA"": 0.019, ""VWO"": 0.019, ""AGG"": 0.019, ""BND"": 0.019, ""SHY"": 0.019, ""IEF"": 0.019, ""TLT"": 0.019, ""TIP"": 0.019, ""LQD"": 0.019, ""HYG"": 0.019, ""GLD"": 0.019, ""SLV"": 0.019, ""DBC"": 0.019, ""VNQ"": 0.019, ""UUP"": 0.019, ""BIL"": 0.6}
### EXAMPLE 4
Features:
- AGG_mdd: -0.003385
- AGG_r12m: 0.055655
- AGG_r1m: 0.002280
- AGG_r3m: 0.019918
- AGG_vol3m: 0.031626
- BIL_mdd: -0.003444
- BIL_r12m: 0.000219
- BIL_r1m: 0.000219
- BIL_r3m: 0.000438
- BIL_vol3m: 0.002921
- BND_mdd: -0.004302
- BND_r12m: 0.057862
TargetWeights(JSON): {""SPY"": 0.019, ""QQQ"": 0.019, ""IWM"": 0.019, ""DIA"": 0.019, ""EFA"": 0.019, ""EEM"": 0.019, ""VEA"": 0.019, ""VWO"": 0.019, ""AGG"": 0.019, ""BND"": 0.019, ""SHY"": 0.019, ""IEF"": 0.019, ""TLT"": 0.019, ""TIP"": 0.019, ""LQD"": 0.019, ""HYG"": 0.019, ""GLD"": 0.019, ""SLV"": 0.019, ""DBC"": 0.019, ""VNQ"": 0.019, ""UUP"": 0.019, ""BIL"": 0.6}

Current Features:
- AGG_mdd: 0.000000
- AGG_r12m: 0.059884
- AGG_r1m: 0.004712
- AGG_r3m: 0.021905
- AGG_vol3m: 0.026570
- BIL_mdd: 0.000000
- BIL_r12m: 0.020287
- BIL_r1m: 0.001903
- BIL_r3m: 0.005698
- BIL_vol3m: 0.001704
- BND_mdd: 0.000000
- BND_r12m: 0.060443
- BND_r1m: 0.005021
- BND_r3m: 0.022106
- BND_vol3m: 0.027043
- DBC_mdd: -0.503026
- DBC_r12m: -0.105279
- DBC_r1m: -0.033333
- DBC_r3m: 0.012282
- DBC_vol3m: 0.092395
- DIA_mdd: -0.030172
- DIA_r12m: 0.084867
- DIA_r1m: -0.011149
- DIA_r3m: 0.031574
- DIA_vol3m: 0.098810
- EEM_mdd: -0.181383
- EEM_r12m: -0.081568
- EEM_r1m: -0.058226
- EEM_r3m: -0.015802
- EEM_vol3m: 0.148310
- EFA_mdd: -0.111634
- EFA_r12m: -0.057793
- EFA_r1m: -0.015485
- EFA_r3m: 0.042269
- EFA_vol3m: 0.098369
- GLD_mdd: -0.343410
- GLD_r12m: -0.027209
- GLD_r1m: -0.015834
- GLD_r3m: -0.020527
- GLD_vol3m: 0.094543
- HYG_mdd: -0.007159
- HYG_r12m: 0.063068
- HYG_r1m: 0.000389
- HYG_r3m: 0.027259
- HYG_vol3m: 0.031127
- IEF_mdd: -0.011582
- IEF_r12m: 0.072670
- IEF_r1m: 0.006174
- IEF_r3m: 0.022543
- IEF_vol3m: 0.043122
- IWM_mdd: -0.089427
- IWM_r12m: 0.001824
- IWM_r1m: 0.006379
- IWM_r3m: 0.046205
- IWM_vol3m: 0.150638
- LQD_mdd: -0.004165
- LQD_r12m: 0.076425
- LQD_r1m: 0.004314
- LQD_r3m: 0.032836
- LQD_vol3m: 0.038625
- QQQ_mdd: -0.033174
- QQQ_r12m: 0.122226
- QQQ_r1m: 0.001572
- QQQ_r3m: 0.100317
- QQQ_vol3m: 0.115101
- SHY_mdd: 0.000000
- SHY_r12m: 0.030332
- SHY_r1m: 0.003411
- SHY_r3m: 0.009510
- SHY_vol3m: 0.009006
- SLV_mdd: -0.707364
- SLV_r12m: -0.108317
- SLV_r1m: -0.031513
- SLV_r3m: -0.063643
- SLV_vol3m: 0.144702
- SPY_mdd: -0.025065
- SPY_r12m: 0.094790
- SPY_r1m: -0.002262
- SPY_r3m: 0.065828
- SPY_vol3m: 0.095809
- TIP_mdd: -0.003482
- TIP_r12m: 0.029842
- TIP_r1m: 0.003862
- TIP_r3m: 0.021181
- TIP_vol3m: 0.032773
- TLT_mdd: -0.064701
- TLT_r12m: 0.081371
- TLT_r1m: 0.009697
- TLT_r3m: 0.031955
- TLT_vol3m: 0.090622
- UUP_mdd: -0.008755
- UUP_r12m: 0.080561
- UUP_r1m: 0.006928
- UUP_r3m: 0.018295
- UUP_vol3m: 0.045485
- VEA_mdd: -0.119090
- VEA_r12m: -0.065387
- VEA_r1m: -0.019259
- VEA_r3m: 0.034774
- VEA_vol3m: 0.099283
- VNQ_mdd: -0.023964
- VNQ_r12m: 0.157834
- VNQ_r1m: -0.010933
- VNQ_r3m: 0.028941
- VNQ_vol3m: 0.113749
- VWO_mdd: -0.165261
- VWO_r12m: -0.062626
- VWO_r1m: -0.055073
- VWO_r3m: 0.007078
- VWO_vol3m: 0.148106
- cross_vol: 0.079359
Assets: SPY, QQQ, IWM, DIA, EFA, EEM, VEA, VWO, AGG, BND, SHY, IEF, TLT, TIP, LQD, HYG, GLD, SLV, DBC, VNQ, UUP, BIL","{""SPY"":0.019019019,""QQQ"":0.019019019,""IWM"":0.019019019,""DIA"":0.019019019,""EFA"":0.019019019,""EEM"":0.019019019,""VEA"":0.019019019,""VWO"":0.019019019,""AGG"":0.019019019,""BND"":0.019019019,""SHY"":0.019019019,""IEF"":0.019019019,""TLT"":0.019019019,""TIP"":0.019019019,""LQD"":0.019019019,""HYG"":0.019019019,""GLD"":0.019019019,""SLV"":0.019019019,""DBC"":0.019019019,""VNQ"":0.019019019,""UUP"":0.019019019,""BIL"":0.6006006006}","{""SPY"":0.019047619,""QQQ"":0.019047619,""IWM"":0.019047619,""DIA"":0.019047619,""EFA"":0.019047619,""EEM"":0.019047619,""VEA"":0.019047619,""VWO"":0.019047619,""AGG"":0.019047619,""BND"":0.019047619,""SHY"":0.019047619,""IEF"":0.019047619,""TLT"":0.019047619,""TIP"":0.019047619,""LQD"":0.019047619,""HYG"":0.019047619,""GLD"":0.019047619,""SLV"":0.019047619,""DBC"":0.019047619,""VNQ"":0.019047619,""UUP"":0.019047619,""BIL"":0.6}","{""SPY"":0.019047619,""QQQ"":0.019047619,""IWM"":0.019047619,""DIA"":0.019047619,""EFA"":0.019047619,""EEM"":0.019047619,""VEA"":0.019047619,""VWO"":0.019047619,""AGG"":0.019047619,""BND"":0.019047619,""SHY"":0.019047619,""IEF"":0.019047619,""TLT"":0.019047619,""TIP"":0.019047619,""LQD"":0.019047619,""HYG"":0.019047619,""GLD"":0.019047619,""SLV"":0.019047619,""DBC"":0.019047619,""VNQ"":0.019047619,""UUP"":0.019047619,""BIL"":0.6}",0
da9a2e60638b2cacc56da2cf,p2_reconciliation_v1,B_wfcv_no_fewshot,gemma3:270m,P2,2019-05-09,7,2352,BIL,SPY,SPY,0,0,1.1090909090909091,3.0531133177191805e-16,e61df868fff5487a30b1809ce46f1b9318e3936d20ebaa3aa34ccbf98b10dc9f,3535,e3b0c44298fc1c149afbf4c8996fb92427ae41e4649b934ca495991b7852b855,0,1,0,0,1.4634636249975301,1,"{""weights"": {""SPY"": 60, ""QQQ"": 60, ""IWM"": 60, ""DIA"": 60, ""EFA"": 60, ""EEM"": 60, ""VEA"": 60, ""VWO"": 60, ""AGG"": 60, ""BND"": 60, ""SHY"": 60, ""IEF"": 60, ""TLT"": 60, ""TIP"": 60, ""LQD"": 60, ""HYG"": 60, ""GLD"": 60, ""SLV"": 60, ""DBC"": 60, ""VNQ"": 60, ""UUP"": 60, ""BIL"": 60}}","You are a DEFENSIVE LOW-VOLATILITY policy profile. Your task is to translate a natural-language risk-averse policy into provisional portfolio weights. Use only the provided feature values, not outside market knowledge. Identify the eligible asset that appears safest, defined by the lowest `_vol3m` value. This is a defensive single-core policy profile, so do not default to equal weights when one asset clearly has the lowest recent volatility. Allocate 60% of the total portfolio weight to this safest asset as the language-level policy target. The hard maximum-weight constraint is 60%. Do not solve the projection yourself; express the language-level target and let the projection layer enforce feasibility before execution. Distribute the remaining weight equally among all other eligible assets. Use only tickers from the provided asset list. Include every eligible ticker exactly once. Return strictly valid JSON only. The `weights` field MUST be a JSON object where keys are tickers and values are numeric portfolio weights expressed as decimals, not percentages.



Current Features:
- AGG_mdd: 0.000000
- AGG_r12m: 0.059884
- AGG_r1m: 0.004712
- AGG_r3m: 0.021905
- AGG_vol3m: 0.026570
- BIL_mdd: 0.000000
- BIL_r12m: 0.020287
- BIL_r1m: 0.001903
- BIL_r3m: 0.005698
- BIL_vol3m: 0.001704
- BND_mdd: 0.000000
- BND_r12m: 0.060443
- BND_r1m: 0.005021
- BND_r3m: 0.022106
- BND_vol3m: 0.027043
- DBC_mdd: -0.503026
- DBC_r12m: -0.105279
- DBC_r1m: -0.033333
- DBC_r3m: 0.012282
- DBC_vol3m: 0.092395
- DIA_mdd: -0.030172
- DIA_r12m: 0.084867
- DIA_r1m: -0.011149
- DIA_r3m: 0.031574
- DIA_vol3m: 0.098810
- EEM_mdd: -0.181383
- EEM_r12m: -0.081568
- EEM_r1m: -0.058226
- EEM_r3m: -0.015802
- EEM_vol3m: 0.148310
- EFA_mdd: -0.111634
- EFA_r12m: -0.057793
- EFA_r1m: -0.015485
- EFA_r3m: 0.042269
- EFA_vol3m: 0.098369
- GLD_mdd: -0.343410
- GLD_r12m: -0.027209
- GLD_r1m: -0.015834
- GLD_r3m: -0.020527
- GLD_vol3m: 0.094543
- HYG_mdd: -0.007159
- HYG_r12m: 0.063068
- HYG_r1m: 0.000389
- HYG_r3m: 0.027259
- HYG_vol3m: 0.031127
- IEF_mdd: -0.011582
- IEF_r12m: 0.072670
- IEF_r1m: 0.006174
- IEF_r3m: 0.022543
- IEF_vol3m: 0.043122
- IWM_mdd: -0.089427
- IWM_r12m: 0.001824
- IWM_r1m: 0.006379
- IWM_r3m: 0.046205
- IWM_vol3m: 0.150638
- LQD_mdd: -0.004165
- LQD_r12m: 0.076425
- LQD_r1m: 0.004314
- LQD_r3m: 0.032836
- LQD_vol3m: 0.038625
- QQQ_mdd: -0.033174
- QQQ_r12m: 0.122226
- QQQ_r1m: 0.001572
- QQQ_r3m: 0.100317
- QQQ_vol3m: 0.115101
- SHY_mdd: 0.000000
- SHY_r12m: 0.030332
- SHY_r1m: 0.003411
- SHY_r3m: 0.009510
- SHY_vol3m: 0.009006
- SLV_mdd: -0.707364
- SLV_r12m: -0.108317
- SLV_r1m: -0.031513
- SLV_r3m: -0.063643
- SLV_vol3m: 0.144702
- SPY_mdd: -0.025065
- SPY_r12m: 0.094790
- SPY_r1m: -0.002262
- SPY_r3m: 0.065828
- SPY_vol3m: 0.095809
- TIP_mdd: -0.003482
- TIP_r12m: 0.029842
- TIP_r1m: 0.003862
- TIP_r3m: 0.021181
- TIP_vol3m: 0.032773
- TLT_mdd: -0.064701
- TLT_r12m: 0.081371
- TLT_r1m: 0.009697
- TLT_r3m: 0.031955
- TLT_vol3m: 0.090622
- UUP_mdd: -0.008755
- UUP_r12m: 0.080561
- UUP_r1m: 0.006928
- UUP_r3m: 0.018295
- UUP_vol3m: 0.045485
- VEA_mdd: -0.119090
- VEA_r12m: -0.065387
- VEA_r1m: -0.019259
- VEA_r3m: 0.034774
- VEA_vol3m: 0.099283
- VNQ_mdd: -0.023964
- VNQ_r12m: 0.157834
- VNQ_r1m: -0.010933
- VNQ_r3m: 0.028941
- VNQ_vol3m: 0.113749
- VWO_mdd: -0.165261
- VWO_r12m: -0.062626
- VWO_r1m: -0.055073
- VWO_r3m: 0.007078
- VWO_vol3m: 0.148106
- cross_vol: 0.079359
Assets: SPY, QQQ, IWM, DIA, EFA, EEM, VEA, VWO, AGG, BND, SHY, IEF, TLT, TIP, LQD, HYG, GLD, SLV, DBC, VNQ, UUP, BIL","{""SPY"":0.0454545455,""QQQ"":0.0454545455,""IWM"":0.0454545455,""DIA"":0.0454545455,""EFA"":0.0454545455,""EEM"":0.0454545455,""VEA"":0.0454545455,""VWO"":0.0454545455,""AGG"":0.0454545455,""BND"":0.0454545455,""SHY"":0.0454545455,""IEF"":0.0454545455,""TLT"":0.0454545455,""TIP"":0.0454545455,""LQD"":0.0454545455,""HYG"":0.0454545455,""GLD"":0.0454545455,""SLV"":0.0454545455,""DBC"":0.0454545455,""VNQ"":0.0454545455,""UUP"":0.0454545455,""BIL"":0.0454545455}","{""SPY"":0.0454545455,""QQQ"":0.0454545455,""IWM"":0.0454545455,""DIA"":0.0454545455,""EFA"":0.0454545455,""EEM"":0.0454545455,""VEA"":0.0454545455,""VWO"":0.0454545455,""AGG"":0.0454545455,""BND"":0.0454545455,""SHY"":0.0454545455,""IEF"":0.0454545455,""TLT"":0.0454545455,""TIP"":0.0454545455,""LQD"":0.0454545455,""HYG"":0.0454545455,""GLD"":0.0454545455,""SLV"":0.0454545455,""DBC"":0.0454545455,""VNQ"":0.0454545455,""UUP"":0.0454545455,""BIL"":0.0454545455}","{""SPY"":0.019047619,""QQQ"":0.019047619,""IWM"":0.019047619,""DIA"":0.019047619,""EFA"":0.019047619,""EEM"":0.019047619,""VEA"":0.019047619,""VWO"":0.019047619,""AGG"":0.019047619,""BND"":0.019047619,""SHY"":0.019047619,""IEF"":0.019047619,""TLT"":0.019047619,""TIP"":0.019047619,""LQD"":0.019047619,""HYG"":0.019047619,""GLD"":0.019047619,""SLV"":0.019047619,""DBC"":0.019047619,""VNQ"":0.019047619,""UUP"":0.019047619,""BIL"":0.6}",0
a5cb5435efdf1647c941bdd0,p2_reconciliation_v1,C_bridge_canonical,gemma3:270m,P2,2019-05-09,7,2352,BIL,SPY,SPY,0,0,1.1111111111111107,3.0531133177191805e-16,e789c2fd79fb64e00fb60129a94b592f11a1b86fd2237a5324fe538e6aefccf2,3371,e3b0c44298fc1c149afbf4c8996fb92427ae41e4649b934ca495991b7852b855,0,1,0,0,1.6564588750043185,1,"{""weights"": {""SPY"": 60.0, ""QQQ"": 40.0, ""IWM"": 40.0, ""DIA"": 40.0, ""EFA"": 40.0, ""EEM"": 40.0, ""VEA"": 40.0, ""VWO"": 40.0, ""AGG"": 40.0, ""BND"": 40.0, ""SHY"": 40.0, ""IEF"": 40.0, ""TLT"": 40.0, ""TIP"": 40.0, ""LQD"": 40.0, ""HYG"": 40.0, ""GLD"": 40.0, ""SLV"": 40.0, ""DBC"": 40.0, ""VNQ"": 40.0, ""UUP"": 40.0, ""BIL"": 40.0}}","You are a DEFENSIVE LOW-VOLATILITY policy profile. Use only the provided feature values. Strongly favor the eligible asset with the lowest `_vol3m` value. Allocate 60.0% of total portfolio weight to that target asset as the language-level policy target. Distribute the remaining weight equally among all other eligible assets. Include every eligible ticker exactly once. Return strictly valid JSON only with a `weights` object whose values are decimals, not percentages.
Hard constraints for the execution layer: long-only weights, weights sum to one, maximum single-asset weight 0.60, and turnover cap 0.25. You propose weights; deterministic projection will enforce final feasibility.

Current Features:
- SPY_r1m: -0.00226216
- SPY_r3m: 0.06582774
- SPY_r12m: 0.09479011
- SPY_vol3m: 0.09580920
- SPY_mdd: -0.02506504
- QQQ_r1m: 0.00157239
- QQQ_r3m: 0.10031691
- QQQ_r12m: 0.12222581
- QQQ_vol3m: 0.11510063
- QQQ_mdd: -0.03317413
- IWM_r1m: 0.00637886
- IWM_r3m: 0.04620457
- IWM_r12m: 0.00182435
- IWM_vol3m: 0.15063819
- IWM_mdd: -0.08942670
- DIA_r1m: -0.01114938
- DIA_r3m: 0.03157441
- DIA_r12m: 0.08486689
- DIA_vol3m: 0.09881035
- DIA_mdd: -0.03017167
- EFA_r1m: -0.01548527
- EFA_r3m: 0.04226909
- EFA_r12m: -0.05779312
- EFA_vol3m: 0.09836950
- EFA_mdd: -0.11163356
- EEM_r1m: -0.05822605
- EEM_r3m: -0.01580171
- EEM_r12m: -0.08156831
- EEM_vol3m: 0.14831011
- EEM_mdd: -0.18138275
- VEA_r1m: -0.01925873
- VEA_r3m: 0.03477354
- VEA_r12m: -0.06538702
- VEA_vol3m: 0.09928290
- VEA_mdd: -0.11909004
- VWO_r1m: -0.05507312
- VWO_r3m: 0.00707793
- VWO_r12m: -0.06262589
- VWO_vol3m: 0.14810642
- VWO_mdd: -0.16526094
- AGG_r1m: 0.00471205
- AGG_r3m: 0.02190474
- AGG_r12m: 0.05988369
- AGG_vol3m: 0.02656956
- AGG_mdd: 0.00000000
- BND_r1m: 0.00502108
- BND_r3m: 0.02210598
- BND_r12m: 0.06044334
- BND_vol3m: 0.02704257
- BND_mdd: 0.00000000
- SHY_r1m: 0.00341069
- SHY_r3m: 0.00950999
- SHY_r12m: 0.03033249
- SHY_vol3m: 0.00900587
- SHY_mdd: 0.00000000
- IEF_r1m: 0.00617448
- IEF_r3m: 0.02254306
- IEF_r12m: 0.07266988
- IEF_vol3m: 0.04312189
- IEF_mdd: -0.01158197
- TLT_r1m: 0.00969710
- TLT_r3m: 0.03195474
- TLT_r12m: 0.08137084
- TLT_vol3m: 0.09062184
- TLT_mdd: -0.06470070
- TIP_r1m: 0.00386182
- TIP_r3m: 0.02118105
- TIP_r12m: 0.02984203
- TIP_vol3m: 0.03277296
- TIP_mdd: -0.00348235
- LQD_r1m: 0.00431393
- LQD_r3m: 0.03283564
- LQD_r12m: 0.07642462
- LQD_vol3m: 0.03862507
- LQD_mdd: -0.00416468
- HYG_r1m: 0.00038877
- HYG_r3m: 0.02725857
- HYG_r12m: 0.06306764
- HYG_vol3m: 0.03112710
- HYG_mdd: -0.00715878
- GLD_r1m: -0.01583439
- GLD_r3m: -0.02052692
- GLD_r12m: -0.02720924
- GLD_vol3m: 0.09454293
- GLD_mdd: -0.34340972
- SLV_r1m: -0.03151259
- SLV_r3m: -0.06364255
- SLV_r12m: -0.10831723
- SLV_vol3m: 0.14470178
- SLV_mdd: -0.70736351
- DBC_r1m: -0.03333341
- DBC_r3m: 0.01228185
- DBC_r12m: -0.10527892
- DBC_vol3m: 0.09239519
- DBC_mdd: -0.50302623
- VNQ_r1m: -0.01093304
- VNQ_r3m: 0.02894071
- VNQ_r12m: 0.15783424
- VNQ_vol3m: 0.11374907
- VNQ_mdd: -0.02396365
- UUP_r1m: 0.00692839
- UUP_r3m: 0.01829493
- UUP_r12m: 0.08056124
- UUP_vol3m: 0.04548459
- UUP_mdd: -0.00875474
- BIL_r1m: 0.00190321
- BIL_r3m: 0.00569799
- BIL_r12m: 0.02028748
- BIL_vol3m: 0.00170355
- BIL_mdd: 0.00000000
- cross_vol: 0.07935869

Assets: SPY, QQQ, IWM, DIA, EFA, EEM, VEA, VWO, AGG, BND, SHY, IEF, TLT, TIP, LQD, HYG, GLD, SLV, DBC, VNQ, UUP, BIL","{""SPY"":0.0666666667,""QQQ"":0.0444444444,""IWM"":0.0444444444,""DIA"":0.0444444444,""EFA"":0.0444444444,""EEM"":0.0444444444,""VEA"":0.0444444444,""VWO"":0.0444444444,""AGG"":0.0444444444,""BND"":0.0444444444,""SHY"":0.0444444444,""IEF"":0.0444444444,""TLT"":0.0444444444,""TIP"":0.0444444444,""LQD"":0.0444444444,""HYG"":0.0444444444,""GLD"":0.0444444444,""SLV"":0.0444444444,""DBC"":0.0444444444,""VNQ"":0.0444444444,""UUP"":0.0444444444,""BIL"":0.0444444444}","{""SPY"":0.0666666667,""QQQ"":0.0444444444,""IWM"":0.0444444444,""DIA"":0.0444444444,""EFA"":0.0444444444,""EEM"":0.0444444444,""VEA"":0.0444444444,""VWO"":0.0444444444,""AGG"":0.0444444444,""BND"":0.0444444444,""SHY"":0.0444444444,""IEF"":0.0444444444,""TLT"":0.0444444444,""TIP"":0.0444444444,""LQD"":0.0444444444,""HYG"":0.0444444444,""GLD"":0.0444444444,""SLV"":0.0444444444,""DBC"":0.0444444444,""VNQ"":0.0444444444,""UUP"":0.0444444444,""BIL"":0.0444444444}","{""SPY"":0.019047619,""QQQ"":0.019047619,""IWM"":0.019047619,""DIA"":0.019047619,""EFA"":0.019047619,""EEM"":0.019047619,""VEA"":0.019047619,""VWO"":0.019047619,""AGG"":0.019047619,""BND"":0.019047619,""SHY"":0.019047619,""IEF"":0.019047619,""TLT"":0.019047619,""TIP"":0.019047619,""LQD"":0.019047619,""HYG"":0.019047619,""GLD"":0.019047619,""SLV"":0.019047619,""DBC"":0.019047619,""VNQ"":0.019047619,""UUP"":0.019047619,""BIL"":0.6}",0
2612cca8df21e697d8945be7,p2_reconciliation_v1,A_wfcv_exact,gemma3:1b,P2,2019-05-09,7,2352,BIL,BIL,BIL,1,1,0.0,0.0012012012012015266,6488ec0280ae21857a3daf7b147b4c0e6d56275e0d84740394ae67632ced5749,5949,b46665544a93821eb276f1beeb63ce24196199e8b196cac135c4ecb2a65b587b,2414,1,0,0,4.897999000007985,1,"{""weights"": {""SPY"": 0.019, ""QQQ"": 0.019, ""IWM"": 0.019, ""DIA"": 0.019, ""EFA"": 0.019, ""EEM"": 0.019, ""VEA"": 0.019, ""VWO"": 0.019, ""AGG"": 0.019, ""BND"": 0.019, ""SHY"": 0.019, ""IEF"": 0.019, ""TLT"": 0.019, ""TIP"": 0.019, ""LQD"": 0.019, ""HYG"": 0.019, ""GLD"": 0.019, ""SLV"": 0.019, ""DBC"": 0.019, ""VNQ"": 0.019, ""UUP"": 0.019, ""BIL"": 0.6}}","You are a DEFENSIVE LOW-VOLATILITY policy profile. Your task is to translate a natural-language risk-averse policy into provisional portfolio weights. Use only the provided feature values, not outside market knowledge. Identify the eligible asset that appears safest, defined by the lowest `_vol3m` value. This is a defensive single-core policy profile, so do not default to equal weights when one asset clearly has the lowest recent volatility. Allocate 60% of the total portfolio weight to this safest asset as the language-level policy target. The hard maximum-weight constraint is 60%. Do not solve the projection yourself; express the language-level target and let the projection layer enforce feasibility before execution. Distribute the remaining weight equally among all other eligible assets. Use only tickers from the provided asset list. Include every eligible ticker exactly once. Return strictly valid JSON only. The `weights` field MUST be a JSON object where keys are tickers and values are numeric portfolio weights expressed as decimals, not percentages.

### EXAMPLE 1
Features:
- AGG_mdd: -0.001575
- AGG_r12m: 0.000000
- AGG_r1m: 0.010141
- AGG_r3m: 0.036773
- AGG_vol3m: 0.028416
- BIL_mdd: -0.000218
- BIL_r12m: 0.000000
- BIL_r1m: 0.000000
- BIL_r3m: 0.000218
- BIL_vol3m: 0.002950
- BND_mdd: -0.001826
- BND_r12m: 0.000000
TargetWeights(JSON): {""SPY"": 0.019, ""QQQ"": 0.019, ""IWM"": 0.019, ""DIA"": 0.019, ""EFA"": 0.019, ""EEM"": 0.019, ""VEA"": 0.019, ""VWO"": 0.019, ""AGG"": 0.019, ""BND"": 0.019, ""SHY"": 0.019, ""IEF"": 0.019, ""TLT"": 0.019, ""TIP"": 0.019, ""LQD"": 0.019, ""HYG"": 0.019, ""GLD"": 0.019, ""SLV"": 0.019, ""DBC"": 0.019, ""VNQ"": 0.019, ""UUP"": 0.019, ""BIL"": 0.6}
### EXAMPLE 2
Features:
- AGG_mdd: -0.006058
- AGG_r12m: 0.023318
- AGG_r1m: 0.003366
- AGG_r3m: 0.012987
- AGG_vol3m: 0.025139
- BIL_mdd: -0.002355
- BIL_r12m: -0.001092
- BIL_r1m: -0.000219
- BIL_r3m: -0.000437
- BIL_vol3m: 0.002158
- BND_mdd: -0.006570
- BND_r12m: 0.022424
TargetWeights(JSON): {""SPY"": 0.019, ""QQQ"": 0.019, ""IWM"": 0.019, ""DIA"": 0.019, ""EFA"": 0.019, ""EEM"": 0.019, ""VEA"": 0.019, ""VWO"": 0.019, ""AGG"": 0.019, ""BND"": 0.019, ""SHY"": 0.019, ""IEF"": 0.019, ""TLT"": 0.019, ""TIP"": 0.019, ""LQD"": 0.019, ""HYG"": 0.019, ""GLD"": 0.019, ""SLV"": 0.019, ""DBC"": 0.019, ""VNQ"": 0.019, ""UUP"": 0.019, ""BIL"": 0.6}
### EXAMPLE 3
Features:
- AGG_mdd: -0.023232
- AGG_r12m: 0.023574
- AGG_r1m: -0.010226
- AGG_r3m: -0.008662
- AGG_vol3m: 0.041183
- BIL_mdd: -0.003227
- BIL_r12m: -0.000874
- BIL_r1m: 0.000000
- BIL_r3m: -0.000219
- BIL_vol3m: 0.002677
- BND_mdd: -0.026157
- BND_r12m: 0.022103
TargetWeights(JSON): {""SPY"": 0.019, ""QQQ"": 0.019, ""IWM"": 0.019, ""DIA"": 0.019, ""EFA"": 0.019, ""EEM"": 0.019, ""VEA"": 0.019, ""VWO"": 0.019, ""AGG"": 0.019, ""BND"": 0.019, ""SHY"": 0.019, ""IEF"": 0.019, ""TLT"": 0.019, ""TIP"": 0.019, ""LQD"": 0.019, ""HYG"": 0.019, ""GLD"": 0.019, ""SLV"": 0.019, ""DBC"": 0.019, ""VNQ"": 0.019, ""UUP"": 0.019, ""BIL"": 0.6}
### EXAMPLE 4
Features:
- AGG_mdd: -0.003385
- AGG_r12m: 0.055655
- AGG_r1m: 0.002280
- AGG_r3m: 0.019918
- AGG_vol3m: 0.031626
- BIL_mdd: -0.003444
- BIL_r12m: 0.000219
- BIL_r1m: 0.000219
- BIL_r3m: 0.000438
- BIL_vol3m: 0.002921
- BND_mdd: -0.004302
- BND_r12m: 0.057862
TargetWeights(JSON): {""SPY"": 0.019, ""QQQ"": 0.019, ""IWM"": 0.019, ""DIA"": 0.019, ""EFA"": 0.019, ""EEM"": 0.019, ""VEA"": 0.019, ""VWO"": 0.019, ""AGG"": 0.019, ""BND"": 0.019, ""SHY"": 0.019, ""IEF"": 0.019, ""TLT"": 0.019, ""TIP"": 0.019, ""LQD"": 0.019, ""HYG"": 0.019, ""GLD"": 0.019, ""SLV"": 0.019, ""DBC"": 0.019, ""VNQ"": 0.019, ""UUP"": 0.019, ""BIL"": 0.6}

Current Features:
- AGG_mdd: 0.000000
- AGG_r12m: 0.059884
- AGG_r1m: 0.004712
- AGG_r3m: 0.021905
- AGG_vol3m: 0.026570
- BIL_mdd: 0.000000
- BIL_r12m: 0.020287
- BIL_r1m: 0.001903
- BIL_r3m: 0.005698
- BIL_vol3m: 0.001704
- BND_mdd: 0.000000
- BND_r12m: 0.060443
- BND_r1m: 0.005021
- BND_r3m: 0.022106
- BND_vol3m: 0.027043
- DBC_mdd: -0.503026
- DBC_r12m: -0.105279
- DBC_r1m: -0.033333
- DBC_r3m: 0.012282
- DBC_vol3m: 0.092395
- DIA_mdd: -0.030172
- DIA_r12m: 0.084867
- DIA_r1m: -0.011149
- DIA_r3m: 0.031574
- DIA_vol3m: 0.098810
- EEM_mdd: -0.181383
- EEM_r12m: -0.081568
- EEM_r1m: -0.058226
- EEM_r3m: -0.015802
- EEM_vol3m: 0.148310
- EFA_mdd: -0.111634
- EFA_r12m: -0.057793
- EFA_r1m: -0.015485
- EFA_r3m: 0.042269
- EFA_vol3m: 0.098369
- GLD_mdd: -0.343410
- GLD_r12m: -0.027209
- GLD_r1m: -0.015834
- GLD_r3m: -0.020527
- GLD_vol3m: 0.094543
- HYG_mdd: -0.007159
- HYG_r12m: 0.063068
- HYG_r1m: 0.000389
- HYG_r3m: 0.027259
- HYG_vol3m: 0.031127
- IEF_mdd: -0.011582
- IEF_r12m: 0.072670
- IEF_r1m: 0.006174
- IEF_r3m: 0.022543
- IEF_vol3m: 0.043122
- IWM_mdd: -0.089427
- IWM_r12m: 0.001824
- IWM_r1m: 0.006379
- IWM_r3m: 0.046205
- IWM_vol3m: 0.150638
- LQD_mdd: -0.004165
- LQD_r12m: 0.076425
- LQD_r1m: 0.004314
- LQD_r3m: 0.032836
- LQD_vol3m: 0.038625
- QQQ_mdd: -0.033174
- QQQ_r12m: 0.122226
- QQQ_r1m: 0.001572
- QQQ_r3m: 0.100317
- QQQ_vol3m: 0.115101
- SHY_mdd: 0.000000
- SHY_r12m: 0.030332
- SHY_r1m: 0.003411
- SHY_r3m: 0.009510
- SHY_vol3m: 0.009006
- SLV_mdd: -0.707364
- SLV_r12m: -0.108317
- SLV_r1m: -0.031513
- SLV_r3m: -0.063643
- SLV_vol3m: 0.144702
- SPY_mdd: -0.025065
- SPY_r12m: 0.094790
- SPY_r1m: -0.002262
- SPY_r3m: 0.065828
- SPY_vol3m: 0.095809
- TIP_mdd: -0.003482
- TIP_r12m: 0.029842
- TIP_r1m: 0.003862
- TIP_r3m: 0.021181
- TIP_vol3m: 0.032773
- TLT_mdd: -0.064701
- TLT_r12m: 0.081371
- TLT_r1m: 0.009697
- TLT_r3m: 0.031955
- TLT_vol3m: 0.090622
- UUP_mdd: -0.008755
- UUP_r12m: 0.080561
- UUP_r1m: 0.006928
- UUP_r3m: 0.018295
- UUP_vol3m: 0.045485
- VEA_mdd: -0.119090
- VEA_r12m: -0.065387
- VEA_r1m: -0.019259
- VEA_r3m: 0.034774
- VEA_vol3m: 0.099283
- VNQ_mdd: -0.023964
- VNQ_r12m: 0.157834
- VNQ_r1m: -0.010933
- VNQ_r3m: 0.028941
- VNQ_vol3m: 0.113749
- VWO_mdd: -0.165261
- VWO_r12m: -0.062626
- VWO_r1m: -0.055073
- VWO_r3m: 0.007078
- VWO_vol3m: 0.148106
- cross_vol: 0.079359
Assets: SPY, QQQ, IWM, DIA, EFA, EEM, VEA, VWO, AGG, BND, SHY, IEF, TLT, TIP, LQD, HYG, GLD, SLV, DBC, VNQ, UUP, BIL","{""SPY"":0.019019019,""QQQ"":0.019019019,""IWM"":0.019019019,""DIA"":0.019019019,""EFA"":0.019019019,""EEM"":0.019019019,""VEA"":0.019019019,""VWO"":0.019019019,""AGG"":0.019019019,""BND"":0.019019019,""SHY"":0.019019019,""IEF"":0.019019019,""TLT"":0.019019019,""TIP"":0.019019019,""LQD"":0.019019019,""HYG"":0.019019019,""GLD"":0.019019019,""SLV"":0.019019019,""DBC"":0.019019019,""VNQ"":0.019019019,""UUP"":0.019019019,""BIL"":0.6006006006}","{""SPY"":0.019047619,""QQQ"":0.019047619,""IWM"":0.019047619,""DIA"":0.019047619,""EFA"":0.019047619,""EEM"":0.019047619,""VEA"":0.019047619,""VWO"":0.019047619,""AGG"":0.019047619,""BND"":0.019047619,""SHY"":0.019047619,""IEF"":0.019047619,""TLT"":0.019047619,""TIP"":0.019047619,""LQD"":0.019047619,""HYG"":0.019047619,""GLD"":0.019047619,""SLV"":0.019047619,""DBC"":0.019047619,""VNQ"":0.019047619,""UUP"":0.019047619,""BIL"":0.6}","{""SPY"":0.019047619,""QQQ"":0.019047619,""IWM"":0.019047619,""DIA"":0.019047619,""EFA"":0.019047619,""EEM"":0.019047619,""VEA"":0.019047619,""VWO"":0.019047619,""AGG"":0.019047619,""BND"":0.019047619,""SHY"":0.019047619,""IEF"":0.019047619,""TLT"":0.019047619,""TIP"":0.019047619,""LQD"":0.019047619,""HYG"":0.019047619,""GLD"":0.019047619,""SLV"":0.019047619,""DBC"":0.019047619,""VNQ"":0.019047619,""UUP"":0.019047619,""BIL"":0.6}",0
63c8897326e2b5a7be365de1,p2_reconciliation_v1,B_wfcv_no_fewshot,gemma3:1b,P2,2019-05-09,7,2352,BIL,SPY,SPY,0,0,1.386432561851556,3.183217578417441e-16,e61df868fff5487a30b1809ce46f1b9318e3936d20ebaa3aa34ccbf98b10dc9f,3535,e3b0c44298fc1c149afbf4c8996fb92427ae41e4649b934ca495991b7852b855,0,1,0,0,3.5587021249957616,1,"{""weights"": {""SPY"":0.35, ""QQQ"":0.28, ""IWM"":0.19, ""DIA"":0.16, ""EFA"":0.14, ""EEM"":0.12, ""VEA"":0.11, ""VWO"":0.08, ""AGG"":0.07, ""BND"":0.06, ""SHY"":0.05, ""IEF"":0.04, ""TLT"":0.03, ""TIP"":0.02, ""LQD"":0.02, ""HYG"":0.01, ""GLD"":0.01, ""SLV"":0.01, ""DBC"":0.01, ""VNQ"":0.01, ""UUP"":0.01, ""BIL"":0.01}}","You are a DEFENSIVE LOW-VOLATILITY policy profile. Your task is to translate a natural-language risk-averse policy into provisional portfolio weights. Use only the provided feature values, not outside market knowledge. Identify the eligible asset that appears safest, defined by the lowest `_vol3m` value. This is a defensive single-core policy profile, so do not default to equal weights when one asset clearly has the lowest recent volatility. Allocate 60% of the total portfolio weight to this safest asset as the language-level policy target. The hard maximum-weight constraint is 60%. Do not solve the projection yourself; express the language-level target and let the projection layer enforce feasibility before execution. Distribute the remaining weight equally among all other eligible assets. Use only tickers from the provided asset list. Include every eligible ticker exactly once. Return strictly valid JSON only. The `weights` field MUST be a JSON object where keys are tickers and values are numeric portfolio weights expressed as decimals, not percentages.



Current Features:
- AGG_mdd: 0.000000
- AGG_r12m: 0.059884
- AGG_r1m: 0.004712
- AGG_r3m: 0.021905
- AGG_vol3m: 0.026570
- BIL_mdd: 0.000000
- BIL_r12m: 0.020287
- BIL_r1m: 0.001903
- BIL_r3m: 0.005698
- BIL_vol3m: 0.001704
- BND_mdd: 0.000000
- BND_r12m: 0.060443
- BND_r1m: 0.005021
- BND_r3m: 0.022106
- BND_vol3m: 0.027043
- DBC_mdd: -0.503026
- DBC_r12m: -0.105279
- DBC_r1m: -0.033333
- DBC_r3m: 0.012282
- DBC_vol3m: 0.092395
- DIA_mdd: -0.030172
- DIA_r12m: 0.084867
- DIA_r1m: -0.011149
- DIA_r3m: 0.031574
- DIA_vol3m: 0.098810
- EEM_mdd: -0.181383
- EEM_r12m: -0.081568
- EEM_r1m: -0.058226
- EEM_r3m: -0.015802
- EEM_vol3m: 0.148310
- EFA_mdd: -0.111634
- EFA_r12m: -0.057793
- EFA_r1m: -0.015485
- EFA_r3m: 0.042269
- EFA_vol3m: 0.098369
- GLD_mdd: -0.343410
- GLD_r12m: -0.027209
- GLD_r1m: -0.015834
- GLD_r3m: -0.020527
- GLD_vol3m: 0.094543
- HYG_mdd: -0.007159
- HYG_r12m: 0.063068
- HYG_r1m: 0.000389
- HYG_r3m: 0.027259
- HYG_vol3m: 0.031127
- IEF_mdd: -0.011582
- IEF_r12m: 0.072670
- IEF_r1m: 0.006174
- IEF_r3m: 0.022543
- IEF_vol3m: 0.043122
- IWM_mdd: -0.089427
- IWM_r12m: 0.001824
- IWM_r1m: 0.006379
- IWM_r3m: 0.046205
- IWM_vol3m: 0.150638
- LQD_mdd: -0.004165
- LQD_r12m: 0.076425
- LQD_r1m: 0.004314
- LQD_r3m: 0.032836
- LQD_vol3m: 0.038625
- QQQ_mdd: -0.033174
- QQQ_r12m: 0.122226
- QQQ_r1m: 0.001572
- QQQ_r3m: 0.100317
- QQQ_vol3m: 0.115101
- SHY_mdd: 0.000000
- SHY_r12m: 0.030332
- SHY_r1m: 0.003411
- SHY_r3m: 0.009510
- SHY_vol3m: 0.009006
- SLV_mdd: -0.707364
- SLV_r12m: -0.108317
- SLV_r1m: -0.031513
- SLV_r3m: -0.063643
- SLV_vol3m: 0.144702
- SPY_mdd: -0.025065
- SPY_r12m: 0.094790
- SPY_r1m: -0.002262
- SPY_r3m: 0.065828
- SPY_vol3m: 0.095809
- TIP_mdd: -0.003482
- TIP_r12m: 0.029842
- TIP_r1m: 0.003862
- TIP_r3m: 0.021181
- TIP_vol3m: 0.032773
- TLT_mdd: -0.064701
- TLT_r12m: 0.081371
- TLT_r1m: 0.009697
- TLT_r3m: 0.031955
- TLT_vol3m: 0.090622
- UUP_mdd: -0.008755
- UUP_r12m: 0.080561
- UUP_r1m: 0.006928
- UUP_r3m: 0.018295
- UUP_vol3m: 0.045485
- VEA_mdd: -0.119090
- VEA_r12m: -0.065387
- VEA_r1m: -0.019259
- VEA_r3m: 0.034774
- VEA_vol3m: 0.099283
- VNQ_mdd: -0.023964
- VNQ_r12m: 0.157834
- VNQ_r1m: -0.010933
- VNQ_r3m: 0.028941
- VNQ_vol3m: 0.113749
- VWO_mdd: -0.165261
- VWO_r12m: -0.062626
- VWO_r1m: -0.055073
- VWO_r3m: 0.007078
- VWO_vol3m: 0.148106
- cross_vol: 0.079359
Assets: SPY, QQQ, IWM, DIA, EFA, EEM, VEA, VWO, AGG, BND, SHY, IEF, TLT, TIP, LQD, HYG, GLD, SLV, DBC, VNQ, UUP, BIL","{""SPY"":0.1955307263,""QQQ"":0.156424581,""IWM"":0.1061452514,""DIA"":0.0893854749,""EFA"":0.0782122905,""EEM"":0.0670391061,""VEA"":0.061452514,""VWO"":0.0446927374,""AGG"":0.0391061453,""BND"":0.0335195531,""SHY"":0.0279329609,""IEF"":0.0223463687,""TLT"":0.0167597765,""TIP"":0.0111731844,""LQD"":0.0111731844,""HYG"":0.0055865922,""GLD"":0.0055865922,""SLV"":0.0055865922,""DBC"":0.0055865922,""VNQ"":0.0055865922,""UUP"":0.0055865922,""BIL"":0.0055865922}","{""SPY"":0.1955307263,""QQQ"":0.156424581,""IWM"":0.1061452514,""DIA"":0.0893854749,""EFA"":0.0782122905,""EEM"":0.0670391061,""VEA"":0.061452514,""VWO"":0.0446927374,""AGG"":0.0391061453,""BND"":0.0335195531,""SHY"":0.0279329609,""IEF"":0.0223463687,""TLT"":0.0167597765,""TIP"":0.0111731844,""LQD"":0.0111731844,""HYG"":0.0055865922,""GLD"":0.0055865922,""SLV"":0.0055865922,""DBC"":0.0055865922,""VNQ"":0.0055865922,""UUP"":0.0055865922,""BIL"":0.0055865922}","{""SPY"":0.019047619,""QQQ"":0.019047619,""IWM"":0.019047619,""DIA"":0.019047619,""EFA"":0.019047619,""EEM"":0.019047619,""VEA"":0.019047619,""VWO"":0.019047619,""AGG"":0.019047619,""BND"":0.019047619,""SHY"":0.019047619,""IEF"":0.019047619,""TLT"":0.019047619,""TIP"":0.019047619,""LQD"":0.019047619,""HYG"":0.019047619,""GLD"":0.019047619,""SLV"":0.019047619,""DBC"":0.019047619,""VNQ"":0.019047619,""UUP"":0.019047619,""BIL"":0.6}",0
0d9ba88098c800afb49d14e4,p2_reconciliation_v1,C_bridge_canonical,gemma3:1b,P2,2019-05-09,7,2352,BIL,SPY,SPY,0,0,1.5001578567274447,8.673617379884035e-19,e789c2fd79fb64e00fb60129a94b592f11a1b86fd2237a5324fe538e6aefccf2,3371,e3b0c44298fc1c149afbf4c8996fb92427ae41e4649b934ca495991b7852b855,0,1,0,0,3.926930542002083,1,"{""weights"": {""SPY"": 0.45, ""QQQ"": 0.30, ""IWM"": 0.15, ""DIA"": 0.10, ""EFA"": 0.10, ""EEM"": 0.08, ""VEA"": 0.07, ""VWO"": 0.06, ""AGG"": 0.05, ""BND"": 0.04, ""SHY"": 0.03, ""IEF"": 0.02, ""TLT"": 0.01, ""TIP"": 0.008, ""LQD"": 0.006, ""HYG"": 0.005, ""GLD"": 0.004, ""SLV"": 0.003, ""DBC"": 0.002, ""VNQ"": 0.001, ""UUP"": 0.0007, ""BIL"": 0.0005}}","You are a DEFENSIVE LOW-VOLATILITY policy profile. Use only the provided feature values. Strongly favor the eligible asset with the lowest `_vol3m` value. Allocate 60.0% of total portfolio weight to that target asset as the language-level policy target. Distribute the remaining weight equally among all other eligible assets. Include every eligible ticker exactly once. Return strictly valid JSON only with a `weights` object whose values are decimals, not percentages.
Hard constraints for the execution layer: long-only weights, weights sum to one, maximum single-asset weight 0.60, and turnover cap 0.25. You propose weights; deterministic projection will enforce final feasibility.

Current Features:
- SPY_r1m: -0.00226216
- SPY_r3m: 0.06582774
- SPY_r12m: 0.09479011
- SPY_vol3m: 0.09580920
- SPY_mdd: -0.02506504
- QQQ_r1m: 0.00157239
- QQQ_r3m: 0.10031691
- QQQ_r12m: 0.12222581
- QQQ_vol3m: 0.11510063
- QQQ_mdd: -0.03317413
- IWM_r1m: 0.00637886
- IWM_r3m: 0.04620457
- IWM_r12m: 0.00182435
- IWM_vol3m: 0.15063819
- IWM_mdd: -0.08942670
- DIA_r1m: -0.01114938
- DIA_r3m: 0.03157441
- DIA_r12m: 0.08486689
- DIA_vol3m: 0.09881035
- DIA_mdd: -0.03017167
- EFA_r1m: -0.01548527
- EFA_r3m: 0.04226909
- EFA_r12m: -0.05779312
- EFA_vol3m: 0.09836950
- EFA_mdd: -0.11163356
- EEM_r1m: -0.05822605
- EEM_r3m: -0.01580171
- EEM_r12m: -0.08156831
- EEM_vol3m: 0.14831011
- EEM_mdd: -0.18138275
- VEA_r1m: -0.01925873
- VEA_r3m: 0.03477354
- VEA_r12m: -0.06538702
- VEA_vol3m: 0.09928290
- VEA_mdd: -0.11909004
- VWO_r1m: -0.05507312
- VWO_r3m: 0.00707793
- VWO_r12m: -0.06262589
- VWO_vol3m: 0.14810642
- VWO_mdd: -0.16526094
- AGG_r1m: 0.00471205
- AGG_r3m: 0.02190474
- AGG_r12m: 0.05988369
- AGG_vol3m: 0.02656956
- AGG_mdd: 0.00000000
- BND_r1m: 0.00502108
- BND_r3m: 0.02210598
- BND_r12m: 0.06044334
- BND_vol3m: 0.02704257
- BND_mdd: 0.00000000
- SHY_r1m: 0.00341069
- SHY_r3m: 0.00950999
- SHY_r12m: 0.03033249
- SHY_vol3m: 0.00900587
- SHY_mdd: 0.00000000
- IEF_r1m: 0.00617448
- IEF_r3m: 0.02254306
- IEF_r12m: 0.07266988
- IEF_vol3m: 0.04312189
- IEF_mdd: -0.01158197
- TLT_r1m: 0.00969710
- TLT_r3m: 0.03195474
- TLT_r12m: 0.08137084
- TLT_vol3m: 0.09062184
- TLT_mdd: -0.06470070
- TIP_r1m: 0.00386182
- TIP_r3m: 0.02118105
- TIP_r12m: 0.02984203
- TIP_vol3m: 0.03277296
- TIP_mdd: -0.00348235
- LQD_r1m: 0.00431393
- LQD_r3m: 0.03283564
- LQD_r12m: 0.07642462
- LQD_vol3m: 0.03862507
- LQD_mdd: -0.00416468
- HYG_r1m: 0.00038877
- HYG_r3m: 0.02725857
- HYG_r12m: 0.06306764
- HYG_vol3m: 0.03112710
- HYG_mdd: -0.00715878
- GLD_r1m: -0.01583439
- GLD_r3m: -0.02052692
- GLD_r12m: -0.02720924
- GLD_vol3m: 0.09454293
- GLD_mdd: -0.34340972
- SLV_r1m: -0.03151259
- SLV_r3m: -0.06364255
- SLV_r12m: -0.10831723
- SLV_vol3m: 0.14470178
- SLV_mdd: -0.70736351
- DBC_r1m: -0.03333341
- DBC_r3m: 0.01228185
- DBC_r12m: -0.10527892
- DBC_vol3m: 0.09239519
- DBC_mdd: -0.50302623
- VNQ_r1m: -0.01093304
- VNQ_r3m: 0.02894071
- VNQ_r12m: 0.15783424
- VNQ_vol3m: 0.11374907
- VNQ_mdd: -0.02396365
- UUP_r1m: 0.00692839
- UUP_r3m: 0.01829493
- UUP_r12m: 0.08056124
- UUP_vol3m: 0.04548459
- UUP_mdd: -0.00875474
- BIL_r1m: 0.00190321
- BIL_r3m: 0.00569799
- BIL_r12m: 0.02028748
- BIL_vol3m: 0.00170355
- BIL_mdd: 0.00000000
- cross_vol: 0.07935869

Assets: SPY, QQQ, IWM, DIA, EFA, EEM, VEA, VWO, AGG, BND, SHY, IEF, TLT, TIP, LQD, HYG, GLD, SLV, DBC, VNQ, UUP, BIL","{""SPY"":0.3019728895,""QQQ"":0.2013152597,""IWM"":0.1006576298,""DIA"":0.0671050866,""EFA"":0.0671050866,""EEM"":0.0536840693,""VEA"":0.0469735606,""VWO"":0.0402630519,""AGG"":0.0335525433,""BND"":0.0268420346,""SHY"":0.020131526,""IEF"":0.0134210173,""TLT"":0.0067105087,""TIP"":0.0053684069,""LQD"":0.0040263052,""HYG"":0.0033552543,""GLD"":0.0026842035,""SLV"":0.0020131526,""DBC"":0.0013421017,""VNQ"":0.0006710509,""UUP"":0.0004697356,""BIL"":0.0003355254}","{""SPY"":0.3019728895,""QQQ"":0.2013152597,""IWM"":0.1006576298,""DIA"":0.0671050866,""EFA"":0.0671050866,""EEM"":0.0536840693,""VEA"":0.0469735606,""VWO"":0.0402630519,""AGG"":0.0335525433,""BND"":0.0268420346,""SHY"":0.020131526,""IEF"":0.0134210173,""TLT"":0.0067105087,""TIP"":0.0053684069,""LQD"":0.0040263052,""HYG"":0.0033552543,""GLD"":0.0026842035,""SLV"":0.0020131526,""DBC"":0.0013421017,""VNQ"":0.0006710509,""UUP"":0.0004697356,""BIL"":0.0003355254}","{""SPY"":0.019047619,""QQQ"":0.019047619,""IWM"":0.019047619,""DIA"":0.019047619,""EFA"":0.019047619,""EEM"":0.019047619,""VEA"":0.019047619,""VWO"":0.019047619,""AGG"":0.019047619,""BND"":0.019047619,""SHY"":0.019047619,""IEF"":0.019047619,""TLT"":0.019047619,""TIP"":0.019047619,""LQD"":0.019047619,""HYG"":0.019047619,""GLD"":0.019047619,""SLV"":0.019047619,""DBC"":0.019047619,""VNQ"":0.019047619,""UUP"":0.019047619,""BIL"":0.6}",0
1da33988956c9f9714e610fd,p2_reconciliation_v1,A_wfcv_exact,llama3.1:8b,P2,2019-05-09,7,2352,BIL,BIL,BIL,1,1,0.0,0.0012012012012015266,6488ec0280ae21857a3daf7b147b4c0e6d56275e0d84740394ae67632ced5749,5949,b46665544a93821eb276f1beeb63ce24196199e8b196cac135c4ecb2a65b587b,2414,1,0,0,23.793213459008257,1,"{
  ""weights"": {
    ""SPY"": 0.019,
    ""QQQ"": 0.019,
    ""IWM"": 0.019,
    ""DIA"": 0.019,
    ""EFA"": 0.019,
    ""EEM"": 0.019,
    ""VEA"": 0.019,
    ""VWO"": 0.019,
    ""AGG"": 0.019,
    ""BND"": 0.019,
    ""SHY"": 0.019,
    ""IEF"": 0.019,
    ""TLT"": 0.019,
    ""TIP"": 0.019,
    ""LQD"": 0.019,
    ""HYG"": 0.019,
    ""GLD"": 0.019,
    ""SLV"": 0.019,
    ""DBC"": 0.019,
    ""VNQ"": 0.019,
    ""UUP"": 0.019,
    ""BIL"": 0.6
  }
}","You are a DEFENSIVE LOW-VOLATILITY policy profile. Your task is to translate a natural-language risk-averse policy into provisional portfolio weights. Use only the provided feature values, not outside market knowledge. Identify the eligible asset that appears safest, defined by the lowest `_vol3m` value. This is a defensive single-core policy profile, so do not default to equal weights when one asset clearly has the lowest recent volatility. Allocate 60% of the total portfolio weight to this safest asset as the language-level policy target. The hard maximum-weight constraint is 60%. Do not solve the projection yourself; express the language-level target and let the projection layer enforce feasibility before execution. Distribute the remaining weight equally among all other eligible assets. Use only tickers from the provided asset list. Include every eligible ticker exactly once. Return strictly valid JSON only. The `weights` field MUST be a JSON object where keys are tickers and values are numeric portfolio weights expressed as decimals, not percentages.

### EXAMPLE 1
Features:
- AGG_mdd: -0.001575
- AGG_r12m: 0.000000
- AGG_r1m: 0.010141
- AGG_r3m: 0.036773
- AGG_vol3m: 0.028416
- BIL_mdd: -0.000218
- BIL_r12m: 0.000000
- BIL_r1m: 0.000000
- BIL_r3m: 0.000218
- BIL_vol3m: 0.002950
- BND_mdd: -0.001826
- BND_r12m: 0.000000
TargetWeights(JSON): {""SPY"": 0.019, ""QQQ"": 0.019, ""IWM"": 0.019, ""DIA"": 0.019, ""EFA"": 0.019, ""EEM"": 0.019, ""VEA"": 0.019, ""VWO"": 0.019, ""AGG"": 0.019, ""BND"": 0.019, ""SHY"": 0.019, ""IEF"": 0.019, ""TLT"": 0.019, ""TIP"": 0.019, ""LQD"": 0.019, ""HYG"": 0.019, ""GLD"": 0.019, ""SLV"": 0.019, ""DBC"": 0.019, ""VNQ"": 0.019, ""UUP"": 0.019, ""BIL"": 0.6}
### EXAMPLE 2
Features:
- AGG_mdd: -0.006058
- AGG_r12m: 0.023318
- AGG_r1m: 0.003366
- AGG_r3m: 0.012987
- AGG_vol3m: 0.025139
- BIL_mdd: -0.002355
- BIL_r12m: -0.001092
- BIL_r1m: -0.000219
- BIL_r3m: -0.000437
- BIL_vol3m: 0.002158
- BND_mdd: -0.006570
- BND_r12m: 0.022424
TargetWeights(JSON): {""SPY"": 0.019, ""QQQ"": 0.019, ""IWM"": 0.019, ""DIA"": 0.019, ""EFA"": 0.019, ""EEM"": 0.019, ""VEA"": 0.019, ""VWO"": 0.019, ""AGG"": 0.019, ""BND"": 0.019, ""SHY"": 0.019, ""IEF"": 0.019, ""TLT"": 0.019, ""TIP"": 0.019, ""LQD"": 0.019, ""HYG"": 0.019, ""GLD"": 0.019, ""SLV"": 0.019, ""DBC"": 0.019, ""VNQ"": 0.019, ""UUP"": 0.019, ""BIL"": 0.6}
### EXAMPLE 3
Features:
- AGG_mdd: -0.023232
- AGG_r12m: 0.023574
- AGG_r1m: -0.010226
- AGG_r3m: -0.008662
- AGG_vol3m: 0.041183
- BIL_mdd: -0.003227
- BIL_r12m: -0.000874
- BIL_r1m: 0.000000
- BIL_r3m: -0.000219
- BIL_vol3m: 0.002677
- BND_mdd: -0.026157
- BND_r12m: 0.022103
TargetWeights(JSON): {""SPY"": 0.019, ""QQQ"": 0.019, ""IWM"": 0.019, ""DIA"": 0.019, ""EFA"": 0.019, ""EEM"": 0.019, ""VEA"": 0.019, ""VWO"": 0.019, ""AGG"": 0.019, ""BND"": 0.019, ""SHY"": 0.019, ""IEF"": 0.019, ""TLT"": 0.019, ""TIP"": 0.019, ""LQD"": 0.019, ""HYG"": 0.019, ""GLD"": 0.019, ""SLV"": 0.019, ""DBC"": 0.019, ""VNQ"": 0.019, ""UUP"": 0.019, ""BIL"": 0.6}
### EXAMPLE 4
Features:
- AGG_mdd: -0.003385
- AGG_r12m: 0.055655
- AGG_r1m: 0.002280
- AGG_r3m: 0.019918
- AGG_vol3m: 0.031626
- BIL_mdd: -0.003444
- BIL_r12m: 0.000219
- BIL_r1m: 0.000219
- BIL_r3m: 0.000438
- BIL_vol3m: 0.002921
- BND_mdd: -0.004302
- BND_r12m: 0.057862
TargetWeights(JSON): {""SPY"": 0.019, ""QQQ"": 0.019, ""IWM"": 0.019, ""DIA"": 0.019, ""EFA"": 0.019, ""EEM"": 0.019, ""VEA"": 0.019, ""VWO"": 0.019, ""AGG"": 0.019, ""BND"": 0.019, ""SHY"": 0.019, ""IEF"": 0.019, ""TLT"": 0.019, ""TIP"": 0.019, ""LQD"": 0.019, ""HYG"": 0.019, ""GLD"": 0.019, ""SLV"": 0.019, ""DBC"": 0.019, ""VNQ"": 0.019, ""UUP"": 0.019, ""BIL"": 0.6}

Current Features:
- AGG_mdd: 0.000000
- AGG_r12m: 0.059884
- AGG_r1m: 0.004712
- AGG_r3m: 0.021905
- AGG_vol3m: 0.026570
- BIL_mdd: 0.000000
- BIL_r12m: 0.020287
- BIL_r1m: 0.001903
- BIL_r3m: 0.005698
- BIL_vol3m: 0.001704
- BND_mdd: 0.000000
- BND_r12m: 0.060443
- BND_r1m: 0.005021
- BND_r3m: 0.022106
- BND_vol3m: 0.027043
- DBC_mdd: -0.503026
- DBC_r12m: -0.105279
- DBC_r1m: -0.033333
- DBC_r3m: 0.012282
- DBC_vol3m: 0.092395
- DIA_mdd: -0.030172
- DIA_r12m: 0.084867
- DIA_r1m: -0.011149
- DIA_r3m: 0.031574
- DIA_vol3m: 0.098810
- EEM_mdd: -0.181383
- EEM_r12m: -0.081568
- EEM_r1m: -0.058226
- EEM_r3m: -0.015802
- EEM_vol3m: 0.148310
- EFA_mdd: -0.111634
- EFA_r12m: -0.057793
- EFA_r1m: -0.015485
- EFA_r3m: 0.042269
- EFA_vol3m: 0.098369
- GLD_mdd: -0.343410
- GLD_r12m: -0.027209
- GLD_r1m: -0.015834
- GLD_r3m: -0.020527
- GLD_vol3m: 0.094543
- HYG_mdd: -0.007159
- HYG_r12m: 0.063068
- HYG_r1m: 0.000389
- HYG_r3m: 0.027259
- HYG_vol3m: 0.031127
- IEF_mdd: -0.011582
- IEF_r12m: 0.072670
- IEF_r1m: 0.006174
- IEF_r3m: 0.022543
- IEF_vol3m: 0.043122
- IWM_mdd: -0.089427
- IWM_r12m: 0.001824
- IWM_r1m: 0.006379
- IWM_r3m: 0.046205
- IWM_vol3m: 0.150638
- LQD_mdd: -0.004165
- LQD_r12m: 0.076425
- LQD_r1m: 0.004314
- LQD_r3m: 0.032836
- LQD_vol3m: 0.038625
- QQQ_mdd: -0.033174
- QQQ_r12m: 0.122226
- QQQ_r1m: 0.001572
- QQQ_r3m: 0.100317
- QQQ_vol3m: 0.115101
- SHY_mdd: 0.000000
- SHY_r12m: 0.030332
- SHY_r1m: 0.003411
- SHY_r3m: 0.009510
- SHY_vol3m: 0.009006
- SLV_mdd: -0.707364
- SLV_r12m: -0.108317
- SLV_r1m: -0.031513
- SLV_r3m: -0.063643
- SLV_vol3m: 0.144702
- SPY_mdd: -0.025065
- SPY_r12m: 0.094790
- SPY_r1m: -0.002262
- SPY_r3m: 0.065828
- SPY_vol3m: 0.095809
- TIP_mdd: -0.003482
- TIP_r12m: 0.029842
- TIP_r1m: 0.003862
- TIP_r3m: 0.021181
- TIP_vol3m: 0.032773
- TLT_mdd: -0.064701
- TLT_r12m: 0.081371
- TLT_r1m: 0.009697
- TLT_r3m: 0.031955
- TLT_vol3m: 0.090622
- UUP_mdd: -0.008755
- UUP_r12m: 0.080561
- UUP_r1m: 0.006928
- UUP_r3m: 0.018295
- UUP_vol3m: 0.045485
- VEA_mdd: -0.119090
- VEA_r12m: -0.065387
- VEA_r1m: -0.019259
- VEA_r3m: 0.034774
- VEA_vol3m: 0.099283
- VNQ_mdd: -0.023964
- VNQ_r12m: 0.157834
- VNQ_r1m: -0.010933
- VNQ_r3m: 0.028941
- VNQ_vol3m: 0.113749
- VWO_mdd: -0.165261
- VWO_r12m: -0.062626
- VWO_r1m: -0.055073
- VWO_r3m: 0.007078
- VWO_vol3m: 0.148106
- cross_vol: 0.079359
Assets: SPY, QQQ, IWM, DIA, EFA, EEM, VEA, VWO, AGG, BND, SHY, IEF, TLT, TIP, LQD, HYG, GLD, SLV, DBC, VNQ, UUP, BIL","{""SPY"":0.019019019,""QQQ"":0.019019019,""IWM"":0.019019019,""DIA"":0.019019019,""EFA"":0.019019019,""EEM"":0.019019019,""VEA"":0.019019019,""VWO"":0.019019019,""AGG"":0.019019019,""BND"":0.019019019,""SHY"":0.019019019,""IEF"":0.019019019,""TLT"":0.019019019,""TIP"":0.019019019,""LQD"":0.019019019,""HYG"":0.019019019,""GLD"":0.019019019,""SLV"":0.019019019,""DBC"":0.019019019,""VNQ"":0.019019019,""UUP"":0.019019019,""BIL"":0.6006006006}","{""SPY"":0.019047619,""QQQ"":0.019047619,""IWM"":0.019047619,""DIA"":0.019047619,""EFA"":0.019047619,""EEM"":0.019047619,""VEA"":0.019047619,""VWO"":0.019047619,""AGG"":0.019047619,""BND"":0.019047619,""SHY"":0.019047619,""IEF"":0.019047619,""TLT"":0.019047619,""TIP"":0.019047619,""LQD"":0.019047619,""HYG"":0.019047619,""GLD"":0.019047619,""SLV"":0.019047619,""DBC"":0.019047619,""VNQ"":0.019047619,""UUP"":0.019047619,""BIL"":0.6}","{""SPY"":0.019047619,""QQQ"":0.019047619,""IWM"":0.019047619,""DIA"":0.019047619,""EFA"":0.019047619,""EEM"":0.019047619,""VEA"":0.019047619,""VWO"":0.019047619,""AGG"":0.019047619,""BND"":0.019047619,""SHY"":0.019047619,""IEF"":0.019047619,""TLT"":0.019047619,""TIP"":0.019047619,""LQD"":0.019047619,""HYG"":0.019047619,""GLD"":0.019047619,""SLV"":0.019047619,""DBC"":0.019047619,""VNQ"":0.019047619,""UUP"":0.019047619,""BIL"":0.6}",0
cbcb5ff9c49c0dd0b56d1fd3,p2_reconciliation_v1,B_wfcv_no_fewshot,llama3.1:8b,P2,2019-05-09,7,2352,BIL,SPY,SPY,0,0,1.1444444444444442,0.0,e61df868fff5487a30b1809ce46f1b9318e3936d20ebaa3aa34ccbf98b10dc9f,3535,e3b0c44298fc1c149afbf4c8996fb92427ae41e4649b934ca495991b7852b855,0,1,0,0,15.053751166007714,1,"{""weights"": {""SPY"": 0.6, ""QQQ"": 0.1, ""IWM"": 0.1, ""DIA"": 0.1, ""EFA"": 0.05, ""EEM"": 0.05, ""VEA"": 0.05, ""VWO"": 0.05, ""AGG"": 0.05, ""BND"": 0.05, ""SHY"": 0.05, ""IEF"": 0.05, ""TLT"": 0.05, ""TIP"": 0.05, ""LQD"": 0.05, ""HYG"": 0.05, ""GLD"": 0.05, ""SLV"": 0.05, ""DBC"": 0.05, ""VNQ"": 0.05, ""UUP"": 0.05, ""BIL"": 0.05}}","You are a DEFENSIVE LOW-VOLATILITY policy profile. Your task is to translate a natural-language risk-averse policy into provisional portfolio weights. Use only the provided feature values, not outside market knowledge. Identify the eligible asset that appears safest, defined by the lowest `_vol3m` value. This is a defensive single-core policy profile, so do not default to equal weights when one asset clearly has the lowest recent volatility. Allocate 60% of the total portfolio weight to this safest asset as the language-level policy target. The hard maximum-weight constraint is 60%. Do not solve the projection yourself; express the language-level target and let the projection layer enforce feasibility before execution. Distribute the remaining weight equally among all other eligible assets. Use only tickers from the provided asset list. Include every eligible ticker exactly once. Return strictly valid JSON only. The `weights` field MUST be a JSON object where keys are tickers and values are numeric portfolio weights expressed as decimals, not percentages.



Current Features:
- AGG_mdd: 0.000000
- AGG_r12m: 0.059884
- AGG_r1m: 0.004712
- AGG_r3m: 0.021905
- AGG_vol3m: 0.026570
- BIL_mdd: 0.000000
- BIL_r12m: 0.020287
- BIL_r1m: 0.001903
- BIL_r3m: 0.005698
- BIL_vol3m: 0.001704
- BND_mdd: 0.000000
- BND_r12m: 0.060443
- BND_r1m: 0.005021
- BND_r3m: 0.022106
- BND_vol3m: 0.027043
- DBC_mdd: -0.503026
- DBC_r12m: -0.105279
- DBC_r1m: -0.033333
- DBC_r3m: 0.012282
- DBC_vol3m: 0.092395
- DIA_mdd: -0.030172
- DIA_r12m: 0.084867
- DIA_r1m: -0.011149
- DIA_r3m: 0.031574
- DIA_vol3m: 0.098810
- EEM_mdd: -0.181383
- EEM_r12m: -0.081568
- EEM_r1m: -0.058226
- EEM_r3m: -0.015802
- EEM_vol3m: 0.148310
- EFA_mdd: -0.111634
- EFA_r12m: -0.057793
- EFA_r1m: -0.015485
- EFA_r3m: 0.042269
- EFA_vol3m: 0.098369
- GLD_mdd: -0.343410
- GLD_r12m: -0.027209
- GLD_r1m: -0.015834
- GLD_r3m: -0.020527
- GLD_vol3m: 0.094543
- HYG_mdd: -0.007159
- HYG_r12m: 0.063068
- HYG_r1m: 0.000389
- HYG_r3m: 0.027259
- HYG_vol3m: 0.031127
- IEF_mdd: -0.011582
- IEF_r12m: 0.072670
- IEF_r1m: 0.006174
- IEF_r3m: 0.022543
- IEF_vol3m: 0.043122
- IWM_mdd: -0.089427
- IWM_r12m: 0.001824
- IWM_r1m: 0.006379
- IWM_r3m: 0.046205
- IWM_vol3m: 0.150638
- LQD_mdd: -0.004165
- LQD_r12m: 0.076425
- LQD_r1m: 0.004314
- LQD_r3m: 0.032836
- LQD_vol3m: 0.038625
- QQQ_mdd: -0.033174
- QQQ_r12m: 0.122226
- QQQ_r1m: 0.001572
- QQQ_r3m: 0.100317
- QQQ_vol3m: 0.115101
- SHY_mdd: 0.000000
- SHY_r12m: 0.030332
- SHY_r1m: 0.003411
- SHY_r3m: 0.009510
- SHY_vol3m: 0.009006
- SLV_mdd: -0.707364
- SLV_r12m: -0.108317
- SLV_r1m: -0.031513
- SLV_r3m: -0.063643
- SLV_vol3m: 0.144702
- SPY_mdd: -0.025065
- SPY_r12m: 0.094790
- SPY_r1m: -0.002262
- SPY_r3m: 0.065828
- SPY_vol3m: 0.095809
- TIP_mdd: -0.003482
- TIP_r12m: 0.029842
- TIP_r1m: 0.003862
- TIP_r3m: 0.021181
- TIP_vol3m: 0.032773
- TLT_mdd: -0.064701
- TLT_r12m: 0.081371
- TLT_r1m: 0.009697
- TLT_r3m: 0.031955
- TLT_vol3m: 0.090622
- UUP_mdd: -0.008755
- UUP_r12m: 0.080561
- UUP_r1m: 0.006928
- UUP_r3m: 0.018295
- UUP_vol3m: 0.045485
- VEA_mdd: -0.119090
- VEA_r12m: -0.065387
- VEA_r1m: -0.019259
- VEA_r3m: 0.034774
- VEA_vol3m: 0.099283
- VNQ_mdd: -0.023964
- VNQ_r12m: 0.157834
- VNQ_r1m: -0.010933
- VNQ_r3m: 0.028941
- VNQ_vol3m: 0.113749
- VWO_mdd: -0.165261
- VWO_r12m: -0.062626
- VWO_r1m: -0.055073
- VWO_r3m: 0.007078
- VWO_vol3m: 0.148106
- cross_vol: 0.079359
Assets: SPY, QQQ, IWM, DIA, EFA, EEM, VEA, VWO, AGG, BND, SHY, IEF, TLT, TIP, LQD, HYG, GLD, SLV, DBC, VNQ, UUP, BIL","{""SPY"":0.3333333333,""QQQ"":0.0555555556,""IWM"":0.0555555556,""DIA"":0.0555555556,""EFA"":0.0277777778,""EEM"":0.0277777778,""VEA"":0.0277777778,""VWO"":0.0277777778,""AGG"":0.0277777778,""BND"":0.0277777778,""SHY"":0.0277777778,""IEF"":0.0277777778,""TLT"":0.0277777778,""TIP"":0.0277777778,""LQD"":0.0277777778,""HYG"":0.0277777778,""GLD"":0.0277777778,""SLV"":0.0277777778,""DBC"":0.0277777778,""VNQ"":0.0277777778,""UUP"":0.0277777778,""BIL"":0.0277777778}","{""SPY"":0.3333333333,""QQQ"":0.0555555556,""IWM"":0.0555555556,""DIA"":0.0555555556,""EFA"":0.0277777778,""EEM"":0.0277777778,""VEA"":0.0277777778,""VWO"":0.0277777778,""AGG"":0.0277777778,""BND"":0.0277777778,""SHY"":0.0277777778,""IEF"":0.0277777778,""TLT"":0.0277777778,""TIP"":0.0277777778,""LQD"":0.0277777778,""HYG"":0.0277777778,""GLD"":0.0277777778,""SLV"":0.0277777778,""DBC"":0.0277777778,""VNQ"":0.0277777778,""UUP"":0.0277777778,""BIL"":0.0277777778}","{""SPY"":0.019047619,""QQQ"":0.019047619,""IWM"":0.019047619,""DIA"":0.019047619,""EFA"":0.019047619,""EEM"":0.019047619,""VEA"":0.019047619,""VWO"":0.019047619,""AGG"":0.019047619,""BND"":0.019047619,""SHY"":0.019047619,""IEF"":0.019047619,""TLT"":0.019047619,""TIP"":0.019047619,""LQD"":0.019047619,""HYG"":0.019047619,""GLD"":0.019047619,""SLV"":0.019047619,""DBC"":0.019047619,""VNQ"":0.019047619,""UUP"":0.019047619,""BIL"":0.6}",0
f44aa37d29cac5f08e64e643,p2_reconciliation_v1,C_bridge_canonical,llama3.1:8b,P2,2019-05-09,7,2352,BIL,SPY,SPY,0,0,1.1459459459459458,1.97758476261356e-16,e789c2fd79fb64e00fb60129a94b592f11a1b86fd2237a5324fe538e6aefccf2,3371,e3b0c44298fc1c149afbf4c8996fb92427ae41e4649b934ca495991b7852b855,0,1,0,0,17.242958084010752,1,"{
  ""weights"": {
    ""SPY"": 0.6,
    ""QQQ"": 0.2,
    ""IWM"": 0.1,
    ""DIA"": 0.05,
    ""EFA"": 0.05,
    ""EEM"": 0.05,
    ""VEA"": 0.05,
    ""VWO"": 0.05,
    ""AGG"": 0.05,
    ""BND"": 0.05,
    ""SHY"": 0.05,
    ""IEF"": 0.05,
    ""TLT"": 0.05,
    ""TIP"": 0.05,
    ""LQD"": 0.05,
    ""HYG"": 0.05,
    ""GLD"": 0.05,
    ""SLV"": 0.05,
    ""DBC"": 0.05,
    ""VNQ"": 0.05,
    ""UUP"": 0.05,
    ""BIL"": 0.05
  }
}","You are a DEFENSIVE LOW-VOLATILITY policy profile. Use only the provided feature values. Strongly favor the eligible asset with the lowest `_vol3m` value. Allocate 60.0% of total portfolio weight to that target asset as the language-level policy target. Distribute the remaining weight equally among all other eligible assets. Include every eligible ticker exactly once. Return strictly valid JSON only with a `weights` object whose values are decimals, not percentages.
Hard constraints for the execution layer: long-only weights, weights sum to one, maximum single-asset weight 0.60, and turnover cap 0.25. You propose weights; deterministic projection will enforce final feasibility.

Current Features:
- SPY_r1m: -0.00226216
- SPY_r3m: 0.06582774
- SPY_r12m: 0.09479011
- SPY_vol3m: 0.09580920
- SPY_mdd: -0.02506504
- QQQ_r1m: 0.00157239
- QQQ_r3m: 0.10031691
- QQQ_r12m: 0.12222581
- QQQ_vol3m: 0.11510063
- QQQ_mdd: -0.03317413
- IWM_r1m: 0.00637886
- IWM_r3m: 0.04620457
- IWM_r12m: 0.00182435
- IWM_vol3m: 0.15063819
- IWM_mdd: -0.08942670
- DIA_r1m: -0.01114938
- DIA_r3m: 0.03157441
- DIA_r12m: 0.08486689
- DIA_vol3m: 0.09881035
- DIA_mdd: -0.03017167
- EFA_r1m: -0.01548527
- EFA_r3m: 0.04226909
- EFA_r12m: -0.05779312
- EFA_vol3m: 0.09836950
- EFA_mdd: -0.11163356
- EEM_r1m: -0.05822605
- EEM_r3m: -0.01580171
- EEM_r12m: -0.08156831
- EEM_vol3m: 0.14831011
- EEM_mdd: -0.18138275
- VEA_r1m: -0.01925873
- VEA_r3m: 0.03477354
- VEA_r12m: -0.06538702
- VEA_vol3m: 0.09928290
- VEA_mdd: -0.11909004
- VWO_r1m: -0.05507312
- VWO_r3m: 0.00707793
- VWO_r12m: -0.06262589
- VWO_vol3m: 0.14810642
- VWO_mdd: -0.16526094
- AGG_r1m: 0.00471205
- AGG_r3m: 0.02190474
- AGG_r12m: 0.05988369
- AGG_vol3m: 0.02656956
- AGG_mdd: 0.00000000
- BND_r1m: 0.00502108
- BND_r3m: 0.02210598
- BND_r12m: 0.06044334
- BND_vol3m: 0.02704257
- BND_mdd: 0.00000000
- SHY_r1m: 0.00341069
- SHY_r3m: 0.00950999
- SHY_r12m: 0.03033249
- SHY_vol3m: 0.00900587
- SHY_mdd: 0.00000000
- IEF_r1m: 0.00617448
- IEF_r3m: 0.02254306
- IEF_r12m: 0.07266988
- IEF_vol3m: 0.04312189
- IEF_mdd: -0.01158197
- TLT_r1m: 0.00969710
- TLT_r3m: 0.03195474
- TLT_r12m: 0.08137084
- TLT_vol3m: 0.09062184
- TLT_mdd: -0.06470070
- TIP_r1m: 0.00386182
- TIP_r3m: 0.02118105
- TIP_r12m: 0.02984203
- TIP_vol3m: 0.03277296
- TIP_mdd: -0.00348235
- LQD_r1m: 0.00431393
- LQD_r3m: 0.03283564
- LQD_r12m: 0.07642462
- LQD_vol3m: 0.03862507
- LQD_mdd: -0.00416468
- HYG_r1m: 0.00038877
- HYG_r3m: 0.02725857
- HYG_r12m: 0.06306764
- HYG_vol3m: 0.03112710
- HYG_mdd: -0.00715878
- GLD_r1m: -0.01583439
- GLD_r3m: -0.02052692
- GLD_r12m: -0.02720924
- GLD_vol3m: 0.09454293
- GLD_mdd: -0.34340972
- SLV_r1m: -0.03151259
- SLV_r3m: -0.06364255
- SLV_r12m: -0.10831723
- SLV_vol3m: 0.14470178
- SLV_mdd: -0.70736351
- DBC_r1m: -0.03333341
- DBC_r3m: 0.01228185
- DBC_r12m: -0.10527892
- DBC_vol3m: 0.09239519
- DBC_mdd: -0.50302623
- VNQ_r1m: -0.01093304
- VNQ_r3m: 0.02894071
- VNQ_r12m: 0.15783424
- VNQ_vol3m: 0.11374907
- VNQ_mdd: -0.02396365
- UUP_r1m: 0.00692839
- UUP_r3m: 0.01829493
- UUP_r12m: 0.08056124
- UUP_vol3m: 0.04548459
- UUP_mdd: -0.00875474
- BIL_r1m: 0.00190321
- BIL_r3m: 0.00569799
- BIL_r12m: 0.02028748
- BIL_vol3m: 0.00170355
- BIL_mdd: 0.00000000
- cross_vol: 0.07935869

Assets: SPY, QQQ, IWM, DIA, EFA, EEM, VEA, VWO, AGG, BND, SHY, IEF, TLT, TIP, LQD, HYG, GLD, SLV, DBC, VNQ, UUP, BIL","{""SPY"":0.3243243243,""QQQ"":0.1081081081,""IWM"":0.0540540541,""DIA"":0.027027027,""EFA"":0.027027027,""EEM"":0.027027027,""VEA"":0.027027027,""VWO"":0.027027027,""AGG"":0.027027027,""BND"":0.027027027,""SHY"":0.027027027,""IEF"":0.027027027,""TLT"":0.027027027,""TIP"":0.027027027,""LQD"":0.027027027,""HYG"":0.027027027,""GLD"":0.027027027,""SLV"":0.027027027,""DBC"":0.027027027,""VNQ"":0.027027027,""UUP"":0.027027027,""BIL"":0.027027027}","{""SPY"":0.3243243243,""QQQ"":0.1081081081,""IWM"":0.0540540541,""DIA"":0.027027027,""EFA"":0.027027027,""EEM"":0.027027027,""VEA"":0.027027027,""VWO"":0.027027027,""AGG"":0.027027027,""BND"":0.027027027,""SHY"":0.027027027,""IEF"":0.027027027,""TLT"":0.027027027,""TIP"":0.027027027,""LQD"":0.027027027,""HYG"":0.027027027,""GLD"":0.027027027,""SLV"":0.027027027,""DBC"":0.027027027,""VNQ"":0.027027027,""UUP"":0.027027027,""BIL"":0.027027027}","{""SPY"":0.019047619,""QQQ"":0.019047619,""IWM"":0.019047619,""DIA"":0.019047619,""EFA"":0.019047619,""EEM"":0.019047619,""VEA"":0.019047619,""VWO"":0.019047619,""AGG"":0.019047619,""BND"":0.019047619,""SHY"":0.019047619,""IEF"":0.019047619,""TLT"":0.019047619,""TIP"":0.019047619,""LQD"":0.019047619,""HYG"":0.019047619,""GLD"":0.019047619,""SLV"":0.019047619,""DBC"":0.019047619,""VNQ"":0.019047619,""UUP"":0.019047619,""BIL"":0.6}",0
59526775b56fdd52abdd8165,p2_reconciliation_v1,A_wfcv_exact,gemma3:270m,P2,2021-07-09,9,2898,BIL,BIL,BIL,1,1,0.0,0.0012012012012015266,8231d76b4ec87d3643ae4746a30f6dd4d5119e973eac7e2312321257b8c060d8,5945,0c486dcc8b84342fb4cdde63596cc7f2329bfb21cae879d57c67768a7e347a8f,2412,1,0,0,1.9601691249990836,1,"{""weights"": {""SPY"": 0.019, ""QQQ"": 0.019, ""IWM"": 0.019, ""DIA"": 0.019, ""EFA"": 0.019, ""EEM"": 0.019, ""VEA"": 0.019, ""VWO"": 0.019, ""AGG"": 0.019, ""BND"": 0.019, ""SHY"": 0.019, ""IEF"": 0.019, ""TLT"": 0.019, ""TIP"": 0.019, ""LQD"": 0.019, ""HYG"": 0.019, ""GLD"": 0.019, ""SLV"": 0.019, ""DBC"": 0.019, ""VNQ"": 0.019, ""UUP"": 0.019, ""BIL"": 0.6}}","You are a DEFENSIVE LOW-VOLATILITY policy profile. Your task is to translate a natural-language risk-averse policy into provisional portfolio weights. Use only the provided feature values, not outside market knowledge. Identify the eligible asset that appears safest, defined by the lowest `_vol3m` value. This is a defensive single-core policy profile, so do not default to equal weights when one asset clearly has the lowest recent volatility. Allocate 60% of the total portfolio weight to this safest asset as the language-level policy target. The hard maximum-weight constraint is 60%. Do not solve the projection yourself; express the language-level target and let the projection layer enforce feasibility before execution. Distribute the remaining weight equally among all other eligible assets. Use only tickers from the provided asset list. Include every eligible ticker exactly once. Return strictly valid JSON only. The `weights` field MUST be a JSON object where keys are tickers and values are numeric portfolio weights expressed as decimals, not percentages.

### EXAMPLE 1
Features:
- AGG_mdd: -0.021496
- AGG_r12m: -0.016336
- AGG_r1m: -0.007499
- AGG_r3m: 0.000287
- AGG_vol3m: 0.021307
- BIL_mdd: 0.000000
- BIL_r12m: 0.013922
- BIL_r1m: 0.001399
- BIL_r3m: 0.004380
- BIL_vol3m: 0.001959
- BND_mdd: -0.020215
- BND_r12m: -0.014373
TargetWeights(JSON): {""SPY"": 0.019, ""QQQ"": 0.019, ""IWM"": 0.019, ""DIA"": 0.019, ""EFA"": 0.019, ""EEM"": 0.019, ""VEA"": 0.019, ""VWO"": 0.019, ""AGG"": 0.019, ""BND"": 0.019, ""SHY"": 0.019, ""IEF"": 0.019, ""TLT"": 0.019, ""TIP"": 0.019, ""LQD"": 0.019, ""HYG"": 0.019, ""GLD"": 0.019, ""SLV"": 0.019, ""DBC"": 0.019, ""VNQ"": 0.019, ""UUP"": 0.019, ""BIL"": 0.6}
### EXAMPLE 2
Features:
- AGG_mdd: -0.007978
- AGG_r12m: 0.074135
- AGG_r1m: 0.006360
- AGG_r3m: 0.026146
- AGG_vol3m: 0.027953
- BIL_mdd: 0.000000
- BIL_r12m: 0.021492
- BIL_r1m: 0.002024
- BIL_r3m: 0.005972
- BIL_vol3m: 0.001849
- BND_mdd: -0.008536
- BND_r12m: 0.071805
TargetWeights(JSON): {""SPY"": 0.019, ""QQQ"": 0.019, ""IWM"": 0.019, ""DIA"": 0.019, ""EFA"": 0.019, ""EEM"": 0.019, ""VEA"": 0.019, ""VWO"": 0.019, ""AGG"": 0.019, ""BND"": 0.019, ""SHY"": 0.019, ""IEF"": 0.019, ""TLT"": 0.019, ""TIP"": 0.019, ""LQD"": 0.019, ""HYG"": 0.019, ""GLD"": 0.019, ""SLV"": 0.019, ""DBC"": 0.019, ""VNQ"": 0.019, ""UUP"": 0.019, ""BIL"": 0.6}
### EXAMPLE 3
Features:
- AGG_mdd: -0.008570
- AGG_r12m: 0.022343
- AGG_r1m: 0.007021
- AGG_r3m: 0.012624
- AGG_vol3m: 0.034413
- BIL_mdd: -0.003881
- BIL_r12m: -0.001312
- BIL_r1m: -0.000220
- BIL_r3m: -0.000220
- BIL_vol3m: 0.002458
- BND_mdd: -0.010948
- BND_r12m: 0.021203
TargetWeights(JSON): {""SPY"": 0.019, ""QQQ"": 0.019, ""IWM"": 0.019, ""DIA"": 0.019, ""EFA"": 0.019, ""EEM"": 0.019, ""VEA"": 0.019, ""VWO"": 0.019, ""AGG"": 0.019, ""BND"": 0.019, ""SHY"": 0.019, ""IEF"": 0.019, ""TLT"": 0.019, ""TIP"": 0.019, ""LQD"": 0.019, ""HYG"": 0.019, ""GLD"": 0.019, ""SLV"": 0.019, ""DBC"": 0.019, ""VNQ"": 0.019, ""UUP"": 0.019, ""BIL"": 0.6}
### EXAMPLE 4
Features:
- AGG_mdd: -0.005052
- AGG_r12m: 0.029180
- AGG_r1m: 0.003088
- AGG_r3m: 0.014293
- AGG_vol3m: 0.023832
- BIL_mdd: -0.002137
- BIL_r12m: -0.000655
- BIL_r1m: 0.000000
- BIL_r3m: 0.000000
- BIL_vol3m: 0.002249
- BND_mdd: -0.005475
- BND_r12m: 0.029315
TargetWeights(JSON): {""SPY"": 0.019, ""QQQ"": 0.019, ""IWM"": 0.019, ""DIA"": 0.019, ""EFA"": 0.019, ""EEM"": 0.019, ""VEA"": 0.019, ""VWO"": 0.019, ""AGG"": 0.019, ""BND"": 0.019, ""SHY"": 0.019, ""IEF"": 0.019, ""TLT"": 0.019, ""TIP"": 0.019, ""LQD"": 0.019, ""HYG"": 0.019, ""GLD"": 0.019, ""SLV"": 0.019, ""DBC"": 0.019, ""VNQ"": 0.019, ""UUP"": 0.019, ""BIL"": 0.6}

Current Features:
- AGG_mdd: -0.016513
- AGG_r12m: -0.006502
- AGG_r1m: 0.006925
- AGG_r3m: 0.017528
- AGG_vol3m: 0.029805
- BIL_mdd: -0.001321
- BIL_r12m: -0.000623
- BIL_r1m: 0.000000
- BIL_r3m: -0.000218
- BIL_vol3m: 0.001283
- BND_mdd: -0.017108
- BND_r12m: -0.006027
- BND_r1m: 0.007853
- BND_r3m: 0.019442
- BND_vol3m: 0.030256
- DBC_mdd: -0.383502
- DBC_r12m: 0.519873
- DBC_r1m: -0.004685
- DBC_r3m: 0.139452
- DBC_vol3m: 0.164001
- DIA_mdd: 0.000000
- DIA_r12m: 0.380448
- DIA_r1m: 0.012902
- DIA_r3m: 0.036151
- DIA_vol3m: 0.109793
- EEM_mdd: -0.072041
- EEM_r12m: 0.248634
- EEM_r1m: -0.027054
- EEM_r3m: 0.004379
- EEM_vol3m: 0.152081
- EFA_mdd: -0.020679
- EFA_r12m: 0.320429
- EFA_r1m: -0.012756
- EFA_r3m: 0.034081
- EFA_vol3m: 0.132747
- GLD_mdd: -0.127289
- GLD_r12m: -0.002476
- GLD_r1m: -0.043903
- GLD_r3m: 0.036381
- GLD_vol3m: 0.129250
- HYG_mdd: -0.000682
- HYG_r12m: 0.120042
- HYG_r1m: 0.009869
- HYG_r3m: 0.019350
- HYG_vol3m: 0.028958
- IEF_mdd: -0.047232
- IEF_r12m: -0.039194
- IEF_r1m: 0.009688
- IEF_r3m: 0.026705
- IEF_vol3m: 0.044126
- IWM_mdd: -0.031028
- IWM_r12m: 0.644666
- IWM_r1m: -0.019970
- IWM_r3m: 0.018555
- IWM_vol3m: 0.190282
- LQD_mdd: -0.012431
- LQD_r12m: 0.014912
- LQD_r1m: 0.015902
- LQD_r3m: 0.036793
- LQD_vol3m: 0.052445
- QQQ_mdd: 0.000000
- QQQ_r12m: 0.382795
- QQQ_r1m: 0.072998
- QQQ_r3m: 0.072139
- QQQ_vol3m: 0.152081
- SHY_mdd: -0.001008
- SHY_r12m: 0.000010
- SHY_r1m: -0.000660
- SHY_r3m: 0.000197
- SHY_vol3m: 0.004762
- SLV_mdd: -0.488151
- SLV_r12m: 0.391830
- SLV_r1m: -0.061676
- SLV_r3m: 0.033319
- SLV_vol3m: 0.230044
- SPY_mdd: 0.000000
- SPY_r12m: 0.405963
- SPY_r1m: 0.036274
- SPY_r3m: 0.061860
- SPY_vol3m: 0.109598
- TIP_mdd: -0.001873
- TIP_r12m: 0.060038
- TIP_r1m: 0.011214
- TIP_r3m: 0.036895
- TIP_vol3m: 0.041773
- TLT_mdd: -0.134568
- TLT_r12m: -0.110801
- TLT_r1m: 0.035508
- TLT_r3m: 0.070088
- TLT_vol3m: 0.112727
- UUP_mdd: -0.118191
- UUP_r12m: -0.052772
- UUP_r1m: 0.021443
- UUP_r3m: -0.001612
- UUP_vol3m: 0.056982
- VEA_mdd: -0.019141
- VEA_r12m: 0.356157
- VEA_r1m: -0.012658
- VEA_r3m: 0.034014
- VEA_vol3m: 0.130766
- VNQ_mdd: 0.000000
- VNQ_r12m: 0.399292
- VNQ_r1m: 0.010097
- VNQ_r3m: 0.128736
- VNQ_vol3m: 0.136221
- VWO_mdd: -0.056000
- VWO_r12m: 0.248787
- VWO_r1m: -0.023149
- VWO_r3m: 0.020266
- VWO_vol3m: 0.148060
- cross_vol: 0.099457
Assets: SPY, QQQ, IWM, DIA, EFA, EEM, VEA, VWO, AGG, BND, SHY, IEF, TLT, TIP, LQD, HYG, GLD, SLV, DBC, VNQ, UUP, BIL","{""SPY"":0.019019019,""QQQ"":0.019019019,""IWM"":0.019019019,""DIA"":0.019019019,""EFA"":0.019019019,""EEM"":0.019019019,""VEA"":0.019019019,""VWO"":0.019019019,""AGG"":0.019019019,""BND"":0.019019019,""SHY"":0.019019019,""IEF"":0.019019019,""TLT"":0.019019019,""TIP"":0.019019019,""LQD"":0.019019019,""HYG"":0.019019019,""GLD"":0.019019019,""SLV"":0.019019019,""DBC"":0.019019019,""VNQ"":0.019019019,""UUP"":0.019019019,""BIL"":0.6006006006}","{""SPY"":0.019047619,""QQQ"":0.019047619,""IWM"":0.019047619,""DIA"":0.019047619,""EFA"":0.019047619,""EEM"":0.019047619,""VEA"":0.019047619,""VWO"":0.019047619,""AGG"":0.019047619,""BND"":0.019047619,""SHY"":0.019047619,""IEF"":0.019047619,""TLT"":0.019047619,""TIP"":0.019047619,""LQD"":0.019047619,""HYG"":0.019047619,""GLD"":0.019047619,""SLV"":0.019047619,""DBC"":0.019047619,""VNQ"":0.019047619,""UUP"":0.019047619,""BIL"":0.6}","{""SPY"":0.019047619,""QQQ"":0.019047619,""IWM"":0.019047619,""DIA"":0.019047619,""EFA"":0.019047619,""EEM"":0.019047619,""VEA"":0.019047619,""VWO"":0.019047619,""AGG"":0.019047619,""BND"":0.019047619,""SHY"":0.019047619,""IEF"":0.019047619,""TLT"":0.019047619,""TIP"":0.019047619,""LQD"":0.019047619,""HYG"":0.019047619,""GLD"":0.019047619,""SLV"":0.019047619,""DBC"":0.019047619,""VNQ"":0.019047619,""UUP"":0.019047619,""BIL"":0.6}",0
0712c714871030074462e4d7,p2_reconciliation_v1,B_wfcv_no_fewshot,gemma3:270m,P2,2021-07-09,9,2898,BIL,SPY,SPY,0,0,1.1090909090909091,3.0531133177191805e-16,f5e97a47964994a7797ff0d06057dbc2892d9b2dea0ad96ff29f30d69260ff17,3533,e3b0c44298fc1c149afbf4c8996fb92427ae41e4649b934ca495991b7852b855,0,1,0,0,1.4766677919978974,1,"{""weights"": {""SPY"": 60, ""QQQ"": 60, ""IWM"": 60, ""DIA"": 60, ""EFA"": 60, ""EEM"": 60, ""VEA"": 60, ""VWO"": 60, ""AGG"": 60, ""BND"": 60, ""SHY"": 60, ""IEF"": 60, ""TLT"": 60, ""TIP"": 60, ""LQD"": 60, ""HYG"": 60, ""GLD"": 60, ""SLV"": 60, ""DBC"": 60, ""VNQ"": 60, ""UUP"": 60, ""BIL"": 60}}","You are a DEFENSIVE LOW-VOLATILITY policy profile. Your task is to translate a natural-language risk-averse policy into provisional portfolio weights. Use only the provided feature values, not outside market knowledge. Identify the eligible asset that appears safest, defined by the lowest `_vol3m` value. This is a defensive single-core policy profile, so do not default to equal weights when one asset clearly has the lowest recent volatility. Allocate 60% of the total portfolio weight to this safest asset as the language-level policy target. The hard maximum-weight constraint is 60%. Do not solve the projection yourself; express the language-level target and let the projection layer enforce feasibility before execution. Distribute the remaining weight equally among all other eligible assets. Use only tickers from the provided asset list. Include every eligible ticker exactly once. Return strictly valid JSON only. The `weights` field MUST be a JSON object where keys are tickers and values are numeric portfolio weights expressed as decimals, not percentages.



Current Features:
- AGG_mdd: -0.016513
- AGG_r12m: -0.006502
- AGG_r1m: 0.006925
- AGG_r3m: 0.017528
- AGG_vol3m: 0.029805
- BIL_mdd: -0.001321
- BIL_r12m: -0.000623
- BIL_r1m: 0.000000
- BIL_r3m: -0.000218
- BIL_vol3m: 0.001283
- BND_mdd: -0.017108
- BND_r12m: -0.006027
- BND_r1m: 0.007853
- BND_r3m: 0.019442
- BND_vol3m: 0.030256
- DBC_mdd: -0.383502
- DBC_r12m: 0.519873
- DBC_r1m: -0.004685
- DBC_r3m: 0.139452
- DBC_vol3m: 0.164001
- DIA_mdd: 0.000000
- DIA_r12m: 0.380448
- DIA_r1m: 0.012902
- DIA_r3m: 0.036151
- DIA_vol3m: 0.109793
- EEM_mdd: -0.072041
- EEM_r12m: 0.248634
- EEM_r1m: -0.027054
- EEM_r3m: 0.004379
- EEM_vol3m: 0.152081
- EFA_mdd: -0.020679
- EFA_r12m: 0.320429
- EFA_r1m: -0.012756
- EFA_r3m: 0.034081
- EFA_vol3m: 0.132747
- GLD_mdd: -0.127289
- GLD_r12m: -0.002476
- GLD_r1m: -0.043903
- GLD_r3m: 0.036381
- GLD_vol3m: 0.129250
- HYG_mdd: -0.000682
- HYG_r12m: 0.120042
- HYG_r1m: 0.009869
- HYG_r3m: 0.019350
- HYG_vol3m: 0.028958
- IEF_mdd: -0.047232
- IEF_r12m: -0.039194
- IEF_r1m: 0.009688
- IEF_r3m: 0.026705
- IEF_vol3m: 0.044126
- IWM_mdd: -0.031028
- IWM_r12m: 0.644666
- IWM_r1m: -0.019970
- IWM_r3m: 0.018555
- IWM_vol3m: 0.190282
- LQD_mdd: -0.012431
- LQD_r12m: 0.014912
- LQD_r1m: 0.015902
- LQD_r3m: 0.036793
- LQD_vol3m: 0.052445
- QQQ_mdd: 0.000000
- QQQ_r12m: 0.382795
- QQQ_r1m: 0.072998
- QQQ_r3m: 0.072139
- QQQ_vol3m: 0.152081
- SHY_mdd: -0.001008
- SHY_r12m: 0.000010
- SHY_r1m: -0.000660
- SHY_r3m: 0.000197
- SHY_vol3m: 0.004762
- SLV_mdd: -0.488151
- SLV_r12m: 0.391830
- SLV_r1m: -0.061676
- SLV_r3m: 0.033319
- SLV_vol3m: 0.230044
- SPY_mdd: 0.000000
- SPY_r12m: 0.405963
- SPY_r1m: 0.036274
- SPY_r3m: 0.061860
- SPY_vol3m: 0.109598
- TIP_mdd: -0.001873
- TIP_r12m: 0.060038
- TIP_r1m: 0.011214
- TIP_r3m: 0.036895
- TIP_vol3m: 0.041773
- TLT_mdd: -0.134568
- TLT_r12m: -0.110801
- TLT_r1m: 0.035508
- TLT_r3m: 0.070088
- TLT_vol3m: 0.112727
- UUP_mdd: -0.118191
- UUP_r12m: -0.052772
- UUP_r1m: 0.021443
- UUP_r3m: -0.001612
- UUP_vol3m: 0.056982
- VEA_mdd: -0.019141
- VEA_r12m: 0.356157
- VEA_r1m: -0.012658
- VEA_r3m: 0.034014
- VEA_vol3m: 0.130766
- VNQ_mdd: 0.000000
- VNQ_r12m: 0.399292
- VNQ_r1m: 0.010097
- VNQ_r3m: 0.128736
- VNQ_vol3m: 0.136221
- VWO_mdd: -0.056000
- VWO_r12m: 0.248787
- VWO_r1m: -0.023149
- VWO_r3m: 0.020266
- VWO_vol3m: 0.148060
- cross_vol: 0.099457
Assets: SPY, QQQ, IWM, DIA, EFA, EEM, VEA, VWO, AGG, BND, SHY, IEF, TLT, TIP, LQD, HYG, GLD, SLV, DBC, VNQ, UUP, BIL","{""SPY"":0.0454545455,""QQQ"":0.0454545455,""IWM"":0.0454545455,""DIA"":0.0454545455,""EFA"":0.0454545455,""EEM"":0.0454545455,""VEA"":0.0454545455,""VWO"":0.0454545455,""AGG"":0.0454545455,""BND"":0.0454545455,""SHY"":0.0454545455,""IEF"":0.0454545455,""TLT"":0.0454545455,""TIP"":0.0454545455,""LQD"":0.0454545455,""HYG"":0.0454545455,""GLD"":0.0454545455,""SLV"":0.0454545455,""DBC"":0.0454545455,""VNQ"":0.0454545455,""UUP"":0.0454545455,""BIL"":0.0454545455}","{""SPY"":0.0454545455,""QQQ"":0.0454545455,""IWM"":0.0454545455,""DIA"":0.0454545455,""EFA"":0.0454545455,""EEM"":0.0454545455,""VEA"":0.0454545455,""VWO"":0.0454545455,""AGG"":0.0454545455,""BND"":0.0454545455,""SHY"":0.0454545455,""IEF"":0.0454545455,""TLT"":0.0454545455,""TIP"":0.0454545455,""LQD"":0.0454545455,""HYG"":0.0454545455,""GLD"":0.0454545455,""SLV"":0.0454545455,""DBC"":0.0454545455,""VNQ"":0.0454545455,""UUP"":0.0454545455,""BIL"":0.0454545455}","{""SPY"":0.019047619,""QQQ"":0.019047619,""IWM"":0.019047619,""DIA"":0.019047619,""EFA"":0.019047619,""EEM"":0.019047619,""VEA"":0.019047619,""VWO"":0.019047619,""AGG"":0.019047619,""BND"":0.019047619,""SHY"":0.019047619,""IEF"":0.019047619,""TLT"":0.019047619,""TIP"":0.019047619,""LQD"":0.019047619,""HYG"":0.019047619,""GLD"":0.019047619,""SLV"":0.019047619,""DBC"":0.019047619,""VNQ"":0.019047619,""UUP"":0.019047619,""BIL"":0.6}",0
e302421c8db76b987aa12ae2,p2_reconciliation_v1,C_bridge_canonical,gemma3:270m,P2,2021-07-09,9,2898,BIL,QQQ,QQQ,0,0,1.50054183441249,8.977193988179821e-17,9b2fe23b6315883564c36df74060761e2942075c67c46c21a6cfb7452a5ecf51,3369,e3b0c44298fc1c149afbf4c8996fb92427ae41e4649b934ca495991b7852b855,0,1,0,0,2.4251034159970004,1,"{""weights"": {""SPY"": 0.03627371, ""QQQ"": 0.07299844, ""IWM"": -0.01997025, ""DIA"": 0.01290212, ""EFA"": -0.01275620, ""EEM"": -0.02705361, ""VEA"": -0.01265769, ""VWO"": -0.02314949, ""AGG"": 0.00692520, ""BND"": 0.00785259, ""SHY"": 0.00066046, ""IEF"": 0.00968784, ""TLT"": 0.03550794, ""TIP"": 0.01121366, ""LQD"": 0.01590232, ""HYG"": 0.00986875, ""GLD"": -0.04390320, ""SLV"": 0.06167572, ""DBC"": -0.12728863, ""VNQ"": 0.01009689, ""UUP"": 0.02144336, ""BIL"": -0.00468503}
}","You are a DEFENSIVE LOW-VOLATILITY policy profile. Use only the provided feature values. Strongly favor the eligible asset with the lowest `_vol3m` value. Allocate 60.0% of total portfolio weight to that target asset as the language-level policy target. Distribute the remaining weight equally among all other eligible assets. Include every eligible ticker exactly once. Return strictly valid JSON only with a `weights` object whose values are decimals, not percentages.
Hard constraints for the execution layer: long-only weights, weights sum to one, maximum single-asset weight 0.60, and turnover cap 0.25. You propose weights; deterministic projection will enforce final feasibility.

Current Features:
- SPY_r1m: 0.03627371
- SPY_r3m: 0.06186007
- SPY_r12m: 0.40596347
- SPY_vol3m: 0.10959836
- SPY_mdd: 0.00000000
- QQQ_r1m: 0.07299844
- QQQ_r3m: 0.07213908
- QQQ_r12m: 0.38279495
- QQQ_vol3m: 0.15208071
- QQQ_mdd: 0.00000000
- IWM_r1m: -0.01997025
- IWM_r3m: 0.01855463
- IWM_r12m: 0.64466642
- IWM_vol3m: 0.19028172
- IWM_mdd: -0.03102791
- DIA_r1m: 0.01290212
- DIA_r3m: 0.03615125
- DIA_r12m: 0.38044759
- DIA_vol3m: 0.10979345
- DIA_mdd: 0.00000000
- EFA_r1m: -0.01275620
- EFA_r3m: 0.03408064
- EFA_r12m: 0.32042936
- EFA_vol3m: 0.13274664
- EFA_mdd: -0.02067937
- EEM_r1m: -0.02705361
- EEM_r3m: 0.00437872
- EEM_r12m: 0.24863350
- EEM_vol3m: 0.15208144
- EEM_mdd: -0.07204139
- VEA_r1m: -0.01265769
- VEA_r3m: 0.03401439
- VEA_r12m: 0.35615671
- VEA_vol3m: 0.13076643
- VEA_mdd: -0.01914124
- VWO_r1m: -0.02314949
- VWO_r3m: 0.02026609
- VWO_r12m: 0.24878718
- VWO_vol3m: 0.14806041
- VWO_mdd: -0.05600013
- AGG_r1m: 0.00692520
- AGG_r3m: 0.01752819
- AGG_r12m: -0.00650180
- AGG_vol3m: 0.02980541
- AGG_mdd: -0.01651255
- BND_r1m: 0.00785259
- BND_r3m: 0.01944236
- BND_r12m: -0.00602708
- BND_vol3m: 0.03025640
- BND_mdd: -0.01710804
- SHY_r1m: -0.00066046
- SHY_r3m: 0.00019702
- SHY_r12m: 0.00000966
- SHY_vol3m: 0.00476194
- SHY_mdd: -0.00100777
- IEF_r1m: 0.00968784
- IEF_r3m: 0.02670470
- IEF_r12m: -0.03919384
- IEF_vol3m: 0.04412577
- IEF_mdd: -0.04723152
- TLT_r1m: 0.03550794
- TLT_r3m: 0.07008838
- TLT_r12m: -0.11080143
- TLT_vol3m: 0.11272680
- TLT_mdd: -0.13456773
- TIP_r1m: 0.01121366
- TIP_r3m: 0.03689450
- TIP_r12m: 0.06003761
- TIP_vol3m: 0.04177344
- TIP_mdd: -0.00187250
- LQD_r1m: 0.01590232
- LQD_r3m: 0.03679265
- LQD_r12m: 0.01491170
- LQD_vol3m: 0.05244517
- LQD_mdd: -0.01243100
- HYG_r1m: 0.00986875
- HYG_r3m: 0.01935047
- HYG_r12m: 0.12004181
- HYG_vol3m: 0.02895798
- HYG_mdd: -0.00068161
- GLD_r1m: -0.04390320
- GLD_r3m: 0.03638147
- GLD_r12m: -0.00247597
- GLD_vol3m: 0.12925006
- GLD_mdd: -0.12728863
- SLV_r1m: -0.06167572
- SLV_r3m: 0.03331912
- SLV_r12m: 0.39182979
- SLV_vol3m: 0.23004441
- SLV_mdd: -0.48815063
- DBC_r1m: -0.00468503
- DBC_r3m: 0.13945175
- DBC_r12m: 0.51987291
- DBC_vol3m: 0.16400064
- DBC_mdd: -0.38350215
- VNQ_r1m: 0.01009689
- VNQ_r3m: 0.12873558
- VNQ_r12m: 0.39929224
- VNQ_vol3m: 0.13622112
- VNQ_mdd: 0.00000000
- UUP_r1m: 0.02144336
- UUP_r3m: -0.00161220
- UUP_r12m: -0.05277238
- UUP_vol3m: 0.05698162
- UUP_mdd: -0.11819145
- BIL_r1m: 0.00000000
- BIL_r3m: -0.00021835
- BIL_r12m: -0.00062252
- BIL_vol3m: 0.00128324
- BIL_mdd: -0.00132071
- cross_vol: 0.09945651

Assets: SPY, QQQ, IWM, DIA, EFA, EEM, VEA, VWO, AGG, BND, SHY, IEF, TLT, TIP, LQD, HYG, GLD, SLV, DBC, VNQ, UUP, BIL","{""SPY"":0.1158871151,""QQQ"":0.2332151472,""IWM"":0.0,""DIA"":0.0412196454,""EFA"":0.0,""EEM"":0.0,""VEA"":0.0,""VWO"":0.0,""AGG"":0.0221246034,""BND"":0.0250874256,""SHY"":0.0021100352,""IEF"":0.0309506755,""TLT"":0.1134406359,""TIP"":0.0358253597,""LQD"":0.0508046733,""HYG"":0.0315286461,""GLD"":0.0,""SLV"":0.197041363,""DBC"":0.0,""VNQ"":0.032257507,""UUP"":0.0685071675,""BIL"":0.0}","{""SPY"":0.1158871151,""QQQ"":0.2332151472,""IWM"":4.987329993e-18,""DIA"":0.0412196454,""EFA"":4.987329993e-18,""EEM"":4.987329993e-18,""VEA"":4.987329993e-18,""VWO"":4.987329993e-18,""AGG"":0.0221246034,""BND"":0.0250874256,""SHY"":0.0021100352,""IEF"":0.0309506755,""TLT"":0.1134406359,""TIP"":0.0358253597,""LQD"":0.0508046733,""HYG"":0.0315286461,""GLD"":4.987329993e-18,""SLV"":0.197041363,""DBC"":4.987329993e-18,""VNQ"":0.032257507,""UUP"":0.0685071675,""BIL"":4.987329993e-18}","{""SPY"":0.019047619,""QQQ"":0.019047619,""IWM"":0.019047619,""DIA"":0.019047619,""EFA"":0.019047619,""EEM"":0.019047619,""VEA"":0.019047619,""VWO"":0.019047619,""AGG"":0.019047619,""BND"":0.019047619,""SHY"":0.019047619,""IEF"":0.019047619,""TLT"":0.019047619,""TIP"":0.019047619,""LQD"":0.019047619,""HYG"":0.019047619,""GLD"":0.019047619,""SLV"":0.019047619,""DBC"":0.019047619,""VNQ"":0.019047619,""UUP"":0.019047619,""BIL"":0.6}",0
2d99eb39560d981cdbad8d25,p2_reconciliation_v1,A_wfcv_exact,gemma3:1b,P2,2021-07-09,9,2898,BIL,BIL,BIL,1,1,0.0,0.0012012012012015266,8231d76b4ec87d3643ae4746a30f6dd4d5119e973eac7e2312321257b8c060d8,5945,0c486dcc8b84342fb4cdde63596cc7f2329bfb21cae879d57c67768a7e347a8f,2412,1,0,0,4.889815667003859,1,"{""weights"": {""SPY"": 0.019, ""QQQ"": 0.019, ""IWM"": 0.019, ""DIA"": 0.019, ""EFA"": 0.019, ""EEM"": 0.019, ""VEA"": 0.019, ""VWO"": 0.019, ""AGG"": 0.019, ""BND"": 0.019, ""SHY"": 0.019, ""IEF"": 0.019, ""TLT"": 0.019, ""TIP"": 0.019, ""LQD"": 0.019, ""HYG"": 0.019, ""GLD"": 0.019, ""SLV"": 0.019, ""DBC"": 0.019, ""VNQ"": 0.019, ""UUP"": 0.019, ""BIL"": 0.6}}","You are a DEFENSIVE LOW-VOLATILITY policy profile. Your task is to translate a natural-language risk-averse policy into provisional portfolio weights. Use only the provided feature values, not outside market knowledge. Identify the eligible asset that appears safest, defined by the lowest `_vol3m` value. This is a defensive single-core policy profile, so do not default to equal weights when one asset clearly has the lowest recent volatility. Allocate 60% of the total portfolio weight to this safest asset as the language-level policy target. The hard maximum-weight constraint is 60%. Do not solve the projection yourself; express the language-level target and let the projection layer enforce feasibility before execution. Distribute the remaining weight equally among all other eligible assets. Use only tickers from the provided asset list. Include every eligible ticker exactly once. Return strictly valid JSON only. The `weights` field MUST be a JSON object where keys are tickers and values are numeric portfolio weights expressed as decimals, not percentages.

### EXAMPLE 1
Features:
- AGG_mdd: -0.021496
- AGG_r12m: -0.016336
- AGG_r1m: -0.007499
- AGG_r3m: 0.000287
- AGG_vol3m: 0.021307
- BIL_mdd: 0.000000
- BIL_r12m: 0.013922
- BIL_r1m: 0.001399
- BIL_r3m: 0.004380
- BIL_vol3m: 0.001959
- BND_mdd: -0.020215
- BND_r12m: -0.014373
TargetWeights(JSON): {""SPY"": 0.019, ""QQQ"": 0.019, ""IWM"": 0.019, ""DIA"": 0.019, ""EFA"": 0.019, ""EEM"": 0.019, ""VEA"": 0.019, ""VWO"": 0.019, ""AGG"": 0.019, ""BND"": 0.019, ""SHY"": 0.019, ""IEF"": 0.019, ""TLT"": 0.019, ""TIP"": 0.019, ""LQD"": 0.019, ""HYG"": 0.019, ""GLD"": 0.019, ""SLV"": 0.019, ""DBC"": 0.019, ""VNQ"": 0.019, ""UUP"": 0.019, ""BIL"": 0.6}
### EXAMPLE 2
Features:
- AGG_mdd: -0.007978
- AGG_r12m: 0.074135
- AGG_r1m: 0.006360
- AGG_r3m: 0.026146
- AGG_vol3m: 0.027953
- BIL_mdd: 0.000000
- BIL_r12m: 0.021492
- BIL_r1m: 0.002024
- BIL_r3m: 0.005972
- BIL_vol3m: 0.001849
- BND_mdd: -0.008536
- BND_r12m: 0.071805
TargetWeights(JSON): {""SPY"": 0.019, ""QQQ"": 0.019, ""IWM"": 0.019, ""DIA"": 0.019, ""EFA"": 0.019, ""EEM"": 0.019, ""VEA"": 0.019, ""VWO"": 0.019, ""AGG"": 0.019, ""BND"": 0.019, ""SHY"": 0.019, ""IEF"": 0.019, ""TLT"": 0.019, ""TIP"": 0.019, ""LQD"": 0.019, ""HYG"": 0.019, ""GLD"": 0.019, ""SLV"": 0.019, ""DBC"": 0.019, ""VNQ"": 0.019, ""UUP"": 0.019, ""BIL"": 0.6}
### EXAMPLE 3
Features:
- AGG_mdd: -0.008570
- AGG_r12m: 0.022343
- AGG_r1m: 0.007021
- AGG_r3m: 0.012624
- AGG_vol3m: 0.034413
- BIL_mdd: -0.003881
- BIL_r12m: -0.001312
- BIL_r1m: -0.000220
- BIL_r3m: -0.000220
- BIL_vol3m: 0.002458
- BND_mdd: -0.010948
- BND_r12m: 0.021203
TargetWeights(JSON): {""SPY"": 0.019, ""QQQ"": 0.019, ""IWM"": 0.019, ""DIA"": 0.019, ""EFA"": 0.019, ""EEM"": 0.019, ""VEA"": 0.019, ""VWO"": 0.019, ""AGG"": 0.019, ""BND"": 0.019, ""SHY"": 0.019, ""IEF"": 0.019, ""TLT"": 0.019, ""TIP"": 0.019, ""LQD"": 0.019, ""HYG"": 0.019, ""GLD"": 0.019, ""SLV"": 0.019, ""DBC"": 0.019, ""VNQ"": 0.019, ""UUP"": 0.019, ""BIL"": 0.6}
### EXAMPLE 4
Features:
- AGG_mdd: -0.005052
- AGG_r12m: 0.029180
- AGG_r1m: 0.003088
- AGG_r3m: 0.014293
- AGG_vol3m: 0.023832
- BIL_mdd: -0.002137
- BIL_r12m: -0.000655
- BIL_r1m: 0.000000
- BIL_r3m: 0.000000
- BIL_vol3m: 0.002249
- BND_mdd: -0.005475
- BND_r12m: 0.029315
TargetWeights(JSON): {""SPY"": 0.019, ""QQQ"": 0.019, ""IWM"": 0.019, ""DIA"": 0.019, ""EFA"": 0.019, ""EEM"": 0.019, ""VEA"": 0.019, ""VWO"": 0.019, ""AGG"": 0.019, ""BND"": 0.019, ""SHY"": 0.019, ""IEF"": 0.019, ""TLT"": 0.019, ""TIP"": 0.019, ""LQD"": 0.019, ""HYG"": 0.019, ""GLD"": 0.019, ""SLV"": 0.019, ""DBC"": 0.019, ""VNQ"": 0.019, ""UUP"": 0.019, ""BIL"": 0.6}

Current Features:
- AGG_mdd: -0.016513
- AGG_r12m: -0.006502
- AGG_r1m: 0.006925
- AGG_r3m: 0.017528
- AGG_vol3m: 0.029805
- BIL_mdd: -0.001321
- BIL_r12m: -0.000623
- BIL_r1m: 0.000000
- BIL_r3m: -0.000218
- BIL_vol3m: 0.001283
- BND_mdd: -0.017108
- BND_r12m: -0.006027
- BND_r1m: 0.007853
- BND_r3m: 0.019442
- BND_vol3m: 0.030256
- DBC_mdd: -0.383502
- DBC_r12m: 0.519873
- DBC_r1m: -0.004685
- DBC_r3m: 0.139452
- DBC_vol3m: 0.164001
- DIA_mdd: 0.000000
- DIA_r12m: 0.380448
- DIA_r1m: 0.012902
- DIA_r3m: 0.036151
- DIA_vol3m: 0.109793
- EEM_mdd: -0.072041
- EEM_r12m: 0.248634
- EEM_r1m: -0.027054
- EEM_r3m: 0.004379
- EEM_vol3m: 0.152081
- EFA_mdd: -0.020679
- EFA_r12m: 0.320429
- EFA_r1m: -0.012756
- EFA_r3m: 0.034081
- EFA_vol3m: 0.132747
- GLD_mdd: -0.127289
- GLD_r12m: -0.002476
- GLD_r1m: -0.043903
- GLD_r3m: 0.036381
- GLD_vol3m: 0.129250
- HYG_mdd: -0.000682
- HYG_r12m: 0.120042
- HYG_r1m: 0.009869
- HYG_r3m: 0.019350
- HYG_vol3m: 0.028958
- IEF_mdd: -0.047232
- IEF_r12m: -0.039194
- IEF_r1m: 0.009688
- IEF_r3m: 0.026705
- IEF_vol3m: 0.044126
- IWM_mdd: -0.031028
- IWM_r12m: 0.644666
- IWM_r1m: -0.019970
- IWM_r3m: 0.018555
- IWM_vol3m: 0.190282
- LQD_mdd: -0.012431
- LQD_r12m: 0.014912
- LQD_r1m: 0.015902
- LQD_r3m: 0.036793
- LQD_vol3m: 0.052445
- QQQ_mdd: 0.000000
- QQQ_r12m: 0.382795
- QQQ_r1m: 0.072998
- QQQ_r3m: 0.072139
- QQQ_vol3m: 0.152081
- SHY_mdd: -0.001008
- SHY_r12m: 0.000010
- SHY_r1m: -0.000660
- SHY_r3m: 0.000197
- SHY_vol3m: 0.004762
- SLV_mdd: -0.488151
- SLV_r12m: 0.391830
- SLV_r1m: -0.061676
- SLV_r3m: 0.033319
- SLV_vol3m: 0.230044
- SPY_mdd: 0.000000
- SPY_r12m: 0.405963
- SPY_r1m: 0.036274
- SPY_r3m: 0.061860
- SPY_vol3m: 0.109598
- TIP_mdd: -0.001873
- TIP_r12m: 0.060038
- TIP_r1m: 0.011214
- TIP_r3m: 0.036895
- TIP_vol3m: 0.041773
- TLT_mdd: -0.134568
- TLT_r12m: -0.110801
- TLT_r1m: 0.035508
- TLT_r3m: 0.070088
- TLT_vol3m: 0.112727
- UUP_mdd: -0.118191
- UUP_r12m: -0.052772
- UUP_r1m: 0.021443
- UUP_r3m: -0.001612
- UUP_vol3m: 0.056982
- VEA_mdd: -0.019141
- VEA_r12m: 0.356157
- VEA_r1m: -0.012658
- VEA_r3m: 0.034014
- VEA_vol3m: 0.130766
- VNQ_mdd: 0.000000
- VNQ_r12m: 0.399292
- VNQ_r1m: 0.010097
- VNQ_r3m: 0.128736
- VNQ_vol3m: 0.136221
- VWO_mdd: -0.056000
- VWO_r12m: 0.248787
- VWO_r1m: -0.023149
- VWO_r3m: 0.020266
- VWO_vol3m: 0.148060
- cross_vol: 0.099457
Assets: SPY, QQQ, IWM, DIA, EFA, EEM, VEA, VWO, AGG, BND, SHY, IEF, TLT, TIP, LQD, HYG, GLD, SLV, DBC, VNQ, UUP, BIL","{""SPY"":0.019019019,""QQQ"":0.019019019,""IWM"":0.019019019,""DIA"":0.019019019,""EFA"":0.019019019,""EEM"":0.019019019,""VEA"":0.019019019,""VWO"":0.019019019,""AGG"":0.019019019,""BND"":0.019019019,""SHY"":0.019019019,""IEF"":0.019019019,""TLT"":0.019019019,""TIP"":0.019019019,""LQD"":0.019019019,""HYG"":0.019019019,""GLD"":0.019019019,""SLV"":0.019019019,""DBC"":0.019019019,""VNQ"":0.019019019,""UUP"":0.019019019,""BIL"":0.6006006006}","{""SPY"":0.019047619,""QQQ"":0.019047619,""IWM"":0.019047619,""DIA"":0.019047619,""EFA"":0.019047619,""EEM"":0.019047619,""VEA"":0.019047619,""VWO"":0.019047619,""AGG"":0.019047619,""BND"":0.019047619,""SHY"":0.019047619,""IEF"":0.019047619,""TLT"":0.019047619,""TIP"":0.019047619,""LQD"":0.019047619,""HYG"":0.019047619,""GLD"":0.019047619,""SLV"":0.019047619,""DBC"":0.019047619,""VNQ"":0.019047619,""UUP"":0.019047619,""BIL"":0.6}","{""SPY"":0.019047619,""QQQ"":0.019047619,""IWM"":0.019047619,""DIA"":0.019047619,""EFA"":0.019047619,""EEM"":0.019047619,""VEA"":0.019047619,""VWO"":0.019047619,""AGG"":0.019047619,""BND"":0.019047619,""SHY"":0.019047619,""IEF"":0.019047619,""TLT"":0.019047619,""TIP"":0.019047619,""LQD"":0.019047619,""HYG"":0.019047619,""GLD"":0.019047619,""SLV"":0.019047619,""DBC"":0.019047619,""VNQ"":0.019047619,""UUP"":0.019047619,""BIL"":0.6}",0
4fa9e5565d6dc1f7606a11df,p2_reconciliation_v1,B_wfcv_no_fewshot,gemma3:1b,P2,2021-07-09,9,2898,BIL,SPY,SPY,0,0,1.535099724637253,3.3610267347050637e-18,f5e97a47964994a7797ff0d06057dbc2892d9b2dea0ad96ff29f30d69260ff17,3533,e3b0c44298fc1c149afbf4c8996fb92427ae41e4649b934ca495991b7852b855,0,1,0,0,3.6735687499894993,1,"{""weights"": {""SPY"":0.45, ""QQQ"":0.30, ""IWM"":0.18, ""DIA"":0.12, ""EFA"":0.09, ""EEM"":0.07, ""VEA"":0.06, ""VWO"":0.05, ""AGG"":0.04, ""BND"":0.03, ""SHY"":0.02, ""IEF"":0.01, ""TLT"":0.008, ""TIP"":0.006, ""LQD"":0.005, ""HYG"":0.004, ""GLD"":0.003, ""SLV"":0.002, ""DBC"":0.001, ""VNQ"":0.0008, ""UUP"":0.0006, ""BIL"":0.0005}}","You are a DEFENSIVE LOW-VOLATILITY policy profile. Your task is to translate a natural-language risk-averse policy into provisional portfolio weights. Use only the provided feature values, not outside market knowledge. Identify the eligible asset that appears safest, defined by the lowest `_vol3m` value. This is a defensive single-core policy profile, so do not default to equal weights when one asset clearly has the lowest recent volatility. Allocate 60% of the total portfolio weight to this safest asset as the language-level policy target. The hard maximum-weight constraint is 60%. Do not solve the projection yourself; express the language-level target and let the projection layer enforce feasibility before execution. Distribute the remaining weight equally among all other eligible assets. Use only tickers from the provided asset list. Include every eligible ticker exactly once. Return strictly valid JSON only. The `weights` field MUST be a JSON object where keys are tickers and values are numeric portfolio weights expressed as decimals, not percentages.



Current Features:
- AGG_mdd: -0.016513
- AGG_r12m: -0.006502
- AGG_r1m: 0.006925
- AGG_r3m: 0.017528
- AGG_vol3m: 0.029805
- BIL_mdd: -0.001321
- BIL_r12m: -0.000623
- BIL_r1m: 0.000000
- BIL_r3m: -0.000218
- BIL_vol3m: 0.001283
- BND_mdd: -0.017108
- BND_r12m: -0.006027
- BND_r1m: 0.007853
- BND_r3m: 0.019442
- BND_vol3m: 0.030256
- DBC_mdd: -0.383502
- DBC_r12m: 0.519873
- DBC_r1m: -0.004685
- DBC_r3m: 0.139452
- DBC_vol3m: 0.164001
- DIA_mdd: 0.000000
- DIA_r12m: 0.380448
- DIA_r1m: 0.012902
- DIA_r3m: 0.036151
- DIA_vol3m: 0.109793
- EEM_mdd: -0.072041
- EEM_r12m: 0.248634
- EEM_r1m: -0.027054
- EEM_r3m: 0.004379
- EEM_vol3m: 0.152081
- EFA_mdd: -0.020679
- EFA_r12m: 0.320429
- EFA_r1m: -0.012756
- EFA_r3m: 0.034081
- EFA_vol3m: 0.132747
- GLD_mdd: -0.127289
- GLD_r12m: -0.002476
- GLD_r1m: -0.043903
- GLD_r3m: 0.036381
- GLD_vol3m: 0.129250
- HYG_mdd: -0.000682
- HYG_r12m: 0.120042
- HYG_r1m: 0.009869
- HYG_r3m: 0.019350
- HYG_vol3m: 0.028958
- IEF_mdd: -0.047232
- IEF_r12m: -0.039194
- IEF_r1m: 0.009688
- IEF_r3m: 0.026705
- IEF_vol3m: 0.044126
- IWM_mdd: -0.031028
- IWM_r12m: 0.644666
- IWM_r1m: -0.019970
- IWM_r3m: 0.018555
- IWM_vol3m: 0.190282
- LQD_mdd: -0.012431
- LQD_r12m: 0.014912
- LQD_r1m: 0.015902
- LQD_r3m: 0.036793
- LQD_vol3m: 0.052445
- QQQ_mdd: 0.000000
- QQQ_r12m: 0.382795
- QQQ_r1m: 0.072998
- QQQ_r3m: 0.072139
- QQQ_vol3m: 0.152081
- SHY_mdd: -0.001008
- SHY_r12m: 0.000010
- SHY_r1m: -0.000660
- SHY_r3m: 0.000197
- SHY_vol3m: 0.004762
- SLV_mdd: -0.488151
- SLV_r12m: 0.391830
- SLV_r1m: -0.061676
- SLV_r3m: 0.033319
- SLV_vol3m: 0.230044
- SPY_mdd: 0.000000
- SPY_r12m: 0.405963
- SPY_r1m: 0.036274
- SPY_r3m: 0.061860
- SPY_vol3m: 0.109598
- TIP_mdd: -0.001873
- TIP_r12m: 0.060038
- TIP_r1m: 0.011214
- TIP_r3m: 0.036895
- TIP_vol3m: 0.041773
- TLT_mdd: -0.134568
- TLT_r12m: -0.110801
- TLT_r1m: 0.035508
- TLT_r3m: 0.070088
- TLT_vol3m: 0.112727
- UUP_mdd: -0.118191
- UUP_r12m: -0.052772
- UUP_r1m: 0.021443
- UUP_r3m: -0.001612
- UUP_vol3m: 0.056982
- VEA_mdd: -0.019141
- VEA_r12m: 0.356157
- VEA_r1m: -0.012658
- VEA_r3m: 0.034014
- VEA_vol3m: 0.130766
- VNQ_mdd: 0.000000
- VNQ_r12m: 0.399292
- VNQ_r1m: 0.010097
- VNQ_r3m: 0.128736
- VNQ_vol3m: 0.136221
- VWO_mdd: -0.056000
- VWO_r12m: 0.248787
- VWO_r1m: -0.023149
- VWO_r3m: 0.020266
- VWO_vol3m: 0.148060
- cross_vol: 0.099457
Assets: SPY, QQQ, IWM, DIA, EFA, EEM, VEA, VWO, AGG, BND, SHY, IEF, TLT, TIP, LQD, HYG, GLD, SLV, DBC, VNQ, UUP, BIL","{""SPY"":0.3101523193,""QQQ"":0.2067682128,""IWM"":0.1240609277,""DIA"":0.0827072851,""EFA"":0.0620304639,""EEM"":0.0482459163,""VEA"":0.0413536426,""VWO"":0.0344613688,""AGG"":0.027569095,""BND"":0.0206768213,""SHY"":0.0137845475,""IEF"":0.0068922738,""TLT"":0.005513819,""TIP"":0.0041353643,""LQD"":0.0034461369,""HYG"":0.0027569095,""GLD"":0.0020676821,""SLV"":0.0013784548,""DBC"":0.0006892274,""VNQ"":0.0005513819,""UUP"":0.0004135364,""BIL"":0.0003446137}","{""SPY"":0.3101523193,""QQQ"":0.2067682128,""IWM"":0.1240609277,""DIA"":0.0827072851,""EFA"":0.0620304639,""EEM"":0.0482459163,""VEA"":0.0413536426,""VWO"":0.0344613688,""AGG"":0.027569095,""BND"":0.0206768213,""SHY"":0.0137845475,""IEF"":0.0068922738,""TLT"":0.005513819,""TIP"":0.0041353643,""LQD"":0.0034461369,""HYG"":0.0027569095,""GLD"":0.0020676821,""SLV"":0.0013784548,""DBC"":0.0006892274,""VNQ"":0.0005513819,""UUP"":0.0004135364,""BIL"":0.0003446137}","{""SPY"":0.019047619,""QQQ"":0.019047619,""IWM"":0.019047619,""DIA"":0.019047619,""EFA"":0.019047619,""EEM"":0.019047619,""VEA"":0.019047619,""VWO"":0.019047619,""AGG"":0.019047619,""BND"":0.019047619,""SHY"":0.019047619,""IEF"":0.019047619,""TLT"":0.019047619,""TIP"":0.019047619,""LQD"":0.019047619,""HYG"":0.019047619,""GLD"":0.019047619,""SLV"":0.019047619,""DBC"":0.019047619,""VNQ"":0.019047619,""UUP"":0.019047619,""BIL"":0.6}",0
be46718815577041a94429d7,p2_reconciliation_v1,C_bridge_canonical,gemma3:1b,P2,2021-07-09,9,2898,BIL,SPY,SPY,0,0,1.1487179487179484,5.898059818321144e-17,9b2fe23b6315883564c36df74060761e2942075c67c46c21a6cfb7452a5ecf51,3369,e3b0c44298fc1c149afbf4c8996fb92427ae41e4649b934ca495991b7852b855,0,1,0,0,3.826579458997003,1,"{""weights"": {""SPY"": 0.45, ""QQQ"": 0.30, ""IWM"": 0.15, ""DIA"": 0.10, ""EFA"": 0.10, ""EEM"": 0.05, ""VEA"": 0.05, ""VWO"": 0.05, ""AGG"": 0.05, ""BND"": 0.05, ""SHY"": 0.05, ""IEF"": 0.05, ""TLT"": 0.05, ""TIP"": 0.05, ""LQD"": 0.05, ""HYG"": 0.05, ""GLD"": 0.05, ""SLV"": 0.05, ""DBC"": 0.05, ""VNQ"": 0.05, ""UUP"": 0.05, ""BIL"": 0.05}}","You are a DEFENSIVE LOW-VOLATILITY policy profile. Use only the provided feature values. Strongly favor the eligible asset with the lowest `_vol3m` value. Allocate 60.0% of total portfolio weight to that target asset as the language-level policy target. Distribute the remaining weight equally among all other eligible assets. Include every eligible ticker exactly once. Return strictly valid JSON only with a `weights` object whose values are decimals, not percentages.
Hard constraints for the execution layer: long-only weights, weights sum to one, maximum single-asset weight 0.60, and turnover cap 0.25. You propose weights; deterministic projection will enforce final feasibility.

Current Features:
- SPY_r1m: 0.03627371
- SPY_r3m: 0.06186007
- SPY_r12m: 0.40596347
- SPY_vol3m: 0.10959836
- SPY_mdd: 0.00000000
- QQQ_r1m: 0.07299844
- QQQ_r3m: 0.07213908
- QQQ_r12m: 0.38279495
- QQQ_vol3m: 0.15208071
- QQQ_mdd: 0.00000000
- IWM_r1m: -0.01997025
- IWM_r3m: 0.01855463
- IWM_r12m: 0.64466642
- IWM_vol3m: 0.19028172
- IWM_mdd: -0.03102791
- DIA_r1m: 0.01290212
- DIA_r3m: 0.03615125
- DIA_r12m: 0.38044759
- DIA_vol3m: 0.10979345
- DIA_mdd: 0.00000000
- EFA_r1m: -0.01275620
- EFA_r3m: 0.03408064
- EFA_r12m: 0.32042936
- EFA_vol3m: 0.13274664
- EFA_mdd: -0.02067937
- EEM_r1m: -0.02705361
- EEM_r3m: 0.00437872
- EEM_r12m: 0.24863350
- EEM_vol3m: 0.15208144
- EEM_mdd: -0.07204139
- VEA_r1m: -0.01265769
- VEA_r3m: 0.03401439
- VEA_r12m: 0.35615671
- VEA_vol3m: 0.13076643
- VEA_mdd: -0.01914124
- VWO_r1m: -0.02314949
- VWO_r3m: 0.02026609
- VWO_r12m: 0.24878718
- VWO_vol3m: 0.14806041
- VWO_mdd: -0.05600013
- AGG_r1m: 0.00692520
- AGG_r3m: 0.01752819
- AGG_r12m: -0.00650180
- AGG_vol3m: 0.02980541
- AGG_mdd: -0.01651255
- BND_r1m: 0.00785259
- BND_r3m: 0.01944236
- BND_r12m: -0.00602708
- BND_vol3m: 0.03025640
- BND_mdd: -0.01710804
- SHY_r1m: -0.00066046
- SHY_r3m: 0.00019702
- SHY_r12m: 0.00000966
- SHY_vol3m: 0.00476194
- SHY_mdd: -0.00100777
- IEF_r1m: 0.00968784
- IEF_r3m: 0.02670470
- IEF_r12m: -0.03919384
- IEF_vol3m: 0.04412577
- IEF_mdd: -0.04723152
- TLT_r1m: 0.03550794
- TLT_r3m: 0.07008838
- TLT_r12m: -0.11080143
- TLT_vol3m: 0.11272680
- TLT_mdd: -0.13456773
- TIP_r1m: 0.01121366
- TIP_r3m: 0.03689450
- TIP_r12m: 0.06003761
- TIP_vol3m: 0.04177344
- TIP_mdd: -0.00187250
- LQD_r1m: 0.01590232
- LQD_r3m: 0.03679265
- LQD_r12m: 0.01491170
- LQD_vol3m: 0.05244517
- LQD_mdd: -0.01243100
- HYG_r1m: 0.00986875
- HYG_r3m: 0.01935047
- HYG_r12m: 0.12004181
- HYG_vol3m: 0.02895798
- HYG_mdd: -0.00068161
- GLD_r1m: -0.04390320
- GLD_r3m: 0.03638147
- GLD_r12m: -0.00247597
- GLD_vol3m: 0.12925006
- GLD_mdd: -0.12728863
- SLV_r1m: -0.06167572
- SLV_r3m: 0.03331912
- SLV_r12m: 0.39182979
- SLV_vol3m: 0.23004441
- SLV_mdd: -0.48815063
- DBC_r1m: -0.00468503
- DBC_r3m: 0.13945175
- DBC_r12m: 0.51987291
- DBC_vol3m: 0.16400064
- DBC_mdd: -0.38350215
- VNQ_r1m: 0.01009689
- VNQ_r3m: 0.12873558
- VNQ_r12m: 0.39929224
- VNQ_vol3m: 0.13622112
- VNQ_mdd: 0.00000000
- UUP_r1m: 0.02144336
- UUP_r3m: -0.00161220
- UUP_r12m: -0.05277238
- UUP_vol3m: 0.05698162
- UUP_mdd: -0.11819145
- BIL_r1m: 0.00000000
- BIL_r3m: -0.00021835
- BIL_r12m: -0.00062252
- BIL_vol3m: 0.00128324
- BIL_mdd: -0.00132071
- cross_vol: 0.09945651

Assets: SPY, QQQ, IWM, DIA, EFA, EEM, VEA, VWO, AGG, BND, SHY, IEF, TLT, TIP, LQD, HYG, GLD, SLV, DBC, VNQ, UUP, BIL","{""SPY"":0.2307692308,""QQQ"":0.1538461538,""IWM"":0.0769230769,""DIA"":0.0512820513,""EFA"":0.0512820513,""EEM"":0.0256410256,""VEA"":0.0256410256,""VWO"":0.0256410256,""AGG"":0.0256410256,""BND"":0.0256410256,""SHY"":0.0256410256,""IEF"":0.0256410256,""TLT"":0.0256410256,""TIP"":0.0256410256,""LQD"":0.0256410256,""HYG"":0.0256410256,""GLD"":0.0256410256,""SLV"":0.0256410256,""DBC"":0.0256410256,""VNQ"":0.0256410256,""UUP"":0.0256410256,""BIL"":0.0256410256}","{""SPY"":0.2307692308,""QQQ"":0.1538461538,""IWM"":0.0769230769,""DIA"":0.0512820513,""EFA"":0.0512820513,""EEM"":0.0256410256,""VEA"":0.0256410256,""VWO"":0.0256410256,""AGG"":0.0256410256,""BND"":0.0256410256,""SHY"":0.0256410256,""IEF"":0.0256410256,""TLT"":0.0256410256,""TIP"":0.0256410256,""LQD"":0.0256410256,""HYG"":0.0256410256,""GLD"":0.0256410256,""SLV"":0.0256410256,""DBC"":0.0256410256,""VNQ"":0.0256410256,""UUP"":0.0256410256,""BIL"":0.0256410256}","{""SPY"":0.019047619,""QQQ"":0.019047619,""IWM"":0.019047619,""DIA"":0.019047619,""EFA"":0.019047619,""EEM"":0.019047619,""VEA"":0.019047619,""VWO"":0.019047619,""AGG"":0.019047619,""BND"":0.019047619,""SHY"":0.019047619,""IEF"":0.019047619,""TLT"":0.019047619,""TIP"":0.019047619,""LQD"":0.019047619,""HYG"":0.019047619,""GLD"":0.019047619,""SLV"":0.019047619,""DBC"":0.019047619,""VNQ"":0.019047619,""UUP"":0.019047619,""BIL"":0.6}",0
455512781ff7c2053fc3decd,p2_reconciliation_v1,A_wfcv_exact,llama3.1:8b,P2,2021-07-09,9,2898,BIL,BIL,BIL,1,1,0.0,0.0012012012012015266,8231d76b4ec87d3643ae4746a30f6dd4d5119e973eac7e2312321257b8c060d8,5945,0c486dcc8b84342fb4cdde63596cc7f2329bfb21cae879d57c67768a7e347a8f,2412,1,0,0,23.853352749996702,1,"{
  ""weights"": {
    ""SPY"": 0.019,
    ""QQQ"": 0.019,
    ""IWM"": 0.019,
    ""DIA"": 0.019,
    ""EFA"": 0.019,
    ""EEM"": 0.019,
    ""VEA"": 0.019,
    ""VWO"": 0.019,
    ""AGG"": 0.019,
    ""BND"": 0.019,
    ""SHY"": 0.019,
    ""IEF"": 0.019,
    ""TLT"": 0.019,
    ""TIP"": 0.019,
    ""LQD"": 0.019,
    ""HYG"": 0.019,
    ""GLD"": 0.019,
    ""SLV"": 0.019,
    ""DBC"": 0.019,
    ""VNQ"": 0.019,
    ""UUP"": 0.019,
    ""BIL"": 0.6
  }
}","You are a DEFENSIVE LOW-VOLATILITY policy profile. Your task is to translate a natural-language risk-averse policy into provisional portfolio weights. Use only the provided feature values, not outside market knowledge. Identify the eligible asset that appears safest, defined by the lowest `_vol3m` value. This is a defensive single-core policy profile, so do not default to equal weights when one asset clearly has the lowest recent volatility. Allocate 60% of the total portfolio weight to this safest asset as the language-level policy target. The hard maximum-weight constraint is 60%. Do not solve the projection yourself; express the language-level target and let the projection layer enforce feasibility before execution. Distribute the remaining weight equally among all other eligible assets. Use only tickers from the provided asset list. Include every eligible ticker exactly once. Return strictly valid JSON only. The `weights` field MUST be a JSON object where keys are tickers and values are numeric portfolio weights expressed as decimals, not percentages.

### EXAMPLE 1
Features:
- AGG_mdd: -0.021496
- AGG_r12m: -0.016336
- AGG_r1m: -0.007499
- AGG_r3m: 0.000287
- AGG_vol3m: 0.021307
- BIL_mdd: 0.000000
- BIL_r12m: 0.013922
- BIL_r1m: 0.001399
- BIL_r3m: 0.004380
- BIL_vol3m: 0.001959
- BND_mdd: -0.020215
- BND_r12m: -0.014373
TargetWeights(JSON): {""SPY"": 0.019, ""QQQ"": 0.019, ""IWM"": 0.019, ""DIA"": 0.019, ""EFA"": 0.019, ""EEM"": 0.019, ""VEA"": 0.019, ""VWO"": 0.019, ""AGG"": 0.019, ""BND"": 0.019, ""SHY"": 0.019, ""IEF"": 0.019, ""TLT"": 0.019, ""TIP"": 0.019, ""LQD"": 0.019, ""HYG"": 0.019, ""GLD"": 0.019, ""SLV"": 0.019, ""DBC"": 0.019, ""VNQ"": 0.019, ""UUP"": 0.019, ""BIL"": 0.6}
### EXAMPLE 2
Features:
- AGG_mdd: -0.007978
- AGG_r12m: 0.074135
- AGG_r1m: 0.006360
- AGG_r3m: 0.026146
- AGG_vol3m: 0.027953
- BIL_mdd: 0.000000
- BIL_r12m: 0.021492
- BIL_r1m: 0.002024
- BIL_r3m: 0.005972
- BIL_vol3m: 0.001849
- BND_mdd: -0.008536
- BND_r12m: 0.071805
TargetWeights(JSON): {""SPY"": 0.019, ""QQQ"": 0.019, ""IWM"": 0.019, ""DIA"": 0.019, ""EFA"": 0.019, ""EEM"": 0.019, ""VEA"": 0.019, ""VWO"": 0.019, ""AGG"": 0.019, ""BND"": 0.019, ""SHY"": 0.019, ""IEF"": 0.019, ""TLT"": 0.019, ""TIP"": 0.019, ""LQD"": 0.019, ""HYG"": 0.019, ""GLD"": 0.019, ""SLV"": 0.019, ""DBC"": 0.019, ""VNQ"": 0.019, ""UUP"": 0.019, ""BIL"": 0.6}
### EXAMPLE 3
Features:
- AGG_mdd: -0.008570
- AGG_r12m: 0.022343
- AGG_r1m: 0.007021
- AGG_r3m: 0.012624
- AGG_vol3m: 0.034413
- BIL_mdd: -0.003881
- BIL_r12m: -0.001312
- BIL_r1m: -0.000220
- BIL_r3m: -0.000220
- BIL_vol3m: 0.002458
- BND_mdd: -0.010948
- BND_r12m: 0.021203
TargetWeights(JSON): {""SPY"": 0.019, ""QQQ"": 0.019, ""IWM"": 0.019, ""DIA"": 0.019, ""EFA"": 0.019, ""EEM"": 0.019, ""VEA"": 0.019, ""VWO"": 0.019, ""AGG"": 0.019, ""BND"": 0.019, ""SHY"": 0.019, ""IEF"": 0.019, ""TLT"": 0.019, ""TIP"": 0.019, ""LQD"": 0.019, ""HYG"": 0.019, ""GLD"": 0.019, ""SLV"": 0.019, ""DBC"": 0.019, ""VNQ"": 0.019, ""UUP"": 0.019, ""BIL"": 0.6}
### EXAMPLE 4
Features:
- AGG_mdd: -0.005052
- AGG_r12m: 0.029180
- AGG_r1m: 0.003088
- AGG_r3m: 0.014293
- AGG_vol3m: 0.023832
- BIL_mdd: -0.002137
- BIL_r12m: -0.000655
- BIL_r1m: 0.000000
- BIL_r3m: 0.000000
- BIL_vol3m: 0.002249
- BND_mdd: -0.005475
- BND_r12m: 0.029315
TargetWeights(JSON): {""SPY"": 0.019, ""QQQ"": 0.019, ""IWM"": 0.019, ""DIA"": 0.019, ""EFA"": 0.019, ""EEM"": 0.019, ""VEA"": 0.019, ""VWO"": 0.019, ""AGG"": 0.019, ""BND"": 0.019, ""SHY"": 0.019, ""IEF"": 0.019, ""TLT"": 0.019, ""TIP"": 0.019, ""LQD"": 0.019, ""HYG"": 0.019, ""GLD"": 0.019, ""SLV"": 0.019, ""DBC"": 0.019, ""VNQ"": 0.019, ""UUP"": 0.019, ""BIL"": 0.6}

Current Features:
- AGG_mdd: -0.016513
- AGG_r12m: -0.006502
- AGG_r1m: 0.006925
- AGG_r3m: 0.017528
- AGG_vol3m: 0.029805
- BIL_mdd: -0.001321
- BIL_r12m: -0.000623
- BIL_r1m: 0.000000
- BIL_r3m: -0.000218
- BIL_vol3m: 0.001283
- BND_mdd: -0.017108
- BND_r12m: -0.006027
- BND_r1m: 0.007853
- BND_r3m: 0.019442
- BND_vol3m: 0.030256
- DBC_mdd: -0.383502
- DBC_r12m: 0.519873
- DBC_r1m: -0.004685
- DBC_r3m: 0.139452
- DBC_vol3m: 0.164001
- DIA_mdd: 0.000000
- DIA_r12m: 0.380448
- DIA_r1m: 0.012902
- DIA_r3m: 0.036151
- DIA_vol3m: 0.109793
- EEM_mdd: -0.072041
- EEM_r12m: 0.248634
- EEM_r1m: -0.027054
- EEM_r3m: 0.004379
- EEM_vol3m: 0.152081
- EFA_mdd: -0.020679
- EFA_r12m: 0.320429
- EFA_r1m: -0.012756
- EFA_r3m: 0.034081
- EFA_vol3m: 0.132747
- GLD_mdd: -0.127289
- GLD_r12m: -0.002476
- GLD_r1m: -0.043903
- GLD_r3m: 0.036381
- GLD_vol3m: 0.129250
- HYG_mdd: -0.000682
- HYG_r12m: 0.120042
- HYG_r1m: 0.009869
- HYG_r3m: 0.019350
- HYG_vol3m: 0.028958
- IEF_mdd: -0.047232
- IEF_r12m: -0.039194
- IEF_r1m: 0.009688
- IEF_r3m: 0.026705
- IEF_vol3m: 0.044126
- IWM_mdd: -0.031028
- IWM_r12m: 0.644666
- IWM_r1m: -0.019970
- IWM_r3m: 0.018555
- IWM_vol3m: 0.190282
- LQD_mdd: -0.012431
- LQD_r12m: 0.014912
- LQD_r1m: 0.015902
- LQD_r3m: 0.036793
- LQD_vol3m: 0.052445
- QQQ_mdd: 0.000000
- QQQ_r12m: 0.382795
- QQQ_r1m: 0.072998
- QQQ_r3m: 0.072139
- QQQ_vol3m: 0.152081
- SHY_mdd: -0.001008
- SHY_r12m: 0.000010
- SHY_r1m: -0.000660
- SHY_r3m: 0.000197
- SHY_vol3m: 0.004762
- SLV_mdd: -0.488151
- SLV_r12m: 0.391830
- SLV_r1m: -0.061676
- SLV_r3m: 0.033319
- SLV_vol3m: 0.230044
- SPY_mdd: 0.000000
- SPY_r12m: 0.405963
- SPY_r1m: 0.036274
- SPY_r3m: 0.061860
- SPY_vol3m: 0.109598
- TIP_mdd: -0.001873
- TIP_r12m: 0.060038
- TIP_r1m: 0.011214
- TIP_r3m: 0.036895
- TIP_vol3m: 0.041773
- TLT_mdd: -0.134568
- TLT_r12m: -0.110801
- TLT_r1m: 0.035508
- TLT_r3m: 0.070088
- TLT_vol3m: 0.112727
- UUP_mdd: -0.118191
- UUP_r12m: -0.052772
- UUP_r1m: 0.021443
- UUP_r3m: -0.001612
- UUP_vol3m: 0.056982
- VEA_mdd: -0.019141
- VEA_r12m: 0.356157
- VEA_r1m: -0.012658
- VEA_r3m: 0.034014
- VEA_vol3m: 0.130766
- VNQ_mdd: 0.000000
- VNQ_r12m: 0.399292
- VNQ_r1m: 0.010097
- VNQ_r3m: 0.128736
- VNQ_vol3m: 0.136221
- VWO_mdd: -0.056000
- VWO_r12m: 0.248787
- VWO_r1m: -0.023149
- VWO_r3m: 0.020266
- VWO_vol3m: 0.148060
- cross_vol: 0.099457
Assets: SPY, QQQ, IWM, DIA, EFA, EEM, VEA, VWO, AGG, BND, SHY, IEF, TLT, TIP, LQD, HYG, GLD, SLV, DBC, VNQ, UUP, BIL","{""SPY"":0.019019019,""QQQ"":0.019019019,""IWM"":0.019019019,""DIA"":0.019019019,""EFA"":0.019019019,""EEM"":0.019019019,""VEA"":0.019019019,""VWO"":0.019019019,""AGG"":0.019019019,""BND"":0.019019019,""SHY"":0.019019019,""IEF"":0.019019019,""TLT"":0.019019019,""TIP"":0.019019019,""LQD"":0.019019019,""HYG"":0.019019019,""GLD"":0.019019019,""SLV"":0.019019019,""DBC"":0.019019019,""VNQ"":0.019019019,""UUP"":0.019019019,""BIL"":0.6006006006}","{""SPY"":0.019047619,""QQQ"":0.019047619,""IWM"":0.019047619,""DIA"":0.019047619,""EFA"":0.019047619,""EEM"":0.019047619,""VEA"":0.019047619,""VWO"":0.019047619,""AGG"":0.019047619,""BND"":0.019047619,""SHY"":0.019047619,""IEF"":0.019047619,""TLT"":0.019047619,""TIP"":0.019047619,""LQD"":0.019047619,""HYG"":0.019047619,""GLD"":0.019047619,""SLV"":0.019047619,""DBC"":0.019047619,""VNQ"":0.019047619,""UUP"":0.019047619,""BIL"":0.6}","{""SPY"":0.019047619,""QQQ"":0.019047619,""IWM"":0.019047619,""DIA"":0.019047619,""EFA"":0.019047619,""EEM"":0.019047619,""VEA"":0.019047619,""VWO"":0.019047619,""AGG"":0.019047619,""BND"":0.019047619,""SHY"":0.019047619,""IEF"":0.019047619,""TLT"":0.019047619,""TIP"":0.019047619,""LQD"":0.019047619,""HYG"":0.019047619,""GLD"":0.019047619,""SLV"":0.019047619,""DBC"":0.019047619,""VNQ"":0.019047619,""UUP"":0.019047619,""BIL"":0.6}",0
39b5914cd94358bf4aa30acf,p2_reconciliation_v1,B_wfcv_no_fewshot,llama3.1:8b,P2,2021-07-09,9,2898,BIL,SPY,SPY,0,0,1.1428571428571426,6.591949208711867e-17,f5e97a47964994a7797ff0d06057dbc2892d9b2dea0ad96ff29f30d69260ff17,3533,e3b0c44298fc1c149afbf4c8996fb92427ae41e4649b934ca495991b7852b855,0,1,0,0,16.211952666999423,1,"{
  ""weights"": {
    ""SPY"": 0.6,
    ""QQQ"": 0.1,
    ""IWM"": 0.1,
    ""DIA"": 0.05,
    ""EFA"": 0.05,
    ""EEM"": 0.05,
    ""VEA"": 0.05,
    ""VWO"": 0.05,
    ""AGG"": 0.05,
    ""BND"": 0.05,
    ""SHY"": 0.05,
    ""IEF"": 0.05,
    ""TLT"": 0.05,
    ""TIP"": 0.05,
    ""LQD"": 0.05,
    ""HYG"": 0.05,
    ""GLD"": 0.05,
    ""SLV"": 0.05,
    ""DBC"": 0.05,
    ""VNQ"": 0.05,
    ""UUP"": 0.05,
    ""BIL"": 0.05
  }
}","You are a DEFENSIVE LOW-VOLATILITY policy profile. Your task is to translate a natural-language risk-averse policy into provisional portfolio weights. Use only the provided feature values, not outside market knowledge. Identify the eligible asset that appears safest, defined by the lowest `_vol3m` value. This is a defensive single-core policy profile, so do not default to equal weights when one asset clearly has the lowest recent volatility. Allocate 60% of the total portfolio weight to this safest asset as the language-level policy target. The hard maximum-weight constraint is 60%. Do not solve the projection yourself; express the language-level target and let the projection layer enforce feasibility before execution. Distribute the remaining weight equally among all other eligible assets. Use only tickers from the provided asset list. Include every eligible ticker exactly once. Return strictly valid JSON only. The `weights` field MUST be a JSON object where keys are tickers and values are numeric portfolio weights expressed as decimals, not percentages.



Current Features:
- AGG_mdd: -0.016513
- AGG_r12m: -0.006502
- AGG_r1m: 0.006925
- AGG_r3m: 0.017528
- AGG_vol3m: 0.029805
- BIL_mdd: -0.001321
- BIL_r12m: -0.000623
- BIL_r1m: 0.000000
- BIL_r3m: -0.000218
- BIL_vol3m: 0.001283
- BND_mdd: -0.017108
- BND_r12m: -0.006027
- BND_r1m: 0.007853
- BND_r3m: 0.019442
- BND_vol3m: 0.030256
- DBC_mdd: -0.383502
- DBC_r12m: 0.519873
- DBC_r1m: -0.004685
- DBC_r3m: 0.139452
- DBC_vol3m: 0.164001
- DIA_mdd: 0.000000
- DIA_r12m: 0.380448
- DIA_r1m: 0.012902
- DIA_r3m: 0.036151
- DIA_vol3m: 0.109793
- EEM_mdd: -0.072041
- EEM_r12m: 0.248634
- EEM_r1m: -0.027054
- EEM_r3m: 0.004379
- EEM_vol3m: 0.152081
- EFA_mdd: -0.020679
- EFA_r12m: 0.320429
- EFA_r1m: -0.012756
- EFA_r3m: 0.034081
- EFA_vol3m: 0.132747
- GLD_mdd: -0.127289
- GLD_r12m: -0.002476
- GLD_r1m: -0.043903
- GLD_r3m: 0.036381
- GLD_vol3m: 0.129250
- HYG_mdd: -0.000682
- HYG_r12m: 0.120042
- HYG_r1m: 0.009869
- HYG_r3m: 0.019350
- HYG_vol3m: 0.028958
- IEF_mdd: -0.047232
- IEF_r12m: -0.039194
- IEF_r1m: 0.009688
- IEF_r3m: 0.026705
- IEF_vol3m: 0.044126
- IWM_mdd: -0.031028
- IWM_r12m: 0.644666
- IWM_r1m: -0.019970
- IWM_r3m: 0.018555
- IWM_vol3m: 0.190282
- LQD_mdd: -0.012431
- LQD_r12m: 0.014912
- LQD_r1m: 0.015902
- LQD_r3m: 0.036793
- LQD_vol3m: 0.052445
- QQQ_mdd: 0.000000
- QQQ_r12m: 0.382795
- QQQ_r1m: 0.072998
- QQQ_r3m: 0.072139
- QQQ_vol3m: 0.152081
- SHY_mdd: -0.001008
- SHY_r12m: 0.000010
- SHY_r1m: -0.000660
- SHY_r3m: 0.000197
- SHY_vol3m: 0.004762
- SLV_mdd: -0.488151
- SLV_r12m: 0.391830
- SLV_r1m: -0.061676
- SLV_r3m: 0.033319
- SLV_vol3m: 0.230044
- SPY_mdd: 0.000000
- SPY_r12m: 0.405963
- SPY_r1m: 0.036274
- SPY_r3m: 0.061860
- SPY_vol3m: 0.109598
- TIP_mdd: -0.001873
- TIP_r12m: 0.060038
- TIP_r1m: 0.011214
- TIP_r3m: 0.036895
- TIP_vol3m: 0.041773
- TLT_mdd: -0.134568
- TLT_r12m: -0.110801
- TLT_r1m: 0.035508
- TLT_r3m: 0.070088
- TLT_vol3m: 0.112727
- UUP_mdd: -0.118191
- UUP_r12m: -0.052772
- UUP_r1m: 0.021443
- UUP_r3m: -0.001612
- UUP_vol3m: 0.056982
- VEA_mdd: -0.019141
- VEA_r12m: 0.356157
- VEA_r1m: -0.012658
- VEA_r3m: 0.034014
- VEA_vol3m: 0.130766
- VNQ_mdd: 0.000000
- VNQ_r12m: 0.399292
- VNQ_r1m: 0.010097
- VNQ_r3m: 0.128736
- VNQ_vol3m: 0.136221
- VWO_mdd: -0.056000
- VWO_r12m: 0.248787
- VWO_r1m: -0.023149
- VWO_r3m: 0.020266
- VWO_vol3m: 0.148060
- cross_vol: 0.099457
Assets: SPY, QQQ, IWM, DIA, EFA, EEM, VEA, VWO, AGG, BND, SHY, IEF, TLT, TIP, LQD, HYG, GLD, SLV, DBC, VNQ, UUP, BIL","{""SPY"":0.3428571429,""QQQ"":0.0571428571,""IWM"":0.0571428571,""DIA"":0.0285714286,""EFA"":0.0285714286,""EEM"":0.0285714286,""VEA"":0.0285714286,""VWO"":0.0285714286,""AGG"":0.0285714286,""BND"":0.0285714286,""SHY"":0.0285714286,""IEF"":0.0285714286,""TLT"":0.0285714286,""TIP"":0.0285714286,""LQD"":0.0285714286,""HYG"":0.0285714286,""GLD"":0.0285714286,""SLV"":0.0285714286,""DBC"":0.0285714286,""VNQ"":0.0285714286,""UUP"":0.0285714286,""BIL"":0.0285714286}","{""SPY"":0.3428571429,""QQQ"":0.0571428571,""IWM"":0.0571428571,""DIA"":0.0285714286,""EFA"":0.0285714286,""EEM"":0.0285714286,""VEA"":0.0285714286,""VWO"":0.0285714286,""AGG"":0.0285714286,""BND"":0.0285714286,""SHY"":0.0285714286,""IEF"":0.0285714286,""TLT"":0.0285714286,""TIP"":0.0285714286,""LQD"":0.0285714286,""HYG"":0.0285714286,""GLD"":0.0285714286,""SLV"":0.0285714286,""DBC"":0.0285714286,""VNQ"":0.0285714286,""UUP"":0.0285714286,""BIL"":0.0285714286}","{""SPY"":0.019047619,""QQQ"":0.019047619,""IWM"":0.019047619,""DIA"":0.019047619,""EFA"":0.019047619,""EEM"":0.019047619,""VEA"":0.019047619,""VWO"":0.019047619,""AGG"":0.019047619,""BND"":0.019047619,""SHY"":0.019047619,""IEF"":0.019047619,""TLT"":0.019047619,""TIP"":0.019047619,""LQD"":0.019047619,""HYG"":0.019047619,""GLD"":0.019047619,""SLV"":0.019047619,""DBC"":0.019047619,""VNQ"":0.019047619,""UUP"":0.019047619,""BIL"":0.6}",0
0c8528bdcf82e954e297371b,p2_reconciliation_v1,C_bridge_canonical,llama3.1:8b,P2,2021-07-09,9,2898,BIL,SPY,SPY,0,0,1.3878918401531464,1.1188966420050406e-16,9b2fe23b6315883564c36df74060761e2942075c67c46c21a6cfb7452a5ecf51,3369,e3b0c44298fc1c149afbf4c8996fb92427ae41e4649b934ca495991b7852b855,0,1,0,0,17.689751749989227,1,"{
  ""weights"": {
    ""SPY"": 0.6,
    ""QQQ"": 0.1,
    ""IWM"": 0.1,
    ""DIA"": 0.05,
    ""EFA"": 0.05,
    ""EEM"": 0.05,
    ""VEA"": 0.05,
    ""VWO"": 0.05,
    ""AGG"": 0.025,
    ""BND"": 0.025,
    ""SHY"": 0.0125,
    ""IEF"": 0.0125,
    ""TLT"": 0.0125,
    ""TIP"": 0.0125,
    ""LQD"": 0.0125,
    ""HYG"": 0.0125,
    ""GLD"": 0.0125,
    ""SLV"": 0.0125,
    ""DBC"": 0.0125,
    ""VNQ"": 0.0125,
    ""UUP"": 0.0125,
    ""BIL"": 0.00625
  }
}","You are a DEFENSIVE LOW-VOLATILITY policy profile. Use only the provided feature values. Strongly favor the eligible asset with the lowest `_vol3m` value. Allocate 60.0% of total portfolio weight to that target asset as the language-level policy target. Distribute the remaining weight equally among all other eligible assets. Include every eligible ticker exactly once. Return strictly valid JSON only with a `weights` object whose values are decimals, not percentages.
Hard constraints for the execution layer: long-only weights, weights sum to one, maximum single-asset weight 0.60, and turnover cap 0.25. You propose weights; deterministic projection will enforce final feasibility.

Current Features:
- SPY_r1m: 0.03627371
- SPY_r3m: 0.06186007
- SPY_r12m: 0.40596347
- SPY_vol3m: 0.10959836
- SPY_mdd: 0.00000000
- QQQ_r1m: 0.07299844
- QQQ_r3m: 0.07213908
- QQQ_r12m: 0.38279495
- QQQ_vol3m: 0.15208071
- QQQ_mdd: 0.00000000
- IWM_r1m: -0.01997025
- IWM_r3m: 0.01855463
- IWM_r12m: 0.64466642
- IWM_vol3m: 0.19028172
- IWM_mdd: -0.03102791
- DIA_r1m: 0.01290212
- DIA_r3m: 0.03615125
- DIA_r12m: 0.38044759
- DIA_vol3m: 0.10979345
- DIA_mdd: 0.00000000
- EFA_r1m: -0.01275620
- EFA_r3m: 0.03408064
- EFA_r12m: 0.32042936
- EFA_vol3m: 0.13274664
- EFA_mdd: -0.02067937
- EEM_r1m: -0.02705361
- EEM_r3m: 0.00437872
- EEM_r12m: 0.24863350
- EEM_vol3m: 0.15208144
- EEM_mdd: -0.07204139
- VEA_r1m: -0.01265769
- VEA_r3m: 0.03401439
- VEA_r12m: 0.35615671
- VEA_vol3m: 0.13076643
- VEA_mdd: -0.01914124
- VWO_r1m: -0.02314949
- VWO_r3m: 0.02026609
- VWO_r12m: 0.24878718
- VWO_vol3m: 0.14806041
- VWO_mdd: -0.05600013
- AGG_r1m: 0.00692520
- AGG_r3m: 0.01752819
- AGG_r12m: -0.00650180
- AGG_vol3m: 0.02980541
- AGG_mdd: -0.01651255
- BND_r1m: 0.00785259
- BND_r3m: 0.01944236
- BND_r12m: -0.00602708
- BND_vol3m: 0.03025640
- BND_mdd: -0.01710804
- SHY_r1m: -0.00066046
- SHY_r3m: 0.00019702
- SHY_r12m: 0.00000966
- SHY_vol3m: 0.00476194
- SHY_mdd: -0.00100777
- IEF_r1m: 0.00968784
- IEF_r3m: 0.02670470
- IEF_r12m: -0.03919384
- IEF_vol3m: 0.04412577
- IEF_mdd: -0.04723152
- TLT_r1m: 0.03550794
- TLT_r3m: 0.07008838
- TLT_r12m: -0.11080143
- TLT_vol3m: 0.11272680
- TLT_mdd: -0.13456773
- TIP_r1m: 0.01121366
- TIP_r3m: 0.03689450
- TIP_r12m: 0.06003761
- TIP_vol3m: 0.04177344
- TIP_mdd: -0.00187250
- LQD_r1m: 0.01590232
- LQD_r3m: 0.03679265
- LQD_r12m: 0.01491170
- LQD_vol3m: 0.05244517
- LQD_mdd: -0.01243100
- HYG_r1m: 0.00986875
- HYG_r3m: 0.01935047
- HYG_r12m: 0.12004181
- HYG_vol3m: 0.02895798
- HYG_mdd: -0.00068161
- GLD_r1m: -0.04390320
- GLD_r3m: 0.03638147
- GLD_r12m: -0.00247597
- GLD_vol3m: 0.12925006
- GLD_mdd: -0.12728863
- SLV_r1m: -0.06167572
- SLV_r3m: 0.03331912
- SLV_r12m: 0.39182979
- SLV_vol3m: 0.23004441
- SLV_mdd: -0.48815063
- DBC_r1m: -0.00468503
- DBC_r3m: 0.13945175
- DBC_r12m: 0.51987291
- DBC_vol3m: 0.16400064
- DBC_mdd: -0.38350215
- VNQ_r1m: 0.01009689
- VNQ_r3m: 0.12873558
- VNQ_r12m: 0.39929224
- VNQ_vol3m: 0.13622112
- VNQ_mdd: 0.00000000
- UUP_r1m: 0.02144336
- UUP_r3m: -0.00161220
- UUP_r12m: -0.05277238
- UUP_vol3m: 0.05698162
- UUP_mdd: -0.11819145
- BIL_r1m: 0.00000000
- BIL_r3m: -0.00021835
- BIL_r12m: -0.00062252
- BIL_vol3m: 0.00128324
- BIL_mdd: -0.00132071
- cross_vol: 0.09945651

Assets: SPY, QQQ, IWM, DIA, EFA, EEM, VEA, VWO, AGG, BND, SHY, IEF, TLT, TIP, LQD, HYG, GLD, SLV, DBC, VNQ, UUP, BIL","{""SPY"":0.4824120603,""QQQ"":0.0804020101,""IWM"":0.0804020101,""DIA"":0.040201005,""EFA"":0.040201005,""EEM"":0.040201005,""VEA"":0.040201005,""VWO"":0.040201005,""AGG"":0.0201005025,""BND"":0.0201005025,""SHY"":0.0100502513,""IEF"":0.0100502513,""TLT"":0.0100502513,""TIP"":0.0100502513,""LQD"":0.0100502513,""HYG"":0.0100502513,""GLD"":0.0100502513,""SLV"":0.0100502513,""DBC"":0.0100502513,""VNQ"":0.0100502513,""UUP"":0.0100502513,""BIL"":0.0050251256}","{""SPY"":0.4824120603,""QQQ"":0.0804020101,""IWM"":0.0804020101,""DIA"":0.040201005,""EFA"":0.040201005,""EEM"":0.040201005,""VEA"":0.040201005,""VWO"":0.040201005,""AGG"":0.0201005025,""BND"":0.0201005025,""SHY"":0.0100502513,""IEF"":0.0100502513,""TLT"":0.0100502513,""TIP"":0.0100502513,""LQD"":0.0100502513,""HYG"":0.0100502513,""GLD"":0.0100502513,""SLV"":0.0100502513,""DBC"":0.0100502513,""VNQ"":0.0100502513,""UUP"":0.0100502513,""BIL"":0.0050251256}","{""SPY"":0.019047619,""QQQ"":0.019047619,""IWM"":0.019047619,""DIA"":0.019047619,""EFA"":0.019047619,""EEM"":0.019047619,""VEA"":0.019047619,""VWO"":0.019047619,""AGG"":0.019047619,""BND"":0.019047619,""SHY"":0.019047619,""IEF"":0.019047619,""TLT"":0.019047619,""TIP"":0.019047619,""LQD"":0.019047619,""HYG"":0.019047619,""GLD"":0.019047619,""SLV"":0.019047619,""DBC"":0.019047619,""VNQ"":0.019047619,""UUP"":0.019047619,""BIL"":0.6}",0
8af933d75cc96571dcaef381,p2_reconciliation_v1,A_wfcv_exact,gemma3:270m,P2,2023-09-11,11,3444,BIL,BIL,BIL,1,1,0.0,0.0012012012012015266,3805ae53f4812cc12499799c69e39d401e124cd5584c8b7470d24b1078b99232,5960,0fd424b75a5ab67b380017c3a6dd556f0b817931bf694ebca579773a6410145a,2410,1,0,0,1.9918857500015292,1,"{""weights"": {""SPY"": 0.019, ""QQQ"": 0.019, ""IWM"": 0.019, ""DIA"": 0.019, ""EFA"": 0.019, ""EEM"": 0.019, ""VEA"": 0.019, ""VWO"": 0.019, ""AGG"": 0.019, ""BND"": 0.019, ""SHY"": 0.019, ""IEF"": 0.019, ""TLT"": 0.019, ""TIP"": 0.019, ""LQD"": 0.019, ""HYG"": 0.019, ""GLD"": 0.019, ""SLV"": 0.019, ""DBC"": 0.019, ""VNQ"": 0.019, ""UUP"": 0.019, ""BIL"": 0.6}}","You are a DEFENSIVE LOW-VOLATILITY policy profile. Your task is to translate a natural-language risk-averse policy into provisional portfolio weights. Use only the provided feature values, not outside market knowledge. Identify the eligible asset that appears safest, defined by the lowest `_vol3m` value. This is a defensive single-core policy profile, so do not default to equal weights when one asset clearly has the lowest recent volatility. Allocate 60% of the total portfolio weight to this safest asset as the language-level policy target. The hard maximum-weight constraint is 60%. Do not solve the projection yourself; express the language-level target and let the projection layer enforce feasibility before execution. Distribute the remaining weight equally among all other eligible assets. Use only tickers from the provided asset list. Include every eligible ticker exactly once. Return strictly valid JSON only. The `weights` field MUST be a JSON object where keys are tickers and values are numeric portfolio weights expressed as decimals, not percentages.

### EXAMPLE 1
Features:
- AGG_mdd: -0.001604
- AGG_r12m: 0.000000
- AGG_r1m: 0.012451
- AGG_r3m: 0.020362
- AGG_vol3m: 0.035033
- BIL_mdd: -0.000436
- BIL_r12m: 0.000000
- BIL_r1m: 0.000000
- BIL_r3m: 0.000218
- BIL_vol3m: 0.003201
- BND_mdd: -0.002605
- BND_r12m: 0.000000
TargetWeights(JSON): {""SPY"": 0.019, ""QQQ"": 0.019, ""IWM"": 0.019, ""DIA"": 0.019, ""EFA"": 0.019, ""EEM"": 0.019, ""VEA"": 0.019, ""VWO"": 0.019, ""AGG"": 0.019, ""BND"": 0.019, ""SHY"": 0.019, ""IEF"": 0.019, ""TLT"": 0.019, ""TIP"": 0.019, ""LQD"": 0.019, ""HYG"": 0.019, ""GLD"": 0.019, ""SLV"": 0.019, ""DBC"": 0.019, ""VNQ"": 0.019, ""UUP"": 0.019, ""BIL"": 0.6}
### EXAMPLE 2
Features:
- AGG_mdd: -0.006534
- AGG_r12m: 0.005103
- AGG_r1m: 0.001254
- AGG_r3m: 0.003531
- AGG_vol3m: 0.023616
- BIL_mdd: 0.000000
- BIL_r12m: 0.005153
- BIL_r1m: 0.000480
- BIL_r3m: 0.002342
- BIL_vol3m: 0.003015
- BND_mdd: -0.007401
- BND_r12m: 0.008450
TargetWeights(JSON): {""SPY"": 0.019, ""QQQ"": 0.019, ""IWM"": 0.019, ""DIA"": 0.019, ""EFA"": 0.019, ""EEM"": 0.019, ""VEA"": 0.019, ""VWO"": 0.019, ""AGG"": 0.019, ""BND"": 0.019, ""SHY"": 0.019, ""IEF"": 0.019, ""TLT"": 0.019, ""TIP"": 0.019, ""LQD"": 0.019, ""HYG"": 0.019, ""GLD"": 0.019, ""SLV"": 0.019, ""DBC"": 0.019, ""VNQ"": 0.019, ""UUP"": 0.019, ""BIL"": 0.6}
### EXAMPLE 3
Features:
- AGG_mdd: -0.118538
- AGG_r12m: -0.105797
- AGG_r1m: -0.021664
- AGG_r3m: -0.017161
- AGG_vol3m: 0.083806
- BIL_mdd: 0.000000
- BIL_r12m: 0.002880
- BIL_r1m: 0.001719
- BIL_r3m: 0.002419
- BIL_vol3m: 0.002262
- BND_mdd: -0.121412
- BND_r12m: -0.107728
TargetWeights(JSON): {""SPY"": 0.019, ""QQQ"": 0.019, ""IWM"": 0.019, ""DIA"": 0.019, ""EFA"": 0.019, ""EEM"": 0.019, ""VEA"": 0.019, ""VWO"": 0.019, ""AGG"": 0.019, ""BND"": 0.019, ""SHY"": 0.019, ""IEF"": 0.019, ""TLT"": 0.019, ""TIP"": 0.019, ""LQD"": 0.019, ""HYG"": 0.019, ""GLD"": 0.019, ""SLV"": 0.019, ""DBC"": 0.019, ""VNQ"": 0.019, ""UUP"": 0.019, ""BIL"": 0.6}
### EXAMPLE 4
Features:
- AGG_mdd: -0.026557
- AGG_r12m: 0.082544
- AGG_r1m: -0.004361
- AGG_r3m: 0.026467
- AGG_vol3m: 0.158628
- BIL_mdd: -0.000218
- BIL_r12m: 0.019830
- BIL_r1m: 0.002483
- BIL_r3m: 0.004765
- BIL_vol3m: 0.002267
- BND_mdd: -0.031265
- BND_r12m: 0.080057
TargetWeights(JSON): {""SPY"": 0.019, ""QQQ"": 0.019, ""IWM"": 0.019, ""DIA"": 0.019, ""EFA"": 0.019, ""EEM"": 0.019, ""VEA"": 0.019, ""VWO"": 0.019, ""AGG"": 0.019, ""BND"": 0.019, ""SHY"": 0.019, ""IEF"": 0.019, ""TLT"": 0.019, ""TIP"": 0.019, ""LQD"": 0.019, ""HYG"": 0.019, ""GLD"": 0.019, ""SLV"": 0.019, ""DBC"": 0.019, ""VNQ"": 0.019, ""UUP"": 0.019, ""BIL"": 0.6}

Current Features:
- AGG_mdd: -0.143435
- AGG_r12m: -0.012526
- AGG_r1m: -0.004590
- AGG_r3m: -0.015620
- AGG_vol3m: 0.064718
- BIL_mdd: 0.000000
- BIL_r12m: 0.042742
- BIL_r1m: 0.004099
- BIL_r3m: 0.012873
- BIL_vol3m: 0.002530
- BND_mdd: -0.145317
- BND_r12m: -0.011762
- BND_r1m: -0.005398
- BND_r3m: -0.015093
- BND_vol3m: 0.063103
- DBC_mdd: -0.182231
- DBC_r12m: 0.027226
- DBC_r1m: 0.030241
- DBC_r3m: 0.112533
- DBC_vol3m: 0.130471
- DIA_mdd: -0.025239
- DIA_r12m: 0.113455
- DIA_r1m: -0.011384
- DIA_r3m: 0.028485
- DIA_vol3m: 0.091052
- EEM_mdd: -0.288810
- EEM_r12m: 0.043430
- EEM_r1m: -0.023910
- EEM_r3m: -0.016809
- EEM_vol3m: 0.161425
- EFA_mdd: -0.077416
- EFA_r12m: 0.194188
- EFA_r1m: -0.020655
- EFA_r3m: -0.005593
- EFA_vol3m: 0.129524
- GLD_mdd: -0.079839
- GLD_r12m: 0.122217
- GLD_r1m: 0.004561
- GLD_r3m: -0.019941
- GLD_vol3m: 0.086042
- HYG_mdd: -0.062608
- HYG_r12m: 0.048594
- HYG_r1m: 0.002137
- HYG_r3m: 0.015327
- HYG_vol3m: 0.061379
- IEF_mdd: -0.203700
- IEF_r12m: -0.038390
- IEF_r1m: -0.011002
- IEF_r3m: -0.029792
- IEF_vol3m: 0.079867
- IWM_mdd: -0.221603
- IWM_r12m: 0.019939
- IWM_r1m: -0.033347
- IWM_r3m: -0.003621
- IWM_vol3m: 0.147028
- LQD_mdd: -0.180466
- LQD_r12m: 0.005193
- LQD_r1m: -0.004910
- LQD_r3m: -0.010937
- LQD_vol3m: 0.089072
- QQQ_mdd: -0.056068
- QQQ_r12m: 0.263336
- QQQ_r1m: 0.022736
- QQQ_r3m: 0.064844
- QQQ_vol3m: 0.162037
- SHY_mdd: -0.031299
- SHY_r12m: 0.010918
- SHY_r1m: 0.001058
- SHY_r3m: 0.003390
- SHY_vol3m: 0.018937
- SLV_mdd: -0.552264
- SLV_r12m: 0.242513
- SLV_r1m: 0.015843
- SLV_r3m: -0.049843
- SLV_vol3m: 0.247233
- SPY_mdd: -0.038823
- SPY_r12m: 0.138351
- SPY_r1m: 0.005696
- SPY_r3m: 0.047024
- SPY_vol3m: 0.103992
- TIP_mdd: -0.119506
- TIP_r12m: -0.028804
- TIP_r1m: -0.002532
- TIP_r3m: -0.010893
- TIP_vol3m: 0.061206
- TLT_mdd: -0.417216
- TLT_r12m: -0.105922
- TLT_r1m: -0.016937
- TLT_r3m: -0.072948
- TLT_vol3m: 0.153745
- UUP_mdd: -0.039879
- UUP_r12m: 0.001596
- UUP_r1m: 0.023851
- UUP_r3m: 0.024930
- UUP_vol3m: 0.064440
- VEA_mdd: -0.094258
- VEA_r12m: 0.172328
- VEA_r1m: -0.018974
- VEA_r3m: -0.004112
- VEA_vol3m: 0.130682
- VNQ_mdd: -0.254837
- VNQ_r12m: -0.098631
- VNQ_r1m: -0.019351
- VNQ_r3m: -0.002040
- VNQ_vol3m: 0.135694
- VWO_mdd: -0.226770
- VWO_r12m: 0.041034
- VWO_r1m: -0.018585
- VWO_r3m: 0.000521
- VWO_vol3m: 0.151569
- cross_vol: 0.106170
Assets: SPY, QQQ, IWM, DIA, EFA, EEM, VEA, VWO, AGG, BND, SHY, IEF, TLT, TIP, LQD, HYG, GLD, SLV, DBC, VNQ, UUP, BIL","{""SPY"":0.019019019,""QQQ"":0.019019019,""IWM"":0.019019019,""DIA"":0.019019019,""EFA"":0.019019019,""EEM"":0.019019019,""VEA"":0.019019019,""VWO"":0.019019019,""AGG"":0.019019019,""BND"":0.019019019,""SHY"":0.019019019,""IEF"":0.019019019,""TLT"":0.019019019,""TIP"":0.019019019,""LQD"":0.019019019,""HYG"":0.019019019,""GLD"":0.019019019,""SLV"":0.019019019,""DBC"":0.019019019,""VNQ"":0.019019019,""UUP"":0.019019019,""BIL"":0.6006006006}","{""SPY"":0.019047619,""QQQ"":0.019047619,""IWM"":0.019047619,""DIA"":0.019047619,""EFA"":0.019047619,""EEM"":0.019047619,""VEA"":0.019047619,""VWO"":0.019047619,""AGG"":0.019047619,""BND"":0.019047619,""SHY"":0.019047619,""IEF"":0.019047619,""TLT"":0.019047619,""TIP"":0.019047619,""LQD"":0.019047619,""HYG"":0.019047619,""GLD"":0.019047619,""SLV"":0.019047619,""DBC"":0.019047619,""VNQ"":0.019047619,""UUP"":0.019047619,""BIL"":0.6}","{""SPY"":0.019047619,""QQQ"":0.019047619,""IWM"":0.019047619,""DIA"":0.019047619,""EFA"":0.019047619,""EEM"":0.019047619,""VEA"":0.019047619,""VWO"":0.019047619,""AGG"":0.019047619,""BND"":0.019047619,""SHY"":0.019047619,""IEF"":0.019047619,""TLT"":0.019047619,""TIP"":0.019047619,""LQD"":0.019047619,""HYG"":0.019047619,""GLD"":0.019047619,""SLV"":0.019047619,""DBC"":0.019047619,""VNQ"":0.019047619,""UUP"":0.019047619,""BIL"":0.6}",0
5c15c73823299776adbc5b79,p2_reconciliation_v1,B_wfcv_no_fewshot,gemma3:270m,P2,2023-09-11,11,3444,BIL,SPY,SPY,0,0,1.1090909090909091,3.0531133177191805e-16,7f0c50e9e1c6bdc90c8ead43bb73d96fd85dfc2c8ac371fd3de9d27ed3231e6d,3550,e3b0c44298fc1c149afbf4c8996fb92427ae41e4649b934ca495991b7852b855,0,1,0,0,1.417262834002031,1,"{""weights"": {""SPY"": 60, ""QQQ"": 60, ""IWM"": 60, ""DIA"": 60, ""EFA"": 60, ""EEM"": 60, ""VEA"": 60, ""VWO"": 60, ""AGG"": 60, ""BND"": 60, ""SHY"": 60, ""IEF"": 60, ""TLT"": 60, ""TIP"": 60, ""LQD"": 60, ""HYG"": 60, ""GLD"": 60, ""SLV"": 60, ""DBC"": 60, ""VNQ"": 60, ""UUP"": 60, ""BIL"": 60}}","You are a DEFENSIVE LOW-VOLATILITY policy profile. Your task is to translate a natural-language risk-averse policy into provisional portfolio weights. Use only the provided feature values, not outside market knowledge. Identify the eligible asset that appears safest, defined by the lowest `_vol3m` value. This is a defensive single-core policy profile, so do not default to equal weights when one asset clearly has the lowest recent volatility. Allocate 60% of the total portfolio weight to this safest asset as the language-level policy target. The hard maximum-weight constraint is 60%. Do not solve the projection yourself; express the language-level target and let the projection layer enforce feasibility before execution. Distribute the remaining weight equally among all other eligible assets. Use only tickers from the provided asset list. Include every eligible ticker exactly once. Return strictly valid JSON only. The `weights` field MUST be a JSON object where keys are tickers and values are numeric portfolio weights expressed as decimals, not percentages.



Current Features:
- AGG_mdd: -0.143435
- AGG_r12m: -0.012526
- AGG_r1m: -0.004590
- AGG_r3m: -0.015620
- AGG_vol3m: 0.064718
- BIL_mdd: 0.000000
- BIL_r12m: 0.042742
- BIL_r1m: 0.004099
- BIL_r3m: 0.012873
- BIL_vol3m: 0.002530
- BND_mdd: -0.145317
- BND_r12m: -0.011762
- BND_r1m: -0.005398
- BND_r3m: -0.015093
- BND_vol3m: 0.063103
- DBC_mdd: -0.182231
- DBC_r12m: 0.027226
- DBC_r1m: 0.030241
- DBC_r3m: 0.112533
- DBC_vol3m: 0.130471
- DIA_mdd: -0.025239
- DIA_r12m: 0.113455
- DIA_r1m: -0.011384
- DIA_r3m: 0.028485
- DIA_vol3m: 0.091052
- EEM_mdd: -0.288810
- EEM_r12m: 0.043430
- EEM_r1m: -0.023910
- EEM_r3m: -0.016809
- EEM_vol3m: 0.161425
- EFA_mdd: -0.077416
- EFA_r12m: 0.194188
- EFA_r1m: -0.020655
- EFA_r3m: -0.005593
- EFA_vol3m: 0.129524
- GLD_mdd: -0.079839
- GLD_r12m: 0.122217
- GLD_r1m: 0.004561
- GLD_r3m: -0.019941
- GLD_vol3m: 0.086042
- HYG_mdd: -0.062608
- HYG_r12m: 0.048594
- HYG_r1m: 0.002137
- HYG_r3m: 0.015327
- HYG_vol3m: 0.061379
- IEF_mdd: -0.203700
- IEF_r12m: -0.038390
- IEF_r1m: -0.011002
- IEF_r3m: -0.029792
- IEF_vol3m: 0.079867
- IWM_mdd: -0.221603
- IWM_r12m: 0.019939
- IWM_r1m: -0.033347
- IWM_r3m: -0.003621
- IWM_vol3m: 0.147028
- LQD_mdd: -0.180466
- LQD_r12m: 0.005193
- LQD_r1m: -0.004910
- LQD_r3m: -0.010937
- LQD_vol3m: 0.089072
- QQQ_mdd: -0.056068
- QQQ_r12m: 0.263336
- QQQ_r1m: 0.022736
- QQQ_r3m: 0.064844
- QQQ_vol3m: 0.162037
- SHY_mdd: -0.031299
- SHY_r12m: 0.010918
- SHY_r1m: 0.001058
- SHY_r3m: 0.003390
- SHY_vol3m: 0.018937
- SLV_mdd: -0.552264
- SLV_r12m: 0.242513
- SLV_r1m: 0.015843
- SLV_r3m: -0.049843
- SLV_vol3m: 0.247233
- SPY_mdd: -0.038823
- SPY_r12m: 0.138351
- SPY_r1m: 0.005696
- SPY_r3m: 0.047024
- SPY_vol3m: 0.103992
- TIP_mdd: -0.119506
- TIP_r12m: -0.028804
- TIP_r1m: -0.002532
- TIP_r3m: -0.010893
- TIP_vol3m: 0.061206
- TLT_mdd: -0.417216
- TLT_r12m: -0.105922
- TLT_r1m: -0.016937
- TLT_r3m: -0.072948
- TLT_vol3m: 0.153745
- UUP_mdd: -0.039879
- UUP_r12m: 0.001596
- UUP_r1m: 0.023851
- UUP_r3m: 0.024930
- UUP_vol3m: 0.064440
- VEA_mdd: -0.094258
- VEA_r12m: 0.172328
- VEA_r1m: -0.018974
- VEA_r3m: -0.004112
- VEA_vol3m: 0.130682
- VNQ_mdd: -0.254837
- VNQ_r12m: -0.098631
- VNQ_r1m: -0.019351
- VNQ_r3m: -0.002040
- VNQ_vol3m: 0.135694
- VWO_mdd: -0.226770
- VWO_r12m: 0.041034
- VWO_r1m: -0.018585
- VWO_r3m: 0.000521
- VWO_vol3m: 0.151569
- cross_vol: 0.106170
Assets: SPY, QQQ, IWM, DIA, EFA, EEM, VEA, VWO, AGG, BND, SHY, IEF, TLT, TIP, LQD, HYG, GLD, SLV, DBC, VNQ, UUP, BIL","{""SPY"":0.0454545455,""QQQ"":0.0454545455,""IWM"":0.0454545455,""DIA"":0.0454545455,""EFA"":0.0454545455,""EEM"":0.0454545455,""VEA"":0.0454545455,""VWO"":0.0454545455,""AGG"":0.0454545455,""BND"":0.0454545455,""SHY"":0.0454545455,""IEF"":0.0454545455,""TLT"":0.0454545455,""TIP"":0.0454545455,""LQD"":0.0454545455,""HYG"":0.0454545455,""GLD"":0.0454545455,""SLV"":0.0454545455,""DBC"":0.0454545455,""VNQ"":0.0454545455,""UUP"":0.0454545455,""BIL"":0.0454545455}","{""SPY"":0.0454545455,""QQQ"":0.0454545455,""IWM"":0.0454545455,""DIA"":0.0454545455,""EFA"":0.0454545455,""EEM"":0.0454545455,""VEA"":0.0454545455,""VWO"":0.0454545455,""AGG"":0.0454545455,""BND"":0.0454545455,""SHY"":0.0454545455,""IEF"":0.0454545455,""TLT"":0.0454545455,""TIP"":0.0454545455,""LQD"":0.0454545455,""HYG"":0.0454545455,""GLD"":0.0454545455,""SLV"":0.0454545455,""DBC"":0.0454545455,""VNQ"":0.0454545455,""UUP"":0.0454545455,""BIL"":0.0454545455}","{""SPY"":0.019047619,""QQQ"":0.019047619,""IWM"":0.019047619,""DIA"":0.019047619,""EFA"":0.019047619,""EEM"":0.019047619,""VEA"":0.019047619,""VWO"":0.019047619,""AGG"":0.019047619,""BND"":0.019047619,""SHY"":0.019047619,""IEF"":0.019047619,""TLT"":0.019047619,""TIP"":0.019047619,""LQD"":0.019047619,""HYG"":0.019047619,""GLD"":0.019047619,""SLV"":0.019047619,""DBC"":0.019047619,""VNQ"":0.019047619,""UUP"":0.019047619,""BIL"":0.6}",0
4a991eb3575110dfb64a6817,p2_reconciliation_v1,C_bridge_canonical,gemma3:270m,P2,2023-09-11,11,3444,BIL,SPY,SPY,0,0,1.1090909090909091,3.0531133177191805e-16,028a1a31b39c1bdebdad0195c16b365ef970092c9af8004957b5ee0482634d0f,3386,e3b0c44298fc1c149afbf4c8996fb92427ae41e4649b934ca495991b7852b855,0,1,0,0,1.657818749998114,1,"{""weights"": {""SPY"": 60.0, ""QQQ"": 60.0, ""IWM"": 60.0, ""DIA"": 60.0, ""EFA"": 60.0, ""EEM"": 60.0, ""VEA"": 60.0, ""VWO"": 60.0, ""AGG"": 60.0, ""BND"": 60.0, ""SHY"": 60.0, ""IEF"": 60.0, ""TLT"": 60.0, ""TIP"": 60.0, ""LQD"": 60.0, ""HYG"": 60.0, ""GLD"": 60.0, ""SLV"": 60.0, ""DBC"": 60.0, ""VNQ"": 60.0, ""UUP"": 60.0, ""BIL"": 60.0}}","You are a DEFENSIVE LOW-VOLATILITY policy profile. Use only the provided feature values. Strongly favor the eligible asset with the lowest `_vol3m` value. Allocate 60.0% of total portfolio weight to that target asset as the language-level policy target. Distribute the remaining weight equally among all other eligible assets. Include every eligible ticker exactly once. Return strictly valid JSON only with a `weights` object whose values are decimals, not percentages.
Hard constraints for the execution layer: long-only weights, weights sum to one, maximum single-asset weight 0.60, and turnover cap 0.25. You propose weights; deterministic projection will enforce final feasibility.

Current Features:
- SPY_r1m: 0.00569612
- SPY_r3m: 0.04702445
- SPY_r12m: 0.13835120
- SPY_vol3m: 0.10399171
- SPY_mdd: -0.03882279
- QQQ_r1m: 0.02273551
- QQQ_r3m: 0.06484366
- QQQ_r12m: 0.26333584
- QQQ_vol3m: 0.16203650
- QQQ_mdd: -0.05606787
- IWM_r1m: -0.03334739
- IWM_r3m: -0.00362120
- IWM_r12m: 0.01993928
- IWM_vol3m: 0.14702838
- IWM_mdd: -0.22160315
- DIA_r1m: -0.01138387
- DIA_r3m: 0.02848537
- DIA_r12m: 0.11345471
- DIA_vol3m: 0.09105170
- DIA_mdd: -0.02523901
- EFA_r1m: -0.02065540
- EFA_r3m: -0.00559275
- EFA_r12m: 0.19418752
- EFA_vol3m: 0.12952373
- EFA_mdd: -0.07741644
- EEM_r1m: -0.02391031
- EEM_r3m: -0.01680877
- EEM_r12m: 0.04343026
- EEM_vol3m: 0.16142521
- EEM_mdd: -0.28881038
- VEA_r1m: -0.01897368
- VEA_r3m: -0.00411247
- VEA_r12m: 0.17232841
- VEA_vol3m: 0.13068193
- VEA_mdd: -0.09425788
- VWO_r1m: -0.01858547
- VWO_r3m: 0.00052070
- VWO_r12m: 0.04103385
- VWO_vol3m: 0.15156854
- VWO_mdd: -0.22676992
- AGG_r1m: -0.00459015
- AGG_r3m: -0.01562039
- AGG_r12m: -0.01252595
- AGG_vol3m: 0.06471834
- AGG_mdd: -0.14343519
- BND_r1m: -0.00539789
- BND_r3m: -0.01509265
- BND_r12m: -0.01176249
- BND_vol3m: 0.06310293
- BND_mdd: -0.14531705
- SHY_r1m: 0.00105763
- SHY_r3m: 0.00339027
- SHY_r12m: 0.01091808
- SHY_vol3m: 0.01893656
- SHY_mdd: -0.03129865
- IEF_r1m: -0.01100199
- IEF_r3m: -0.02979233
- IEF_r12m: -0.03839013
- IEF_vol3m: 0.07986738
- IEF_mdd: -0.20369988
- TLT_r1m: -0.01693674
- TLT_r3m: -0.07294770
- TLT_r12m: -0.10592150
- TLT_vol3m: 0.15374491
- TLT_mdd: -0.41721582
- TIP_r1m: -0.00253172
- TIP_r3m: -0.01089258
- TIP_r12m: -0.02880446
- TIP_vol3m: 0.06120607
- TIP_mdd: -0.11950648
- LQD_r1m: -0.00490964
- LQD_r3m: -0.01093674
- LQD_r12m: 0.00519280
- LQD_vol3m: 0.08907237
- LQD_mdd: -0.18046643
- HYG_r1m: 0.00213716
- HYG_r3m: 0.01532696
- HYG_r12m: 0.04859415
- HYG_vol3m: 0.06137915
- HYG_mdd: -0.06260778
- GLD_r1m: 0.00456080
- GLD_r3m: -0.01994062
- GLD_r12m: 0.12221668
- GLD_vol3m: 0.08604235
- GLD_mdd: -0.07983906
- SLV_r1m: 0.01584253
- SLV_r3m: -0.04984286
- SLV_r12m: 0.24251315
- SLV_vol3m: 0.24723280
- SLV_mdd: -0.55226406
- DBC_r1m: 0.03024107
- DBC_r3m: 0.11253306
- DBC_r12m: 0.02722626
- DBC_vol3m: 0.13047107
- DBC_mdd: -0.18223065
- VNQ_r1m: -0.01935101
- VNQ_r3m: -0.00204045
- VNQ_r12m: -0.09863132
- VNQ_vol3m: 0.13569408
- VNQ_mdd: -0.25483659
- UUP_r1m: 0.02385122
- UUP_r3m: 0.02492979
- UUP_r12m: 0.00159589
- UUP_vol3m: 0.06443964
- UUP_mdd: -0.03987879
- BIL_r1m: 0.00409926
- BIL_r3m: 0.01287267
- BIL_r12m: 0.04274172
- BIL_vol3m: 0.00252981
- BIL_mdd: 0.00000000
- cross_vol: 0.10617023

Assets: SPY, QQQ, IWM, DIA, EFA, EEM, VEA, VWO, AGG, BND, SHY, IEF, TLT, TIP, LQD, HYG, GLD, SLV, DBC, VNQ, UUP, BIL","{""SPY"":0.0454545455,""QQQ"":0.0454545455,""IWM"":0.0454545455,""DIA"":0.0454545455,""EFA"":0.0454545455,""EEM"":0.0454545455,""VEA"":0.0454545455,""VWO"":0.0454545455,""AGG"":0.0454545455,""BND"":0.0454545455,""SHY"":0.0454545455,""IEF"":0.0454545455,""TLT"":0.0454545455,""TIP"":0.0454545455,""LQD"":0.0454545455,""HYG"":0.0454545455,""GLD"":0.0454545455,""SLV"":0.0454545455,""DBC"":0.0454545455,""VNQ"":0.0454545455,""UUP"":0.0454545455,""BIL"":0.0454545455}","{""SPY"":0.0454545455,""QQQ"":0.0454545455,""IWM"":0.0454545455,""DIA"":0.0454545455,""EFA"":0.0454545455,""EEM"":0.0454545455,""VEA"":0.0454545455,""VWO"":0.0454545455,""AGG"":0.0454545455,""BND"":0.0454545455,""SHY"":0.0454545455,""IEF"":0.0454545455,""TLT"":0.0454545455,""TIP"":0.0454545455,""LQD"":0.0454545455,""HYG"":0.0454545455,""GLD"":0.0454545455,""SLV"":0.0454545455,""DBC"":0.0454545455,""VNQ"":0.0454545455,""UUP"":0.0454545455,""BIL"":0.0454545455}","{""SPY"":0.019047619,""QQQ"":0.019047619,""IWM"":0.019047619,""DIA"":0.019047619,""EFA"":0.019047619,""EEM"":0.019047619,""VEA"":0.019047619,""VWO"":0.019047619,""AGG"":0.019047619,""BND"":0.019047619,""SHY"":0.019047619,""IEF"":0.019047619,""TLT"":0.019047619,""TIP"":0.019047619,""LQD"":0.019047619,""HYG"":0.019047619,""GLD"":0.019047619,""SLV"":0.019047619,""DBC"":0.019047619,""VNQ"":0.019047619,""UUP"":0.019047619,""BIL"":0.6}",0
c692446dbb2efc42df76161f,p2_reconciliation_v1,A_wfcv_exact,gemma3:1b,P2,2023-09-11,11,3444,BIL,BIL,BIL,1,1,0.0,0.0012012012012015266,3805ae53f4812cc12499799c69e39d401e124cd5584c8b7470d24b1078b99232,5960,0fd424b75a5ab67b380017c3a6dd556f0b817931bf694ebca579773a6410145a,2410,1,0,0,4.891086957999505,1,"{""weights"": {""SPY"": 0.019, ""QQQ"": 0.019, ""IWM"": 0.019, ""DIA"": 0.019, ""EFA"": 0.019, ""EEM"": 0.019, ""VEA"": 0.019, ""VWO"": 0.019, ""AGG"": 0.019, ""BND"": 0.019, ""SHY"": 0.019, ""IEF"": 0.019, ""TLT"": 0.019, ""TIP"": 0.019, ""LQD"": 0.019, ""HYG"": 0.019, ""GLD"": 0.019, ""SLV"": 0.019, ""DBC"": 0.019, ""VNQ"": 0.019, ""UUP"": 0.019, ""BIL"": 0.6}}","You are a DEFENSIVE LOW-VOLATILITY policy profile. Your task is to translate a natural-language risk-averse policy into provisional portfolio weights. Use only the provided feature values, not outside market knowledge. Identify the eligible asset that appears safest, defined by the lowest `_vol3m` value. This is a defensive single-core policy profile, so do not default to equal weights when one asset clearly has the lowest recent volatility. Allocate 60% of the total portfolio weight to this safest asset as the language-level policy target. The hard maximum-weight constraint is 60%. Do not solve the projection yourself; express the language-level target and let the projection layer enforce feasibility before execution. Distribute the remaining weight equally among all other eligible assets. Use only tickers from the provided asset list. Include every eligible ticker exactly once. Return strictly valid JSON only. The `weights` field MUST be a JSON object where keys are tickers and values are numeric portfolio weights expressed as decimals, not percentages.

### EXAMPLE 1
Features:
- AGG_mdd: -0.001604
- AGG_r12m: 0.000000
- AGG_r1m: 0.012451
- AGG_r3m: 0.020362
- AGG_vol3m: 0.035033
- BIL_mdd: -0.000436
- BIL_r12m: 0.000000
- BIL_r1m: 0.000000
- BIL_r3m: 0.000218
- BIL_vol3m: 0.003201
- BND_mdd: -0.002605
- BND_r12m: 0.000000
TargetWeights(JSON): {""SPY"": 0.019, ""QQQ"": 0.019, ""IWM"": 0.019, ""DIA"": 0.019, ""EFA"": 0.019, ""EEM"": 0.019, ""VEA"": 0.019, ""VWO"": 0.019, ""AGG"": 0.019, ""BND"": 0.019, ""SHY"": 0.019, ""IEF"": 0.019, ""TLT"": 0.019, ""TIP"": 0.019, ""LQD"": 0.019, ""HYG"": 0.019, ""GLD"": 0.019, ""SLV"": 0.019, ""DBC"": 0.019, ""VNQ"": 0.019, ""UUP"": 0.019, ""BIL"": 0.6}
### EXAMPLE 2
Features:
- AGG_mdd: -0.006534
- AGG_r12m: 0.005103
- AGG_r1m: 0.001254
- AGG_r3m: 0.003531
- AGG_vol3m: 0.023616
- BIL_mdd: 0.000000
- BIL_r12m: 0.005153
- BIL_r1m: 0.000480
- BIL_r3m: 0.002342
- BIL_vol3m: 0.003015
- BND_mdd: -0.007401
- BND_r12m: 0.008450
TargetWeights(JSON): {""SPY"": 0.019, ""QQQ"": 0.019, ""IWM"": 0.019, ""DIA"": 0.019, ""EFA"": 0.019, ""EEM"": 0.019, ""VEA"": 0.019, ""VWO"": 0.019, ""AGG"": 0.019, ""BND"": 0.019, ""SHY"": 0.019, ""IEF"": 0.019, ""TLT"": 0.019, ""TIP"": 0.019, ""LQD"": 0.019, ""HYG"": 0.019, ""GLD"": 0.019, ""SLV"": 0.019, ""DBC"": 0.019, ""VNQ"": 0.019, ""UUP"": 0.019, ""BIL"": 0.6}
### EXAMPLE 3
Features:
- AGG_mdd: -0.118538
- AGG_r12m: -0.105797
- AGG_r1m: -0.021664
- AGG_r3m: -0.017161
- AGG_vol3m: 0.083806
- BIL_mdd: 0.000000
- BIL_r12m: 0.002880
- BIL_r1m: 0.001719
- BIL_r3m: 0.002419
- BIL_vol3m: 0.002262
- BND_mdd: -0.121412
- BND_r12m: -0.107728
TargetWeights(JSON): {""SPY"": 0.019, ""QQQ"": 0.019, ""IWM"": 0.019, ""DIA"": 0.019, ""EFA"": 0.019, ""EEM"": 0.019, ""VEA"": 0.019, ""VWO"": 0.019, ""AGG"": 0.019, ""BND"": 0.019, ""SHY"": 0.019, ""IEF"": 0.019, ""TLT"": 0.019, ""TIP"": 0.019, ""LQD"": 0.019, ""HYG"": 0.019, ""GLD"": 0.019, ""SLV"": 0.019, ""DBC"": 0.019, ""VNQ"": 0.019, ""UUP"": 0.019, ""BIL"": 0.6}
### EXAMPLE 4
Features:
- AGG_mdd: -0.026557
- AGG_r12m: 0.082544
- AGG_r1m: -0.004361
- AGG_r3m: 0.026467
- AGG_vol3m: 0.158628
- BIL_mdd: -0.000218
- BIL_r12m: 0.019830
- BIL_r1m: 0.002483
- BIL_r3m: 0.004765
- BIL_vol3m: 0.002267
- BND_mdd: -0.031265
- BND_r12m: 0.080057
TargetWeights(JSON): {""SPY"": 0.019, ""QQQ"": 0.019, ""IWM"": 0.019, ""DIA"": 0.019, ""EFA"": 0.019, ""EEM"": 0.019, ""VEA"": 0.019, ""VWO"": 0.019, ""AGG"": 0.019, ""BND"": 0.019, ""SHY"": 0.019, ""IEF"": 0.019, ""TLT"": 0.019, ""TIP"": 0.019, ""LQD"": 0.019, ""HYG"": 0.019, ""GLD"": 0.019, ""SLV"": 0.019, ""DBC"": 0.019, ""VNQ"": 0.019, ""UUP"": 0.019, ""BIL"": 0.6}

Current Features:
- AGG_mdd: -0.143435
- AGG_r12m: -0.012526
- AGG_r1m: -0.004590
- AGG_r3m: -0.015620
- AGG_vol3m: 0.064718
- BIL_mdd: 0.000000
- BIL_r12m: 0.042742
- BIL_r1m: 0.004099
- BIL_r3m: 0.012873
- BIL_vol3m: 0.002530
- BND_mdd: -0.145317
- BND_r12m: -0.011762
- BND_r1m: -0.005398
- BND_r3m: -0.015093
- BND_vol3m: 0.063103
- DBC_mdd: -0.182231
- DBC_r12m: 0.027226
- DBC_r1m: 0.030241
- DBC_r3m: 0.112533
- DBC_vol3m: 0.130471
- DIA_mdd: -0.025239
- DIA_r12m: 0.113455
- DIA_r1m: -0.011384
- DIA_r3m: 0.028485
- DIA_vol3m: 0.091052
- EEM_mdd: -0.288810
- EEM_r12m: 0.043430
- EEM_r1m: -0.023910
- EEM_r3m: -0.016809
- EEM_vol3m: 0.161425
- EFA_mdd: -0.077416
- EFA_r12m: 0.194188
- EFA_r1m: -0.020655
- EFA_r3m: -0.005593
- EFA_vol3m: 0.129524
- GLD_mdd: -0.079839
- GLD_r12m: 0.122217
- GLD_r1m: 0.004561
- GLD_r3m: -0.019941
- GLD_vol3m: 0.086042
- HYG_mdd: -0.062608
- HYG_r12m: 0.048594
- HYG_r1m: 0.002137
- HYG_r3m: 0.015327
- HYG_vol3m: 0.061379
- IEF_mdd: -0.203700
- IEF_r12m: -0.038390
- IEF_r1m: -0.011002
- IEF_r3m: -0.029792
- IEF_vol3m: 0.079867
- IWM_mdd: -0.221603
- IWM_r12m: 0.019939
- IWM_r1m: -0.033347
- IWM_r3m: -0.003621
- IWM_vol3m: 0.147028
- LQD_mdd: -0.180466
- LQD_r12m: 0.005193
- LQD_r1m: -0.004910
- LQD_r3m: -0.010937
- LQD_vol3m: 0.089072
- QQQ_mdd: -0.056068
- QQQ_r12m: 0.263336
- QQQ_r1m: 0.022736
- QQQ_r3m: 0.064844
- QQQ_vol3m: 0.162037
- SHY_mdd: -0.031299
- SHY_r12m: 0.010918
- SHY_r1m: 0.001058
- SHY_r3m: 0.003390
- SHY_vol3m: 0.018937
- SLV_mdd: -0.552264
- SLV_r12m: 0.242513
- SLV_r1m: 0.015843
- SLV_r3m: -0.049843
- SLV_vol3m: 0.247233
- SPY_mdd: -0.038823
- SPY_r12m: 0.138351
- SPY_r1m: 0.005696
- SPY_r3m: 0.047024
- SPY_vol3m: 0.103992
- TIP_mdd: -0.119506
- TIP_r12m: -0.028804
- TIP_r1m: -0.002532
- TIP_r3m: -0.010893
- TIP_vol3m: 0.061206
- TLT_mdd: -0.417216
- TLT_r12m: -0.105922
- TLT_r1m: -0.016937
- TLT_r3m: -0.072948
- TLT_vol3m: 0.153745
- UUP_mdd: -0.039879
- UUP_r12m: 0.001596
- UUP_r1m: 0.023851
- UUP_r3m: 0.024930
- UUP_vol3m: 0.064440
- VEA_mdd: -0.094258
- VEA_r12m: 0.172328
- VEA_r1m: -0.018974
- VEA_r3m: -0.004112
- VEA_vol3m: 0.130682
- VNQ_mdd: -0.254837
- VNQ_r12m: -0.098631
- VNQ_r1m: -0.019351
- VNQ_r3m: -0.002040
- VNQ_vol3m: 0.135694
- VWO_mdd: -0.226770
- VWO_r12m: 0.041034
- VWO_r1m: -0.018585
- VWO_r3m: 0.000521
- VWO_vol3m: 0.151569
- cross_vol: 0.106170
Assets: SPY, QQQ, IWM, DIA, EFA, EEM, VEA, VWO, AGG, BND, SHY, IEF, TLT, TIP, LQD, HYG, GLD, SLV, DBC, VNQ, UUP, BIL","{""SPY"":0.019019019,""QQQ"":0.019019019,""IWM"":0.019019019,""DIA"":0.019019019,""EFA"":0.019019019,""EEM"":0.019019019,""VEA"":0.019019019,""VWO"":0.019019019,""AGG"":0.019019019,""BND"":0.019019019,""SHY"":0.019019019,""IEF"":0.019019019,""TLT"":0.019019019,""TIP"":0.019019019,""LQD"":0.019019019,""HYG"":0.019019019,""GLD"":0.019019019,""SLV"":0.019019019,""DBC"":0.019019019,""VNQ"":0.019019019,""UUP"":0.019019019,""BIL"":0.6006006006}","{""SPY"":0.019047619,""QQQ"":0.019047619,""IWM"":0.019047619,""DIA"":0.019047619,""EFA"":0.019047619,""EEM"":0.019047619,""VEA"":0.019047619,""VWO"":0.019047619,""AGG"":0.019047619,""BND"":0.019047619,""SHY"":0.019047619,""IEF"":0.019047619,""TLT"":0.019047619,""TIP"":0.019047619,""LQD"":0.019047619,""HYG"":0.019047619,""GLD"":0.019047619,""SLV"":0.019047619,""DBC"":0.019047619,""VNQ"":0.019047619,""UUP"":0.019047619,""BIL"":0.6}","{""SPY"":0.019047619,""QQQ"":0.019047619,""IWM"":0.019047619,""DIA"":0.019047619,""EFA"":0.019047619,""EEM"":0.019047619,""VEA"":0.019047619,""VWO"":0.019047619,""AGG"":0.019047619,""BND"":0.019047619,""SHY"":0.019047619,""IEF"":0.019047619,""TLT"":0.019047619,""TIP"":0.019047619,""LQD"":0.019047619,""HYG"":0.019047619,""GLD"":0.019047619,""SLV"":0.019047619,""DBC"":0.019047619,""VNQ"":0.019047619,""UUP"":0.019047619,""BIL"":0.6}",0
e2b39c8fb028ba115a551707,p2_reconciliation_v1,B_wfcv_no_fewshot,gemma3:1b,P2,2023-09-11,11,3444,BIL,SPY,SPY,0,0,1.396789727126806,6.938893903907228e-17,7f0c50e9e1c6bdc90c8ead43bb73d96fd85dfc2c8ac371fd3de9d27ed3231e6d,3550,e3b0c44298fc1c149afbf4c8996fb92427ae41e4649b934ca495991b7852b855,0,1,0,0,3.5830109999951674,1,"{""weights"": {""SPY"":0.35, ""QQQ"":0.28, ""IWM"":0.19, ""DIA"":0.16, ""EFA"":0.14, ""EEM"":0.12, ""VEA"":0.11, ""VWO"":0.08, ""AGG"":0.07, ""BND"":0.06, ""SHY"":0.05, ""IEF"":0.04, ""TLT"":0.03, ""TIP"":0.02, ""LQD"":0.01, ""HYG"":0.01, ""GLD"":0.01, ""SLV"":0.01, ""DBC"":0.01, ""VNQ"":0.01, ""UUP"":0.01, ""BIL"":0.01}}","You are a DEFENSIVE LOW-VOLATILITY policy profile. Your task is to translate a natural-language risk-averse policy into provisional portfolio weights. Use only the provided feature values, not outside market knowledge. Identify the eligible asset that appears safest, defined by the lowest `_vol3m` value. This is a defensive single-core policy profile, so do not default to equal weights when one asset clearly has the lowest recent volatility. Allocate 60% of the total portfolio weight to this safest asset as the language-level policy target. The hard maximum-weight constraint is 60%. Do not solve the projection yourself; express the language-level target and let the projection layer enforce feasibility before execution. Distribute the remaining weight equally among all other eligible assets. Use only tickers from the provided asset list. Include every eligible ticker exactly once. Return strictly valid JSON only. The `weights` field MUST be a JSON object where keys are tickers and values are numeric portfolio weights expressed as decimals, not percentages.



Current Features:
- AGG_mdd: -0.143435
- AGG_r12m: -0.012526
- AGG_r1m: -0.004590
- AGG_r3m: -0.015620
- AGG_vol3m: 0.064718
- BIL_mdd: 0.000000
- BIL_r12m: 0.042742
- BIL_r1m: 0.004099
- BIL_r3m: 0.012873
- BIL_vol3m: 0.002530
- BND_mdd: -0.145317
- BND_r12m: -0.011762
- BND_r1m: -0.005398
- BND_r3m: -0.015093
- BND_vol3m: 0.063103
- DBC_mdd: -0.182231
- DBC_r12m: 0.027226
- DBC_r1m: 0.030241
- DBC_r3m: 0.112533
- DBC_vol3m: 0.130471
- DIA_mdd: -0.025239
- DIA_r12m: 0.113455
- DIA_r1m: -0.011384
- DIA_r3m: 0.028485
- DIA_vol3m: 0.091052
- EEM_mdd: -0.288810
- EEM_r12m: 0.043430
- EEM_r1m: -0.023910
- EEM_r3m: -0.016809
- EEM_vol3m: 0.161425
- EFA_mdd: -0.077416
- EFA_r12m: 0.194188
- EFA_r1m: -0.020655
- EFA_r3m: -0.005593
- EFA_vol3m: 0.129524
- GLD_mdd: -0.079839
- GLD_r12m: 0.122217
- GLD_r1m: 0.004561
- GLD_r3m: -0.019941
- GLD_vol3m: 0.086042
- HYG_mdd: -0.062608
- HYG_r12m: 0.048594
- HYG_r1m: 0.002137
- HYG_r3m: 0.015327
- HYG_vol3m: 0.061379
- IEF_mdd: -0.203700
- IEF_r12m: -0.038390
- IEF_r1m: -0.011002
- IEF_r3m: -0.029792
- IEF_vol3m: 0.079867
- IWM_mdd: -0.221603
- IWM_r12m: 0.019939
- IWM_r1m: -0.033347
- IWM_r3m: -0.003621
- IWM_vol3m: 0.147028
- LQD_mdd: -0.180466
- LQD_r12m: 0.005193
- LQD_r1m: -0.004910
- LQD_r3m: -0.010937
- LQD_vol3m: 0.089072
- QQQ_mdd: -0.056068
- QQQ_r12m: 0.263336
- QQQ_r1m: 0.022736
- QQQ_r3m: 0.064844
- QQQ_vol3m: 0.162037
- SHY_mdd: -0.031299
- SHY_r12m: 0.010918
- SHY_r1m: 0.001058
- SHY_r3m: 0.003390
- SHY_vol3m: 0.018937
- SLV_mdd: -0.552264
- SLV_r12m: 0.242513
- SLV_r1m: 0.015843
- SLV_r3m: -0.049843
- SLV_vol3m: 0.247233
- SPY_mdd: -0.038823
- SPY_r12m: 0.138351
- SPY_r1m: 0.005696
- SPY_r3m: 0.047024
- SPY_vol3m: 0.103992
- TIP_mdd: -0.119506
- TIP_r12m: -0.028804
- TIP_r1m: -0.002532
- TIP_r3m: -0.010893
- TIP_vol3m: 0.061206
- TLT_mdd: -0.417216
- TLT_r12m: -0.105922
- TLT_r1m: -0.016937
- TLT_r3m: -0.072948
- TLT_vol3m: 0.153745
- UUP_mdd: -0.039879
- UUP_r12m: 0.001596
- UUP_r1m: 0.023851
- UUP_r3m: 0.024930
- UUP_vol3m: 0.064440
- VEA_mdd: -0.094258
- VEA_r12m: 0.172328
- VEA_r1m: -0.018974
- VEA_r3m: -0.004112
- VEA_vol3m: 0.130682
- VNQ_mdd: -0.254837
- VNQ_r12m: -0.098631
- VNQ_r1m: -0.019351
- VNQ_r3m: -0.002040
- VNQ_vol3m: 0.135694
- VWO_mdd: -0.226770
- VWO_r12m: 0.041034
- VWO_r1m: -0.018585
- VWO_r3m: 0.000521
- VWO_vol3m: 0.151569
- cross_vol: 0.106170
Assets: SPY, QQQ, IWM, DIA, EFA, EEM, VEA, VWO, AGG, BND, SHY, IEF, TLT, TIP, LQD, HYG, GLD, SLV, DBC, VNQ, UUP, BIL","{""SPY"":0.1966292135,""QQQ"":0.1573033708,""IWM"":0.106741573,""DIA"":0.0898876404,""EFA"":0.0786516854,""EEM"":0.0674157303,""VEA"":0.0617977528,""VWO"":0.0449438202,""AGG"":0.0393258427,""BND"":0.0337078652,""SHY"":0.0280898876,""IEF"":0.0224719101,""TLT"":0.0168539326,""TIP"":0.0112359551,""LQD"":0.0056179775,""HYG"":0.0056179775,""GLD"":0.0056179775,""SLV"":0.0056179775,""DBC"":0.0056179775,""VNQ"":0.0056179775,""UUP"":0.0056179775,""BIL"":0.0056179775}","{""SPY"":0.1966292135,""QQQ"":0.1573033708,""IWM"":0.106741573,""DIA"":0.0898876404,""EFA"":0.0786516854,""EEM"":0.0674157303,""VEA"":0.0617977528,""VWO"":0.0449438202,""AGG"":0.0393258427,""BND"":0.0337078652,""SHY"":0.0280898876,""IEF"":0.0224719101,""TLT"":0.0168539326,""TIP"":0.0112359551,""LQD"":0.0056179775,""HYG"":0.0056179775,""GLD"":0.0056179775,""SLV"":0.0056179775,""DBC"":0.0056179775,""VNQ"":0.0056179775,""UUP"":0.0056179775,""BIL"":0.0056179775}","{""SPY"":0.019047619,""QQQ"":0.019047619,""IWM"":0.019047619,""DIA"":0.019047619,""EFA"":0.019047619,""EEM"":0.019047619,""VEA"":0.019047619,""VWO"":0.019047619,""AGG"":0.019047619,""BND"":0.019047619,""SHY"":0.019047619,""IEF"":0.019047619,""TLT"":0.019047619,""TIP"":0.019047619,""LQD"":0.019047619,""HYG"":0.019047619,""GLD"":0.019047619,""SLV"":0.019047619,""DBC"":0.019047619,""VNQ"":0.019047619,""UUP"":0.019047619,""BIL"":0.6}",0
aa35be956d5804ed2208a67e,p2_reconciliation_v1,C_bridge_canonical,gemma3:1b,P2,2023-09-11,11,3444,BIL,SPY,SPY,0,0,1.4261136712749618,8.153200337090993e-17,028a1a31b39c1bdebdad0195c16b365ef970092c9af8004957b5ee0482634d0f,3386,e3b0c44298fc1c149afbf4c8996fb92427ae41e4649b934ca495991b7852b855,0,1,0,0,3.818375874994672,1,"{""weights"": {""SPY"": 0.45, ""QQQ"": 0.30, ""IWM"": 0.15, ""DIA"": 0.10, ""EFA"": 0.10, ""EEM"": 0.08, ""VEA"": 0.07, ""VWO"": 0.06, ""AGG"": 0.05, ""BND"": 0.04, ""SHY"": 0.03, ""IEF"": 0.02, ""TLT"": 0.01, ""TIP"": 0.01, ""LQD"": 0.01, ""HYG"": 0.01, ""GLD"": 0.01, ""SLV"": 0.01, ""DBC"": 0.01, ""VNQ"": 0.01, ""UUP"": 0.01, ""BIL"": 0.01}}","You are a DEFENSIVE LOW-VOLATILITY policy profile. Use only the provided feature values. Strongly favor the eligible asset with the lowest `_vol3m` value. Allocate 60.0% of total portfolio weight to that target asset as the language-level policy target. Distribute the remaining weight equally among all other eligible assets. Include every eligible ticker exactly once. Return strictly valid JSON only with a `weights` object whose values are decimals, not percentages.
Hard constraints for the execution layer: long-only weights, weights sum to one, maximum single-asset weight 0.60, and turnover cap 0.25. You propose weights; deterministic projection will enforce final feasibility.

Current Features:
- SPY_r1m: 0.00569612
- SPY_r3m: 0.04702445
- SPY_r12m: 0.13835120
- SPY_vol3m: 0.10399171
- SPY_mdd: -0.03882279
- QQQ_r1m: 0.02273551
- QQQ_r3m: 0.06484366
- QQQ_r12m: 0.26333584
- QQQ_vol3m: 0.16203650
- QQQ_mdd: -0.05606787
- IWM_r1m: -0.03334739
- IWM_r3m: -0.00362120
- IWM_r12m: 0.01993928
- IWM_vol3m: 0.14702838
- IWM_mdd: -0.22160315
- DIA_r1m: -0.01138387
- DIA_r3m: 0.02848537
- DIA_r12m: 0.11345471
- DIA_vol3m: 0.09105170
- DIA_mdd: -0.02523901
- EFA_r1m: -0.02065540
- EFA_r3m: -0.00559275
- EFA_r12m: 0.19418752
- EFA_vol3m: 0.12952373
- EFA_mdd: -0.07741644
- EEM_r1m: -0.02391031
- EEM_r3m: -0.01680877
- EEM_r12m: 0.04343026
- EEM_vol3m: 0.16142521
- EEM_mdd: -0.28881038
- VEA_r1m: -0.01897368
- VEA_r3m: -0.00411247
- VEA_r12m: 0.17232841
- VEA_vol3m: 0.13068193
- VEA_mdd: -0.09425788
- VWO_r1m: -0.01858547
- VWO_r3m: 0.00052070
- VWO_r12m: 0.04103385
- VWO_vol3m: 0.15156854
- VWO_mdd: -0.22676992
- AGG_r1m: -0.00459015
- AGG_r3m: -0.01562039
- AGG_r12m: -0.01252595
- AGG_vol3m: 0.06471834
- AGG_mdd: -0.14343519
- BND_r1m: -0.00539789
- BND_r3m: -0.01509265
- BND_r12m: -0.01176249
- BND_vol3m: 0.06310293
- BND_mdd: -0.14531705
- SHY_r1m: 0.00105763
- SHY_r3m: 0.00339027
- SHY_r12m: 0.01091808
- SHY_vol3m: 0.01893656
- SHY_mdd: -0.03129865
- IEF_r1m: -0.01100199
- IEF_r3m: -0.02979233
- IEF_r12m: -0.03839013
- IEF_vol3m: 0.07986738
- IEF_mdd: -0.20369988
- TLT_r1m: -0.01693674
- TLT_r3m: -0.07294770
- TLT_r12m: -0.10592150
- TLT_vol3m: 0.15374491
- TLT_mdd: -0.41721582
- TIP_r1m: -0.00253172
- TIP_r3m: -0.01089258
- TIP_r12m: -0.02880446
- TIP_vol3m: 0.06120607
- TIP_mdd: -0.11950648
- LQD_r1m: -0.00490964
- LQD_r3m: -0.01093674
- LQD_r12m: 0.00519280
- LQD_vol3m: 0.08907237
- LQD_mdd: -0.18046643
- HYG_r1m: 0.00213716
- HYG_r3m: 0.01532696
- HYG_r12m: 0.04859415
- HYG_vol3m: 0.06137915
- HYG_mdd: -0.06260778
- GLD_r1m: 0.00456080
- GLD_r3m: -0.01994062
- GLD_r12m: 0.12221668
- GLD_vol3m: 0.08604235
- GLD_mdd: -0.07983906
- SLV_r1m: 0.01584253
- SLV_r3m: -0.04984286
- SLV_r12m: 0.24251315
- SLV_vol3m: 0.24723280
- SLV_mdd: -0.55226406
- DBC_r1m: 0.03024107
- DBC_r3m: 0.11253306
- DBC_r12m: 0.02722626
- DBC_vol3m: 0.13047107
- DBC_mdd: -0.18223065
- VNQ_r1m: -0.01935101
- VNQ_r3m: -0.00204045
- VNQ_r12m: -0.09863132
- VNQ_vol3m: 0.13569408
- VNQ_mdd: -0.25483659
- UUP_r1m: 0.02385122
- UUP_r3m: 0.02492979
- UUP_r12m: 0.00159589
- UUP_vol3m: 0.06443964
- UUP_mdd: -0.03987879
- BIL_r1m: 0.00409926
- BIL_r3m: 0.01287267
- BIL_r12m: 0.04274172
- BIL_vol3m: 0.00252981
- BIL_mdd: 0.00000000
- cross_vol: 0.10617023

Assets: SPY, QQQ, IWM, DIA, EFA, EEM, VEA, VWO, AGG, BND, SHY, IEF, TLT, TIP, LQD, HYG, GLD, SLV, DBC, VNQ, UUP, BIL","{""SPY"":0.2903225806,""QQQ"":0.1935483871,""IWM"":0.0967741935,""DIA"":0.064516129,""EFA"":0.064516129,""EEM"":0.0516129032,""VEA"":0.0451612903,""VWO"":0.0387096774,""AGG"":0.0322580645,""BND"":0.0258064516,""SHY"":0.0193548387,""IEF"":0.0129032258,""TLT"":0.0064516129,""TIP"":0.0064516129,""LQD"":0.0064516129,""HYG"":0.0064516129,""GLD"":0.0064516129,""SLV"":0.0064516129,""DBC"":0.0064516129,""VNQ"":0.0064516129,""UUP"":0.0064516129,""BIL"":0.0064516129}","{""SPY"":0.2903225806,""QQQ"":0.1935483871,""IWM"":0.0967741935,""DIA"":0.064516129,""EFA"":0.064516129,""EEM"":0.0516129032,""VEA"":0.0451612903,""VWO"":0.0387096774,""AGG"":0.0322580645,""BND"":0.0258064516,""SHY"":0.0193548387,""IEF"":0.0129032258,""TLT"":0.0064516129,""TIP"":0.0064516129,""LQD"":0.0064516129,""HYG"":0.0064516129,""GLD"":0.0064516129,""SLV"":0.0064516129,""DBC"":0.0064516129,""VNQ"":0.0064516129,""UUP"":0.0064516129,""BIL"":0.0064516129}","{""SPY"":0.019047619,""QQQ"":0.019047619,""IWM"":0.019047619,""DIA"":0.019047619,""EFA"":0.019047619,""EEM"":0.019047619,""VEA"":0.019047619,""VWO"":0.019047619,""AGG"":0.019047619,""BND"":0.019047619,""SHY"":0.019047619,""IEF"":0.019047619,""TLT"":0.019047619,""TIP"":0.019047619,""LQD"":0.019047619,""HYG"":0.019047619,""GLD"":0.019047619,""SLV"":0.019047619,""DBC"":0.019047619,""VNQ"":0.019047619,""UUP"":0.019047619,""BIL"":0.6}",0
b6e164f47a9ec9d6fc81278c,p2_reconciliation_v1,A_wfcv_exact,llama3.1:8b,P2,2023-09-11,11,3444,BIL,BIL,BIL,1,1,0.0,0.0012012012012015266,3805ae53f4812cc12499799c69e39d401e124cd5584c8b7470d24b1078b99232,5960,0fd424b75a5ab67b380017c3a6dd556f0b817931bf694ebca579773a6410145a,2410,1,0,0,23.645944959003828,1,"{
  ""weights"": {
    ""SPY"": 0.019,
    ""QQQ"": 0.019,
    ""IWM"": 0.019,
    ""DIA"": 0.019,
    ""EFA"": 0.019,
    ""EEM"": 0.019,
    ""VEA"": 0.019,
    ""VWO"": 0.019,
    ""AGG"": 0.019,
    ""BND"": 0.019,
    ""SHY"": 0.019,
    ""IEF"": 0.019,
    ""TLT"": 0.019,
    ""TIP"": 0.019,
    ""LQD"": 0.019,
    ""HYG"": 0.019,
    ""GLD"": 0.019,
    ""SLV"": 0.019,
    ""DBC"": 0.019,
    ""VNQ"": 0.019,
    ""UUP"": 0.019,
    ""BIL"": 0.6
  }
}","You are a DEFENSIVE LOW-VOLATILITY policy profile. Your task is to translate a natural-language risk-averse policy into provisional portfolio weights. Use only the provided feature values, not outside market knowledge. Identify the eligible asset that appears safest, defined by the lowest `_vol3m` value. This is a defensive single-core policy profile, so do not default to equal weights when one asset clearly has the lowest recent volatility. Allocate 60% of the total portfolio weight to this safest asset as the language-level policy target. The hard maximum-weight constraint is 60%. Do not solve the projection yourself; express the language-level target and let the projection layer enforce feasibility before execution. Distribute the remaining weight equally among all other eligible assets. Use only tickers from the provided asset list. Include every eligible ticker exactly once. Return strictly valid JSON only. The `weights` field MUST be a JSON object where keys are tickers and values are numeric portfolio weights expressed as decimals, not percentages.

### EXAMPLE 1
Features:
- AGG_mdd: -0.001604
- AGG_r12m: 0.000000
- AGG_r1m: 0.012451
- AGG_r3m: 0.020362
- AGG_vol3m: 0.035033
- BIL_mdd: -0.000436
- BIL_r12m: 0.000000
- BIL_r1m: 0.000000
- BIL_r3m: 0.000218
- BIL_vol3m: 0.003201
- BND_mdd: -0.002605
- BND_r12m: 0.000000
TargetWeights(JSON): {""SPY"": 0.019, ""QQQ"": 0.019, ""IWM"": 0.019, ""DIA"": 0.019, ""EFA"": 0.019, ""EEM"": 0.019, ""VEA"": 0.019, ""VWO"": 0.019, ""AGG"": 0.019, ""BND"": 0.019, ""SHY"": 0.019, ""IEF"": 0.019, ""TLT"": 0.019, ""TIP"": 0.019, ""LQD"": 0.019, ""HYG"": 0.019, ""GLD"": 0.019, ""SLV"": 0.019, ""DBC"": 0.019, ""VNQ"": 0.019, ""UUP"": 0.019, ""BIL"": 0.6}
### EXAMPLE 2
Features:
- AGG_mdd: -0.006534
- AGG_r12m: 0.005103
- AGG_r1m: 0.001254
- AGG_r3m: 0.003531
- AGG_vol3m: 0.023616
- BIL_mdd: 0.000000
- BIL_r12m: 0.005153
- BIL_r1m: 0.000480
- BIL_r3m: 0.002342
- BIL_vol3m: 0.003015
- BND_mdd: -0.007401
- BND_r12m: 0.008450
TargetWeights(JSON): {""SPY"": 0.019, ""QQQ"": 0.019, ""IWM"": 0.019, ""DIA"": 0.019, ""EFA"": 0.019, ""EEM"": 0.019, ""VEA"": 0.019, ""VWO"": 0.019, ""AGG"": 0.019, ""BND"": 0.019, ""SHY"": 0.019, ""IEF"": 0.019, ""TLT"": 0.019, ""TIP"": 0.019, ""LQD"": 0.019, ""HYG"": 0.019, ""GLD"": 0.019, ""SLV"": 0.019, ""DBC"": 0.019, ""VNQ"": 0.019, ""UUP"": 0.019, ""BIL"": 0.6}
### EXAMPLE 3
Features:
- AGG_mdd: -0.118538
- AGG_r12m: -0.105797
- AGG_r1m: -0.021664
- AGG_r3m: -0.017161
- AGG_vol3m: 0.083806
- BIL_mdd: 0.000000
- BIL_r12m: 0.002880
- BIL_r1m: 0.001719
- BIL_r3m: 0.002419
- BIL_vol3m: 0.002262
- BND_mdd: -0.121412
- BND_r12m: -0.107728
TargetWeights(JSON): {""SPY"": 0.019, ""QQQ"": 0.019, ""IWM"": 0.019, ""DIA"": 0.019, ""EFA"": 0.019, ""EEM"": 0.019, ""VEA"": 0.019, ""VWO"": 0.019, ""AGG"": 0.019, ""BND"": 0.019, ""SHY"": 0.019, ""IEF"": 0.019, ""TLT"": 0.019, ""TIP"": 0.019, ""LQD"": 0.019, ""HYG"": 0.019, ""GLD"": 0.019, ""SLV"": 0.019, ""DBC"": 0.019, ""VNQ"": 0.019, ""UUP"": 0.019, ""BIL"": 0.6}
### EXAMPLE 4
Features:
- AGG_mdd: -0.026557
- AGG_r12m: 0.082544
- AGG_r1m: -0.004361
- AGG_r3m: 0.026467
- AGG_vol3m: 0.158628
- BIL_mdd: -0.000218
- BIL_r12m: 0.019830
- BIL_r1m: 0.002483
- BIL_r3m: 0.004765
- BIL_vol3m: 0.002267
- BND_mdd: -0.031265
- BND_r12m: 0.080057
TargetWeights(JSON): {""SPY"": 0.019, ""QQQ"": 0.019, ""IWM"": 0.019, ""DIA"": 0.019, ""EFA"": 0.019, ""EEM"": 0.019, ""VEA"": 0.019, ""VWO"": 0.019, ""AGG"": 0.019, ""BND"": 0.019, ""SHY"": 0.019, ""IEF"": 0.019, ""TLT"": 0.019, ""TIP"": 0.019, ""LQD"": 0.019, ""HYG"": 0.019, ""GLD"": 0.019, ""SLV"": 0.019, ""DBC"": 0.019, ""VNQ"": 0.019, ""UUP"": 0.019, ""BIL"": 0.6}

Current Features:
- AGG_mdd: -0.143435
- AGG_r12m: -0.012526
- AGG_r1m: -0.004590
- AGG_r3m: -0.015620
- AGG_vol3m: 0.064718
- BIL_mdd: 0.000000
- BIL_r12m: 0.042742
- BIL_r1m: 0.004099
- BIL_r3m: 0.012873
- BIL_vol3m: 0.002530
- BND_mdd: -0.145317
- BND_r12m: -0.011762
- BND_r1m: -0.005398
- BND_r3m: -0.015093
- BND_vol3m: 0.063103
- DBC_mdd: -0.182231
- DBC_r12m: 0.027226
- DBC_r1m: 0.030241
- DBC_r3m: 0.112533
- DBC_vol3m: 0.130471
- DIA_mdd: -0.025239
- DIA_r12m: 0.113455
- DIA_r1m: -0.011384
- DIA_r3m: 0.028485
- DIA_vol3m: 0.091052
- EEM_mdd: -0.288810
- EEM_r12m: 0.043430
- EEM_r1m: -0.023910
- EEM_r3m: -0.016809
- EEM_vol3m: 0.161425
- EFA_mdd: -0.077416
- EFA_r12m: 0.194188
- EFA_r1m: -0.020655
- EFA_r3m: -0.005593
- EFA_vol3m: 0.129524
- GLD_mdd: -0.079839
- GLD_r12m: 0.122217
- GLD_r1m: 0.004561
- GLD_r3m: -0.019941
- GLD_vol3m: 0.086042
- HYG_mdd: -0.062608
- HYG_r12m: 0.048594
- HYG_r1m: 0.002137
- HYG_r3m: 0.015327
- HYG_vol3m: 0.061379
- IEF_mdd: -0.203700
- IEF_r12m: -0.038390
- IEF_r1m: -0.011002
- IEF_r3m: -0.029792
- IEF_vol3m: 0.079867
- IWM_mdd: -0.221603
- IWM_r12m: 0.019939
- IWM_r1m: -0.033347
- IWM_r3m: -0.003621
- IWM_vol3m: 0.147028
- LQD_mdd: -0.180466
- LQD_r12m: 0.005193
- LQD_r1m: -0.004910
- LQD_r3m: -0.010937
- LQD_vol3m: 0.089072
- QQQ_mdd: -0.056068
- QQQ_r12m: 0.263336
- QQQ_r1m: 0.022736
- QQQ_r3m: 0.064844
- QQQ_vol3m: 0.162037
- SHY_mdd: -0.031299
- SHY_r12m: 0.010918
- SHY_r1m: 0.001058
- SHY_r3m: 0.003390
- SHY_vol3m: 0.018937
- SLV_mdd: -0.552264
- SLV_r12m: 0.242513
- SLV_r1m: 0.015843
- SLV_r3m: -0.049843
- SLV_vol3m: 0.247233
- SPY_mdd: -0.038823
- SPY_r12m: 0.138351
- SPY_r1m: 0.005696
- SPY_r3m: 0.047024
- SPY_vol3m: 0.103992
- TIP_mdd: -0.119506
- TIP_r12m: -0.028804
- TIP_r1m: -0.002532
- TIP_r3m: -0.010893
- TIP_vol3m: 0.061206
- TLT_mdd: -0.417216
- TLT_r12m: -0.105922
- TLT_r1m: -0.016937
- TLT_r3m: -0.072948
- TLT_vol3m: 0.153745
- UUP_mdd: -0.039879
- UUP_r12m: 0.001596
- UUP_r1m: 0.023851
- UUP_r3m: 0.024930
- UUP_vol3m: 0.064440
- VEA_mdd: -0.094258
- VEA_r12m: 0.172328
- VEA_r1m: -0.018974
- VEA_r3m: -0.004112
- VEA_vol3m: 0.130682
- VNQ_mdd: -0.254837
- VNQ_r12m: -0.098631
- VNQ_r1m: -0.019351
- VNQ_r3m: -0.002040
- VNQ_vol3m: 0.135694
- VWO_mdd: -0.226770
- VWO_r12m: 0.041034
- VWO_r1m: -0.018585
- VWO_r3m: 0.000521
- VWO_vol3m: 0.151569
- cross_vol: 0.106170
Assets: SPY, QQQ, IWM, DIA, EFA, EEM, VEA, VWO, AGG, BND, SHY, IEF, TLT, TIP, LQD, HYG, GLD, SLV, DBC, VNQ, UUP, BIL","{""SPY"":0.019019019,""QQQ"":0.019019019,""IWM"":0.019019019,""DIA"":0.019019019,""EFA"":0.019019019,""EEM"":0.019019019,""VEA"":0.019019019,""VWO"":0.019019019,""AGG"":0.019019019,""BND"":0.019019019,""SHY"":0.019019019,""IEF"":0.019019019,""TLT"":0.019019019,""TIP"":0.019019019,""LQD"":0.019019019,""HYG"":0.019019019,""GLD"":0.019019019,""SLV"":0.019019019,""DBC"":0.019019019,""VNQ"":0.019019019,""UUP"":0.019019019,""BIL"":0.6006006006}","{""SPY"":0.019047619,""QQQ"":0.019047619,""IWM"":0.019047619,""DIA"":0.019047619,""EFA"":0.019047619,""EEM"":0.019047619,""VEA"":0.019047619,""VWO"":0.019047619,""AGG"":0.019047619,""BND"":0.019047619,""SHY"":0.019047619,""IEF"":0.019047619,""TLT"":0.019047619,""TIP"":0.019047619,""LQD"":0.019047619,""HYG"":0.019047619,""GLD"":0.019047619,""SLV"":0.019047619,""DBC"":0.019047619,""VNQ"":0.019047619,""UUP"":0.019047619,""BIL"":0.6}","{""SPY"":0.019047619,""QQQ"":0.019047619,""IWM"":0.019047619,""DIA"":0.019047619,""EFA"":0.019047619,""EEM"":0.019047619,""VEA"":0.019047619,""VWO"":0.019047619,""AGG"":0.019047619,""BND"":0.019047619,""SHY"":0.019047619,""IEF"":0.019047619,""TLT"":0.019047619,""TIP"":0.019047619,""LQD"":0.019047619,""HYG"":0.019047619,""GLD"":0.019047619,""SLV"":0.019047619,""DBC"":0.019047619,""VNQ"":0.019047619,""UUP"":0.019047619,""BIL"":0.6}",0
96e7960755b4c4e1f0be71a2,p2_reconciliation_v1,B_wfcv_no_fewshot,llama3.1:8b,P2,2023-09-11,11,3444,BIL,SPY,SPY,0,0,1.1428571428571426,6.591949208711867e-17,7f0c50e9e1c6bdc90c8ead43bb73d96fd85dfc2c8ac371fd3de9d27ed3231e6d,3550,e3b0c44298fc1c149afbf4c8996fb92427ae41e4649b934ca495991b7852b855,0,1,0,0,16.27387895899301,1,"{
  ""weights"": {
    ""SPY"": 0.6,
    ""QQQ"": 0.1,
    ""IWM"": 0.1,
    ""DIA"": 0.05,
    ""EFA"": 0.05,
    ""EEM"": 0.05,
    ""VEA"": 0.05,
    ""VWO"": 0.05,
    ""AGG"": 0.05,
    ""BND"": 0.05,
    ""SHY"": 0.05,
    ""IEF"": 0.05,
    ""TLT"": 0.05,
    ""TIP"": 0.05,
    ""LQD"": 0.05,
    ""HYG"": 0.05,
    ""GLD"": 0.05,
    ""SLV"": 0.05,
    ""DBC"": 0.05,
    ""VNQ"": 0.05,
    ""UUP"": 0.05,
    ""BIL"": 0.05
  }
}","You are a DEFENSIVE LOW-VOLATILITY policy profile. Your task is to translate a natural-language risk-averse policy into provisional portfolio weights. Use only the provided feature values, not outside market knowledge. Identify the eligible asset that appears safest, defined by the lowest `_vol3m` value. This is a defensive single-core policy profile, so do not default to equal weights when one asset clearly has the lowest recent volatility. Allocate 60% of the total portfolio weight to this safest asset as the language-level policy target. The hard maximum-weight constraint is 60%. Do not solve the projection yourself; express the language-level target and let the projection layer enforce feasibility before execution. Distribute the remaining weight equally among all other eligible assets. Use only tickers from the provided asset list. Include every eligible ticker exactly once. Return strictly valid JSON only. The `weights` field MUST be a JSON object where keys are tickers and values are numeric portfolio weights expressed as decimals, not percentages.



Current Features:
- AGG_mdd: -0.143435
- AGG_r12m: -0.012526
- AGG_r1m: -0.004590
- AGG_r3m: -0.015620
- AGG_vol3m: 0.064718
- BIL_mdd: 0.000000
- BIL_r12m: 0.042742
- BIL_r1m: 0.004099
- BIL_r3m: 0.012873
- BIL_vol3m: 0.002530
- BND_mdd: -0.145317
- BND_r12m: -0.011762
- BND_r1m: -0.005398
- BND_r3m: -0.015093
- BND_vol3m: 0.063103
- DBC_mdd: -0.182231
- DBC_r12m: 0.027226
- DBC_r1m: 0.030241
- DBC_r3m: 0.112533
- DBC_vol3m: 0.130471
- DIA_mdd: -0.025239
- DIA_r12m: 0.113455
- DIA_r1m: -0.011384
- DIA_r3m: 0.028485
- DIA_vol3m: 0.091052
- EEM_mdd: -0.288810
- EEM_r12m: 0.043430
- EEM_r1m: -0.023910
- EEM_r3m: -0.016809
- EEM_vol3m: 0.161425
- EFA_mdd: -0.077416
- EFA_r12m: 0.194188
- EFA_r1m: -0.020655
- EFA_r3m: -0.005593
- EFA_vol3m: 0.129524
- GLD_mdd: -0.079839
- GLD_r12m: 0.122217
- GLD_r1m: 0.004561
- GLD_r3m: -0.019941
- GLD_vol3m: 0.086042
- HYG_mdd: -0.062608
- HYG_r12m: 0.048594
- HYG_r1m: 0.002137
- HYG_r3m: 0.015327
- HYG_vol3m: 0.061379
- IEF_mdd: -0.203700
- IEF_r12m: -0.038390
- IEF_r1m: -0.011002
- IEF_r3m: -0.029792
- IEF_vol3m: 0.079867
- IWM_mdd: -0.221603
- IWM_r12m: 0.019939
- IWM_r1m: -0.033347
- IWM_r3m: -0.003621
- IWM_vol3m: 0.147028
- LQD_mdd: -0.180466
- LQD_r12m: 0.005193
- LQD_r1m: -0.004910
- LQD_r3m: -0.010937
- LQD_vol3m: 0.089072
- QQQ_mdd: -0.056068
- QQQ_r12m: 0.263336
- QQQ_r1m: 0.022736
- QQQ_r3m: 0.064844
- QQQ_vol3m: 0.162037
- SHY_mdd: -0.031299
- SHY_r12m: 0.010918
- SHY_r1m: 0.001058
- SHY_r3m: 0.003390
- SHY_vol3m: 0.018937
- SLV_mdd: -0.552264
- SLV_r12m: 0.242513
- SLV_r1m: 0.015843
- SLV_r3m: -0.049843
- SLV_vol3m: 0.247233
- SPY_mdd: -0.038823
- SPY_r12m: 0.138351
- SPY_r1m: 0.005696
- SPY_r3m: 0.047024
- SPY_vol3m: 0.103992
- TIP_mdd: -0.119506
- TIP_r12m: -0.028804
- TIP_r1m: -0.002532
- TIP_r3m: -0.010893
- TIP_vol3m: 0.061206
- TLT_mdd: -0.417216
- TLT_r12m: -0.105922
- TLT_r1m: -0.016937
- TLT_r3m: -0.072948
- TLT_vol3m: 0.153745
- UUP_mdd: -0.039879
- UUP_r12m: 0.001596
- UUP_r1m: 0.023851
- UUP_r3m: 0.024930
- UUP_vol3m: 0.064440
- VEA_mdd: -0.094258
- VEA_r12m: 0.172328
- VEA_r1m: -0.018974
- VEA_r3m: -0.004112
- VEA_vol3m: 0.130682
- VNQ_mdd: -0.254837
- VNQ_r12m: -0.098631
- VNQ_r1m: -0.019351
- VNQ_r3m: -0.002040
- VNQ_vol3m: 0.135694
- VWO_mdd: -0.226770
- VWO_r12m: 0.041034
- VWO_r1m: -0.018585
- VWO_r3m: 0.000521
- VWO_vol3m: 0.151569
- cross_vol: 0.106170
Assets: SPY, QQQ, IWM, DIA, EFA, EEM, VEA, VWO, AGG, BND, SHY, IEF, TLT, TIP, LQD, HYG, GLD, SLV, DBC, VNQ, UUP, BIL","{""SPY"":0.3428571429,""QQQ"":0.0571428571,""IWM"":0.0571428571,""DIA"":0.0285714286,""EFA"":0.0285714286,""EEM"":0.0285714286,""VEA"":0.0285714286,""VWO"":0.0285714286,""AGG"":0.0285714286,""BND"":0.0285714286,""SHY"":0.0285714286,""IEF"":0.0285714286,""TLT"":0.0285714286,""TIP"":0.0285714286,""LQD"":0.0285714286,""HYG"":0.0285714286,""GLD"":0.0285714286,""SLV"":0.0285714286,""DBC"":0.0285714286,""VNQ"":0.0285714286,""UUP"":0.0285714286,""BIL"":0.0285714286}","{""SPY"":0.3428571429,""QQQ"":0.0571428571,""IWM"":0.0571428571,""DIA"":0.0285714286,""EFA"":0.0285714286,""EEM"":0.0285714286,""VEA"":0.0285714286,""VWO"":0.0285714286,""AGG"":0.0285714286,""BND"":0.0285714286,""SHY"":0.0285714286,""IEF"":0.0285714286,""TLT"":0.0285714286,""TIP"":0.0285714286,""LQD"":0.0285714286,""HYG"":0.0285714286,""GLD"":0.0285714286,""SLV"":0.0285714286,""DBC"":0.0285714286,""VNQ"":0.0285714286,""UUP"":0.0285714286,""BIL"":0.0285714286}","{""SPY"":0.019047619,""QQQ"":0.019047619,""IWM"":0.019047619,""DIA"":0.019047619,""EFA"":0.019047619,""EEM"":0.019047619,""VEA"":0.019047619,""VWO"":0.019047619,""AGG"":0.019047619,""BND"":0.019047619,""SHY"":0.019047619,""IEF"":0.019047619,""TLT"":0.019047619,""TIP"":0.019047619,""LQD"":0.019047619,""HYG"":0.019047619,""GLD"":0.019047619,""SLV"":0.019047619,""DBC"":0.019047619,""VNQ"":0.019047619,""UUP"":0.019047619,""BIL"":0.6}",0
63ef41eda666d33eadc846d7,p2_reconciliation_v1,C_bridge_canonical,llama3.1:8b,P2,2023-09-11,11,3444,BIL,SPY,SPY,0,0,1.1459459459459458,1.97758476261356e-16,028a1a31b39c1bdebdad0195c16b365ef970092c9af8004957b5ee0482634d0f,3386,e3b0c44298fc1c149afbf4c8996fb92427ae41e4649b934ca495991b7852b855,0,1,0,0,17.17382362499484,1,"{
  ""weights"": {
    ""SPY"": 0.6,
    ""QQQ"": 0.2,
    ""IWM"": 0.1,
    ""DIA"": 0.05,
    ""EFA"": 0.05,
    ""EEM"": 0.05,
    ""VEA"": 0.05,
    ""VWO"": 0.05,
    ""AGG"": 0.05,
    ""BND"": 0.05,
    ""SHY"": 0.05,
    ""IEF"": 0.05,
    ""TLT"": 0.05,
    ""TIP"": 0.05,
    ""LQD"": 0.05,
    ""HYG"": 0.05,
    ""GLD"": 0.05,
    ""SLV"": 0.05,
    ""DBC"": 0.05,
    ""VNQ"": 0.05,
    ""UUP"": 0.05,
    ""BIL"": 0.05
  }
}","You are a DEFENSIVE LOW-VOLATILITY policy profile. Use only the provided feature values. Strongly favor the eligible asset with the lowest `_vol3m` value. Allocate 60.0% of total portfolio weight to that target asset as the language-level policy target. Distribute the remaining weight equally among all other eligible assets. Include every eligible ticker exactly once. Return strictly valid JSON only with a `weights` object whose values are decimals, not percentages.
Hard constraints for the execution layer: long-only weights, weights sum to one, maximum single-asset weight 0.60, and turnover cap 0.25. You propose weights; deterministic projection will enforce final feasibility.

Current Features:
- SPY_r1m: 0.00569612
- SPY_r3m: 0.04702445
- SPY_r12m: 0.13835120
- SPY_vol3m: 0.10399171
- SPY_mdd: -0.03882279
- QQQ_r1m: 0.02273551
- QQQ_r3m: 0.06484366
- QQQ_r12m: 0.26333584
- QQQ_vol3m: 0.16203650
- QQQ_mdd: -0.05606787
- IWM_r1m: -0.03334739
- IWM_r3m: -0.00362120
- IWM_r12m: 0.01993928
- IWM_vol3m: 0.14702838
- IWM_mdd: -0.22160315
- DIA_r1m: -0.01138387
- DIA_r3m: 0.02848537
- DIA_r12m: 0.11345471
- DIA_vol3m: 0.09105170
- DIA_mdd: -0.02523901
- EFA_r1m: -0.02065540
- EFA_r3m: -0.00559275
- EFA_r12m: 0.19418752
- EFA_vol3m: 0.12952373
- EFA_mdd: -0.07741644
- EEM_r1m: -0.02391031
- EEM_r3m: -0.01680877
- EEM_r12m: 0.04343026
- EEM_vol3m: 0.16142521
- EEM_mdd: -0.28881038
- VEA_r1m: -0.01897368
- VEA_r3m: -0.00411247
- VEA_r12m: 0.17232841
- VEA_vol3m: 0.13068193
- VEA_mdd: -0.09425788
- VWO_r1m: -0.01858547
- VWO_r3m: 0.00052070
- VWO_r12m: 0.04103385
- VWO_vol3m: 0.15156854
- VWO_mdd: -0.22676992
- AGG_r1m: -0.00459015
- AGG_r3m: -0.01562039
- AGG_r12m: -0.01252595
- AGG_vol3m: 0.06471834
- AGG_mdd: -0.14343519
- BND_r1m: -0.00539789
- BND_r3m: -0.01509265
- BND_r12m: -0.01176249
- BND_vol3m: 0.06310293
- BND_mdd: -0.14531705
- SHY_r1m: 0.00105763
- SHY_r3m: 0.00339027
- SHY_r12m: 0.01091808
- SHY_vol3m: 0.01893656
- SHY_mdd: -0.03129865
- IEF_r1m: -0.01100199
- IEF_r3m: -0.02979233
- IEF_r12m: -0.03839013
- IEF_vol3m: 0.07986738
- IEF_mdd: -0.20369988
- TLT_r1m: -0.01693674
- TLT_r3m: -0.07294770
- TLT_r12m: -0.10592150
- TLT_vol3m: 0.15374491
- TLT_mdd: -0.41721582
- TIP_r1m: -0.00253172
- TIP_r3m: -0.01089258
- TIP_r12m: -0.02880446
- TIP_vol3m: 0.06120607
- TIP_mdd: -0.11950648
- LQD_r1m: -0.00490964
- LQD_r3m: -0.01093674
- LQD_r12m: 0.00519280
- LQD_vol3m: 0.08907237
- LQD_mdd: -0.18046643
- HYG_r1m: 0.00213716
- HYG_r3m: 0.01532696
- HYG_r12m: 0.04859415
- HYG_vol3m: 0.06137915
- HYG_mdd: -0.06260778
- GLD_r1m: 0.00456080
- GLD_r3m: -0.01994062
- GLD_r12m: 0.12221668
- GLD_vol3m: 0.08604235
- GLD_mdd: -0.07983906
- SLV_r1m: 0.01584253
- SLV_r3m: -0.04984286
- SLV_r12m: 0.24251315
- SLV_vol3m: 0.24723280
- SLV_mdd: -0.55226406
- DBC_r1m: 0.03024107
- DBC_r3m: 0.11253306
- DBC_r12m: 0.02722626
- DBC_vol3m: 0.13047107
- DBC_mdd: -0.18223065
- VNQ_r1m: -0.01935101
- VNQ_r3m: -0.00204045
- VNQ_r12m: -0.09863132
- VNQ_vol3m: 0.13569408
- VNQ_mdd: -0.25483659
- UUP_r1m: 0.02385122
- UUP_r3m: 0.02492979
- UUP_r12m: 0.00159589
- UUP_vol3m: 0.06443964
- UUP_mdd: -0.03987879
- BIL_r1m: 0.00409926
- BIL_r3m: 0.01287267
- BIL_r12m: 0.04274172
- BIL_vol3m: 0.00252981
- BIL_mdd: 0.00000000
- cross_vol: 0.10617023

Assets: SPY, QQQ, IWM, DIA, EFA, EEM, VEA, VWO, AGG, BND, SHY, IEF, TLT, TIP, LQD, HYG, GLD, SLV, DBC, VNQ, UUP, BIL","{""SPY"":0.3243243243,""QQQ"":0.1081081081,""IWM"":0.0540540541,""DIA"":0.027027027,""EFA"":0.027027027,""EEM"":0.027027027,""VEA"":0.027027027,""VWO"":0.027027027,""AGG"":0.027027027,""BND"":0.027027027,""SHY"":0.027027027,""IEF"":0.027027027,""TLT"":0.027027027,""TIP"":0.027027027,""LQD"":0.027027027,""HYG"":0.027027027,""GLD"":0.027027027,""SLV"":0.027027027,""DBC"":0.027027027,""VNQ"":0.027027027,""UUP"":0.027027027,""BIL"":0.027027027}","{""SPY"":0.3243243243,""QQQ"":0.1081081081,""IWM"":0.0540540541,""DIA"":0.027027027,""EFA"":0.027027027,""EEM"":0.027027027,""VEA"":0.027027027,""VWO"":0.027027027,""AGG"":0.027027027,""BND"":0.027027027,""SHY"":0.027027027,""IEF"":0.027027027,""TLT"":0.027027027,""TIP"":0.027027027,""LQD"":0.027027027,""HYG"":0.027027027,""GLD"":0.027027027,""SLV"":0.027027027,""DBC"":0.027027027,""VNQ"":0.027027027,""UUP"":0.027027027,""BIL"":0.027027027}","{""SPY"":0.019047619,""QQQ"":0.019047619,""IWM"":0.019047619,""DIA"":0.019047619,""EFA"":0.019047619,""EEM"":0.019047619,""VEA"":0.019047619,""VWO"":0.019047619,""AGG"":0.019047619,""BND"":0.019047619,""SHY"":0.019047619,""IEF"":0.019047619,""TLT"":0.019047619,""TIP"":0.019047619,""LQD"":0.019047619,""HYG"":0.019047619,""GLD"":0.019047619,""SLV"":0.019047619,""DBC"":0.019047619,""VNQ"":0.019047619,""UUP"":0.019047619,""BIL"":0.6}",0
29b7ad0ac695d462b9860a1d,p2_reconciliation_v1,A_wfcv_exact,gemma3:270m,P2,2025-11-12,13,3990,BIL,BIL,BIL,1,1,0.0,0.0012012012012015266,3b8ebfc1ce4ba3c8e8b34341f8855955c8066a231816bedb4f4d3cfeaa8f6e5a,5936,79a44ab83aa9d63b1a012908cb522bebc386491b1e0546c792fb0a325497ce3b,2412,1,0,0,2.0720217500056606,1,"{""weights"": {""SPY"": 0.019, ""QQQ"": 0.019, ""IWM"": 0.019, ""DIA"": 0.019, ""EFA"": 0.019, ""EEM"": 0.019, ""VEA"": 0.019, ""VWO"": 0.019, ""AGG"": 0.019, ""BND"": 0.019, ""SHY"": 0.019, ""IEF"": 0.019, ""TLT"": 0.019, ""TIP"": 0.019, ""LQD"": 0.019, ""HYG"": 0.019, ""GLD"": 0.019, ""SLV"": 0.019, ""DBC"": 0.019, ""VNQ"": 0.019, ""UUP"": 0.019, ""BIL"": 0.6}}","You are a DEFENSIVE LOW-VOLATILITY policy profile. Your task is to translate a natural-language risk-averse policy into provisional portfolio weights. Use only the provided feature values, not outside market knowledge. Identify the eligible asset that appears safest, defined by the lowest `_vol3m` value. This is a defensive single-core policy profile, so do not default to equal weights when one asset clearly has the lowest recent volatility. Allocate 60% of the total portfolio weight to this safest asset as the language-level policy target. The hard maximum-weight constraint is 60%. Do not solve the projection yourself; express the language-level target and let the projection layer enforce feasibility before execution. Distribute the remaining weight equally among all other eligible assets. Use only tickers from the provided asset list. Include every eligible ticker exactly once. Return strictly valid JSON only. The `weights` field MUST be a JSON object where keys are tickers and values are numeric portfolio weights expressed as decimals, not percentages.

### EXAMPLE 1
Features:
- AGG_mdd: -0.003137
- AGG_r12m: 0.081208
- AGG_r1m: 0.003351
- AGG_r3m: 0.030204
- AGG_vol3m: 0.027573
- BIL_mdd: -0.000109
- BIL_r12m: 0.021715
- BIL_r1m: 0.001586
- BIL_r3m: 0.005643
- BIL_vol3m: 0.001876
- BND_mdd: -0.003726
- BND_r12m: 0.079321
TargetWeights(JSON): {""SPY"": 0.019, ""QQQ"": 0.019, ""IWM"": 0.019, ""DIA"": 0.019, ""EFA"": 0.019, ""EEM"": 0.019, ""VEA"": 0.019, ""VWO"": 0.019, ""AGG"": 0.019, ""BND"": 0.019, ""SHY"": 0.019, ""IEF"": 0.019, ""TLT"": 0.019, ""TIP"": 0.019, ""LQD"": 0.019, ""HYG"": 0.019, ""GLD"": 0.019, ""SLV"": 0.019, ""DBC"": 0.019, ""VNQ"": 0.019, ""UUP"": 0.019, ""BIL"": 0.6}
### EXAMPLE 2
Features:
- AGG_mdd: -0.006534
- AGG_r12m: 0.005103
- AGG_r1m: 0.001254
- AGG_r3m: 0.003531
- AGG_vol3m: 0.023616
- BIL_mdd: 0.000000
- BIL_r12m: 0.005153
- BIL_r1m: 0.000480
- BIL_r3m: 0.002342
- BIL_vol3m: 0.003015
- BND_mdd: -0.007401
- BND_r12m: 0.008450
TargetWeights(JSON): {""SPY"": 0.019, ""QQQ"": 0.019, ""IWM"": 0.019, ""DIA"": 0.019, ""EFA"": 0.019, ""EEM"": 0.019, ""VEA"": 0.019, ""VWO"": 0.019, ""AGG"": 0.019, ""BND"": 0.019, ""SHY"": 0.019, ""IEF"": 0.019, ""TLT"": 0.019, ""TIP"": 0.019, ""LQD"": 0.019, ""HYG"": 0.019, ""GLD"": 0.019, ""SLV"": 0.019, ""DBC"": 0.019, ""VNQ"": 0.019, ""UUP"": 0.019, ""BIL"": 0.6}
### EXAMPLE 3
Features:
- AGG_mdd: -0.005079
- AGG_r12m: 0.054944
- AGG_r1m: 0.002489
- AGG_r3m: 0.029273
- AGG_vol3m: 0.051778
- BIL_mdd: -0.000654
- BIL_r12m: -0.000436
- BIL_r1m: -0.000436
- BIL_r3m: -0.000436
- BIL_vol3m: 0.002780
- BND_mdd: -0.003934
- BND_r12m: 0.058634
TargetWeights(JSON): {""SPY"": 0.019, ""QQQ"": 0.019, ""IWM"": 0.019, ""DIA"": 0.019, ""EFA"": 0.019, ""EEM"": 0.019, ""VEA"": 0.019, ""VWO"": 0.019, ""AGG"": 0.019, ""BND"": 0.019, ""SHY"": 0.019, ""IEF"": 0.019, ""TLT"": 0.019, ""TIP"": 0.019, ""LQD"": 0.019, ""HYG"": 0.019, ""GLD"": 0.019, ""SLV"": 0.019, ""DBC"": 0.019, ""VNQ"": 0.019, ""UUP"": 0.019, ""BIL"": 0.6}
### EXAMPLE 4
Features:
- AGG_mdd: -0.118538
- AGG_r12m: -0.105797
- AGG_r1m: -0.021664
- AGG_r3m: -0.017161
- AGG_vol3m: 0.083806
- BIL_mdd: 0.000000
- BIL_r12m: 0.002880
- BIL_r1m: 0.001719
- BIL_r3m: 0.002419
- BIL_vol3m: 0.002262
- BND_mdd: -0.121412
- BND_r12m: -0.107728
TargetWeights(JSON): {""SPY"": 0.019, ""QQQ"": 0.019, ""IWM"": 0.019, ""DIA"": 0.019, ""EFA"": 0.019, ""EEM"": 0.019, ""VEA"": 0.019, ""VWO"": 0.019, ""AGG"": 0.019, ""BND"": 0.019, ""SHY"": 0.019, ""IEF"": 0.019, ""TLT"": 0.019, ""TIP"": 0.019, ""LQD"": 0.019, ""HYG"": 0.019, ""GLD"": 0.019, ""SLV"": 0.019, ""DBC"": 0.019, ""VNQ"": 0.019, ""UUP"": 0.019, ""BIL"": 0.6}

Current Features:
- AGG_mdd: -0.025032
- AGG_r12m: 0.060001
- AGG_r1m: -0.000321
- AGG_r3m: 0.023400
- AGG_vol3m: 0.033536
- BIL_mdd: 0.000000
- BIL_r12m: 0.042516
- BIL_r1m: 0.002984
- BIL_r3m: 0.009939
- BIL_vol3m: 0.001989
- BND_mdd: -0.027124
- BND_r12m: 0.059237
- BND_r1m: -0.000207
- BND_r3m: 0.022860
- BND_vol3m: 0.033157
- DBC_mdd: -0.174034
- DBC_r12m: 0.078668
- DBC_r1m: 0.042534
- DBC_r3m: 0.054945
- DBC_vol3m: 0.127126
- DIA_mdd: 0.000000
- DIA_r12m: 0.114102
- DIA_r1m: 0.043684
- DIA_r3m: 0.078880
- DIA_vol3m: 0.097827
- EEM_mdd: -0.007677
- EEM_r12m: 0.278070
- EEM_r1m: 0.049273
- EEM_r3m: 0.114274
- EEM_vol3m: 0.152850
- EFA_mdd: 0.000000
- EFA_r12m: 0.257842
- EFA_r1m: 0.033833
- EFA_r3m: 0.053573
- EFA_vol3m: 0.102599
- GLD_mdd: -0.042565
- GLD_r12m: 0.556662
- GLD_r1m: 0.013656
- GLD_r3m: 0.256273
- GLD_vol3m: 0.229195
- HYG_mdd: -0.004174
- HYG_r12m: 0.069284
- HYG_r1m: 0.004975
- HYG_r3m: 0.016286
- HYG_vol3m: 0.036450
- IEF_mdd: -0.106452
- IEF_r12m: 0.068366
- IEF_r1m: -0.000257
- IEF_r3m: 0.024959
- IEF_vol3m: 0.042188
- IWM_mdd: -0.026725
- IWM_r12m: 0.034292
- IWM_r1m: -0.017184
- IWM_r3m: 0.070501
- IWM_vol3m: 0.185462
- LQD_mdd: -0.041040
- LQD_r12m: 0.057393
- LQD_r1m: -0.005326
- LQD_r3m: 0.022055
- LQD_vol3m: 0.048905
- QQQ_mdd: -0.023106
- QQQ_r12m: 0.214517
- QQQ_r1m: 0.038595
- QQQ_r3m: 0.072272
- QQQ_vol3m: 0.153262
- SHY_mdd: -0.000362
- SHY_r12m: 0.049322
- SHY_r1m: 0.001005
- SHY_r3m: 0.011254
- SHY_vol3m: 0.011567
- SLV_mdd: -0.017287
- SLV_r12m: 0.696629
- SLV_r1m: 0.032479
- SLV_r3m: 0.400580
- SLV_vol3m: 0.326039
- SPY_mdd: -0.005834
- SPY_r12m: 0.156302
- SPY_r1m: 0.031938
- SPY_r3m: 0.062524
- SPY_vol3m: 0.109990
- TIP_mdd: -0.011715
- TIP_r12m: 0.056492
- TIP_r1m: -0.001600
- TIP_r3m: 0.016877
- TIP_vol3m: 0.033576
- TLT_mdd: -0.387049
- TLT_r12m: 0.017634
- TLT_r1m: -0.004561
- TLT_r3m: 0.046948
- TLT_vol3m: 0.095360
- UUP_mdd: -0.056951
- UUP_r12m: -0.003375
- UUP_r1m: 0.008599
- UUP_r3m: 0.026249
- UUP_vol3m: 0.059407
- VEA_mdd: 0.000000
- VEA_r12m: 0.276859
- VEA_r1m: 0.035845
- VEA_r3m: 0.065135
- VEA_vol3m: 0.106220
- VNQ_mdd: -0.095232
- VNQ_r12m: -0.018336
- VNQ_r1m: 0.010156
- VNQ_r3m: 0.024837
- VNQ_vol3m: 0.135694
- VWO_mdd: -0.008069
- VWO_r12m: 0.221893
- VWO_r1m: 0.033632
- VWO_r3m: 0.085860
- VWO_vol3m: 0.138285
- cross_vol: 0.102758
Assets: SPY, QQQ, IWM, DIA, EFA, EEM, VEA, VWO, AGG, BND, SHY, IEF, TLT, TIP, LQD, HYG, GLD, SLV, DBC, VNQ, UUP, BIL","{""SPY"":0.019019019,""QQQ"":0.019019019,""IWM"":0.019019019,""DIA"":0.019019019,""EFA"":0.019019019,""EEM"":0.019019019,""VEA"":0.019019019,""VWO"":0.019019019,""AGG"":0.019019019,""BND"":0.019019019,""SHY"":0.019019019,""IEF"":0.019019019,""TLT"":0.019019019,""TIP"":0.019019019,""LQD"":0.019019019,""HYG"":0.019019019,""GLD"":0.019019019,""SLV"":0.019019019,""DBC"":0.019019019,""VNQ"":0.019019019,""UUP"":0.019019019,""BIL"":0.6006006006}","{""SPY"":0.019047619,""QQQ"":0.019047619,""IWM"":0.019047619,""DIA"":0.019047619,""EFA"":0.019047619,""EEM"":0.019047619,""VEA"":0.019047619,""VWO"":0.019047619,""AGG"":0.019047619,""BND"":0.019047619,""SHY"":0.019047619,""IEF"":0.019047619,""TLT"":0.019047619,""TIP"":0.019047619,""LQD"":0.019047619,""HYG"":0.019047619,""GLD"":0.019047619,""SLV"":0.019047619,""DBC"":0.019047619,""VNQ"":0.019047619,""UUP"":0.019047619,""BIL"":0.6}","{""SPY"":0.019047619,""QQQ"":0.019047619,""IWM"":0.019047619,""DIA"":0.019047619,""EFA"":0.019047619,""EEM"":0.019047619,""VEA"":0.019047619,""VWO"":0.019047619,""AGG"":0.019047619,""BND"":0.019047619,""SHY"":0.019047619,""IEF"":0.019047619,""TLT"":0.019047619,""TIP"":0.019047619,""LQD"":0.019047619,""HYG"":0.019047619,""GLD"":0.019047619,""SLV"":0.019047619,""DBC"":0.019047619,""VNQ"":0.019047619,""UUP"":0.019047619,""BIL"":0.6}",0
476623bb0e2ad7280f54c2e4,p2_reconciliation_v1,B_wfcv_no_fewshot,gemma3:270m,P2,2025-11-12,13,3990,BIL,SPY,SPY,0,0,1.1090909090909091,3.0531133177191805e-16,dac38a07cb5d293fa81685b4cd562899f7d751aa0a8fece9adc16e24676d77f7,3524,e3b0c44298fc1c149afbf4c8996fb92427ae41e4649b934ca495991b7852b855,0,1,0,0,1.4620286249992205,1,"{""weights"": {""SPY"": 60, ""QQQ"": 60, ""IWM"": 60, ""DIA"": 60, ""EFA"": 60, ""EEM"": 60, ""VEA"": 60, ""VWO"": 60, ""AGG"": 60, ""BND"": 60, ""SHY"": 60, ""IEF"": 60, ""TLT"": 60, ""TIP"": 60, ""LQD"": 60, ""HYG"": 60, ""GLD"": 60, ""SLV"": 60, ""DBC"": 60, ""VNQ"": 60, ""UUP"": 60, ""BIL"": 60}}","You are a DEFENSIVE LOW-VOLATILITY policy profile. Your task is to translate a natural-language risk-averse policy into provisional portfolio weights. Use only the provided feature values, not outside market knowledge. Identify the eligible asset that appears safest, defined by the lowest `_vol3m` value. This is a defensive single-core policy profile, so do not default to equal weights when one asset clearly has the lowest recent volatility. Allocate 60% of the total portfolio weight to this safest asset as the language-level policy target. The hard maximum-weight constraint is 60%. Do not solve the projection yourself; express the language-level target and let the projection layer enforce feasibility before execution. Distribute the remaining weight equally among all other eligible assets. Use only tickers from the provided asset list. Include every eligible ticker exactly once. Return strictly valid JSON only. The `weights` field MUST be a JSON object where keys are tickers and values are numeric portfolio weights expressed as decimals, not percentages.



Current Features:
- AGG_mdd: -0.025032
- AGG_r12m: 0.060001
- AGG_r1m: -0.000321
- AGG_r3m: 0.023400
- AGG_vol3m: 0.033536
- BIL_mdd: 0.000000
- BIL_r12m: 0.042516
- BIL_r1m: 0.002984
- BIL_r3m: 0.009939
- BIL_vol3m: 0.001989
- BND_mdd: -0.027124
- BND_r12m: 0.059237
- BND_r1m: -0.000207
- BND_r3m: 0.022860
- BND_vol3m: 0.033157
- DBC_mdd: -0.174034
- DBC_r12m: 0.078668
- DBC_r1m: 0.042534
- DBC_r3m: 0.054945
- DBC_vol3m: 0.127126
- DIA_mdd: 0.000000
- DIA_r12m: 0.114102
- DIA_r1m: 0.043684
- DIA_r3m: 0.078880
- DIA_vol3m: 0.097827
- EEM_mdd: -0.007677
- EEM_r12m: 0.278070
- EEM_r1m: 0.049273
- EEM_r3m: 0.114274
- EEM_vol3m: 0.152850
- EFA_mdd: 0.000000
- EFA_r12m: 0.257842
- EFA_r1m: 0.033833
- EFA_r3m: 0.053573
- EFA_vol3m: 0.102599
- GLD_mdd: -0.042565
- GLD_r12m: 0.556662
- GLD_r1m: 0.013656
- GLD_r3m: 0.256273
- GLD_vol3m: 0.229195
- HYG_mdd: -0.004174
- HYG_r12m: 0.069284
- HYG_r1m: 0.004975
- HYG_r3m: 0.016286
- HYG_vol3m: 0.036450
- IEF_mdd: -0.106452
- IEF_r12m: 0.068366
- IEF_r1m: -0.000257
- IEF_r3m: 0.024959
- IEF_vol3m: 0.042188
- IWM_mdd: -0.026725
- IWM_r12m: 0.034292
- IWM_r1m: -0.017184
- IWM_r3m: 0.070501
- IWM_vol3m: 0.185462
- LQD_mdd: -0.041040
- LQD_r12m: 0.057393
- LQD_r1m: -0.005326
- LQD_r3m: 0.022055
- LQD_vol3m: 0.048905
- QQQ_mdd: -0.023106
- QQQ_r12m: 0.214517
- QQQ_r1m: 0.038595
- QQQ_r3m: 0.072272
- QQQ_vol3m: 0.153262
- SHY_mdd: -0.000362
- SHY_r12m: 0.049322
- SHY_r1m: 0.001005
- SHY_r3m: 0.011254
- SHY_vol3m: 0.011567
- SLV_mdd: -0.017287
- SLV_r12m: 0.696629
- SLV_r1m: 0.032479
- SLV_r3m: 0.400580
- SLV_vol3m: 0.326039
- SPY_mdd: -0.005834
- SPY_r12m: 0.156302
- SPY_r1m: 0.031938
- SPY_r3m: 0.062524
- SPY_vol3m: 0.109990
- TIP_mdd: -0.011715
- TIP_r12m: 0.056492
- TIP_r1m: -0.001600
- TIP_r3m: 0.016877
- TIP_vol3m: 0.033576
- TLT_mdd: -0.387049
- TLT_r12m: 0.017634
- TLT_r1m: -0.004561
- TLT_r3m: 0.046948
- TLT_vol3m: 0.095360
- UUP_mdd: -0.056951
- UUP_r12m: -0.003375
- UUP_r1m: 0.008599
- UUP_r3m: 0.026249
- UUP_vol3m: 0.059407
- VEA_mdd: 0.000000
- VEA_r12m: 0.276859
- VEA_r1m: 0.035845
- VEA_r3m: 0.065135
- VEA_vol3m: 0.106220
- VNQ_mdd: -0.095232
- VNQ_r12m: -0.018336
- VNQ_r1m: 0.010156
- VNQ_r3m: 0.024837
- VNQ_vol3m: 0.135694
- VWO_mdd: -0.008069
- VWO_r12m: 0.221893
- VWO_r1m: 0.033632
- VWO_r3m: 0.085860
- VWO_vol3m: 0.138285
- cross_vol: 0.102758
Assets: SPY, QQQ, IWM, DIA, EFA, EEM, VEA, VWO, AGG, BND, SHY, IEF, TLT, TIP, LQD, HYG, GLD, SLV, DBC, VNQ, UUP, BIL","{""SPY"":0.0454545455,""QQQ"":0.0454545455,""IWM"":0.0454545455,""DIA"":0.0454545455,""EFA"":0.0454545455,""EEM"":0.0454545455,""VEA"":0.0454545455,""VWO"":0.0454545455,""AGG"":0.0454545455,""BND"":0.0454545455,""SHY"":0.0454545455,""IEF"":0.0454545455,""TLT"":0.0454545455,""TIP"":0.0454545455,""LQD"":0.0454545455,""HYG"":0.0454545455,""GLD"":0.0454545455,""SLV"":0.0454545455,""DBC"":0.0454545455,""VNQ"":0.0454545455,""UUP"":0.0454545455,""BIL"":0.0454545455}","{""SPY"":0.0454545455,""QQQ"":0.0454545455,""IWM"":0.0454545455,""DIA"":0.0454545455,""EFA"":0.0454545455,""EEM"":0.0454545455,""VEA"":0.0454545455,""VWO"":0.0454545455,""AGG"":0.0454545455,""BND"":0.0454545455,""SHY"":0.0454545455,""IEF"":0.0454545455,""TLT"":0.0454545455,""TIP"":0.0454545455,""LQD"":0.0454545455,""HYG"":0.0454545455,""GLD"":0.0454545455,""SLV"":0.0454545455,""DBC"":0.0454545455,""VNQ"":0.0454545455,""UUP"":0.0454545455,""BIL"":0.0454545455}","{""SPY"":0.019047619,""QQQ"":0.019047619,""IWM"":0.019047619,""DIA"":0.019047619,""EFA"":0.019047619,""EEM"":0.019047619,""VEA"":0.019047619,""VWO"":0.019047619,""AGG"":0.019047619,""BND"":0.019047619,""SHY"":0.019047619,""IEF"":0.019047619,""TLT"":0.019047619,""TIP"":0.019047619,""LQD"":0.019047619,""HYG"":0.019047619,""GLD"":0.019047619,""SLV"":0.019047619,""DBC"":0.019047619,""VNQ"":0.019047619,""UUP"":0.019047619,""BIL"":0.6}",0
227e22bcee05a6a1bce560da,p2_reconciliation_v1,C_bridge_canonical,gemma3:270m,P2,2025-11-12,13,3990,BIL,IWM,IWM,0,0,1.3478867907244387,2.0469737016526324e-16,b962de2c2f3b3dc4d419bebd2aeee3b7e6e72fd60293ae81f946815d743f1cff,3360,e3b0c44298fc1c149afbf4c8996fb92427ae41e4649b934ca495991b7852b855,0,1,0,0,2.3856008750008186,1,"{""weights"": {""SPY"": 0.03193761, ""QQQ"": 0.03859526, ""IWM"": 0.07050072, ""DIA"": 0.04368370, ""EFA"": 0.03383294, ""EEM"": 0.05357334, ""VEA"": 0.06513520, ""VWO"": 0.03363232, ""AGG"": 0.02340038, ""BND"": 0.02285986, ""SHY"": 0.00100457, ""IEF"": 0.00025662, ""TLT"": 0.04694841, ""TIP"": 0.00159973, ""LQD"": 0.00532574, ""HYG"": 0.00497527, ""GLD"": 0.01365577, ""SLV"": 0.03247864, ""DBC"": 0.04253393, ""VNQ"": 0.01015641, ""UUP"": 0.00859902, ""BIL"": 0.00298431}
}","You are a DEFENSIVE LOW-VOLATILITY policy profile. Use only the provided feature values. Strongly favor the eligible asset with the lowest `_vol3m` value. Allocate 60.0% of total portfolio weight to that target asset as the language-level policy target. Distribute the remaining weight equally among all other eligible assets. Include every eligible ticker exactly once. Return strictly valid JSON only with a `weights` object whose values are decimals, not percentages.
Hard constraints for the execution layer: long-only weights, weights sum to one, maximum single-asset weight 0.60, and turnover cap 0.25. You propose weights; deterministic projection will enforce final feasibility.

Current Features:
- SPY_r1m: 0.03193761
- SPY_r3m: 0.06252360
- SPY_r12m: 0.15630177
- SPY_vol3m: 0.10999037
- SPY_mdd: -0.00583366
- QQQ_r1m: 0.03859526
- QQQ_r3m: 0.07227230
- QQQ_r12m: 0.21451720
- QQQ_vol3m: 0.15326246
- QQQ_mdd: -0.02310593
- IWM_r1m: -0.01718440
- IWM_r3m: 0.07050072
- IWM_r12m: 0.03429165
- IWM_vol3m: 0.18546221
- IWM_mdd: -0.02672480
- DIA_r1m: 0.04368370
- DIA_r3m: 0.07887964
- DIA_r12m: 0.11410204
- DIA_vol3m: 0.09782733
- DIA_mdd: 0.00000000
- EFA_r1m: 0.03383294
- EFA_r3m: 0.05357334
- EFA_r12m: 0.25784159
- EFA_vol3m: 0.10259857
- EFA_mdd: 0.00000000
- EEM_r1m: 0.04927312
- EEM_r3m: 0.11427419
- EEM_r12m: 0.27807017
- EEM_vol3m: 0.15285035
- EEM_mdd: -0.00767721
- VEA_r1m: 0.03584535
- VEA_r3m: 0.06513520
- VEA_r12m: 0.27685936
- VEA_vol3m: 0.10621961
- VEA_mdd: 0.00000000
- VWO_r1m: 0.03363232
- VWO_r3m: 0.08586013
- VWO_r12m: 0.22189348
- VWO_vol3m: 0.13828475
- VWO_mdd: -0.00806884
- AGG_r1m: -0.00032073
- AGG_r3m: 0.02340038
- AGG_r12m: 0.06000132
- AGG_vol3m: 0.03353638
- AGG_mdd: -0.02503216
- BND_r1m: -0.00020731
- BND_r3m: 0.02285986
- BND_r12m: 0.05923711
- BND_vol3m: 0.03315657
- BND_mdd: -0.02712397
- SHY_r1m: 0.00100457
- SHY_r3m: 0.01125422
- SHY_r12m: 0.04932209
- SHY_vol3m: 0.01156697
- SHY_mdd: -0.00036202
- IEF_r1m: -0.00025662
- IEF_r3m: 0.02495880
- IEF_r12m: 0.06836622
- IEF_vol3m: 0.04218761
- IEF_mdd: -0.10645241
- TLT_r1m: -0.00456130
- TLT_r3m: 0.04694841
- TLT_r12m: 0.01763418
- TLT_vol3m: 0.09536001
- TLT_mdd: -0.38704946
- TIP_r1m: -0.00159973
- TIP_r3m: 0.01687729
- TIP_r12m: 0.05649214
- TIP_vol3m: 0.03357589
- TIP_mdd: -0.01171454
- LQD_r1m: -0.00532574
- LQD_r3m: 0.02205455
- LQD_r12m: 0.05739320
- LQD_vol3m: 0.04890507
- LQD_mdd: -0.04103987
- HYG_r1m: 0.00497527
- HYG_r3m: 0.01628560
- HYG_r12m: 0.06928412
- HYG_vol3m: 0.03644963
- HYG_mdd: -0.00417415
- GLD_r1m: 0.01365577
- GLD_r3m: 0.25627336
- GLD_r12m: 0.55666228
- GLD_vol3m: 0.22919461
- GLD_mdd: -0.04256481
- SLV_r1m: 0.03247864
- SLV_r3m: 0.40057970
- SLV_r12m: 0.69662923
- SLV_vol3m: 0.32603852
- SLV_mdd: -0.01728693
- DBC_r1m: 0.04253393
- DBC_r3m: 0.05494510
- DBC_r12m: 0.07866814
- DBC_vol3m: 0.12712619
- DBC_mdd: -0.17403438
- VNQ_r1m: 0.01015641
- VNQ_r3m: 0.02483721
- VNQ_r12m: -0.01833569
- VNQ_vol3m: 0.13569352
- VNQ_mdd: -0.09523176
- UUP_r1m: 0.00859902
- UUP_r3m: 0.02624856
- UUP_r12m: -0.00337467
- UUP_vol3m: 0.05940672
- UUP_mdd: -0.05695148
- BIL_r1m: 0.00298431
- BIL_r3m: 0.00993929
- BIL_r12m: 0.04251618
- BIL_vol3m: 0.00198856
- BIL_mdd: 0.00000000
- cross_vol: 0.10275827

Assets: SPY, QQQ, IWM, DIA, EFA, EEM, VEA, VWO, AGG, BND, SHY, IEF, TLT, TIP, LQD, HYG, GLD, SLV, DBC, VNQ, UUP, BIL","{""SPY"":0.0543461868,""QQQ"":0.0656750837,""IWM"":0.1199665629,""DIA"":0.0743337563,""EFA"":0.0575713485,""EEM"":0.0911623237,""VEA"":0.1108364009,""VWO"":0.0572299663,""AGG"":0.0398189289,""BND"":0.0388991606,""SHY"":0.0017094125,""IEF"":0.0004366738,""TLT"":0.0798891044,""TIP"":0.0027221582,""LQD"":0.0090624709,""HYG"":0.0084660985,""GLD"":0.0232371498,""SLV"":0.0552668229,""DBC"":0.0723772663,""VNQ"":0.0172825128,""UUP"":0.014632402,""BIL"":0.0050782093}","{""SPY"":0.0543461868,""QQQ"":0.0656750837,""IWM"":0.1199665629,""DIA"":0.0743337563,""EFA"":0.0575713485,""EEM"":0.0911623237,""VEA"":0.1108364009,""VWO"":0.0572299663,""AGG"":0.0398189289,""BND"":0.0388991606,""SHY"":0.0017094125,""IEF"":0.0004366738,""TLT"":0.0798891044,""TIP"":0.0027221582,""LQD"":0.0090624709,""HYG"":0.0084660985,""GLD"":0.0232371498,""SLV"":0.0552668229,""DBC"":0.0723772663,""VNQ"":0.0172825128,""UUP"":0.014632402,""BIL"":0.0050782093}","{""SPY"":0.019047619,""QQQ"":0.019047619,""IWM"":0.019047619,""DIA"":0.019047619,""EFA"":0.019047619,""EEM"":0.019047619,""VEA"":0.019047619,""VWO"":0.019047619,""AGG"":0.019047619,""BND"":0.019047619,""SHY"":0.019047619,""IEF"":0.019047619,""TLT"":0.019047619,""TIP"":0.019047619,""LQD"":0.019047619,""HYG"":0.019047619,""GLD"":0.019047619,""SLV"":0.019047619,""DBC"":0.019047619,""VNQ"":0.019047619,""UUP"":0.019047619,""BIL"":0.6}",0
a6a10c3244771b243db94a9d,p2_reconciliation_v1,A_wfcv_exact,gemma3:1b,P2,2025-11-12,13,3990,BIL,BIL,BIL,1,1,0.0,0.0012012012012015266,3b8ebfc1ce4ba3c8e8b34341f8855955c8066a231816bedb4f4d3cfeaa8f6e5a,5936,79a44ab83aa9d63b1a012908cb522bebc386491b1e0546c792fb0a325497ce3b,2412,1,0,0,4.903513582990854,1,"{""weights"": {""SPY"": 0.019, ""QQQ"": 0.019, ""IWM"": 0.019, ""DIA"": 0.019, ""EFA"": 0.019, ""EEM"": 0.019, ""VEA"": 0.019, ""VWO"": 0.019, ""AGG"": 0.019, ""BND"": 0.019, ""SHY"": 0.019, ""IEF"": 0.019, ""TLT"": 0.019, ""TIP"": 0.019, ""LQD"": 0.019, ""HYG"": 0.019, ""GLD"": 0.019, ""SLV"": 0.019, ""DBC"": 0.019, ""VNQ"": 0.019, ""UUP"": 0.019, ""BIL"": 0.6}}","You are a DEFENSIVE LOW-VOLATILITY policy profile. Your task is to translate a natural-language risk-averse policy into provisional portfolio weights. Use only the provided feature values, not outside market knowledge. Identify the eligible asset that appears safest, defined by the lowest `_vol3m` value. This is a defensive single-core policy profile, so do not default to equal weights when one asset clearly has the lowest recent volatility. Allocate 60% of the total portfolio weight to this safest asset as the language-level policy target. The hard maximum-weight constraint is 60%. Do not solve the projection yourself; express the language-level target and let the projection layer enforce feasibility before execution. Distribute the remaining weight equally among all other eligible assets. Use only tickers from the provided asset list. Include every eligible ticker exactly once. Return strictly valid JSON only. The `weights` field MUST be a JSON object where keys are tickers and values are numeric portfolio weights expressed as decimals, not percentages.

### EXAMPLE 1
Features:
- AGG_mdd: -0.003137
- AGG_r12m: 0.081208
- AGG_r1m: 0.003351
- AGG_r3m: 0.030204
- AGG_vol3m: 0.027573
- BIL_mdd: -0.000109
- BIL_r12m: 0.021715
- BIL_r1m: 0.001586
- BIL_r3m: 0.005643
- BIL_vol3m: 0.001876
- BND_mdd: -0.003726
- BND_r12m: 0.079321
TargetWeights(JSON): {""SPY"": 0.019, ""QQQ"": 0.019, ""IWM"": 0.019, ""DIA"": 0.019, ""EFA"": 0.019, ""EEM"": 0.019, ""VEA"": 0.019, ""VWO"": 0.019, ""AGG"": 0.019, ""BND"": 0.019, ""SHY"": 0.019, ""IEF"": 0.019, ""TLT"": 0.019, ""TIP"": 0.019, ""LQD"": 0.019, ""HYG"": 0.019, ""GLD"": 0.019, ""SLV"": 0.019, ""DBC"": 0.019, ""VNQ"": 0.019, ""UUP"": 0.019, ""BIL"": 0.6}
### EXAMPLE 2
Features:
- AGG_mdd: -0.006534
- AGG_r12m: 0.005103
- AGG_r1m: 0.001254
- AGG_r3m: 0.003531
- AGG_vol3m: 0.023616
- BIL_mdd: 0.000000
- BIL_r12m: 0.005153
- BIL_r1m: 0.000480
- BIL_r3m: 0.002342
- BIL_vol3m: 0.003015
- BND_mdd: -0.007401
- BND_r12m: 0.008450
TargetWeights(JSON): {""SPY"": 0.019, ""QQQ"": 0.019, ""IWM"": 0.019, ""DIA"": 0.019, ""EFA"": 0.019, ""EEM"": 0.019, ""VEA"": 0.019, ""VWO"": 0.019, ""AGG"": 0.019, ""BND"": 0.019, ""SHY"": 0.019, ""IEF"": 0.019, ""TLT"": 0.019, ""TIP"": 0.019, ""LQD"": 0.019, ""HYG"": 0.019, ""GLD"": 0.019, ""SLV"": 0.019, ""DBC"": 0.019, ""VNQ"": 0.019, ""UUP"": 0.019, ""BIL"": 0.6}
### EXAMPLE 3
Features:
- AGG_mdd: -0.005079
- AGG_r12m: 0.054944
- AGG_r1m: 0.002489
- AGG_r3m: 0.029273
- AGG_vol3m: 0.051778
- BIL_mdd: -0.000654
- BIL_r12m: -0.000436
- BIL_r1m: -0.000436
- BIL_r3m: -0.000436
- BIL_vol3m: 0.002780
- BND_mdd: -0.003934
- BND_r12m: 0.058634
TargetWeights(JSON): {""SPY"": 0.019, ""QQQ"": 0.019, ""IWM"": 0.019, ""DIA"": 0.019, ""EFA"": 0.019, ""EEM"": 0.019, ""VEA"": 0.019, ""VWO"": 0.019, ""AGG"": 0.019, ""BND"": 0.019, ""SHY"": 0.019, ""IEF"": 0.019, ""TLT"": 0.019, ""TIP"": 0.019, ""LQD"": 0.019, ""HYG"": 0.019, ""GLD"": 0.019, ""SLV"": 0.019, ""DBC"": 0.019, ""VNQ"": 0.019, ""UUP"": 0.019, ""BIL"": 0.6}
### EXAMPLE 4
Features:
- AGG_mdd: -0.118538
- AGG_r12m: -0.105797
- AGG_r1m: -0.021664
- AGG_r3m: -0.017161
- AGG_vol3m: 0.083806
- BIL_mdd: 0.000000
- BIL_r12m: 0.002880
- BIL_r1m: 0.001719
- BIL_r3m: 0.002419
- BIL_vol3m: 0.002262
- BND_mdd: -0.121412
- BND_r12m: -0.107728
TargetWeights(JSON): {""SPY"": 0.019, ""QQQ"": 0.019, ""IWM"": 0.019, ""DIA"": 0.019, ""EFA"": 0.019, ""EEM"": 0.019, ""VEA"": 0.019, ""VWO"": 0.019, ""AGG"": 0.019, ""BND"": 0.019, ""SHY"": 0.019, ""IEF"": 0.019, ""TLT"": 0.019, ""TIP"": 0.019, ""LQD"": 0.019, ""HYG"": 0.019, ""GLD"": 0.019, ""SLV"": 0.019, ""DBC"": 0.019, ""VNQ"": 0.019, ""UUP"": 0.019, ""BIL"": 0.6}

Current Features:
- AGG_mdd: -0.025032
- AGG_r12m: 0.060001
- AGG_r1m: -0.000321
- AGG_r3m: 0.023400
- AGG_vol3m: 0.033536
- BIL_mdd: 0.000000
- BIL_r12m: 0.042516
- BIL_r1m: 0.002984
- BIL_r3m: 0.009939
- BIL_vol3m: 0.001989
- BND_mdd: -0.027124
- BND_r12m: 0.059237
- BND_r1m: -0.000207
- BND_r3m: 0.022860
- BND_vol3m: 0.033157
- DBC_mdd: -0.174034
- DBC_r12m: 0.078668
- DBC_r1m: 0.042534
- DBC_r3m: 0.054945
- DBC_vol3m: 0.127126
- DIA_mdd: 0.000000
- DIA_r12m: 0.114102
- DIA_r1m: 0.043684
- DIA_r3m: 0.078880
- DIA_vol3m: 0.097827
- EEM_mdd: -0.007677
- EEM_r12m: 0.278070
- EEM_r1m: 0.049273
- EEM_r3m: 0.114274
- EEM_vol3m: 0.152850
- EFA_mdd: 0.000000
- EFA_r12m: 0.257842
- EFA_r1m: 0.033833
- EFA_r3m: 0.053573
- EFA_vol3m: 0.102599
- GLD_mdd: -0.042565
- GLD_r12m: 0.556662
- GLD_r1m: 0.013656
- GLD_r3m: 0.256273
- GLD_vol3m: 0.229195
- HYG_mdd: -0.004174
- HYG_r12m: 0.069284
- HYG_r1m: 0.004975
- HYG_r3m: 0.016286
- HYG_vol3m: 0.036450
- IEF_mdd: -0.106452
- IEF_r12m: 0.068366
- IEF_r1m: -0.000257
- IEF_r3m: 0.024959
- IEF_vol3m: 0.042188
- IWM_mdd: -0.026725
- IWM_r12m: 0.034292
- IWM_r1m: -0.017184
- IWM_r3m: 0.070501
- IWM_vol3m: 0.185462
- LQD_mdd: -0.041040
- LQD_r12m: 0.057393
- LQD_r1m: -0.005326
- LQD_r3m: 0.022055
- LQD_vol3m: 0.048905
- QQQ_mdd: -0.023106
- QQQ_r12m: 0.214517
- QQQ_r1m: 0.038595
- QQQ_r3m: 0.072272
- QQQ_vol3m: 0.153262
- SHY_mdd: -0.000362
- SHY_r12m: 0.049322
- SHY_r1m: 0.001005
- SHY_r3m: 0.011254
- SHY_vol3m: 0.011567
- SLV_mdd: -0.017287
- SLV_r12m: 0.696629
- SLV_r1m: 0.032479
- SLV_r3m: 0.400580
- SLV_vol3m: 0.326039
- SPY_mdd: -0.005834
- SPY_r12m: 0.156302
- SPY_r1m: 0.031938
- SPY_r3m: 0.062524
- SPY_vol3m: 0.109990
- TIP_mdd: -0.011715
- TIP_r12m: 0.056492
- TIP_r1m: -0.001600
- TIP_r3m: 0.016877
- TIP_vol3m: 0.033576
- TLT_mdd: -0.387049
- TLT_r12m: 0.017634
- TLT_r1m: -0.004561
- TLT_r3m: 0.046948
- TLT_vol3m: 0.095360
- UUP_mdd: -0.056951
- UUP_r12m: -0.003375
- UUP_r1m: 0.008599
- UUP_r3m: 0.026249
- UUP_vol3m: 0.059407
- VEA_mdd: 0.000000
- VEA_r12m: 0.276859
- VEA_r1m: 0.035845
- VEA_r3m: 0.065135
- VEA_vol3m: 0.106220
- VNQ_mdd: -0.095232
- VNQ_r12m: -0.018336
- VNQ_r1m: 0.010156
- VNQ_r3m: 0.024837
- VNQ_vol3m: 0.135694
- VWO_mdd: -0.008069
- VWO_r12m: 0.221893
- VWO_r1m: 0.033632
- VWO_r3m: 0.085860
- VWO_vol3m: 0.138285
- cross_vol: 0.102758
Assets: SPY, QQQ, IWM, DIA, EFA, EEM, VEA, VWO, AGG, BND, SHY, IEF, TLT, TIP, LQD, HYG, GLD, SLV, DBC, VNQ, UUP, BIL","{""SPY"":0.019019019,""QQQ"":0.019019019,""IWM"":0.019019019,""DIA"":0.019019019,""EFA"":0.019019019,""EEM"":0.019019019,""VEA"":0.019019019,""VWO"":0.019019019,""AGG"":0.019019019,""BND"":0.019019019,""SHY"":0.019019019,""IEF"":0.019019019,""TLT"":0.019019019,""TIP"":0.019019019,""LQD"":0.019019019,""HYG"":0.019019019,""GLD"":0.019019019,""SLV"":0.019019019,""DBC"":0.019019019,""VNQ"":0.019019019,""UUP"":0.019019019,""BIL"":0.6006006006}","{""SPY"":0.019047619,""QQQ"":0.019047619,""IWM"":0.019047619,""DIA"":0.019047619,""EFA"":0.019047619,""EEM"":0.019047619,""VEA"":0.019047619,""VWO"":0.019047619,""AGG"":0.019047619,""BND"":0.019047619,""SHY"":0.019047619,""IEF"":0.019047619,""TLT"":0.019047619,""TIP"":0.019047619,""LQD"":0.019047619,""HYG"":0.019047619,""GLD"":0.019047619,""SLV"":0.019047619,""DBC"":0.019047619,""VNQ"":0.019047619,""UUP"":0.019047619,""BIL"":0.6}","{""SPY"":0.019047619,""QQQ"":0.019047619,""IWM"":0.019047619,""DIA"":0.019047619,""EFA"":0.019047619,""EEM"":0.019047619,""VEA"":0.019047619,""VWO"":0.019047619,""AGG"":0.019047619,""BND"":0.019047619,""SHY"":0.019047619,""IEF"":0.019047619,""TLT"":0.019047619,""TIP"":0.019047619,""LQD"":0.019047619,""HYG"":0.019047619,""GLD"":0.019047619,""SLV"":0.019047619,""DBC"":0.019047619,""VNQ"":0.019047619,""UUP"":0.019047619,""BIL"":0.6}",0
6aaf37b4cb977ced3fa4476d,p2_reconciliation_v1,B_wfcv_no_fewshot,gemma3:1b,P2,2025-11-12,13,3990,BIL,SPY,SPY,0,0,1.4285714285714286,4.85722573273506e-17,dac38a07cb5d293fa81685b4cd562899f7d751aa0a8fece9adc16e24676d77f7,3524,e3b0c44298fc1c149afbf4c8996fb92427ae41e4649b934ca495991b7852b855,0,1,0,0,3.536643917002948,1,"{""weights"": {""SPY"":0.45, ""QQQ"":0.30, ""IWM"":0.15, ""DIA"":0.10, ""EFA"":0.08, ""EEM"":0.07, ""VEA"":0.06, ""VWO"":0.05, ""AGG"":0.04, ""BND"":0.03, ""SHY"":0.02, ""IEF"":0.02, ""TLT"":0.01, ""TIP"":0.01, ""LQD"":0.01, ""HYG"":0.01, ""GLD"":0.01, ""SLV"":0.01, ""DBC"":0.01, ""VNQ"":0.01, ""UUP"":0.01, ""BIL"":0.01}}","You are a DEFENSIVE LOW-VOLATILITY policy profile. Your task is to translate a natural-language risk-averse policy into provisional portfolio weights. Use only the provided feature values, not outside market knowledge. Identify the eligible asset that appears safest, defined by the lowest `_vol3m` value. This is a defensive single-core policy profile, so do not default to equal weights when one asset clearly has the lowest recent volatility. Allocate 60% of the total portfolio weight to this safest asset as the language-level policy target. The hard maximum-weight constraint is 60%. Do not solve the projection yourself; express the language-level target and let the projection layer enforce feasibility before execution. Distribute the remaining weight equally among all other eligible assets. Use only tickers from the provided asset list. Include every eligible ticker exactly once. Return strictly valid JSON only. The `weights` field MUST be a JSON object where keys are tickers and values are numeric portfolio weights expressed as decimals, not percentages.



Current Features:
- AGG_mdd: -0.025032
- AGG_r12m: 0.060001
- AGG_r1m: -0.000321
- AGG_r3m: 0.023400
- AGG_vol3m: 0.033536
- BIL_mdd: 0.000000
- BIL_r12m: 0.042516
- BIL_r1m: 0.002984
- BIL_r3m: 0.009939
- BIL_vol3m: 0.001989
- BND_mdd: -0.027124
- BND_r12m: 0.059237
- BND_r1m: -0.000207
- BND_r3m: 0.022860
- BND_vol3m: 0.033157
- DBC_mdd: -0.174034
- DBC_r12m: 0.078668
- DBC_r1m: 0.042534
- DBC_r3m: 0.054945
- DBC_vol3m: 0.127126
- DIA_mdd: 0.000000
- DIA_r12m: 0.114102
- DIA_r1m: 0.043684
- DIA_r3m: 0.078880
- DIA_vol3m: 0.097827
- EEM_mdd: -0.007677
- EEM_r12m: 0.278070
- EEM_r1m: 0.049273
- EEM_r3m: 0.114274
- EEM_vol3m: 0.152850
- EFA_mdd: 0.000000
- EFA_r12m: 0.257842
- EFA_r1m: 0.033833
- EFA_r3m: 0.053573
- EFA_vol3m: 0.102599
- GLD_mdd: -0.042565
- GLD_r12m: 0.556662
- GLD_r1m: 0.013656
- GLD_r3m: 0.256273
- GLD_vol3m: 0.229195
- HYG_mdd: -0.004174
- HYG_r12m: 0.069284
- HYG_r1m: 0.004975
- HYG_r3m: 0.016286
- HYG_vol3m: 0.036450
- IEF_mdd: -0.106452
- IEF_r12m: 0.068366
- IEF_r1m: -0.000257
- IEF_r3m: 0.024959
- IEF_vol3m: 0.042188
- IWM_mdd: -0.026725
- IWM_r12m: 0.034292
- IWM_r1m: -0.017184
- IWM_r3m: 0.070501
- IWM_vol3m: 0.185462
- LQD_mdd: -0.041040
- LQD_r12m: 0.057393
- LQD_r1m: -0.005326
- LQD_r3m: 0.022055
- LQD_vol3m: 0.048905
- QQQ_mdd: -0.023106
- QQQ_r12m: 0.214517
- QQQ_r1m: 0.038595
- QQQ_r3m: 0.072272
- QQQ_vol3m: 0.153262
- SHY_mdd: -0.000362
- SHY_r12m: 0.049322
- SHY_r1m: 0.001005
- SHY_r3m: 0.011254
- SHY_vol3m: 0.011567
- SLV_mdd: -0.017287
- SLV_r12m: 0.696629
- SLV_r1m: 0.032479
- SLV_r3m: 0.400580
- SLV_vol3m: 0.326039
- SPY_mdd: -0.005834
- SPY_r12m: 0.156302
- SPY_r1m: 0.031938
- SPY_r3m: 0.062524
- SPY_vol3m: 0.109990
- TIP_mdd: -0.011715
- TIP_r12m: 0.056492
- TIP_r1m: -0.001600
- TIP_r3m: 0.016877
- TIP_vol3m: 0.033576
- TLT_mdd: -0.387049
- TLT_r12m: 0.017634
- TLT_r1m: -0.004561
- TLT_r3m: 0.046948
- TLT_vol3m: 0.095360
- UUP_mdd: -0.056951
- UUP_r12m: -0.003375
- UUP_r1m: 0.008599
- UUP_r3m: 0.026249
- UUP_vol3m: 0.059407
- VEA_mdd: 0.000000
- VEA_r12m: 0.276859
- VEA_r1m: 0.035845
- VEA_r3m: 0.065135
- VEA_vol3m: 0.106220
- VNQ_mdd: -0.095232
- VNQ_r12m: -0.018336
- VNQ_r1m: 0.010156
- VNQ_r3m: 0.024837
- VNQ_vol3m: 0.135694
- VWO_mdd: -0.008069
- VWO_r12m: 0.221893
- VWO_r1m: 0.033632
- VWO_r3m: 0.085860
- VWO_vol3m: 0.138285
- cross_vol: 0.102758
Assets: SPY, QQQ, IWM, DIA, EFA, EEM, VEA, VWO, AGG, BND, SHY, IEF, TLT, TIP, LQD, HYG, GLD, SLV, DBC, VNQ, UUP, BIL","{""SPY"":0.306122449,""QQQ"":0.2040816327,""IWM"":0.1020408163,""DIA"":0.0680272109,""EFA"":0.0544217687,""EEM"":0.0476190476,""VEA"":0.0408163265,""VWO"":0.0340136054,""AGG"":0.0272108844,""BND"":0.0204081633,""SHY"":0.0136054422,""IEF"":0.0136054422,""TLT"":0.0068027211,""TIP"":0.0068027211,""LQD"":0.0068027211,""HYG"":0.0068027211,""GLD"":0.0068027211,""SLV"":0.0068027211,""DBC"":0.0068027211,""VNQ"":0.0068027211,""UUP"":0.0068027211,""BIL"":0.0068027211}","{""SPY"":0.306122449,""QQQ"":0.2040816327,""IWM"":0.1020408163,""DIA"":0.0680272109,""EFA"":0.0544217687,""EEM"":0.0476190476,""VEA"":0.0408163265,""VWO"":0.0340136054,""AGG"":0.0272108844,""BND"":0.0204081633,""SHY"":0.0136054422,""IEF"":0.0136054422,""TLT"":0.0068027211,""TIP"":0.0068027211,""LQD"":0.0068027211,""HYG"":0.0068027211,""GLD"":0.0068027211,""SLV"":0.0068027211,""DBC"":0.0068027211,""VNQ"":0.0068027211,""UUP"":0.0068027211,""BIL"":0.0068027211}","{""SPY"":0.019047619,""QQQ"":0.019047619,""IWM"":0.019047619,""DIA"":0.019047619,""EFA"":0.019047619,""EEM"":0.019047619,""VEA"":0.019047619,""VWO"":0.019047619,""AGG"":0.019047619,""BND"":0.019047619,""SHY"":0.019047619,""IEF"":0.019047619,""TLT"":0.019047619,""TIP"":0.019047619,""LQD"":0.019047619,""HYG"":0.019047619,""GLD"":0.019047619,""SLV"":0.019047619,""DBC"":0.019047619,""VNQ"":0.019047619,""UUP"":0.019047619,""BIL"":0.6}",0
61ccfc142d6d2ed85960957e,p2_reconciliation_v1,C_bridge_canonical,gemma3:1b,P2,2025-11-12,13,3990,BIL,SPY,SPY,0,0,1.4261136712749618,8.153200337090993e-17,b962de2c2f3b3dc4d419bebd2aeee3b7e6e72fd60293ae81f946815d743f1cff,3360,e3b0c44298fc1c149afbf4c8996fb92427ae41e4649b934ca495991b7852b855,0,1,0,0,3.8205199590011034,1,"{""weights"": {""SPY"": 0.45, ""QQQ"": 0.30, ""IWM"": 0.15, ""DIA"": 0.10, ""EFA"": 0.10, ""EEM"": 0.08, ""VEA"": 0.07, ""VWO"": 0.06, ""AGG"": 0.05, ""BND"": 0.04, ""SHY"": 0.03, ""IEF"": 0.02, ""TLT"": 0.01, ""TIP"": 0.01, ""LQD"": 0.01, ""HYG"": 0.01, ""GLD"": 0.01, ""SLV"": 0.01, ""DBC"": 0.01, ""VNQ"": 0.01, ""UUP"": 0.01, ""BIL"": 0.01}}","You are a DEFENSIVE LOW-VOLATILITY policy profile. Use only the provided feature values. Strongly favor the eligible asset with the lowest `_vol3m` value. Allocate 60.0% of total portfolio weight to that target asset as the language-level policy target. Distribute the remaining weight equally among all other eligible assets. Include every eligible ticker exactly once. Return strictly valid JSON only with a `weights` object whose values are decimals, not percentages.
Hard constraints for the execution layer: long-only weights, weights sum to one, maximum single-asset weight 0.60, and turnover cap 0.25. You propose weights; deterministic projection will enforce final feasibility.

Current Features:
- SPY_r1m: 0.03193761
- SPY_r3m: 0.06252360
- SPY_r12m: 0.15630177
- SPY_vol3m: 0.10999037
- SPY_mdd: -0.00583366
- QQQ_r1m: 0.03859526
- QQQ_r3m: 0.07227230
- QQQ_r12m: 0.21451720
- QQQ_vol3m: 0.15326246
- QQQ_mdd: -0.02310593
- IWM_r1m: -0.01718440
- IWM_r3m: 0.07050072
- IWM_r12m: 0.03429165
- IWM_vol3m: 0.18546221
- IWM_mdd: -0.02672480
- DIA_r1m: 0.04368370
- DIA_r3m: 0.07887964
- DIA_r12m: 0.11410204
- DIA_vol3m: 0.09782733
- DIA_mdd: 0.00000000
- EFA_r1m: 0.03383294
- EFA_r3m: 0.05357334
- EFA_r12m: 0.25784159
- EFA_vol3m: 0.10259857
- EFA_mdd: 0.00000000
- EEM_r1m: 0.04927312
- EEM_r3m: 0.11427419
- EEM_r12m: 0.27807017
- EEM_vol3m: 0.15285035
- EEM_mdd: -0.00767721
- VEA_r1m: 0.03584535
- VEA_r3m: 0.06513520
- VEA_r12m: 0.27685936
- VEA_vol3m: 0.10621961
- VEA_mdd: 0.00000000
- VWO_r1m: 0.03363232
- VWO_r3m: 0.08586013
- VWO_r12m: 0.22189348
- VWO_vol3m: 0.13828475
- VWO_mdd: -0.00806884
- AGG_r1m: -0.00032073
- AGG_r3m: 0.02340038
- AGG_r12m: 0.06000132
- AGG_vol3m: 0.03353638
- AGG_mdd: -0.02503216
- BND_r1m: -0.00020731
- BND_r3m: 0.02285986
- BND_r12m: 0.05923711
- BND_vol3m: 0.03315657
- BND_mdd: -0.02712397
- SHY_r1m: 0.00100457
- SHY_r3m: 0.01125422
- SHY_r12m: 0.04932209
- SHY_vol3m: 0.01156697
- SHY_mdd: -0.00036202
- IEF_r1m: -0.00025662
- IEF_r3m: 0.02495880
- IEF_r12m: 0.06836622
- IEF_vol3m: 0.04218761
- IEF_mdd: -0.10645241
- TLT_r1m: -0.00456130
- TLT_r3m: 0.04694841
- TLT_r12m: 0.01763418
- TLT_vol3m: 0.09536001
- TLT_mdd: -0.38704946
- TIP_r1m: -0.00159973
- TIP_r3m: 0.01687729
- TIP_r12m: 0.05649214
- TIP_vol3m: 0.03357589
- TIP_mdd: -0.01171454
- LQD_r1m: -0.00532574
- LQD_r3m: 0.02205455
- LQD_r12m: 0.05739320
- LQD_vol3m: 0.04890507
- LQD_mdd: -0.04103987
- HYG_r1m: 0.00497527
- HYG_r3m: 0.01628560
- HYG_r12m: 0.06928412
- HYG_vol3m: 0.03644963
- HYG_mdd: -0.00417415
- GLD_r1m: 0.01365577
- GLD_r3m: 0.25627336
- GLD_r12m: 0.55666228
- GLD_vol3m: 0.22919461
- GLD_mdd: -0.04256481
- SLV_r1m: 0.03247864
- SLV_r3m: 0.40057970
- SLV_r12m: 0.69662923
- SLV_vol3m: 0.32603852
- SLV_mdd: -0.01728693
- DBC_r1m: 0.04253393
- DBC_r3m: 0.05494510
- DBC_r12m: 0.07866814
- DBC_vol3m: 0.12712619
- DBC_mdd: -0.17403438
- VNQ_r1m: 0.01015641
- VNQ_r3m: 0.02483721
- VNQ_r12m: -0.01833569
- VNQ_vol3m: 0.13569352
- VNQ_mdd: -0.09523176
- UUP_r1m: 0.00859902
- UUP_r3m: 0.02624856
- UUP_r12m: -0.00337467
- UUP_vol3m: 0.05940672
- UUP_mdd: -0.05695148
- BIL_r1m: 0.00298431
- BIL_r3m: 0.00993929
- BIL_r12m: 0.04251618
- BIL_vol3m: 0.00198856
- BIL_mdd: 0.00000000
- cross_vol: 0.10275827

Assets: SPY, QQQ, IWM, DIA, EFA, EEM, VEA, VWO, AGG, BND, SHY, IEF, TLT, TIP, LQD, HYG, GLD, SLV, DBC, VNQ, UUP, BIL","{""SPY"":0.2903225806,""QQQ"":0.1935483871,""IWM"":0.0967741935,""DIA"":0.064516129,""EFA"":0.064516129,""EEM"":0.0516129032,""VEA"":0.0451612903,""VWO"":0.0387096774,""AGG"":0.0322580645,""BND"":0.0258064516,""SHY"":0.0193548387,""IEF"":0.0129032258,""TLT"":0.0064516129,""TIP"":0.0064516129,""LQD"":0.0064516129,""HYG"":0.0064516129,""GLD"":0.0064516129,""SLV"":0.0064516129,""DBC"":0.0064516129,""VNQ"":0.0064516129,""UUP"":0.0064516129,""BIL"":0.0064516129}","{""SPY"":0.2903225806,""QQQ"":0.1935483871,""IWM"":0.0967741935,""DIA"":0.064516129,""EFA"":0.064516129,""EEM"":0.0516129032,""VEA"":0.0451612903,""VWO"":0.0387096774,""AGG"":0.0322580645,""BND"":0.0258064516,""SHY"":0.0193548387,""IEF"":0.0129032258,""TLT"":0.0064516129,""TIP"":0.0064516129,""LQD"":0.0064516129,""HYG"":0.0064516129,""GLD"":0.0064516129,""SLV"":0.0064516129,""DBC"":0.0064516129,""VNQ"":0.0064516129,""UUP"":0.0064516129,""BIL"":0.0064516129}","{""SPY"":0.019047619,""QQQ"":0.019047619,""IWM"":0.019047619,""DIA"":0.019047619,""EFA"":0.019047619,""EEM"":0.019047619,""VEA"":0.019047619,""VWO"":0.019047619,""AGG"":0.019047619,""BND"":0.019047619,""SHY"":0.019047619,""IEF"":0.019047619,""TLT"":0.019047619,""TIP"":0.019047619,""LQD"":0.019047619,""HYG"":0.019047619,""GLD"":0.019047619,""SLV"":0.019047619,""DBC"":0.019047619,""VNQ"":0.019047619,""UUP"":0.019047619,""BIL"":0.6}",0
2dfdae3f4ddc8c6e339c926a,p2_reconciliation_v1,A_wfcv_exact,llama3.1:8b,P2,2025-11-12,13,3990,BIL,BIL,BIL,1,1,0.0,0.0012012012012015266,3b8ebfc1ce4ba3c8e8b34341f8855955c8066a231816bedb4f4d3cfeaa8f6e5a,5936,79a44ab83aa9d63b1a012908cb522bebc386491b1e0546c792fb0a325497ce3b,2412,1,0,0,23.75818670800072,1,"{
  ""weights"": {
    ""SPY"": 0.019,
    ""QQQ"": 0.019,
    ""IWM"": 0.019,
    ""DIA"": 0.019,
    ""EFA"": 0.019,
    ""EEM"": 0.019,
    ""VEA"": 0.019,
    ""VWO"": 0.019,
    ""AGG"": 0.019,
    ""BND"": 0.019,
    ""SHY"": 0.019,
    ""IEF"": 0.019,
    ""TLT"": 0.019,
    ""TIP"": 0.019,
    ""LQD"": 0.019,
    ""HYG"": 0.019,
    ""GLD"": 0.019,
    ""SLV"": 0.019,
    ""DBC"": 0.019,
    ""VNQ"": 0.019,
    ""UUP"": 0.019,
    ""BIL"": 0.6
  }
}","You are a DEFENSIVE LOW-VOLATILITY policy profile. Your task is to translate a natural-language risk-averse policy into provisional portfolio weights. Use only the provided feature values, not outside market knowledge. Identify the eligible asset that appears safest, defined by the lowest `_vol3m` value. This is a defensive single-core policy profile, so do not default to equal weights when one asset clearly has the lowest recent volatility. Allocate 60% of the total portfolio weight to this safest asset as the language-level policy target. The hard maximum-weight constraint is 60%. Do not solve the projection yourself; express the language-level target and let the projection layer enforce feasibility before execution. Distribute the remaining weight equally among all other eligible assets. Use only tickers from the provided asset list. Include every eligible ticker exactly once. Return strictly valid JSON only. The `weights` field MUST be a JSON object where keys are tickers and values are numeric portfolio weights expressed as decimals, not percentages.

### EXAMPLE 1
Features:
- AGG_mdd: -0.003137
- AGG_r12m: 0.081208
- AGG_r1m: 0.003351
- AGG_r3m: 0.030204
- AGG_vol3m: 0.027573
- BIL_mdd: -0.000109
- BIL_r12m: 0.021715
- BIL_r1m: 0.001586
- BIL_r3m: 0.005643
- BIL_vol3m: 0.001876
- BND_mdd: -0.003726
- BND_r12m: 0.079321
TargetWeights(JSON): {""SPY"": 0.019, ""QQQ"": 0.019, ""IWM"": 0.019, ""DIA"": 0.019, ""EFA"": 0.019, ""EEM"": 0.019, ""VEA"": 0.019, ""VWO"": 0.019, ""AGG"": 0.019, ""BND"": 0.019, ""SHY"": 0.019, ""IEF"": 0.019, ""TLT"": 0.019, ""TIP"": 0.019, ""LQD"": 0.019, ""HYG"": 0.019, ""GLD"": 0.019, ""SLV"": 0.019, ""DBC"": 0.019, ""VNQ"": 0.019, ""UUP"": 0.019, ""BIL"": 0.6}
### EXAMPLE 2
Features:
- AGG_mdd: -0.006534
- AGG_r12m: 0.005103
- AGG_r1m: 0.001254
- AGG_r3m: 0.003531
- AGG_vol3m: 0.023616
- BIL_mdd: 0.000000
- BIL_r12m: 0.005153
- BIL_r1m: 0.000480
- BIL_r3m: 0.002342
- BIL_vol3m: 0.003015
- BND_mdd: -0.007401
- BND_r12m: 0.008450
TargetWeights(JSON): {""SPY"": 0.019, ""QQQ"": 0.019, ""IWM"": 0.019, ""DIA"": 0.019, ""EFA"": 0.019, ""EEM"": 0.019, ""VEA"": 0.019, ""VWO"": 0.019, ""AGG"": 0.019, ""BND"": 0.019, ""SHY"": 0.019, ""IEF"": 0.019, ""TLT"": 0.019, ""TIP"": 0.019, ""LQD"": 0.019, ""HYG"": 0.019, ""GLD"": 0.019, ""SLV"": 0.019, ""DBC"": 0.019, ""VNQ"": 0.019, ""UUP"": 0.019, ""BIL"": 0.6}
### EXAMPLE 3
Features:
- AGG_mdd: -0.005079
- AGG_r12m: 0.054944
- AGG_r1m: 0.002489
- AGG_r3m: 0.029273
- AGG_vol3m: 0.051778
- BIL_mdd: -0.000654
- BIL_r12m: -0.000436
- BIL_r1m: -0.000436
- BIL_r3m: -0.000436
- BIL_vol3m: 0.002780
- BND_mdd: -0.003934
- BND_r12m: 0.058634
TargetWeights(JSON): {""SPY"": 0.019, ""QQQ"": 0.019, ""IWM"": 0.019, ""DIA"": 0.019, ""EFA"": 0.019, ""EEM"": 0.019, ""VEA"": 0.019, ""VWO"": 0.019, ""AGG"": 0.019, ""BND"": 0.019, ""SHY"": 0.019, ""IEF"": 0.019, ""TLT"": 0.019, ""TIP"": 0.019, ""LQD"": 0.019, ""HYG"": 0.019, ""GLD"": 0.019, ""SLV"": 0.019, ""DBC"": 0.019, ""VNQ"": 0.019, ""UUP"": 0.019, ""BIL"": 0.6}
### EXAMPLE 4
Features:
- AGG_mdd: -0.118538
- AGG_r12m: -0.105797
- AGG_r1m: -0.021664
- AGG_r3m: -0.017161
- AGG_vol3m: 0.083806
- BIL_mdd: 0.000000
- BIL_r12m: 0.002880
- BIL_r1m: 0.001719
- BIL_r3m: 0.002419
- BIL_vol3m: 0.002262
- BND_mdd: -0.121412
- BND_r12m: -0.107728
TargetWeights(JSON): {""SPY"": 0.019, ""QQQ"": 0.019, ""IWM"": 0.019, ""DIA"": 0.019, ""EFA"": 0.019, ""EEM"": 0.019, ""VEA"": 0.019, ""VWO"": 0.019, ""AGG"": 0.019, ""BND"": 0.019, ""SHY"": 0.019, ""IEF"": 0.019, ""TLT"": 0.019, ""TIP"": 0.019, ""LQD"": 0.019, ""HYG"": 0.019, ""GLD"": 0.019, ""SLV"": 0.019, ""DBC"": 0.019, ""VNQ"": 0.019, ""UUP"": 0.019, ""BIL"": 0.6}

Current Features:
- AGG_mdd: -0.025032
- AGG_r12m: 0.060001
- AGG_r1m: -0.000321
- AGG_r3m: 0.023400
- AGG_vol3m: 0.033536
- BIL_mdd: 0.000000
- BIL_r12m: 0.042516
- BIL_r1m: 0.002984
- BIL_r3m: 0.009939
- BIL_vol3m: 0.001989
- BND_mdd: -0.027124
- BND_r12m: 0.059237
- BND_r1m: -0.000207
- BND_r3m: 0.022860
- BND_vol3m: 0.033157
- DBC_mdd: -0.174034
- DBC_r12m: 0.078668
- DBC_r1m: 0.042534
- DBC_r3m: 0.054945
- DBC_vol3m: 0.127126
- DIA_mdd: 0.000000
- DIA_r12m: 0.114102
- DIA_r1m: 0.043684
- DIA_r3m: 0.078880
- DIA_vol3m: 0.097827
- EEM_mdd: -0.007677
- EEM_r12m: 0.278070
- EEM_r1m: 0.049273
- EEM_r3m: 0.114274
- EEM_vol3m: 0.152850
- EFA_mdd: 0.000000
- EFA_r12m: 0.257842
- EFA_r1m: 0.033833
- EFA_r3m: 0.053573
- EFA_vol3m: 0.102599
- GLD_mdd: -0.042565
- GLD_r12m: 0.556662
- GLD_r1m: 0.013656
- GLD_r3m: 0.256273
- GLD_vol3m: 0.229195
- HYG_mdd: -0.004174
- HYG_r12m: 0.069284
- HYG_r1m: 0.004975
- HYG_r3m: 0.016286
- HYG_vol3m: 0.036450
- IEF_mdd: -0.106452
- IEF_r12m: 0.068366
- IEF_r1m: -0.000257
- IEF_r3m: 0.024959
- IEF_vol3m: 0.042188
- IWM_mdd: -0.026725
- IWM_r12m: 0.034292
- IWM_r1m: -0.017184
- IWM_r3m: 0.070501
- IWM_vol3m: 0.185462
- LQD_mdd: -0.041040
- LQD_r12m: 0.057393
- LQD_r1m: -0.005326
- LQD_r3m: 0.022055
- LQD_vol3m: 0.048905
- QQQ_mdd: -0.023106
- QQQ_r12m: 0.214517
- QQQ_r1m: 0.038595
- QQQ_r3m: 0.072272
- QQQ_vol3m: 0.153262
- SHY_mdd: -0.000362
- SHY_r12m: 0.049322
- SHY_r1m: 0.001005
- SHY_r3m: 0.011254
- SHY_vol3m: 0.011567
- SLV_mdd: -0.017287
- SLV_r12m: 0.696629
- SLV_r1m: 0.032479
- SLV_r3m: 0.400580
- SLV_vol3m: 0.326039
- SPY_mdd: -0.005834
- SPY_r12m: 0.156302
- SPY_r1m: 0.031938
- SPY_r3m: 0.062524
- SPY_vol3m: 0.109990
- TIP_mdd: -0.011715
- TIP_r12m: 0.056492
- TIP_r1m: -0.001600
- TIP_r3m: 0.016877
- TIP_vol3m: 0.033576
- TLT_mdd: -0.387049
- TLT_r12m: 0.017634
- TLT_r1m: -0.004561
- TLT_r3m: 0.046948
- TLT_vol3m: 0.095360
- UUP_mdd: -0.056951
- UUP_r12m: -0.003375
- UUP_r1m: 0.008599
- UUP_r3m: 0.026249
- UUP_vol3m: 0.059407
- VEA_mdd: 0.000000
- VEA_r12m: 0.276859
- VEA_r1m: 0.035845
- VEA_r3m: 0.065135
- VEA_vol3m: 0.106220
- VNQ_mdd: -0.095232
- VNQ_r12m: -0.018336
- VNQ_r1m: 0.010156
- VNQ_r3m: 0.024837
- VNQ_vol3m: 0.135694
- VWO_mdd: -0.008069
- VWO_r12m: 0.221893
- VWO_r1m: 0.033632
- VWO_r3m: 0.085860
- VWO_vol3m: 0.138285
- cross_vol: 0.102758
Assets: SPY, QQQ, IWM, DIA, EFA, EEM, VEA, VWO, AGG, BND, SHY, IEF, TLT, TIP, LQD, HYG, GLD, SLV, DBC, VNQ, UUP, BIL","{""SPY"":0.019019019,""QQQ"":0.019019019,""IWM"":0.019019019,""DIA"":0.019019019,""EFA"":0.019019019,""EEM"":0.019019019,""VEA"":0.019019019,""VWO"":0.019019019,""AGG"":0.019019019,""BND"":0.019019019,""SHY"":0.019019019,""IEF"":0.019019019,""TLT"":0.019019019,""TIP"":0.019019019,""LQD"":0.019019019,""HYG"":0.019019019,""GLD"":0.019019019,""SLV"":0.019019019,""DBC"":0.019019019,""VNQ"":0.019019019,""UUP"":0.019019019,""BIL"":0.6006006006}","{""SPY"":0.019047619,""QQQ"":0.019047619,""IWM"":0.019047619,""DIA"":0.019047619,""EFA"":0.019047619,""EEM"":0.019047619,""VEA"":0.019047619,""VWO"":0.019047619,""AGG"":0.019047619,""BND"":0.019047619,""SHY"":0.019047619,""IEF"":0.019047619,""TLT"":0.019047619,""TIP"":0.019047619,""LQD"":0.019047619,""HYG"":0.019047619,""GLD"":0.019047619,""SLV"":0.019047619,""DBC"":0.019047619,""VNQ"":0.019047619,""UUP"":0.019047619,""BIL"":0.6}","{""SPY"":0.019047619,""QQQ"":0.019047619,""IWM"":0.019047619,""DIA"":0.019047619,""EFA"":0.019047619,""EEM"":0.019047619,""VEA"":0.019047619,""VWO"":0.019047619,""AGG"":0.019047619,""BND"":0.019047619,""SHY"":0.019047619,""IEF"":0.019047619,""TLT"":0.019047619,""TIP"":0.019047619,""LQD"":0.019047619,""HYG"":0.019047619,""GLD"":0.019047619,""SLV"":0.019047619,""DBC"":0.019047619,""VNQ"":0.019047619,""UUP"":0.019047619,""BIL"":0.6}",0
72124d5a22b63f1357234a2a,p2_reconciliation_v1,B_wfcv_no_fewshot,llama3.1:8b,P2,2025-11-12,13,3990,BIL,SPY,SPY,0,0,1.1444444444444442,0.0,dac38a07cb5d293fa81685b4cd562899f7d751aa0a8fece9adc16e24676d77f7,3524,e3b0c44298fc1c149afbf4c8996fb92427ae41e4649b934ca495991b7852b855,0,1,0,0,16.128769041999476,1,"{
  ""weights"": {
    ""SPY"": 0.6,
    ""QQQ"": 0.1,
    ""IWM"": 0.1,
    ""DIA"": 0.1,
    ""EFA"": 0.05,
    ""EEM"": 0.05,
    ""VEA"": 0.05,
    ""VWO"": 0.05,
    ""AGG"": 0.05,
    ""BND"": 0.05,
    ""SHY"": 0.05,
    ""IEF"": 0.05,
    ""TLT"": 0.05,
    ""TIP"": 0.05,
    ""LQD"": 0.05,
    ""HYG"": 0.05,
    ""GLD"": 0.05,
    ""SLV"": 0.05,
    ""DBC"": 0.05,
    ""VNQ"": 0.05,
    ""UUP"": 0.05,
    ""BIL"": 0.05
  }
}","You are a DEFENSIVE LOW-VOLATILITY policy profile. Your task is to translate a natural-language risk-averse policy into provisional portfolio weights. Use only the provided feature values, not outside market knowledge. Identify the eligible asset that appears safest, defined by the lowest `_vol3m` value. This is a defensive single-core policy profile, so do not default to equal weights when one asset clearly has the lowest recent volatility. Allocate 60% of the total portfolio weight to this safest asset as the language-level policy target. The hard maximum-weight constraint is 60%. Do not solve the projection yourself; express the language-level target and let the projection layer enforce feasibility before execution. Distribute the remaining weight equally among all other eligible assets. Use only tickers from the provided asset list. Include every eligible ticker exactly once. Return strictly valid JSON only. The `weights` field MUST be a JSON object where keys are tickers and values are numeric portfolio weights expressed as decimals, not percentages.



Current Features:
- AGG_mdd: -0.025032
- AGG_r12m: 0.060001
- AGG_r1m: -0.000321
- AGG_r3m: 0.023400
- AGG_vol3m: 0.033536
- BIL_mdd: 0.000000
- BIL_r12m: 0.042516
- BIL_r1m: 0.002984
- BIL_r3m: 0.009939
- BIL_vol3m: 0.001989
- BND_mdd: -0.027124
- BND_r12m: 0.059237
- BND_r1m: -0.000207
- BND_r3m: 0.022860
- BND_vol3m: 0.033157
- DBC_mdd: -0.174034
- DBC_r12m: 0.078668
- DBC_r1m: 0.042534
- DBC_r3m: 0.054945
- DBC_vol3m: 0.127126
- DIA_mdd: 0.000000
- DIA_r12m: 0.114102
- DIA_r1m: 0.043684
- DIA_r3m: 0.078880
- DIA_vol3m: 0.097827
- EEM_mdd: -0.007677
- EEM_r12m: 0.278070
- EEM_r1m: 0.049273
- EEM_r3m: 0.114274
- EEM_vol3m: 0.152850
- EFA_mdd: 0.000000
- EFA_r12m: 0.257842
- EFA_r1m: 0.033833
- EFA_r3m: 0.053573
- EFA_vol3m: 0.102599
- GLD_mdd: -0.042565
- GLD_r12m: 0.556662
- GLD_r1m: 0.013656
- GLD_r3m: 0.256273
- GLD_vol3m: 0.229195
- HYG_mdd: -0.004174
- HYG_r12m: 0.069284
- HYG_r1m: 0.004975
- HYG_r3m: 0.016286
- HYG_vol3m: 0.036450
- IEF_mdd: -0.106452
- IEF_r12m: 0.068366
- IEF_r1m: -0.000257
- IEF_r3m: 0.024959
- IEF_vol3m: 0.042188
- IWM_mdd: -0.026725
- IWM_r12m: 0.034292
- IWM_r1m: -0.017184
- IWM_r3m: 0.070501
- IWM_vol3m: 0.185462
- LQD_mdd: -0.041040
- LQD_r12m: 0.057393
- LQD_r1m: -0.005326
- LQD_r3m: 0.022055
- LQD_vol3m: 0.048905
- QQQ_mdd: -0.023106
- QQQ_r12m: 0.214517
- QQQ_r1m: 0.038595
- QQQ_r3m: 0.072272
- QQQ_vol3m: 0.153262
- SHY_mdd: -0.000362
- SHY_r12m: 0.049322
- SHY_r1m: 0.001005
- SHY_r3m: 0.011254
- SHY_vol3m: 0.011567
- SLV_mdd: -0.017287
- SLV_r12m: 0.696629
- SLV_r1m: 0.032479
- SLV_r3m: 0.400580
- SLV_vol3m: 0.326039
- SPY_mdd: -0.005834
- SPY_r12m: 0.156302
- SPY_r1m: 0.031938
- SPY_r3m: 0.062524
- SPY_vol3m: 0.109990
- TIP_mdd: -0.011715
- TIP_r12m: 0.056492
- TIP_r1m: -0.001600
- TIP_r3m: 0.016877
- TIP_vol3m: 0.033576
- TLT_mdd: -0.387049
- TLT_r12m: 0.017634
- TLT_r1m: -0.004561
- TLT_r3m: 0.046948
- TLT_vol3m: 0.095360
- UUP_mdd: -0.056951
- UUP_r12m: -0.003375
- UUP_r1m: 0.008599
- UUP_r3m: 0.026249
- UUP_vol3m: 0.059407
- VEA_mdd: 0.000000
- VEA_r12m: 0.276859
- VEA_r1m: 0.035845
- VEA_r3m: 0.065135
- VEA_vol3m: 0.106220
- VNQ_mdd: -0.095232
- VNQ_r12m: -0.018336
- VNQ_r1m: 0.010156
- VNQ_r3m: 0.024837
- VNQ_vol3m: 0.135694
- VWO_mdd: -0.008069
- VWO_r12m: 0.221893
- VWO_r1m: 0.033632
- VWO_r3m: 0.085860
- VWO_vol3m: 0.138285
- cross_vol: 0.102758
Assets: SPY, QQQ, IWM, DIA, EFA, EEM, VEA, VWO, AGG, BND, SHY, IEF, TLT, TIP, LQD, HYG, GLD, SLV, DBC, VNQ, UUP, BIL","{""SPY"":0.3333333333,""QQQ"":0.0555555556,""IWM"":0.0555555556,""DIA"":0.0555555556,""EFA"":0.0277777778,""EEM"":0.0277777778,""VEA"":0.0277777778,""VWO"":0.0277777778,""AGG"":0.0277777778,""BND"":0.0277777778,""SHY"":0.0277777778,""IEF"":0.0277777778,""TLT"":0.0277777778,""TIP"":0.0277777778,""LQD"":0.0277777778,""HYG"":0.0277777778,""GLD"":0.0277777778,""SLV"":0.0277777778,""DBC"":0.0277777778,""VNQ"":0.0277777778,""UUP"":0.0277777778,""BIL"":0.0277777778}","{""SPY"":0.3333333333,""QQQ"":0.0555555556,""IWM"":0.0555555556,""DIA"":0.0555555556,""EFA"":0.0277777778,""EEM"":0.0277777778,""VEA"":0.0277777778,""VWO"":0.0277777778,""AGG"":0.0277777778,""BND"":0.0277777778,""SHY"":0.0277777778,""IEF"":0.0277777778,""TLT"":0.0277777778,""TIP"":0.0277777778,""LQD"":0.0277777778,""HYG"":0.0277777778,""GLD"":0.0277777778,""SLV"":0.0277777778,""DBC"":0.0277777778,""VNQ"":0.0277777778,""UUP"":0.0277777778,""BIL"":0.0277777778}","{""SPY"":0.019047619,""QQQ"":0.019047619,""IWM"":0.019047619,""DIA"":0.019047619,""EFA"":0.019047619,""EEM"":0.019047619,""VEA"":0.019047619,""VWO"":0.019047619,""AGG"":0.019047619,""BND"":0.019047619,""SHY"":0.019047619,""IEF"":0.019047619,""TLT"":0.019047619,""TIP"":0.019047619,""LQD"":0.019047619,""HYG"":0.019047619,""GLD"":0.019047619,""SLV"":0.019047619,""DBC"":0.019047619,""VNQ"":0.019047619,""UUP"":0.019047619,""BIL"":0.6}",0
f3bfa424bfadde5e8f927a94,p2_reconciliation_v1,C_bridge_canonical,llama3.1:8b,P2,2025-11-12,13,3990,BIL,SPY,SPY,0,0,1.5658017695595983,3.3523531173251797e-16,b962de2c2f3b3dc4d419bebd2aeee3b7e6e72fd60293ae81f946815d743f1cff,3360,e3b0c44298fc1c149afbf4c8996fb92427ae41e4649b934ca495991b7852b855,0,1,0,0,17.723047583000152,1,"{
  ""weights"": {
    ""SPY"": 0.6,
    ""QQQ"": 0.2,
    ""IWM"": 0.1,
    ""DIA"": 0.05,
    ""EFA"": 0.025,
    ""EEM"": 0.025,
    ""VEA"": 0.025,
    ""VWO"": 0.025,
    ""AGG"": 0.0125,
    ""BND"": 0.0125,
    ""SHY"": 0.00625,
    ""IEF"": 0.00625,
    ""TLT"": 0.00625,
    ""TIP"": 0.00625,
    ""LQD"": 0.00625,
    ""HYG"": 0.003125,
    ""GLD"": 0.003125,
    ""SLV"": 0.003125,
    ""DBC"": 0.003125,
    ""VNQ"": 0.0015625,
    ""UUP"": 0.0015625,
    ""BIL"": 0.00078125
  }
}","You are a DEFENSIVE LOW-VOLATILITY policy profile. Use only the provided feature values. Strongly favor the eligible asset with the lowest `_vol3m` value. Allocate 60.0% of total portfolio weight to that target asset as the language-level policy target. Distribute the remaining weight equally among all other eligible assets. Include every eligible ticker exactly once. Return strictly valid JSON only with a `weights` object whose values are decimals, not percentages.
Hard constraints for the execution layer: long-only weights, weights sum to one, maximum single-asset weight 0.60, and turnover cap 0.25. You propose weights; deterministic projection will enforce final feasibility.

Current Features:
- SPY_r1m: 0.03193761
- SPY_r3m: 0.06252360
- SPY_r12m: 0.15630177
- SPY_vol3m: 0.10999037
- SPY_mdd: -0.00583366
- QQQ_r1m: 0.03859526
- QQQ_r3m: 0.07227230
- QQQ_r12m: 0.21451720
- QQQ_vol3m: 0.15326246
- QQQ_mdd: -0.02310593
- IWM_r1m: -0.01718440
- IWM_r3m: 0.07050072
- IWM_r12m: 0.03429165
- IWM_vol3m: 0.18546221
- IWM_mdd: -0.02672480
- DIA_r1m: 0.04368370
- DIA_r3m: 0.07887964
- DIA_r12m: 0.11410204
- DIA_vol3m: 0.09782733
- DIA_mdd: 0.00000000
- EFA_r1m: 0.03383294
- EFA_r3m: 0.05357334
- EFA_r12m: 0.25784159
- EFA_vol3m: 0.10259857
- EFA_mdd: 0.00000000
- EEM_r1m: 0.04927312
- EEM_r3m: 0.11427419
- EEM_r12m: 0.27807017
- EEM_vol3m: 0.15285035
- EEM_mdd: -0.00767721
- VEA_r1m: 0.03584535
- VEA_r3m: 0.06513520
- VEA_r12m: 0.27685936
- VEA_vol3m: 0.10621961
- VEA_mdd: 0.00000000
- VWO_r1m: 0.03363232
- VWO_r3m: 0.08586013
- VWO_r12m: 0.22189348
- VWO_vol3m: 0.13828475
- VWO_mdd: -0.00806884
- AGG_r1m: -0.00032073
- AGG_r3m: 0.02340038
- AGG_r12m: 0.06000132
- AGG_vol3m: 0.03353638
- AGG_mdd: -0.02503216
- BND_r1m: -0.00020731
- BND_r3m: 0.02285986
- BND_r12m: 0.05923711
- BND_vol3m: 0.03315657
- BND_mdd: -0.02712397
- SHY_r1m: 0.00100457
- SHY_r3m: 0.01125422
- SHY_r12m: 0.04932209
- SHY_vol3m: 0.01156697
- SHY_mdd: -0.00036202
- IEF_r1m: -0.00025662
- IEF_r3m: 0.02495880
- IEF_r12m: 0.06836622
- IEF_vol3m: 0.04218761
- IEF_mdd: -0.10645241
- TLT_r1m: -0.00456130
- TLT_r3m: 0.04694841
- TLT_r12m: 0.01763418
- TLT_vol3m: 0.09536001
- TLT_mdd: -0.38704946
- TIP_r1m: -0.00159973
- TIP_r3m: 0.01687729
- TIP_r12m: 0.05649214
- TIP_vol3m: 0.03357589
- TIP_mdd: -0.01171454
- LQD_r1m: -0.00532574
- LQD_r3m: 0.02205455
- LQD_r12m: 0.05739320
- LQD_vol3m: 0.04890507
- LQD_mdd: -0.04103987
- HYG_r1m: 0.00497527
- HYG_r3m: 0.01628560
- HYG_r12m: 0.06928412
- HYG_vol3m: 0.03644963
- HYG_mdd: -0.00417415
- GLD_r1m: 0.01365577
- GLD_r3m: 0.25627336
- GLD_r12m: 0.55666228
- GLD_vol3m: 0.22919461
- GLD_mdd: -0.04256481
- SLV_r1m: 0.03247864
- SLV_r3m: 0.40057970
- SLV_r12m: 0.69662923
- SLV_vol3m: 0.32603852
- SLV_mdd: -0.01728693
- DBC_r1m: 0.04253393
- DBC_r3m: 0.05494510
- DBC_r12m: 0.07866814
- DBC_vol3m: 0.12712619
- DBC_mdd: -0.17403438
- VNQ_r1m: 0.01015641
- VNQ_r3m: 0.02483721
- VNQ_r12m: -0.01833569
- VNQ_vol3m: 0.13569352
- VNQ_mdd: -0.09523176
- UUP_r1m: 0.00859902
- UUP_r3m: 0.02624856
- UUP_r12m: -0.00337467
- UUP_vol3m: 0.05940672
- UUP_mdd: -0.05695148
- BIL_r1m: 0.00298431
- BIL_r3m: 0.00993929
- BIL_r12m: 0.04251618
- BIL_vol3m: 0.00198856
- BIL_mdd: 0.00000000
- cross_vol: 0.10275827

Assets: SPY, QQQ, IWM, DIA, EFA, EEM, VEA, VWO, AGG, BND, SHY, IEF, TLT, TIP, LQD, HYG, GLD, SLV, DBC, VNQ, UUP, BIL","{""SPY"":0.5344467641,""QQQ"":0.1781489214,""IWM"":0.0890744607,""DIA"":0.0445372303,""EFA"":0.0222686152,""EEM"":0.0222686152,""VEA"":0.0222686152,""VWO"":0.0222686152,""AGG"":0.0111343076,""BND"":0.0111343076,""SHY"":0.0055671538,""IEF"":0.0055671538,""TLT"":0.0055671538,""TIP"":0.0055671538,""LQD"":0.0055671538,""HYG"":0.0027835769,""GLD"":0.0027835769,""SLV"":0.0027835769,""DBC"":0.0027835769,""VNQ"":0.0013917884,""UUP"":0.0013917884,""BIL"":0.0006958942}","{""SPY"":0.5344467641,""QQQ"":0.1781489214,""IWM"":0.0890744607,""DIA"":0.0445372303,""EFA"":0.0222686152,""EEM"":0.0222686152,""VEA"":0.0222686152,""VWO"":0.0222686152,""AGG"":0.0111343076,""BND"":0.0111343076,""SHY"":0.0055671538,""IEF"":0.0055671538,""TLT"":0.0055671538,""TIP"":0.0055671538,""LQD"":0.0055671538,""HYG"":0.0027835769,""GLD"":0.0027835769,""SLV"":0.0027835769,""DBC"":0.0027835769,""VNQ"":0.0013917884,""UUP"":0.0013917884,""BIL"":0.0006958942}","{""SPY"":0.019047619,""QQQ"":0.019047619,""IWM"":0.019047619,""DIA"":0.019047619,""EFA"":0.019047619,""EEM"":0.019047619,""VEA"":0.019047619,""VWO"":0.019047619,""AGG"":0.019047619,""BND"":0.019047619,""SHY"":0.019047619,""IEF"":0.019047619,""TLT"":0.019047619,""TIP"":0.019047619,""LQD"":0.019047619,""HYG"":0.019047619,""GLD"":0.019047619,""SLV"":0.019047619,""DBC"":0.019047619,""VNQ"":0.019047619,""UUP"":0.019047619,""BIL"":0.6}",0
