run_id,experiment_id,condition_id,model_id,policy_id,complexity_level,paraphrase_id,mask_condition,conflict_type,decision_date,rebalance_days,cost_bps,wmax,tau,prompt_hash,prompt_text,raw_output,json_valid,parse_fail,repair_used,latency_sec,output_length,attempt_count,parse_retry_count,network_retry_count,timeout_retry_count,eval_count,eval_duration_sec,prompt_eval_count,done_reason,attempt_diagnostics,missing_asset_count,hallucinated_asset_count,negative_weight_count,invalid_weight_count,target_asset,top_asset_raw,top_asset_projected,raw_fidelity,projected_fidelity,top3_overlap,allocation_l1_to_reference,allocation_l2_to_reference,projection_l1,projection_l2,ew_l1_distance,collapse_flag,raw_weights,projected_weights,reference_weights,dry_run,raw_sum,raw_max_weight,raw_min_weight,raw_budget_violation,raw_cap_violation,raw_longonly_violation,post_sum,post_max_weight,post_min_weight,post_feasible_budget,post_feasible_cap,post_feasible_longonly,call_id
q1_20260801_011049,model_family_generalization,P1,qwen3.5:4b,P1,,,real_ticker,,2012-01-03,42,10.0,0.6,0.25,8f012ba01dd6baf1,"You are an AGGRESSIVE MOMENTUM policy profile. Use only the provided feature values. Strongly favor the eligible asset with the highest `_r12m` value. Allocate 60.0% of total portfolio weight to that target asset as the language-level policy target. Distribute the remaining weight equally among all other eligible assets. Include every eligible ticker exactly once. Return strictly valid JSON only with a `weights` object whose values are decimals, not percentages.
Hard constraints for the execution layer: long-only weights, weights sum to one, maximum single-asset weight 0.60, and turnover cap 0.25. You propose weights; deterministic projection will enforce final feasibility.

Current Features:
- SPY_r1m: 0.02671551
- SPY_r3m: 0.16718467
- SPY_r12m: 0.02459595
- SPY_vol3m: 0.25887588
- SPY_mdd: -0.04997530
- QQQ_r1m: 0.00594834
- QQQ_r3m: 0.11689019
- QQQ_r12m: 0.03838245
- QQQ_vol3m: 0.25840220
- QQQ_mdd: -0.04035417
- IWM_r1m: 0.02917638
- IWM_r3m: 0.23521387
- IWM_r12m: -0.04505700
- IWM_vol3m: 0.37700087
- IWM_mdd: -0.12194572
- DIA_r1m: 0.03222826
- DIA_r3m: 0.17057153
- DIA_r12m: 0.08903110
- DIA_vol3m: 0.23431471
- DIA_mdd: -0.01629549
- EFA_r1m: 0.01361822
- EFA_r3m: 0.10687441
- EFA_r12m: -0.10575181
- EFA_vol3m: 0.34495581
- EFA_mdd: -0.17813728
- EEM_r1m: -0.01040953
- EEM_r3m: 0.14885786
- EEM_r12m: -0.17111196
- EEM_vol3m: 0.40143386
- EEM_mdd: -0.20578645
- VEA_r1m: 0.01517233
- VEA_r3m: 0.10818375
- VEA_r12m: -0.10683619
- VEA_vol3m: 0.34370234
- VEA_mdd: -0.17899871
- VWO_r1m: -0.01158303
- VWO_r3m: 0.14398038
- VWO_r12m: -0.17177897
- VWO_vol3m: 0.38302895
- VWO_mdd: -0.20591382
- AGG_r1m: 0.01119106
- AGG_r3m: 0.00536619
- AGG_r12m: 0.07603807
- AGG_vol3m: 0.03331191
- AGG_mdd: -0.00326117
- BND_r1m: 0.00898195
- BND_r3m: 0.00348999
- BND_r12m: 0.07727916
- BND_vol3m: 0.03756468
- BND_mdd: -0.00311206
- SHY_r1m: -0.00012969
- SHY_r3m: 0.00049781
- SHY_r12m: 0.01404656
- SHY_vol3m: 0.00531517
- SHY_mdd: -0.00093098
- IEF_r1m: 0.01369723
- IEF_r3m: -0.00306527
- IEF_r12m: 0.15272011
- IEF_vol3m: 0.08440694
- IEF_mdd: -0.00989297
- TLT_r1m: 0.02405978
- TLT_r3m: -0.02737122
- TLT_r12m: 0.32992894
- TLT_vol3m: 0.22551508
- TLT_mdd: -0.03273671
- TIP_r1m: 0.00163172
- TIP_r3m: 0.01738505
- TIP_r12m: 0.13732879
- TIP_vol3m: 0.05984325
- TIP_mdd: -0.00931184
- LQD_r1m: 0.03166939
- LQD_r3m: 0.02464866
- LQD_r12m: 0.09230849
- LQD_vol3m: 0.06049644
- LQD_mdd: -0.00968553
- HYG_r1m: 0.04431199
- HYG_r3m: 0.12391091
- HYG_r12m: 0.07017863
- HYG_vol3m: 0.15996905
- HYG_mdd: 0.00000000
- GLD_r1m: -0.08082300
- GLD_r3m: -0.03131218
- GLD_r12m: 0.12985506
- GLD_vol3m: 0.22454383
- GLD_mdd: -0.15531718
- SLV_r1m: -0.09510360
- SLV_r3m: -0.02238046
- SLV_r12m: -0.03835889
- SLV_vol3m: 0.44565753
- SLV_mdd: -0.38997036
- DBC_r1m: 0.00363098
- DBC_r3m: 0.07884469
- DBC_r12m: -0.00108424
- DBC_vol3m: 0.20030343
- DBC_mdd: -0.13408522
- VNQ_r1m: 0.06613014
- VNQ_r3m: 0.22009966
- VNQ_r12m: 0.07552847
- VNQ_vol3m: 0.32461742
- VNQ_mdd: -0.05488288
- UUP_r1m: 0.01043075
- UUP_r3m: -0.01021780
- UUP_r12m: -0.02366347
- UUP_vol3m: 0.10413908
- UUP_mdd: -0.13743715
- BIL_r1m: -0.00017417
- BIL_r3m: -0.00061082
- BIL_r12m: -0.00082833
- BIL_vol3m: 0.00288457
- BIL_mdd: -0.00104647
- cross_vol: 0.20774014

Assets: SPY, QQQ, IWM, DIA, EFA, EEM, VEA, VWO, AGG, BND, SHY, IEF, TLT, TIP, LQD, HYG, GLD, SLV, DBC, VNQ, UUP, BIL","```json
{
  ""weights"": {
    ""SPY"": 0.6,
    ""QQQ"": 0.125,
    ""IWM"": 0.125,
    ""DIA"": 0.125,
    ""EFA"": 0.125,
    ""EEM"": 0.125,
    ""VEA"": 0.125,
    ""VWO"": 0.125,
    ""AGG"": 0.125,
    ""BND"": 0.125,
    ""SHY"": 0.125,
    ""IEF"": 0.125,
    ""TLT"": 0.125,
    ""TIP"": 0.125,
    ""LQD"": 0.125,
    ""HYG"": 0.125,
    ""GLD"": 0.125,
    ""SLV"": 0.125,
    ""DBC"": 0.125,
    ""VNQ"": 0.125,
    ""UUP"": 0.125,
    ""BIL"": 0.125
  }
}
```",1,0,0,15.007857500109822,427,1,0,0,0,301,8.713736,2328,stop,[],0,0,0,0,TLT,SPY,SPY,0,0,0.6666666666666666,1.1224806201550381,0.5921576061678715,3.7470027081099033e-16,1.0477500027681816e-16,0.28118393234672323,0,"{""SPY"":0.1860465116,""QQQ"":0.0387596899,""IWM"":0.0387596899,""DIA"":0.0387596899,""EFA"":0.0387596899,""EEM"":0.0387596899,""VEA"":0.0387596899,""VWO"":0.0387596899,""AGG"":0.0387596899,""BND"":0.0387596899,""SHY"":0.0387596899,""IEF"":0.0387596899,""TLT"":0.0387596899,""TIP"":0.0387596899,""LQD"":0.0387596899,""HYG"":0.0387596899,""GLD"":0.0387596899,""SLV"":0.0387596899,""DBC"":0.0387596899,""VNQ"":0.0387596899,""UUP"":0.0387596899,""BIL"":0.0387596899}","{""SPY"":0.1860465116,""QQQ"":0.0387596899,""IWM"":0.0387596899,""DIA"":0.0387596899,""EFA"":0.0387596899,""EEM"":0.0387596899,""VEA"":0.0387596899,""VWO"":0.0387596899,""AGG"":0.0387596899,""BND"":0.0387596899,""SHY"":0.0387596899,""IEF"":0.0387596899,""TLT"":0.0387596899,""TIP"":0.0387596899,""LQD"":0.0387596899,""HYG"":0.0387596899,""GLD"":0.0387596899,""SLV"":0.0387596899,""DBC"":0.0387596899,""VNQ"":0.0387596899,""UUP"":0.0387596899,""BIL"":0.0387596899}","{""SPY"":0.019047619,""QQQ"":0.019047619,""IWM"":0.019047619,""DIA"":0.019047619,""EFA"":0.019047619,""EEM"":0.019047619,""VEA"":0.019047619,""VWO"":0.019047619,""AGG"":0.019047619,""BND"":0.019047619,""SHY"":0.019047619,""IEF"":0.019047619,""TLT"":0.6,""TIP"":0.019047619,""LQD"":0.019047619,""HYG"":0.019047619,""GLD"":0.019047619,""SLV"":0.019047619,""DBC"":0.019047619,""VNQ"":0.019047619,""UUP"":0.019047619,""BIL"":0.019047619}",0,0.9999999999999998,0.18604651162790697,0.03875968992248062,2.220446049250313e-16,0,0,0.9999999999999994,0.1860465116279069,0.038759689922480606,1,1,1,18c254b6eb4601f32ff5d446
q1_20260801_011049,model_family_generalization,P1,qwen3.5:4b,P1,,,real_ticker,,2013-03-07,42,10.0,0.6,0.25,697e0bdcf990e219,"You are an AGGRESSIVE MOMENTUM policy profile. Use only the provided feature values. Strongly favor the eligible asset with the highest `_r12m` value. Allocate 60.0% of total portfolio weight to that target asset as the language-level policy target. Distribute the remaining weight equally among all other eligible assets. Include every eligible ticker exactly once. Return strictly valid JSON only with a `weights` object whose values are decimals, not percentages.
Hard constraints for the execution layer: long-only weights, weights sum to one, maximum single-asset weight 0.60, and turnover cap 0.25. You propose weights; deterministic projection will enforce final feasibility.

Current Features:
- SPY_r1m: 0.02469384
- SPY_r3m: 0.10355899
- SPY_r12m: 0.15694450
- SPY_vol3m: 0.11331766
- SPY_mdd: 0.00000000
- QQQ_r1m: 0.01823273
- QQQ_r3m: 0.05245420
- QQQ_r12m: 0.08328101
- QQQ_vol3m: 0.14230142
- QQQ_mdd: -0.01605729
- IWM_r1m: 0.03097273
- IWM_r3m: 0.14111880
- IWM_r12m: 0.17994039
- IWM_vol3m: 0.13147733
- IWM_mdd: 0.00000000
- DIA_r1m: 0.02953075
- DIA_r3m: 0.11373719
- DIA_r12m: 0.13431127
- DIA_vol3m: 0.09925860
- DIA_mdd: 0.00000000
- EFA_r1m: 0.01023015
- EFA_r3m: 0.08355395
- EFA_r12m: 0.12507905
- EFA_vol3m: 0.12213494
- EFA_mdd: -0.00991548
- EEM_r1m: -0.00500330
- EEM_r3m: 0.05107175
- EEM_r12m: 0.01564556
- EEM_vol3m: 0.11277195
- EEM_mdd: -0.09495469
- VEA_r1m: 0.01182671
- VEA_r3m: 0.08447113
- VEA_r12m: 0.12331643
- VEA_vol3m: 0.12379089
- VEA_mdd: -0.01001731
- VWO_r1m: -0.00878221
- VWO_r3m: 0.05539474
- VWO_r12m: 0.01644713
- VWO_vol3m: 0.11311231
- VWO_mdd: -0.09085716
- AGG_r1m: 0.00298230
- AGG_r3m: -0.00789205
- AGG_r12m: 0.02671506
- AGG_vol3m: 0.02198253
- AGG_mdd: -0.00877924
- BND_r1m: 0.00294915
- BND_r3m: -0.01528988
- BND_r12m: 0.01905989
- BND_vol3m: 0.02623608
- BND_mdd: -0.01598476
- SHY_r1m: 0.00009460
- SHY_r3m: 0.00047420
- SHY_r12m: 0.00336979
- SHY_vol3m: 0.00308644
- SHY_mdd: -0.00059235
- IEF_r1m: 0.00459187
- IEF_r3m: -0.02025412
- IEF_r12m: 0.03049403
- IEF_vol3m: 0.04553076
- IEF_mdd: -0.02310919
- TLT_r1m: 0.00197544
- TLT_r3m: -0.06904112
- TLT_r12m: 0.02208087
- TLT_vol3m: 0.11835554
- TLT_mdd: -0.10944081
- TIP_r1m: -0.00190668
- TIP_r3m: -0.01979212
- TIP_r12m: 0.04464834
- TIP_vol3m: 0.03990914
- TIP_mdd: -0.02352910
- LQD_r1m: 0.00564916
- LQD_r3m: -0.01390385
- LQD_r12m: 0.05680259
- LQD_vol3m: 0.03643095
- LQD_mdd: -0.01994465
- HYG_r1m: 0.01295297
- HYG_r3m: 0.02689283
- HYG_r12m: 0.09990517
- HYG_vol3m: 0.04119250
- HYG_mdd: 0.00000000
- GLD_r1m: -0.05723638
- GLD_r3m: -0.07134166
- GLD_r12m: -0.07823720
- GLD_vol3m: 0.11009493
- GLD_mdd: -0.17281540
- SLV_r1m: -0.09265281
- SLV_r3m: -0.12507836
- SLV_r12m: -0.15501057
- SLV_vol3m: 0.19915437
- SLV_mdd: -0.40943714
- DBC_r1m: -0.05141661
- DBC_r3m: -0.02865335
- DBC_r12m: -0.07566461
- DBC_vol3m: 0.07947798
- DBC_mdd: -0.15037591
- VNQ_r1m: 0.02209524
- VNQ_r3m: 0.09493046
- VNQ_r12m: 0.17024886
- VNQ_vol3m: 0.09312219
- VNQ_mdd: -0.00767170
- UUP_r1m: 0.03179719
- UUP_r3m: 0.02800722
- UUP_r12m: 0.01358079
- UUP_vol3m: 0.05064613
- UUP_mdd: -0.13317853
- BIL_r1m: -0.00000000
- BIL_r3m: -0.00000000
- BIL_r12m: -0.00021834
- BIL_vol3m: 0.00233318
- BIL_mdd: -0.00126459
- cross_vol: 0.08298717

Assets: SPY, QQQ, IWM, DIA, EFA, EEM, VEA, VWO, AGG, BND, SHY, IEF, TLT, TIP, LQD, HYG, GLD, SLV, DBC, VNQ, UUP, BIL","```json
{
  ""weights"": {
    ""SPY"": 0.6,
    ""QQQ"": 0.12583794,
    ""IWM"": 0.12583794,
    ""DIA"": 0.12583794,
    ""EFA"": 0.12583794,
    ""VEA"": 0.12583794,
    ""VWO"": 0.12583794,
    ""AGG"": 0.12583794,
    ""BND"": 0.12583794,
    ""SHY"": 0.12583794,
    ""IEF"": 0.12583794,
    ""TLT"": 0.12583794,
    ""TIP"": 0.12583794,
    ""LQD"": 0.12583794,
    ""HYG"": 0.12583794,
    ""GLD"": 0.12583794,
    ""SLV"": 0.12583794,
    ""DBC"": 0.12583794,
    ""VNQ"": 0.12583794,
    ""UUP"": 0.12583794,
    ""BIL"": 0.12583794
  }
}
```",1,0,0,17.370550707913935,509,1,0,0,0,388,11.204159,2328,stop,[],1,0,0,0,IWM,SPY,SPY,0,0,0.3333333333333333,1.157346005912113,0.5935265364511415,1.4918621893400349e-16,3.273069708340107e-17,0.29410626542839635,0,"{""SPY"":0.1925076782,""QQQ"":0.0403746161,""IWM"":0.0403746161,""DIA"":0.0403746161,""EFA"":0.0403746161,""EEM"":0.0,""VEA"":0.0403746161,""VWO"":0.0403746161,""AGG"":0.0403746161,""BND"":0.0403746161,""SHY"":0.0403746161,""IEF"":0.0403746161,""TLT"":0.0403746161,""TIP"":0.0403746161,""LQD"":0.0403746161,""HYG"":0.0403746161,""GLD"":0.0403746161,""SLV"":0.0403746161,""DBC"":0.0403746161,""VNQ"":0.0403746161,""UUP"":0.0403746161,""BIL"":0.0403746161}","{""SPY"":0.1925076782,""QQQ"":0.0403746161,""IWM"":0.0403746161,""DIA"":0.0403746161,""EFA"":0.0403746161,""EEM"":1.040834086e-17,""VEA"":0.0403746161,""VWO"":0.0403746161,""AGG"":0.0403746161,""BND"":0.0403746161,""SHY"":0.0403746161,""IEF"":0.0403746161,""TLT"":0.0403746161,""TIP"":0.0403746161,""LQD"":0.0403746161,""HYG"":0.0403746161,""GLD"":0.0403746161,""SLV"":0.0403746161,""DBC"":0.0403746161,""VNQ"":0.0403746161,""UUP"":0.0403746161,""BIL"":0.0403746161}","{""SPY"":0.019047619,""QQQ"":0.019047619,""IWM"":0.6,""DIA"":0.019047619,""EFA"":0.019047619,""EEM"":0.019047619,""VEA"":0.019047619,""VWO"":0.019047619,""AGG"":0.019047619,""BND"":0.019047619,""SHY"":0.019047619,""IEF"":0.019047619,""TLT"":0.019047619,""TIP"":0.019047619,""LQD"":0.019047619,""HYG"":0.019047619,""GLD"":0.019047619,""SLV"":0.019047619,""DBC"":0.019047619,""VNQ"":0.019047619,""UUP"":0.019047619,""BIL"":0.019047619}",0,0.9999999999999999,0.19250767816874376,0.0,1.1102230246251565e-16,0,0,1.0,0.19250767816874376,1.0408340855858907e-17,1,1,1,c0a1d8157e987aea448ffa92
q1_20260801_011049,model_family_generalization,P1,qwen3.5:4b,P1,,,real_ticker,,2015-11-04,42,10.0,0.6,0.25,79d496976787679f,"You are an AGGRESSIVE MOMENTUM policy profile. Use only the provided feature values. Strongly favor the eligible asset with the highest `_r12m` value. Allocate 60.0% of total portfolio weight to that target asset as the language-level policy target. Distribute the remaining weight equally among all other eligible assets. Include every eligible ticker exactly once. Return strictly valid JSON only with a `weights` object whose values are decimals, not percentages.
Hard constraints for the execution layer: long-only weights, weights sum to one, maximum single-asset weight 0.60, and turnover cap 0.25. You propose weights; deterministic projection will enforce final feasibility.

Current Features:
- SPY_r1m: 0.06355218
- SPY_r3m: 0.01489593
- SPY_r12m: 0.06733256
- SPY_vol3m: 0.21710810
- SPY_mdd: -0.00534579
- QQQ_r1m: 0.09542825
- QQQ_r3m: 0.04390968
- QQQ_r12m: 0.14702423
- QQQ_vol3m: 0.25088881
- QQQ_mdd: 0.00000000
- IWM_r1m: 0.05156014
- IWM_r3m: -0.01707309
- IWM_r12m: 0.03558668
- IWM_vol3m: 0.22052952
- IWM_mdd: -0.07656234
- DIA_r1m: 0.06585703
- DIA_r3m: 0.03126090
- DIA_r12m: 0.05297199
- DIA_vol3m: 0.21045681
- DIA_mdd: -0.01429903
- EFA_r1m: 0.02713141
- EFA_r3m: -0.05252592
- EFA_r12m: -0.00102328
- EFA_vol3m: 0.20974118
- EFA_mdd: -0.09021254
- EEM_r1m: 0.03564166
- EEM_r3m: -0.01596917
- EEM_r12m: -0.12705907
- EEM_vol3m: 0.28150496
- EEM_mdd: -0.22148562
- VEA_r1m: 0.02857147
- VEA_r3m: -0.04608422
- VEA_r12m: 0.00368231
- VEA_vol3m: 0.21077207
- VEA_mdd: -0.08600643
- VWO_r1m: 0.03115992
- VWO_r3m: -0.03589447
- VWO_r12m: -0.13206438
- VWO_vol3m: 0.28608892
- VWO_mdd: -0.20032172
- AGG_r1m: -0.00561575
- AGG_r3m: 0.00414263
- AGG_r12m: 0.01677308
- AGG_vol3m: 0.03487067
- AGG_mdd: -0.01341774
- BND_r1m: -0.00453562
- BND_r3m: 0.00492152
- BND_r12m: 0.01789518
- BND_vol3m: 0.03516037
- BND_mdd: -0.01543375
- SHY_r1m: -0.00375423
- SHY_r3m: 0.00012763
- SHY_r12m: 0.00498819
- SHY_vol3m: 0.01049935
- SHY_mdd: -0.00480727
- IEF_r1m: -0.01489888
- IEF_r3m: 0.00604910
- IEF_r12m: 0.03232470
- IEF_vol3m: 0.05862688
- IEF_mdd: -0.02456820
- TLT_r1m: -0.01658068
- TLT_r3m: -0.00700840
- TLT_r12m: 0.04089752
- TLT_vol3m: 0.14295409
- TLT_mdd: -0.10567233
- TIP_r1m: -0.00967361
- TIP_r3m: -0.00744259
- TIP_r12m: -0.01807394
- TIP_vol3m: 0.04839325
- TIP_mdd: -0.07544146
- LQD_r1m: -0.00310502
- LQD_r3m: 0.00868171
- LQD_r12m: 0.00388992
- LQD_vol3m: 0.05248304
- LQD_mdd: -0.04240429
- HYG_r1m: 0.02127220
- HYG_r3m: -0.00586418
- HYG_r12m: -0.02253115
- HYG_vol3m: 0.06986573
- HYG_mdd: -0.03797382
- GLD_r1m: -0.03540870
- GLD_r3m: 0.01513557
- GLD_r12m: -0.05569417
- GLD_vol3m: 0.13943144
- GLD_mdd: -0.42591688
- SLV_r1m: -0.04578630
- SLV_r3m: 0.02787708
- SLV_r12m: -0.06380205
- SLV_vol3m: 0.24739090
- SLV_mdd: -0.69572576
- DBC_r1m: -0.03322684
- DBC_r3m: -0.02324080
- DBC_r12m: -0.30596334
- DBC_vol3m: 0.20066854
- DBC_mdd: -0.52600252
- VNQ_r1m: 0.03661229
- VNQ_r3m: 0.03457099
- VNQ_r12m: 0.04811533
- VNQ_vol3m: 0.20059077
- VNQ_mdd: -0.06908857
- UUP_r1m: 0.02573382
- UUP_r3m: -0.00195631
- UUP_r12m: 0.10242000
- UUP_vol3m: 0.08984974
- UUP_mdd: -0.03699512
- BIL_r1m: -0.00021917
- BIL_r3m: -0.00043773
- BIL_r12m: -0.00153084
- BIL_vol3m: 0.00224689
- BIL_mdd: -0.00409903
- cross_vol: 0.14636918

Assets: SPY, QQQ, IWM, DIA, EFA, EEM, VEA, VWO, AGG, BND, SHY, IEF, TLT, TIP, LQD, HYG, GLD, SLV, DBC, VNQ, UUP, BIL","```json
{
  ""weights"": {
    ""SPY"": 0.15384615,
    ""QQQ"": 0.29761905,
    ""IWM"": 0.03846154,
    ""DIA"": 0.03846154,
    ""EFA"": 0.03846154,
    ""EEM"": 0.03846154,
    ""VEA"": 0.03846154,
    ""VWO"": 0.03846154,
    ""AGG"": 0.03846154,
    ""BND"": 0.03846154,
    ""SHY"": 0.03846154,
    ""IEF"": 0.03846154,
    ""TLT"": 0.03846154,
    ""TIP"": 0.03846154,
    ""LQD"": 0.03846154,
    ""HYG"": 0.03846154,
    ""GLD"": 0.03846154,
    ""SLV"": 0.03846154,
    ""DBC"": 0.03846154,
    ""VNQ"": 0.03846154,
    ""UUP"": 0.03846154,
    ""BIL"": 0.03846154
  }
}
```",1,0,0,18.19453874998726,539,1,0,0,0,413,11.967565,2328,stop,[],0,0,0,0,QQQ,QQQ,QQQ,1,1,1.0,0.7123781023285077,0.3760603038309786,2.220446049250313e-16,6.938893903907228e-17,0.5578667192546488,0,"{""SPY"":0.1260315017,""QQQ"":0.2438109488,""IWM"":0.0315078775,""DIA"":0.0315078775,""EFA"":0.0315078775,""EEM"":0.0315078775,""VEA"":0.0315078775,""VWO"":0.0315078775,""AGG"":0.0315078775,""BND"":0.0315078775,""SHY"":0.0315078775,""IEF"":0.0315078775,""TLT"":0.0315078775,""TIP"":0.0315078775,""LQD"":0.0315078775,""HYG"":0.0315078775,""GLD"":0.0315078775,""SLV"":0.0315078775,""DBC"":0.0315078775,""VNQ"":0.0315078775,""UUP"":0.0315078775,""BIL"":0.0315078775}","{""SPY"":0.1260315017,""QQQ"":0.2438109488,""IWM"":0.0315078775,""DIA"":0.0315078775,""EFA"":0.0315078775,""EEM"":0.0315078775,""VEA"":0.0315078775,""VWO"":0.0315078775,""AGG"":0.0315078775,""BND"":0.0315078775,""SHY"":0.0315078775,""IEF"":0.0315078775,""TLT"":0.0315078775,""TIP"":0.0315078775,""LQD"":0.0315078775,""HYG"":0.0315078775,""GLD"":0.0315078775,""SLV"":0.0315078775,""DBC"":0.0315078775,""VNQ"":0.0315078775,""UUP"":0.0315078775,""BIL"":0.0315078775}","{""SPY"":0.019047619,""QQQ"":0.6,""IWM"":0.019047619,""DIA"":0.019047619,""EFA"":0.019047619,""EEM"":0.019047619,""VEA"":0.019047619,""VWO"":0.019047619,""AGG"":0.019047619,""BND"":0.019047619,""SHY"":0.019047619,""IEF"":0.019047619,""TLT"":0.019047619,""TIP"":0.019047619,""LQD"":0.019047619,""HYG"":0.019047619,""GLD"":0.019047619,""SLV"":0.019047619,""DBC"":0.019047619,""VNQ"":0.019047619,""UUP"":0.019047619,""BIL"":0.019047619}",0,0.9999999999999998,0.24381094883574617,0.031507877473179235,2.220446049250313e-16,0,0,0.9999999999999996,0.2438109488357461,0.03150787747317923,1,1,1,68aa3edd5d593920de898102
q1_20260801_011049,model_family_generalization,P1,qwen3.5:4b,P1,,,real_ticker,,2017-03-08,42,10.0,0.6,0.25,46e871082938a88d,"You are an AGGRESSIVE MOMENTUM policy profile. Use only the provided feature values. Strongly favor the eligible asset with the highest `_r12m` value. Allocate 60.0% of total portfolio weight to that target asset as the language-level policy target. Distribute the remaining weight equally among all other eligible assets. Include every eligible ticker exactly once. Return strictly valid JSON only with a `weights` object whose values are decimals, not percentages.
Hard constraints for the execution layer: long-only weights, weights sum to one, maximum single-asset weight 0.60, and turnover cap 0.25. You propose weights; deterministic projection will enforce final feasibility.

Current Features:
- SPY_r1m: 0.03332910
- SPY_r3m: 0.07671644
- SPY_r12m: 0.21794332
- SPY_vol3m: 0.07049640
- SPY_mdd: -0.01342872
- QQQ_r1m: 0.03902098
- QQQ_r3m: 0.12458562
- QQQ_r12m: 0.26928760
- QQQ_vol3m: 0.07385144
- QQQ_mdd: -0.00532525
- IWM_r1m: 0.00044157
- IWM_r3m: 0.02486317
- IWM_r12m: 0.29872353
- IWM_vol3m: 0.13471107
- IWM_mdd: -0.03177541
- DIA_r1m: 0.04442924
- DIA_r3m: 0.09166292
- DIA_r12m: 0.26008415
- DIA_vol3m: 0.06938009
- DIA_mdd: -0.01142117
- EFA_r1m: 0.01004844
- EFA_r3m: 0.06397011
- EFA_r12m: 0.11564827
- EFA_vol3m: 0.08173701
- EFA_mdd: -0.06940914
- EEM_r1m: 0.00610715
- EEM_r3m: 0.08227145
- EEM_r12m: 0.19914154
- EEM_vol3m: 0.13366759
- EEM_mdd: -0.14554546
- VEA_r1m: 0.00579702
- VEA_r3m: 0.06162481
- VEA_r12m: 0.12642002
- VEA_vol3m: 0.08232636
- VEA_mdd: -0.05129750
- VWO_r1m: 0.01204175
- VWO_r3m: 0.07876991
- VWO_r12m: 0.21014934
- VWO_vol3m: 0.12658692
- VWO_mdd: -0.10861701
- AGG_r1m: -0.00583672
- AGG_r3m: 0.00041809
- AGG_r12m: 0.00352924
- AGG_vol3m: 0.03372477
- AGG_mdd: -0.03609771
- BND_r1m: -0.00609787
- BND_r3m: 0.00011928
- BND_r12m: 0.00334975
- BND_vol3m: 0.03452135
- BND_mdd: -0.03847171
- SHY_r1m: -0.00291140
- SHY_r3m: -0.00099711
- SHY_r12m: 0.00125116
- SHY_vol3m: 0.00945374
- SHY_mdd: -0.00790175
- IEF_r1m: -0.01060656
- IEF_r3m: -0.00592824
- IEF_r12m: -0.03346053
- IEF_vol3m: 0.05301710
- IEF_mdd: -0.07517592
- TLT_r1m: -0.01431017
- TLT_r3m: -0.00752097
- TLT_r12m: -0.07181413
- TLT_vol3m: 0.11236306
- TLT_mdd: -0.16652099
- TIP_r1m: -0.00928947
- TIP_r3m: -0.00053068
- TIP_r12m: 0.01903762
- TIP_vol3m: 0.04248982
- TIP_mdd: -0.04096783
- LQD_r1m: -0.00642347
- LQD_r3m: 0.00558117
- LQD_r12m: 0.04007511
- LQD_vol3m: 0.04753382
- LQD_mdd: -0.04476260
- HYG_r1m: -0.00551270
- HYG_r3m: 0.02347609
- HYG_r12m: 0.13516933
- HYG_vol3m: 0.03922253
- HYG_mdd: -0.01892799
- GLD_r1m: -0.02242990
- GLD_r3m: 0.03155816
- GLD_r12m: -0.04577877
- GLD_vol3m: 0.11087103
- GLD_mdd: -0.37667263
- SLV_r1m: -0.02972652
- SLV_r3m: 0.02770778
- SLV_r12m: 0.11627906
- SLV_vol3m: 0.19805599
- SLV_mdd: -0.65467625
- DBC_r1m: -0.03984823
- DBC_r3m: -0.03188777
- DBC_r12m: 0.14912954
- DBC_vol3m: 0.11438316
- DBC_mdd: -0.52443608
- VNQ_r1m: -0.00931504
- VNQ_r3m: 0.03746160
- VNQ_r12m: 0.08370603
- VNQ_vol3m: 0.13080573
- VNQ_mdd: -0.09134414
- UUP_r1m: 0.02248076
- UUP_r3m: 0.01932000
- UUP_r12m: 0.04641026
- UUP_vol3m: 0.07632795
- UUP_mdd: -0.01198502
- BIL_r1m: -0.00017566
- BIL_r3m: 0.00052486
- BIL_r12m: 0.00164212
- BIL_vol3m: 0.00339720
- BIL_mdd: -0.00246364
- cross_vol: 0.08086019

Assets: SPY, QQQ, IWM, DIA, EFA, EEM, VEA, VWO, AGG, BND, SHY, IEF, TLT, TIP, LQD, HYG, GLD, SLV, DBC, VNQ, UUP, BIL","```json
{
  ""weights"": {
    ""SPY"": 0.15397248,
    ""QQQ"": 0.60000000,
    ""IWM"": 0.03333333,
    ""DIA"": 0.03333333,
    ""EFA"": 0.02549187,
    ""EEM"": 0.02549187,
    ""VEA"": 0.02549187,
    ""VWO"": 0.03333333,
    ""AGG"": 0.02549187,
    ""BND"": 0.02549187,
    ""SHY"": 0.02549187,
    ""IEF"": 0.03333333,
    ""TLT"": 0.03333333,
    ""TIP"": 0.02549187,
    ""LQD"": 0.02549187,
    ""HYG"": 0.02549187,
    ""GLD"": 0.03333333,
    ""SLV"": 0.03333333,
    ""DBC"": 0.03333333,
    ""VNQ"": 0.02549187,
    ""UUP"": 0.02549187,
    ""BIL"": 0.02549187
  }
}
```",1,0,0,18.101799290860072,539,1,0,0,0,413,11.928907,2328,stop,[],0,0,0,0,IWM,QQQ,QQQ,0,0,0.3333333333333333,1.149744009528055,0.7265407615715325,6.938893903907228e-17,1.5515838457795457e-17,0.9549309449864091,0,"{""SPY"":0.1160706039,""QQQ"":0.4523039595,""IWM"":0.0251279952,""DIA"":0.0251279952,""EFA"":0.0192167896,""EEM"":0.0192167896,""VEA"":0.0192167896,""VWO"":0.0251279952,""AGG"":0.0192167896,""BND"":0.0192167896,""SHY"":0.0192167896,""IEF"":0.0251279952,""TLT"":0.0251279952,""TIP"":0.0192167896,""LQD"":0.0192167896,""HYG"":0.0192167896,""GLD"":0.0251279952,""SLV"":0.0251279952,""DBC"":0.0251279952,""VNQ"":0.0192167896,""UUP"":0.0192167896,""BIL"":0.0192167896}","{""SPY"":0.1160706039,""QQQ"":0.4523039595,""IWM"":0.0251279952,""DIA"":0.0251279952,""EFA"":0.0192167896,""EEM"":0.0192167896,""VEA"":0.0192167896,""VWO"":0.0251279952,""AGG"":0.0192167896,""BND"":0.0192167896,""SHY"":0.0192167896,""IEF"":0.0251279952,""TLT"":0.0251279952,""TIP"":0.0192167896,""LQD"":0.0192167896,""HYG"":0.0192167896,""GLD"":0.0251279952,""SLV"":0.0251279952,""DBC"":0.0251279952,""VNQ"":0.0192167896,""UUP"":0.0192167896,""BIL"":0.0192167896}","{""SPY"":0.019047619,""QQQ"":0.019047619,""IWM"":0.6,""DIA"":0.019047619,""EFA"":0.019047619,""EEM"":0.019047619,""VEA"":0.019047619,""VWO"":0.019047619,""AGG"":0.019047619,""BND"":0.019047619,""SHY"":0.019047619,""IEF"":0.019047619,""TLT"":0.019047619,""TIP"":0.019047619,""LQD"":0.019047619,""HYG"":0.019047619,""GLD"":0.019047619,""SLV"":0.019047619,""DBC"":0.019047619,""VNQ"":0.019047619,""UUP"":0.019047619,""BIL"":0.019047619}",0,1.0000000000000002,0.45230395947790736,0.019216789559160136,2.220446049250313e-16,0,0,1.0,0.45230395947790736,0.019216789559160133,1,1,1,54eee1115affee38171be8e6
q1_20260801_011049,model_family_generalization,P1,qwen3.5:4b,P1,,,real_ticker,,2018-01-05,42,10.0,0.6,0.25,1844a73de7351d6b,"You are an AGGRESSIVE MOMENTUM policy profile. Use only the provided feature values. Strongly favor the eligible asset with the highest `_r12m` value. Allocate 60.0% of total portfolio weight to that target asset as the language-level policy target. Distribute the remaining weight equally among all other eligible assets. Include every eligible ticker exactly once. Return strictly valid JSON only with a `weights` object whose values are decimals, not percentages.
Hard constraints for the execution layer: long-only weights, weights sum to one, maximum single-asset weight 0.60, and turnover cap 0.25. You propose weights; deterministic projection will enforce final feasibility.

Current Features:
- SPY_r1m: 0.04417929
- SPY_r3m: 0.07915503
- SPY_r12m: 0.23116435
- SPY_vol3m: 0.05868879
- SPY_mdd: 0.00000000
- QQQ_r1m: 0.06183277
- QQQ_r3m: 0.10035697
- QQQ_r12m: 0.35183209
- QQQ_vol3m: 0.10697084
- QQQ_mdd: 0.00000000
- IWM_r1m: 0.02946103
- IWM_r3m: 0.03405101
- IWM_r12m: 0.15189093
- IWM_vol3m: 0.09679892
- IWM_mdd: 0.00000000
- DIA_r1m: 0.04664558
- DIA_r3m: 0.11626610
- DIA_r12m: 0.30032631
- DIA_vol3m: 0.06232716
- DIA_mdd: 0.00000000
- EFA_r1m: 0.05310852
- EFA_r3m: 0.06771771
- EFA_r12m: 0.25402630
- EFA_vol3m: 0.06627542
- EFA_mdd: 0.00000000
- EEM_r1m: 0.08659156
- EEM_r3m: 0.08753922
- EEM_r12m: 0.38835277
- EEM_vol3m: 0.12605615
- EEM_mdd: 0.00000000
- VEA_r1m: 0.05475824
- VEA_r3m: 0.07371010
- VEA_r12m: 0.26585167
- VEA_vol3m: 0.06651868
- VEA_mdd: 0.00000000
- VWO_r1m: 0.08967606
- VWO_r3m: 0.07964519
- VWO_r12m: 0.32981968
- VWO_vol3m: 0.11620385
- VWO_mdd: 0.00000000
- AGG_r1m: -0.00168321
- AGG_r3m: 0.00087501
- AGG_r12m: 0.02717255
- AGG_vol3m: 0.02348980
- AGG_mdd: -0.00729761
- BND_r1m: -0.00243293
- BND_r3m: 0.00088849
- BND_r12m: 0.02992311
- BND_vol3m: 0.02377469
- BND_mdd: -0.00833827
- SHY_r1m: -0.00054858
- SHY_r3m: -0.00402260
- SHY_r12m: 0.00167153
- SHY_vol3m: 0.00628280
- SHY_mdd: -0.00716208
- IEF_r1m: -0.00609315
- IEF_r3m: -0.00576775
- IEF_r12m: 0.01419193
- IEF_vol3m: 0.03399461
- IEF_mdd: -0.05109347
- TLT_r1m: -0.00993497
- TLT_r3m: 0.02065846
- TLT_r12m: 0.05665001
- TLT_vol3m: 0.09730552
- TLT_mdd: -0.09161539
- TIP_r1m: 0.00270342
- TIP_r3m: 0.01174256
- TIP_r12m: 0.02099206
- TIP_vol3m: 0.02835731
- TIP_mdd: -0.01330013
- LQD_r1m: 0.00004459
- LQD_r3m: 0.00613208
- LQD_r12m: 0.05448026
- LQD_vol3m: 0.03805262
- LQD_mdd: -0.00551130
- HYG_r1m: 0.01186418
- HYG_r3m: 0.00621513
- HYG_r12m: 0.06078966
- HYG_vol3m: 0.03349994
- HYG_mdd: 0.00000000
- GLD_r1m: 0.04163898
- GLD_r3m: 0.03991043
- GLD_r12m: 0.11325280
- GLD_vol3m: 0.08823770
- GLD_mdd: -0.32103579
- SLV_r1m: 0.06500327
- SLV_r3m: 0.03377946
- SLV_r12m: 0.02918776
- SLV_vol3m: 0.15591118
- SLV_mdd: -0.65679222
- DBC_r1m: 0.03788810
- DBC_r3m: 0.08015507
- DBC_r12m: 0.05425862
- DBC_vol3m: 0.10863793
- DBC_mdd: -0.47650380
- VNQ_r1m: -0.01394883
- VNQ_r3m: -0.01512844
- VNQ_r12m: 0.00331687
- VNQ_vol3m: 0.09331326
- VNQ_mdd: -0.06172277
- UUP_r1m: -0.01265642
- UUP_r3m: -0.01751023
- UUP_r12m: -0.08533268
- UUP_vol3m: 0.05170730
- UUP_mdd: -0.10177618
- BIL_r1m: 0.00089756
- BIL_r3m: 0.00238621
- BIL_r12m: 0.00711161
- BIL_vol3m: 0.00260695
- BIL_mdd: 0.00000000
- cross_vol: 0.06750052

Assets: SPY, QQQ, IWM, DIA, EFA, EEM, VEA, VWO, AGG, BND, SHY, IEF, TLT, TIP, LQD, HYG, GLD, SLV, DBC, VNQ, UUP, BIL","```json
{
  ""weights"": {
    ""SPY"": 0.15789473684210525,
    ""QQQ"": 0.15789473684210525,
    ""IWM"": 0.15789473684210525,
    ""DIA"": 0.15789473684210525,
    ""EFA"": 0.15789473684210525,
    ""EEM"": 0.15789473684210525,
    ""VEA"": 0.15789473684210525,
    ""VWO"": 0.15789473684210525,
    ""AGG"": 0.15789473684210525,
    ""BND"": 0.15789473684210525,
    ""SHY"": 0.15789473684210525,
    ""IEF"": 0.15789473684210525,
    ""TLT"": 0.15789473684210525,
    ""TIP"": 0.15789473684210525,
    ""LQD"": 0.15789473684210525,
    ""HYG"": 0.15789473684210525,
    ""GLD"": 0.15789473684210525,
    ""SLV"": 0.15789473684210525,
    ""DBC"": 0.15789473684210525,
    ""VNQ"": 0.15789473684210525,
    ""UUP"": 0.15789473684210525,
    ""BIL"": 0.15789473684210525
  }
}
```",1,0,0,23.863009124994278,737,1,0,0,0,611,17.683151,2328,stop,[],0,0,0,0,EEM,SPY,SPY,0,0,0.3333333333333333,1.1090909090909096,0.5675953683430672,3.0531133177191805e-16,6.509259464525837e-17,3.0531133177191805e-16,1,"{""SPY"":0.0454545455,""QQQ"":0.0454545455,""IWM"":0.0454545455,""DIA"":0.0454545455,""EFA"":0.0454545455,""EEM"":0.0454545455,""VEA"":0.0454545455,""VWO"":0.0454545455,""AGG"":0.0454545455,""BND"":0.0454545455,""SHY"":0.0454545455,""IEF"":0.0454545455,""TLT"":0.0454545455,""TIP"":0.0454545455,""LQD"":0.0454545455,""HYG"":0.0454545455,""GLD"":0.0454545455,""SLV"":0.0454545455,""DBC"":0.0454545455,""VNQ"":0.0454545455,""UUP"":0.0454545455,""BIL"":0.0454545455}","{""SPY"":0.0454545455,""QQQ"":0.0454545455,""IWM"":0.0454545455,""DIA"":0.0454545455,""EFA"":0.0454545455,""EEM"":0.0454545455,""VEA"":0.0454545455,""VWO"":0.0454545455,""AGG"":0.0454545455,""BND"":0.0454545455,""SHY"":0.0454545455,""IEF"":0.0454545455,""TLT"":0.0454545455,""TIP"":0.0454545455,""LQD"":0.0454545455,""HYG"":0.0454545455,""GLD"":0.0454545455,""SLV"":0.0454545455,""DBC"":0.0454545455,""VNQ"":0.0454545455,""UUP"":0.0454545455,""BIL"":0.0454545455}","{""SPY"":0.019047619,""QQQ"":0.019047619,""IWM"":0.019047619,""DIA"":0.019047619,""EFA"":0.019047619,""EEM"":0.6,""VEA"":0.019047619,""VWO"":0.019047619,""AGG"":0.019047619,""BND"":0.019047619,""SHY"":0.019047619,""IEF"":0.019047619,""TLT"":0.019047619,""TIP"":0.019047619,""LQD"":0.019047619,""HYG"":0.019047619,""GLD"":0.019047619,""SLV"":0.019047619,""DBC"":0.019047619,""VNQ"":0.019047619,""UUP"":0.019047619,""BIL"":0.019047619}",0,0.9999999999999998,0.045454545454545456,0.045454545454545456,2.220446049250313e-16,0,0,1.0,0.04545454545454547,0.04545454545454547,1,1,1,52ed84f68f4bd31731c8799b
q1_20260801_011049,model_family_generalization,P1,qwen3.5:4b,P1,,,real_ticker,,2019-05-09,42,10.0,0.6,0.25,ccf2cb9cef13d352,"You are an AGGRESSIVE MOMENTUM policy profile. Use only the provided feature values. Strongly favor the eligible asset with the highest `_r12m` value. Allocate 60.0% of total portfolio weight to that target asset as the language-level policy target. Distribute the remaining weight equally among all other eligible assets. Include every eligible ticker exactly once. Return strictly valid JSON only with a `weights` object whose values are decimals, not percentages.
Hard constraints for the execution layer: long-only weights, weights sum to one, maximum single-asset weight 0.60, and turnover cap 0.25. You propose weights; deterministic projection will enforce final feasibility.

Current Features:
- SPY_r1m: -0.00226275
- SPY_r3m: 0.06582756
- SPY_r12m: 0.09478944
- SPY_vol3m: 0.09580870
- SPY_mdd: -0.02506550
- QQQ_r1m: 0.00157196
- QQQ_r3m: 0.10031644
- QQQ_r12m: 0.12222501
- QQQ_vol3m: 0.11510087
- QQQ_mdd: -0.03317471
- IWM_r1m: 0.00637918
- IWM_r3m: 0.04620456
- IWM_r12m: 0.00182457
- IWM_vol3m: 0.15063857
- IWM_mdd: -0.08942642
- DIA_r1m: -0.01114855
- DIA_r3m: 0.03157495
- DIA_r12m: 0.08486647
- DIA_vol3m: 0.09881017
- DIA_mdd: -0.03017095
- EFA_r1m: -0.01548506
- EFA_r3m: 0.04226925
- EFA_r12m: -0.05779312
- EFA_vol3m: 0.09836946
- EFA_mdd: -0.11163368
- EEM_r1m: -0.05822597
- EEM_r3m: -0.01580192
- EEM_r12m: -0.08156832
- EEM_vol3m: 0.14831093
- EEM_mdd: -0.18138269
- VEA_r1m: -0.01925851
- VEA_r3m: 0.03477293
- VEA_r12m: -0.06538724
- VEA_vol3m: 0.09928218
- VEA_mdd: -0.11909024
- VWO_r1m: -0.05507291
- VWO_r3m: 0.00707782
- VWO_r12m: -0.06262578
- VWO_vol3m: 0.14810608
- VWO_mdd: -0.16526100
- AGG_r1m: 0.00471187
- AGG_r3m: 0.02190375
- AGG_r12m: 0.05988381
- AGG_vol3m: 0.02656927
- AGG_mdd: 0.00000000
- BND_r1m: 0.00502073
- BND_r3m: 0.02210543
- BND_r12m: 0.06044256
- BND_vol3m: 0.02704355
- BND_mdd: 0.00000000
- SHY_r1m: 0.00341133
- SHY_r3m: 0.00951010
- SHY_r12m: 0.03033306
- SHY_vol3m: 0.00900614
- SHY_mdd: 0.00000000
- IEF_r1m: 0.00617405
- IEF_r3m: 0.02254297
- IEF_r12m: 0.07266997
- IEF_vol3m: 0.04312103
- IEF_mdd: -0.01158189
- TLT_r1m: 0.00969710
- TLT_r3m: 0.03195522
- TLT_r12m: 0.08137050
- TLT_vol3m: 0.09062296
- TLT_mdd: -0.06470077
- TIP_r1m: 0.00386182
- TIP_r3m: 0.02118114
- TIP_r12m: 0.02984121
- TIP_vol3m: 0.03277262
- TIP_mdd: -0.00348235
- LQD_r1m: 0.00431460
- LQD_r3m: 0.03283651
- LQD_r12m: 0.07642514
- LQD_vol3m: 0.03862540
- LQD_mdd: -0.00416418
- HYG_r1m: 0.00038877
- HYG_r3m: 0.02725938
- HYG_r12m: 0.06306885
- HYG_vol3m: 0.03112624
- HYG_mdd: -0.00715827
- GLD_r1m: -0.01583439
- GLD_r3m: -0.02052692
- GLD_r12m: -0.02720924
- GLD_vol3m: 0.09454293
- GLD_mdd: -0.34340972
- SLV_r1m: -0.03151259
- SLV_r3m: -0.06364255
- SLV_r12m: -0.10831723
- SLV_vol3m: 0.14470178
- SLV_mdd: -0.70736351
- DBC_r1m: -0.03333334
- DBC_r3m: 0.01228170
- DBC_r12m: -0.10527903
- DBC_vol3m: 0.09239528
- DBC_mdd: -0.50302616
- VNQ_r1m: -0.01093327
- VNQ_r3m: 0.02894010
- VNQ_r12m: 0.15783378
- VNQ_vol3m: 0.11374941
- VNQ_mdd: -0.02396400
- UUP_r1m: 0.00692847
- UUP_r3m: 0.01829493
- UUP_r12m: 0.08056124
- UUP_vol3m: 0.04548472
- UUP_mdd: -0.00875474
- BIL_r1m: 0.00190321
- BIL_r3m: 0.00569870
- BIL_r12m: 0.02028811
- BIL_vol3m: 0.00170460
- BIL_mdd: 0.00000000
- cross_vol: 0.07935877

Assets: SPY, QQQ, IWM, DIA, EFA, EEM, VEA, VWO, AGG, BND, SHY, IEF, TLT, TIP, LQD, HYG, GLD, SLV, DBC, VNQ, UUP, BIL","```json
{
  ""weights"": {
    ""SPY"": 0.6,
    ""QQQ"": 0.12579348,
    ""IWM"": 0.03157895,
    ""DIA"": 0.03157895,
    ""EFA"": 0.03157895,
    ""EEM"": 0.03157895,
    ""VEA"": 0.03157895,
    ""VWO"": 0.03157895,
    ""AGG"": 0.03157895,
    ""BND"": 0.03157895,
    ""SHY"": 0.03157895,
    ""IEF"": 0.03157895,
    ""TLT"": 0.03157895,
    ""TIP"": 0.03157895,
    ""LQD"": 0.03157895,
    ""HYG"": 0.03157895,
    ""GLD"": 0.03157895,
    ""SLV"": 0.03157895,
    ""DBC"": 0.03157895,
    ""VNQ"": 0.03157895,
    ""UUP"": 0.03157895,
    ""BIL"": 0.03157895
  }
}
```",1,0,0,17.93891524989158,532,1,0,0,0,406,11.744928,2328,stop,[],0,0,0,0,VNQ,SPY,SPY,0,0,0.6666666666666666,1.1534704726001221,0.7192334884792,1.3877787807814457e-16,3.1031676915590914e-17,0.8875912701842636,0,"{""SPY"":0.4420304735,""QQQ"":0.0926742525,""IWM"":0.0232647637,""DIA"":0.0232647637,""EFA"":0.0232647637,""EEM"":0.0232647637,""VEA"":0.0232647637,""VWO"":0.0232647637,""AGG"":0.0232647637,""BND"":0.0232647637,""SHY"":0.0232647637,""IEF"":0.0232647637,""TLT"":0.0232647637,""TIP"":0.0232647637,""LQD"":0.0232647637,""HYG"":0.0232647637,""GLD"":0.0232647637,""SLV"":0.0232647637,""DBC"":0.0232647637,""VNQ"":0.0232647637,""UUP"":0.0232647637,""BIL"":0.0232647637}","{""SPY"":0.4420304735,""QQQ"":0.0926742525,""IWM"":0.0232647637,""DIA"":0.0232647637,""EFA"":0.0232647637,""EEM"":0.0232647637,""VEA"":0.0232647637,""VWO"":0.0232647637,""AGG"":0.0232647637,""BND"":0.0232647637,""SHY"":0.0232647637,""IEF"":0.0232647637,""TLT"":0.0232647637,""TIP"":0.0232647637,""LQD"":0.0232647637,""HYG"":0.0232647637,""GLD"":0.0232647637,""SLV"":0.0232647637,""DBC"":0.0232647637,""VNQ"":0.0232647637,""UUP"":0.0232647637,""BIL"":0.0232647637}","{""SPY"":0.019047619,""QQQ"":0.019047619,""IWM"":0.019047619,""DIA"":0.019047619,""EFA"":0.019047619,""EEM"":0.019047619,""VEA"":0.019047619,""VWO"":0.019047619,""AGG"":0.019047619,""BND"":0.019047619,""SHY"":0.019047619,""IEF"":0.019047619,""TLT"":0.019047619,""TIP"":0.019047619,""LQD"":0.019047619,""HYG"":0.019047619,""GLD"":0.019047619,""SLV"":0.019047619,""DBC"":0.019047619,""VNQ"":0.6,""UUP"":0.019047619,""BIL"":0.019047619}",0,1.0000000000000002,0.44203047346296576,0.02326476369993887,2.220446049250313e-16,0,0,1.0,0.44203047346296576,0.023264763699938865,1,1,1,5243f93a7cf3e71b7d0bb1d6
q1_20260801_011049,model_family_generalization,P1,qwen3.5:4b,P1,,,real_ticker,,2019-09-09,42,10.0,0.6,0.25,ad26b9c8b4b228d1,"You are an AGGRESSIVE MOMENTUM policy profile. Use only the provided feature values. Strongly favor the eligible asset with the highest `_r12m` value. Allocate 60.0% of total portfolio weight to that target asset as the language-level policy target. Distribute the remaining weight equally among all other eligible assets. Include every eligible ticker exactly once. Return strictly valid JSON only with a `weights` object whose values are decimals, not percentages.
Hard constraints for the execution layer: long-only weights, weights sum to one, maximum single-asset weight 0.60, and turnover cap 0.25. You propose weights; deterministic projection will enforce final feasibility.

Current Features:
- SPY_r1m: 0.01559880
- SPY_r3m: 0.03696073
- SPY_r12m: 0.05531090
- SPY_vol3m: 0.15245726
- SPY_mdd: -0.01261500
- QQQ_r1m: 0.01556362
- QQQ_r3m: 0.04620675
- QQQ_r12m: 0.06076174
- QQQ_vol3m: 0.18544344
- QQQ_mdd: -0.02099420
- IWM_r1m: -0.00413043
- IWM_r3m: 0.00458309
- IWM_r12m: -0.09880829
- IWM_vol3m: 0.18791580
- IWM_mdd: -0.11125683
- DIA_r1m: 0.02036345
- DIA_r3m: 0.03594730
- DIA_r12m: 0.05589472
- DIA_vol3m: 0.14781233
- DIA_mdd: -0.01414706
- EFA_r1m: 0.02114214
- EFA_r3m: 0.00572255
- EFA_r12m: 0.01314462
- EFA_vol3m: 0.12316525
- EFA_mdd: -0.09428820
- EEM_r1m: 0.02730921
- EEM_r3m: 0.00205505
- EEM_r12m: 0.01345468
- EEM_vol3m: 0.17022429
- EEM_mdd: -0.18205928
- VEA_r1m: 0.01990553
- VEA_r3m: 0.00451626
- VEA_r12m: -0.00005764
- VEA_vol3m: 0.12376255
- VEA_mdd: -0.10381702
- VWO_r1m: 0.02247468
- VWO_r3m: 0.01055302
- VWO_r12m: 0.04678236
- VWO_vol3m: 0.16334524
- VWO_mdd: -0.15849175
- AGG_r1m: 0.00586412
- AGG_r3m: 0.03388051
- AGG_r12m: 0.09921356
- AGG_vol3m: 0.03621172
- AGG_mdd: -0.00745366
- BND_r1m: 0.00578809
- BND_r3m: 0.03447275
- BND_r12m: 0.09761675
- BND_vol3m: 0.03713430
- BND_mdd: -0.00857290
- SHY_r1m: 0.00089315
- SHY_r3m: 0.00903842
- SHY_r12m: 0.04096814
- SHY_vol3m: 0.01513513
- SHY_mdd: -0.00317307
- IEF_r1m: 0.00523716
- IEF_r3m: 0.04228128
- IEF_r12m: 0.12711646
- IEF_vol3m: 0.05660929
- IEF_mdd: -0.01356704
- TLT_r1m: 0.02225703
- TLT_r3m: 0.10360744
- TLT_r12m: 0.22295633
- TLT_vol3m: 0.13706245
- TLT_mdd: -0.02940985
- TIP_r1m: 0.00093007
- TIP_r3m: 0.02756328
- TIP_r12m: 0.06629759
- TIP_vol3m: 0.04140446
- TIP_mdd: -0.01127424
- LQD_r1m: 0.00938582
- LQD_r3m: 0.05861432
- LQD_r12m: 0.14511201
- LQD_vol3m: 0.05678998
- LQD_mdd: -0.01242885
- HYG_r1m: 0.01427495
- HYG_r3m: 0.02476574
- HYG_r12m: 0.07303114
- HYG_vol3m: 0.05119133
- HYG_mdd: 0.00000000
- GLD_r1m: -0.00239890
- GLD_r3m: 0.12814168
- GLD_r12m: 0.24528799
- GLD_vol3m: 0.16104264
- GLD_mdd: -0.23403217
- SLV_r1m: 0.05915667
- SLV_r3m: 0.22133529
- SLV_r12m: 0.26446276
- SLV_vol3m: 0.23505377
- SLV_mdd: -0.64388488
- DBC_r1m: 0.02968962
- DBC_r3m: 0.00859223
- DBC_r12m: -0.09653945
- DBC_vol3m: 0.15370854
- DBC_mdd: -0.51572025
- VNQ_r1m: 0.02242731
- VNQ_r3m: 0.05820342
- VNQ_r12m: 0.15837078
- VNQ_vol3m: 0.13541878
- VNQ_mdd: -0.00979545
- UUP_r1m: 0.00906017
- UUP_r3m: 0.02531646
- UUP_r12m: 0.07169649
- UUP_vol3m: 0.04901403
- UUP_mdd: -0.00742661
- BIL_r1m: 0.00139906
- BIL_r3m: 0.00501565
- BIL_r12m: 0.02182610
- BIL_vol3m: 0.00216312
- BIL_mdd: 0.00000000
- cross_vol: 0.11009389

Assets: SPY, QQQ, IWM, DIA, EFA, EEM, VEA, VWO, AGG, BND, SHY, IEF, TLT, TIP, LQD, HYG, GLD, SLV, DBC, VNQ, UUP, BIL","```json
{
  ""weights"": {
    ""SPY"": 0.15243879,
    ""QQQ"": 0.16152344,
    ""IWM"": -0.09880829,
    ""DIA"": 0.05589472,
    ""EFA"": 0.01314462,
    ""EEM"": 0.01345468,
    ""VEA"": -0.00005764,
    ""VWO"": 0.04678236,
    ""AGG"": 0.09921356,
    ""BND"": 0.09761675,
    ""SHY"": 0.04096814,
    ""IEF"": 0.12711646,
    ""TLT"": 0.22295633,
    ""TIP"": 0.06629759,
    ""LQD"": 0.14511201,
    ""HYG"": 0.07303114,
    ""GLD"": 0.24528799,
    ""SLV"": 0.26446276,
    ""DBC"": -0.09653945,
    ""VNQ"": 0.15837078,
    ""UUP"": 0.07169649,
    ""BIL"": 0.02182610
  }
}
```",1,0,0,18.37634679209441,542,1,0,0,0,413,12.198301,2328,stop,[],0,0,3,0,SLV,SLV,SLV,1,1,0.3333333333333333,1.1273111196618222,0.5088098339354017,6.765421556309548e-17,2.0155665398199647e-17,0.70279348666706,0,"{""SPY"":0.0733868564,""QQQ"":0.0777603752,""IWM"":0.0,""DIA"":0.0269087533,""EFA"":0.0063280635,""EEM"":0.0064773321,""VEA"":0.0,""VWO"":0.0225218944,""AGG"":0.0477632451,""BND"":0.0469945112,""SHY"":0.0197228213,""IEF"":0.0611962179,""TLT"":0.1073353061,""TIP"":0.0319168876,""LQD"":0.0698596089,""HYG"":0.0351585432,""GLD"":0.1180861808,""SLV"":0.1273172701,""DBC"":0.0,""VNQ"":0.0762426263,""UUP"":0.034516018,""BIL"":0.0105074887}","{""SPY"":0.0733868564,""QQQ"":0.0777603752,""IWM"":0.0,""DIA"":0.0269087533,""EFA"":0.0063280635,""EEM"":0.0064773321,""VEA"":0.0,""VWO"":0.0225218944,""AGG"":0.0477632451,""BND"":0.0469945112,""SHY"":0.0197228213,""IEF"":0.0611962179,""TLT"":0.1073353061,""TIP"":0.0319168876,""LQD"":0.0698596089,""HYG"":0.0351585432,""GLD"":0.1180861808,""SLV"":0.1273172701,""DBC"":0.0,""VNQ"":0.0762426263,""UUP"":0.034516018,""BIL"":0.0105074887}","{""SPY"":0.019047619,""QQQ"":0.019047619,""IWM"":0.019047619,""DIA"":0.019047619,""EFA"":0.019047619,""EEM"":0.019047619,""VEA"":0.019047619,""VWO"":0.019047619,""AGG"":0.019047619,""BND"":0.019047619,""SHY"":0.019047619,""IEF"":0.019047619,""TLT"":0.019047619,""TIP"":0.019047619,""LQD"":0.019047619,""HYG"":0.019047619,""GLD"":0.019047619,""SLV"":0.6,""DBC"":0.019047619,""VNQ"":0.019047619,""UUP"":0.019047619,""BIL"":0.019047619}",0,1.0000000000000002,0.127317270127267,0.0,2.220446049250313e-16,0,0,1.0,0.127317270127267,0.0,1,1,1,082649508df3ef340b4f1b28
q1_20260801_011049,model_family_generalization,P1,qwen3.5:4b,P1,,,real_ticker,,2020-09-08,42,10.0,0.6,0.25,e09b03731f6bc5f9,"You are an AGGRESSIVE MOMENTUM policy profile. Use only the provided feature values. Strongly favor the eligible asset with the highest `_r12m` value. Allocate 60.0% of total portfolio weight to that target asset as the language-level policy target. Distribute the remaining weight equally among all other eligible assets. Include every eligible ticker exactly once. Return strictly valid JSON only with a `weights` object whose values are decimals, not percentages.
Hard constraints for the execution layer: long-only weights, weights sum to one, maximum single-asset weight 0.60, and turnover cap 0.25. You propose weights; deterministic projection will enforce final feasibility.

Current Features:
- SPY_r1m: -0.00406501
- SPY_r3m: 0.04328779
- SPY_r12m: 0.13971018
- SPY_vol3m: 0.20520504
- SPY_mdd: -0.06846520
- QQQ_r1m: -0.00559922
- QQQ_r3m: 0.11146477
- QQQ_r12m: 0.42335305
- QQQ_vol3m: 0.26403538
- QQQ_mdd: -0.10836969
- IWM_r1m: -0.04040481
- IWM_r3m: 0.00071060
- IWM_r12m: 0.00081970
- IWM_vol3m: 0.28068665
- IWM_mdd: -0.11052834
- DIA_r1m: 0.00509787
- DIA_r3m: 0.01337278
- DIA_r12m: 0.04793963
- DIA_vol3m: 0.22570523
- DIA_mdd: -0.05542039
- EFA_r1m: 0.00157158
- EFA_r3m: 0.01292397
- EFA_r12m: 0.00993209
- EFA_vol3m: 0.19770643
- EFA_mdd: -0.08529258
- EEM_r1m: -0.00683839
- EEM_r3m: 0.07172398
- EEM_r12m: 0.08165509
- EEM_vol3m: 0.22189815
- EEM_mdd: -0.11527026
- VEA_r1m: 0.00219724
- VEA_r3m: 0.02329228
- VEA_r12m: 0.02803228
- VEA_vol3m: 0.19482345
- VEA_mdd: -0.07869497
- VWO_r1m: -0.00391327
- VWO_r3m: 0.07643231
- VWO_r12m: 0.07836677
- VWO_vol3m: 0.22059811
- VWO_mdd: -0.09254547
- AGG_r1m: -0.00841405
- AGG_r3m: 0.01429156
- AGG_r12m: 0.06969416
- AGG_vol3m: 0.02612786
- AGG_mdd: -0.01007155
- BND_r1m: -0.00969902
- BND_r3m: 0.01547233
- BND_r12m: 0.07246418
- BND_vol3m: 0.02784548
- BND_mdd: -0.01080567
- SHY_r1m: -0.00047408
- SHY_r3m: 0.00138659
- SHY_r12m: 0.03427634
- SHY_vol3m: 0.00363679
- SHY_mdd: -0.00081970
- IEF_r1m: -0.00580908
- IEF_r3m: 0.01410812
- IEF_r12m: 0.09544497
- IEF_vol3m: 0.03454413
- IEF_mdd: -0.01009069
- TLT_r1m: -0.03505451
- TLT_r3m: 0.03665568
- TLT_r12m: 0.16348307
- TLT_vol3m: 0.12845816
- TLT_mdd: -0.04456007
- TIP_r1m: 0.00174338
- TIP_r3m: 0.04290780
- TIP_r12m: 0.09241353
- TIP_vol3m: 0.03463938
- TIP_mdd: -0.00558643
- LQD_r1m: -0.02439783
- LQD_r3m: 0.02686337
- LQD_r12m: 0.09467231
- LQD_vol3m: 0.06910272
- LQD_mdd: -0.02713238
- HYG_r1m: -0.00953089
- HYG_r3m: 0.01375316
- HYG_r12m: 0.01262807
- HYG_vol3m: 0.08909565
- HYG_mdd: -0.02055090
- GLD_r1m: -0.04989259
- GLD_r3m: 0.12420935
- GLD_r12m: 0.28219813
- GLD_vol3m: 0.18964211
- GLD_mdd: -0.06498533
- SLV_r1m: -0.05498284
- SLV_r3m: 0.50730815
- SLV_r12m: 0.47058824
- SLV_vol3m: 0.55145241
- SLV_mdd: -0.47630129
- DBC_r1m: -0.02657555
- DBC_r3m: 0.04397402
- DBC_r12m: -0.14643738
- DBC_vol3m: 0.16081489
- DBC_mdd: -0.58663691
- VNQ_r1m: -0.01808427
- VNQ_r3m: -0.04275215
- VNQ_r12m: -0.09796688
- VNQ_vol3m: 0.24481293
- VNQ_mdd: -0.17305706
- UUP_r1m: -0.00039628
- UUP_r3m: -0.03223315
- UUP_r12m: -0.03760204
- UUP_vol3m: 0.06097549
- UUP_mdd: -0.10217167
- BIL_r1m: 0.00000000
- BIL_r3m: 0.00010953
- BIL_r12m: 0.00932154
- BIL_vol3m: 0.00130517
- BIL_mdd: -0.00058917
- cross_vol: 0.15605053

Assets: SPY, QQQ, IWM, DIA, EFA, EEM, VEA, VWO, AGG, BND, SHY, IEF, TLT, TIP, LQD, HYG, GLD, SLV, DBC, VNQ, UUP, BIL","```json
{
  ""weights"": {
    ""SPY"": 0.13971018,
    ""QQQ"": 0.42335305,
    ""IWM"": 0.00081970,
    ""DIA"": 0.04793963,
    ""EFA"": 0.00993209,
    ""EEM"": 0.08165509,
    ""VEA"": 0.02803228,
    ""VWO"": 0.07836677,
    ""AGG"": 0.06969416,
    ""BND"": 0.07246418,
    ""SHY"": 0.03427634,
    ""IEF"": 0.09544497,
    ""TLT"": 0.16348307,
    ""TIP"": 0.09241353,
    ""LQD"": 0.09467231,
    ""HYG"": 0.01262807,
    ""GLD"": 0.28219813,
    ""SLV"": 0.47058824,
    ""DBC"": -0.14643738,
    ""VNQ"": -0.09796688,
    ""UUP"": -0.03760204,
    ""BIL"": 0.00932154
  }
}
```",1,0,0,18.963548625120893,542,1,0,0,0,413,12.578352,2328,stop,[],0,0,3,0,SLV,SLV,SLV,1,1,0.6666666666666666,1.030306196452606,0.4483248506567139,3.530162273612746e-16,7.83847428548811e-17,0.886040989365547,0,"{""SPY"":0.0633033993,""QQQ"":0.1918234388,""IWM"":0.0003714103,""DIA"":0.0217216923,""EFA"":0.0045002809,""EEM"":0.0369983402,""VEA"":0.0127015699,""VWO"":0.0355083855,""AGG"":0.0315787814,""BND"":0.0328338917,""SHY"":0.0155307855,""IEF"":0.0432466056,""TLT"":0.0740750177,""TIP"":0.0418730445,""LQD"":0.0428965093,""HYG"":0.0057218433,""GLD"":0.1278654204,""SLV"":0.2132259457,""DBC"":0.0,""VNQ"":0.0,""UUP"":0.0,""BIL"":0.0042236376}","{""SPY"":0.0633033993,""QQQ"":0.1918234388,""IWM"":0.0003714103,""DIA"":0.0217216923,""EFA"":0.0045002809,""EEM"":0.0369983402,""VEA"":0.0127015699,""VWO"":0.0355083855,""AGG"":0.0315787814,""BND"":0.0328338917,""SHY"":0.0155307855,""IEF"":0.0432466056,""TLT"":0.0740750177,""TIP"":0.0418730445,""LQD"":0.0428965093,""HYG"":0.0057218433,""GLD"":0.1278654204,""SLV"":0.2132259457,""DBC"":1.474514955e-17,""VNQ"":1.474514955e-17,""UUP"":1.474514955e-17,""BIL"":0.0042236376}","{""SPY"":0.019047619,""QQQ"":0.019047619,""IWM"":0.019047619,""DIA"":0.019047619,""EFA"":0.019047619,""EEM"":0.019047619,""VEA"":0.019047619,""VWO"":0.019047619,""AGG"":0.019047619,""BND"":0.019047619,""SHY"":0.019047619,""IEF"":0.019047619,""TLT"":0.019047619,""TIP"":0.019047619,""LQD"":0.019047619,""HYG"":0.019047619,""GLD"":0.019047619,""SLV"":0.6,""DBC"":0.019047619,""VNQ"":0.019047619,""UUP"":0.019047619,""BIL"":0.019047619}",0,0.9999999999999999,0.21322594572589848,0.0,1.1102230246251565e-16,0,0,1.0,0.2132259457258985,1.4745149545800993e-17,1,1,1,32a3408a3693f05e2c3aa048
q1_20260801_011049,model_family_generalization,P1,qwen3.5:4b,P1,,,real_ticker,,2021-09-08,42,10.0,0.6,0.25,42c49c2d452c319e,"You are an AGGRESSIVE MOMENTUM policy profile. Use only the provided feature values. Strongly favor the eligible asset with the highest `_r12m` value. Allocate 60.0% of total portfolio weight to that target asset as the language-level policy target. Distribute the remaining weight equally among all other eligible assets. Include every eligible ticker exactly once. Return strictly valid JSON only with a `weights` object whose values are decimals, not percentages.
Hard constraints for the execution layer: long-only weights, weights sum to one, maximum single-asset weight 0.60, and turnover cap 0.25. You propose weights; deterministic projection will enforce final feasibility.

Current Features:
- SPY_r1m: 0.01985833
- SPY_r3m: 0.07289284
- SPY_r12m: 0.37338641
- SPY_vol3m: 0.09329927
- SPY_mdd: -0.00503091
- QQQ_r1m: 0.03267948
- QQQ_r3m: 0.13175881
- QQQ_r12m: 0.41654025
- QQQ_vol3m: 0.10118020
- QQQ_mdd: -0.00348065
- IWM_r1m: 0.00792218
- IWM_r3m: -0.03061995
- IWM_r12m: 0.50966423
- IWM_vol3m: 0.18821418
- IWM_mdd: -0.04155746
- DIA_r1m: 0.00055320
- DIA_r3m: 0.02109900
- DIA_r12m: 0.29591187
- DIA_vol3m: 0.10619576
- DIA_mdd: -0.01465518
- EFA_r1m: 0.01507418
- EFA_r3m: 0.01106864
- EFA_r12m: 0.30858368
- EFA_vol3m: 0.11569793
- EFA_mdd: -0.00791411
- EEM_r1m: 0.01036253
- EEM_r3m: -0.04340568
- EEM_r12m: 0.22623900
- EEM_vol3m: 0.16391210
- EEM_mdd: -0.08763750
- VEA_r1m: 0.01263150
- VEA_r3m: 0.00733275
- VEA_r12m: 0.32395589
- VEA_vol3m: 0.11790166
- VEA_mdd: -0.00973250
- VWO_r1m: 0.02118563
- VWO_r3m: -0.03126184
- VWO_r12m: 0.24156469
- VWO_vol3m: 0.16112787
- VWO_mdd: -0.06383959
- AGG_r1m: 0.00274071
- AGG_r3m: 0.01026080
- AGG_r12m: -0.00321528
- AGG_vol3m: 0.03189885
- AGG_mdd: -0.01325445
- BND_r1m: 0.00261083
- BND_r3m: 0.01066155
- BND_r12m: -0.00360139
- BND_vol3m: 0.03398786
- BND_mdd: -0.01436814
- SHY_r1m: 0.00061493
- SHY_r3m: -0.00037073
- SHY_r12m: 0.00031190
- SHY_vol3m: 0.00554247
- SHY_mdd: -0.00089190
- IEF_r1m: 0.00136867
- IEF_r3m: 0.01493862
- IEF_r12m: -0.03251401
- IEF_vol3m: 0.05022075
- IEF_mdd: -0.04227661
- TLT_r1m: 0.00589556
- TLT_r3m: 0.04800597
- TLT_r12m: -0.08327367
- TLT_vol3m: 0.13067823
- TLT_mdd: -0.12412306
- TIP_r1m: 0.00758789
- TIP_r3m: 0.03147579
- TIP_r12m: 0.05903503
- TIP_vol3m: 0.04188241
- TIP_mdd: -0.00210085
- LQD_r1m: 0.00696212
- LQD_r3m: 0.01918118
- LQD_r12m: 0.02161105
- LQD_vol3m: 0.05166187
- LQD_mdd: -0.00965665
- HYG_r1m: 0.01118633
- HYG_r3m: 0.01492004
- HYG_r12m: 0.09259816
- HYG_vol3m: 0.03042406
- HYG_mdd: -0.00147708
- GLD_r1m: 0.03444220
- GLD_r3m: -0.05475196
- GLD_r12m: -0.07722434
- GLD_vol3m: 0.13736721
- GLD_mdd: -0.13719122
- SLV_r1m: 0.01931035
- SLV_r3m: -0.14003105
- SLV_r12m: -0.10424242
- SLV_vol3m: 0.22962251
- SLV_mdd: -0.53089291
- DBC_r1m: 0.02721446
- DBC_r3m: 0.00208224
- DBC_r12m: 0.50156014
- DBC_vol3m: 0.20321494
- DBC_mdd: -0.37931046
- VNQ_r1m: 0.03648695
- VNQ_r3m: 0.05970770
- VNQ_r12m: 0.41321629
- VNQ_vol3m: 0.12674304
- VNQ_mdd: -0.00631069
- UUP_r1m: -0.00360297
- UUP_r3m: 0.02639166
- UUP_r12m: -0.01308490
- UUP_vol3m: 0.05010014
- UUP_mdd: -0.11391967
- BIL_r1m: -0.00021859
- BIL_r3m: -0.00021859
- BIL_r12m: -0.00095050
- BIL_vol3m: 0.00149376
- BIL_mdd: -0.00153911
- cross_vol: 0.09874396

Assets: SPY, QQQ, IWM, DIA, EFA, EEM, VEA, VWO, AGG, BND, SHY, IEF, TLT, TIP, LQD, HYG, GLD, SLV, DBC, VNQ, UUP, BIL","```json
{
  ""weights"": {
    ""SPY"": 0.15269473,
    ""QQQ"": 0.18328231,
    ""IWM"": 0.21632857,
    ""DIA"": 0.07597353,
    ""EFA"": 0.04798412,
    ""VEA"": 0.03265706,
    ""VWO"": 0.02177137,
    ""DBC"": 0.15269473,
    ""VNQ"": 0.18328231,
    ""AGG"": 0.0,
    ""BND"": 0.0,
    ""SHY"": 0.0,
    ""IEF"": 0.0,
    ""TLT"": 0.0,
    ""TIP"": 0.0,
    ""LQD"": 0.0,
    ""HYG"": 0.0,
    ""GLD"": 0.0,
    ""SLV"": 0.0,
    ""UUP"": 0.0,
    ""BIL"": 0.0,
    ""EEM"": 0.0
  }
}
```",1,0,0,15.876549834152684,448,1,0,0,0,322,9.437924,2328,stop,[],0,0,0,0,IWM,IWM,IWM,1,1,0.3333333333333333,1.2896228111001604,0.49345266258012116,8.153200337089965e-17,2.0598699980161515e-17,1.2625222947402541,0,"{""SPY"":0.1431510325,""QQQ"":0.1718268332,""IWM"":0.2028076421,""DIA"":0.0712250466,""EFA"":0.0449850255,""EEM"":0.0,""VEA"":0.0306159345,""VWO"":0.0204106199,""AGG"":0.0,""BND"":0.0,""SHY"":0.0,""IEF"":0.0,""TLT"":0.0,""TIP"":0.0,""LQD"":0.0,""HYG"":0.0,""GLD"":0.0,""SLV"":0.0,""DBC"":0.1431510325,""VNQ"":0.1718268332,""UUP"":0.0,""BIL"":0.0}","{""SPY"":0.1431510325,""QQQ"":0.1718268332,""IWM"":0.2028076421,""DIA"":0.0712250466,""EFA"":0.0449850255,""EEM"":5.204170428e-18,""VEA"":0.0306159345,""VWO"":0.0204106199,""AGG"":5.204170428e-18,""BND"":5.204170428e-18,""SHY"":5.204170428e-18,""IEF"":5.204170428e-18,""TLT"":5.204170428e-18,""TIP"":5.204170428e-18,""LQD"":5.204170428e-18,""HYG"":5.204170428e-18,""GLD"":5.204170428e-18,""SLV"":5.204170428e-18,""DBC"":0.1431510325,""VNQ"":0.1718268332,""UUP"":5.204170428e-18,""BIL"":5.204170428e-18}","{""SPY"":0.019047619,""QQQ"":0.019047619,""IWM"":0.6,""DIA"":0.019047619,""EFA"":0.019047619,""EEM"":0.019047619,""VEA"":0.019047619,""VWO"":0.019047619,""AGG"":0.019047619,""BND"":0.019047619,""SHY"":0.019047619,""IEF"":0.019047619,""TLT"":0.019047619,""TIP"":0.019047619,""LQD"":0.019047619,""HYG"":0.019047619,""GLD"":0.019047619,""SLV"":0.019047619,""DBC"":0.019047619,""VNQ"":0.019047619,""UUP"":0.019047619,""BIL"":0.019047619}",0,1.0,0.20280764206896737,0.0,0.0,0,0,1.0,0.20280764206896737,5.204170427929631e-18,1,1,1,012e824ddd514618ac5a8763
q1_20260801_011049,model_family_generalization,P1,qwen3.5:4b,P1,,,real_ticker,,2022-03-09,42,10.0,0.6,0.25,daa051419496cc62,"You are an AGGRESSIVE MOMENTUM policy profile. Use only the provided feature values. Strongly favor the eligible asset with the highest `_r12m` value. Allocate 60.0% of total portfolio weight to that target asset as the language-level policy target. Distribute the remaining weight equally among all other eligible assets. Include every eligible ticker exactly once. Return strictly valid JSON only with a `weights` object whose values are decimals, not percentages.
Hard constraints for the execution layer: long-only weights, weights sum to one, maximum single-asset weight 0.60, and turnover cap 0.25. You propose weights; deterministic projection will enforce final feasibility.

Current Features:
- SPY_r1m: -0.04438135
- SPY_r3m: -0.08407032
- SPY_r12m: 0.11172847
- SPY_vol3m: 0.20252318
- SPY_mdd: -0.10529411
- QQQ_r1m: -0.05671154
- QQQ_r3m: -0.15688145
- QQQ_r12m: 0.08274543
- QQQ_vol3m: 0.28963811
- QQQ_mdd: -0.16974819
- IWM_r1m: 0.00461474
- IWM_r3m: -0.10357699
- IWM_r12m: -0.11020515
- IWM_vol3m: 0.26033700
- IWM_mdd: -0.17179913
- DIA_r1m: -0.04843472
- DIA_r3m: -0.06421161
- DIA_r12m: 0.04854007
- DIA_vol3m: 0.16196427
- DIA_mdd: -0.09165628
- EFA_r1m: -0.07821542
- EFA_r3m: -0.09823133
- EFA_r12m: -0.04097428
- EFA_vol3m: 0.20041109
- EFA_mdd: -0.12809642
- EEM_r1m: -0.08752074
- EEM_r3m: -0.10206526
- EEM_r12m: -0.15245857
- EEM_vol3m: 0.20561343
- EEM_mdd: -0.22074747
- VEA_r1m: -0.06680164
- VEA_r3m: -0.08992161
- VEA_r12m: -0.03083520
- VEA_vol3m: 0.19018792
- VEA_mdd: -0.12045210
- VWO_r1m: -0.08104258
- VWO_r3m: -0.08328381
- VWO_r12m: -0.10722423
- VWO_vol3m: 0.19600896
- VWO_mdd: -0.17423364
- AGG_r1m: -0.01328900
- AGG_r3m: -0.04385671
- AGG_r12m: -0.03075102
- AGG_vol3m: 0.05690983
- AGG_mdd: -0.06237999
- BND_r1m: -0.01427066
- BND_r3m: -0.04550562
- BND_r12m: -0.03009691
- BND_vol3m: 0.05783658
- BND_mdd: -0.06479311
- SHY_r1m: -0.00501753
- SHY_r3m: -0.01373547
- SHY_r12m: -0.02057068
- SHY_vol3m: 0.01897780
- SHY_mdd: -0.02190961
- IEF_r1m: -0.00026818
- IEF_r3m: -0.03408016
- IEF_r12m: -0.02315617
- IEF_vol3m: 0.07932245
- IEF_mdd: -0.08497288
- TLT_r1m: -0.01796737
- TLT_r3m: -0.09307900
- TLT_r12m: -0.01033186
- TLT_vol3m: 0.17035555
- TLT_mdd: -0.18611123
- TIP_r1m: 0.03431860
- TIP_r3m: 0.00006570
- TIP_r12m: 0.06604091
- TIP_vol3m: 0.07644227
- TIP_mdd: -0.01013066
- LQD_r1m: -0.03031521
- LQD_r3m: -0.08457962
- LQD_r12m: -0.04382693
- LQD_vol3m: 0.08460734
- LQD_mdd: -0.09633590
- HYG_r1m: -0.01430213
- HYG_r3m: -0.04313311
- HYG_r12m: -0.00917384
- HYG_vol3m: 0.06229552
- HYG_mdd: -0.05087691
- GLD_r1m: 0.09235205
- GLD_r3m: 0.11396205
- GLD_r12m: 0.14944948
- GLD_vol3m: 0.14872077
- GLD_mdd: -0.04162150
- SLV_r1m: 0.11894681
- SLV_r3m: 0.14368092
- SLV_r12m: -0.02138160
- SLV_vol3m: 0.23144544
- SLV_mdd: -0.49640288
- DBC_r1m: 0.12937067
- DBC_r3m: 0.28301893
- DBC_r12m: 0.49883991
- DBC_vol3m: 0.24939108
- DBC_mdd: -0.16682507
- VNQ_r1m: -0.00600748
- VNQ_r3m: -0.05412442
- VNQ_r12m: 0.20409103
- VNQ_vol3m: 0.19104449
- VNQ_mdd: -0.10145679
- UUP_r1m: 0.02660402
- UUP_r3m: 0.01626642
- UUP_r12m: 0.06105939
- UUP_vol3m: 0.06435584
- UUP_mdd: -0.06585990
- BIL_r1m: 0.00035040
- BIL_r3m: 0.00013173
- BIL_r12m: -0.00063330
- BIL_vol3m: 0.00173315
- BIL_mdd: -0.00162611
- cross_vol: 0.14546009

Assets: SPY, QQQ, IWM, DIA, EFA, EEM, VEA, VWO, AGG, BND, SHY, IEF, TLT, TIP, LQD, HYG, GLD, SLV, DBC, VNQ, UUP, BIL","```json
{
  ""weights"": {
    ""SPY"": 0.6,
    ""QQQ"": 0.125,
    ""IWM"": 0.125,
    ""DIA"": 0.125,
    ""EFA"": 0.125,
    ""EEM"": 0.125,
    ""VEA"": 0.125,
    ""VWO"": 0.125,
    ""AGG"": 0.125,
    ""BND"": 0.125,
    ""SHY"": 0.125,
    ""IEF"": 0.125,
    ""TLT"": 0.125,
    ""TIP"": 0.125,
    ""LQD"": 0.125,
    ""HYG"": 0.125,
    ""GLD"": 0.125,
    ""SLV"": 0.125,
    ""DBC"": 0.125,
    ""VNQ"": 0.125,
    ""UUP"": 0.125,
    ""BIL"": 0.125
  }
}
```",1,0,0,15.213791040936485,427,1,0,0,0,301,8.956853,2328,stop,[],0,0,0,0,DBC,SPY,SPY,0,0,0.6666666666666666,1.1224806201550381,0.5921576061678715,3.7470027081099033e-16,1.0477500027681816e-16,0.28118393234672323,0,"{""SPY"":0.1860465116,""QQQ"":0.0387596899,""IWM"":0.0387596899,""DIA"":0.0387596899,""EFA"":0.0387596899,""EEM"":0.0387596899,""VEA"":0.0387596899,""VWO"":0.0387596899,""AGG"":0.0387596899,""BND"":0.0387596899,""SHY"":0.0387596899,""IEF"":0.0387596899,""TLT"":0.0387596899,""TIP"":0.0387596899,""LQD"":0.0387596899,""HYG"":0.0387596899,""GLD"":0.0387596899,""SLV"":0.0387596899,""DBC"":0.0387596899,""VNQ"":0.0387596899,""UUP"":0.0387596899,""BIL"":0.0387596899}","{""SPY"":0.1860465116,""QQQ"":0.0387596899,""IWM"":0.0387596899,""DIA"":0.0387596899,""EFA"":0.0387596899,""EEM"":0.0387596899,""VEA"":0.0387596899,""VWO"":0.0387596899,""AGG"":0.0387596899,""BND"":0.0387596899,""SHY"":0.0387596899,""IEF"":0.0387596899,""TLT"":0.0387596899,""TIP"":0.0387596899,""LQD"":0.0387596899,""HYG"":0.0387596899,""GLD"":0.0387596899,""SLV"":0.0387596899,""DBC"":0.0387596899,""VNQ"":0.0387596899,""UUP"":0.0387596899,""BIL"":0.0387596899}","{""SPY"":0.019047619,""QQQ"":0.019047619,""IWM"":0.019047619,""DIA"":0.019047619,""EFA"":0.019047619,""EEM"":0.019047619,""VEA"":0.019047619,""VWO"":0.019047619,""AGG"":0.019047619,""BND"":0.019047619,""SHY"":0.019047619,""IEF"":0.019047619,""TLT"":0.019047619,""TIP"":0.019047619,""LQD"":0.019047619,""HYG"":0.019047619,""GLD"":0.019047619,""SLV"":0.019047619,""DBC"":0.6,""VNQ"":0.019047619,""UUP"":0.019047619,""BIL"":0.019047619}",0,0.9999999999999998,0.18604651162790697,0.03875968992248062,2.220446049250313e-16,0,0,0.9999999999999994,0.1860465116279069,0.038759689922480606,1,1,1,7eae9f59d7d901932ae8fa11
q1_20260801_011049,model_family_generalization,P1,qwen3.5:4b,P1,,,real_ticker,,2022-09-08,42,10.0,0.6,0.25,c02c406884467689,"You are an AGGRESSIVE MOMENTUM policy profile. Use only the provided feature values. Strongly favor the eligible asset with the highest `_r12m` value. Allocate 60.0% of total portfolio weight to that target asset as the language-level policy target. Distribute the remaining weight equally among all other eligible assets. Include every eligible ticker exactly once. Return strictly valid JSON only with a `weights` object whose values are decimals, not percentages.
Hard constraints for the execution layer: long-only weights, weights sum to one, maximum single-asset weight 0.60, and turnover cap 0.25. You propose weights; deterministic projection will enforce final feasibility.

Current Features:
- SPY_r1m: -0.02666846
- SPY_r3m: -0.02215497
- SPY_r12m: -0.09943763
- SPY_vol3m: 0.23334002
- SPY_mdd: -0.15564101
- QQQ_r1m: -0.05222654
- QQQ_r3m: -0.02126638
- QQQ_r12m: -0.20639307
- QQQ_vol3m: 0.30062486
- QQQ_mdd: -0.25282572
- IWM_r1m: -0.03407115
- IWM_r3m: -0.01998317
- IWM_r12m: -0.17078583
- IWM_vol3m: 0.26842658
- IWM_mdd: -0.23682050
- DIA_r1m: -0.02761675
- DIA_r3m: -0.02931233
- DIA_r12m: -0.07602468
- DIA_vol3m: 0.19073397
- DIA_mdd: -0.12456137
- EFA_r1m: -0.06048444
- EFA_r3m: -0.10075014
- EFA_r12m: -0.22127537
- EFA_vol3m: 0.20465499
- EFA_mdd: -0.22743829
- EEM_r1m: -0.03828840
- EEM_r3m: -0.09784504
- EEM_r12m: -0.25294165
- EEM_vol3m: 0.18969795
- EEM_mdd: -0.31841198
- VEA_r1m: -0.05829594
- VEA_r3m: -0.10266643
- VEA_r12m: -0.21980589
- VEA_vol3m: 0.20694315
- VEA_mdd: -0.22739913
- VWO_r1m: -0.02174952
- VWO_r3m: -0.07441980
- VWO_r12m: -0.20659713
- VWO_vol3m: 0.18001082
- VWO_mdd: -0.25724764
- AGG_r1m: -0.02872679
- AGG_r3m: -0.01753442
- AGG_r12m: -0.12091750
- AGG_vol3m: 0.08604512
- AGG_mdd: -0.13256925
- BND_r1m: -0.02829506
- BND_r3m: -0.01772059
- BND_r12m: -0.12253615
- BND_vol3m: 0.08549383
- BND_mdd: -0.13514367
- SHY_r1m: -0.00266827
- SHY_r3m: -0.00655956
- SHY_r12m: -0.04090586
- SHY_vol3m: 0.02721211
- SHY_mdd: -0.04176128
- IEF_r1m: -0.03872633
- IEF_r3m: -0.01606834
- IEF_r12m: -0.13535478
- IEF_vol3m: 0.11094741
- IEF_mdd: -0.17190905
- TLT_r1m: -0.08136023
- TLT_r3m: -0.04723831
- TLT_r12m: -0.25580122
- TLT_vol3m: 0.20641409
- TLT_mdd: -0.34817345
- TIP_r1m: -0.02733013
- TIP_r3m: -0.02880464
- TIP_r12m: -0.07503159
- TIP_vol3m: 0.09564492
- TIP_mdd: -0.09339167
- LQD_r1m: -0.04008782
- LQD_r3m: -0.02984174
- LQD_r12m: -0.17641262
- LQD_vol3m: 0.12697523
- LQD_mdd: -0.18469943
- HYG_r1m: -0.02124809
- HYG_r3m: -0.01339855
- HYG_r12m: -0.10065134
- HYG_vol3m: 0.14705605
- HYG_mdd: -0.10604838
- GLD_r1m: -0.04916269
- GLD_r3m: -0.07987037
- GLD_r12m: -0.04967421
- GLD_vol3m: 0.13524207
- GLD_mdd: -0.18005056
- SLV_r1m: -0.10036976
- SLV_r3m: -0.16314495
- SLV_r12m: -0.23184481
- SLV_vol3m: 0.27541544
- SLV_mdd: -0.63965296
- DBC_r1m: -0.02718685
- DBC_r3m: -0.18996065
- DBC_r12m: 0.28259731
- DBC_vol3m: 0.28020090
- DBC_mdd: -0.20390527
- VNQ_r1m: -0.04010535
- VNQ_r3m: -0.01686492
- VNQ_r12m: -0.11625079
- VNQ_vol3m: 0.22627040
- VNQ_mdd: -0.17329785
- UUP_r1m: 0.03411885
- UUP_r3m: 0.07260121
- UUP_r12m: 0.18119728
- UUP_vol3m: 0.08898665
- UUP_mdd: -0.00507611
- BIL_r1m: 0.00206842
- BIL_r3m: 0.00360400
- BIL_r12m: 0.00396624
- BIL_vol3m: 0.00214241
- BIL_mdd: 0.00000000
- cross_vol: 0.16674904

Assets: SPY, QQQ, IWM, DIA, EFA, EEM, VEA, VWO, AGG, BND, SHY, IEF, TLT, TIP, LQD, HYG, GLD, SLV, DBC, VNQ, UUP, BIL","```json
{
  ""weights"": {
    ""SPY"": 0.6,
    ""QQQ"": 0.125,
    ""IWM"": 0.125,
    ""DIA"": 0.125,
    ""EFA"": 0.125,
    ""EEM"": 0.125,
    ""VEA"": 0.125,
    ""VWO"": 0.125,
    ""AGG"": 0.125,
    ""BND"": 0.125,
    ""SHY"": 0.125,
    ""IEF"": 0.125,
    ""TLT"": 0.125,
    ""TIP"": 0.125,
    ""LQD"": 0.125,
    ""HYG"": 0.125,
    ""GLD"": 0.125,
    ""SLV"": 0.125,
    ""DBC"": 0.125,
    ""VNQ"": 0.125,
    ""UUP"": 0.125,
    ""BIL"": 0.125
  }
}
```",1,0,0,14.91089216596447,427,1,0,0,0,301,8.718684,2328,stop,[],0,0,0,0,DBC,SPY,SPY,0,0,0.6666666666666666,1.1224806201550381,0.5921576061678715,3.7470027081099033e-16,1.0477500027681816e-16,0.28118393234672323,0,"{""SPY"":0.1860465116,""QQQ"":0.0387596899,""IWM"":0.0387596899,""DIA"":0.0387596899,""EFA"":0.0387596899,""EEM"":0.0387596899,""VEA"":0.0387596899,""VWO"":0.0387596899,""AGG"":0.0387596899,""BND"":0.0387596899,""SHY"":0.0387596899,""IEF"":0.0387596899,""TLT"":0.0387596899,""TIP"":0.0387596899,""LQD"":0.0387596899,""HYG"":0.0387596899,""GLD"":0.0387596899,""SLV"":0.0387596899,""DBC"":0.0387596899,""VNQ"":0.0387596899,""UUP"":0.0387596899,""BIL"":0.0387596899}","{""SPY"":0.1860465116,""QQQ"":0.0387596899,""IWM"":0.0387596899,""DIA"":0.0387596899,""EFA"":0.0387596899,""EEM"":0.0387596899,""VEA"":0.0387596899,""VWO"":0.0387596899,""AGG"":0.0387596899,""BND"":0.0387596899,""SHY"":0.0387596899,""IEF"":0.0387596899,""TLT"":0.0387596899,""TIP"":0.0387596899,""LQD"":0.0387596899,""HYG"":0.0387596899,""GLD"":0.0387596899,""SLV"":0.0387596899,""DBC"":0.0387596899,""VNQ"":0.0387596899,""UUP"":0.0387596899,""BIL"":0.0387596899}","{""SPY"":0.019047619,""QQQ"":0.019047619,""IWM"":0.019047619,""DIA"":0.019047619,""EFA"":0.019047619,""EEM"":0.019047619,""VEA"":0.019047619,""VWO"":0.019047619,""AGG"":0.019047619,""BND"":0.019047619,""SHY"":0.019047619,""IEF"":0.019047619,""TLT"":0.019047619,""TIP"":0.019047619,""LQD"":0.019047619,""HYG"":0.019047619,""GLD"":0.019047619,""SLV"":0.019047619,""DBC"":0.6,""VNQ"":0.019047619,""UUP"":0.019047619,""BIL"":0.019047619}",0,0.9999999999999998,0.18604651162790697,0.03875968992248062,2.220446049250313e-16,0,0,0.9999999999999994,0.1860465116279069,0.038759689922480606,1,1,1,1b27f4ade4b82c24f42914d8
q1_20260801_011049,model_family_generalization,P1,qwen3.5:4b,P1,,,real_ticker,,2023-07-12,42,10.0,0.6,0.25,9ab0d018b0faaca3,"You are an AGGRESSIVE MOMENTUM policy profile. Use only the provided feature values. Strongly favor the eligible asset with the highest `_r12m` value. Allocate 60.0% of total portfolio weight to that target asset as the language-level policy target. Distribute the remaining weight equally among all other eligible assets. Include every eligible ticker exactly once. Return strictly valid JSON only with a `weights` object whose values are decimals, not percentages.
Hard constraints for the execution layer: long-only weights, weights sum to one, maximum single-asset weight 0.60, and turnover cap 0.25. You propose weights; deterministic projection will enforce final feasibility.

Current Features:
- SPY_r1m: 0.04135081
- SPY_r3m: 0.09264098
- SPY_r12m: 0.17977107
- SPY_vol3m: 0.11872148
- SPY_mdd: -0.04403110
- QQQ_r1m: 0.05312102
- QQQ_r3m: 0.18206464
- QQQ_r12m: 0.29905209
- QQQ_vol3m: 0.16468095
- QQQ_mdd: -0.06645958
- IWM_r1m: 0.03696696
- IWM_r3m: 0.08615429
- IWM_r12m: 0.13335945
- IWM_vol3m: 0.19053999
- IWM_mdd: -0.18989474
- DIA_r1m: 0.01513594
- DIA_r3m: 0.02504857
- DIA_r12m: 0.12469658
- DIA_vol3m: 0.11185929
- DIA_mdd: -0.03789105
- EFA_r1m: 0.02223163
- EFA_r3m: 0.03216652
- EFA_r12m: 0.21859595
- EFA_vol3m: 0.13495043
- EFA_mdd: -0.05160186
- EEM_r1m: 0.02132451
- EEM_r3m: 0.03425605
- EEM_r12m: 0.06751103
- EEM_vol3m: 0.15823575
- EEM_mdd: -0.26122672
- VEA_r1m: 0.02368503
- VEA_r3m: 0.03581551
- VEA_r12m: 0.19963906
- VEA_vol3m: 0.13809538
- VEA_mdd: -0.06897670
- VWO_r1m: 0.02684994
- VWO_r3m: 0.03088665
- VWO_r12m: 0.06763806
- VWO_vol3m: 0.14848979
- VWO_mdd: -0.20642177
- AGG_r1m: 0.00087052
- AGG_r3m: -0.01254278
- AGG_r12m: -0.01093930
- AGG_vol3m: 0.06675379
- AGG_mdd: -0.12908526
- BND_r1m: 0.00143204
- BND_r3m: -0.01287274
- BND_r12m: -0.00904719
- BND_vol3m: 0.06635030
- BND_mdd: -0.13097622
- SHY_r1m: 0.00094352
- SHY_r3m: -0.00373705
- SHY_r12m: 0.00536667
- SHY_vol3m: 0.02492176
- SHY_mdd: -0.03366080
- IEF_r1m: -0.00514100
- IEF_r3m: -0.02561502
- IEF_r12m: -0.03572309
- IEF_vol3m: 0.08664656
- IEF_mdd: -0.18346722
- TLT_r1m: -0.00801569
- TLT_r3m: -0.05020941
- TLT_r12m: -0.09299668
- TLT_vol3m: 0.15435368
- TLT_mdd: -0.37639731
- TIP_r1m: 0.00087570
- TIP_r3m: -0.01830245
- TIP_r12m: -0.01821414
- TIP_vol3m: 0.05888150
- TIP_mdd: -0.10903024
- LQD_r1m: 0.01046408
- LQD_r3m: -0.01087859
- LQD_r12m: 0.00869250
- LQD_vol3m: 0.08487701
- LQD_mdd: -0.16273309
- HYG_r1m: 0.01185569
- HYG_r3m: 0.01825419
- HYG_r12m: 0.06898819
- HYG_vol3m: 0.06143734
- HYG_mdd: -0.06581227
- GLD_r1m: -0.00087886
- GLD_r3m: -0.02362032
- GLD_r12m: 0.12668038
- GLD_vol3m: 0.12121761
- GLD_mdd: -0.06194231
- SLV_r1m: -0.00538845
- SLV_r3m: -0.03862853
- SLV_r12m: 0.25995448
- SLV_vol3m: 0.24265236
- SLV_mdd: -0.53131611
- DBC_r1m: 0.03574576
- DBC_r3m: -0.03216506
- DBC_r12m: -0.09255552
- DBC_vol3m: 0.17046439
- DBC_mdd: -0.23867330
- VNQ_r1m: 0.04884246
- VNQ_r3m: 0.04329015
- VNQ_r12m: -0.02277326
- VNQ_vol3m: 0.17221577
- VNQ_mdd: -0.21684321
- UUP_r1m: -0.02528086
- UUP_r3m: -0.00143887
- UUP_r12m: -0.03099181
- UUP_vol3m: 0.07157771
- UUP_mdd: -0.08691451
- BIL_r1m: 0.00429804
- BIL_r3m: 0.01215781
- BIL_r12m: 0.03703962
- BIL_vol3m: 0.00309620
- BIL_mdd: 0.00000000
- cross_vol: 0.11595541

Assets: SPY, QQQ, IWM, DIA, EFA, EEM, VEA, VWO, AGG, BND, SHY, IEF, TLT, TIP, LQD, HYG, GLD, SLV, DBC, VNQ, UUP, BIL","```json
{
  ""weights"": {
    ""SPY"": 0.124985736,
    ""QQQ"": 0.6,
    ""IWM"": 0.037493071,
    ""DIA"": 0.037493071,
    ""EFA"": 0.028619803,
    ""EEM"": 0.015263158,
    ""VEA"": 0.028619803,
    ""VWO"": 0.015263158,
    ""AGG"": -0.047619048,
    ""BND"": -0.047619048,
    ""SHY"": -0.047619048,
    ""IEF"": -0.047619048,
    ""TLT"": -0.047619048,
    ""TIP"": -0.047619048,
    ""LQD"": 0.023529412,
    ""HYG"": 0.023529412,
    ""GLD"": 0.023529412,
    ""SLV"": -0.076190476,
    ""DBC"": -0.086956522,
    ""VNQ"": -0.086956522,
    ""UUP"": 0.038461538,
    ""BIL"": 0.076923077
  }
}
```",1,0,0,18.608849457930773,562,1,0,0,0,427,12.390136,2328,stop,[],0,0,9,0,QQQ,QQQ,QQQ,1,1,0.6666666666666666,0.44456673741948294,0.13482930197601334,2.4372864837472296e-16,5.3531048081091435e-17,1.220987653641656,0,"{""SPY"":0.1164054169,""QQQ"":0.5588097682,""IWM"":0.0349191572,""DIA"":0.0349191572,""EFA"":0.0266550425,""EEM"":0.0142153363,""VEA"":0.0266550425,""VWO"":0.0142153363,""AGG"":0.0,""BND"":0.0,""SHY"":0.0,""IEF"":0.0,""TLT"":0.0,""TIP"":0.0,""LQD"":0.0219141088,""HYG"":0.0219141088,""GLD"":0.0219141088,""SLV"":0.0,""DBC"":0.0,""VNQ"":0.0,""UUP"":0.0358211386,""BIL"":0.071642278}","{""SPY"":0.1164054169,""QQQ"":0.5588097682,""IWM"":0.0349191572,""DIA"":0.0349191572,""EFA"":0.0266550425,""EEM"":0.0142153363,""VEA"":0.0266550425,""VWO"":0.0142153363,""AGG"":1.127570259e-17,""BND"":1.127570259e-17,""SHY"":1.127570259e-17,""IEF"":1.127570259e-17,""TLT"":1.127570259e-17,""TIP"":1.127570259e-17,""LQD"":0.0219141088,""HYG"":0.0219141088,""GLD"":0.0219141088,""SLV"":1.127570259e-17,""DBC"":1.127570259e-17,""VNQ"":1.127570259e-17,""UUP"":0.0358211386,""BIL"":0.071642278}","{""SPY"":0.019047619,""QQQ"":0.6,""IWM"":0.019047619,""DIA"":0.019047619,""EFA"":0.019047619,""EEM"":0.019047619,""VEA"":0.019047619,""VWO"":0.019047619,""AGG"":0.019047619,""BND"":0.019047619,""SHY"":0.019047619,""IEF"":0.019047619,""TLT"":0.019047619,""TIP"":0.019047619,""LQD"":0.019047619,""HYG"":0.019047619,""GLD"":0.019047619,""SLV"":0.019047619,""DBC"":0.019047619,""VNQ"":0.019047619,""UUP"":0.019047619,""BIL"":0.019047619}",0,1.0,0.5588097682007627,0.0,0.0,0,0,1.0,0.5588097682007627,1.1275702593847192e-17,1,1,1,03ec49ad799c753b81ee1e55
q1_20260801_011049,model_family_generalization,P1,qwen3.5:4b,P1,,,real_ticker,,2023-09-11,42,10.0,0.6,0.25,7422dd8dde0ba08d,"You are an AGGRESSIVE MOMENTUM policy profile. Use only the provided feature values. Strongly favor the eligible asset with the highest `_r12m` value. Allocate 60.0% of total portfolio weight to that target asset as the language-level policy target. Distribute the remaining weight equally among all other eligible assets. Include every eligible ticker exactly once. Return strictly valid JSON only with a `weights` object whose values are decimals, not percentages.
Hard constraints for the execution layer: long-only weights, weights sum to one, maximum single-asset weight 0.60, and turnover cap 0.25. You propose weights; deterministic projection will enforce final feasibility.

Current Features:
- SPY_r1m: 0.00569633
- SPY_r3m: 0.04702430
- SPY_r12m: 0.13835137
- SPY_vol3m: 0.10399169
- SPY_mdd: -0.03882279
- QQQ_r1m: 0.02273525
- QQQ_r3m: 0.06484375
- QQQ_r12m: 0.26333584
- QQQ_vol3m: 0.16203598
- QQQ_mdd: -0.05606795
- IWM_r1m: -0.03334747
- IWM_r3m: -0.00362120
- IWM_r12m: 0.01993928
- IWM_vol3m: 0.14702851
- IWM_mdd: -0.22160325
- DIA_r1m: -0.01138382
- DIA_r3m: 0.02848569
- DIA_r12m: 0.11345482
- DIA_vol3m: 0.09105157
- DIA_mdd: -0.02523864
- EFA_r1m: -0.02065541
- EFA_r3m: -0.00559275
- EFA_r12m: 0.19418738
- EFA_vol3m: 0.12952381
- EFA_mdd: -0.07741655
- EEM_r1m: -0.02391032
- EEM_r3m: -0.01680898
- EEM_r12m: 0.04343015
- EEM_vol3m: 0.16142496
- EEM_mdd: -0.28881051
- VEA_r1m: -0.01897350
- VEA_r3m: -0.00411220
- VEA_r12m: 0.17232875
- VEA_vol3m: 0.13068184
- VEA_mdd: -0.09425778
- VWO_r1m: -0.01858558
- VWO_r3m: 0.00052050
- VWO_r12m: 0.04103352
- VWO_vol3m: 0.15156878
- VWO_mdd: -0.22676990
- AGG_r1m: -0.00459023
- AGG_r3m: -0.01562030
- AGG_r12m: -0.01252621
- AGG_vol3m: 0.06471880
- AGG_mdd: -0.14343487
- BND_r1m: -0.00539878
- BND_r3m: -0.01509376
- BND_r12m: -0.01176302
- BND_vol3m: 0.06310314
- BND_mdd: -0.14531700
- SHY_r1m: 0.00105805
- SHY_r3m: 0.00339006
- SHY_r12m: 0.01091840
- SHY_vol3m: 0.01893717
- SHY_mdd: -0.03129884
- IEF_r1m: -0.01100155
- IEF_r3m: -0.02979198
- IEF_r12m: -0.03839012
- IEF_vol3m: 0.07986821
- IEF_mdd: -0.20369957
- TLT_r1m: -0.01693656
- TLT_r3m: -0.07294729
- TLT_r12m: -0.10592170
- TLT_vol3m: 0.15374578
- TLT_mdd: -0.41721603
- TIP_r1m: -0.00253188
- TIP_r3m: -0.01089258
- TIP_r12m: -0.02880469
- TIP_vol3m: 0.06120516
- TIP_mdd: -0.11950624
- LQD_r1m: -0.00490980
- LQD_r3m: -0.01093690
- LQD_r12m: 0.00519263
- LQD_vol3m: 0.08907253
- LQD_mdd: -0.18046587
- HYG_r1m: 0.00213698
- HYG_r3m: 0.01532666
- HYG_r12m: 0.04859396
- HYG_vol3m: 0.06137924
- HYG_mdd: -0.06260773
- GLD_r1m: 0.00456080
- GLD_r3m: -0.01994062
- GLD_r12m: 0.12221668
- GLD_vol3m: 0.08604235
- GLD_mdd: -0.07983906
- SLV_r1m: 0.01584253
- SLV_r3m: -0.04984286
- SLV_r12m: 0.24251315
- SLV_vol3m: 0.24723280
- SLV_mdd: -0.55226406
- DBC_r1m: 0.03024098
- DBC_r3m: 0.11253307
- DBC_r12m: 0.02722617
- DBC_vol3m: 0.13047095
- DBC_mdd: -0.18223066
- VNQ_r1m: -0.01935080
- VNQ_r3m: -0.00204003
- VNQ_r12m: -0.09863121
- VNQ_vol3m: 0.13569390
- VNQ_mdd: -0.25483649
- UUP_r1m: 0.02385130
- UUP_r3m: 0.02492979
- UUP_r12m: 0.00159589
- UUP_vol3m: 0.06443978
- UUP_mdd: -0.03987879
- BIL_r1m: 0.00409964
- BIL_r3m: 0.01287248
- BIL_r12m: 0.04274182
- BIL_vol3m: 0.00253023
- BIL_mdd: 0.00000000
- cross_vol: 0.10617033

Assets: SPY, QQQ, IWM, DIA, EFA, EEM, VEA, VWO, AGG, BND, SHY, IEF, TLT, TIP, LQD, HYG, GLD, SLV, DBC, VNQ, UUP, BIL","```json
{
  ""weights"": {
    ""SPY"": 0.15643897,
    ""QQQ"": 0.24251315,
    ""IWM"": -0.00000000,
    ""DIA"": -0.00000000,
    ""EFA"": -0.00000000,
    ""EEM"": -0.00000000,
    ""VEA"": -0.00000000,
    ""VWO"": -0.00000000,
    ""AGG"": -0.00000000,
    ""BND"": -0.00000000,
    ""SHY"": -0.00000000,
    ""IEF"": -0.00000000,
    ""TLT"": -0.00000000,
    ""TIP"": -0.00000000,
    ""LQD"": -0.00000000,
    ""HYG"": -0.00000000,
    ""GLD"": -0.00000000,
    ""SLV"": 0.15643897,
    ""DBC"": -0.00000000,
    ""VNQ"": -0.00000000,
    ""UUP"": -0.00000000,
    ""BIL"": -0.00000000
  }
}
```",1,0,0,18.071389874909073,558,1,0,0,0,413,11.853198,2328,stop,[],0,0,0,0,QQQ,QQQ,QQQ,1,1,0.6666666666666666,1.05050365208587,0.41415024783230625,1.3183898417419533e-16,3.024593730707241e-17,1.727272727272727,0,"{""SPY"":0.2816735321,""QQQ"":0.4366529359,""IWM"":0.0,""DIA"":0.0,""EFA"":0.0,""EEM"":0.0,""VEA"":0.0,""VWO"":0.0,""AGG"":0.0,""BND"":0.0,""SHY"":0.0,""IEF"":0.0,""TLT"":0.0,""TIP"":0.0,""LQD"":0.0,""HYG"":0.0,""GLD"":0.0,""SLV"":0.2816735321,""DBC"":0.0,""VNQ"":0.0,""UUP"":0.0,""BIL"":0.0}","{""SPY"":0.2816735321,""QQQ"":0.4366529359,""IWM"":6.938893904e-18,""DIA"":6.938893904e-18,""EFA"":6.938893904e-18,""EEM"":6.938893904e-18,""VEA"":6.938893904e-18,""VWO"":6.938893904e-18,""AGG"":6.938893904e-18,""BND"":6.938893904e-18,""SHY"":6.938893904e-18,""IEF"":6.938893904e-18,""TLT"":6.938893904e-18,""TIP"":6.938893904e-18,""LQD"":6.938893904e-18,""HYG"":6.938893904e-18,""GLD"":6.938893904e-18,""SLV"":0.2816735321,""DBC"":6.938893904e-18,""VNQ"":6.938893904e-18,""UUP"":6.938893904e-18,""BIL"":6.938893904e-18}","{""SPY"":0.019047619,""QQQ"":0.6,""IWM"":0.019047619,""DIA"":0.019047619,""EFA"":0.019047619,""EEM"":0.019047619,""VEA"":0.019047619,""VWO"":0.019047619,""AGG"":0.019047619,""BND"":0.019047619,""SHY"":0.019047619,""IEF"":0.019047619,""TLT"":0.019047619,""TIP"":0.019047619,""LQD"":0.019047619,""HYG"":0.019047619,""GLD"":0.019047619,""SLV"":0.019047619,""DBC"":0.019047619,""VNQ"":0.019047619,""UUP"":0.019047619,""BIL"":0.019047619}",0,1.0,0.4366529358618267,0.0,0.0,0,0,1.0,0.4366529358618267,6.938893903905019e-18,1,1,1,8303653443cf1a8047a52a30
q1_20260801_011049,model_family_generalization,P1,qwen3.5:4b,P1,,,real_ticker,,2024-01-10,42,10.0,0.6,0.25,f48a40bc75a338bb,"You are an AGGRESSIVE MOMENTUM policy profile. Use only the provided feature values. Strongly favor the eligible asset with the highest `_r12m` value. Allocate 60.0% of total portfolio weight to that target asset as the language-level policy target. Distribute the remaining weight equally among all other eligible assets. Include every eligible ticker exactly once. Return strictly valid JSON only with a `weights` object whose values are decimals, not percentages.
Hard constraints for the execution layer: long-only weights, weights sum to one, maximum single-asset weight 0.60, and turnover cap 0.25. You propose weights; deterministic projection will enforce final feasibility.

Current Features:
- SPY_r1m: 0.03974838
- SPY_r3m: 0.10114646
- SPY_r12m: 0.24736534
- SPY_vol3m: 0.12009367
- SPY_mdd: -0.00027271
- QQQ_r1m: 0.04426979
- QQQ_r3m: 0.11107524
- QQQ_r12m: 0.52037563
- QQQ_vol3m: 0.15724840
- QQQ_mdd: -0.00729032
- IWM_r1m: 0.04815434
- IWM_r3m: 0.11266243
- IWM_r12m: 0.11303564
- IWM_vol3m: 0.24062986
- IWM_mdd: -0.16944204
- DIA_r1m: 0.04040804
- DIA_r3m: 0.12244689
- DIA_r12m: 0.14673207
- DIA_vol3m: 0.10182250
- DIA_mdd: -0.00037108
- EFA_r1m: 0.03510952
- EFA_r3m: 0.09152098
- EFA_r12m: 0.12680073
- EFA_vol3m: 0.12839735
- EFA_mdd: -0.01790133
- EEM_r1m: 0.01603877
- EEM_r3m: 0.03785465
- EEM_r12m: -0.01049834
- EEM_vol3m: 0.14706339
- EEM_mdd: -0.28072282
- VEA_r1m: 0.03850933
- VEA_r3m: 0.09554663
- VEA_r12m: 0.12174873
- VEA_vol3m: 0.13394902
- VEA_mdd: -0.03651393
- VWO_r1m: 0.01744998
- VWO_r3m: 0.03626287
- VWO_r12m: 0.00703287
- VWO_vol3m: 0.13588477
- VWO_mdd: -0.21563790
- AGG_r1m: 0.01808924
- AGG_r3m: 0.05983737
- AGG_r12m: 0.02230882
- AGG_vol3m: 0.07923895
- AGG_mdd: -0.10919808
- BND_r1m: 0.01837400
- BND_r3m: 0.05984583
- BND_r12m: 0.02328006
- BND_vol3m: 0.07701525
- BND_mdd: -0.11063172
- SHY_r1m: 0.00934039
- SHY_r3m: 0.02130109
- SHY_r12m: 0.03539059
- SHY_vol3m: 0.02182519
- SHY_mdd: -0.00724656
- IEF_r1m: 0.01907981
- IEF_r3m: 0.05740306
- IEF_r12m: -0.00321566
- IEF_vol3m: 0.09303311
- IEF_mdd: -0.17667699
- TLT_r1m: 0.02051883
- TLT_r3m: 0.12067429
- TLT_r12m: -0.05890312
- TLT_vol3m: 0.20833732
- TLT_mdd: -0.39398165
- TIP_r1m: 0.01203922
- TIP_r3m: 0.04190287
- TIP_r12m: 0.01469786
- TIP_vol3m: 0.06585596
- TIP_mdd: -0.10011078
- LQD_r1m: 0.02397223
- LQD_r3m: 0.09372121
- LQD_r12m: 0.04721392
- LQD_vol3m: 0.10556120
- LQD_mdd: -0.12820535
- HYG_r1m: 0.02494096
- HYG_r3m: 0.07262333
- HYG_r12m: 0.08320312
- HYG_vol3m: 0.06901961
- HYG_mdd: -0.01007617
- GLD_r1m: 0.01001940
- GLD_r3m: 0.08676753
- GLD_r12m: 0.07696722
- GLD_vol3m: 0.13893147
- GLD_mdd: -0.03295683
- SLV_r1m: -0.00758293
- SLV_r3m: 0.04804810
- SLV_r12m: -0.03679849
- SLV_vol3m: 0.24126841
- SLV_mdd: -0.55691914
- DBC_r1m: -0.00468510
- DBC_r3m: -0.06025276
- DBC_r12m: -0.04296646
- DBC_vol3m: 0.16618372
- DBC_mdd: -0.25741469
- VNQ_r1m: 0.05735702
- VNQ_r3m: 0.17151101
- VNQ_r12m: 0.08070249
- VNQ_vol3m: 0.23371686
- VNQ_mdd: -0.18444116
- UUP_r1m: -0.01053712
- UUP_r3m: -0.01720919
- UUP_r12m: 0.05119276
- UUP_vol3m: 0.07312707
- UUP_mdd: -0.04120842
- BIL_r1m: 0.00439616
- BIL_r3m: 0.01339242
- BIL_r12m: 0.05036765
- BIL_vol3m: 0.00252359
- BIL_mdd: 0.00000000
- cross_vol: 0.12457849

Assets: SPY, QQQ, IWM, DIA, EFA, EEM, VEA, VWO, AGG, BND, SHY, IEF, TLT, TIP, LQD, HYG, GLD, SLV, DBC, VNQ, UUP, BIL","```json
{
  ""weights"": {
    ""SPY"": 0.15248367,
    ""QQQ"": 0.60000000,
    ""IWM"": 0.09375000,
    ""DIA"": 0.09375000,
    ""EFA"": 0.12843750,
    ""EEM"": -0.00625000,
    ""VEA"": 0.12843750,
    ""VWO"": 0.09375000,
    ""AGG"": 0.09375000,
    ""BND"": 0.09375000,
    ""SHY"": 0.12843750,
    ""IEF"": -0.06250000,
    ""TLT"": -0.06250000,
    ""TIP"": 0.09375000,
    ""LQD"": 0.18750000,
    ""HYG"": 0.12843750,
    ""GLD"": 0.12843750,
    ""SLV"": -0.06250000,
    ""DBC"": -0.09375000,
    ""VNQ"": 0.12843750,
    ""UUP"": 0.09375000,
    ""BIL"": 0.12843750
  }
}
```",1,0,0,18.080905582988635,544,1,0,0,0,413,11.950031,2328,stop,[],0,0,5,0,QQQ,QQQ,QQQ,1,1,0.6666666666666666,0.9095713526348371,0.3817920741709247,2.9143354396409674e-16,6.359601310784354e-17,0.5649194245201107,0,"{""SPY"":0.0611084455,""QQQ"":0.2404524189,""IWM"":0.0375706905,""DIA"":0.0375706905,""EFA"":0.0514718459,""EEM"":0.0,""VEA"":0.0514718459,""VWO"":0.0375706905,""AGG"":0.0375706905,""BND"":0.0375706905,""SHY"":0.0514718459,""IEF"":0.0,""TLT"":0.0,""TIP"":0.0375706905,""LQD"":0.0751413809,""HYG"":0.0514718459,""GLD"":0.0514718459,""SLV"":0.0,""DBC"":0.0,""VNQ"":0.0514718459,""UUP"":0.0375706905,""BIL"":0.0514718459}","{""SPY"":0.0611084455,""QQQ"":0.2404524189,""IWM"":0.0375706905,""DIA"":0.0375706905,""EFA"":0.0514718459,""EEM"":1.387778781e-17,""VEA"":0.0514718459,""VWO"":0.0375706905,""AGG"":0.0375706905,""BND"":0.0375706905,""SHY"":0.0514718459,""IEF"":1.387778781e-17,""TLT"":1.387778781e-17,""TIP"":0.0375706905,""LQD"":0.0751413809,""HYG"":0.0514718459,""GLD"":0.0514718459,""SLV"":1.387778781e-17,""DBC"":1.387778781e-17,""VNQ"":0.0514718459,""UUP"":0.0375706905,""BIL"":0.0514718459}","{""SPY"":0.019047619,""QQQ"":0.6,""IWM"":0.019047619,""DIA"":0.019047619,""EFA"":0.019047619,""EEM"":0.019047619,""VEA"":0.019047619,""VWO"":0.019047619,""AGG"":0.019047619,""BND"":0.019047619,""SHY"":0.019047619,""IEF"":0.019047619,""TLT"":0.019047619,""TIP"":0.019047619,""LQD"":0.019047619,""HYG"":0.019047619,""GLD"":0.019047619,""SLV"":0.019047619,""DBC"":0.019047619,""VNQ"":0.019047619,""UUP"":0.019047619,""BIL"":0.019047619}",0,1.0,0.24045241892067662,0.0,0.0,0,0,1.0,0.24045241892067662,1.3877787807813092e-17,1,1,1,8ef79ce92b456dec24ebd7a5
q1_20260801_011049,model_family_generalization,P1,qwen3.5:4b,P1,,,real_ticker,,2024-07-12,42,10.0,0.6,0.25,4c45058bcef4566e,"You are an AGGRESSIVE MOMENTUM policy profile. Use only the provided feature values. Strongly favor the eligible asset with the highest `_r12m` value. Allocate 60.0% of total portfolio weight to that target asset as the language-level policy target. Distribute the remaining weight equally among all other eligible assets. Include every eligible ticker exactly once. Return strictly valid JSON only with a `weights` object whose values are decimals, not percentages.
Hard constraints for the execution layer: long-only weights, weights sum to one, maximum single-asset weight 0.60, and turnover cap 0.25. You propose weights; deterministic projection will enforce final feasibility.

Current Features:
- SPY_r1m: 0.04627363
- SPY_r3m: 0.08454935
- SPY_r12m: 0.27308823
- SPY_vol3m: 0.10058102
- SPY_mdd: -0.00236944
- QQQ_r1m: 0.05894292
- QQQ_r3m: 0.11279716
- QQQ_r12m: 0.33639507
- QQQ_vol3m: 0.14957978
- QQQ_mdd: -0.01618424
- IWM_r1m: 0.06230061
- IWM_r3m: 0.05657700
- IWM_r12m: 0.12614089
- IWM_vol3m: 0.16592449
- IWM_mdd: -0.08770734
- DIA_r1m: 0.03413750
- DIA_r3m: 0.04546454
- DIA_r12m: 0.18670534
- DIA_vol3m: 0.09608163
- DIA_mdd: 0.00000000
- EFA_r1m: 0.03383609
- EFA_r3m: 0.05723817
- EFA_r12m: 0.14956870
- EFA_vol3m: 0.12078114
- EFA_mdd: 0.00000000
- EEM_r1m: 0.06330617
- EEM_r3m: 0.08045631
- EEM_r12m: 0.12171229
- EEM_vol3m: 0.12973251
- EEM_mdd: -0.17130893
- VEA_r1m: 0.03856960
- VEA_r3m: 0.05244814
- VEA_r12m: 0.14024856
- VEA_vol3m: 0.12226620
- VEA_mdd: 0.00000000
- VWO_r1m: 0.05572671
- VWO_r3m: 0.07887202
- VWO_r12m: 0.13050033
- VWO_vol3m: 0.12051438
- VWO_mdd: -0.10285955
- AGG_r1m: 0.01885042
- AGG_r3m: 0.03689126
- AGG_r12m: 0.04194949
- AGG_vol3m: 0.05467989
- AGG_mdd: -0.09255083
- BND_r1m: 0.01814412
- BND_r3m: 0.03676849
- BND_r12m: 0.04254390
- BND_vol3m: 0.05393193
- BND_mdd: -0.09400456
- SHY_r1m: 0.01071692
- SHY_r3m: 0.01976863
- SHY_r12m: 0.04674220
- SHY_vol3m: 0.01493686
- SHY_mdd: 0.00000000
- IEF_r1m: 0.02144848
- IEF_r3m: 0.04218326
- IEF_r12m: 0.02013545
- IEF_vol3m: 0.06693503
- IEF_mdd: -0.16702596
- TLT_r1m: 0.02623106
- TLT_r3m: 0.05658722
- TLT_r12m: -0.03181077
- TLT_vol3m: 0.13833859
- TLT_mdd: -0.39623460
- TIP_r1m: 0.01659090
- TIP_r3m: 0.03461804
- TIP_r12m: 0.03571612
- TIP_vol3m: 0.04450400
- TIP_mdd: -0.07720826
- LQD_r1m: 0.02196393
- LQD_r3m: 0.04335310
- LQD_r12m: 0.06106715
- LQD_vol3m: 0.06981461
- LQD_mdd: -0.11160359
- HYG_r1m: 0.01727968
- HYG_r3m: 0.03615004
- HYG_r12m: 0.10155227
- HYG_vol3m: 0.04608828
- HYG_mdd: 0.00000000
- GLD_r1m: 0.04183986
- GLD_r3m: 0.01505913
- GLD_r12m: 0.22668790
- GLD_vol3m: 0.17233441
- GLD_mdd: -0.00645706
- SLV_r1m: 0.05278929
- SLV_r3m: 0.08112267
- SLV_r12m: 0.26952602
- SLV_vol3m: 0.37443606
- SLV_mdd: -0.40499361
- DBC_r1m: 0.00997394
- DBC_r3m: -0.01688474
- DBC_r12m: 0.04109424
- DBC_vol3m: 0.12440875
- DBC_mdd: -0.20738716
- VNQ_r1m: 0.06760588
- VNQ_r3m: 0.07083375
- VNQ_r12m: 0.06454725
- VNQ_vol3m: 0.14759380
- VNQ_mdd: -0.16629259
- UUP_r1m: -0.00657883
- UUP_r3m: 0.00279625
- UUP_r12m: 0.09949379
- UUP_vol3m: 0.05312062
- UUP_mdd: -0.01645523
- BIL_r1m: 0.00472838
- BIL_r3m: 0.01313124
- BIL_r12m: 0.05382607
- BIL_vol3m: 0.00252984
- BIL_mdd: 0.00000000
- cross_vol: 0.10768699

Assets: SPY, QQQ, IWM, DIA, EFA, EEM, VEA, VWO, AGG, BND, SHY, IEF, TLT, TIP, LQD, HYG, GLD, SLV, DBC, VNQ, UUP, BIL","```json
{
  ""weights"": {
    ""SPY"": 0.6,
    ""QQQ"": 0.15394728,
    ""IWM"": 0.15394728,
    ""DIA"": 0.15394728,
    ""EFA"": 0.15394728,
    ""EEM"": 0.15394728,
    ""VEA"": 0.15394728,
    ""VWO"": 0.15394728,
    ""AGG"": 0.15394728,
    ""BND"": 0.15394728,
    ""SHY"": 0.15394728,
    ""IEF"": 0.15394728,
    ""TLT"": 0.15394728,
    ""TIP"": 0.15394728,
    ""LQD"": 0.15394728,
    ""HYG"": 0.15394728,
    ""GLD"": 0.15394728,
    ""SLV"": 0.15394728,
    ""DBC"": 0.15394728,
    ""VNQ"": 0.15394728,
    ""UUP"": 0.15394728,
    ""BIL"": 0.15394728
  }
}
```",1,0,0,17.868992540985346,532,1,0,0,0,406,11.708615,2328,stop,[],0,0,0,0,QQQ,SPY,SPY,0,0,1.0,1.1196704500648607,0.5841560100320439,1.457167719820518e-16,3.179800655392251e-17,0.22217036045298313,0,"{""SPY"":0.1565397257,""QQQ"":0.040164775,""IWM"":0.040164775,""DIA"":0.040164775,""EFA"":0.040164775,""EEM"":0.040164775,""VEA"":0.040164775,""VWO"":0.040164775,""AGG"":0.040164775,""BND"":0.040164775,""SHY"":0.040164775,""IEF"":0.040164775,""TLT"":0.040164775,""TIP"":0.040164775,""LQD"":0.040164775,""HYG"":0.040164775,""GLD"":0.040164775,""SLV"":0.040164775,""DBC"":0.040164775,""VNQ"":0.040164775,""UUP"":0.040164775,""BIL"":0.040164775}","{""SPY"":0.1565397257,""QQQ"":0.040164775,""IWM"":0.040164775,""DIA"":0.040164775,""EFA"":0.040164775,""EEM"":0.040164775,""VEA"":0.040164775,""VWO"":0.040164775,""AGG"":0.040164775,""BND"":0.040164775,""SHY"":0.040164775,""IEF"":0.040164775,""TLT"":0.040164775,""TIP"":0.040164775,""LQD"":0.040164775,""HYG"":0.040164775,""GLD"":0.040164775,""SLV"":0.040164775,""DBC"":0.040164775,""VNQ"":0.040164775,""UUP"":0.040164775,""BIL"":0.040164775}","{""SPY"":0.019047619,""QQQ"":0.6,""IWM"":0.019047619,""DIA"":0.019047619,""EFA"":0.019047619,""EEM"":0.019047619,""VEA"":0.019047619,""VWO"":0.019047619,""AGG"":0.019047619,""BND"":0.019047619,""SHY"":0.019047619,""IEF"":0.019047619,""TLT"":0.019047619,""TIP"":0.019047619,""LQD"":0.019047619,""HYG"":0.019047619,""GLD"":0.019047619,""SLV"":0.019047619,""DBC"":0.019047619,""VNQ"":0.019047619,""UUP"":0.019047619,""BIL"":0.019047619}",0,1.0,0.15653972568103705,0.040164774967569664,0.0,0,0,1.0,0.15653972568103705,0.04016477496756967,1,1,1,c2e5f8bfb5112f083837bfe9
q1_20260801_011049,model_family_generalization,P1,qwen3.5:4b,P1,,,real_ticker,,2025-01-13,42,10.0,0.6,0.25,78c72f114ed265e6,"You are an AGGRESSIVE MOMENTUM policy profile. Use only the provided feature values. Strongly favor the eligible asset with the highest `_r12m` value. Allocate 60.0% of total portfolio weight to that target asset as the language-level policy target. Distribute the remaining weight equally among all other eligible assets. Include every eligible ticker exactly once. Return strictly valid JSON only with a `weights` object whose values are decimals, not percentages.
Hard constraints for the execution layer: long-only weights, weights sum to one, maximum single-asset weight 0.60, and turnover cap 0.25. You propose weights; deterministic projection will enforce final feasibility.

Current Features:
- SPY_r1m: -0.03227135
- SPY_r3m: 0.01252624
- SPY_r12m: 0.23562134
- SPY_vol3m: 0.12972815
- SPY_mdd: -0.04024820
- QQQ_r1m: -0.02732386
- QQQ_r3m: 0.02798523
- QQQ_r12m: 0.24495557
- QQQ_vol3m: 0.17684168
- QQQ_mdd: -0.05907942
- IWM_r1m: -0.07944647
- IWM_r3m: 0.00481913
- IWM_r12m: 0.12674620
- IWM_vol3m: 0.21579347
- IWM_mdd: -0.10109313
- DIA_r1m: -0.04396780
- DIA_r3m: -0.00017359
- DIA_r12m: 0.14115069
- DIA_vol3m: 0.13254881
- DIA_mdd: -0.05933824
- EFA_r1m: -0.04337558
- EFA_r3m: -0.07340143
- EFA_r12m: 0.03241949
- EFA_vol3m: 0.12082393
- EFA_mdd: -0.10138722
- EEM_r1m: -0.05748439
- EEM_r3m: -0.09843659
- EEM_r12m: 0.07417752
- EEM_vol3m: 0.14186010
- EEM_mdd: -0.22736862
- VEA_r1m: -0.04239242
- VEA_r3m: -0.06997486
- VEA_r12m: 0.03213341
- VEA_vol3m: 0.11579295
- VEA_mdd: -0.09753893
- VWO_r1m: -0.06656503
- VWO_r3m: -0.08960319
- VWO_r12m: 0.09523168
- VWO_vol3m: 0.14245118
- VWO_mdd: -0.14094178
- AGG_r1m: -0.02790093
- AGG_r3m: -0.02716147
- AGG_r12m: 0.01118237
- AGG_vol3m: 0.05064562
- AGG_mdd: -0.09923681
- BND_r1m: -0.02736538
- BND_r3m: -0.02665839
- BND_r12m: 0.01192381
- BND_vol3m: 0.05105570
- BND_mdd: -0.10002706
- SHY_r1m: -0.00072929
- SHY_r3m: 0.00253902
- SHY_r12m: 0.03824961
- SHY_vol3m: 0.01291098
- SHY_mdd: -0.00406120
- IEF_r1m: -0.03481510
- IEF_r3m: -0.03958715
- IEF_r12m: -0.01055355
- IEF_vol3m: 0.06075469
- IEF_mdd: -0.18536598
- TLT_r1m: -0.07861945
- TLT_r3m: -0.08216153
- TLT_r12m: -0.07518906
- TLT_vol3m: 0.14374008
- TLT_mdd: -0.43954760
- TIP_r1m: -0.02036853
- TIP_r3m: -0.02574229
- TIP_r12m: 0.02030346
- TIP_vol3m: 0.03946380
- TIP_mdd: -0.08183992
- LQD_r1m: -0.04332866
- LQD_r3m: -0.04164157
- LQD_r12m: 0.00230200
- LQD_vol3m: 0.07432003
- LQD_mdd: -0.12619848
- HYG_r1m: -0.01156583
- HYG_r3m: 0.00392863
- HYG_r12m: 0.07801726
- HYG_vol3m: 0.04228958
- HYG_mdd: -0.01230844
- GLD_r1m: -0.01146462
- GLD_r3m: 0.01202536
- GLD_r12m: 0.31061336
- GLD_vol3m: 0.16503746
- GLD_mdd: -0.04566988
- SLV_r1m: -0.07002417
- SLV_r3m: -0.05003524
- SLV_r12m: 0.28748798
- SLV_vol3m: 0.28408387
- SLV_mdd: -0.42953872
- DBC_r1m: 0.06051395
- DBC_r3m: 0.01081658
- DBC_r12m: 0.07752496
- DBC_vol3m: 0.15404059
- DBC_mdd: -0.19984579
- VNQ_r1m: -0.07463366
- VNQ_r3m: -0.06703090
- VNQ_r12m: 0.03060105
- VNQ_vol3m: 0.17670526
- VNQ_mdd: -0.15948420
- UUP_r1m: 0.03817312
- UUP_r3m: 0.08285672
- UUP_r12m: 0.13858037
- UUP_vol3m: 0.07098540
- UUP_mdd: 0.00000000
- BIL_r1m: 0.00386719
- BIL_r3m: 0.01183184
- BIL_r12m: 0.05192983
- BIL_vol3m: 0.00234189
- BIL_mdd: 0.00000000
- cross_vol: 0.11382796

Assets: SPY, QQQ, IWM, DIA, EFA, EEM, VEA, VWO, AGG, BND, SHY, IEF, TLT, TIP, LQD, HYG, GLD, SLV, DBC, VNQ, UUP, BIL","```json
{
  ""weights"": {
    ""SPY"": 0.18937425,
    ""QQQ"": 0.6,
    ""IWM"": 0.01893743,
    ""DIA"": 0.01893743,
    ""EFA"": 0.01893743,
    ""EEM"": 0.01893743,
    ""VEA"": 0.01893743,
    ""VWO"": 0.01893743,
    ""AGG"": 0.01893743,
    ""BND"": 0.01893743,
    ""SHY"": 0.01893743,
    ""IEF"": 0.01893743,
    ""TLT"": 0.01893743,
    ""TIP"": 0.01893743,
    ""LQD"": 0.01893743,
    ""HYG"": 0.01893743,
    ""GLD"": 0.01893743,
    ""SLV"": 0.01893743,
    ""DBC"": 0.01893743,
    ""VNQ"": 0.01893743,
    ""UUP"": 0.01893743,
    ""BIL"": 0.01893743
  }
}
```",1,0,0,18.30813758308068,532,1,0,0,0,406,12.134809,2328,stop,[],0,0,0,0,GLD,QQQ,QQQ,0,0,0.6666666666666666,1.275335606875187,0.7784965216788262,1.3877787807814457e-16,3.1031676915590914e-17,1.1697079012474816,0,"{""SPY"":0.1621184364,""QQQ"":0.5136446051,""IWM"":0.0162118479,""DIA"":0.0162118479,""EFA"":0.0162118479,""EEM"":0.0162118479,""VEA"":0.0162118479,""VWO"":0.0162118479,""AGG"":0.0162118479,""BND"":0.0162118479,""SHY"":0.0162118479,""IEF"":0.0162118479,""TLT"":0.0162118479,""TIP"":0.0162118479,""LQD"":0.0162118479,""HYG"":0.0162118479,""GLD"":0.0162118479,""SLV"":0.0162118479,""DBC"":0.0162118479,""VNQ"":0.0162118479,""UUP"":0.0162118479,""BIL"":0.0162118479}","{""SPY"":0.1621184364,""QQQ"":0.5136446051,""IWM"":0.0162118479,""DIA"":0.0162118479,""EFA"":0.0162118479,""EEM"":0.0162118479,""VEA"":0.0162118479,""VWO"":0.0162118479,""AGG"":0.0162118479,""BND"":0.0162118479,""SHY"":0.0162118479,""IEF"":0.0162118479,""TLT"":0.0162118479,""TIP"":0.0162118479,""LQD"":0.0162118479,""HYG"":0.0162118479,""GLD"":0.0162118479,""SLV"":0.0162118479,""DBC"":0.0162118479,""VNQ"":0.0162118479,""UUP"":0.0162118479,""BIL"":0.0162118479}","{""SPY"":0.019047619,""QQQ"":0.019047619,""IWM"":0.019047619,""DIA"":0.019047619,""EFA"":0.019047619,""EEM"":0.019047619,""VEA"":0.019047619,""VWO"":0.019047619,""AGG"":0.019047619,""BND"":0.019047619,""SHY"":0.019047619,""IEF"":0.019047619,""TLT"":0.019047619,""TIP"":0.019047619,""LQD"":0.019047619,""HYG"":0.019047619,""GLD"":0.6,""SLV"":0.019047619,""DBC"":0.019047619,""VNQ"":0.019047619,""UUP"":0.019047619,""BIL"":0.019047619}",0,0.9999999999999999,0.513644605102965,0.016211847923358405,1.1102230246251565e-16,0,0,1.0,0.513644605102965,0.016211847923358412,1,1,1,92e2177acaae074d96803aca
q1_20260801_011049,model_family_generalization,P1,qwen3.5:4b,P1,,,real_ticker,,2025-05-14,42,10.0,0.6,0.25,771de45edcd99710,"You are an AGGRESSIVE MOMENTUM policy profile. Use only the provided feature values. Strongly favor the eligible asset with the highest `_r12m` value. Allocate 60.0% of total portfolio weight to that target asset as the language-level policy target. Distribute the remaining weight equally among all other eligible assets. Include every eligible ticker exactly once. Return strictly valid JSON only with a `weights` object whose values are decimals, not percentages.
Hard constraints for the execution layer: long-only weights, weights sum to one, maximum single-asset weight 0.60, and turnover cap 0.25. You propose weights; deterministic projection will enforce final feasibility.

Current Features:
- SPY_r1m: 0.08990583
- SPY_r3m: -0.02320739
- SPY_r12m: 0.14251682
- SPY_vol3m: 0.33821684
- SPY_mdd: -0.03845859
- QQQ_r1m: 0.13377623
- QQQ_r3m: -0.01674523
- QQQ_r12m: 0.18049674
- QQQ_vol3m: 0.39377645
- QQQ_mdd: -0.03719325
- IWM_r1m: 0.10856162
- IWM_r3m: -0.07323126
- IWM_r12m: 0.02369361
- IWM_vol3m: 0.32956671
- IWM_mdd: -0.14249453
- DIA_r1m: 0.03783451
- DIA_r3m: -0.04832504
- DIA_r12m: 0.08144754
- DIA_vol3m: 0.27440861
- DIA_mdd: -0.06069465
- EFA_r1m: 0.07867694
- EFA_r3m: 0.06519848
- EFA_r12m: 0.10525654
- EFA_vol3m: 0.26216563
- EFA_mdd: -0.00485437
- EEM_r1m: 0.09921675
- EEM_r3m: 0.05754743
- EEM_r12m: 0.11569349
- EEM_vol3m: 0.26804690
- EEM_mdd: -0.12324035
- VEA_r1m: 0.07663080
- VEA_r3m: 0.06352181
- VEA_r12m: 0.10271516
- VEA_vol3m: 0.25522257
- VEA_mdd: -0.00407162
- VWO_r1m: 0.09793107
- VWO_r3m: 0.05398136
- VWO_r12m: 0.13430535
- VWO_vol3m: 0.25906870
- VWO_mdd: -0.03363860
- AGG_r1m: -0.00250333
- AGG_r3m: 0.01267799
- AGG_r12m: 0.04738565
- AGG_vol3m: 0.05902216
- AGG_mdd: -0.07610239
- BND_r1m: -0.00218067
- BND_r3m: 0.01189900
- BND_r12m: 0.04760071
- BND_vol3m: 0.05806891
- BND_mdd: -0.07736360
- SHY_r1m: -0.00112447
- SHY_r3m: 0.01430954
- SHY_r12m: 0.05293712
- SHY_vol3m: 0.01769098
- SHY_mdd: -0.00725309
- IEF_r1m: -0.00662999
- IEF_r3m: 0.02131717
- IEF_r12m: 0.04692069
- IEF_vol3m: 0.07278241
- IEF_mdd: -0.15554858
- TLT_r1m: -0.02143808
- TLT_r3m: -0.01166778
- TLT_r12m: -0.01357145
- TLT_vol3m: 0.15569508
- TLT_mdd: -0.43239798
- TIP_r1m: 0.00384537
- TIP_r3m: 0.01666566
- TIP_r12m: 0.05228636
- TIP_vol3m: 0.06072917
- TIP_mdd: -0.05256530
- LQD_r1m: 0.00648218
- LQD_r3m: 0.00602718
- LQD_r12m: 0.04332588
- LQD_vol3m: 0.09155707
- LQD_mdd: -0.10397134
- HYG_r1m: 0.03197616
- HYG_r3m: 0.01309144
- HYG_r12m: 0.09186479
- HYG_vol3m: 0.09190711
- HYG_mdd: -0.00364952
- GLD_r1m: -0.01036359
- GLD_r3m: 0.09522916
- GLD_r12m: 0.34040508
- GLD_vol3m: 0.23404929
- GLD_mdd: -0.07107321
- SLV_r1m: -0.00442475
- SLV_r3m: -0.00306749
- SLV_r12m: 0.13504072
- SLV_vol3m: 0.28540610
- SLV_mdd: -0.38108335
- DBC_r1m: 0.02578794
- DBC_r3m: -0.03763438
- DBC_r12m: -0.02806066
- DBC_vol3m: 0.18927741
- DBC_mdd: -0.22995910
- VNQ_r1m: 0.02612455
- VNQ_r3m: -0.02907870
- VNQ_r12m: 0.10047515
- VNQ_vol3m: 0.24117084
- VNQ_mdd: -0.14114267
- UUP_r1m: 0.01864031
- UUP_r3m: -0.05332883
- UUP_r12m: 0.01349153
- UUP_vol3m: 0.10195994
- UUP_mdd: -0.06633168
- BIL_r1m: 0.00330374
- BIL_r3m: 0.01034030
- BIL_r12m: 0.04785171
- BIL_vol3m: 0.00199459
- BIL_mdd: 0.00000000
- cross_vol: 0.18371743

Assets: SPY, QQQ, IWM, DIA, EFA, EEM, VEA, VWO, AGG, BND, SHY, IEF, TLT, TIP, LQD, HYG, GLD, SLV, DBC, VNQ, UUP, BIL","```json
{
  ""weights"": {
    ""SPY"": 0.14251682,
    ""QQQ"": 0.39749346,
    ""IWM"": 0.02369361,
    ""DIA"": 0.08144754,
    ""EFA"": 0.10525654,
    ""EEM"": 0.11569349,
    ""VEA"": 0.10271516,
    ""VWO"": 0.13430535,
    ""AGG"": 0.04738565,
    ""BND"": 0.04760071,
    ""SHY"": 0.05293712,
    ""IEF"": 0.04692069,
    ""TLT"": -0.01357145,
    ""TIP"": 0.05228636,
    ""LQD"": 0.04332588,
    ""HYG"": 0.09186479,
    ""GLD"": 0.34040508,
    ""SLV"": 0.13504072,
    ""DBC"": -0.02806066,
    ""VNQ"": 0.10047515,
    ""UUP"": 0.01349153,
    ""BIL"": 0.04785171
  }
}
```",1,0,0,18.676703083794564,541,1,0,0,0,413,12.378505,2328,stop,[],0,0,2,0,GLD,QQQ,QQQ,0,0,1.0,0.9966180930106436,0.4834264285205941,2.7755575615628914e-17,9.501471788262684e-18,0.6647374006030077,0,"{""SPY"":0.0671391746,""QQQ"":0.1872577763,""IWM"":0.0111619767,""DIA"":0.0383696507,""EFA"":0.0495859872,""EEM"":0.0545027978,""VEA"":0.048388752,""VWO"":0.0632707798,""AGG"":0.0223232137,""BND"":0.0224245277,""SHY"":0.0249384918,""IEF"":0.0221041727,""TLT"":0.0,""TIP"":0.024631921,""LQD"":0.0204106703,""HYG"":0.0432771807,""GLD"":0.1603636405,""SLV"":0.0636172101,""DBC"":0.0,""VNQ"":0.0473334911,""UUP"":0.0063558125,""BIL"":0.0225427729}","{""SPY"":0.0671391746,""QQQ"":0.1872577763,""IWM"":0.0111619767,""DIA"":0.0383696507,""EFA"":0.0495859872,""EEM"":0.0545027978,""VEA"":0.048388752,""VWO"":0.0632707798,""AGG"":0.0223232137,""BND"":0.0224245277,""SHY"":0.0249384918,""IEF"":0.0221041727,""TLT"":0.0,""TIP"":0.024631921,""LQD"":0.0204106703,""HYG"":0.0432771807,""GLD"":0.1603636405,""SLV"":0.0636172101,""DBC"":0.0,""VNQ"":0.0473334911,""UUP"":0.0063558125,""BIL"":0.0225427729}","{""SPY"":0.019047619,""QQQ"":0.019047619,""IWM"":0.019047619,""DIA"":0.019047619,""EFA"":0.019047619,""EEM"":0.019047619,""VEA"":0.019047619,""VWO"":0.019047619,""AGG"":0.019047619,""BND"":0.019047619,""SHY"":0.019047619,""IEF"":0.019047619,""TLT"":0.019047619,""TIP"":0.019047619,""LQD"":0.019047619,""HYG"":0.019047619,""GLD"":0.6,""SLV"":0.019047619,""DBC"":0.019047619,""VNQ"":0.019047619,""UUP"":0.019047619,""BIL"":0.019047619}",0,1.0000000000000002,0.18725777631448925,0.0,2.220446049250313e-16,0,0,1.0,0.18725777631448925,0.0,1,1,1,08d7231d8e925c09294399a3
q1_20260801_011049,model_family_generalization,P1,qwen3.5:4b,P1,,,real_ticker,,2025-09-15,42,10.0,0.6,0.25,154f1669de090fa1,"You are an AGGRESSIVE MOMENTUM policy profile. Use only the provided feature values. Strongly favor the eligible asset with the highest `_r12m` value. Allocate 60.0% of total portfolio weight to that target asset as the language-level policy target. Distribute the remaining weight equally among all other eligible assets. Include every eligible ticker exactly once. Return strictly valid JSON only with a `weights` object whose values are decimals, not percentages.
Hard constraints for the execution layer: long-only weights, weights sum to one, maximum single-asset weight 0.60, and turnover cap 0.25. You propose weights; deterministic projection will enforce final feasibility.

Current Features:
- SPY_r1m: 0.02474601
- SPY_r3m: 0.11032466
- SPY_r12m: 0.20692206
- SPY_vol3m: 0.09328632
- SPY_mdd: 0.00000000
- QQQ_r1m: 0.02033128
- QQQ_r3m: 0.12407855
- QQQ_r12m: 0.26972692
- QQQ_vol3m: 0.11720120
- QQQ_mdd: 0.00000000
- IWM_r1m: 0.04867681
- IWM_r3m: 0.14898656
- IWM_r12m: 0.15875876
- IWM_vol3m: 0.18150682
- IWM_mdd: -0.00602157
- DIA_r1m: 0.02489677
- DIA_r3m: 0.09230954
- DIA_r12m: 0.14188161
- DIA_vol3m: 0.10634992
- DIA_mdd: -0.00400509
- EFA_r1m: 0.02138570
- EFA_r3m: 0.06725496
- EFA_r12m: 0.19643985
- EFA_vol3m: 0.12430195
- EFA_mdd: 0.00000000
- EEM_r1m: 0.05533271
- EEM_r3m: 0.12820938
- EEM_r12m: 0.27831699
- EEM_vol3m: 0.12076506
- EEM_mdd: 0.00000000
- VEA_r1m: 0.02883473
- VEA_r3m: 0.08206495
- VEA_r12m: 0.21854355
- VEA_vol3m: 0.11825375
- VEA_mdd: 0.00000000
- VWO_r1m: 0.05135719
- VWO_r3m: 0.11607840
- VWO_r12m: 0.26266624
- VWO_vol3m: 0.10887842
- VWO_mdd: 0.00000000
- AGG_r1m: 0.01970150
- AGG_r3m: 0.03826568
- AGG_r12m: 0.03010015
- AGG_vol3m: 0.04085884
- AGG_mdd: -0.02855578
- BND_r1m: 0.01926590
- BND_r3m: 0.03777522
- BND_r12m: 0.02995703
- BND_vol3m: 0.03988196
- BND_mdd: -0.03054151
- SHY_r1m: 0.00627269
- SHY_r3m: 0.01636702
- SHY_r12m: 0.03917587
- SHY_vol3m: 0.01492242
- SHY_mdd: -0.00012041
- IEF_r1m: 0.02136101
- IEF_r3m: 0.04026896
- IEF_r12m: 0.02065424
- IEF_vol3m: 0.05017493
- IEF_mdd: -0.10958866
- TLT_r1m: 0.04002268
- TLT_r3m: 0.05626845
- TLT_r12m: -0.06453496
- TLT_vol3m: 0.11052087
- TLT_mdd: -0.39110450
- TIP_r1m: 0.01769496
- TIP_r3m: 0.03923894
- TIP_r12m: 0.04513400
- TIP_vol3m: 0.03753857
- TIP_mdd: -0.01091952
- LQD_r1m: 0.02615900
- LQD_r3m: 0.05419595
- LQD_r12m: 0.04003761
- LQD_vol3m: 0.05445148
- LQD_mdd: -0.03718814
- HYG_r1m: 0.01463177
- HYG_r3m: 0.03799898
- HYG_r12m: 0.08493318
- HYG_vol3m: 0.03127548
- HYG_mdd: 0.00000000
- GLD_r1m: 0.10304314
- GLD_r3m: 0.07151663
- GLD_r12m: 0.45924652
- GLD_vol3m: 0.13774774
- GLD_mdd: 0.00000000
- SLV_r1m: 0.12347821
- SLV_r3m: 0.17561410
- SLV_r12m: 0.48392026
- SLV_vol3m: 0.21252364
- SLV_mdd: -0.17985612
- DBC_r1m: 0.03250915
- DBC_r3m: -0.00441504
- DBC_r12m: 0.11993753
- DBC_vol3m: 0.14383905
- DBC_mdd: -0.19160047
- VNQ_r1m: 0.03925521
- VNQ_r3m: 0.04163769
- VNQ_r12m: -0.00987608
- VNQ_vol3m: 0.14072086
- VNQ_mdd: -0.08250303
- UUP_r1m: -0.00473937
- UUP_r3m: 0.00478465
- UUP_r12m: 0.00677562
- UUP_vol3m: 0.06928460
- UUP_mdd: -0.08542716
- BIL_r1m: 0.00384994
- BIL_r3m: 0.01072392
- BIL_r12m: 0.04474769
- BIL_vol3m: 0.00205486
- BIL_mdd: 0.00000000
- cross_vol: 0.09346994

Assets: SPY, QQQ, IWM, DIA, EFA, EEM, VEA, VWO, AGG, BND, SHY, IEF, TLT, TIP, LQD, HYG, GLD, SLV, DBC, VNQ, UUP, BIL","```json
{
  ""weights"": {
    ""SPY"": 0.12346103,
    ""QQQ"": 0.18957309,
    ""IWM"": 0.05485714,
    ""DIA"": 0.03657143,
    ""EFA"": 0.02742857,
    ""EEM"": 0.09310345,
    ""VEA"": 0.04655172,
    ""VWO"": 0.05214286,
    ""AGG"": 0.01505172,
    ""BND"": 0.01497309,
    ""SHY"": 0.00197309,
    ""IEF"": 0.01038571,
    ""TLT"": -0.02628571,
    ""TIP"": 0.00464286,
    ""LQD"": 0.02009524,
    ""HYG"": 0.03547619,
    ""GLD"": 0.22962308,
    ""SLV"": 0.24196429,
    ""DBC"": 0.05997619,
    ""VNQ"": -0.00049762,
    ""UUP"": -0.00385714,
    ""BIL"": 0.00193103
  }
}
```",1,0,0,18.56990583310835,542,1,0,0,0,413,12.391634,2328,stop,[],0,0,3,0,SLV,SLV,SLV,1,1,0.6666666666666666,1.087189040447488,0.4734540138980304,1.5612511283789406e-17,5.204170427929802e-18,0.9432177704762342,0,"{""SPY"":0.0980019174,""QQQ"":0.1504808952,""IWM"":0.0435449543,""DIA"":0.0290299722,""EFA"":0.0217724771,""EEM"":0.0739044265,""VEA"":0.0369522093,""VWO"":0.0413903906,""AGG"":0.0119478788,""BND"":0.0118854632,""SHY"":0.0015662157,""IEF"":0.0082440548,""TLT"":0.0,""TIP"":0.0036854478,""LQD"":0.0159513658,""HYG"":0.0281605835,""GLD"":0.1822721075,""SLV"":0.1920684152,""DBC"":0.0476083961,""VNQ"":0.0,""UUP"":0.0,""BIL"":0.001532829}","{""SPY"":0.0980019174,""QQQ"":0.1504808952,""IWM"":0.0435449543,""DIA"":0.0290299722,""EFA"":0.0217724771,""EEM"":0.0739044265,""VEA"":0.0369522093,""VWO"":0.0413903906,""AGG"":0.0119478788,""BND"":0.0118854632,""SHY"":0.0015662157,""IEF"":0.0082440548,""TLT"":1.734723476e-18,""TIP"":0.0036854478,""LQD"":0.0159513658,""HYG"":0.0281605835,""GLD"":0.1822721075,""SLV"":0.1920684152,""DBC"":0.0476083961,""VNQ"":1.734723476e-18,""UUP"":1.734723476e-18,""BIL"":0.001532829}","{""SPY"":0.019047619,""QQQ"":0.019047619,""IWM"":0.019047619,""DIA"":0.019047619,""EFA"":0.019047619,""EEM"":0.019047619,""VEA"":0.019047619,""VWO"":0.019047619,""AGG"":0.019047619,""BND"":0.019047619,""SHY"":0.019047619,""IEF"":0.019047619,""TLT"":0.019047619,""TIP"":0.019047619,""LQD"":0.019047619,""HYG"":0.019047619,""GLD"":0.019047619,""SLV"":0.6,""DBC"":0.019047619,""VNQ"":0.019047619,""UUP"":0.019047619,""BIL"":0.019047619}",0,0.9999999999999999,0.19206841521394286,0.0,1.1102230246251565e-16,0,0,1.0,0.19206841521394286,1.7347234759761881e-18,1,1,1,1c9000f0d1e06ce5e12d9c13
q1_20260801_011049,model_family_generalization,P2,qwen3.5:4b,P2,,,real_ticker,,2012-01-03,42,10.0,0.6,0.25,34c4eb8c16628d4c,"You are a DEFENSIVE LOW-VOLATILITY policy profile. Use only the provided feature values. Strongly favor the eligible asset with the lowest `_vol3m` value. Allocate 60.0% of total portfolio weight to that target asset as the language-level policy target. Distribute the remaining weight equally among all other eligible assets. Include every eligible ticker exactly once. Return strictly valid JSON only with a `weights` object whose values are decimals, not percentages.
Hard constraints for the execution layer: long-only weights, weights sum to one, maximum single-asset weight 0.60, and turnover cap 0.25. You propose weights; deterministic projection will enforce final feasibility.

Current Features:
- SPY_r1m: 0.02671551
- SPY_r3m: 0.16718467
- SPY_r12m: 0.02459595
- SPY_vol3m: 0.25887588
- SPY_mdd: -0.04997530
- QQQ_r1m: 0.00594834
- QQQ_r3m: 0.11689019
- QQQ_r12m: 0.03838245
- QQQ_vol3m: 0.25840220
- QQQ_mdd: -0.04035417
- IWM_r1m: 0.02917638
- IWM_r3m: 0.23521387
- IWM_r12m: -0.04505700
- IWM_vol3m: 0.37700087
- IWM_mdd: -0.12194572
- DIA_r1m: 0.03222826
- DIA_r3m: 0.17057153
- DIA_r12m: 0.08903110
- DIA_vol3m: 0.23431471
- DIA_mdd: -0.01629549
- EFA_r1m: 0.01361822
- EFA_r3m: 0.10687441
- EFA_r12m: -0.10575181
- EFA_vol3m: 0.34495581
- EFA_mdd: -0.17813728
- EEM_r1m: -0.01040953
- EEM_r3m: 0.14885786
- EEM_r12m: -0.17111196
- EEM_vol3m: 0.40143386
- EEM_mdd: -0.20578645
- VEA_r1m: 0.01517233
- VEA_r3m: 0.10818375
- VEA_r12m: -0.10683619
- VEA_vol3m: 0.34370234
- VEA_mdd: -0.17899871
- VWO_r1m: -0.01158303
- VWO_r3m: 0.14398038
- VWO_r12m: -0.17177897
- VWO_vol3m: 0.38302895
- VWO_mdd: -0.20591382
- AGG_r1m: 0.01119106
- AGG_r3m: 0.00536619
- AGG_r12m: 0.07603807
- AGG_vol3m: 0.03331191
- AGG_mdd: -0.00326117
- BND_r1m: 0.00898195
- BND_r3m: 0.00348999
- BND_r12m: 0.07727916
- BND_vol3m: 0.03756468
- BND_mdd: -0.00311206
- SHY_r1m: -0.00012969
- SHY_r3m: 0.00049781
- SHY_r12m: 0.01404656
- SHY_vol3m: 0.00531517
- SHY_mdd: -0.00093098
- IEF_r1m: 0.01369723
- IEF_r3m: -0.00306527
- IEF_r12m: 0.15272011
- IEF_vol3m: 0.08440694
- IEF_mdd: -0.00989297
- TLT_r1m: 0.02405978
- TLT_r3m: -0.02737122
- TLT_r12m: 0.32992894
- TLT_vol3m: 0.22551508
- TLT_mdd: -0.03273671
- TIP_r1m: 0.00163172
- TIP_r3m: 0.01738505
- TIP_r12m: 0.13732879
- TIP_vol3m: 0.05984325
- TIP_mdd: -0.00931184
- LQD_r1m: 0.03166939
- LQD_r3m: 0.02464866
- LQD_r12m: 0.09230849
- LQD_vol3m: 0.06049644
- LQD_mdd: -0.00968553
- HYG_r1m: 0.04431199
- HYG_r3m: 0.12391091
- HYG_r12m: 0.07017863
- HYG_vol3m: 0.15996905
- HYG_mdd: 0.00000000
- GLD_r1m: -0.08082300
- GLD_r3m: -0.03131218
- GLD_r12m: 0.12985506
- GLD_vol3m: 0.22454383
- GLD_mdd: -0.15531718
- SLV_r1m: -0.09510360
- SLV_r3m: -0.02238046
- SLV_r12m: -0.03835889
- SLV_vol3m: 0.44565753
- SLV_mdd: -0.38997036
- DBC_r1m: 0.00363098
- DBC_r3m: 0.07884469
- DBC_r12m: -0.00108424
- DBC_vol3m: 0.20030343
- DBC_mdd: -0.13408522
- VNQ_r1m: 0.06613014
- VNQ_r3m: 0.22009966
- VNQ_r12m: 0.07552847
- VNQ_vol3m: 0.32461742
- VNQ_mdd: -0.05488288
- UUP_r1m: 0.01043075
- UUP_r3m: -0.01021780
- UUP_r12m: -0.02366347
- UUP_vol3m: 0.10413908
- UUP_mdd: -0.13743715
- BIL_r1m: -0.00017417
- BIL_r3m: -0.00061082
- BIL_r12m: -0.00082833
- BIL_vol3m: 0.00288457
- BIL_mdd: -0.00104647
- cross_vol: 0.20774014

Assets: SPY, QQQ, IWM, DIA, EFA, EEM, VEA, VWO, AGG, BND, SHY, IEF, TLT, TIP, LQD, HYG, GLD, SLV, DBC, VNQ, UUP, BIL","```json
{
  ""weights"": {
    ""SPY"": 0.6,
    ""QQQ"": 0.125,
    ""IWM"": 0.125,
    ""DIA"": 0.125,
    ""EFA"": 0.125,
    ""EEM"": 0.125,
    ""VEA"": 0.125,
    ""VWO"": 0.125,
    ""AGG"": 0.125,
    ""BND"": 0.125,
    ""SHY"": 0.125,
    ""IEF"": 0.125,
    ""TLT"": 0.125,
    ""TIP"": 0.125,
    ""LQD"": 0.125,
    ""HYG"": 0.125,
    ""GLD"": 0.125,
    ""SLV"": 0.125,
    ""DBC"": 0.125,
    ""VNQ"": 0.125,
    ""UUP"": 0.125,
    ""BIL"": 0.125
  }
}
```",1,0,0,15.565516707953066,427,1,0,0,0,301,9.195336,2329,stop,[],0,0,0,0,BIL,SPY,SPY,0,0,0.6666666666666666,1.1224806201550384,0.5921576061678714,3.7470027081099033e-16,1.0477500027681816e-16,0.28118393234672323,0,"{""SPY"":0.1860465116,""QQQ"":0.0387596899,""IWM"":0.0387596899,""DIA"":0.0387596899,""EFA"":0.0387596899,""EEM"":0.0387596899,""VEA"":0.0387596899,""VWO"":0.0387596899,""AGG"":0.0387596899,""BND"":0.0387596899,""SHY"":0.0387596899,""IEF"":0.0387596899,""TLT"":0.0387596899,""TIP"":0.0387596899,""LQD"":0.0387596899,""HYG"":0.0387596899,""GLD"":0.0387596899,""SLV"":0.0387596899,""DBC"":0.0387596899,""VNQ"":0.0387596899,""UUP"":0.0387596899,""BIL"":0.0387596899}","{""SPY"":0.1860465116,""QQQ"":0.0387596899,""IWM"":0.0387596899,""DIA"":0.0387596899,""EFA"":0.0387596899,""EEM"":0.0387596899,""VEA"":0.0387596899,""VWO"":0.0387596899,""AGG"":0.0387596899,""BND"":0.0387596899,""SHY"":0.0387596899,""IEF"":0.0387596899,""TLT"":0.0387596899,""TIP"":0.0387596899,""LQD"":0.0387596899,""HYG"":0.0387596899,""GLD"":0.0387596899,""SLV"":0.0387596899,""DBC"":0.0387596899,""VNQ"":0.0387596899,""UUP"":0.0387596899,""BIL"":0.0387596899}","{""SPY"":0.019047619,""QQQ"":0.019047619,""IWM"":0.019047619,""DIA"":0.019047619,""EFA"":0.019047619,""EEM"":0.019047619,""VEA"":0.019047619,""VWO"":0.019047619,""AGG"":0.019047619,""BND"":0.019047619,""SHY"":0.019047619,""IEF"":0.019047619,""TLT"":0.019047619,""TIP"":0.019047619,""LQD"":0.019047619,""HYG"":0.019047619,""GLD"":0.019047619,""SLV"":0.019047619,""DBC"":0.019047619,""VNQ"":0.019047619,""UUP"":0.019047619,""BIL"":0.6}",0,0.9999999999999998,0.18604651162790697,0.03875968992248062,2.220446049250313e-16,0,0,0.9999999999999994,0.1860465116279069,0.038759689922480606,1,1,1,d4a2eee123e416b760345c2d
q1_20260801_011049,model_family_generalization,P2,qwen3.5:4b,P2,,,real_ticker,,2013-03-07,42,10.0,0.6,0.25,271fea03b1d2e787,"You are a DEFENSIVE LOW-VOLATILITY policy profile. Use only the provided feature values. Strongly favor the eligible asset with the lowest `_vol3m` value. Allocate 60.0% of total portfolio weight to that target asset as the language-level policy target. Distribute the remaining weight equally among all other eligible assets. Include every eligible ticker exactly once. Return strictly valid JSON only with a `weights` object whose values are decimals, not percentages.
Hard constraints for the execution layer: long-only weights, weights sum to one, maximum single-asset weight 0.60, and turnover cap 0.25. You propose weights; deterministic projection will enforce final feasibility.

Current Features:
- SPY_r1m: 0.02469384
- SPY_r3m: 0.10355899
- SPY_r12m: 0.15694450
- SPY_vol3m: 0.11331766
- SPY_mdd: 0.00000000
- QQQ_r1m: 0.01823273
- QQQ_r3m: 0.05245420
- QQQ_r12m: 0.08328101
- QQQ_vol3m: 0.14230142
- QQQ_mdd: -0.01605729
- IWM_r1m: 0.03097273
- IWM_r3m: 0.14111880
- IWM_r12m: 0.17994039
- IWM_vol3m: 0.13147733
- IWM_mdd: 0.00000000
- DIA_r1m: 0.02953075
- DIA_r3m: 0.11373719
- DIA_r12m: 0.13431127
- DIA_vol3m: 0.09925860
- DIA_mdd: 0.00000000
- EFA_r1m: 0.01023015
- EFA_r3m: 0.08355395
- EFA_r12m: 0.12507905
- EFA_vol3m: 0.12213494
- EFA_mdd: -0.00991548
- EEM_r1m: -0.00500330
- EEM_r3m: 0.05107175
- EEM_r12m: 0.01564556
- EEM_vol3m: 0.11277195
- EEM_mdd: -0.09495469
- VEA_r1m: 0.01182671
- VEA_r3m: 0.08447113
- VEA_r12m: 0.12331643
- VEA_vol3m: 0.12379089
- VEA_mdd: -0.01001731
- VWO_r1m: -0.00878221
- VWO_r3m: 0.05539474
- VWO_r12m: 0.01644713
- VWO_vol3m: 0.11311231
- VWO_mdd: -0.09085716
- AGG_r1m: 0.00298230
- AGG_r3m: -0.00789205
- AGG_r12m: 0.02671506
- AGG_vol3m: 0.02198253
- AGG_mdd: -0.00877924
- BND_r1m: 0.00294915
- BND_r3m: -0.01528988
- BND_r12m: 0.01905989
- BND_vol3m: 0.02623608
- BND_mdd: -0.01598476
- SHY_r1m: 0.00009460
- SHY_r3m: 0.00047420
- SHY_r12m: 0.00336979
- SHY_vol3m: 0.00308644
- SHY_mdd: -0.00059235
- IEF_r1m: 0.00459187
- IEF_r3m: -0.02025412
- IEF_r12m: 0.03049403
- IEF_vol3m: 0.04553076
- IEF_mdd: -0.02310919
- TLT_r1m: 0.00197544
- TLT_r3m: -0.06904112
- TLT_r12m: 0.02208087
- TLT_vol3m: 0.11835554
- TLT_mdd: -0.10944081
- TIP_r1m: -0.00190668
- TIP_r3m: -0.01979212
- TIP_r12m: 0.04464834
- TIP_vol3m: 0.03990914
- TIP_mdd: -0.02352910
- LQD_r1m: 0.00564916
- LQD_r3m: -0.01390385
- LQD_r12m: 0.05680259
- LQD_vol3m: 0.03643095
- LQD_mdd: -0.01994465
- HYG_r1m: 0.01295297
- HYG_r3m: 0.02689283
- HYG_r12m: 0.09990517
- HYG_vol3m: 0.04119250
- HYG_mdd: 0.00000000
- GLD_r1m: -0.05723638
- GLD_r3m: -0.07134166
- GLD_r12m: -0.07823720
- GLD_vol3m: 0.11009493
- GLD_mdd: -0.17281540
- SLV_r1m: -0.09265281
- SLV_r3m: -0.12507836
- SLV_r12m: -0.15501057
- SLV_vol3m: 0.19915437
- SLV_mdd: -0.40943714
- DBC_r1m: -0.05141661
- DBC_r3m: -0.02865335
- DBC_r12m: -0.07566461
- DBC_vol3m: 0.07947798
- DBC_mdd: -0.15037591
- VNQ_r1m: 0.02209524
- VNQ_r3m: 0.09493046
- VNQ_r12m: 0.17024886
- VNQ_vol3m: 0.09312219
- VNQ_mdd: -0.00767170
- UUP_r1m: 0.03179719
- UUP_r3m: 0.02800722
- UUP_r12m: 0.01358079
- UUP_vol3m: 0.05064613
- UUP_mdd: -0.13317853
- BIL_r1m: -0.00000000
- BIL_r3m: -0.00000000
- BIL_r12m: -0.00021834
- BIL_vol3m: 0.00233318
- BIL_mdd: -0.00126459
- cross_vol: 0.08298717

Assets: SPY, QQQ, IWM, DIA, EFA, EEM, VEA, VWO, AGG, BND, SHY, IEF, TLT, TIP, LQD, HYG, GLD, SLV, DBC, VNQ, UUP, BIL","```json
{
  ""weights"": {
    ""SPY"": 0.6,
    ""QQQ"": 0.125,
    ""IWM"": 0.125,
    ""DIA"": 0.125,
    ""EFA"": 0.125,
    ""EEM"": 0.125,
    ""VEA"": 0.125,
    ""VWO"": 0.125,
    ""AGG"": 0.125,
    ""BND"": 0.125,
    ""SHY"": 0.125,
    ""IEF"": 0.125,
    ""TLT"": 0.125,
    ""TIP"": 0.125,
    ""LQD"": 0.125,
    ""HYG"": 0.125,
    ""GLD"": 0.125,
    ""SLV"": 0.125,
    ""DBC"": 0.125,
    ""VNQ"": 0.125,
    ""UUP"": 0.125,
    ""BIL"": 0.125
  }
}
```",1,0,0,15.231126083992422,427,1,0,0,0,301,8.749858,2329,stop,[],0,0,0,0,BIL,SPY,SPY,0,0,0.6666666666666666,1.1224806201550384,0.5921576061678714,3.7470027081099033e-16,1.0477500027681816e-16,0.28118393234672323,0,"{""SPY"":0.1860465116,""QQQ"":0.0387596899,""IWM"":0.0387596899,""DIA"":0.0387596899,""EFA"":0.0387596899,""EEM"":0.0387596899,""VEA"":0.0387596899,""VWO"":0.0387596899,""AGG"":0.0387596899,""BND"":0.0387596899,""SHY"":0.0387596899,""IEF"":0.0387596899,""TLT"":0.0387596899,""TIP"":0.0387596899,""LQD"":0.0387596899,""HYG"":0.0387596899,""GLD"":0.0387596899,""SLV"":0.0387596899,""DBC"":0.0387596899,""VNQ"":0.0387596899,""UUP"":0.0387596899,""BIL"":0.0387596899}","{""SPY"":0.1860465116,""QQQ"":0.0387596899,""IWM"":0.0387596899,""DIA"":0.0387596899,""EFA"":0.0387596899,""EEM"":0.0387596899,""VEA"":0.0387596899,""VWO"":0.0387596899,""AGG"":0.0387596899,""BND"":0.0387596899,""SHY"":0.0387596899,""IEF"":0.0387596899,""TLT"":0.0387596899,""TIP"":0.0387596899,""LQD"":0.0387596899,""HYG"":0.0387596899,""GLD"":0.0387596899,""SLV"":0.0387596899,""DBC"":0.0387596899,""VNQ"":0.0387596899,""UUP"":0.0387596899,""BIL"":0.0387596899}","{""SPY"":0.019047619,""QQQ"":0.019047619,""IWM"":0.019047619,""DIA"":0.019047619,""EFA"":0.019047619,""EEM"":0.019047619,""VEA"":0.019047619,""VWO"":0.019047619,""AGG"":0.019047619,""BND"":0.019047619,""SHY"":0.019047619,""IEF"":0.019047619,""TLT"":0.019047619,""TIP"":0.019047619,""LQD"":0.019047619,""HYG"":0.019047619,""GLD"":0.019047619,""SLV"":0.019047619,""DBC"":0.019047619,""VNQ"":0.019047619,""UUP"":0.019047619,""BIL"":0.6}",0,0.9999999999999998,0.18604651162790697,0.03875968992248062,2.220446049250313e-16,0,0,0.9999999999999994,0.1860465116279069,0.038759689922480606,1,1,1,63a00ff5908e721ed58b88d1
q1_20260801_011049,model_family_generalization,P2,qwen3.5:4b,P2,,,real_ticker,,2015-11-04,42,10.0,0.6,0.25,12e0959712679e25,"You are a DEFENSIVE LOW-VOLATILITY policy profile. Use only the provided feature values. Strongly favor the eligible asset with the lowest `_vol3m` value. Allocate 60.0% of total portfolio weight to that target asset as the language-level policy target. Distribute the remaining weight equally among all other eligible assets. Include every eligible ticker exactly once. Return strictly valid JSON only with a `weights` object whose values are decimals, not percentages.
Hard constraints for the execution layer: long-only weights, weights sum to one, maximum single-asset weight 0.60, and turnover cap 0.25. You propose weights; deterministic projection will enforce final feasibility.

Current Features:
- SPY_r1m: 0.06355218
- SPY_r3m: 0.01489593
- SPY_r12m: 0.06733256
- SPY_vol3m: 0.21710810
- SPY_mdd: -0.00534579
- QQQ_r1m: 0.09542825
- QQQ_r3m: 0.04390968
- QQQ_r12m: 0.14702423
- QQQ_vol3m: 0.25088881
- QQQ_mdd: 0.00000000
- IWM_r1m: 0.05156014
- IWM_r3m: -0.01707309
- IWM_r12m: 0.03558668
- IWM_vol3m: 0.22052952
- IWM_mdd: -0.07656234
- DIA_r1m: 0.06585703
- DIA_r3m: 0.03126090
- DIA_r12m: 0.05297199
- DIA_vol3m: 0.21045681
- DIA_mdd: -0.01429903
- EFA_r1m: 0.02713141
- EFA_r3m: -0.05252592
- EFA_r12m: -0.00102328
- EFA_vol3m: 0.20974118
- EFA_mdd: -0.09021254
- EEM_r1m: 0.03564166
- EEM_r3m: -0.01596917
- EEM_r12m: -0.12705907
- EEM_vol3m: 0.28150496
- EEM_mdd: -0.22148562
- VEA_r1m: 0.02857147
- VEA_r3m: -0.04608422
- VEA_r12m: 0.00368231
- VEA_vol3m: 0.21077207
- VEA_mdd: -0.08600643
- VWO_r1m: 0.03115992
- VWO_r3m: -0.03589447
- VWO_r12m: -0.13206438
- VWO_vol3m: 0.28608892
- VWO_mdd: -0.20032172
- AGG_r1m: -0.00561575
- AGG_r3m: 0.00414263
- AGG_r12m: 0.01677308
- AGG_vol3m: 0.03487067
- AGG_mdd: -0.01341774
- BND_r1m: -0.00453562
- BND_r3m: 0.00492152
- BND_r12m: 0.01789518
- BND_vol3m: 0.03516037
- BND_mdd: -0.01543375
- SHY_r1m: -0.00375423
- SHY_r3m: 0.00012763
- SHY_r12m: 0.00498819
- SHY_vol3m: 0.01049935
- SHY_mdd: -0.00480727
- IEF_r1m: -0.01489888
- IEF_r3m: 0.00604910
- IEF_r12m: 0.03232470
- IEF_vol3m: 0.05862688
- IEF_mdd: -0.02456820
- TLT_r1m: -0.01658068
- TLT_r3m: -0.00700840
- TLT_r12m: 0.04089752
- TLT_vol3m: 0.14295409
- TLT_mdd: -0.10567233
- TIP_r1m: -0.00967361
- TIP_r3m: -0.00744259
- TIP_r12m: -0.01807394
- TIP_vol3m: 0.04839325
- TIP_mdd: -0.07544146
- LQD_r1m: -0.00310502
- LQD_r3m: 0.00868171
- LQD_r12m: 0.00388992
- LQD_vol3m: 0.05248304
- LQD_mdd: -0.04240429
- HYG_r1m: 0.02127220
- HYG_r3m: -0.00586418
- HYG_r12m: -0.02253115
- HYG_vol3m: 0.06986573
- HYG_mdd: -0.03797382
- GLD_r1m: -0.03540870
- GLD_r3m: 0.01513557
- GLD_r12m: -0.05569417
- GLD_vol3m: 0.13943144
- GLD_mdd: -0.42591688
- SLV_r1m: -0.04578630
- SLV_r3m: 0.02787708
- SLV_r12m: -0.06380205
- SLV_vol3m: 0.24739090
- SLV_mdd: -0.69572576
- DBC_r1m: -0.03322684
- DBC_r3m: -0.02324080
- DBC_r12m: -0.30596334
- DBC_vol3m: 0.20066854
- DBC_mdd: -0.52600252
- VNQ_r1m: 0.03661229
- VNQ_r3m: 0.03457099
- VNQ_r12m: 0.04811533
- VNQ_vol3m: 0.20059077
- VNQ_mdd: -0.06908857
- UUP_r1m: 0.02573382
- UUP_r3m: -0.00195631
- UUP_r12m: 0.10242000
- UUP_vol3m: 0.08984974
- UUP_mdd: -0.03699512
- BIL_r1m: -0.00021917
- BIL_r3m: -0.00043773
- BIL_r12m: -0.00153084
- BIL_vol3m: 0.00224689
- BIL_mdd: -0.00409903
- cross_vol: 0.14636918

Assets: SPY, QQQ, IWM, DIA, EFA, EEM, VEA, VWO, AGG, BND, SHY, IEF, TLT, TIP, LQD, HYG, GLD, SLV, DBC, VNQ, UUP, BIL","```json
{
  ""weights"": {
    ""SPY"": 0.6,
    ""QQQ"": 0.125,
    ""IWM"": 0.125,
    ""DIA"": 0.125,
    ""EFA"": 0.125,
    ""EEM"": 0.125,
    ""VEA"": 0.125,
    ""VWO"": 0.125,
    ""AGG"": 0.125,
    ""BND"": 0.125,
    ""SHY"": 0.125,
    ""IEF"": 0.125,
    ""TLT"": 0.125,
    ""TIP"": 0.125,
    ""LQD"": 0.125,
    ""HYG"": 0.125,
    ""GLD"": 0.125,
    ""SLV"": 0.125,
    ""DBC"": 0.125,
    ""VNQ"": 0.125,
    ""UUP"": 0.125,
    ""BIL"": 0.125
  }
}
```",1,0,0,14.932506375014782,427,1,0,0,0,301,8.746404,2329,stop,[],0,0,0,0,BIL,SPY,SPY,0,0,0.6666666666666666,1.1224806201550384,0.5921576061678714,3.7470027081099033e-16,1.0477500027681816e-16,0.28118393234672323,0,"{""SPY"":0.1860465116,""QQQ"":0.0387596899,""IWM"":0.0387596899,""DIA"":0.0387596899,""EFA"":0.0387596899,""EEM"":0.0387596899,""VEA"":0.0387596899,""VWO"":0.0387596899,""AGG"":0.0387596899,""BND"":0.0387596899,""SHY"":0.0387596899,""IEF"":0.0387596899,""TLT"":0.0387596899,""TIP"":0.0387596899,""LQD"":0.0387596899,""HYG"":0.0387596899,""GLD"":0.0387596899,""SLV"":0.0387596899,""DBC"":0.0387596899,""VNQ"":0.0387596899,""UUP"":0.0387596899,""BIL"":0.0387596899}","{""SPY"":0.1860465116,""QQQ"":0.0387596899,""IWM"":0.0387596899,""DIA"":0.0387596899,""EFA"":0.0387596899,""EEM"":0.0387596899,""VEA"":0.0387596899,""VWO"":0.0387596899,""AGG"":0.0387596899,""BND"":0.0387596899,""SHY"":0.0387596899,""IEF"":0.0387596899,""TLT"":0.0387596899,""TIP"":0.0387596899,""LQD"":0.0387596899,""HYG"":0.0387596899,""GLD"":0.0387596899,""SLV"":0.0387596899,""DBC"":0.0387596899,""VNQ"":0.0387596899,""UUP"":0.0387596899,""BIL"":0.0387596899}","{""SPY"":0.019047619,""QQQ"":0.019047619,""IWM"":0.019047619,""DIA"":0.019047619,""EFA"":0.019047619,""EEM"":0.019047619,""VEA"":0.019047619,""VWO"":0.019047619,""AGG"":0.019047619,""BND"":0.019047619,""SHY"":0.019047619,""IEF"":0.019047619,""TLT"":0.019047619,""TIP"":0.019047619,""LQD"":0.019047619,""HYG"":0.019047619,""GLD"":0.019047619,""SLV"":0.019047619,""DBC"":0.019047619,""VNQ"":0.019047619,""UUP"":0.019047619,""BIL"":0.6}",0,0.9999999999999998,0.18604651162790697,0.03875968992248062,2.220446049250313e-16,0,0,0.9999999999999994,0.1860465116279069,0.038759689922480606,1,1,1,756f4bcd296737f572a759dc
q1_20260801_011049,model_family_generalization,P2,qwen3.5:4b,P2,,,real_ticker,,2017-03-08,42,10.0,0.6,0.25,01ed3ad5c699d2b1,"You are a DEFENSIVE LOW-VOLATILITY policy profile. Use only the provided feature values. Strongly favor the eligible asset with the lowest `_vol3m` value. Allocate 60.0% of total portfolio weight to that target asset as the language-level policy target. Distribute the remaining weight equally among all other eligible assets. Include every eligible ticker exactly once. Return strictly valid JSON only with a `weights` object whose values are decimals, not percentages.
Hard constraints for the execution layer: long-only weights, weights sum to one, maximum single-asset weight 0.60, and turnover cap 0.25. You propose weights; deterministic projection will enforce final feasibility.

Current Features:
- SPY_r1m: 0.03332910
- SPY_r3m: 0.07671644
- SPY_r12m: 0.21794332
- SPY_vol3m: 0.07049640
- SPY_mdd: -0.01342872
- QQQ_r1m: 0.03902098
- QQQ_r3m: 0.12458562
- QQQ_r12m: 0.26928760
- QQQ_vol3m: 0.07385144
- QQQ_mdd: -0.00532525
- IWM_r1m: 0.00044157
- IWM_r3m: 0.02486317
- IWM_r12m: 0.29872353
- IWM_vol3m: 0.13471107
- IWM_mdd: -0.03177541
- DIA_r1m: 0.04442924
- DIA_r3m: 0.09166292
- DIA_r12m: 0.26008415
- DIA_vol3m: 0.06938009
- DIA_mdd: -0.01142117
- EFA_r1m: 0.01004844
- EFA_r3m: 0.06397011
- EFA_r12m: 0.11564827
- EFA_vol3m: 0.08173701
- EFA_mdd: -0.06940914
- EEM_r1m: 0.00610715
- EEM_r3m: 0.08227145
- EEM_r12m: 0.19914154
- EEM_vol3m: 0.13366759
- EEM_mdd: -0.14554546
- VEA_r1m: 0.00579702
- VEA_r3m: 0.06162481
- VEA_r12m: 0.12642002
- VEA_vol3m: 0.08232636
- VEA_mdd: -0.05129750
- VWO_r1m: 0.01204175
- VWO_r3m: 0.07876991
- VWO_r12m: 0.21014934
- VWO_vol3m: 0.12658692
- VWO_mdd: -0.10861701
- AGG_r1m: -0.00583672
- AGG_r3m: 0.00041809
- AGG_r12m: 0.00352924
- AGG_vol3m: 0.03372477
- AGG_mdd: -0.03609771
- BND_r1m: -0.00609787
- BND_r3m: 0.00011928
- BND_r12m: 0.00334975
- BND_vol3m: 0.03452135
- BND_mdd: -0.03847171
- SHY_r1m: -0.00291140
- SHY_r3m: -0.00099711
- SHY_r12m: 0.00125116
- SHY_vol3m: 0.00945374
- SHY_mdd: -0.00790175
- IEF_r1m: -0.01060656
- IEF_r3m: -0.00592824
- IEF_r12m: -0.03346053
- IEF_vol3m: 0.05301710
- IEF_mdd: -0.07517592
- TLT_r1m: -0.01431017
- TLT_r3m: -0.00752097
- TLT_r12m: -0.07181413
- TLT_vol3m: 0.11236306
- TLT_mdd: -0.16652099
- TIP_r1m: -0.00928947
- TIP_r3m: -0.00053068
- TIP_r12m: 0.01903762
- TIP_vol3m: 0.04248982
- TIP_mdd: -0.04096783
- LQD_r1m: -0.00642347
- LQD_r3m: 0.00558117
- LQD_r12m: 0.04007511
- LQD_vol3m: 0.04753382
- LQD_mdd: -0.04476260
- HYG_r1m: -0.00551270
- HYG_r3m: 0.02347609
- HYG_r12m: 0.13516933
- HYG_vol3m: 0.03922253
- HYG_mdd: -0.01892799
- GLD_r1m: -0.02242990
- GLD_r3m: 0.03155816
- GLD_r12m: -0.04577877
- GLD_vol3m: 0.11087103
- GLD_mdd: -0.37667263
- SLV_r1m: -0.02972652
- SLV_r3m: 0.02770778
- SLV_r12m: 0.11627906
- SLV_vol3m: 0.19805599
- SLV_mdd: -0.65467625
- DBC_r1m: -0.03984823
- DBC_r3m: -0.03188777
- DBC_r12m: 0.14912954
- DBC_vol3m: 0.11438316
- DBC_mdd: -0.52443608
- VNQ_r1m: -0.00931504
- VNQ_r3m: 0.03746160
- VNQ_r12m: 0.08370603
- VNQ_vol3m: 0.13080573
- VNQ_mdd: -0.09134414
- UUP_r1m: 0.02248076
- UUP_r3m: 0.01932000
- UUP_r12m: 0.04641026
- UUP_vol3m: 0.07632795
- UUP_mdd: -0.01198502
- BIL_r1m: -0.00017566
- BIL_r3m: 0.00052486
- BIL_r12m: 0.00164212
- BIL_vol3m: 0.00339720
- BIL_mdd: -0.00246364
- cross_vol: 0.08086019

Assets: SPY, QQQ, IWM, DIA, EFA, EEM, VEA, VWO, AGG, BND, SHY, IEF, TLT, TIP, LQD, HYG, GLD, SLV, DBC, VNQ, UUP, BIL","```json
{
  ""weights"": {
    ""SPY"": 0.6,
    ""QQQ"": 0.125,
    ""IWM"": 0.125,
    ""DIA"": 0.125,
    ""EFA"": 0.125,
    ""EEM"": 0.125,
    ""VEA"": 0.125,
    ""VWO"": 0.125,
    ""AGG"": 0.125,
    ""BND"": 0.125,
    ""SHY"": 0.125,
    ""IEF"": 0.125,
    ""TLT"": 0.125,
    ""TIP"": 0.125,
    ""LQD"": 0.125,
    ""HYG"": 0.125,
    ""GLD"": 0.125,
    ""SLV"": 0.125,
    ""DBC"": 0.125,
    ""VNQ"": 0.125,
    ""UUP"": 0.125,
    ""BIL"": 0.125
  }
}
```",1,0,0,15.016663125017658,427,1,0,0,0,301,8.709109,2329,stop,[],0,0,0,0,BIL,SPY,SPY,0,0,0.6666666666666666,1.1224806201550384,0.5921576061678714,3.7470027081099033e-16,1.0477500027681816e-16,0.28118393234672323,0,"{""SPY"":0.1860465116,""QQQ"":0.0387596899,""IWM"":0.0387596899,""DIA"":0.0387596899,""EFA"":0.0387596899,""EEM"":0.0387596899,""VEA"":0.0387596899,""VWO"":0.0387596899,""AGG"":0.0387596899,""BND"":0.0387596899,""SHY"":0.0387596899,""IEF"":0.0387596899,""TLT"":0.0387596899,""TIP"":0.0387596899,""LQD"":0.0387596899,""HYG"":0.0387596899,""GLD"":0.0387596899,""SLV"":0.0387596899,""DBC"":0.0387596899,""VNQ"":0.0387596899,""UUP"":0.0387596899,""BIL"":0.0387596899}","{""SPY"":0.1860465116,""QQQ"":0.0387596899,""IWM"":0.0387596899,""DIA"":0.0387596899,""EFA"":0.0387596899,""EEM"":0.0387596899,""VEA"":0.0387596899,""VWO"":0.0387596899,""AGG"":0.0387596899,""BND"":0.0387596899,""SHY"":0.0387596899,""IEF"":0.0387596899,""TLT"":0.0387596899,""TIP"":0.0387596899,""LQD"":0.0387596899,""HYG"":0.0387596899,""GLD"":0.0387596899,""SLV"":0.0387596899,""DBC"":0.0387596899,""VNQ"":0.0387596899,""UUP"":0.0387596899,""BIL"":0.0387596899}","{""SPY"":0.019047619,""QQQ"":0.019047619,""IWM"":0.019047619,""DIA"":0.019047619,""EFA"":0.019047619,""EEM"":0.019047619,""VEA"":0.019047619,""VWO"":0.019047619,""AGG"":0.019047619,""BND"":0.019047619,""SHY"":0.019047619,""IEF"":0.019047619,""TLT"":0.019047619,""TIP"":0.019047619,""LQD"":0.019047619,""HYG"":0.019047619,""GLD"":0.019047619,""SLV"":0.019047619,""DBC"":0.019047619,""VNQ"":0.019047619,""UUP"":0.019047619,""BIL"":0.6}",0,0.9999999999999998,0.18604651162790697,0.03875968992248062,2.220446049250313e-16,0,0,0.9999999999999994,0.1860465116279069,0.038759689922480606,1,1,1,945a8d006cb5dd1b2f6bef36
q1_20260801_011049,model_family_generalization,P2,qwen3.5:4b,P2,,,real_ticker,,2018-01-05,42,10.0,0.6,0.25,c6415decaf217d8b,"You are a DEFENSIVE LOW-VOLATILITY policy profile. Use only the provided feature values. Strongly favor the eligible asset with the lowest `_vol3m` value. Allocate 60.0% of total portfolio weight to that target asset as the language-level policy target. Distribute the remaining weight equally among all other eligible assets. Include every eligible ticker exactly once. Return strictly valid JSON only with a `weights` object whose values are decimals, not percentages.
Hard constraints for the execution layer: long-only weights, weights sum to one, maximum single-asset weight 0.60, and turnover cap 0.25. You propose weights; deterministic projection will enforce final feasibility.

Current Features:
- SPY_r1m: 0.04417929
- SPY_r3m: 0.07915503
- SPY_r12m: 0.23116435
- SPY_vol3m: 0.05868879
- SPY_mdd: 0.00000000
- QQQ_r1m: 0.06183277
- QQQ_r3m: 0.10035697
- QQQ_r12m: 0.35183209
- QQQ_vol3m: 0.10697084
- QQQ_mdd: 0.00000000
- IWM_r1m: 0.02946103
- IWM_r3m: 0.03405101
- IWM_r12m: 0.15189093
- IWM_vol3m: 0.09679892
- IWM_mdd: 0.00000000
- DIA_r1m: 0.04664558
- DIA_r3m: 0.11626610
- DIA_r12m: 0.30032631
- DIA_vol3m: 0.06232716
- DIA_mdd: 0.00000000
- EFA_r1m: 0.05310852
- EFA_r3m: 0.06771771
- EFA_r12m: 0.25402630
- EFA_vol3m: 0.06627542
- EFA_mdd: 0.00000000
- EEM_r1m: 0.08659156
- EEM_r3m: 0.08753922
- EEM_r12m: 0.38835277
- EEM_vol3m: 0.12605615
- EEM_mdd: 0.00000000
- VEA_r1m: 0.05475824
- VEA_r3m: 0.07371010
- VEA_r12m: 0.26585167
- VEA_vol3m: 0.06651868
- VEA_mdd: 0.00000000
- VWO_r1m: 0.08967606
- VWO_r3m: 0.07964519
- VWO_r12m: 0.32981968
- VWO_vol3m: 0.11620385
- VWO_mdd: 0.00000000
- AGG_r1m: -0.00168321
- AGG_r3m: 0.00087501
- AGG_r12m: 0.02717255
- AGG_vol3m: 0.02348980
- AGG_mdd: -0.00729761
- BND_r1m: -0.00243293
- BND_r3m: 0.00088849
- BND_r12m: 0.02992311
- BND_vol3m: 0.02377469
- BND_mdd: -0.00833827
- SHY_r1m: -0.00054858
- SHY_r3m: -0.00402260
- SHY_r12m: 0.00167153
- SHY_vol3m: 0.00628280
- SHY_mdd: -0.00716208
- IEF_r1m: -0.00609315
- IEF_r3m: -0.00576775
- IEF_r12m: 0.01419193
- IEF_vol3m: 0.03399461
- IEF_mdd: -0.05109347
- TLT_r1m: -0.00993497
- TLT_r3m: 0.02065846
- TLT_r12m: 0.05665001
- TLT_vol3m: 0.09730552
- TLT_mdd: -0.09161539
- TIP_r1m: 0.00270342
- TIP_r3m: 0.01174256
- TIP_r12m: 0.02099206
- TIP_vol3m: 0.02835731
- TIP_mdd: -0.01330013
- LQD_r1m: 0.00004459
- LQD_r3m: 0.00613208
- LQD_r12m: 0.05448026
- LQD_vol3m: 0.03805262
- LQD_mdd: -0.00551130
- HYG_r1m: 0.01186418
- HYG_r3m: 0.00621513
- HYG_r12m: 0.06078966
- HYG_vol3m: 0.03349994
- HYG_mdd: 0.00000000
- GLD_r1m: 0.04163898
- GLD_r3m: 0.03991043
- GLD_r12m: 0.11325280
- GLD_vol3m: 0.08823770
- GLD_mdd: -0.32103579
- SLV_r1m: 0.06500327
- SLV_r3m: 0.03377946
- SLV_r12m: 0.02918776
- SLV_vol3m: 0.15591118
- SLV_mdd: -0.65679222
- DBC_r1m: 0.03788810
- DBC_r3m: 0.08015507
- DBC_r12m: 0.05425862
- DBC_vol3m: 0.10863793
- DBC_mdd: -0.47650380
- VNQ_r1m: -0.01394883
- VNQ_r3m: -0.01512844
- VNQ_r12m: 0.00331687
- VNQ_vol3m: 0.09331326
- VNQ_mdd: -0.06172277
- UUP_r1m: -0.01265642
- UUP_r3m: -0.01751023
- UUP_r12m: -0.08533268
- UUP_vol3m: 0.05170730
- UUP_mdd: -0.10177618
- BIL_r1m: 0.00089756
- BIL_r3m: 0.00238621
- BIL_r12m: 0.00711161
- BIL_vol3m: 0.00260695
- BIL_mdd: 0.00000000
- cross_vol: 0.06750052

Assets: SPY, QQQ, IWM, DIA, EFA, EEM, VEA, VWO, AGG, BND, SHY, IEF, TLT, TIP, LQD, HYG, GLD, SLV, DBC, VNQ, UUP, BIL","```json
{
  ""weights"": {
    ""SPY"": 0.6,
    ""QQQ"": 0.125,
    ""IWM"": 0.125,
    ""DIA"": 0.125,
    ""EFA"": 0.125,
    ""EEM"": 0.125,
    ""VEA"": 0.125,
    ""VWO"": 0.125,
    ""AGG"": 0.125,
    ""BND"": 0.125,
    ""SHY"": 0.125,
    ""IEF"": 0.125,
    ""TLT"": 0.125,
    ""TIP"": 0.125,
    ""LQD"": 0.125,
    ""HYG"": 0.125,
    ""GLD"": 0.125,
    ""SLV"": 0.125,
    ""DBC"": 0.125,
    ""VNQ"": 0.125,
    ""UUP"": 0.125,
    ""BIL"": 0.125
  }
}
```",1,0,0,14.565624790964648,427,1,0,0,0,301,8.505808999,2329,stop,[],0,0,0,0,BIL,SPY,SPY,0,0,0.6666666666666666,1.1224806201550384,0.5921576061678714,3.7470027081099033e-16,1.0477500027681816e-16,0.28118393234672323,0,"{""SPY"":0.1860465116,""QQQ"":0.0387596899,""IWM"":0.0387596899,""DIA"":0.0387596899,""EFA"":0.0387596899,""EEM"":0.0387596899,""VEA"":0.0387596899,""VWO"":0.0387596899,""AGG"":0.0387596899,""BND"":0.0387596899,""SHY"":0.0387596899,""IEF"":0.0387596899,""TLT"":0.0387596899,""TIP"":0.0387596899,""LQD"":0.0387596899,""HYG"":0.0387596899,""GLD"":0.0387596899,""SLV"":0.0387596899,""DBC"":0.0387596899,""VNQ"":0.0387596899,""UUP"":0.0387596899,""BIL"":0.0387596899}","{""SPY"":0.1860465116,""QQQ"":0.0387596899,""IWM"":0.0387596899,""DIA"":0.0387596899,""EFA"":0.0387596899,""EEM"":0.0387596899,""VEA"":0.0387596899,""VWO"":0.0387596899,""AGG"":0.0387596899,""BND"":0.0387596899,""SHY"":0.0387596899,""IEF"":0.0387596899,""TLT"":0.0387596899,""TIP"":0.0387596899,""LQD"":0.0387596899,""HYG"":0.0387596899,""GLD"":0.0387596899,""SLV"":0.0387596899,""DBC"":0.0387596899,""VNQ"":0.0387596899,""UUP"":0.0387596899,""BIL"":0.0387596899}","{""SPY"":0.019047619,""QQQ"":0.019047619,""IWM"":0.019047619,""DIA"":0.019047619,""EFA"":0.019047619,""EEM"":0.019047619,""VEA"":0.019047619,""VWO"":0.019047619,""AGG"":0.019047619,""BND"":0.019047619,""SHY"":0.019047619,""IEF"":0.019047619,""TLT"":0.019047619,""TIP"":0.019047619,""LQD"":0.019047619,""HYG"":0.019047619,""GLD"":0.019047619,""SLV"":0.019047619,""DBC"":0.019047619,""VNQ"":0.019047619,""UUP"":0.019047619,""BIL"":0.6}",0,0.9999999999999998,0.18604651162790697,0.03875968992248062,2.220446049250313e-16,0,0,0.9999999999999994,0.1860465116279069,0.038759689922480606,1,1,1,15419dfd091bfee3e0982518
q1_20260801_011049,model_family_generalization,P2,qwen3.5:4b,P2,,,real_ticker,,2019-05-09,42,10.0,0.6,0.25,34d1e51cc5db796b,"You are a DEFENSIVE LOW-VOLATILITY policy profile. Use only the provided feature values. Strongly favor the eligible asset with the lowest `_vol3m` value. Allocate 60.0% of total portfolio weight to that target asset as the language-level policy target. Distribute the remaining weight equally among all other eligible assets. Include every eligible ticker exactly once. Return strictly valid JSON only with a `weights` object whose values are decimals, not percentages.
Hard constraints for the execution layer: long-only weights, weights sum to one, maximum single-asset weight 0.60, and turnover cap 0.25. You propose weights; deterministic projection will enforce final feasibility.

Current Features:
- SPY_r1m: -0.00226275
- SPY_r3m: 0.06582756
- SPY_r12m: 0.09478944
- SPY_vol3m: 0.09580870
- SPY_mdd: -0.02506550
- QQQ_r1m: 0.00157196
- QQQ_r3m: 0.10031644
- QQQ_r12m: 0.12222501
- QQQ_vol3m: 0.11510087
- QQQ_mdd: -0.03317471
- IWM_r1m: 0.00637918
- IWM_r3m: 0.04620456
- IWM_r12m: 0.00182457
- IWM_vol3m: 0.15063857
- IWM_mdd: -0.08942642
- DIA_r1m: -0.01114855
- DIA_r3m: 0.03157495
- DIA_r12m: 0.08486647
- DIA_vol3m: 0.09881017
- DIA_mdd: -0.03017095
- EFA_r1m: -0.01548506
- EFA_r3m: 0.04226925
- EFA_r12m: -0.05779312
- EFA_vol3m: 0.09836946
- EFA_mdd: -0.11163368
- EEM_r1m: -0.05822597
- EEM_r3m: -0.01580192
- EEM_r12m: -0.08156832
- EEM_vol3m: 0.14831093
- EEM_mdd: -0.18138269
- VEA_r1m: -0.01925851
- VEA_r3m: 0.03477293
- VEA_r12m: -0.06538724
- VEA_vol3m: 0.09928218
- VEA_mdd: -0.11909024
- VWO_r1m: -0.05507291
- VWO_r3m: 0.00707782
- VWO_r12m: -0.06262578
- VWO_vol3m: 0.14810608
- VWO_mdd: -0.16526100
- AGG_r1m: 0.00471187
- AGG_r3m: 0.02190375
- AGG_r12m: 0.05988381
- AGG_vol3m: 0.02656927
- AGG_mdd: 0.00000000
- BND_r1m: 0.00502073
- BND_r3m: 0.02210543
- BND_r12m: 0.06044256
- BND_vol3m: 0.02704355
- BND_mdd: 0.00000000
- SHY_r1m: 0.00341133
- SHY_r3m: 0.00951010
- SHY_r12m: 0.03033306
- SHY_vol3m: 0.00900614
- SHY_mdd: 0.00000000
- IEF_r1m: 0.00617405
- IEF_r3m: 0.02254297
- IEF_r12m: 0.07266997
- IEF_vol3m: 0.04312103
- IEF_mdd: -0.01158189
- TLT_r1m: 0.00969710
- TLT_r3m: 0.03195522
- TLT_r12m: 0.08137050
- TLT_vol3m: 0.09062296
- TLT_mdd: -0.06470077
- TIP_r1m: 0.00386182
- TIP_r3m: 0.02118114
- TIP_r12m: 0.02984121
- TIP_vol3m: 0.03277262
- TIP_mdd: -0.00348235
- LQD_r1m: 0.00431460
- LQD_r3m: 0.03283651
- LQD_r12m: 0.07642514
- LQD_vol3m: 0.03862540
- LQD_mdd: -0.00416418
- HYG_r1m: 0.00038877
- HYG_r3m: 0.02725938
- HYG_r12m: 0.06306885
- HYG_vol3m: 0.03112624
- HYG_mdd: -0.00715827
- GLD_r1m: -0.01583439
- GLD_r3m: -0.02052692
- GLD_r12m: -0.02720924
- GLD_vol3m: 0.09454293
- GLD_mdd: -0.34340972
- SLV_r1m: -0.03151259
- SLV_r3m: -0.06364255
- SLV_r12m: -0.10831723
- SLV_vol3m: 0.14470178
- SLV_mdd: -0.70736351
- DBC_r1m: -0.03333334
- DBC_r3m: 0.01228170
- DBC_r12m: -0.10527903
- DBC_vol3m: 0.09239528
- DBC_mdd: -0.50302616
- VNQ_r1m: -0.01093327
- VNQ_r3m: 0.02894010
- VNQ_r12m: 0.15783378
- VNQ_vol3m: 0.11374941
- VNQ_mdd: -0.02396400
- UUP_r1m: 0.00692847
- UUP_r3m: 0.01829493
- UUP_r12m: 0.08056124
- UUP_vol3m: 0.04548472
- UUP_mdd: -0.00875474
- BIL_r1m: 0.00190321
- BIL_r3m: 0.00569870
- BIL_r12m: 0.02028811
- BIL_vol3m: 0.00170460
- BIL_mdd: 0.00000000
- cross_vol: 0.07935877

Assets: SPY, QQQ, IWM, DIA, EFA, EEM, VEA, VWO, AGG, BND, SHY, IEF, TLT, TIP, LQD, HYG, GLD, SLV, DBC, VNQ, UUP, BIL","```json
{
  ""weights"": {
    ""SPY"": 0.6,
    ""QQQ"": 0.125,
    ""IWM"": 0.125,
    ""DIA"": 0.125,
    ""EFA"": 0.125,
    ""EEM"": 0.125,
    ""VEA"": 0.125,
    ""VWO"": 0.125,
    ""AGG"": 0.125,
    ""BND"": 0.125,
    ""SHY"": 0.125,
    ""IEF"": 0.125,
    ""TLT"": 0.125,
    ""TIP"": 0.125,
    ""LQD"": 0.125,
    ""HYG"": 0.125,
    ""GLD"": 0.125,
    ""SLV"": 0.125,
    ""DBC"": 0.125,
    ""VNQ"": 0.125,
    ""UUP"": 0.125,
    ""BIL"": 0.125
  }
}
```",1,0,0,14.682218542089686,427,1,0,0,0,301,8.562436,2329,stop,[],0,0,0,0,BIL,SPY,SPY,0,0,0.6666666666666666,1.1224806201550384,0.5921576061678714,3.7470027081099033e-16,1.0477500027681816e-16,0.28118393234672323,0,"{""SPY"":0.1860465116,""QQQ"":0.0387596899,""IWM"":0.0387596899,""DIA"":0.0387596899,""EFA"":0.0387596899,""EEM"":0.0387596899,""VEA"":0.0387596899,""VWO"":0.0387596899,""AGG"":0.0387596899,""BND"":0.0387596899,""SHY"":0.0387596899,""IEF"":0.0387596899,""TLT"":0.0387596899,""TIP"":0.0387596899,""LQD"":0.0387596899,""HYG"":0.0387596899,""GLD"":0.0387596899,""SLV"":0.0387596899,""DBC"":0.0387596899,""VNQ"":0.0387596899,""UUP"":0.0387596899,""BIL"":0.0387596899}","{""SPY"":0.1860465116,""QQQ"":0.0387596899,""IWM"":0.0387596899,""DIA"":0.0387596899,""EFA"":0.0387596899,""EEM"":0.0387596899,""VEA"":0.0387596899,""VWO"":0.0387596899,""AGG"":0.0387596899,""BND"":0.0387596899,""SHY"":0.0387596899,""IEF"":0.0387596899,""TLT"":0.0387596899,""TIP"":0.0387596899,""LQD"":0.0387596899,""HYG"":0.0387596899,""GLD"":0.0387596899,""SLV"":0.0387596899,""DBC"":0.0387596899,""VNQ"":0.0387596899,""UUP"":0.0387596899,""BIL"":0.0387596899}","{""SPY"":0.019047619,""QQQ"":0.019047619,""IWM"":0.019047619,""DIA"":0.019047619,""EFA"":0.019047619,""EEM"":0.019047619,""VEA"":0.019047619,""VWO"":0.019047619,""AGG"":0.019047619,""BND"":0.019047619,""SHY"":0.019047619,""IEF"":0.019047619,""TLT"":0.019047619,""TIP"":0.019047619,""LQD"":0.019047619,""HYG"":0.019047619,""GLD"":0.019047619,""SLV"":0.019047619,""DBC"":0.019047619,""VNQ"":0.019047619,""UUP"":0.019047619,""BIL"":0.6}",0,0.9999999999999998,0.18604651162790697,0.03875968992248062,2.220446049250313e-16,0,0,0.9999999999999994,0.1860465116279069,0.038759689922480606,1,1,1,8a79e5928587ac914a1c2e4c
q1_20260801_011049,model_family_generalization,P2,qwen3.5:4b,P2,,,real_ticker,,2019-09-09,42,10.0,0.6,0.25,2172b52272ffd4c7,"You are a DEFENSIVE LOW-VOLATILITY policy profile. Use only the provided feature values. Strongly favor the eligible asset with the lowest `_vol3m` value. Allocate 60.0% of total portfolio weight to that target asset as the language-level policy target. Distribute the remaining weight equally among all other eligible assets. Include every eligible ticker exactly once. Return strictly valid JSON only with a `weights` object whose values are decimals, not percentages.
Hard constraints for the execution layer: long-only weights, weights sum to one, maximum single-asset weight 0.60, and turnover cap 0.25. You propose weights; deterministic projection will enforce final feasibility.

Current Features:
- SPY_r1m: 0.01559880
- SPY_r3m: 0.03696073
- SPY_r12m: 0.05531090
- SPY_vol3m: 0.15245726
- SPY_mdd: -0.01261500
- QQQ_r1m: 0.01556362
- QQQ_r3m: 0.04620675
- QQQ_r12m: 0.06076174
- QQQ_vol3m: 0.18544344
- QQQ_mdd: -0.02099420
- IWM_r1m: -0.00413043
- IWM_r3m: 0.00458309
- IWM_r12m: -0.09880829
- IWM_vol3m: 0.18791580
- IWM_mdd: -0.11125683
- DIA_r1m: 0.02036345
- DIA_r3m: 0.03594730
- DIA_r12m: 0.05589472
- DIA_vol3m: 0.14781233
- DIA_mdd: -0.01414706
- EFA_r1m: 0.02114214
- EFA_r3m: 0.00572255
- EFA_r12m: 0.01314462
- EFA_vol3m: 0.12316525
- EFA_mdd: -0.09428820
- EEM_r1m: 0.02730921
- EEM_r3m: 0.00205505
- EEM_r12m: 0.01345468
- EEM_vol3m: 0.17022429
- EEM_mdd: -0.18205928
- VEA_r1m: 0.01990553
- VEA_r3m: 0.00451626
- VEA_r12m: -0.00005764
- VEA_vol3m: 0.12376255
- VEA_mdd: -0.10381702
- VWO_r1m: 0.02247468
- VWO_r3m: 0.01055302
- VWO_r12m: 0.04678236
- VWO_vol3m: 0.16334524
- VWO_mdd: -0.15849175
- AGG_r1m: 0.00586412
- AGG_r3m: 0.03388051
- AGG_r12m: 0.09921356
- AGG_vol3m: 0.03621172
- AGG_mdd: -0.00745366
- BND_r1m: 0.00578809
- BND_r3m: 0.03447275
- BND_r12m: 0.09761675
- BND_vol3m: 0.03713430
- BND_mdd: -0.00857290
- SHY_r1m: 0.00089315
- SHY_r3m: 0.00903842
- SHY_r12m: 0.04096814
- SHY_vol3m: 0.01513513
- SHY_mdd: -0.00317307
- IEF_r1m: 0.00523716
- IEF_r3m: 0.04228128
- IEF_r12m: 0.12711646
- IEF_vol3m: 0.05660929
- IEF_mdd: -0.01356704
- TLT_r1m: 0.02225703
- TLT_r3m: 0.10360744
- TLT_r12m: 0.22295633
- TLT_vol3m: 0.13706245
- TLT_mdd: -0.02940985
- TIP_r1m: 0.00093007
- TIP_r3m: 0.02756328
- TIP_r12m: 0.06629759
- TIP_vol3m: 0.04140446
- TIP_mdd: -0.01127424
- LQD_r1m: 0.00938582
- LQD_r3m: 0.05861432
- LQD_r12m: 0.14511201
- LQD_vol3m: 0.05678998
- LQD_mdd: -0.01242885
- HYG_r1m: 0.01427495
- HYG_r3m: 0.02476574
- HYG_r12m: 0.07303114
- HYG_vol3m: 0.05119133
- HYG_mdd: 0.00000000
- GLD_r1m: -0.00239890
- GLD_r3m: 0.12814168
- GLD_r12m: 0.24528799
- GLD_vol3m: 0.16104264
- GLD_mdd: -0.23403217
- SLV_r1m: 0.05915667
- SLV_r3m: 0.22133529
- SLV_r12m: 0.26446276
- SLV_vol3m: 0.23505377
- SLV_mdd: -0.64388488
- DBC_r1m: 0.02968962
- DBC_r3m: 0.00859223
- DBC_r12m: -0.09653945
- DBC_vol3m: 0.15370854
- DBC_mdd: -0.51572025
- VNQ_r1m: 0.02242731
- VNQ_r3m: 0.05820342
- VNQ_r12m: 0.15837078
- VNQ_vol3m: 0.13541878
- VNQ_mdd: -0.00979545
- UUP_r1m: 0.00906017
- UUP_r3m: 0.02531646
- UUP_r12m: 0.07169649
- UUP_vol3m: 0.04901403
- UUP_mdd: -0.00742661
- BIL_r1m: 0.00139906
- BIL_r3m: 0.00501565
- BIL_r12m: 0.02182610
- BIL_vol3m: 0.00216312
- BIL_mdd: 0.00000000
- cross_vol: 0.11009389

Assets: SPY, QQQ, IWM, DIA, EFA, EEM, VEA, VWO, AGG, BND, SHY, IEF, TLT, TIP, LQD, HYG, GLD, SLV, DBC, VNQ, UUP, BIL","```json
{
  ""weights"": {
    ""SPY"": 0.6,
    ""QQQ"": 0.125,
    ""IWM"": 0.125,
    ""DIA"": 0.125,
    ""EFA"": 0.125,
    ""EEM"": 0.125,
    ""VEA"": 0.125,
    ""VWO"": 0.125,
    ""AGG"": 0.125,
    ""BND"": 0.125,
    ""SHY"": 0.125,
    ""IEF"": 0.125,
    ""TLT"": 0.125,
    ""TIP"": 0.125,
    ""LQD"": 0.125,
    ""HYG"": 0.125,
    ""GLD"": 0.125,
    ""SLV"": 0.125,
    ""DBC"": 0.125,
    ""VNQ"": 0.125,
    ""UUP"": 0.125,
    ""BIL"": 0.125
  }
}
```",1,0,0,14.87464787485078,427,1,0,0,0,301,8.696592,2329,stop,[],0,0,0,0,BIL,SPY,SPY,0,0,0.6666666666666666,1.1224806201550384,0.5921576061678714,3.7470027081099033e-16,1.0477500027681816e-16,0.28118393234672323,0,"{""SPY"":0.1860465116,""QQQ"":0.0387596899,""IWM"":0.0387596899,""DIA"":0.0387596899,""EFA"":0.0387596899,""EEM"":0.0387596899,""VEA"":0.0387596899,""VWO"":0.0387596899,""AGG"":0.0387596899,""BND"":0.0387596899,""SHY"":0.0387596899,""IEF"":0.0387596899,""TLT"":0.0387596899,""TIP"":0.0387596899,""LQD"":0.0387596899,""HYG"":0.0387596899,""GLD"":0.0387596899,""SLV"":0.0387596899,""DBC"":0.0387596899,""VNQ"":0.0387596899,""UUP"":0.0387596899,""BIL"":0.0387596899}","{""SPY"":0.1860465116,""QQQ"":0.0387596899,""IWM"":0.0387596899,""DIA"":0.0387596899,""EFA"":0.0387596899,""EEM"":0.0387596899,""VEA"":0.0387596899,""VWO"":0.0387596899,""AGG"":0.0387596899,""BND"":0.0387596899,""SHY"":0.0387596899,""IEF"":0.0387596899,""TLT"":0.0387596899,""TIP"":0.0387596899,""LQD"":0.0387596899,""HYG"":0.0387596899,""GLD"":0.0387596899,""SLV"":0.0387596899,""DBC"":0.0387596899,""VNQ"":0.0387596899,""UUP"":0.0387596899,""BIL"":0.0387596899}","{""SPY"":0.019047619,""QQQ"":0.019047619,""IWM"":0.019047619,""DIA"":0.019047619,""EFA"":0.019047619,""EEM"":0.019047619,""VEA"":0.019047619,""VWO"":0.019047619,""AGG"":0.019047619,""BND"":0.019047619,""SHY"":0.019047619,""IEF"":0.019047619,""TLT"":0.019047619,""TIP"":0.019047619,""LQD"":0.019047619,""HYG"":0.019047619,""GLD"":0.019047619,""SLV"":0.019047619,""DBC"":0.019047619,""VNQ"":0.019047619,""UUP"":0.019047619,""BIL"":0.6}",0,0.9999999999999998,0.18604651162790697,0.03875968992248062,2.220446049250313e-16,0,0,0.9999999999999994,0.1860465116279069,0.038759689922480606,1,1,1,3b3570d2003dff98ebcedcda
q1_20260801_011049,model_family_generalization,P2,qwen3.5:4b,P2,,,real_ticker,,2020-09-08,42,10.0,0.6,0.25,51caa23da6c5a2eb,"You are a DEFENSIVE LOW-VOLATILITY policy profile. Use only the provided feature values. Strongly favor the eligible asset with the lowest `_vol3m` value. Allocate 60.0% of total portfolio weight to that target asset as the language-level policy target. Distribute the remaining weight equally among all other eligible assets. Include every eligible ticker exactly once. Return strictly valid JSON only with a `weights` object whose values are decimals, not percentages.
Hard constraints for the execution layer: long-only weights, weights sum to one, maximum single-asset weight 0.60, and turnover cap 0.25. You propose weights; deterministic projection will enforce final feasibility.

Current Features:
- SPY_r1m: -0.00406501
- SPY_r3m: 0.04328779
- SPY_r12m: 0.13971018
- SPY_vol3m: 0.20520504
- SPY_mdd: -0.06846520
- QQQ_r1m: -0.00559922
- QQQ_r3m: 0.11146477
- QQQ_r12m: 0.42335305
- QQQ_vol3m: 0.26403538
- QQQ_mdd: -0.10836969
- IWM_r1m: -0.04040481
- IWM_r3m: 0.00071060
- IWM_r12m: 0.00081970
- IWM_vol3m: 0.28068665
- IWM_mdd: -0.11052834
- DIA_r1m: 0.00509787
- DIA_r3m: 0.01337278
- DIA_r12m: 0.04793963
- DIA_vol3m: 0.22570523
- DIA_mdd: -0.05542039
- EFA_r1m: 0.00157158
- EFA_r3m: 0.01292397
- EFA_r12m: 0.00993209
- EFA_vol3m: 0.19770643
- EFA_mdd: -0.08529258
- EEM_r1m: -0.00683839
- EEM_r3m: 0.07172398
- EEM_r12m: 0.08165509
- EEM_vol3m: 0.22189815
- EEM_mdd: -0.11527026
- VEA_r1m: 0.00219724
- VEA_r3m: 0.02329228
- VEA_r12m: 0.02803228
- VEA_vol3m: 0.19482345
- VEA_mdd: -0.07869497
- VWO_r1m: -0.00391327
- VWO_r3m: 0.07643231
- VWO_r12m: 0.07836677
- VWO_vol3m: 0.22059811
- VWO_mdd: -0.09254547
- AGG_r1m: -0.00841405
- AGG_r3m: 0.01429156
- AGG_r12m: 0.06969416
- AGG_vol3m: 0.02612786
- AGG_mdd: -0.01007155
- BND_r1m: -0.00969902
- BND_r3m: 0.01547233
- BND_r12m: 0.07246418
- BND_vol3m: 0.02784548
- BND_mdd: -0.01080567
- SHY_r1m: -0.00047408
- SHY_r3m: 0.00138659
- SHY_r12m: 0.03427634
- SHY_vol3m: 0.00363679
- SHY_mdd: -0.00081970
- IEF_r1m: -0.00580908
- IEF_r3m: 0.01410812
- IEF_r12m: 0.09544497
- IEF_vol3m: 0.03454413
- IEF_mdd: -0.01009069
- TLT_r1m: -0.03505451
- TLT_r3m: 0.03665568
- TLT_r12m: 0.16348307
- TLT_vol3m: 0.12845816
- TLT_mdd: -0.04456007
- TIP_r1m: 0.00174338
- TIP_r3m: 0.04290780
- TIP_r12m: 0.09241353
- TIP_vol3m: 0.03463938
- TIP_mdd: -0.00558643
- LQD_r1m: -0.02439783
- LQD_r3m: 0.02686337
- LQD_r12m: 0.09467231
- LQD_vol3m: 0.06910272
- LQD_mdd: -0.02713238
- HYG_r1m: -0.00953089
- HYG_r3m: 0.01375316
- HYG_r12m: 0.01262807
- HYG_vol3m: 0.08909565
- HYG_mdd: -0.02055090
- GLD_r1m: -0.04989259
- GLD_r3m: 0.12420935
- GLD_r12m: 0.28219813
- GLD_vol3m: 0.18964211
- GLD_mdd: -0.06498533
- SLV_r1m: -0.05498284
- SLV_r3m: 0.50730815
- SLV_r12m: 0.47058824
- SLV_vol3m: 0.55145241
- SLV_mdd: -0.47630129
- DBC_r1m: -0.02657555
- DBC_r3m: 0.04397402
- DBC_r12m: -0.14643738
- DBC_vol3m: 0.16081489
- DBC_mdd: -0.58663691
- VNQ_r1m: -0.01808427
- VNQ_r3m: -0.04275215
- VNQ_r12m: -0.09796688
- VNQ_vol3m: 0.24481293
- VNQ_mdd: -0.17305706
- UUP_r1m: -0.00039628
- UUP_r3m: -0.03223315
- UUP_r12m: -0.03760204
- UUP_vol3m: 0.06097549
- UUP_mdd: -0.10217167
- BIL_r1m: 0.00000000
- BIL_r3m: 0.00010953
- BIL_r12m: 0.00932154
- BIL_vol3m: 0.00130517
- BIL_mdd: -0.00058917
- cross_vol: 0.15605053

Assets: SPY, QQQ, IWM, DIA, EFA, EEM, VEA, VWO, AGG, BND, SHY, IEF, TLT, TIP, LQD, HYG, GLD, SLV, DBC, VNQ, UUP, BIL","```json
{
  ""weights"": {
    ""SPY"": 0.6,
    ""QQQ"": 0.125,
    ""IWM"": 0.125,
    ""DIA"": 0.125,
    ""EFA"": 0.125,
    ""EEM"": 0.125,
    ""VEA"": 0.125,
    ""VWO"": 0.125,
    ""AGG"": 0.125,
    ""BND"": 0.125,
    ""SHY"": 0.125,
    ""IEF"": 0.125,
    ""TLT"": 0.125,
    ""TIP"": 0.125,
    ""LQD"": 0.125,
    ""HYG"": 0.125,
    ""GLD"": 0.125,
    ""SLV"": 0.125,
    ""DBC"": 0.125,
    ""VNQ"": 0.125,
    ""UUP"": 0.125,
    ""BIL"": 0.125
  }
}
```",1,0,0,14.69409150001593,427,1,0,0,0,301,8.599897,2329,stop,[],0,0,0,0,BIL,SPY,SPY,0,0,0.6666666666666666,1.1224806201550384,0.5921576061678714,3.7470027081099033e-16,1.0477500027681816e-16,0.28118393234672323,0,"{""SPY"":0.1860465116,""QQQ"":0.0387596899,""IWM"":0.0387596899,""DIA"":0.0387596899,""EFA"":0.0387596899,""EEM"":0.0387596899,""VEA"":0.0387596899,""VWO"":0.0387596899,""AGG"":0.0387596899,""BND"":0.0387596899,""SHY"":0.0387596899,""IEF"":0.0387596899,""TLT"":0.0387596899,""TIP"":0.0387596899,""LQD"":0.0387596899,""HYG"":0.0387596899,""GLD"":0.0387596899,""SLV"":0.0387596899,""DBC"":0.0387596899,""VNQ"":0.0387596899,""UUP"":0.0387596899,""BIL"":0.0387596899}","{""SPY"":0.1860465116,""QQQ"":0.0387596899,""IWM"":0.0387596899,""DIA"":0.0387596899,""EFA"":0.0387596899,""EEM"":0.0387596899,""VEA"":0.0387596899,""VWO"":0.0387596899,""AGG"":0.0387596899,""BND"":0.0387596899,""SHY"":0.0387596899,""IEF"":0.0387596899,""TLT"":0.0387596899,""TIP"":0.0387596899,""LQD"":0.0387596899,""HYG"":0.0387596899,""GLD"":0.0387596899,""SLV"":0.0387596899,""DBC"":0.0387596899,""VNQ"":0.0387596899,""UUP"":0.0387596899,""BIL"":0.0387596899}","{""SPY"":0.019047619,""QQQ"":0.019047619,""IWM"":0.019047619,""DIA"":0.019047619,""EFA"":0.019047619,""EEM"":0.019047619,""VEA"":0.019047619,""VWO"":0.019047619,""AGG"":0.019047619,""BND"":0.019047619,""SHY"":0.019047619,""IEF"":0.019047619,""TLT"":0.019047619,""TIP"":0.019047619,""LQD"":0.019047619,""HYG"":0.019047619,""GLD"":0.019047619,""SLV"":0.019047619,""DBC"":0.019047619,""VNQ"":0.019047619,""UUP"":0.019047619,""BIL"":0.6}",0,0.9999999999999998,0.18604651162790697,0.03875968992248062,2.220446049250313e-16,0,0,0.9999999999999994,0.1860465116279069,0.038759689922480606,1,1,1,d1c01f10718870c68a6b6fb5
q1_20260801_011049,model_family_generalization,P2,qwen3.5:4b,P2,,,real_ticker,,2021-09-08,42,10.0,0.6,0.25,5504ac5aab5e629f,"You are a DEFENSIVE LOW-VOLATILITY policy profile. Use only the provided feature values. Strongly favor the eligible asset with the lowest `_vol3m` value. Allocate 60.0% of total portfolio weight to that target asset as the language-level policy target. Distribute the remaining weight equally among all other eligible assets. Include every eligible ticker exactly once. Return strictly valid JSON only with a `weights` object whose values are decimals, not percentages.
Hard constraints for the execution layer: long-only weights, weights sum to one, maximum single-asset weight 0.60, and turnover cap 0.25. You propose weights; deterministic projection will enforce final feasibility.

Current Features:
- SPY_r1m: 0.01985833
- SPY_r3m: 0.07289284
- SPY_r12m: 0.37338641
- SPY_vol3m: 0.09329927
- SPY_mdd: -0.00503091
- QQQ_r1m: 0.03267948
- QQQ_r3m: 0.13175881
- QQQ_r12m: 0.41654025
- QQQ_vol3m: 0.10118020
- QQQ_mdd: -0.00348065
- IWM_r1m: 0.00792218
- IWM_r3m: -0.03061995
- IWM_r12m: 0.50966423
- IWM_vol3m: 0.18821418
- IWM_mdd: -0.04155746
- DIA_r1m: 0.00055320
- DIA_r3m: 0.02109900
- DIA_r12m: 0.29591187
- DIA_vol3m: 0.10619576
- DIA_mdd: -0.01465518
- EFA_r1m: 0.01507418
- EFA_r3m: 0.01106864
- EFA_r12m: 0.30858368
- EFA_vol3m: 0.11569793
- EFA_mdd: -0.00791411
- EEM_r1m: 0.01036253
- EEM_r3m: -0.04340568
- EEM_r12m: 0.22623900
- EEM_vol3m: 0.16391210
- EEM_mdd: -0.08763750
- VEA_r1m: 0.01263150
- VEA_r3m: 0.00733275
- VEA_r12m: 0.32395589
- VEA_vol3m: 0.11790166
- VEA_mdd: -0.00973250
- VWO_r1m: 0.02118563
- VWO_r3m: -0.03126184
- VWO_r12m: 0.24156469
- VWO_vol3m: 0.16112787
- VWO_mdd: -0.06383959
- AGG_r1m: 0.00274071
- AGG_r3m: 0.01026080
- AGG_r12m: -0.00321528
- AGG_vol3m: 0.03189885
- AGG_mdd: -0.01325445
- BND_r1m: 0.00261083
- BND_r3m: 0.01066155
- BND_r12m: -0.00360139
- BND_vol3m: 0.03398786
- BND_mdd: -0.01436814
- SHY_r1m: 0.00061493
- SHY_r3m: -0.00037073
- SHY_r12m: 0.00031190
- SHY_vol3m: 0.00554247
- SHY_mdd: -0.00089190
- IEF_r1m: 0.00136867
- IEF_r3m: 0.01493862
- IEF_r12m: -0.03251401
- IEF_vol3m: 0.05022075
- IEF_mdd: -0.04227661
- TLT_r1m: 0.00589556
- TLT_r3m: 0.04800597
- TLT_r12m: -0.08327367
- TLT_vol3m: 0.13067823
- TLT_mdd: -0.12412306
- TIP_r1m: 0.00758789
- TIP_r3m: 0.03147579
- TIP_r12m: 0.05903503
- TIP_vol3m: 0.04188241
- TIP_mdd: -0.00210085
- LQD_r1m: 0.00696212
- LQD_r3m: 0.01918118
- LQD_r12m: 0.02161105
- LQD_vol3m: 0.05166187
- LQD_mdd: -0.00965665
- HYG_r1m: 0.01118633
- HYG_r3m: 0.01492004
- HYG_r12m: 0.09259816
- HYG_vol3m: 0.03042406
- HYG_mdd: -0.00147708
- GLD_r1m: 0.03444220
- GLD_r3m: -0.05475196
- GLD_r12m: -0.07722434
- GLD_vol3m: 0.13736721
- GLD_mdd: -0.13719122
- SLV_r1m: 0.01931035
- SLV_r3m: -0.14003105
- SLV_r12m: -0.10424242
- SLV_vol3m: 0.22962251
- SLV_mdd: -0.53089291
- DBC_r1m: 0.02721446
- DBC_r3m: 0.00208224
- DBC_r12m: 0.50156014
- DBC_vol3m: 0.20321494
- DBC_mdd: -0.37931046
- VNQ_r1m: 0.03648695
- VNQ_r3m: 0.05970770
- VNQ_r12m: 0.41321629
- VNQ_vol3m: 0.12674304
- VNQ_mdd: -0.00631069
- UUP_r1m: -0.00360297
- UUP_r3m: 0.02639166
- UUP_r12m: -0.01308490
- UUP_vol3m: 0.05010014
- UUP_mdd: -0.11391967
- BIL_r1m: -0.00021859
- BIL_r3m: -0.00021859
- BIL_r12m: -0.00095050
- BIL_vol3m: 0.00149376
- BIL_mdd: -0.00153911
- cross_vol: 0.09874396

Assets: SPY, QQQ, IWM, DIA, EFA, EEM, VEA, VWO, AGG, BND, SHY, IEF, TLT, TIP, LQD, HYG, GLD, SLV, DBC, VNQ, UUP, BIL","```json
{
  ""weights"": {
    ""SPY"": 0.6,
    ""QQQ"": 0.125,
    ""IWM"": 0.125,
    ""DIA"": 0.125,
    ""EFA"": 0.125,
    ""EEM"": 0.125,
    ""VEA"": 0.125,
    ""VWO"": 0.125,
    ""AGG"": 0.125,
    ""BND"": 0.125,
    ""SHY"": 0.125,
    ""IEF"": 0.125,
    ""TLT"": 0.125,
    ""TIP"": 0.125,
    ""LQD"": 0.125,
    ""HYG"": 0.125,
    ""GLD"": 0.125,
    ""SLV"": 0.125,
    ""DBC"": 0.125,
    ""VNQ"": 0.125,
    ""UUP"": 0.125,
    ""BIL"": 0.125
  }
}
```",1,0,0,14.878726416965947,427,1,0,0,0,301,8.722814,2329,stop,[],0,0,0,0,BIL,SPY,SPY,0,0,0.6666666666666666,1.1224806201550384,0.5921576061678714,3.7470027081099033e-16,1.0477500027681816e-16,0.28118393234672323,0,"{""SPY"":0.1860465116,""QQQ"":0.0387596899,""IWM"":0.0387596899,""DIA"":0.0387596899,""EFA"":0.0387596899,""EEM"":0.0387596899,""VEA"":0.0387596899,""VWO"":0.0387596899,""AGG"":0.0387596899,""BND"":0.0387596899,""SHY"":0.0387596899,""IEF"":0.0387596899,""TLT"":0.0387596899,""TIP"":0.0387596899,""LQD"":0.0387596899,""HYG"":0.0387596899,""GLD"":0.0387596899,""SLV"":0.0387596899,""DBC"":0.0387596899,""VNQ"":0.0387596899,""UUP"":0.0387596899,""BIL"":0.0387596899}","{""SPY"":0.1860465116,""QQQ"":0.0387596899,""IWM"":0.0387596899,""DIA"":0.0387596899,""EFA"":0.0387596899,""EEM"":0.0387596899,""VEA"":0.0387596899,""VWO"":0.0387596899,""AGG"":0.0387596899,""BND"":0.0387596899,""SHY"":0.0387596899,""IEF"":0.0387596899,""TLT"":0.0387596899,""TIP"":0.0387596899,""LQD"":0.0387596899,""HYG"":0.0387596899,""GLD"":0.0387596899,""SLV"":0.0387596899,""DBC"":0.0387596899,""VNQ"":0.0387596899,""UUP"":0.0387596899,""BIL"":0.0387596899}","{""SPY"":0.019047619,""QQQ"":0.019047619,""IWM"":0.019047619,""DIA"":0.019047619,""EFA"":0.019047619,""EEM"":0.019047619,""VEA"":0.019047619,""VWO"":0.019047619,""AGG"":0.019047619,""BND"":0.019047619,""SHY"":0.019047619,""IEF"":0.019047619,""TLT"":0.019047619,""TIP"":0.019047619,""LQD"":0.019047619,""HYG"":0.019047619,""GLD"":0.019047619,""SLV"":0.019047619,""DBC"":0.019047619,""VNQ"":0.019047619,""UUP"":0.019047619,""BIL"":0.6}",0,0.9999999999999998,0.18604651162790697,0.03875968992248062,2.220446049250313e-16,0,0,0.9999999999999994,0.1860465116279069,0.038759689922480606,1,1,1,6bd582b05d1687a68d22a044
q1_20260801_011049,model_family_generalization,P2,qwen3.5:4b,P2,,,real_ticker,,2022-03-09,42,10.0,0.6,0.25,67bfb63175000374,"You are a DEFENSIVE LOW-VOLATILITY policy profile. Use only the provided feature values. Strongly favor the eligible asset with the lowest `_vol3m` value. Allocate 60.0% of total portfolio weight to that target asset as the language-level policy target. Distribute the remaining weight equally among all other eligible assets. Include every eligible ticker exactly once. Return strictly valid JSON only with a `weights` object whose values are decimals, not percentages.
Hard constraints for the execution layer: long-only weights, weights sum to one, maximum single-asset weight 0.60, and turnover cap 0.25. You propose weights; deterministic projection will enforce final feasibility.

Current Features:
- SPY_r1m: -0.04438135
- SPY_r3m: -0.08407032
- SPY_r12m: 0.11172847
- SPY_vol3m: 0.20252318
- SPY_mdd: -0.10529411
- QQQ_r1m: -0.05671154
- QQQ_r3m: -0.15688145
- QQQ_r12m: 0.08274543
- QQQ_vol3m: 0.28963811
- QQQ_mdd: -0.16974819
- IWM_r1m: 0.00461474
- IWM_r3m: -0.10357699
- IWM_r12m: -0.11020515
- IWM_vol3m: 0.26033700
- IWM_mdd: -0.17179913
- DIA_r1m: -0.04843472
- DIA_r3m: -0.06421161
- DIA_r12m: 0.04854007
- DIA_vol3m: 0.16196427
- DIA_mdd: -0.09165628
- EFA_r1m: -0.07821542
- EFA_r3m: -0.09823133
- EFA_r12m: -0.04097428
- EFA_vol3m: 0.20041109
- EFA_mdd: -0.12809642
- EEM_r1m: -0.08752074
- EEM_r3m: -0.10206526
- EEM_r12m: -0.15245857
- EEM_vol3m: 0.20561343
- EEM_mdd: -0.22074747
- VEA_r1m: -0.06680164
- VEA_r3m: -0.08992161
- VEA_r12m: -0.03083520
- VEA_vol3m: 0.19018792
- VEA_mdd: -0.12045210
- VWO_r1m: -0.08104258
- VWO_r3m: -0.08328381
- VWO_r12m: -0.10722423
- VWO_vol3m: 0.19600896
- VWO_mdd: -0.17423364
- AGG_r1m: -0.01328900
- AGG_r3m: -0.04385671
- AGG_r12m: -0.03075102
- AGG_vol3m: 0.05690983
- AGG_mdd: -0.06237999
- BND_r1m: -0.01427066
- BND_r3m: -0.04550562
- BND_r12m: -0.03009691
- BND_vol3m: 0.05783658
- BND_mdd: -0.06479311
- SHY_r1m: -0.00501753
- SHY_r3m: -0.01373547
- SHY_r12m: -0.02057068
- SHY_vol3m: 0.01897780
- SHY_mdd: -0.02190961
- IEF_r1m: -0.00026818
- IEF_r3m: -0.03408016
- IEF_r12m: -0.02315617
- IEF_vol3m: 0.07932245
- IEF_mdd: -0.08497288
- TLT_r1m: -0.01796737
- TLT_r3m: -0.09307900
- TLT_r12m: -0.01033186
- TLT_vol3m: 0.17035555
- TLT_mdd: -0.18611123
- TIP_r1m: 0.03431860
- TIP_r3m: 0.00006570
- TIP_r12m: 0.06604091
- TIP_vol3m: 0.07644227
- TIP_mdd: -0.01013066
- LQD_r1m: -0.03031521
- LQD_r3m: -0.08457962
- LQD_r12m: -0.04382693
- LQD_vol3m: 0.08460734
- LQD_mdd: -0.09633590
- HYG_r1m: -0.01430213
- HYG_r3m: -0.04313311
- HYG_r12m: -0.00917384
- HYG_vol3m: 0.06229552
- HYG_mdd: -0.05087691
- GLD_r1m: 0.09235205
- GLD_r3m: 0.11396205
- GLD_r12m: 0.14944948
- GLD_vol3m: 0.14872077
- GLD_mdd: -0.04162150
- SLV_r1m: 0.11894681
- SLV_r3m: 0.14368092
- SLV_r12m: -0.02138160
- SLV_vol3m: 0.23144544
- SLV_mdd: -0.49640288
- DBC_r1m: 0.12937067
- DBC_r3m: 0.28301893
- DBC_r12m: 0.49883991
- DBC_vol3m: 0.24939108
- DBC_mdd: -0.16682507
- VNQ_r1m: -0.00600748
- VNQ_r3m: -0.05412442
- VNQ_r12m: 0.20409103
- VNQ_vol3m: 0.19104449
- VNQ_mdd: -0.10145679
- UUP_r1m: 0.02660402
- UUP_r3m: 0.01626642
- UUP_r12m: 0.06105939
- UUP_vol3m: 0.06435584
- UUP_mdd: -0.06585990
- BIL_r1m: 0.00035040
- BIL_r3m: 0.00013173
- BIL_r12m: -0.00063330
- BIL_vol3m: 0.00173315
- BIL_mdd: -0.00162611
- cross_vol: 0.14546009

Assets: SPY, QQQ, IWM, DIA, EFA, EEM, VEA, VWO, AGG, BND, SHY, IEF, TLT, TIP, LQD, HYG, GLD, SLV, DBC, VNQ, UUP, BIL","```json
{
  ""weights"": {
    ""SPY"": 0.6,
    ""QQQ"": 0.125,
    ""IWM"": 0.125,
    ""DIA"": 0.125,
    ""EFA"": 0.125,
    ""EEM"": 0.125,
    ""VEA"": 0.125,
    ""VWO"": 0.125,
    ""AGG"": 0.125,
    ""BND"": 0.125,
    ""SHY"": 0.125,
    ""IEF"": 0.125,
    ""TLT"": 0.125,
    ""TIP"": 0.125,
    ""LQD"": 0.125,
    ""HYG"": 0.125,
    ""GLD"": 0.125,
    ""SLV"": 0.125,
    ""DBC"": 0.125,
    ""VNQ"": 0.125,
    ""UUP"": 0.125,
    ""BIL"": 0.125
  }
}
```",1,0,0,15.176946874940768,427,1,0,0,0,301,8.959607,2329,stop,[],0,0,0,0,BIL,SPY,SPY,0,0,0.6666666666666666,1.1224806201550384,0.5921576061678714,3.7470027081099033e-16,1.0477500027681816e-16,0.28118393234672323,0,"{""SPY"":0.1860465116,""QQQ"":0.0387596899,""IWM"":0.0387596899,""DIA"":0.0387596899,""EFA"":0.0387596899,""EEM"":0.0387596899,""VEA"":0.0387596899,""VWO"":0.0387596899,""AGG"":0.0387596899,""BND"":0.0387596899,""SHY"":0.0387596899,""IEF"":0.0387596899,""TLT"":0.0387596899,""TIP"":0.0387596899,""LQD"":0.0387596899,""HYG"":0.0387596899,""GLD"":0.0387596899,""SLV"":0.0387596899,""DBC"":0.0387596899,""VNQ"":0.0387596899,""UUP"":0.0387596899,""BIL"":0.0387596899}","{""SPY"":0.1860465116,""QQQ"":0.0387596899,""IWM"":0.0387596899,""DIA"":0.0387596899,""EFA"":0.0387596899,""EEM"":0.0387596899,""VEA"":0.0387596899,""VWO"":0.0387596899,""AGG"":0.0387596899,""BND"":0.0387596899,""SHY"":0.0387596899,""IEF"":0.0387596899,""TLT"":0.0387596899,""TIP"":0.0387596899,""LQD"":0.0387596899,""HYG"":0.0387596899,""GLD"":0.0387596899,""SLV"":0.0387596899,""DBC"":0.0387596899,""VNQ"":0.0387596899,""UUP"":0.0387596899,""BIL"":0.0387596899}","{""SPY"":0.019047619,""QQQ"":0.019047619,""IWM"":0.019047619,""DIA"":0.019047619,""EFA"":0.019047619,""EEM"":0.019047619,""VEA"":0.019047619,""VWO"":0.019047619,""AGG"":0.019047619,""BND"":0.019047619,""SHY"":0.019047619,""IEF"":0.019047619,""TLT"":0.019047619,""TIP"":0.019047619,""LQD"":0.019047619,""HYG"":0.019047619,""GLD"":0.019047619,""SLV"":0.019047619,""DBC"":0.019047619,""VNQ"":0.019047619,""UUP"":0.019047619,""BIL"":0.6}",0,0.9999999999999998,0.18604651162790697,0.03875968992248062,2.220446049250313e-16,0,0,0.9999999999999994,0.1860465116279069,0.038759689922480606,1,1,1,8575e5d99bab613d903ec080
q1_20260801_011049,model_family_generalization,P2,qwen3.5:4b,P2,,,real_ticker,,2022-09-08,42,10.0,0.6,0.25,b64f5e74796bcfc6,"You are a DEFENSIVE LOW-VOLATILITY policy profile. Use only the provided feature values. Strongly favor the eligible asset with the lowest `_vol3m` value. Allocate 60.0% of total portfolio weight to that target asset as the language-level policy target. Distribute the remaining weight equally among all other eligible assets. Include every eligible ticker exactly once. Return strictly valid JSON only with a `weights` object whose values are decimals, not percentages.
Hard constraints for the execution layer: long-only weights, weights sum to one, maximum single-asset weight 0.60, and turnover cap 0.25. You propose weights; deterministic projection will enforce final feasibility.

Current Features:
- SPY_r1m: -0.02666846
- SPY_r3m: -0.02215497
- SPY_r12m: -0.09943763
- SPY_vol3m: 0.23334002
- SPY_mdd: -0.15564101
- QQQ_r1m: -0.05222654
- QQQ_r3m: -0.02126638
- QQQ_r12m: -0.20639307
- QQQ_vol3m: 0.30062486
- QQQ_mdd: -0.25282572
- IWM_r1m: -0.03407115
- IWM_r3m: -0.01998317
- IWM_r12m: -0.17078583
- IWM_vol3m: 0.26842658
- IWM_mdd: -0.23682050
- DIA_r1m: -0.02761675
- DIA_r3m: -0.02931233
- DIA_r12m: -0.07602468
- DIA_vol3m: 0.19073397
- DIA_mdd: -0.12456137
- EFA_r1m: -0.06048444
- EFA_r3m: -0.10075014
- EFA_r12m: -0.22127537
- EFA_vol3m: 0.20465499
- EFA_mdd: -0.22743829
- EEM_r1m: -0.03828840
- EEM_r3m: -0.09784504
- EEM_r12m: -0.25294165
- EEM_vol3m: 0.18969795
- EEM_mdd: -0.31841198
- VEA_r1m: -0.05829594
- VEA_r3m: -0.10266643
- VEA_r12m: -0.21980589
- VEA_vol3m: 0.20694315
- VEA_mdd: -0.22739913
- VWO_r1m: -0.02174952
- VWO_r3m: -0.07441980
- VWO_r12m: -0.20659713
- VWO_vol3m: 0.18001082
- VWO_mdd: -0.25724764
- AGG_r1m: -0.02872679
- AGG_r3m: -0.01753442
- AGG_r12m: -0.12091750
- AGG_vol3m: 0.08604512
- AGG_mdd: -0.13256925
- BND_r1m: -0.02829506
- BND_r3m: -0.01772059
- BND_r12m: -0.12253615
- BND_vol3m: 0.08549383
- BND_mdd: -0.13514367
- SHY_r1m: -0.00266827
- SHY_r3m: -0.00655956
- SHY_r12m: -0.04090586
- SHY_vol3m: 0.02721211
- SHY_mdd: -0.04176128
- IEF_r1m: -0.03872633
- IEF_r3m: -0.01606834
- IEF_r12m: -0.13535478
- IEF_vol3m: 0.11094741
- IEF_mdd: -0.17190905
- TLT_r1m: -0.08136023
- TLT_r3m: -0.04723831
- TLT_r12m: -0.25580122
- TLT_vol3m: 0.20641409
- TLT_mdd: -0.34817345
- TIP_r1m: -0.02733013
- TIP_r3m: -0.02880464
- TIP_r12m: -0.07503159
- TIP_vol3m: 0.09564492
- TIP_mdd: -0.09339167
- LQD_r1m: -0.04008782
- LQD_r3m: -0.02984174
- LQD_r12m: -0.17641262
- LQD_vol3m: 0.12697523
- LQD_mdd: -0.18469943
- HYG_r1m: -0.02124809
- HYG_r3m: -0.01339855
- HYG_r12m: -0.10065134
- HYG_vol3m: 0.14705605
- HYG_mdd: -0.10604838
- GLD_r1m: -0.04916269
- GLD_r3m: -0.07987037
- GLD_r12m: -0.04967421
- GLD_vol3m: 0.13524207
- GLD_mdd: -0.18005056
- SLV_r1m: -0.10036976
- SLV_r3m: -0.16314495
- SLV_r12m: -0.23184481
- SLV_vol3m: 0.27541544
- SLV_mdd: -0.63965296
- DBC_r1m: -0.02718685
- DBC_r3m: -0.18996065
- DBC_r12m: 0.28259731
- DBC_vol3m: 0.28020090
- DBC_mdd: -0.20390527
- VNQ_r1m: -0.04010535
- VNQ_r3m: -0.01686492
- VNQ_r12m: -0.11625079
- VNQ_vol3m: 0.22627040
- VNQ_mdd: -0.17329785
- UUP_r1m: 0.03411885
- UUP_r3m: 0.07260121
- UUP_r12m: 0.18119728
- UUP_vol3m: 0.08898665
- UUP_mdd: -0.00507611
- BIL_r1m: 0.00206842
- BIL_r3m: 0.00360400
- BIL_r12m: 0.00396624
- BIL_vol3m: 0.00214241
- BIL_mdd: 0.00000000
- cross_vol: 0.16674904

Assets: SPY, QQQ, IWM, DIA, EFA, EEM, VEA, VWO, AGG, BND, SHY, IEF, TLT, TIP, LQD, HYG, GLD, SLV, DBC, VNQ, UUP, BIL","```json
{
  ""weights"": {
    ""SPY"": 0.6,
    ""QQQ"": 0.125,
    ""IWM"": 0.125,
    ""DIA"": 0.125,
    ""EFA"": 0.125,
    ""EEM"": 0.125,
    ""VEA"": 0.125,
    ""VWO"": 0.125,
    ""AGG"": 0.125,
    ""BND"": 0.125,
    ""SHY"": 0.125,
    ""IEF"": 0.125,
    ""TLT"": 0.125,
    ""TIP"": 0.125,
    ""LQD"": 0.125,
    ""HYG"": 0.125,
    ""GLD"": 0.125,
    ""SLV"": 0.125,
    ""DBC"": 0.125,
    ""VNQ"": 0.125,
    ""UUP"": 0.125,
    ""BIL"": 0.125
  }
}
```",1,0,0,14.48244108306244,427,1,0,0,0,301,8.46049,2329,stop,[],0,0,0,0,BIL,SPY,SPY,0,0,0.6666666666666666,1.1224806201550384,0.5921576061678714,3.7470027081099033e-16,1.0477500027681816e-16,0.28118393234672323,0,"{""SPY"":0.1860465116,""QQQ"":0.0387596899,""IWM"":0.0387596899,""DIA"":0.0387596899,""EFA"":0.0387596899,""EEM"":0.0387596899,""VEA"":0.0387596899,""VWO"":0.0387596899,""AGG"":0.0387596899,""BND"":0.0387596899,""SHY"":0.0387596899,""IEF"":0.0387596899,""TLT"":0.0387596899,""TIP"":0.0387596899,""LQD"":0.0387596899,""HYG"":0.0387596899,""GLD"":0.0387596899,""SLV"":0.0387596899,""DBC"":0.0387596899,""VNQ"":0.0387596899,""UUP"":0.0387596899,""BIL"":0.0387596899}","{""SPY"":0.1860465116,""QQQ"":0.0387596899,""IWM"":0.0387596899,""DIA"":0.0387596899,""EFA"":0.0387596899,""EEM"":0.0387596899,""VEA"":0.0387596899,""VWO"":0.0387596899,""AGG"":0.0387596899,""BND"":0.0387596899,""SHY"":0.0387596899,""IEF"":0.0387596899,""TLT"":0.0387596899,""TIP"":0.0387596899,""LQD"":0.0387596899,""HYG"":0.0387596899,""GLD"":0.0387596899,""SLV"":0.0387596899,""DBC"":0.0387596899,""VNQ"":0.0387596899,""UUP"":0.0387596899,""BIL"":0.0387596899}","{""SPY"":0.019047619,""QQQ"":0.019047619,""IWM"":0.019047619,""DIA"":0.019047619,""EFA"":0.019047619,""EEM"":0.019047619,""VEA"":0.019047619,""VWO"":0.019047619,""AGG"":0.019047619,""BND"":0.019047619,""SHY"":0.019047619,""IEF"":0.019047619,""TLT"":0.019047619,""TIP"":0.019047619,""LQD"":0.019047619,""HYG"":0.019047619,""GLD"":0.019047619,""SLV"":0.019047619,""DBC"":0.019047619,""VNQ"":0.019047619,""UUP"":0.019047619,""BIL"":0.6}",0,0.9999999999999998,0.18604651162790697,0.03875968992248062,2.220446049250313e-16,0,0,0.9999999999999994,0.1860465116279069,0.038759689922480606,1,1,1,202bdfeeb340fb84572f6d7b
q1_20260801_011049,model_family_generalization,P2,qwen3.5:4b,P2,,,real_ticker,,2023-07-12,42,10.0,0.6,0.25,cc260207efac7c7b,"You are a DEFENSIVE LOW-VOLATILITY policy profile. Use only the provided feature values. Strongly favor the eligible asset with the lowest `_vol3m` value. Allocate 60.0% of total portfolio weight to that target asset as the language-level policy target. Distribute the remaining weight equally among all other eligible assets. Include every eligible ticker exactly once. Return strictly valid JSON only with a `weights` object whose values are decimals, not percentages.
Hard constraints for the execution layer: long-only weights, weights sum to one, maximum single-asset weight 0.60, and turnover cap 0.25. You propose weights; deterministic projection will enforce final feasibility.

Current Features:
- SPY_r1m: 0.04135081
- SPY_r3m: 0.09264098
- SPY_r12m: 0.17977107
- SPY_vol3m: 0.11872148
- SPY_mdd: -0.04403110
- QQQ_r1m: 0.05312102
- QQQ_r3m: 0.18206464
- QQQ_r12m: 0.29905209
- QQQ_vol3m: 0.16468095
- QQQ_mdd: -0.06645958
- IWM_r1m: 0.03696696
- IWM_r3m: 0.08615429
- IWM_r12m: 0.13335945
- IWM_vol3m: 0.19053999
- IWM_mdd: -0.18989474
- DIA_r1m: 0.01513594
- DIA_r3m: 0.02504857
- DIA_r12m: 0.12469658
- DIA_vol3m: 0.11185929
- DIA_mdd: -0.03789105
- EFA_r1m: 0.02223163
- EFA_r3m: 0.03216652
- EFA_r12m: 0.21859595
- EFA_vol3m: 0.13495043
- EFA_mdd: -0.05160186
- EEM_r1m: 0.02132451
- EEM_r3m: 0.03425605
- EEM_r12m: 0.06751103
- EEM_vol3m: 0.15823575
- EEM_mdd: -0.26122672
- VEA_r1m: 0.02368503
- VEA_r3m: 0.03581551
- VEA_r12m: 0.19963906
- VEA_vol3m: 0.13809538
- VEA_mdd: -0.06897670
- VWO_r1m: 0.02684994
- VWO_r3m: 0.03088665
- VWO_r12m: 0.06763806
- VWO_vol3m: 0.14848979
- VWO_mdd: -0.20642177
- AGG_r1m: 0.00087052
- AGG_r3m: -0.01254278
- AGG_r12m: -0.01093930
- AGG_vol3m: 0.06675379
- AGG_mdd: -0.12908526
- BND_r1m: 0.00143204
- BND_r3m: -0.01287274
- BND_r12m: -0.00904719
- BND_vol3m: 0.06635030
- BND_mdd: -0.13097622
- SHY_r1m: 0.00094352
- SHY_r3m: -0.00373705
- SHY_r12m: 0.00536667
- SHY_vol3m: 0.02492176
- SHY_mdd: -0.03366080
- IEF_r1m: -0.00514100
- IEF_r3m: -0.02561502
- IEF_r12m: -0.03572309
- IEF_vol3m: 0.08664656
- IEF_mdd: -0.18346722
- TLT_r1m: -0.00801569
- TLT_r3m: -0.05020941
- TLT_r12m: -0.09299668
- TLT_vol3m: 0.15435368
- TLT_mdd: -0.37639731
- TIP_r1m: 0.00087570
- TIP_r3m: -0.01830245
- TIP_r12m: -0.01821414
- TIP_vol3m: 0.05888150
- TIP_mdd: -0.10903024
- LQD_r1m: 0.01046408
- LQD_r3m: -0.01087859
- LQD_r12m: 0.00869250
- LQD_vol3m: 0.08487701
- LQD_mdd: -0.16273309
- HYG_r1m: 0.01185569
- HYG_r3m: 0.01825419
- HYG_r12m: 0.06898819
- HYG_vol3m: 0.06143734
- HYG_mdd: -0.06581227
- GLD_r1m: -0.00087886
- GLD_r3m: -0.02362032
- GLD_r12m: 0.12668038
- GLD_vol3m: 0.12121761
- GLD_mdd: -0.06194231
- SLV_r1m: -0.00538845
- SLV_r3m: -0.03862853
- SLV_r12m: 0.25995448
- SLV_vol3m: 0.24265236
- SLV_mdd: -0.53131611
- DBC_r1m: 0.03574576
- DBC_r3m: -0.03216506
- DBC_r12m: -0.09255552
- DBC_vol3m: 0.17046439
- DBC_mdd: -0.23867330
- VNQ_r1m: 0.04884246
- VNQ_r3m: 0.04329015
- VNQ_r12m: -0.02277326
- VNQ_vol3m: 0.17221577
- VNQ_mdd: -0.21684321
- UUP_r1m: -0.02528086
- UUP_r3m: -0.00143887
- UUP_r12m: -0.03099181
- UUP_vol3m: 0.07157771
- UUP_mdd: -0.08691451
- BIL_r1m: 0.00429804
- BIL_r3m: 0.01215781
- BIL_r12m: 0.03703962
- BIL_vol3m: 0.00309620
- BIL_mdd: 0.00000000
- cross_vol: 0.11595541

Assets: SPY, QQQ, IWM, DIA, EFA, EEM, VEA, VWO, AGG, BND, SHY, IEF, TLT, TIP, LQD, HYG, GLD, SLV, DBC, VNQ, UUP, BIL","```json
{
  ""weights"": {
    ""SPY"": 0.6,
    ""QQQ"": 0.125,
    ""IWM"": 0.125,
    ""DIA"": 0.125,
    ""EFA"": 0.125,
    ""EEM"": 0.125,
    ""VEA"": 0.125,
    ""VWO"": 0.125,
    ""AGG"": 0.125,
    ""BND"": 0.125,
    ""SHY"": 0.125,
    ""IEF"": 0.125,
    ""TLT"": 0.125,
    ""TIP"": 0.125,
    ""LQD"": 0.125,
    ""HYG"": 0.125,
    ""GLD"": 0.125,
    ""SLV"": 0.125,
    ""DBC"": 0.125,
    ""VNQ"": 0.125,
    ""UUP"": 0.125,
    ""BIL"": 0.125
  }
}
```",1,0,0,14.459807290928438,427,1,0,0,0,301,8.458719999,2329,stop,[],0,0,0,0,BIL,SPY,SPY,0,0,0.6666666666666666,1.1224806201550384,0.5921576061678714,3.7470027081099033e-16,1.0477500027681816e-16,0.28118393234672323,0,"{""SPY"":0.1860465116,""QQQ"":0.0387596899,""IWM"":0.0387596899,""DIA"":0.0387596899,""EFA"":0.0387596899,""EEM"":0.0387596899,""VEA"":0.0387596899,""VWO"":0.0387596899,""AGG"":0.0387596899,""BND"":0.0387596899,""SHY"":0.0387596899,""IEF"":0.0387596899,""TLT"":0.0387596899,""TIP"":0.0387596899,""LQD"":0.0387596899,""HYG"":0.0387596899,""GLD"":0.0387596899,""SLV"":0.0387596899,""DBC"":0.0387596899,""VNQ"":0.0387596899,""UUP"":0.0387596899,""BIL"":0.0387596899}","{""SPY"":0.1860465116,""QQQ"":0.0387596899,""IWM"":0.0387596899,""DIA"":0.0387596899,""EFA"":0.0387596899,""EEM"":0.0387596899,""VEA"":0.0387596899,""VWO"":0.0387596899,""AGG"":0.0387596899,""BND"":0.0387596899,""SHY"":0.0387596899,""IEF"":0.0387596899,""TLT"":0.0387596899,""TIP"":0.0387596899,""LQD"":0.0387596899,""HYG"":0.0387596899,""GLD"":0.0387596899,""SLV"":0.0387596899,""DBC"":0.0387596899,""VNQ"":0.0387596899,""UUP"":0.0387596899,""BIL"":0.0387596899}","{""SPY"":0.019047619,""QQQ"":0.019047619,""IWM"":0.019047619,""DIA"":0.019047619,""EFA"":0.019047619,""EEM"":0.019047619,""VEA"":0.019047619,""VWO"":0.019047619,""AGG"":0.019047619,""BND"":0.019047619,""SHY"":0.019047619,""IEF"":0.019047619,""TLT"":0.019047619,""TIP"":0.019047619,""LQD"":0.019047619,""HYG"":0.019047619,""GLD"":0.019047619,""SLV"":0.019047619,""DBC"":0.019047619,""VNQ"":0.019047619,""UUP"":0.019047619,""BIL"":0.6}",0,0.9999999999999998,0.18604651162790697,0.03875968992248062,2.220446049250313e-16,0,0,0.9999999999999994,0.1860465116279069,0.038759689922480606,1,1,1,cd54acc455fc32a7403d06d1
q1_20260801_011049,model_family_generalization,P2,qwen3.5:4b,P2,,,real_ticker,,2023-09-11,42,10.0,0.6,0.25,9be47756617f4ad5,"You are a DEFENSIVE LOW-VOLATILITY policy profile. Use only the provided feature values. Strongly favor the eligible asset with the lowest `_vol3m` value. Allocate 60.0% of total portfolio weight to that target asset as the language-level policy target. Distribute the remaining weight equally among all other eligible assets. Include every eligible ticker exactly once. Return strictly valid JSON only with a `weights` object whose values are decimals, not percentages.
Hard constraints for the execution layer: long-only weights, weights sum to one, maximum single-asset weight 0.60, and turnover cap 0.25. You propose weights; deterministic projection will enforce final feasibility.

Current Features:
- SPY_r1m: 0.00569633
- SPY_r3m: 0.04702430
- SPY_r12m: 0.13835137
- SPY_vol3m: 0.10399169
- SPY_mdd: -0.03882279
- QQQ_r1m: 0.02273525
- QQQ_r3m: 0.06484375
- QQQ_r12m: 0.26333584
- QQQ_vol3m: 0.16203598
- QQQ_mdd: -0.05606795
- IWM_r1m: -0.03334747
- IWM_r3m: -0.00362120
- IWM_r12m: 0.01993928
- IWM_vol3m: 0.14702851
- IWM_mdd: -0.22160325
- DIA_r1m: -0.01138382
- DIA_r3m: 0.02848569
- DIA_r12m: 0.11345482
- DIA_vol3m: 0.09105157
- DIA_mdd: -0.02523864
- EFA_r1m: -0.02065541
- EFA_r3m: -0.00559275
- EFA_r12m: 0.19418738
- EFA_vol3m: 0.12952381
- EFA_mdd: -0.07741655
- EEM_r1m: -0.02391032
- EEM_r3m: -0.01680898
- EEM_r12m: 0.04343015
- EEM_vol3m: 0.16142496
- EEM_mdd: -0.28881051
- VEA_r1m: -0.01897350
- VEA_r3m: -0.00411220
- VEA_r12m: 0.17232875
- VEA_vol3m: 0.13068184
- VEA_mdd: -0.09425778
- VWO_r1m: -0.01858558
- VWO_r3m: 0.00052050
- VWO_r12m: 0.04103352
- VWO_vol3m: 0.15156878
- VWO_mdd: -0.22676990
- AGG_r1m: -0.00459023
- AGG_r3m: -0.01562030
- AGG_r12m: -0.01252621
- AGG_vol3m: 0.06471880
- AGG_mdd: -0.14343487
- BND_r1m: -0.00539878
- BND_r3m: -0.01509376
- BND_r12m: -0.01176302
- BND_vol3m: 0.06310314
- BND_mdd: -0.14531700
- SHY_r1m: 0.00105805
- SHY_r3m: 0.00339006
- SHY_r12m: 0.01091840
- SHY_vol3m: 0.01893717
- SHY_mdd: -0.03129884
- IEF_r1m: -0.01100155
- IEF_r3m: -0.02979198
- IEF_r12m: -0.03839012
- IEF_vol3m: 0.07986821
- IEF_mdd: -0.20369957
- TLT_r1m: -0.01693656
- TLT_r3m: -0.07294729
- TLT_r12m: -0.10592170
- TLT_vol3m: 0.15374578
- TLT_mdd: -0.41721603
- TIP_r1m: -0.00253188
- TIP_r3m: -0.01089258
- TIP_r12m: -0.02880469
- TIP_vol3m: 0.06120516
- TIP_mdd: -0.11950624
- LQD_r1m: -0.00490980
- LQD_r3m: -0.01093690
- LQD_r12m: 0.00519263
- LQD_vol3m: 0.08907253
- LQD_mdd: -0.18046587
- HYG_r1m: 0.00213698
- HYG_r3m: 0.01532666
- HYG_r12m: 0.04859396
- HYG_vol3m: 0.06137924
- HYG_mdd: -0.06260773
- GLD_r1m: 0.00456080
- GLD_r3m: -0.01994062
- GLD_r12m: 0.12221668
- GLD_vol3m: 0.08604235
- GLD_mdd: -0.07983906
- SLV_r1m: 0.01584253
- SLV_r3m: -0.04984286
- SLV_r12m: 0.24251315
- SLV_vol3m: 0.24723280
- SLV_mdd: -0.55226406
- DBC_r1m: 0.03024098
- DBC_r3m: 0.11253307
- DBC_r12m: 0.02722617
- DBC_vol3m: 0.13047095
- DBC_mdd: -0.18223066
- VNQ_r1m: -0.01935080
- VNQ_r3m: -0.00204003
- VNQ_r12m: -0.09863121
- VNQ_vol3m: 0.13569390
- VNQ_mdd: -0.25483649
- UUP_r1m: 0.02385130
- UUP_r3m: 0.02492979
- UUP_r12m: 0.00159589
- UUP_vol3m: 0.06443978
- UUP_mdd: -0.03987879
- BIL_r1m: 0.00409964
- BIL_r3m: 0.01287248
- BIL_r12m: 0.04274182
- BIL_vol3m: 0.00253023
- BIL_mdd: 0.00000000
- cross_vol: 0.10617033

Assets: SPY, QQQ, IWM, DIA, EFA, EEM, VEA, VWO, AGG, BND, SHY, IEF, TLT, TIP, LQD, HYG, GLD, SLV, DBC, VNQ, UUP, BIL","```json
{
  ""weights"": {
    ""SPY"": 0.6,
    ""QQQ"": 0.125,
    ""IWM"": 0.125,
    ""DIA"": 0.125,
    ""EFA"": 0.125,
    ""EEM"": 0.125,
    ""VEA"": 0.125,
    ""VWO"": 0.125,
    ""AGG"": 0.125,
    ""BND"": 0.125,
    ""SHY"": 0.125,
    ""IEF"": 0.125,
    ""TLT"": 0.125,
    ""TIP"": 0.125,
    ""LQD"": 0.125,
    ""HYG"": 0.125,
    ""GLD"": 0.125,
    ""SLV"": 0.125,
    ""DBC"": 0.125,
    ""VNQ"": 0.125,
    ""UUP"": 0.125,
    ""BIL"": 0.125
  }
}
```",1,0,0,14.461155666969717,427,1,0,0,0,301,8.457776,2329,stop,[],0,0,0,0,BIL,SPY,SPY,0,0,0.6666666666666666,1.1224806201550384,0.5921576061678714,3.7470027081099033e-16,1.0477500027681816e-16,0.28118393234672323,0,"{""SPY"":0.1860465116,""QQQ"":0.0387596899,""IWM"":0.0387596899,""DIA"":0.0387596899,""EFA"":0.0387596899,""EEM"":0.0387596899,""VEA"":0.0387596899,""VWO"":0.0387596899,""AGG"":0.0387596899,""BND"":0.0387596899,""SHY"":0.0387596899,""IEF"":0.0387596899,""TLT"":0.0387596899,""TIP"":0.0387596899,""LQD"":0.0387596899,""HYG"":0.0387596899,""GLD"":0.0387596899,""SLV"":0.0387596899,""DBC"":0.0387596899,""VNQ"":0.0387596899,""UUP"":0.0387596899,""BIL"":0.0387596899}","{""SPY"":0.1860465116,""QQQ"":0.0387596899,""IWM"":0.0387596899,""DIA"":0.0387596899,""EFA"":0.0387596899,""EEM"":0.0387596899,""VEA"":0.0387596899,""VWO"":0.0387596899,""AGG"":0.0387596899,""BND"":0.0387596899,""SHY"":0.0387596899,""IEF"":0.0387596899,""TLT"":0.0387596899,""TIP"":0.0387596899,""LQD"":0.0387596899,""HYG"":0.0387596899,""GLD"":0.0387596899,""SLV"":0.0387596899,""DBC"":0.0387596899,""VNQ"":0.0387596899,""UUP"":0.0387596899,""BIL"":0.0387596899}","{""SPY"":0.019047619,""QQQ"":0.019047619,""IWM"":0.019047619,""DIA"":0.019047619,""EFA"":0.019047619,""EEM"":0.019047619,""VEA"":0.019047619,""VWO"":0.019047619,""AGG"":0.019047619,""BND"":0.019047619,""SHY"":0.019047619,""IEF"":0.019047619,""TLT"":0.019047619,""TIP"":0.019047619,""LQD"":0.019047619,""HYG"":0.019047619,""GLD"":0.019047619,""SLV"":0.019047619,""DBC"":0.019047619,""VNQ"":0.019047619,""UUP"":0.019047619,""BIL"":0.6}",0,0.9999999999999998,0.18604651162790697,0.03875968992248062,2.220446049250313e-16,0,0,0.9999999999999994,0.1860465116279069,0.038759689922480606,1,1,1,5a2c6df15ca362794af6318c
q1_20260801_011049,model_family_generalization,P2,qwen3.5:4b,P2,,,real_ticker,,2024-01-10,42,10.0,0.6,0.25,6067ef2419f509d9,"You are a DEFENSIVE LOW-VOLATILITY policy profile. Use only the provided feature values. Strongly favor the eligible asset with the lowest `_vol3m` value. Allocate 60.0% of total portfolio weight to that target asset as the language-level policy target. Distribute the remaining weight equally among all other eligible assets. Include every eligible ticker exactly once. Return strictly valid JSON only with a `weights` object whose values are decimals, not percentages.
Hard constraints for the execution layer: long-only weights, weights sum to one, maximum single-asset weight 0.60, and turnover cap 0.25. You propose weights; deterministic projection will enforce final feasibility.

Current Features:
- SPY_r1m: 0.03974838
- SPY_r3m: 0.10114646
- SPY_r12m: 0.24736534
- SPY_vol3m: 0.12009367
- SPY_mdd: -0.00027271
- QQQ_r1m: 0.04426979
- QQQ_r3m: 0.11107524
- QQQ_r12m: 0.52037563
- QQQ_vol3m: 0.15724840
- QQQ_mdd: -0.00729032
- IWM_r1m: 0.04815434
- IWM_r3m: 0.11266243
- IWM_r12m: 0.11303564
- IWM_vol3m: 0.24062986
- IWM_mdd: -0.16944204
- DIA_r1m: 0.04040804
- DIA_r3m: 0.12244689
- DIA_r12m: 0.14673207
- DIA_vol3m: 0.10182250
- DIA_mdd: -0.00037108
- EFA_r1m: 0.03510952
- EFA_r3m: 0.09152098
- EFA_r12m: 0.12680073
- EFA_vol3m: 0.12839735
- EFA_mdd: -0.01790133
- EEM_r1m: 0.01603877
- EEM_r3m: 0.03785465
- EEM_r12m: -0.01049834
- EEM_vol3m: 0.14706339
- EEM_mdd: -0.28072282
- VEA_r1m: 0.03850933
- VEA_r3m: 0.09554663
- VEA_r12m: 0.12174873
- VEA_vol3m: 0.13394902
- VEA_mdd: -0.03651393
- VWO_r1m: 0.01744998
- VWO_r3m: 0.03626287
- VWO_r12m: 0.00703287
- VWO_vol3m: 0.13588477
- VWO_mdd: -0.21563790
- AGG_r1m: 0.01808924
- AGG_r3m: 0.05983737
- AGG_r12m: 0.02230882
- AGG_vol3m: 0.07923895
- AGG_mdd: -0.10919808
- BND_r1m: 0.01837400
- BND_r3m: 0.05984583
- BND_r12m: 0.02328006
- BND_vol3m: 0.07701525
- BND_mdd: -0.11063172
- SHY_r1m: 0.00934039
- SHY_r3m: 0.02130109
- SHY_r12m: 0.03539059
- SHY_vol3m: 0.02182519
- SHY_mdd: -0.00724656
- IEF_r1m: 0.01907981
- IEF_r3m: 0.05740306
- IEF_r12m: -0.00321566
- IEF_vol3m: 0.09303311
- IEF_mdd: -0.17667699
- TLT_r1m: 0.02051883
- TLT_r3m: 0.12067429
- TLT_r12m: -0.05890312
- TLT_vol3m: 0.20833732
- TLT_mdd: -0.39398165
- TIP_r1m: 0.01203922
- TIP_r3m: 0.04190287
- TIP_r12m: 0.01469786
- TIP_vol3m: 0.06585596
- TIP_mdd: -0.10011078
- LQD_r1m: 0.02397223
- LQD_r3m: 0.09372121
- LQD_r12m: 0.04721392
- LQD_vol3m: 0.10556120
- LQD_mdd: -0.12820535
- HYG_r1m: 0.02494096
- HYG_r3m: 0.07262333
- HYG_r12m: 0.08320312
- HYG_vol3m: 0.06901961
- HYG_mdd: -0.01007617
- GLD_r1m: 0.01001940
- GLD_r3m: 0.08676753
- GLD_r12m: 0.07696722
- GLD_vol3m: 0.13893147
- GLD_mdd: -0.03295683
- SLV_r1m: -0.00758293
- SLV_r3m: 0.04804810
- SLV_r12m: -0.03679849
- SLV_vol3m: 0.24126841
- SLV_mdd: -0.55691914
- DBC_r1m: -0.00468510
- DBC_r3m: -0.06025276
- DBC_r12m: -0.04296646
- DBC_vol3m: 0.16618372
- DBC_mdd: -0.25741469
- VNQ_r1m: 0.05735702
- VNQ_r3m: 0.17151101
- VNQ_r12m: 0.08070249
- VNQ_vol3m: 0.23371686
- VNQ_mdd: -0.18444116
- UUP_r1m: -0.01053712
- UUP_r3m: -0.01720919
- UUP_r12m: 0.05119276
- UUP_vol3m: 0.07312707
- UUP_mdd: -0.04120842
- BIL_r1m: 0.00439616
- BIL_r3m: 0.01339242
- BIL_r12m: 0.05036765
- BIL_vol3m: 0.00252359
- BIL_mdd: 0.00000000
- cross_vol: 0.12457849

Assets: SPY, QQQ, IWM, DIA, EFA, EEM, VEA, VWO, AGG, BND, SHY, IEF, TLT, TIP, LQD, HYG, GLD, SLV, DBC, VNQ, UUP, BIL","```json
{
  ""weights"": {
    ""SPY"": 0.6,
    ""QQQ"": 0.125,
    ""IWM"": 0.125,
    ""DIA"": 0.125,
    ""EFA"": 0.125,
    ""EEM"": 0.125,
    ""VEA"": 0.125,
    ""VWO"": 0.125,
    ""AGG"": 0.125,
    ""BND"": 0.125,
    ""SHY"": 0.125,
    ""IEF"": 0.125,
    ""TLT"": 0.125,
    ""TIP"": 0.125,
    ""LQD"": 0.125,
    ""HYG"": 0.125,
    ""GLD"": 0.125,
    ""SLV"": 0.125,
    ""DBC"": 0.125,
    ""VNQ"": 0.125,
    ""UUP"": 0.125,
    ""BIL"": 0.125
  }
}
```",1,0,0,14.506092957919464,427,1,0,0,0,301,8.459447,2329,stop,[],0,0,0,0,BIL,SPY,SPY,0,0,0.6666666666666666,1.1224806201550384,0.5921576061678714,3.7470027081099033e-16,1.0477500027681816e-16,0.28118393234672323,0,"{""SPY"":0.1860465116,""QQQ"":0.0387596899,""IWM"":0.0387596899,""DIA"":0.0387596899,""EFA"":0.0387596899,""EEM"":0.0387596899,""VEA"":0.0387596899,""VWO"":0.0387596899,""AGG"":0.0387596899,""BND"":0.0387596899,""SHY"":0.0387596899,""IEF"":0.0387596899,""TLT"":0.0387596899,""TIP"":0.0387596899,""LQD"":0.0387596899,""HYG"":0.0387596899,""GLD"":0.0387596899,""SLV"":0.0387596899,""DBC"":0.0387596899,""VNQ"":0.0387596899,""UUP"":0.0387596899,""BIL"":0.0387596899}","{""SPY"":0.1860465116,""QQQ"":0.0387596899,""IWM"":0.0387596899,""DIA"":0.0387596899,""EFA"":0.0387596899,""EEM"":0.0387596899,""VEA"":0.0387596899,""VWO"":0.0387596899,""AGG"":0.0387596899,""BND"":0.0387596899,""SHY"":0.0387596899,""IEF"":0.0387596899,""TLT"":0.0387596899,""TIP"":0.0387596899,""LQD"":0.0387596899,""HYG"":0.0387596899,""GLD"":0.0387596899,""SLV"":0.0387596899,""DBC"":0.0387596899,""VNQ"":0.0387596899,""UUP"":0.0387596899,""BIL"":0.0387596899}","{""SPY"":0.019047619,""QQQ"":0.019047619,""IWM"":0.019047619,""DIA"":0.019047619,""EFA"":0.019047619,""EEM"":0.019047619,""VEA"":0.019047619,""VWO"":0.019047619,""AGG"":0.019047619,""BND"":0.019047619,""SHY"":0.019047619,""IEF"":0.019047619,""TLT"":0.019047619,""TIP"":0.019047619,""LQD"":0.019047619,""HYG"":0.019047619,""GLD"":0.019047619,""SLV"":0.019047619,""DBC"":0.019047619,""VNQ"":0.019047619,""UUP"":0.019047619,""BIL"":0.6}",0,0.9999999999999998,0.18604651162790697,0.03875968992248062,2.220446049250313e-16,0,0,0.9999999999999994,0.1860465116279069,0.038759689922480606,1,1,1,03d10532389d0a42d3cc6398
q1_20260801_011049,model_family_generalization,P2,qwen3.5:4b,P2,,,real_ticker,,2024-07-12,42,10.0,0.6,0.25,c2798c98f515872d,"You are a DEFENSIVE LOW-VOLATILITY policy profile. Use only the provided feature values. Strongly favor the eligible asset with the lowest `_vol3m` value. Allocate 60.0% of total portfolio weight to that target asset as the language-level policy target. Distribute the remaining weight equally among all other eligible assets. Include every eligible ticker exactly once. Return strictly valid JSON only with a `weights` object whose values are decimals, not percentages.
Hard constraints for the execution layer: long-only weights, weights sum to one, maximum single-asset weight 0.60, and turnover cap 0.25. You propose weights; deterministic projection will enforce final feasibility.

Current Features:
- SPY_r1m: 0.04627363
- SPY_r3m: 0.08454935
- SPY_r12m: 0.27308823
- SPY_vol3m: 0.10058102
- SPY_mdd: -0.00236944
- QQQ_r1m: 0.05894292
- QQQ_r3m: 0.11279716
- QQQ_r12m: 0.33639507
- QQQ_vol3m: 0.14957978
- QQQ_mdd: -0.01618424
- IWM_r1m: 0.06230061
- IWM_r3m: 0.05657700
- IWM_r12m: 0.12614089
- IWM_vol3m: 0.16592449
- IWM_mdd: -0.08770734
- DIA_r1m: 0.03413750
- DIA_r3m: 0.04546454
- DIA_r12m: 0.18670534
- DIA_vol3m: 0.09608163
- DIA_mdd: 0.00000000
- EFA_r1m: 0.03383609
- EFA_r3m: 0.05723817
- EFA_r12m: 0.14956870
- EFA_vol3m: 0.12078114
- EFA_mdd: 0.00000000
- EEM_r1m: 0.06330617
- EEM_r3m: 0.08045631
- EEM_r12m: 0.12171229
- EEM_vol3m: 0.12973251
- EEM_mdd: -0.17130893
- VEA_r1m: 0.03856960
- VEA_r3m: 0.05244814
- VEA_r12m: 0.14024856
- VEA_vol3m: 0.12226620
- VEA_mdd: 0.00000000
- VWO_r1m: 0.05572671
- VWO_r3m: 0.07887202
- VWO_r12m: 0.13050033
- VWO_vol3m: 0.12051438
- VWO_mdd: -0.10285955
- AGG_r1m: 0.01885042
- AGG_r3m: 0.03689126
- AGG_r12m: 0.04194949
- AGG_vol3m: 0.05467989
- AGG_mdd: -0.09255083
- BND_r1m: 0.01814412
- BND_r3m: 0.03676849
- BND_r12m: 0.04254390
- BND_vol3m: 0.05393193
- BND_mdd: -0.09400456
- SHY_r1m: 0.01071692
- SHY_r3m: 0.01976863
- SHY_r12m: 0.04674220
- SHY_vol3m: 0.01493686
- SHY_mdd: 0.00000000
- IEF_r1m: 0.02144848
- IEF_r3m: 0.04218326
- IEF_r12m: 0.02013545
- IEF_vol3m: 0.06693503
- IEF_mdd: -0.16702596
- TLT_r1m: 0.02623106
- TLT_r3m: 0.05658722
- TLT_r12m: -0.03181077
- TLT_vol3m: 0.13833859
- TLT_mdd: -0.39623460
- TIP_r1m: 0.01659090
- TIP_r3m: 0.03461804
- TIP_r12m: 0.03571612
- TIP_vol3m: 0.04450400
- TIP_mdd: -0.07720826
- LQD_r1m: 0.02196393
- LQD_r3m: 0.04335310
- LQD_r12m: 0.06106715
- LQD_vol3m: 0.06981461
- LQD_mdd: -0.11160359
- HYG_r1m: 0.01727968
- HYG_r3m: 0.03615004
- HYG_r12m: 0.10155227
- HYG_vol3m: 0.04608828
- HYG_mdd: 0.00000000
- GLD_r1m: 0.04183986
- GLD_r3m: 0.01505913
- GLD_r12m: 0.22668790
- GLD_vol3m: 0.17233441
- GLD_mdd: -0.00645706
- SLV_r1m: 0.05278929
- SLV_r3m: 0.08112267
- SLV_r12m: 0.26952602
- SLV_vol3m: 0.37443606
- SLV_mdd: -0.40499361
- DBC_r1m: 0.00997394
- DBC_r3m: -0.01688474
- DBC_r12m: 0.04109424
- DBC_vol3m: 0.12440875
- DBC_mdd: -0.20738716
- VNQ_r1m: 0.06760588
- VNQ_r3m: 0.07083375
- VNQ_r12m: 0.06454725
- VNQ_vol3m: 0.14759380
- VNQ_mdd: -0.16629259
- UUP_r1m: -0.00657883
- UUP_r3m: 0.00279625
- UUP_r12m: 0.09949379
- UUP_vol3m: 0.05312062
- UUP_mdd: -0.01645523
- BIL_r1m: 0.00472838
- BIL_r3m: 0.01313124
- BIL_r12m: 0.05382607
- BIL_vol3m: 0.00252984
- BIL_mdd: 0.00000000
- cross_vol: 0.10768699

Assets: SPY, QQQ, IWM, DIA, EFA, EEM, VEA, VWO, AGG, BND, SHY, IEF, TLT, TIP, LQD, HYG, GLD, SLV, DBC, VNQ, UUP, BIL","```json
{
  ""weights"": {
    ""SPY"": 0.6,
    ""QQQ"": 0.125,
    ""IWM"": 0.125,
    ""DIA"": 0.125,
    ""EFA"": 0.125,
    ""EEM"": 0.125,
    ""VEA"": 0.125,
    ""VWO"": 0.125,
    ""AGG"": 0.125,
    ""BND"": 0.125,
    ""SHY"": 0.125,
    ""IEF"": 0.125,
    ""TLT"": 0.125,
    ""TIP"": 0.125,
    ""LQD"": 0.125,
    ""HYG"": 0.125,
    ""GLD"": 0.125,
    ""SLV"": 0.125,
    ""DBC"": 0.125,
    ""VNQ"": 0.125,
    ""UUP"": 0.125,
    ""BIL"": 0.125
  }
}
```",1,0,0,14.491906083188951,427,1,0,0,0,301,8.455469999,2329,stop,[],0,0,0,0,BIL,SPY,SPY,0,0,0.6666666666666666,1.1224806201550384,0.5921576061678714,3.7470027081099033e-16,1.0477500027681816e-16,0.28118393234672323,0,"{""SPY"":0.1860465116,""QQQ"":0.0387596899,""IWM"":0.0387596899,""DIA"":0.0387596899,""EFA"":0.0387596899,""EEM"":0.0387596899,""VEA"":0.0387596899,""VWO"":0.0387596899,""AGG"":0.0387596899,""BND"":0.0387596899,""SHY"":0.0387596899,""IEF"":0.0387596899,""TLT"":0.0387596899,""TIP"":0.0387596899,""LQD"":0.0387596899,""HYG"":0.0387596899,""GLD"":0.0387596899,""SLV"":0.0387596899,""DBC"":0.0387596899,""VNQ"":0.0387596899,""UUP"":0.0387596899,""BIL"":0.0387596899}","{""SPY"":0.1860465116,""QQQ"":0.0387596899,""IWM"":0.0387596899,""DIA"":0.0387596899,""EFA"":0.0387596899,""EEM"":0.0387596899,""VEA"":0.0387596899,""VWO"":0.0387596899,""AGG"":0.0387596899,""BND"":0.0387596899,""SHY"":0.0387596899,""IEF"":0.0387596899,""TLT"":0.0387596899,""TIP"":0.0387596899,""LQD"":0.0387596899,""HYG"":0.0387596899,""GLD"":0.0387596899,""SLV"":0.0387596899,""DBC"":0.0387596899,""VNQ"":0.0387596899,""UUP"":0.0387596899,""BIL"":0.0387596899}","{""SPY"":0.019047619,""QQQ"":0.019047619,""IWM"":0.019047619,""DIA"":0.019047619,""EFA"":0.019047619,""EEM"":0.019047619,""VEA"":0.019047619,""VWO"":0.019047619,""AGG"":0.019047619,""BND"":0.019047619,""SHY"":0.019047619,""IEF"":0.019047619,""TLT"":0.019047619,""TIP"":0.019047619,""LQD"":0.019047619,""HYG"":0.019047619,""GLD"":0.019047619,""SLV"":0.019047619,""DBC"":0.019047619,""VNQ"":0.019047619,""UUP"":0.019047619,""BIL"":0.6}",0,0.9999999999999998,0.18604651162790697,0.03875968992248062,2.220446049250313e-16,0,0,0.9999999999999994,0.1860465116279069,0.038759689922480606,1,1,1,125abdd23cd229a2ff27a8a3
q1_20260801_011049,model_family_generalization,P2,qwen3.5:4b,P2,,,real_ticker,,2025-01-13,42,10.0,0.6,0.25,8895d99429141bdf,"You are a DEFENSIVE LOW-VOLATILITY policy profile. Use only the provided feature values. Strongly favor the eligible asset with the lowest `_vol3m` value. Allocate 60.0% of total portfolio weight to that target asset as the language-level policy target. Distribute the remaining weight equally among all other eligible assets. Include every eligible ticker exactly once. Return strictly valid JSON only with a `weights` object whose values are decimals, not percentages.
Hard constraints for the execution layer: long-only weights, weights sum to one, maximum single-asset weight 0.60, and turnover cap 0.25. You propose weights; deterministic projection will enforce final feasibility.

Current Features:
- SPY_r1m: -0.03227135
- SPY_r3m: 0.01252624
- SPY_r12m: 0.23562134
- SPY_vol3m: 0.12972815
- SPY_mdd: -0.04024820
- QQQ_r1m: -0.02732386
- QQQ_r3m: 0.02798523
- QQQ_r12m: 0.24495557
- QQQ_vol3m: 0.17684168
- QQQ_mdd: -0.05907942
- IWM_r1m: -0.07944647
- IWM_r3m: 0.00481913
- IWM_r12m: 0.12674620
- IWM_vol3m: 0.21579347
- IWM_mdd: -0.10109313
- DIA_r1m: -0.04396780
- DIA_r3m: -0.00017359
- DIA_r12m: 0.14115069
- DIA_vol3m: 0.13254881
- DIA_mdd: -0.05933824
- EFA_r1m: -0.04337558
- EFA_r3m: -0.07340143
- EFA_r12m: 0.03241949
- EFA_vol3m: 0.12082393
- EFA_mdd: -0.10138722
- EEM_r1m: -0.05748439
- EEM_r3m: -0.09843659
- EEM_r12m: 0.07417752
- EEM_vol3m: 0.14186010
- EEM_mdd: -0.22736862
- VEA_r1m: -0.04239242
- VEA_r3m: -0.06997486
- VEA_r12m: 0.03213341
- VEA_vol3m: 0.11579295
- VEA_mdd: -0.09753893
- VWO_r1m: -0.06656503
- VWO_r3m: -0.08960319
- VWO_r12m: 0.09523168
- VWO_vol3m: 0.14245118
- VWO_mdd: -0.14094178
- AGG_r1m: -0.02790093
- AGG_r3m: -0.02716147
- AGG_r12m: 0.01118237
- AGG_vol3m: 0.05064562
- AGG_mdd: -0.09923681
- BND_r1m: -0.02736538
- BND_r3m: -0.02665839
- BND_r12m: 0.01192381
- BND_vol3m: 0.05105570
- BND_mdd: -0.10002706
- SHY_r1m: -0.00072929
- SHY_r3m: 0.00253902
- SHY_r12m: 0.03824961
- SHY_vol3m: 0.01291098
- SHY_mdd: -0.00406120
- IEF_r1m: -0.03481510
- IEF_r3m: -0.03958715
- IEF_r12m: -0.01055355
- IEF_vol3m: 0.06075469
- IEF_mdd: -0.18536598
- TLT_r1m: -0.07861945
- TLT_r3m: -0.08216153
- TLT_r12m: -0.07518906
- TLT_vol3m: 0.14374008
- TLT_mdd: -0.43954760
- TIP_r1m: -0.02036853
- TIP_r3m: -0.02574229
- TIP_r12m: 0.02030346
- TIP_vol3m: 0.03946380
- TIP_mdd: -0.08183992
- LQD_r1m: -0.04332866
- LQD_r3m: -0.04164157
- LQD_r12m: 0.00230200
- LQD_vol3m: 0.07432003
- LQD_mdd: -0.12619848
- HYG_r1m: -0.01156583
- HYG_r3m: 0.00392863
- HYG_r12m: 0.07801726
- HYG_vol3m: 0.04228958
- HYG_mdd: -0.01230844
- GLD_r1m: -0.01146462
- GLD_r3m: 0.01202536
- GLD_r12m: 0.31061336
- GLD_vol3m: 0.16503746
- GLD_mdd: -0.04566988
- SLV_r1m: -0.07002417
- SLV_r3m: -0.05003524
- SLV_r12m: 0.28748798
- SLV_vol3m: 0.28408387
- SLV_mdd: -0.42953872
- DBC_r1m: 0.06051395
- DBC_r3m: 0.01081658
- DBC_r12m: 0.07752496
- DBC_vol3m: 0.15404059
- DBC_mdd: -0.19984579
- VNQ_r1m: -0.07463366
- VNQ_r3m: -0.06703090
- VNQ_r12m: 0.03060105
- VNQ_vol3m: 0.17670526
- VNQ_mdd: -0.15948420
- UUP_r1m: 0.03817312
- UUP_r3m: 0.08285672
- UUP_r12m: 0.13858037
- UUP_vol3m: 0.07098540
- UUP_mdd: 0.00000000
- BIL_r1m: 0.00386719
- BIL_r3m: 0.01183184
- BIL_r12m: 0.05192983
- BIL_vol3m: 0.00234189
- BIL_mdd: 0.00000000
- cross_vol: 0.11382796

Assets: SPY, QQQ, IWM, DIA, EFA, EEM, VEA, VWO, AGG, BND, SHY, IEF, TLT, TIP, LQD, HYG, GLD, SLV, DBC, VNQ, UUP, BIL","```json
{
  ""weights"": {
    ""SPY"": 0.6,
    ""QQQ"": 0.125,
    ""IWM"": 0.125,
    ""DIA"": 0.04789322,
    ""EFA"": 0.04789322,
    ""EEM"": 0.04789322,
    ""VEA"": 0.04789322,
    ""VWO"": 0.04789322,
    ""AGG"": 0.15625,
    ""BND"": 0.15625,
    ""SHY"": 0.15625,
    ""IEF"": 0.15625,
    ""TLT"": 0.15625,
    ""TIP"": 0.15625,
    ""LQD"": 0.15625,
    ""HYG"": 0.15625,
    ""GLD"": 0.15625,
    ""SLV"": 0.15625,
    ""DBC"": 0.15625,
    ""VNQ"": 0.15625,
    ""UUP"": 0.15625,
    ""BIL"": 0.15625
  }
}
```",1,0,0,15.970298582920805,480,1,0,0,0,354,9.949707,2329,stop,[],0,0,0,0,BIL,SPY,SPY,0,0,0.3333333333333333,1.148962492791005,0.5860495526245507,4.3368086899420177e-16,1.1801220661588445e-16,0.337632380034802,0,"{""SPY"":0.1830961877,""QQQ"":0.0381450391,""IWM"":0.0381450391,""DIA"":0.01461511,""EFA"":0.01461511,""EEM"":0.01461511,""VEA"":0.01461511,""VWO"":0.01461511,""AGG"":0.0476812989,""BND"":0.0476812989,""SHY"":0.0476812989,""IEF"":0.0476812989,""TLT"":0.0476812989,""TIP"":0.0476812989,""LQD"":0.0476812989,""HYG"":0.0476812989,""GLD"":0.0476812989,""SLV"":0.0476812989,""DBC"":0.0476812989,""VNQ"":0.0476812989,""UUP"":0.0476812989,""BIL"":0.0476812989}","{""SPY"":0.1830961877,""QQQ"":0.0381450391,""IWM"":0.0381450391,""DIA"":0.01461511,""EFA"":0.01461511,""EEM"":0.01461511,""VEA"":0.01461511,""VWO"":0.01461511,""AGG"":0.0476812989,""BND"":0.0476812989,""SHY"":0.0476812989,""IEF"":0.0476812989,""TLT"":0.0476812989,""TIP"":0.0476812989,""LQD"":0.0476812989,""HYG"":0.0476812989,""GLD"":0.0476812989,""SLV"":0.0476812989,""DBC"":0.0476812989,""VNQ"":0.0476812989,""UUP"":0.0476812989,""BIL"":0.0476812989}","{""SPY"":0.019047619,""QQQ"":0.019047619,""IWM"":0.019047619,""DIA"":0.019047619,""EFA"":0.019047619,""EEM"":0.019047619,""VEA"":0.019047619,""VWO"":0.019047619,""AGG"":0.019047619,""BND"":0.019047619,""SHY"":0.019047619,""IEF"":0.019047619,""TLT"":0.019047619,""TIP"":0.019047619,""LQD"":0.019047619,""HYG"":0.019047619,""GLD"":0.019047619,""SLV"":0.019047619,""DBC"":0.019047619,""VNQ"":0.019047619,""UUP"":0.019047619,""BIL"":0.6}",0,0.9999999999999998,0.18309618765967706,0.014615109994576998,2.220446049250313e-16,0,0,0.9999999999999994,0.18309618765967697,0.014615109994576995,1,1,1,ca3cd85ef69b251b9d06cb88
q1_20260801_011049,model_family_generalization,P2,qwen3.5:4b,P2,,,real_ticker,,2025-05-14,42,10.0,0.6,0.25,d3953d929ddf82b5,"You are a DEFENSIVE LOW-VOLATILITY policy profile. Use only the provided feature values. Strongly favor the eligible asset with the lowest `_vol3m` value. Allocate 60.0% of total portfolio weight to that target asset as the language-level policy target. Distribute the remaining weight equally among all other eligible assets. Include every eligible ticker exactly once. Return strictly valid JSON only with a `weights` object whose values are decimals, not percentages.
Hard constraints for the execution layer: long-only weights, weights sum to one, maximum single-asset weight 0.60, and turnover cap 0.25. You propose weights; deterministic projection will enforce final feasibility.

Current Features:
- SPY_r1m: 0.08990583
- SPY_r3m: -0.02320739
- SPY_r12m: 0.14251682
- SPY_vol3m: 0.33821684
- SPY_mdd: -0.03845859
- QQQ_r1m: 0.13377623
- QQQ_r3m: -0.01674523
- QQQ_r12m: 0.18049674
- QQQ_vol3m: 0.39377645
- QQQ_mdd: -0.03719325
- IWM_r1m: 0.10856162
- IWM_r3m: -0.07323126
- IWM_r12m: 0.02369361
- IWM_vol3m: 0.32956671
- IWM_mdd: -0.14249453
- DIA_r1m: 0.03783451
- DIA_r3m: -0.04832504
- DIA_r12m: 0.08144754
- DIA_vol3m: 0.27440861
- DIA_mdd: -0.06069465
- EFA_r1m: 0.07867694
- EFA_r3m: 0.06519848
- EFA_r12m: 0.10525654
- EFA_vol3m: 0.26216563
- EFA_mdd: -0.00485437
- EEM_r1m: 0.09921675
- EEM_r3m: 0.05754743
- EEM_r12m: 0.11569349
- EEM_vol3m: 0.26804690
- EEM_mdd: -0.12324035
- VEA_r1m: 0.07663080
- VEA_r3m: 0.06352181
- VEA_r12m: 0.10271516
- VEA_vol3m: 0.25522257
- VEA_mdd: -0.00407162
- VWO_r1m: 0.09793107
- VWO_r3m: 0.05398136
- VWO_r12m: 0.13430535
- VWO_vol3m: 0.25906870
- VWO_mdd: -0.03363860
- AGG_r1m: -0.00250333
- AGG_r3m: 0.01267799
- AGG_r12m: 0.04738565
- AGG_vol3m: 0.05902216
- AGG_mdd: -0.07610239
- BND_r1m: -0.00218067
- BND_r3m: 0.01189900
- BND_r12m: 0.04760071
- BND_vol3m: 0.05806891
- BND_mdd: -0.07736360
- SHY_r1m: -0.00112447
- SHY_r3m: 0.01430954
- SHY_r12m: 0.05293712
- SHY_vol3m: 0.01769098
- SHY_mdd: -0.00725309
- IEF_r1m: -0.00662999
- IEF_r3m: 0.02131717
- IEF_r12m: 0.04692069
- IEF_vol3m: 0.07278241
- IEF_mdd: -0.15554858
- TLT_r1m: -0.02143808
- TLT_r3m: -0.01166778
- TLT_r12m: -0.01357145
- TLT_vol3m: 0.15569508
- TLT_mdd: -0.43239798
- TIP_r1m: 0.00384537
- TIP_r3m: 0.01666566
- TIP_r12m: 0.05228636
- TIP_vol3m: 0.06072917
- TIP_mdd: -0.05256530
- LQD_r1m: 0.00648218
- LQD_r3m: 0.00602718
- LQD_r12m: 0.04332588
- LQD_vol3m: 0.09155707
- LQD_mdd: -0.10397134
- HYG_r1m: 0.03197616
- HYG_r3m: 0.01309144
- HYG_r12m: 0.09186479
- HYG_vol3m: 0.09190711
- HYG_mdd: -0.00364952
- GLD_r1m: -0.01036359
- GLD_r3m: 0.09522916
- GLD_r12m: 0.34040508
- GLD_vol3m: 0.23404929
- GLD_mdd: -0.07107321
- SLV_r1m: -0.00442475
- SLV_r3m: -0.00306749
- SLV_r12m: 0.13504072
- SLV_vol3m: 0.28540610
- SLV_mdd: -0.38108335
- DBC_r1m: 0.02578794
- DBC_r3m: -0.03763438
- DBC_r12m: -0.02806066
- DBC_vol3m: 0.18927741
- DBC_mdd: -0.22995910
- VNQ_r1m: 0.02612455
- VNQ_r3m: -0.02907870
- VNQ_r12m: 0.10047515
- VNQ_vol3m: 0.24117084
- VNQ_mdd: -0.14114267
- UUP_r1m: 0.01864031
- UUP_r3m: -0.05332883
- UUP_r12m: 0.01349153
- UUP_vol3m: 0.10195994
- UUP_mdd: -0.06633168
- BIL_r1m: 0.00330374
- BIL_r3m: 0.01034030
- BIL_r12m: 0.04785171
- BIL_vol3m: 0.00199459
- BIL_mdd: 0.00000000
- cross_vol: 0.18371743

Assets: SPY, QQQ, IWM, DIA, EFA, EEM, VEA, VWO, AGG, BND, SHY, IEF, TLT, TIP, LQD, HYG, GLD, SLV, DBC, VNQ, UUP, BIL","```json
{
  ""weights"": {
    ""SPY"": 0.6,
    ""QQQ"": 0.125,
    ""IWM"": 0.125,
    ""DIA"": 0.125,
    ""EFA"": 0.125,
    ""EEM"": 0.125,
    ""VEA"": 0.125,
    ""VWO"": 0.125,
    ""AGG"": 0.125,
    ""BND"": 0.125,
    ""SHY"": 0.125,
    ""IEF"": 0.125,
    ""TLT"": 0.125,
    ""TIP"": 0.125,
    ""LQD"": 0.125,
    ""HYG"": 0.125,
    ""GLD"": 0.125,
    ""SLV"": 0.125,
    ""DBC"": 0.125,
    ""VNQ"": 0.125,
    ""UUP"": 0.125,
    ""BIL"": 0.125
  }
}
```",1,0,0,14.471536207944155,427,1,0,0,0,301,8.449583,2329,stop,[],0,0,0,0,BIL,SPY,SPY,0,0,0.6666666666666666,1.1224806201550384,0.5921576061678714,3.7470027081099033e-16,1.0477500027681816e-16,0.28118393234672323,0,"{""SPY"":0.1860465116,""QQQ"":0.0387596899,""IWM"":0.0387596899,""DIA"":0.0387596899,""EFA"":0.0387596899,""EEM"":0.0387596899,""VEA"":0.0387596899,""VWO"":0.0387596899,""AGG"":0.0387596899,""BND"":0.0387596899,""SHY"":0.0387596899,""IEF"":0.0387596899,""TLT"":0.0387596899,""TIP"":0.0387596899,""LQD"":0.0387596899,""HYG"":0.0387596899,""GLD"":0.0387596899,""SLV"":0.0387596899,""DBC"":0.0387596899,""VNQ"":0.0387596899,""UUP"":0.0387596899,""BIL"":0.0387596899}","{""SPY"":0.1860465116,""QQQ"":0.0387596899,""IWM"":0.0387596899,""DIA"":0.0387596899,""EFA"":0.0387596899,""EEM"":0.0387596899,""VEA"":0.0387596899,""VWO"":0.0387596899,""AGG"":0.0387596899,""BND"":0.0387596899,""SHY"":0.0387596899,""IEF"":0.0387596899,""TLT"":0.0387596899,""TIP"":0.0387596899,""LQD"":0.0387596899,""HYG"":0.0387596899,""GLD"":0.0387596899,""SLV"":0.0387596899,""DBC"":0.0387596899,""VNQ"":0.0387596899,""UUP"":0.0387596899,""BIL"":0.0387596899}","{""SPY"":0.019047619,""QQQ"":0.019047619,""IWM"":0.019047619,""DIA"":0.019047619,""EFA"":0.019047619,""EEM"":0.019047619,""VEA"":0.019047619,""VWO"":0.019047619,""AGG"":0.019047619,""BND"":0.019047619,""SHY"":0.019047619,""IEF"":0.019047619,""TLT"":0.019047619,""TIP"":0.019047619,""LQD"":0.019047619,""HYG"":0.019047619,""GLD"":0.019047619,""SLV"":0.019047619,""DBC"":0.019047619,""VNQ"":0.019047619,""UUP"":0.019047619,""BIL"":0.6}",0,0.9999999999999998,0.18604651162790697,0.03875968992248062,2.220446049250313e-16,0,0,0.9999999999999994,0.1860465116279069,0.038759689922480606,1,1,1,373e6dd3c0f62fdcb785ac06
q1_20260801_011049,model_family_generalization,P2,qwen3.5:4b,P2,,,real_ticker,,2025-09-15,42,10.0,0.6,0.25,d2755e2f7c85716a,"You are a DEFENSIVE LOW-VOLATILITY policy profile. Use only the provided feature values. Strongly favor the eligible asset with the lowest `_vol3m` value. Allocate 60.0% of total portfolio weight to that target asset as the language-level policy target. Distribute the remaining weight equally among all other eligible assets. Include every eligible ticker exactly once. Return strictly valid JSON only with a `weights` object whose values are decimals, not percentages.
Hard constraints for the execution layer: long-only weights, weights sum to one, maximum single-asset weight 0.60, and turnover cap 0.25. You propose weights; deterministic projection will enforce final feasibility.

Current Features:
- SPY_r1m: 0.02474601
- SPY_r3m: 0.11032466
- SPY_r12m: 0.20692206
- SPY_vol3m: 0.09328632
- SPY_mdd: 0.00000000
- QQQ_r1m: 0.02033128
- QQQ_r3m: 0.12407855
- QQQ_r12m: 0.26972692
- QQQ_vol3m: 0.11720120
- QQQ_mdd: 0.00000000
- IWM_r1m: 0.04867681
- IWM_r3m: 0.14898656
- IWM_r12m: 0.15875876
- IWM_vol3m: 0.18150682
- IWM_mdd: -0.00602157
- DIA_r1m: 0.02489677
- DIA_r3m: 0.09230954
- DIA_r12m: 0.14188161
- DIA_vol3m: 0.10634992
- DIA_mdd: -0.00400509
- EFA_r1m: 0.02138570
- EFA_r3m: 0.06725496
- EFA_r12m: 0.19643985
- EFA_vol3m: 0.12430195
- EFA_mdd: 0.00000000
- EEM_r1m: 0.05533271
- EEM_r3m: 0.12820938
- EEM_r12m: 0.27831699
- EEM_vol3m: 0.12076506
- EEM_mdd: 0.00000000
- VEA_r1m: 0.02883473
- VEA_r3m: 0.08206495
- VEA_r12m: 0.21854355
- VEA_vol3m: 0.11825375
- VEA_mdd: 0.00000000
- VWO_r1m: 0.05135719
- VWO_r3m: 0.11607840
- VWO_r12m: 0.26266624
- VWO_vol3m: 0.10887842
- VWO_mdd: 0.00000000
- AGG_r1m: 0.01970150
- AGG_r3m: 0.03826568
- AGG_r12m: 0.03010015
- AGG_vol3m: 0.04085884
- AGG_mdd: -0.02855578
- BND_r1m: 0.01926590
- BND_r3m: 0.03777522
- BND_r12m: 0.02995703
- BND_vol3m: 0.03988196
- BND_mdd: -0.03054151
- SHY_r1m: 0.00627269
- SHY_r3m: 0.01636702
- SHY_r12m: 0.03917587
- SHY_vol3m: 0.01492242
- SHY_mdd: -0.00012041
- IEF_r1m: 0.02136101
- IEF_r3m: 0.04026896
- IEF_r12m: 0.02065424
- IEF_vol3m: 0.05017493
- IEF_mdd: -0.10958866
- TLT_r1m: 0.04002268
- TLT_r3m: 0.05626845
- TLT_r12m: -0.06453496
- TLT_vol3m: 0.11052087
- TLT_mdd: -0.39110450
- TIP_r1m: 0.01769496
- TIP_r3m: 0.03923894
- TIP_r12m: 0.04513400
- TIP_vol3m: 0.03753857
- TIP_mdd: -0.01091952
- LQD_r1m: 0.02615900
- LQD_r3m: 0.05419595
- LQD_r12m: 0.04003761
- LQD_vol3m: 0.05445148
- LQD_mdd: -0.03718814
- HYG_r1m: 0.01463177
- HYG_r3m: 0.03799898
- HYG_r12m: 0.08493318
- HYG_vol3m: 0.03127548
- HYG_mdd: 0.00000000
- GLD_r1m: 0.10304314
- GLD_r3m: 0.07151663
- GLD_r12m: 0.45924652
- GLD_vol3m: 0.13774774
- GLD_mdd: 0.00000000
- SLV_r1m: 0.12347821
- SLV_r3m: 0.17561410
- SLV_r12m: 0.48392026
- SLV_vol3m: 0.21252364
- SLV_mdd: -0.17985612
- DBC_r1m: 0.03250915
- DBC_r3m: -0.00441504
- DBC_r12m: 0.11993753
- DBC_vol3m: 0.14383905
- DBC_mdd: -0.19160047
- VNQ_r1m: 0.03925521
- VNQ_r3m: 0.04163769
- VNQ_r12m: -0.00987608
- VNQ_vol3m: 0.14072086
- VNQ_mdd: -0.08250303
- UUP_r1m: -0.00473937
- UUP_r3m: 0.00478465
- UUP_r12m: 0.00677562
- UUP_vol3m: 0.06928460
- UUP_mdd: -0.08542716
- BIL_r1m: 0.00384994
- BIL_r3m: 0.01072392
- BIL_r12m: 0.04474769
- BIL_vol3m: 0.00205486
- BIL_mdd: 0.00000000
- cross_vol: 0.09346994

Assets: SPY, QQQ, IWM, DIA, EFA, EEM, VEA, VWO, AGG, BND, SHY, IEF, TLT, TIP, LQD, HYG, GLD, SLV, DBC, VNQ, UUP, BIL","```json
{
  ""weights"": {
    ""SPY"": 0.6,
    ""QQQ"": 0.125,
    ""IWM"": 0.125,
    ""DIA"": 0.125,
    ""EFA"": 0.125,
    ""EEM"": 0.125,
    ""VEA"": 0.125,
    ""VWO"": 0.125,
    ""AGG"": 0.125,
    ""BND"": 0.125,
    ""SHY"": 0.125,
    ""IEF"": 0.125,
    ""TLT"": 0.125,
    ""TIP"": 0.125,
    ""LQD"": 0.125,
    ""HYG"": 0.125,
    ""GLD"": 0.125,
    ""SLV"": 0.125,
    ""DBC"": 0.125,
    ""VNQ"": 0.125,
    ""UUP"": 0.125,
    ""BIL"": 0.125
  }
}
```",1,0,0,14.47907766699791,427,1,0,0,0,301,8.458073,2329,stop,[],0,0,0,0,BIL,SPY,SPY,0,0,0.6666666666666666,1.1224806201550384,0.5921576061678714,3.7470027081099033e-16,1.0477500027681816e-16,0.28118393234672323,0,"{""SPY"":0.1860465116,""QQQ"":0.0387596899,""IWM"":0.0387596899,""DIA"":0.0387596899,""EFA"":0.0387596899,""EEM"":0.0387596899,""VEA"":0.0387596899,""VWO"":0.0387596899,""AGG"":0.0387596899,""BND"":0.0387596899,""SHY"":0.0387596899,""IEF"":0.0387596899,""TLT"":0.0387596899,""TIP"":0.0387596899,""LQD"":0.0387596899,""HYG"":0.0387596899,""GLD"":0.0387596899,""SLV"":0.0387596899,""DBC"":0.0387596899,""VNQ"":0.0387596899,""UUP"":0.0387596899,""BIL"":0.0387596899}","{""SPY"":0.1860465116,""QQQ"":0.0387596899,""IWM"":0.0387596899,""DIA"":0.0387596899,""EFA"":0.0387596899,""EEM"":0.0387596899,""VEA"":0.0387596899,""VWO"":0.0387596899,""AGG"":0.0387596899,""BND"":0.0387596899,""SHY"":0.0387596899,""IEF"":0.0387596899,""TLT"":0.0387596899,""TIP"":0.0387596899,""LQD"":0.0387596899,""HYG"":0.0387596899,""GLD"":0.0387596899,""SLV"":0.0387596899,""DBC"":0.0387596899,""VNQ"":0.0387596899,""UUP"":0.0387596899,""BIL"":0.0387596899}","{""SPY"":0.019047619,""QQQ"":0.019047619,""IWM"":0.019047619,""DIA"":0.019047619,""EFA"":0.019047619,""EEM"":0.019047619,""VEA"":0.019047619,""VWO"":0.019047619,""AGG"":0.019047619,""BND"":0.019047619,""SHY"":0.019047619,""IEF"":0.019047619,""TLT"":0.019047619,""TIP"":0.019047619,""LQD"":0.019047619,""HYG"":0.019047619,""GLD"":0.019047619,""SLV"":0.019047619,""DBC"":0.019047619,""VNQ"":0.019047619,""UUP"":0.019047619,""BIL"":0.6}",0,0.9999999999999998,0.18604651162790697,0.03875968992248062,2.220446049250313e-16,0,0,0.9999999999999994,0.1860465116279069,0.038759689922480606,1,1,1,8bf92653a73c43fa527baddf
q1_20260801_011049,model_family_generalization,P3,qwen3.5:4b,P3,,,real_ticker,,2012-01-03,42,10.0,0.6,0.25,124d0346b8e67349,"You are a CONTRARIAN MEAN-REVERSION policy profile. Use only the provided feature values. Strongly favor the eligible asset with the lowest `_r3m` value, reflecting recent underperformance. Allocate 60.0% of total portfolio weight to that target asset as the language-level policy target. Distribute the remaining weight equally among all other eligible assets. Include every eligible ticker exactly once. Return strictly valid JSON only with a `weights` object whose values are decimals, not percentages.
Hard constraints for the execution layer: long-only weights, weights sum to one, maximum single-asset weight 0.60, and turnover cap 0.25. You propose weights; deterministic projection will enforce final feasibility.

Current Features:
- SPY_r1m: 0.02671551
- SPY_r3m: 0.16718467
- SPY_r12m: 0.02459595
- SPY_vol3m: 0.25887588
- SPY_mdd: -0.04997530
- QQQ_r1m: 0.00594834
- QQQ_r3m: 0.11689019
- QQQ_r12m: 0.03838245
- QQQ_vol3m: 0.25840220
- QQQ_mdd: -0.04035417
- IWM_r1m: 0.02917638
- IWM_r3m: 0.23521387
- IWM_r12m: -0.04505700
- IWM_vol3m: 0.37700087
- IWM_mdd: -0.12194572
- DIA_r1m: 0.03222826
- DIA_r3m: 0.17057153
- DIA_r12m: 0.08903110
- DIA_vol3m: 0.23431471
- DIA_mdd: -0.01629549
- EFA_r1m: 0.01361822
- EFA_r3m: 0.10687441
- EFA_r12m: -0.10575181
- EFA_vol3m: 0.34495581
- EFA_mdd: -0.17813728
- EEM_r1m: -0.01040953
- EEM_r3m: 0.14885786
- EEM_r12m: -0.17111196
- EEM_vol3m: 0.40143386
- EEM_mdd: -0.20578645
- VEA_r1m: 0.01517233
- VEA_r3m: 0.10818375
- VEA_r12m: -0.10683619
- VEA_vol3m: 0.34370234
- VEA_mdd: -0.17899871
- VWO_r1m: -0.01158303
- VWO_r3m: 0.14398038
- VWO_r12m: -0.17177897
- VWO_vol3m: 0.38302895
- VWO_mdd: -0.20591382
- AGG_r1m: 0.01119106
- AGG_r3m: 0.00536619
- AGG_r12m: 0.07603807
- AGG_vol3m: 0.03331191
- AGG_mdd: -0.00326117
- BND_r1m: 0.00898195
- BND_r3m: 0.00348999
- BND_r12m: 0.07727916
- BND_vol3m: 0.03756468
- BND_mdd: -0.00311206
- SHY_r1m: -0.00012969
- SHY_r3m: 0.00049781
- SHY_r12m: 0.01404656
- SHY_vol3m: 0.00531517
- SHY_mdd: -0.00093098
- IEF_r1m: 0.01369723
- IEF_r3m: -0.00306527
- IEF_r12m: 0.15272011
- IEF_vol3m: 0.08440694
- IEF_mdd: -0.00989297
- TLT_r1m: 0.02405978
- TLT_r3m: -0.02737122
- TLT_r12m: 0.32992894
- TLT_vol3m: 0.22551508
- TLT_mdd: -0.03273671
- TIP_r1m: 0.00163172
- TIP_r3m: 0.01738505
- TIP_r12m: 0.13732879
- TIP_vol3m: 0.05984325
- TIP_mdd: -0.00931184
- LQD_r1m: 0.03166939
- LQD_r3m: 0.02464866
- LQD_r12m: 0.09230849
- LQD_vol3m: 0.06049644
- LQD_mdd: -0.00968553
- HYG_r1m: 0.04431199
- HYG_r3m: 0.12391091
- HYG_r12m: 0.07017863
- HYG_vol3m: 0.15996905
- HYG_mdd: 0.00000000
- GLD_r1m: -0.08082300
- GLD_r3m: -0.03131218
- GLD_r12m: 0.12985506
- GLD_vol3m: 0.22454383
- GLD_mdd: -0.15531718
- SLV_r1m: -0.09510360
- SLV_r3m: -0.02238046
- SLV_r12m: -0.03835889
- SLV_vol3m: 0.44565753
- SLV_mdd: -0.38997036
- DBC_r1m: 0.00363098
- DBC_r3m: 0.07884469
- DBC_r12m: -0.00108424
- DBC_vol3m: 0.20030343
- DBC_mdd: -0.13408522
- VNQ_r1m: 0.06613014
- VNQ_r3m: 0.22009966
- VNQ_r12m: 0.07552847
- VNQ_vol3m: 0.32461742
- VNQ_mdd: -0.05488288
- UUP_r1m: 0.01043075
- UUP_r3m: -0.01021780
- UUP_r12m: -0.02366347
- UUP_vol3m: 0.10413908
- UUP_mdd: -0.13743715
- BIL_r1m: -0.00017417
- BIL_r3m: -0.00061082
- BIL_r12m: -0.00082833
- BIL_vol3m: 0.00288457
- BIL_mdd: -0.00104647
- cross_vol: 0.20774014

Assets: SPY, QQQ, IWM, DIA, EFA, EEM, VEA, VWO, AGG, BND, SHY, IEF, TLT, TIP, LQD, HYG, GLD, SLV, DBC, VNQ, UUP, BIL","```json
{
  ""weights"": {
    ""SPY"": 0.6,
    ""QQQ"": 0.125,
    ""IWM"": 0.125,
    ""DIA"": 0.125,
    ""EFA"": 0.125,
    ""EEM"": 0.125,
    ""VEA"": 0.125,
    ""VWO"": 0.125,
    ""AGG"": 0.125,
    ""BND"": 0.125,
    ""SHY"": 0.125,
    ""IEF"": 0.125,
    ""TLT"": 0.125,
    ""TIP"": 0.125,
    ""LQD"": 0.125,
    ""HYG"": 0.125,
    ""GLD"": 0.125,
    ""SLV"": 0.125,
    ""DBC"": 0.125,
    ""VNQ"": 0.125,
    ""UUP"": 0.125,
    ""BIL"": 0.125
  }
}
```",1,0,0,14.493451749905944,427,1,0,0,0,301,8.458031999,2334,stop,[],0,0,0,0,GLD,SPY,SPY,0,0,0.6666666666666666,1.1224806201550381,0.5921576061678715,3.7470027081099033e-16,1.0477500027681816e-16,0.28118393234672323,0,"{""SPY"":0.1860465116,""QQQ"":0.0387596899,""IWM"":0.0387596899,""DIA"":0.0387596899,""EFA"":0.0387596899,""EEM"":0.0387596899,""VEA"":0.0387596899,""VWO"":0.0387596899,""AGG"":0.0387596899,""BND"":0.0387596899,""SHY"":0.0387596899,""IEF"":0.0387596899,""TLT"":0.0387596899,""TIP"":0.0387596899,""LQD"":0.0387596899,""HYG"":0.0387596899,""GLD"":0.0387596899,""SLV"":0.0387596899,""DBC"":0.0387596899,""VNQ"":0.0387596899,""UUP"":0.0387596899,""BIL"":0.0387596899}","{""SPY"":0.1860465116,""QQQ"":0.0387596899,""IWM"":0.0387596899,""DIA"":0.0387596899,""EFA"":0.0387596899,""EEM"":0.0387596899,""VEA"":0.0387596899,""VWO"":0.0387596899,""AGG"":0.0387596899,""BND"":0.0387596899,""SHY"":0.0387596899,""IEF"":0.0387596899,""TLT"":0.0387596899,""TIP"":0.0387596899,""LQD"":0.0387596899,""HYG"":0.0387596899,""GLD"":0.0387596899,""SLV"":0.0387596899,""DBC"":0.0387596899,""VNQ"":0.0387596899,""UUP"":0.0387596899,""BIL"":0.0387596899}","{""SPY"":0.019047619,""QQQ"":0.019047619,""IWM"":0.019047619,""DIA"":0.019047619,""EFA"":0.019047619,""EEM"":0.019047619,""VEA"":0.019047619,""VWO"":0.019047619,""AGG"":0.019047619,""BND"":0.019047619,""SHY"":0.019047619,""IEF"":0.019047619,""TLT"":0.019047619,""TIP"":0.019047619,""LQD"":0.019047619,""HYG"":0.019047619,""GLD"":0.6,""SLV"":0.019047619,""DBC"":0.019047619,""VNQ"":0.019047619,""UUP"":0.019047619,""BIL"":0.019047619}",0,0.9999999999999998,0.18604651162790697,0.03875968992248062,2.220446049250313e-16,0,0,0.9999999999999994,0.1860465116279069,0.038759689922480606,1,1,1,193db604ee72a1b2d07c7c57
q1_20260801_011049,model_family_generalization,P3,qwen3.5:4b,P3,,,real_ticker,,2013-03-07,42,10.0,0.6,0.25,fdc16d2a6a6db16b,"You are a CONTRARIAN MEAN-REVERSION policy profile. Use only the provided feature values. Strongly favor the eligible asset with the lowest `_r3m` value, reflecting recent underperformance. Allocate 60.0% of total portfolio weight to that target asset as the language-level policy target. Distribute the remaining weight equally among all other eligible assets. Include every eligible ticker exactly once. Return strictly valid JSON only with a `weights` object whose values are decimals, not percentages.
Hard constraints for the execution layer: long-only weights, weights sum to one, maximum single-asset weight 0.60, and turnover cap 0.25. You propose weights; deterministic projection will enforce final feasibility.

Current Features:
- SPY_r1m: 0.02469384
- SPY_r3m: 0.10355899
- SPY_r12m: 0.15694450
- SPY_vol3m: 0.11331766
- SPY_mdd: 0.00000000
- QQQ_r1m: 0.01823273
- QQQ_r3m: 0.05245420
- QQQ_r12m: 0.08328101
- QQQ_vol3m: 0.14230142
- QQQ_mdd: -0.01605729
- IWM_r1m: 0.03097273
- IWM_r3m: 0.14111880
- IWM_r12m: 0.17994039
- IWM_vol3m: 0.13147733
- IWM_mdd: 0.00000000
- DIA_r1m: 0.02953075
- DIA_r3m: 0.11373719
- DIA_r12m: 0.13431127
- DIA_vol3m: 0.09925860
- DIA_mdd: 0.00000000
- EFA_r1m: 0.01023015
- EFA_r3m: 0.08355395
- EFA_r12m: 0.12507905
- EFA_vol3m: 0.12213494
- EFA_mdd: -0.00991548
- EEM_r1m: -0.00500330
- EEM_r3m: 0.05107175
- EEM_r12m: 0.01564556
- EEM_vol3m: 0.11277195
- EEM_mdd: -0.09495469
- VEA_r1m: 0.01182671
- VEA_r3m: 0.08447113
- VEA_r12m: 0.12331643
- VEA_vol3m: 0.12379089
- VEA_mdd: -0.01001731
- VWO_r1m: -0.00878221
- VWO_r3m: 0.05539474
- VWO_r12m: 0.01644713
- VWO_vol3m: 0.11311231
- VWO_mdd: -0.09085716
- AGG_r1m: 0.00298230
- AGG_r3m: -0.00789205
- AGG_r12m: 0.02671506
- AGG_vol3m: 0.02198253
- AGG_mdd: -0.00877924
- BND_r1m: 0.00294915
- BND_r3m: -0.01528988
- BND_r12m: 0.01905989
- BND_vol3m: 0.02623608
- BND_mdd: -0.01598476
- SHY_r1m: 0.00009460
- SHY_r3m: 0.00047420
- SHY_r12m: 0.00336979
- SHY_vol3m: 0.00308644
- SHY_mdd: -0.00059235
- IEF_r1m: 0.00459187
- IEF_r3m: -0.02025412
- IEF_r12m: 0.03049403
- IEF_vol3m: 0.04553076
- IEF_mdd: -0.02310919
- TLT_r1m: 0.00197544
- TLT_r3m: -0.06904112
- TLT_r12m: 0.02208087
- TLT_vol3m: 0.11835554
- TLT_mdd: -0.10944081
- TIP_r1m: -0.00190668
- TIP_r3m: -0.01979212
- TIP_r12m: 0.04464834
- TIP_vol3m: 0.03990914
- TIP_mdd: -0.02352910
- LQD_r1m: 0.00564916
- LQD_r3m: -0.01390385
- LQD_r12m: 0.05680259
- LQD_vol3m: 0.03643095
- LQD_mdd: -0.01994465
- HYG_r1m: 0.01295297
- HYG_r3m: 0.02689283
- HYG_r12m: 0.09990517
- HYG_vol3m: 0.04119250
- HYG_mdd: 0.00000000
- GLD_r1m: -0.05723638
- GLD_r3m: -0.07134166
- GLD_r12m: -0.07823720
- GLD_vol3m: 0.11009493
- GLD_mdd: -0.17281540
- SLV_r1m: -0.09265281
- SLV_r3m: -0.12507836
- SLV_r12m: -0.15501057
- SLV_vol3m: 0.19915437
- SLV_mdd: -0.40943714
- DBC_r1m: -0.05141661
- DBC_r3m: -0.02865335
- DBC_r12m: -0.07566461
- DBC_vol3m: 0.07947798
- DBC_mdd: -0.15037591
- VNQ_r1m: 0.02209524
- VNQ_r3m: 0.09493046
- VNQ_r12m: 0.17024886
- VNQ_vol3m: 0.09312219
- VNQ_mdd: -0.00767170
- UUP_r1m: 0.03179719
- UUP_r3m: 0.02800722
- UUP_r12m: 0.01358079
- UUP_vol3m: 0.05064613
- UUP_mdd: -0.13317853
- BIL_r1m: -0.00000000
- BIL_r3m: -0.00000000
- BIL_r12m: -0.00021834
- BIL_vol3m: 0.00233318
- BIL_mdd: -0.00126459
- cross_vol: 0.08298717

Assets: SPY, QQQ, IWM, DIA, EFA, EEM, VEA, VWO, AGG, BND, SHY, IEF, TLT, TIP, LQD, HYG, GLD, SLV, DBC, VNQ, UUP, BIL","```json
{
  ""weights"": {
    ""SPY"": 0.6,
    ""QQQ"": 0.125,
    ""IWM"": 0.125,
    ""DIA"": 0.125,
    ""EFA"": 0.125,
    ""EEM"": 0.125,
    ""VEA"": 0.125,
    ""VWO"": 0.125,
    ""AGG"": 0.125,
    ""BND"": 0.125,
    ""SHY"": 0.125,
    ""IEF"": 0.125,
    ""TLT"": 0.125,
    ""TIP"": 0.125,
    ""LQD"": 0.125,
    ""HYG"": 0.125,
    ""GLD"": 0.125,
    ""SLV"": 0.125,
    ""DBC"": 0.125,
    ""VNQ"": 0.125,
    ""UUP"": 0.125,
    ""BIL"": 0.125
  }
}
```",1,0,0,14.482183957938105,427,1,0,0,0,301,8.456001,2334,stop,[],0,0,0,0,SLV,SPY,SPY,0,0,0.6666666666666666,1.1224806201550381,0.5921576061678715,3.7470027081099033e-16,1.0477500027681816e-16,0.28118393234672323,0,"{""SPY"":0.1860465116,""QQQ"":0.0387596899,""IWM"":0.0387596899,""DIA"":0.0387596899,""EFA"":0.0387596899,""EEM"":0.0387596899,""VEA"":0.0387596899,""VWO"":0.0387596899,""AGG"":0.0387596899,""BND"":0.0387596899,""SHY"":0.0387596899,""IEF"":0.0387596899,""TLT"":0.0387596899,""TIP"":0.0387596899,""LQD"":0.0387596899,""HYG"":0.0387596899,""GLD"":0.0387596899,""SLV"":0.0387596899,""DBC"":0.0387596899,""VNQ"":0.0387596899,""UUP"":0.0387596899,""BIL"":0.0387596899}","{""SPY"":0.1860465116,""QQQ"":0.0387596899,""IWM"":0.0387596899,""DIA"":0.0387596899,""EFA"":0.0387596899,""EEM"":0.0387596899,""VEA"":0.0387596899,""VWO"":0.0387596899,""AGG"":0.0387596899,""BND"":0.0387596899,""SHY"":0.0387596899,""IEF"":0.0387596899,""TLT"":0.0387596899,""TIP"":0.0387596899,""LQD"":0.0387596899,""HYG"":0.0387596899,""GLD"":0.0387596899,""SLV"":0.0387596899,""DBC"":0.0387596899,""VNQ"":0.0387596899,""UUP"":0.0387596899,""BIL"":0.0387596899}","{""SPY"":0.019047619,""QQQ"":0.019047619,""IWM"":0.019047619,""DIA"":0.019047619,""EFA"":0.019047619,""EEM"":0.019047619,""VEA"":0.019047619,""VWO"":0.019047619,""AGG"":0.019047619,""BND"":0.019047619,""SHY"":0.019047619,""IEF"":0.019047619,""TLT"":0.019047619,""TIP"":0.019047619,""LQD"":0.019047619,""HYG"":0.019047619,""GLD"":0.019047619,""SLV"":0.6,""DBC"":0.019047619,""VNQ"":0.019047619,""UUP"":0.019047619,""BIL"":0.019047619}",0,0.9999999999999998,0.18604651162790697,0.03875968992248062,2.220446049250313e-16,0,0,0.9999999999999994,0.1860465116279069,0.038759689922480606,1,1,1,6749a78e7d36e2deb56f5acc
q1_20260801_011049,model_family_generalization,P3,qwen3.5:4b,P3,,,real_ticker,,2015-11-04,42,10.0,0.6,0.25,81199d4ba2d6d09a,"You are a CONTRARIAN MEAN-REVERSION policy profile. Use only the provided feature values. Strongly favor the eligible asset with the lowest `_r3m` value, reflecting recent underperformance. Allocate 60.0% of total portfolio weight to that target asset as the language-level policy target. Distribute the remaining weight equally among all other eligible assets. Include every eligible ticker exactly once. Return strictly valid JSON only with a `weights` object whose values are decimals, not percentages.
Hard constraints for the execution layer: long-only weights, weights sum to one, maximum single-asset weight 0.60, and turnover cap 0.25. You propose weights; deterministic projection will enforce final feasibility.

Current Features:
- SPY_r1m: 0.06355218
- SPY_r3m: 0.01489593
- SPY_r12m: 0.06733256
- SPY_vol3m: 0.21710810
- SPY_mdd: -0.00534579
- QQQ_r1m: 0.09542825
- QQQ_r3m: 0.04390968
- QQQ_r12m: 0.14702423
- QQQ_vol3m: 0.25088881
- QQQ_mdd: 0.00000000
- IWM_r1m: 0.05156014
- IWM_r3m: -0.01707309
- IWM_r12m: 0.03558668
- IWM_vol3m: 0.22052952
- IWM_mdd: -0.07656234
- DIA_r1m: 0.06585703
- DIA_r3m: 0.03126090
- DIA_r12m: 0.05297199
- DIA_vol3m: 0.21045681
- DIA_mdd: -0.01429903
- EFA_r1m: 0.02713141
- EFA_r3m: -0.05252592
- EFA_r12m: -0.00102328
- EFA_vol3m: 0.20974118
- EFA_mdd: -0.09021254
- EEM_r1m: 0.03564166
- EEM_r3m: -0.01596917
- EEM_r12m: -0.12705907
- EEM_vol3m: 0.28150496
- EEM_mdd: -0.22148562
- VEA_r1m: 0.02857147
- VEA_r3m: -0.04608422
- VEA_r12m: 0.00368231
- VEA_vol3m: 0.21077207
- VEA_mdd: -0.08600643
- VWO_r1m: 0.03115992
- VWO_r3m: -0.03589447
- VWO_r12m: -0.13206438
- VWO_vol3m: 0.28608892
- VWO_mdd: -0.20032172
- AGG_r1m: -0.00561575
- AGG_r3m: 0.00414263
- AGG_r12m: 0.01677308
- AGG_vol3m: 0.03487067
- AGG_mdd: -0.01341774
- BND_r1m: -0.00453562
- BND_r3m: 0.00492152
- BND_r12m: 0.01789518
- BND_vol3m: 0.03516037
- BND_mdd: -0.01543375
- SHY_r1m: -0.00375423
- SHY_r3m: 0.00012763
- SHY_r12m: 0.00498819
- SHY_vol3m: 0.01049935
- SHY_mdd: -0.00480727
- IEF_r1m: -0.01489888
- IEF_r3m: 0.00604910
- IEF_r12m: 0.03232470
- IEF_vol3m: 0.05862688
- IEF_mdd: -0.02456820
- TLT_r1m: -0.01658068
- TLT_r3m: -0.00700840
- TLT_r12m: 0.04089752
- TLT_vol3m: 0.14295409
- TLT_mdd: -0.10567233
- TIP_r1m: -0.00967361
- TIP_r3m: -0.00744259
- TIP_r12m: -0.01807394
- TIP_vol3m: 0.04839325
- TIP_mdd: -0.07544146
- LQD_r1m: -0.00310502
- LQD_r3m: 0.00868171
- LQD_r12m: 0.00388992
- LQD_vol3m: 0.05248304
- LQD_mdd: -0.04240429
- HYG_r1m: 0.02127220
- HYG_r3m: -0.00586418
- HYG_r12m: -0.02253115
- HYG_vol3m: 0.06986573
- HYG_mdd: -0.03797382
- GLD_r1m: -0.03540870
- GLD_r3m: 0.01513557
- GLD_r12m: -0.05569417
- GLD_vol3m: 0.13943144
- GLD_mdd: -0.42591688
- SLV_r1m: -0.04578630
- SLV_r3m: 0.02787708
- SLV_r12m: -0.06380205
- SLV_vol3m: 0.24739090
- SLV_mdd: -0.69572576
- DBC_r1m: -0.03322684
- DBC_r3m: -0.02324080
- DBC_r12m: -0.30596334
- DBC_vol3m: 0.20066854
- DBC_mdd: -0.52600252
- VNQ_r1m: 0.03661229
- VNQ_r3m: 0.03457099
- VNQ_r12m: 0.04811533
- VNQ_vol3m: 0.20059077
- VNQ_mdd: -0.06908857
- UUP_r1m: 0.02573382
- UUP_r3m: -0.00195631
- UUP_r12m: 0.10242000
- UUP_vol3m: 0.08984974
- UUP_mdd: -0.03699512
- BIL_r1m: -0.00021917
- BIL_r3m: -0.00043773
- BIL_r12m: -0.00153084
- BIL_vol3m: 0.00224689
- BIL_mdd: -0.00409903
- cross_vol: 0.14636918

Assets: SPY, QQQ, IWM, DIA, EFA, EEM, VEA, VWO, AGG, BND, SHY, IEF, TLT, TIP, LQD, HYG, GLD, SLV, DBC, VNQ, UUP, BIL","```json
{
  ""weights"": {
    ""SPY"": 0.15384615,
    ""QQQ"": 0.12903226,
    ""IWM"": 0.17647059,
    ""DIA"": 0.12903226,
    ""EFA"": 0.18421053,
    ""EEM"": 0.12903226,
    ""VEA"": 0.17647059,
    ""VWO"": 0.12903226,
    ""AGG"": 0.18421053,
    ""BND"": 0.12903226,
    ""SHY"": 0.17647059,
    ""IEF"": 0.12903226,
    ""TLT"": 0.18421053,
    ""TIP"": 0.12903226,
    ""LQD"": 0.17647059,
    ""HYG"": 0.12903226,
    ""GLD"": 0.18421053,
    ""SLV"": 0.12903226,
    ""DBC"": 0.17647059,
    ""VNQ"": 0.12903226,
    ""UUP"": 0.18421053,
    ""BIL"": 0.12903226
  }
}
```",1,0,0,17.66039679199457,539,1,0,0,0,413,11.619695,2334,stop,[],0,0,0,0,EFA,EFA,EFA,1,1,0.3333333333333333,1.090890144291935,0.5592971677398866,0.0,0.0,0.15930102381692604,0,"{""SPY"":0.0455623553,""QQQ"":0.0382135898,""IWM"":0.0522627035,""DIA"":0.0382135898,""EFA"":0.0545549279,""EEM"":0.0382135898,""VEA"":0.0522627035,""VWO"":0.0382135898,""AGG"":0.0545549279,""BND"":0.0382135898,""SHY"":0.0522627035,""IEF"":0.0382135898,""TLT"":0.0545549279,""TIP"":0.0382135898,""LQD"":0.0522627035,""HYG"":0.0382135898,""GLD"":0.0545549279,""SLV"":0.0382135898,""DBC"":0.0522627035,""VNQ"":0.0382135898,""UUP"":0.0545549279,""BIL"":0.0382135898}","{""SPY"":0.0455623553,""QQQ"":0.0382135898,""IWM"":0.0522627035,""DIA"":0.0382135898,""EFA"":0.0545549279,""EEM"":0.0382135898,""VEA"":0.0522627035,""VWO"":0.0382135898,""AGG"":0.0545549279,""BND"":0.0382135898,""SHY"":0.0522627035,""IEF"":0.0382135898,""TLT"":0.0545549279,""TIP"":0.0382135898,""LQD"":0.0522627035,""HYG"":0.0382135898,""GLD"":0.0545549279,""SLV"":0.0382135898,""DBC"":0.0522627035,""VNQ"":0.0382135898,""UUP"":0.0545549279,""BIL"":0.0382135898}","{""SPY"":0.019047619,""QQQ"":0.019047619,""IWM"":0.019047619,""DIA"":0.019047619,""EFA"":0.6,""EEM"":0.019047619,""VEA"":0.019047619,""VWO"":0.019047619,""AGG"":0.019047619,""BND"":0.019047619,""SHY"":0.019047619,""IEF"":0.019047619,""TLT"":0.019047619,""TIP"":0.019047619,""LQD"":0.019047619,""HYG"":0.019047619,""GLD"":0.019047619,""SLV"":0.019047619,""DBC"":0.019047619,""VNQ"":0.019047619,""UUP"":0.019047619,""BIL"":0.019047619}",0,1.0,0.05455492785403272,0.038213589826503365,0.0,0,0,1.0,0.05455492785403272,0.038213589826503365,1,1,1,7208e2d21bcda86bea4d66a7
q1_20260801_011049,model_family_generalization,P3,qwen3.5:4b,P3,,,real_ticker,,2017-03-08,42,10.0,0.6,0.25,21bbfb6f13d723fc,"You are a CONTRARIAN MEAN-REVERSION policy profile. Use only the provided feature values. Strongly favor the eligible asset with the lowest `_r3m` value, reflecting recent underperformance. Allocate 60.0% of total portfolio weight to that target asset as the language-level policy target. Distribute the remaining weight equally among all other eligible assets. Include every eligible ticker exactly once. Return strictly valid JSON only with a `weights` object whose values are decimals, not percentages.
Hard constraints for the execution layer: long-only weights, weights sum to one, maximum single-asset weight 0.60, and turnover cap 0.25. You propose weights; deterministic projection will enforce final feasibility.

Current Features:
- SPY_r1m: 0.03332910
- SPY_r3m: 0.07671644
- SPY_r12m: 0.21794332
- SPY_vol3m: 0.07049640
- SPY_mdd: -0.01342872
- QQQ_r1m: 0.03902098
- QQQ_r3m: 0.12458562
- QQQ_r12m: 0.26928760
- QQQ_vol3m: 0.07385144
- QQQ_mdd: -0.00532525
- IWM_r1m: 0.00044157
- IWM_r3m: 0.02486317
- IWM_r12m: 0.29872353
- IWM_vol3m: 0.13471107
- IWM_mdd: -0.03177541
- DIA_r1m: 0.04442924
- DIA_r3m: 0.09166292
- DIA_r12m: 0.26008415
- DIA_vol3m: 0.06938009
- DIA_mdd: -0.01142117
- EFA_r1m: 0.01004844
- EFA_r3m: 0.06397011
- EFA_r12m: 0.11564827
- EFA_vol3m: 0.08173701
- EFA_mdd: -0.06940914
- EEM_r1m: 0.00610715
- EEM_r3m: 0.08227145
- EEM_r12m: 0.19914154
- EEM_vol3m: 0.13366759
- EEM_mdd: -0.14554546
- VEA_r1m: 0.00579702
- VEA_r3m: 0.06162481
- VEA_r12m: 0.12642002
- VEA_vol3m: 0.08232636
- VEA_mdd: -0.05129750
- VWO_r1m: 0.01204175
- VWO_r3m: 0.07876991
- VWO_r12m: 0.21014934
- VWO_vol3m: 0.12658692
- VWO_mdd: -0.10861701
- AGG_r1m: -0.00583672
- AGG_r3m: 0.00041809
- AGG_r12m: 0.00352924
- AGG_vol3m: 0.03372477
- AGG_mdd: -0.03609771
- BND_r1m: -0.00609787
- BND_r3m: 0.00011928
- BND_r12m: 0.00334975
- BND_vol3m: 0.03452135
- BND_mdd: -0.03847171
- SHY_r1m: -0.00291140
- SHY_r3m: -0.00099711
- SHY_r12m: 0.00125116
- SHY_vol3m: 0.00945374
- SHY_mdd: -0.00790175
- IEF_r1m: -0.01060656
- IEF_r3m: -0.00592824
- IEF_r12m: -0.03346053
- IEF_vol3m: 0.05301710
- IEF_mdd: -0.07517592
- TLT_r1m: -0.01431017
- TLT_r3m: -0.00752097
- TLT_r12m: -0.07181413
- TLT_vol3m: 0.11236306
- TLT_mdd: -0.16652099
- TIP_r1m: -0.00928947
- TIP_r3m: -0.00053068
- TIP_r12m: 0.01903762
- TIP_vol3m: 0.04248982
- TIP_mdd: -0.04096783
- LQD_r1m: -0.00642347
- LQD_r3m: 0.00558117
- LQD_r12m: 0.04007511
- LQD_vol3m: 0.04753382
- LQD_mdd: -0.04476260
- HYG_r1m: -0.00551270
- HYG_r3m: 0.02347609
- HYG_r12m: 0.13516933
- HYG_vol3m: 0.03922253
- HYG_mdd: -0.01892799
- GLD_r1m: -0.02242990
- GLD_r3m: 0.03155816
- GLD_r12m: -0.04577877
- GLD_vol3m: 0.11087103
- GLD_mdd: -0.37667263
- SLV_r1m: -0.02972652
- SLV_r3m: 0.02770778
- SLV_r12m: 0.11627906
- SLV_vol3m: 0.19805599
- SLV_mdd: -0.65467625
- DBC_r1m: -0.03984823
- DBC_r3m: -0.03188777
- DBC_r12m: 0.14912954
- DBC_vol3m: 0.11438316
- DBC_mdd: -0.52443608
- VNQ_r1m: -0.00931504
- VNQ_r3m: 0.03746160
- VNQ_r12m: 0.08370603
- VNQ_vol3m: 0.13080573
- VNQ_mdd: -0.09134414
- UUP_r1m: 0.02248076
- UUP_r3m: 0.01932000
- UUP_r12m: 0.04641026
- UUP_vol3m: 0.07632795
- UUP_mdd: -0.01198502
- BIL_r1m: -0.00017566
- BIL_r3m: 0.00052486
- BIL_r12m: 0.00164212
- BIL_vol3m: 0.00339720
- BIL_mdd: -0.00246364
- cross_vol: 0.08086019

Assets: SPY, QQQ, IWM, DIA, EFA, EEM, VEA, VWO, AGG, BND, SHY, IEF, TLT, TIP, LQD, HYG, GLD, SLV, DBC, VNQ, UUP, BIL","```json
{
  ""weights"": {
    ""SPY"": 0.6,
    ""QQQ"": 0.125,
    ""IWM"": 0.125,
    ""DIA"": 0.125,
    ""EFA"": 0.125,
    ""EEM"": 0.125,
    ""VEA"": 0.125,
    ""VWO"": 0.125,
    ""AGG"": 0.125,
    ""BND"": 0.125,
    ""SHY"": 0.125,
    ""IEF"": 0.125,
    ""TLT"": 0.125,
    ""TIP"": 0.125,
    ""LQD"": 0.125,
    ""HYG"": 0.125,
    ""GLD"": 0.125,
    ""SLV"": 0.125,
    ""DBC"": 0.125,
    ""VNQ"": 0.125,
    ""UUP"": 0.125,
    ""BIL"": 0.125
  }
}
```",1,0,0,14.615680000046268,427,1,0,0,0,301,8.575241,2334,stop,[],0,0,0,0,DBC,SPY,SPY,0,0,0.6666666666666666,1.1224806201550381,0.5921576061678715,3.7470027081099033e-16,1.0477500027681816e-16,0.28118393234672323,0,"{""SPY"":0.1860465116,""QQQ"":0.0387596899,""IWM"":0.0387596899,""DIA"":0.0387596899,""EFA"":0.0387596899,""EEM"":0.0387596899,""VEA"":0.0387596899,""VWO"":0.0387596899,""AGG"":0.0387596899,""BND"":0.0387596899,""SHY"":0.0387596899,""IEF"":0.0387596899,""TLT"":0.0387596899,""TIP"":0.0387596899,""LQD"":0.0387596899,""HYG"":0.0387596899,""GLD"":0.0387596899,""SLV"":0.0387596899,""DBC"":0.0387596899,""VNQ"":0.0387596899,""UUP"":0.0387596899,""BIL"":0.0387596899}","{""SPY"":0.1860465116,""QQQ"":0.0387596899,""IWM"":0.0387596899,""DIA"":0.0387596899,""EFA"":0.0387596899,""EEM"":0.0387596899,""VEA"":0.0387596899,""VWO"":0.0387596899,""AGG"":0.0387596899,""BND"":0.0387596899,""SHY"":0.0387596899,""IEF"":0.0387596899,""TLT"":0.0387596899,""TIP"":0.0387596899,""LQD"":0.0387596899,""HYG"":0.0387596899,""GLD"":0.0387596899,""SLV"":0.0387596899,""DBC"":0.0387596899,""VNQ"":0.0387596899,""UUP"":0.0387596899,""BIL"":0.0387596899}","{""SPY"":0.019047619,""QQQ"":0.019047619,""IWM"":0.019047619,""DIA"":0.019047619,""EFA"":0.019047619,""EEM"":0.019047619,""VEA"":0.019047619,""VWO"":0.019047619,""AGG"":0.019047619,""BND"":0.019047619,""SHY"":0.019047619,""IEF"":0.019047619,""TLT"":0.019047619,""TIP"":0.019047619,""LQD"":0.019047619,""HYG"":0.019047619,""GLD"":0.019047619,""SLV"":0.019047619,""DBC"":0.6,""VNQ"":0.019047619,""UUP"":0.019047619,""BIL"":0.019047619}",0,0.9999999999999998,0.18604651162790697,0.03875968992248062,2.220446049250313e-16,0,0,0.9999999999999994,0.1860465116279069,0.038759689922480606,1,1,1,da2386f99f529430113ee806
q1_20260801_011049,model_family_generalization,P3,qwen3.5:4b,P3,,,real_ticker,,2018-01-05,42,10.0,0.6,0.25,b180bf16063e1e69,"You are a CONTRARIAN MEAN-REVERSION policy profile. Use only the provided feature values. Strongly favor the eligible asset with the lowest `_r3m` value, reflecting recent underperformance. Allocate 60.0% of total portfolio weight to that target asset as the language-level policy target. Distribute the remaining weight equally among all other eligible assets. Include every eligible ticker exactly once. Return strictly valid JSON only with a `weights` object whose values are decimals, not percentages.
Hard constraints for the execution layer: long-only weights, weights sum to one, maximum single-asset weight 0.60, and turnover cap 0.25. You propose weights; deterministic projection will enforce final feasibility.

Current Features:
- SPY_r1m: 0.04417929
- SPY_r3m: 0.07915503
- SPY_r12m: 0.23116435
- SPY_vol3m: 0.05868879
- SPY_mdd: 0.00000000
- QQQ_r1m: 0.06183277
- QQQ_r3m: 0.10035697
- QQQ_r12m: 0.35183209
- QQQ_vol3m: 0.10697084
- QQQ_mdd: 0.00000000
- IWM_r1m: 0.02946103
- IWM_r3m: 0.03405101
- IWM_r12m: 0.15189093
- IWM_vol3m: 0.09679892
- IWM_mdd: 0.00000000
- DIA_r1m: 0.04664558
- DIA_r3m: 0.11626610
- DIA_r12m: 0.30032631
- DIA_vol3m: 0.06232716
- DIA_mdd: 0.00000000
- EFA_r1m: 0.05310852
- EFA_r3m: 0.06771771
- EFA_r12m: 0.25402630
- EFA_vol3m: 0.06627542
- EFA_mdd: 0.00000000
- EEM_r1m: 0.08659156
- EEM_r3m: 0.08753922
- EEM_r12m: 0.38835277
- EEM_vol3m: 0.12605615
- EEM_mdd: 0.00000000
- VEA_r1m: 0.05475824
- VEA_r3m: 0.07371010
- VEA_r12m: 0.26585167
- VEA_vol3m: 0.06651868
- VEA_mdd: 0.00000000
- VWO_r1m: 0.08967606
- VWO_r3m: 0.07964519
- VWO_r12m: 0.32981968
- VWO_vol3m: 0.11620385
- VWO_mdd: 0.00000000
- AGG_r1m: -0.00168321
- AGG_r3m: 0.00087501
- AGG_r12m: 0.02717255
- AGG_vol3m: 0.02348980
- AGG_mdd: -0.00729761
- BND_r1m: -0.00243293
- BND_r3m: 0.00088849
- BND_r12m: 0.02992311
- BND_vol3m: 0.02377469
- BND_mdd: -0.00833827
- SHY_r1m: -0.00054858
- SHY_r3m: -0.00402260
- SHY_r12m: 0.00167153
- SHY_vol3m: 0.00628280
- SHY_mdd: -0.00716208
- IEF_r1m: -0.00609315
- IEF_r3m: -0.00576775
- IEF_r12m: 0.01419193
- IEF_vol3m: 0.03399461
- IEF_mdd: -0.05109347
- TLT_r1m: -0.00993497
- TLT_r3m: 0.02065846
- TLT_r12m: 0.05665001
- TLT_vol3m: 0.09730552
- TLT_mdd: -0.09161539
- TIP_r1m: 0.00270342
- TIP_r3m: 0.01174256
- TIP_r12m: 0.02099206
- TIP_vol3m: 0.02835731
- TIP_mdd: -0.01330013
- LQD_r1m: 0.00004459
- LQD_r3m: 0.00613208
- LQD_r12m: 0.05448026
- LQD_vol3m: 0.03805262
- LQD_mdd: -0.00551130
- HYG_r1m: 0.01186418
- HYG_r3m: 0.00621513
- HYG_r12m: 0.06078966
- HYG_vol3m: 0.03349994
- HYG_mdd: 0.00000000
- GLD_r1m: 0.04163898
- GLD_r3m: 0.03991043
- GLD_r12m: 0.11325280
- GLD_vol3m: 0.08823770
- GLD_mdd: -0.32103579
- SLV_r1m: 0.06500327
- SLV_r3m: 0.03377946
- SLV_r12m: 0.02918776
- SLV_vol3m: 0.15591118
- SLV_mdd: -0.65679222
- DBC_r1m: 0.03788810
- DBC_r3m: 0.08015507
- DBC_r12m: 0.05425862
- DBC_vol3m: 0.10863793
- DBC_mdd: -0.47650380
- VNQ_r1m: -0.01394883
- VNQ_r3m: -0.01512844
- VNQ_r12m: 0.00331687
- VNQ_vol3m: 0.09331326
- VNQ_mdd: -0.06172277
- UUP_r1m: -0.01265642
- UUP_r3m: -0.01751023
- UUP_r12m: -0.08533268
- UUP_vol3m: 0.05170730
- UUP_mdd: -0.10177618
- BIL_r1m: 0.00089756
- BIL_r3m: 0.00238621
- BIL_r12m: 0.00711161
- BIL_vol3m: 0.00260695
- BIL_mdd: 0.00000000
- cross_vol: 0.06750052

Assets: SPY, QQQ, IWM, DIA, EFA, EEM, VEA, VWO, AGG, BND, SHY, IEF, TLT, TIP, LQD, HYG, GLD, SLV, DBC, VNQ, UUP, BIL","```json
{
  ""weights"": {
    ""SPY"": 0.6,
    ""QQQ"": 0.125,
    ""IWM"": 0.125,
    ""DIA"": 0.125,
    ""EFA"": 0.125,
    ""EEM"": 0.125,
    ""VEA"": 0.125,
    ""VWO"": 0.125,
    ""AGG"": 0.125,
    ""BND"": 0.125,
    ""SHY"": 0.125,
    ""IEF"": 0.125,
    ""TLT"": 0.125,
    ""TIP"": 0.125,
    ""LQD"": 0.125,
    ""HYG"": 0.125,
    ""GLD"": 0.125,
    ""SLV"": 0.125,
    ""DBC"": 0.125,
    ""VNQ"": 0.125,
    ""UUP"": 0.125,
    ""BIL"": 0.125
  }
}
```",1,0,0,14.484773707808927,427,1,0,0,0,301,8.460388999,2334,stop,[],0,0,0,0,UUP,SPY,SPY,0,0,1.0,1.1224806201550381,0.5921576061678714,3.7470027081099033e-16,1.0477500027681816e-16,0.28118393234672323,0,"{""SPY"":0.1860465116,""QQQ"":0.0387596899,""IWM"":0.0387596899,""DIA"":0.0387596899,""EFA"":0.0387596899,""EEM"":0.0387596899,""VEA"":0.0387596899,""VWO"":0.0387596899,""AGG"":0.0387596899,""BND"":0.0387596899,""SHY"":0.0387596899,""IEF"":0.0387596899,""TLT"":0.0387596899,""TIP"":0.0387596899,""LQD"":0.0387596899,""HYG"":0.0387596899,""GLD"":0.0387596899,""SLV"":0.0387596899,""DBC"":0.0387596899,""VNQ"":0.0387596899,""UUP"":0.0387596899,""BIL"":0.0387596899}","{""SPY"":0.1860465116,""QQQ"":0.0387596899,""IWM"":0.0387596899,""DIA"":0.0387596899,""EFA"":0.0387596899,""EEM"":0.0387596899,""VEA"":0.0387596899,""VWO"":0.0387596899,""AGG"":0.0387596899,""BND"":0.0387596899,""SHY"":0.0387596899,""IEF"":0.0387596899,""TLT"":0.0387596899,""TIP"":0.0387596899,""LQD"":0.0387596899,""HYG"":0.0387596899,""GLD"":0.0387596899,""SLV"":0.0387596899,""DBC"":0.0387596899,""VNQ"":0.0387596899,""UUP"":0.0387596899,""BIL"":0.0387596899}","{""SPY"":0.019047619,""QQQ"":0.019047619,""IWM"":0.019047619,""DIA"":0.019047619,""EFA"":0.019047619,""EEM"":0.019047619,""VEA"":0.019047619,""VWO"":0.019047619,""AGG"":0.019047619,""BND"":0.019047619,""SHY"":0.019047619,""IEF"":0.019047619,""TLT"":0.019047619,""TIP"":0.019047619,""LQD"":0.019047619,""HYG"":0.019047619,""GLD"":0.019047619,""SLV"":0.019047619,""DBC"":0.019047619,""VNQ"":0.019047619,""UUP"":0.6,""BIL"":0.019047619}",0,0.9999999999999998,0.18604651162790697,0.03875968992248062,2.220446049250313e-16,0,0,0.9999999999999994,0.1860465116279069,0.038759689922480606,1,1,1,deb90f119b53b8842cdc9b06
q1_20260801_011049,model_family_generalization,P3,qwen3.5:4b,P3,,,real_ticker,,2019-05-09,42,10.0,0.6,0.25,3ff5238044549201,"You are a CONTRARIAN MEAN-REVERSION policy profile. Use only the provided feature values. Strongly favor the eligible asset with the lowest `_r3m` value, reflecting recent underperformance. Allocate 60.0% of total portfolio weight to that target asset as the language-level policy target. Distribute the remaining weight equally among all other eligible assets. Include every eligible ticker exactly once. Return strictly valid JSON only with a `weights` object whose values are decimals, not percentages.
Hard constraints for the execution layer: long-only weights, weights sum to one, maximum single-asset weight 0.60, and turnover cap 0.25. You propose weights; deterministic projection will enforce final feasibility.

Current Features:
- SPY_r1m: -0.00226275
- SPY_r3m: 0.06582756
- SPY_r12m: 0.09478944
- SPY_vol3m: 0.09580870
- SPY_mdd: -0.02506550
- QQQ_r1m: 0.00157196
- QQQ_r3m: 0.10031644
- QQQ_r12m: 0.12222501
- QQQ_vol3m: 0.11510087
- QQQ_mdd: -0.03317471
- IWM_r1m: 0.00637918
- IWM_r3m: 0.04620456
- IWM_r12m: 0.00182457
- IWM_vol3m: 0.15063857
- IWM_mdd: -0.08942642
- DIA_r1m: -0.01114855
- DIA_r3m: 0.03157495
- DIA_r12m: 0.08486647
- DIA_vol3m: 0.09881017
- DIA_mdd: -0.03017095
- EFA_r1m: -0.01548506
- EFA_r3m: 0.04226925
- EFA_r12m: -0.05779312
- EFA_vol3m: 0.09836946
- EFA_mdd: -0.11163368
- EEM_r1m: -0.05822597
- EEM_r3m: -0.01580192
- EEM_r12m: -0.08156832
- EEM_vol3m: 0.14831093
- EEM_mdd: -0.18138269
- VEA_r1m: -0.01925851
- VEA_r3m: 0.03477293
- VEA_r12m: -0.06538724
- VEA_vol3m: 0.09928218
- VEA_mdd: -0.11909024
- VWO_r1m: -0.05507291
- VWO_r3m: 0.00707782
- VWO_r12m: -0.06262578
- VWO_vol3m: 0.14810608
- VWO_mdd: -0.16526100
- AGG_r1m: 0.00471187
- AGG_r3m: 0.02190375
- AGG_r12m: 0.05988381
- AGG_vol3m: 0.02656927
- AGG_mdd: 0.00000000
- BND_r1m: 0.00502073
- BND_r3m: 0.02210543
- BND_r12m: 0.06044256
- BND_vol3m: 0.02704355
- BND_mdd: 0.00000000
- SHY_r1m: 0.00341133
- SHY_r3m: 0.00951010
- SHY_r12m: 0.03033306
- SHY_vol3m: 0.00900614
- SHY_mdd: 0.00000000
- IEF_r1m: 0.00617405
- IEF_r3m: 0.02254297
- IEF_r12m: 0.07266997
- IEF_vol3m: 0.04312103
- IEF_mdd: -0.01158189
- TLT_r1m: 0.00969710
- TLT_r3m: 0.03195522
- TLT_r12m: 0.08137050
- TLT_vol3m: 0.09062296
- TLT_mdd: -0.06470077
- TIP_r1m: 0.00386182
- TIP_r3m: 0.02118114
- TIP_r12m: 0.02984121
- TIP_vol3m: 0.03277262
- TIP_mdd: -0.00348235
- LQD_r1m: 0.00431460
- LQD_r3m: 0.03283651
- LQD_r12m: 0.07642514
- LQD_vol3m: 0.03862540
- LQD_mdd: -0.00416418
- HYG_r1m: 0.00038877
- HYG_r3m: 0.02725938
- HYG_r12m: 0.06306885
- HYG_vol3m: 0.03112624
- HYG_mdd: -0.00715827
- GLD_r1m: -0.01583439
- GLD_r3m: -0.02052692
- GLD_r12m: -0.02720924
- GLD_vol3m: 0.09454293
- GLD_mdd: -0.34340972
- SLV_r1m: -0.03151259
- SLV_r3m: -0.06364255
- SLV_r12m: -0.10831723
- SLV_vol3m: 0.14470178
- SLV_mdd: -0.70736351
- DBC_r1m: -0.03333334
- DBC_r3m: 0.01228170
- DBC_r12m: -0.10527903
- DBC_vol3m: 0.09239528
- DBC_mdd: -0.50302616
- VNQ_r1m: -0.01093327
- VNQ_r3m: 0.02894010
- VNQ_r12m: 0.15783378
- VNQ_vol3m: 0.11374941
- VNQ_mdd: -0.02396400
- UUP_r1m: 0.00692847
- UUP_r3m: 0.01829493
- UUP_r12m: 0.08056124
- UUP_vol3m: 0.04548472
- UUP_mdd: -0.00875474
- BIL_r1m: 0.00190321
- BIL_r3m: 0.00569870
- BIL_r12m: 0.02028811
- BIL_vol3m: 0.00170460
- BIL_mdd: 0.00000000
- cross_vol: 0.07935877

Assets: SPY, QQQ, IWM, DIA, EFA, EEM, VEA, VWO, AGG, BND, SHY, IEF, TLT, TIP, LQD, HYG, GLD, SLV, DBC, VNQ, UUP, BIL","```json
{
  ""weights"": {
    ""SPY"": 0.6,
    ""QQQ"": 0.125,
    ""IWM"": 0.125,
    ""DIA"": 0.125,
    ""EFA"": 0.125,
    ""EEM"": 0.125,
    ""VEA"": 0.125,
    ""VWO"": 0.125,
    ""AGG"": 0.125,
    ""BND"": 0.125,
    ""SHY"": 0.125,
    ""IEF"": 0.125,
    ""TLT"": 0.125,
    ""TIP"": 0.125,
    ""LQD"": 0.125,
    ""HYG"": 0.125,
    ""GLD"": 0.125,
    ""SLV"": 0.125,
    ""DBC"": 0.125,
    ""VNQ"": 0.125,
    ""UUP"": 0.125,
    ""BIL"": 0.125
  }
}
```",1,0,0,14.71300270804204,427,1,0,0,0,301,8.471663,2334,stop,[],0,0,0,0,SLV,SPY,SPY,0,0,0.6666666666666666,1.1224806201550381,0.5921576061678715,3.7470027081099033e-16,1.0477500027681816e-16,0.28118393234672323,0,"{""SPY"":0.1860465116,""QQQ"":0.0387596899,""IWM"":0.0387596899,""DIA"":0.0387596899,""EFA"":0.0387596899,""EEM"":0.0387596899,""VEA"":0.0387596899,""VWO"":0.0387596899,""AGG"":0.0387596899,""BND"":0.0387596899,""SHY"":0.0387596899,""IEF"":0.0387596899,""TLT"":0.0387596899,""TIP"":0.0387596899,""LQD"":0.0387596899,""HYG"":0.0387596899,""GLD"":0.0387596899,""SLV"":0.0387596899,""DBC"":0.0387596899,""VNQ"":0.0387596899,""UUP"":0.0387596899,""BIL"":0.0387596899}","{""SPY"":0.1860465116,""QQQ"":0.0387596899,""IWM"":0.0387596899,""DIA"":0.0387596899,""EFA"":0.0387596899,""EEM"":0.0387596899,""VEA"":0.0387596899,""VWO"":0.0387596899,""AGG"":0.0387596899,""BND"":0.0387596899,""SHY"":0.0387596899,""IEF"":0.0387596899,""TLT"":0.0387596899,""TIP"":0.0387596899,""LQD"":0.0387596899,""HYG"":0.0387596899,""GLD"":0.0387596899,""SLV"":0.0387596899,""DBC"":0.0387596899,""VNQ"":0.0387596899,""UUP"":0.0387596899,""BIL"":0.0387596899}","{""SPY"":0.019047619,""QQQ"":0.019047619,""IWM"":0.019047619,""DIA"":0.019047619,""EFA"":0.019047619,""EEM"":0.019047619,""VEA"":0.019047619,""VWO"":0.019047619,""AGG"":0.019047619,""BND"":0.019047619,""SHY"":0.019047619,""IEF"":0.019047619,""TLT"":0.019047619,""TIP"":0.019047619,""LQD"":0.019047619,""HYG"":0.019047619,""GLD"":0.019047619,""SLV"":0.6,""DBC"":0.019047619,""VNQ"":0.019047619,""UUP"":0.019047619,""BIL"":0.019047619}",0,0.9999999999999998,0.18604651162790697,0.03875968992248062,2.220446049250313e-16,0,0,0.9999999999999994,0.1860465116279069,0.038759689922480606,1,1,1,d463741759001f29fe9d9444
q1_20260801_011049,model_family_generalization,P3,qwen3.5:4b,P3,,,real_ticker,,2019-09-09,42,10.0,0.6,0.25,23f153e6701734e3,"You are a CONTRARIAN MEAN-REVERSION policy profile. Use only the provided feature values. Strongly favor the eligible asset with the lowest `_r3m` value, reflecting recent underperformance. Allocate 60.0% of total portfolio weight to that target asset as the language-level policy target. Distribute the remaining weight equally among all other eligible assets. Include every eligible ticker exactly once. Return strictly valid JSON only with a `weights` object whose values are decimals, not percentages.
Hard constraints for the execution layer: long-only weights, weights sum to one, maximum single-asset weight 0.60, and turnover cap 0.25. You propose weights; deterministic projection will enforce final feasibility.

Current Features:
- SPY_r1m: 0.01559880
- SPY_r3m: 0.03696073
- SPY_r12m: 0.05531090
- SPY_vol3m: 0.15245726
- SPY_mdd: -0.01261500
- QQQ_r1m: 0.01556362
- QQQ_r3m: 0.04620675
- QQQ_r12m: 0.06076174
- QQQ_vol3m: 0.18544344
- QQQ_mdd: -0.02099420
- IWM_r1m: -0.00413043
- IWM_r3m: 0.00458309
- IWM_r12m: -0.09880829
- IWM_vol3m: 0.18791580
- IWM_mdd: -0.11125683
- DIA_r1m: 0.02036345
- DIA_r3m: 0.03594730
- DIA_r12m: 0.05589472
- DIA_vol3m: 0.14781233
- DIA_mdd: -0.01414706
- EFA_r1m: 0.02114214
- EFA_r3m: 0.00572255
- EFA_r12m: 0.01314462
- EFA_vol3m: 0.12316525
- EFA_mdd: -0.09428820
- EEM_r1m: 0.02730921
- EEM_r3m: 0.00205505
- EEM_r12m: 0.01345468
- EEM_vol3m: 0.17022429
- EEM_mdd: -0.18205928
- VEA_r1m: 0.01990553
- VEA_r3m: 0.00451626
- VEA_r12m: -0.00005764
- VEA_vol3m: 0.12376255
- VEA_mdd: -0.10381702
- VWO_r1m: 0.02247468
- VWO_r3m: 0.01055302
- VWO_r12m: 0.04678236
- VWO_vol3m: 0.16334524
- VWO_mdd: -0.15849175
- AGG_r1m: 0.00586412
- AGG_r3m: 0.03388051
- AGG_r12m: 0.09921356
- AGG_vol3m: 0.03621172
- AGG_mdd: -0.00745366
- BND_r1m: 0.00578809
- BND_r3m: 0.03447275
- BND_r12m: 0.09761675
- BND_vol3m: 0.03713430
- BND_mdd: -0.00857290
- SHY_r1m: 0.00089315
- SHY_r3m: 0.00903842
- SHY_r12m: 0.04096814
- SHY_vol3m: 0.01513513
- SHY_mdd: -0.00317307
- IEF_r1m: 0.00523716
- IEF_r3m: 0.04228128
- IEF_r12m: 0.12711646
- IEF_vol3m: 0.05660929
- IEF_mdd: -0.01356704
- TLT_r1m: 0.02225703
- TLT_r3m: 0.10360744
- TLT_r12m: 0.22295633
- TLT_vol3m: 0.13706245
- TLT_mdd: -0.02940985
- TIP_r1m: 0.00093007
- TIP_r3m: 0.02756328
- TIP_r12m: 0.06629759
- TIP_vol3m: 0.04140446
- TIP_mdd: -0.01127424
- LQD_r1m: 0.00938582
- LQD_r3m: 0.05861432
- LQD_r12m: 0.14511201
- LQD_vol3m: 0.05678998
- LQD_mdd: -0.01242885
- HYG_r1m: 0.01427495
- HYG_r3m: 0.02476574
- HYG_r12m: 0.07303114
- HYG_vol3m: 0.05119133
- HYG_mdd: 0.00000000
- GLD_r1m: -0.00239890
- GLD_r3m: 0.12814168
- GLD_r12m: 0.24528799
- GLD_vol3m: 0.16104264
- GLD_mdd: -0.23403217
- SLV_r1m: 0.05915667
- SLV_r3m: 0.22133529
- SLV_r12m: 0.26446276
- SLV_vol3m: 0.23505377
- SLV_mdd: -0.64388488
- DBC_r1m: 0.02968962
- DBC_r3m: 0.00859223
- DBC_r12m: -0.09653945
- DBC_vol3m: 0.15370854
- DBC_mdd: -0.51572025
- VNQ_r1m: 0.02242731
- VNQ_r3m: 0.05820342
- VNQ_r12m: 0.15837078
- VNQ_vol3m: 0.13541878
- VNQ_mdd: -0.00979545
- UUP_r1m: 0.00906017
- UUP_r3m: 0.02531646
- UUP_r12m: 0.07169649
- UUP_vol3m: 0.04901403
- UUP_mdd: -0.00742661
- BIL_r1m: 0.00139906
- BIL_r3m: 0.00501565
- BIL_r12m: 0.02182610
- BIL_vol3m: 0.00216312
- BIL_mdd: 0.00000000
- cross_vol: 0.11009389

Assets: SPY, QQQ, IWM, DIA, EFA, EEM, VEA, VWO, AGG, BND, SHY, IEF, TLT, TIP, LQD, HYG, GLD, SLV, DBC, VNQ, UUP, BIL","```json
{
  ""weights"": {
    ""SPY"": 0.6,
    ""QQQ"": 0.12579348,
    ""IWM"": 0.12579348,
    ""DIA"": 0.12579348,
    ""EFA"": 0.12579348,
    ""EEM"": 0.12579348,
    ""VEA"": 0.12579348,
    ""VWO"": 0.12579348,
    ""AGG"": 0.12579348,
    ""BND"": 0.12579348,
    ""SHY"": 0.12579348,
    ""IEF"": 0.12579348,
    ""TLT"": 0.12579348,
    ""TIP"": 0.12579348,
    ""LQD"": 0.12579348,
    ""HYG"": 0.12579348,
    ""GLD"": 0.12579348,
    ""SLV"": 0.12579348,
    ""DBC"": 0.12579348,
    ""VNQ"": 0.12579348,
    ""UUP"": 0.12579348,
    ""BIL"": 0.12579348
  }
}
```",1,0,0,17.724628375144675,532,1,0,0,0,406,11.728955,2334,stop,[],0,0,0,0,EEM,SPY,SPY,0,0,0.3333333333333333,1.1223895408649316,0.5918758024894916,1.457167719820518e-16,3.179800655392251e-17,0.2792712672544722,0,"{""SPY"":0.1850901791,""QQQ"":0.0388052296,""IWM"":0.0388052296,""DIA"":0.0388052296,""EFA"":0.0388052296,""EEM"":0.0388052296,""VEA"":0.0388052296,""VWO"":0.0388052296,""AGG"":0.0388052296,""BND"":0.0388052296,""SHY"":0.0388052296,""IEF"":0.0388052296,""TLT"":0.0388052296,""TIP"":0.0388052296,""LQD"":0.0388052296,""HYG"":0.0388052296,""GLD"":0.0388052296,""SLV"":0.0388052296,""DBC"":0.0388052296,""VNQ"":0.0388052296,""UUP"":0.0388052296,""BIL"":0.0388052296}","{""SPY"":0.1850901791,""QQQ"":0.0388052296,""IWM"":0.0388052296,""DIA"":0.0388052296,""EFA"":0.0388052296,""EEM"":0.0388052296,""VEA"":0.0388052296,""VWO"":0.0388052296,""AGG"":0.0388052296,""BND"":0.0388052296,""SHY"":0.0388052296,""IEF"":0.0388052296,""TLT"":0.0388052296,""TIP"":0.0388052296,""LQD"":0.0388052296,""HYG"":0.0388052296,""GLD"":0.0388052296,""SLV"":0.0388052296,""DBC"":0.0388052296,""VNQ"":0.0388052296,""UUP"":0.0388052296,""BIL"":0.0388052296}","{""SPY"":0.019047619,""QQQ"":0.019047619,""IWM"":0.019047619,""DIA"":0.019047619,""EFA"":0.019047619,""EEM"":0.6,""VEA"":0.019047619,""VWO"":0.019047619,""AGG"":0.019047619,""BND"":0.019047619,""SHY"":0.019047619,""IEF"":0.019047619,""TLT"":0.019047619,""TIP"":0.019047619,""LQD"":0.019047619,""HYG"":0.019047619,""GLD"":0.019047619,""SLV"":0.019047619,""DBC"":0.019047619,""VNQ"":0.019047619,""UUP"":0.019047619,""BIL"":0.019047619}",0,1.0,0.18509017908178169,0.03880522956753421,0.0,0,0,1.0,0.18509017908178169,0.03880522956753422,1,1,1,6f9fa588a2c20c46b6e9e21e
q1_20260801_011049,model_family_generalization,P3,qwen3.5:4b,P3,,,real_ticker,,2020-09-08,42,10.0,0.6,0.25,42ac94bdf6e812c6,"You are a CONTRARIAN MEAN-REVERSION policy profile. Use only the provided feature values. Strongly favor the eligible asset with the lowest `_r3m` value, reflecting recent underperformance. Allocate 60.0% of total portfolio weight to that target asset as the language-level policy target. Distribute the remaining weight equally among all other eligible assets. Include every eligible ticker exactly once. Return strictly valid JSON only with a `weights` object whose values are decimals, not percentages.
Hard constraints for the execution layer: long-only weights, weights sum to one, maximum single-asset weight 0.60, and turnover cap 0.25. You propose weights; deterministic projection will enforce final feasibility.

Current Features:
- SPY_r1m: -0.00406501
- SPY_r3m: 0.04328779
- SPY_r12m: 0.13971018
- SPY_vol3m: 0.20520504
- SPY_mdd: -0.06846520
- QQQ_r1m: -0.00559922
- QQQ_r3m: 0.11146477
- QQQ_r12m: 0.42335305
- QQQ_vol3m: 0.26403538
- QQQ_mdd: -0.10836969
- IWM_r1m: -0.04040481
- IWM_r3m: 0.00071060
- IWM_r12m: 0.00081970
- IWM_vol3m: 0.28068665
- IWM_mdd: -0.11052834
- DIA_r1m: 0.00509787
- DIA_r3m: 0.01337278
- DIA_r12m: 0.04793963
- DIA_vol3m: 0.22570523
- DIA_mdd: -0.05542039
- EFA_r1m: 0.00157158
- EFA_r3m: 0.01292397
- EFA_r12m: 0.00993209
- EFA_vol3m: 0.19770643
- EFA_mdd: -0.08529258
- EEM_r1m: -0.00683839
- EEM_r3m: 0.07172398
- EEM_r12m: 0.08165509
- EEM_vol3m: 0.22189815
- EEM_mdd: -0.11527026
- VEA_r1m: 0.00219724
- VEA_r3m: 0.02329228
- VEA_r12m: 0.02803228
- VEA_vol3m: 0.19482345
- VEA_mdd: -0.07869497
- VWO_r1m: -0.00391327
- VWO_r3m: 0.07643231
- VWO_r12m: 0.07836677
- VWO_vol3m: 0.22059811
- VWO_mdd: -0.09254547
- AGG_r1m: -0.00841405
- AGG_r3m: 0.01429156
- AGG_r12m: 0.06969416
- AGG_vol3m: 0.02612786
- AGG_mdd: -0.01007155
- BND_r1m: -0.00969902
- BND_r3m: 0.01547233
- BND_r12m: 0.07246418
- BND_vol3m: 0.02784548
- BND_mdd: -0.01080567
- SHY_r1m: -0.00047408
- SHY_r3m: 0.00138659
- SHY_r12m: 0.03427634
- SHY_vol3m: 0.00363679
- SHY_mdd: -0.00081970
- IEF_r1m: -0.00580908
- IEF_r3m: 0.01410812
- IEF_r12m: 0.09544497
- IEF_vol3m: 0.03454413
- IEF_mdd: -0.01009069
- TLT_r1m: -0.03505451
- TLT_r3m: 0.03665568
- TLT_r12m: 0.16348307
- TLT_vol3m: 0.12845816
- TLT_mdd: -0.04456007
- TIP_r1m: 0.00174338
- TIP_r3m: 0.04290780
- TIP_r12m: 0.09241353
- TIP_vol3m: 0.03463938
- TIP_mdd: -0.00558643
- LQD_r1m: -0.02439783
- LQD_r3m: 0.02686337
- LQD_r12m: 0.09467231
- LQD_vol3m: 0.06910272
- LQD_mdd: -0.02713238
- HYG_r1m: -0.00953089
- HYG_r3m: 0.01375316
- HYG_r12m: 0.01262807
- HYG_vol3m: 0.08909565
- HYG_mdd: -0.02055090
- GLD_r1m: -0.04989259
- GLD_r3m: 0.12420935
- GLD_r12m: 0.28219813
- GLD_vol3m: 0.18964211
- GLD_mdd: -0.06498533
- SLV_r1m: -0.05498284
- SLV_r3m: 0.50730815
- SLV_r12m: 0.47058824
- SLV_vol3m: 0.55145241
- SLV_mdd: -0.47630129
- DBC_r1m: -0.02657555
- DBC_r3m: 0.04397402
- DBC_r12m: -0.14643738
- DBC_vol3m: 0.16081489
- DBC_mdd: -0.58663691
- VNQ_r1m: -0.01808427
- VNQ_r3m: -0.04275215
- VNQ_r12m: -0.09796688
- VNQ_vol3m: 0.24481293
- VNQ_mdd: -0.17305706
- UUP_r1m: -0.00039628
- UUP_r3m: -0.03223315
- UUP_r12m: -0.03760204
- UUP_vol3m: 0.06097549
- UUP_mdd: -0.10217167
- BIL_r1m: 0.00000000
- BIL_r3m: 0.00010953
- BIL_r12m: 0.00932154
- BIL_vol3m: 0.00130517
- BIL_mdd: -0.00058917
- cross_vol: 0.15605053

Assets: SPY, QQQ, IWM, DIA, EFA, EEM, VEA, VWO, AGG, BND, SHY, IEF, TLT, TIP, LQD, HYG, GLD, SLV, DBC, VNQ, UUP, BIL","```json
{
  ""weights"": {
    ""SPY"": 0.6,
    ""QQQ"": 0.125,
    ""IWM"": 0.125,
    ""DIA"": 0.0375,
    ""EFA"": 0.0375,
    ""EEM"": 0.0375,
    ""VEA"": 0.0375,
    ""VWO"": 0.0375,
    ""AGG"": 0.0375,
    ""BND"": 0.0375,
    ""SHY"": 0.0375,
    ""IEF"": 0.0375,
    ""TLT"": 0.0375,
    ""TIP"": 0.0375,
    ""LQD"": 0.0375,
    ""HYG"": 0.0375,
    ""GLD"": 0.0375,
    ""SLV"": 0.0375,
    ""DBC"": 0.0375,
    ""VNQ"": 0.0375,
    ""UUP"": 0.0375,
    ""BIL"": 0.0375
  }
}
```",1,0,0,15.18392129195854,446,1,0,0,0,320,9.113738,2334,stop,[],0,0,0,0,VNQ,SPY,SPY,0,0,0.6666666666666666,1.1520000000000001,0.6876322383644438,6.591949208711867e-17,1.512296865354102e-17,0.8152727272727276,0,"{""SPY"":0.384,""QQQ"":0.08,""IWM"":0.08,""DIA"":0.024,""EFA"":0.024,""EEM"":0.024,""VEA"":0.024,""VWO"":0.024,""AGG"":0.024,""BND"":0.024,""SHY"":0.024,""IEF"":0.024,""TLT"":0.024,""TIP"":0.024,""LQD"":0.024,""HYG"":0.024,""GLD"":0.024,""SLV"":0.024,""DBC"":0.024,""VNQ"":0.024,""UUP"":0.024,""BIL"":0.024}","{""SPY"":0.384,""QQQ"":0.08,""IWM"":0.08,""DIA"":0.024,""EFA"":0.024,""EEM"":0.024,""VEA"":0.024,""VWO"":0.024,""AGG"":0.024,""BND"":0.024,""SHY"":0.024,""IEF"":0.024,""TLT"":0.024,""TIP"":0.024,""LQD"":0.024,""HYG"":0.024,""GLD"":0.024,""SLV"":0.024,""DBC"":0.024,""VNQ"":0.024,""UUP"":0.024,""BIL"":0.024}","{""SPY"":0.019047619,""QQQ"":0.019047619,""IWM"":0.019047619,""DIA"":0.019047619,""EFA"":0.019047619,""EEM"":0.019047619,""VEA"":0.019047619,""VWO"":0.019047619,""AGG"":0.019047619,""BND"":0.019047619,""SHY"":0.019047619,""IEF"":0.019047619,""TLT"":0.019047619,""TIP"":0.019047619,""LQD"":0.019047619,""HYG"":0.019047619,""GLD"":0.019047619,""SLV"":0.019047619,""DBC"":0.019047619,""VNQ"":0.6,""UUP"":0.019047619,""BIL"":0.019047619}",0,1.0000000000000002,0.384,0.024,2.220446049250313e-16,0,0,1.0,0.384,0.023999999999999997,1,1,1,71e2e2841cf39638458a0f1b
q1_20260801_011049,model_family_generalization,P3,qwen3.5:4b,P3,,,real_ticker,,2021-09-08,42,10.0,0.6,0.25,7bfd3da664fe132e,"You are a CONTRARIAN MEAN-REVERSION policy profile. Use only the provided feature values. Strongly favor the eligible asset with the lowest `_r3m` value, reflecting recent underperformance. Allocate 60.0% of total portfolio weight to that target asset as the language-level policy target. Distribute the remaining weight equally among all other eligible assets. Include every eligible ticker exactly once. Return strictly valid JSON only with a `weights` object whose values are decimals, not percentages.
Hard constraints for the execution layer: long-only weights, weights sum to one, maximum single-asset weight 0.60, and turnover cap 0.25. You propose weights; deterministic projection will enforce final feasibility.

Current Features:
- SPY_r1m: 0.01985833
- SPY_r3m: 0.07289284
- SPY_r12m: 0.37338641
- SPY_vol3m: 0.09329927
- SPY_mdd: -0.00503091
- QQQ_r1m: 0.03267948
- QQQ_r3m: 0.13175881
- QQQ_r12m: 0.41654025
- QQQ_vol3m: 0.10118020
- QQQ_mdd: -0.00348065
- IWM_r1m: 0.00792218
- IWM_r3m: -0.03061995
- IWM_r12m: 0.50966423
- IWM_vol3m: 0.18821418
- IWM_mdd: -0.04155746
- DIA_r1m: 0.00055320
- DIA_r3m: 0.02109900
- DIA_r12m: 0.29591187
- DIA_vol3m: 0.10619576
- DIA_mdd: -0.01465518
- EFA_r1m: 0.01507418
- EFA_r3m: 0.01106864
- EFA_r12m: 0.30858368
- EFA_vol3m: 0.11569793
- EFA_mdd: -0.00791411
- EEM_r1m: 0.01036253
- EEM_r3m: -0.04340568
- EEM_r12m: 0.22623900
- EEM_vol3m: 0.16391210
- EEM_mdd: -0.08763750
- VEA_r1m: 0.01263150
- VEA_r3m: 0.00733275
- VEA_r12m: 0.32395589
- VEA_vol3m: 0.11790166
- VEA_mdd: -0.00973250
- VWO_r1m: 0.02118563
- VWO_r3m: -0.03126184
- VWO_r12m: 0.24156469
- VWO_vol3m: 0.16112787
- VWO_mdd: -0.06383959
- AGG_r1m: 0.00274071
- AGG_r3m: 0.01026080
- AGG_r12m: -0.00321528
- AGG_vol3m: 0.03189885
- AGG_mdd: -0.01325445
- BND_r1m: 0.00261083
- BND_r3m: 0.01066155
- BND_r12m: -0.00360139
- BND_vol3m: 0.03398786
- BND_mdd: -0.01436814
- SHY_r1m: 0.00061493
- SHY_r3m: -0.00037073
- SHY_r12m: 0.00031190
- SHY_vol3m: 0.00554247
- SHY_mdd: -0.00089190
- IEF_r1m: 0.00136867
- IEF_r3m: 0.01493862
- IEF_r12m: -0.03251401
- IEF_vol3m: 0.05022075
- IEF_mdd: -0.04227661
- TLT_r1m: 0.00589556
- TLT_r3m: 0.04800597
- TLT_r12m: -0.08327367
- TLT_vol3m: 0.13067823
- TLT_mdd: -0.12412306
- TIP_r1m: 0.00758789
- TIP_r3m: 0.03147579
- TIP_r12m: 0.05903503
- TIP_vol3m: 0.04188241
- TIP_mdd: -0.00210085
- LQD_r1m: 0.00696212
- LQD_r3m: 0.01918118
- LQD_r12m: 0.02161105
- LQD_vol3m: 0.05166187
- LQD_mdd: -0.00965665
- HYG_r1m: 0.01118633
- HYG_r3m: 0.01492004
- HYG_r12m: 0.09259816
- HYG_vol3m: 0.03042406
- HYG_mdd: -0.00147708
- GLD_r1m: 0.03444220
- GLD_r3m: -0.05475196
- GLD_r12m: -0.07722434
- GLD_vol3m: 0.13736721
- GLD_mdd: -0.13719122
- SLV_r1m: 0.01931035
- SLV_r3m: -0.14003105
- SLV_r12m: -0.10424242
- SLV_vol3m: 0.22962251
- SLV_mdd: -0.53089291
- DBC_r1m: 0.02721446
- DBC_r3m: 0.00208224
- DBC_r12m: 0.50156014
- DBC_vol3m: 0.20321494
- DBC_mdd: -0.37931046
- VNQ_r1m: 0.03648695
- VNQ_r3m: 0.05970770
- VNQ_r12m: 0.41321629
- VNQ_vol3m: 0.12674304
- VNQ_mdd: -0.00631069
- UUP_r1m: -0.00360297
- UUP_r3m: 0.02639166
- UUP_r12m: -0.01308490
- UUP_vol3m: 0.05010014
- UUP_mdd: -0.11391967
- BIL_r1m: -0.00021859
- BIL_r3m: -0.00021859
- BIL_r12m: -0.00095050
- BIL_vol3m: 0.00149376
- BIL_mdd: -0.00153911
- cross_vol: 0.09874396

Assets: SPY, QQQ, IWM, DIA, EFA, EEM, VEA, VWO, AGG, BND, SHY, IEF, TLT, TIP, LQD, HYG, GLD, SLV, DBC, VNQ, UUP, BIL","```json
{
  ""weights"": {
    ""SPY"": 0.12564389,
    ""QQQ"": 0.12719281,
    ""IWM"": 0.12874173,
    ""DIA"": 0.13029065,
    ""EFA"": 0.13183957,
    ""EEM"": 0.13338849,
    ""VEA"": 0.13493741,
    ""VWO"": 0.13648633,
    ""AGG"": 0.15219281,
    ""BND"": 0.15374173,
    ""SHY"": 0.15529065,
    ""IEF"": 0.15683957,
    ""TLT"": 0.15838849,
    ""TIP"": 0.15993741,
    ""LQD"": 0.16148633,
    ""HYG"": 0.16303525,
    ""GLD"": 0.16458417,
    ""SLV"": 0.16613309,
    ""DBC"": 0.16768201,
    ""VNQ"": 0.16923093,
    ""UUP"": 0.17077985,
    ""BIL"": 0.17232877
  }
}
```",1,0,0,18.184123625047505,539,1,0,0,0,413,11.942472,2334,stop,[],0,0,0,0,SLV,BIL,BIL,0,0,0.0,1.0999250081006346,0.5633361651523202,0.0,0.0,0.09566635329680605,0,"{""SPY"":0.0378425853,""QQQ"":0.0383091034,""IWM"":0.0387756214,""DIA"":0.0392421394,""EFA"":0.0397086574,""EEM"":0.0401751754,""VEA"":0.0406416934,""VWO"":0.0411082114,""AGG"":0.0458388339,""BND"":0.0463053519,""SHY"":0.0467718699,""IEF"":0.0472383879,""TLT"":0.0477049059,""TIP"":0.0481714239,""LQD"":0.0486379419,""HYG"":0.0491044599,""GLD"":0.0495709779,""SLV"":0.0500374959,""DBC"":0.050504014,""VNQ"":0.050970532,""UUP"":0.05143705,""BIL"":0.051903568}","{""SPY"":0.0378425853,""QQQ"":0.0383091034,""IWM"":0.0387756214,""DIA"":0.0392421394,""EFA"":0.0397086574,""EEM"":0.0401751754,""VEA"":0.0406416934,""VWO"":0.0411082114,""AGG"":0.0458388339,""BND"":0.0463053519,""SHY"":0.0467718699,""IEF"":0.0472383879,""TLT"":0.0477049059,""TIP"":0.0481714239,""LQD"":0.0486379419,""HYG"":0.0491044599,""GLD"":0.0495709779,""SLV"":0.0500374959,""DBC"":0.050504014,""VNQ"":0.050970532,""UUP"":0.05143705,""BIL"":0.051903568}","{""SPY"":0.019047619,""QQQ"":0.019047619,""IWM"":0.019047619,""DIA"":0.019047619,""EFA"":0.019047619,""EEM"":0.019047619,""VEA"":0.019047619,""VWO"":0.019047619,""AGG"":0.019047619,""BND"":0.019047619,""SHY"":0.019047619,""IEF"":0.019047619,""TLT"":0.019047619,""TIP"":0.019047619,""LQD"":0.019047619,""HYG"":0.019047619,""GLD"":0.019047619,""SLV"":0.6,""DBC"":0.019047619,""VNQ"":0.019047619,""UUP"":0.019047619,""BIL"":0.019047619}",0,1.0,0.05190356798208469,0.03784258534514331,0.0,0,0,1.0,0.05190356798208469,0.03784258534514331,1,1,1,0b41716626b219e51306555e
q1_20260801_011049,model_family_generalization,P3,qwen3.5:4b,P3,,,real_ticker,,2022-03-09,42,10.0,0.6,0.25,a0bf4642200b65da,"You are a CONTRARIAN MEAN-REVERSION policy profile. Use only the provided feature values. Strongly favor the eligible asset with the lowest `_r3m` value, reflecting recent underperformance. Allocate 60.0% of total portfolio weight to that target asset as the language-level policy target. Distribute the remaining weight equally among all other eligible assets. Include every eligible ticker exactly once. Return strictly valid JSON only with a `weights` object whose values are decimals, not percentages.
Hard constraints for the execution layer: long-only weights, weights sum to one, maximum single-asset weight 0.60, and turnover cap 0.25. You propose weights; deterministic projection will enforce final feasibility.

Current Features:
- SPY_r1m: -0.04438135
- SPY_r3m: -0.08407032
- SPY_r12m: 0.11172847
- SPY_vol3m: 0.20252318
- SPY_mdd: -0.10529411
- QQQ_r1m: -0.05671154
- QQQ_r3m: -0.15688145
- QQQ_r12m: 0.08274543
- QQQ_vol3m: 0.28963811
- QQQ_mdd: -0.16974819
- IWM_r1m: 0.00461474
- IWM_r3m: -0.10357699
- IWM_r12m: -0.11020515
- IWM_vol3m: 0.26033700
- IWM_mdd: -0.17179913
- DIA_r1m: -0.04843472
- DIA_r3m: -0.06421161
- DIA_r12m: 0.04854007
- DIA_vol3m: 0.16196427
- DIA_mdd: -0.09165628
- EFA_r1m: -0.07821542
- EFA_r3m: -0.09823133
- EFA_r12m: -0.04097428
- EFA_vol3m: 0.20041109
- EFA_mdd: -0.12809642
- EEM_r1m: -0.08752074
- EEM_r3m: -0.10206526
- EEM_r12m: -0.15245857
- EEM_vol3m: 0.20561343
- EEM_mdd: -0.22074747
- VEA_r1m: -0.06680164
- VEA_r3m: -0.08992161
- VEA_r12m: -0.03083520
- VEA_vol3m: 0.19018792
- VEA_mdd: -0.12045210
- VWO_r1m: -0.08104258
- VWO_r3m: -0.08328381
- VWO_r12m: -0.10722423
- VWO_vol3m: 0.19600896
- VWO_mdd: -0.17423364
- AGG_r1m: -0.01328900
- AGG_r3m: -0.04385671
- AGG_r12m: -0.03075102
- AGG_vol3m: 0.05690983
- AGG_mdd: -0.06237999
- BND_r1m: -0.01427066
- BND_r3m: -0.04550562
- BND_r12m: -0.03009691
- BND_vol3m: 0.05783658
- BND_mdd: -0.06479311
- SHY_r1m: -0.00501753
- SHY_r3m: -0.01373547
- SHY_r12m: -0.02057068
- SHY_vol3m: 0.01897780
- SHY_mdd: -0.02190961
- IEF_r1m: -0.00026818
- IEF_r3m: -0.03408016
- IEF_r12m: -0.02315617
- IEF_vol3m: 0.07932245
- IEF_mdd: -0.08497288
- TLT_r1m: -0.01796737
- TLT_r3m: -0.09307900
- TLT_r12m: -0.01033186
- TLT_vol3m: 0.17035555
- TLT_mdd: -0.18611123
- TIP_r1m: 0.03431860
- TIP_r3m: 0.00006570
- TIP_r12m: 0.06604091
- TIP_vol3m: 0.07644227
- TIP_mdd: -0.01013066
- LQD_r1m: -0.03031521
- LQD_r3m: -0.08457962
- LQD_r12m: -0.04382693
- LQD_vol3m: 0.08460734
- LQD_mdd: -0.09633590
- HYG_r1m: -0.01430213
- HYG_r3m: -0.04313311
- HYG_r12m: -0.00917384
- HYG_vol3m: 0.06229552
- HYG_mdd: -0.05087691
- GLD_r1m: 0.09235205
- GLD_r3m: 0.11396205
- GLD_r12m: 0.14944948
- GLD_vol3m: 0.14872077
- GLD_mdd: -0.04162150
- SLV_r1m: 0.11894681
- SLV_r3m: 0.14368092
- SLV_r12m: -0.02138160
- SLV_vol3m: 0.23144544
- SLV_mdd: -0.49640288
- DBC_r1m: 0.12937067
- DBC_r3m: 0.28301893
- DBC_r12m: 0.49883991
- DBC_vol3m: 0.24939108
- DBC_mdd: -0.16682507
- VNQ_r1m: -0.00600748
- VNQ_r3m: -0.05412442
- VNQ_r12m: 0.20409103
- VNQ_vol3m: 0.19104449
- VNQ_mdd: -0.10145679
- UUP_r1m: 0.02660402
- UUP_r3m: 0.01626642
- UUP_r12m: 0.06105939
- UUP_vol3m: 0.06435584
- UUP_mdd: -0.06585990
- BIL_r1m: 0.00035040
- BIL_r3m: 0.00013173
- BIL_r12m: -0.00063330
- BIL_vol3m: 0.00173315
- BIL_mdd: -0.00162611
- cross_vol: 0.14546009

Assets: SPY, QQQ, IWM, DIA, EFA, EEM, VEA, VWO, AGG, BND, SHY, IEF, TLT, TIP, LQD, HYG, GLD, SLV, DBC, VNQ, UUP, BIL","```json
{
  ""weights"": {
    ""SPY"": 0.6,
    ""QQQ"": 0.125,
    ""IWM"": 0.125,
    ""DIA"": 0.0375,
    ""EFA"": 0.0375,
    ""EEM"": 0.0375,
    ""VEA"": 0.0375,
    ""VWO"": 0.0375,
    ""AGG"": 0.125,
    ""BND"": 0.125,
    ""SHY"": 0.125,
    ""IEF"": 0.125,
    ""TLT"": 0.125,
    ""TIP"": 0.125,
    ""LQD"": 0.125,
    ""HYG"": 0.125,
    ""GLD"": 0.125,
    ""SLV"": 0.125,
    ""DBC"": 0.125,
    ""VNQ"": 0.125,
    ""UUP"": 0.125,
    ""BIL"": 0.125
  }
}
```",1,0,0,14.71612250013277,432,1,0,0,0,306,8.648868,2334,stop,[],0,0,0,0,QQQ,SPY,SPY,0,0,1.0,1.166260943839419,0.5973532132363816,1.734723475976807e-17,7.757919228897728e-18,0.3395841826335099,0,"{""SPY"":0.2152466368,""QQQ"":0.0448430493,""IWM"":0.0448430493,""DIA"":0.0134529148,""EFA"":0.0134529148,""EEM"":0.0134529148,""VEA"":0.0134529148,""VWO"":0.0134529148,""AGG"":0.0448430493,""BND"":0.0448430493,""SHY"":0.0448430493,""IEF"":0.0448430493,""TLT"":0.0448430493,""TIP"":0.0448430493,""LQD"":0.0448430493,""HYG"":0.0448430493,""GLD"":0.0448430493,""SLV"":0.0448430493,""DBC"":0.0448430493,""VNQ"":0.0448430493,""UUP"":0.0448430493,""BIL"":0.0448430493}","{""SPY"":0.2152466368,""QQQ"":0.0448430493,""IWM"":0.0448430493,""DIA"":0.0134529148,""EFA"":0.0134529148,""EEM"":0.0134529148,""VEA"":0.0134529148,""VWO"":0.0134529148,""AGG"":0.0448430493,""BND"":0.0448430493,""SHY"":0.0448430493,""IEF"":0.0448430493,""TLT"":0.0448430493,""TIP"":0.0448430493,""LQD"":0.0448430493,""HYG"":0.0448430493,""GLD"":0.0448430493,""SLV"":0.0448430493,""DBC"":0.0448430493,""VNQ"":0.0448430493,""UUP"":0.0448430493,""BIL"":0.0448430493}","{""SPY"":0.019047619,""QQQ"":0.6,""IWM"":0.019047619,""DIA"":0.019047619,""EFA"":0.019047619,""EEM"":0.019047619,""VEA"":0.019047619,""VWO"":0.019047619,""AGG"":0.019047619,""BND"":0.019047619,""SHY"":0.019047619,""IEF"":0.019047619,""TLT"":0.019047619,""TIP"":0.019047619,""LQD"":0.019047619,""HYG"":0.019047619,""GLD"":0.019047619,""SLV"":0.019047619,""DBC"":0.019047619,""VNQ"":0.019047619,""UUP"":0.019047619,""BIL"":0.019047619}",0,1.0,0.21524663677130046,0.013452914798206279,0.0,0,0,1.0,0.21524663677130046,0.013452914798206282,1,1,1,f7090bc8a975a782d61d53a1
q1_20260801_011049,model_family_generalization,P3,qwen3.5:4b,P3,,,real_ticker,,2022-09-08,42,10.0,0.6,0.25,1596ca84037bb69a,"You are a CONTRARIAN MEAN-REVERSION policy profile. Use only the provided feature values. Strongly favor the eligible asset with the lowest `_r3m` value, reflecting recent underperformance. Allocate 60.0% of total portfolio weight to that target asset as the language-level policy target. Distribute the remaining weight equally among all other eligible assets. Include every eligible ticker exactly once. Return strictly valid JSON only with a `weights` object whose values are decimals, not percentages.
Hard constraints for the execution layer: long-only weights, weights sum to one, maximum single-asset weight 0.60, and turnover cap 0.25. You propose weights; deterministic projection will enforce final feasibility.

Current Features:
- SPY_r1m: -0.02666846
- SPY_r3m: -0.02215497
- SPY_r12m: -0.09943763
- SPY_vol3m: 0.23334002
- SPY_mdd: -0.15564101
- QQQ_r1m: -0.05222654
- QQQ_r3m: -0.02126638
- QQQ_r12m: -0.20639307
- QQQ_vol3m: 0.30062486
- QQQ_mdd: -0.25282572
- IWM_r1m: -0.03407115
- IWM_r3m: -0.01998317
- IWM_r12m: -0.17078583
- IWM_vol3m: 0.26842658
- IWM_mdd: -0.23682050
- DIA_r1m: -0.02761675
- DIA_r3m: -0.02931233
- DIA_r12m: -0.07602468
- DIA_vol3m: 0.19073397
- DIA_mdd: -0.12456137
- EFA_r1m: -0.06048444
- EFA_r3m: -0.10075014
- EFA_r12m: -0.22127537
- EFA_vol3m: 0.20465499
- EFA_mdd: -0.22743829
- EEM_r1m: -0.03828840
- EEM_r3m: -0.09784504
- EEM_r12m: -0.25294165
- EEM_vol3m: 0.18969795
- EEM_mdd: -0.31841198
- VEA_r1m: -0.05829594
- VEA_r3m: -0.10266643
- VEA_r12m: -0.21980589
- VEA_vol3m: 0.20694315
- VEA_mdd: -0.22739913
- VWO_r1m: -0.02174952
- VWO_r3m: -0.07441980
- VWO_r12m: -0.20659713
- VWO_vol3m: 0.18001082
- VWO_mdd: -0.25724764
- AGG_r1m: -0.02872679
- AGG_r3m: -0.01753442
- AGG_r12m: -0.12091750
- AGG_vol3m: 0.08604512
- AGG_mdd: -0.13256925
- BND_r1m: -0.02829506
- BND_r3m: -0.01772059
- BND_r12m: -0.12253615
- BND_vol3m: 0.08549383
- BND_mdd: -0.13514367
- SHY_r1m: -0.00266827
- SHY_r3m: -0.00655956
- SHY_r12m: -0.04090586
- SHY_vol3m: 0.02721211
- SHY_mdd: -0.04176128
- IEF_r1m: -0.03872633
- IEF_r3m: -0.01606834
- IEF_r12m: -0.13535478
- IEF_vol3m: 0.11094741
- IEF_mdd: -0.17190905
- TLT_r1m: -0.08136023
- TLT_r3m: -0.04723831
- TLT_r12m: -0.25580122
- TLT_vol3m: 0.20641409
- TLT_mdd: -0.34817345
- TIP_r1m: -0.02733013
- TIP_r3m: -0.02880464
- TIP_r12m: -0.07503159
- TIP_vol3m: 0.09564492
- TIP_mdd: -0.09339167
- LQD_r1m: -0.04008782
- LQD_r3m: -0.02984174
- LQD_r12m: -0.17641262
- LQD_vol3m: 0.12697523
- LQD_mdd: -0.18469943
- HYG_r1m: -0.02124809
- HYG_r3m: -0.01339855
- HYG_r12m: -0.10065134
- HYG_vol3m: 0.14705605
- HYG_mdd: -0.10604838
- GLD_r1m: -0.04916269
- GLD_r3m: -0.07987037
- GLD_r12m: -0.04967421
- GLD_vol3m: 0.13524207
- GLD_mdd: -0.18005056
- SLV_r1m: -0.10036976
- SLV_r3m: -0.16314495
- SLV_r12m: -0.23184481
- SLV_vol3m: 0.27541544
- SLV_mdd: -0.63965296
- DBC_r1m: -0.02718685
- DBC_r3m: -0.18996065
- DBC_r12m: 0.28259731
- DBC_vol3m: 0.28020090
- DBC_mdd: -0.20390527
- VNQ_r1m: -0.04010535
- VNQ_r3m: -0.01686492
- VNQ_r12m: -0.11625079
- VNQ_vol3m: 0.22627040
- VNQ_mdd: -0.17329785
- UUP_r1m: 0.03411885
- UUP_r3m: 0.07260121
- UUP_r12m: 0.18119728
- UUP_vol3m: 0.08898665
- UUP_mdd: -0.00507611
- BIL_r1m: 0.00206842
- BIL_r3m: 0.00360400
- BIL_r12m: 0.00396624
- BIL_vol3m: 0.00214241
- BIL_mdd: 0.00000000
- cross_vol: 0.16674904

Assets: SPY, QQQ, IWM, DIA, EFA, EEM, VEA, VWO, AGG, BND, SHY, IEF, TLT, TIP, LQD, HYG, GLD, SLV, DBC, VNQ, UUP, BIL","```json
{
  ""weights"": {
    ""SPY"": 0.6,
    ""QQQ"": 0.125,
    ""IWM"": 0.125,
    ""DIA"": 0.125,
    ""EFA"": 0.125,
    ""EEM"": 0.125,
    ""VEA"": 0.125,
    ""VWO"": 0.125,
    ""AGG"": 0.125,
    ""BND"": 0.125,
    ""SHY"": 0.125,
    ""IEF"": 0.125,
    ""TLT"": 0.125,
    ""TIP"": 0.125,
    ""LQD"": 0.125,
    ""HYG"": 0.125,
    ""GLD"": 0.125,
    ""SLV"": 0.125,
    ""DBC"": 0.125,
    ""VNQ"": 0.125,
    ""UUP"": 0.125,
    ""BIL"": 0.125
  }
}
```",1,0,0,15.060237874975428,427,1,0,0,0,301,8.772412,2334,stop,[],0,0,0,0,DBC,SPY,SPY,0,0,0.6666666666666666,1.1224806201550381,0.5921576061678715,3.7470027081099033e-16,1.0477500027681816e-16,0.28118393234672323,0,"{""SPY"":0.1860465116,""QQQ"":0.0387596899,""IWM"":0.0387596899,""DIA"":0.0387596899,""EFA"":0.0387596899,""EEM"":0.0387596899,""VEA"":0.0387596899,""VWO"":0.0387596899,""AGG"":0.0387596899,""BND"":0.0387596899,""SHY"":0.0387596899,""IEF"":0.0387596899,""TLT"":0.0387596899,""TIP"":0.0387596899,""LQD"":0.0387596899,""HYG"":0.0387596899,""GLD"":0.0387596899,""SLV"":0.0387596899,""DBC"":0.0387596899,""VNQ"":0.0387596899,""UUP"":0.0387596899,""BIL"":0.0387596899}","{""SPY"":0.1860465116,""QQQ"":0.0387596899,""IWM"":0.0387596899,""DIA"":0.0387596899,""EFA"":0.0387596899,""EEM"":0.0387596899,""VEA"":0.0387596899,""VWO"":0.0387596899,""AGG"":0.0387596899,""BND"":0.0387596899,""SHY"":0.0387596899,""IEF"":0.0387596899,""TLT"":0.0387596899,""TIP"":0.0387596899,""LQD"":0.0387596899,""HYG"":0.0387596899,""GLD"":0.0387596899,""SLV"":0.0387596899,""DBC"":0.0387596899,""VNQ"":0.0387596899,""UUP"":0.0387596899,""BIL"":0.0387596899}","{""SPY"":0.019047619,""QQQ"":0.019047619,""IWM"":0.019047619,""DIA"":0.019047619,""EFA"":0.019047619,""EEM"":0.019047619,""VEA"":0.019047619,""VWO"":0.019047619,""AGG"":0.019047619,""BND"":0.019047619,""SHY"":0.019047619,""IEF"":0.019047619,""TLT"":0.019047619,""TIP"":0.019047619,""LQD"":0.019047619,""HYG"":0.019047619,""GLD"":0.019047619,""SLV"":0.019047619,""DBC"":0.6,""VNQ"":0.019047619,""UUP"":0.019047619,""BIL"":0.019047619}",0,0.9999999999999998,0.18604651162790697,0.03875968992248062,2.220446049250313e-16,0,0,0.9999999999999994,0.1860465116279069,0.038759689922480606,1,1,1,af18edfc09830a2cd60981c7
q1_20260801_011049,model_family_generalization,P3,qwen3.5:4b,P3,,,real_ticker,,2023-07-12,42,10.0,0.6,0.25,b06968be30e1fb45,"You are a CONTRARIAN MEAN-REVERSION policy profile. Use only the provided feature values. Strongly favor the eligible asset with the lowest `_r3m` value, reflecting recent underperformance. Allocate 60.0% of total portfolio weight to that target asset as the language-level policy target. Distribute the remaining weight equally among all other eligible assets. Include every eligible ticker exactly once. Return strictly valid JSON only with a `weights` object whose values are decimals, not percentages.
Hard constraints for the execution layer: long-only weights, weights sum to one, maximum single-asset weight 0.60, and turnover cap 0.25. You propose weights; deterministic projection will enforce final feasibility.

Current Features:
- SPY_r1m: 0.04135081
- SPY_r3m: 0.09264098
- SPY_r12m: 0.17977107
- SPY_vol3m: 0.11872148
- SPY_mdd: -0.04403110
- QQQ_r1m: 0.05312102
- QQQ_r3m: 0.18206464
- QQQ_r12m: 0.29905209
- QQQ_vol3m: 0.16468095
- QQQ_mdd: -0.06645958
- IWM_r1m: 0.03696696
- IWM_r3m: 0.08615429
- IWM_r12m: 0.13335945
- IWM_vol3m: 0.19053999
- IWM_mdd: -0.18989474
- DIA_r1m: 0.01513594
- DIA_r3m: 0.02504857
- DIA_r12m: 0.12469658
- DIA_vol3m: 0.11185929
- DIA_mdd: -0.03789105
- EFA_r1m: 0.02223163
- EFA_r3m: 0.03216652
- EFA_r12m: 0.21859595
- EFA_vol3m: 0.13495043
- EFA_mdd: -0.05160186
- EEM_r1m: 0.02132451
- EEM_r3m: 0.03425605
- EEM_r12m: 0.06751103
- EEM_vol3m: 0.15823575
- EEM_mdd: -0.26122672
- VEA_r1m: 0.02368503
- VEA_r3m: 0.03581551
- VEA_r12m: 0.19963906
- VEA_vol3m: 0.13809538
- VEA_mdd: -0.06897670
- VWO_r1m: 0.02684994
- VWO_r3m: 0.03088665
- VWO_r12m: 0.06763806
- VWO_vol3m: 0.14848979
- VWO_mdd: -0.20642177
- AGG_r1m: 0.00087052
- AGG_r3m: -0.01254278
- AGG_r12m: -0.01093930
- AGG_vol3m: 0.06675379
- AGG_mdd: -0.12908526
- BND_r1m: 0.00143204
- BND_r3m: -0.01287274
- BND_r12m: -0.00904719
- BND_vol3m: 0.06635030
- BND_mdd: -0.13097622
- SHY_r1m: 0.00094352
- SHY_r3m: -0.00373705
- SHY_r12m: 0.00536667
- SHY_vol3m: 0.02492176
- SHY_mdd: -0.03366080
- IEF_r1m: -0.00514100
- IEF_r3m: -0.02561502
- IEF_r12m: -0.03572309
- IEF_vol3m: 0.08664656
- IEF_mdd: -0.18346722
- TLT_r1m: -0.00801569
- TLT_r3m: -0.05020941
- TLT_r12m: -0.09299668
- TLT_vol3m: 0.15435368
- TLT_mdd: -0.37639731
- TIP_r1m: 0.00087570
- TIP_r3m: -0.01830245
- TIP_r12m: -0.01821414
- TIP_vol3m: 0.05888150
- TIP_mdd: -0.10903024
- LQD_r1m: 0.01046408
- LQD_r3m: -0.01087859
- LQD_r12m: 0.00869250
- LQD_vol3m: 0.08487701
- LQD_mdd: -0.16273309
- HYG_r1m: 0.01185569
- HYG_r3m: 0.01825419
- HYG_r12m: 0.06898819
- HYG_vol3m: 0.06143734
- HYG_mdd: -0.06581227
- GLD_r1m: -0.00087886
- GLD_r3m: -0.02362032
- GLD_r12m: 0.12668038
- GLD_vol3m: 0.12121761
- GLD_mdd: -0.06194231
- SLV_r1m: -0.00538845
- SLV_r3m: -0.03862853
- SLV_r12m: 0.25995448
- SLV_vol3m: 0.24265236
- SLV_mdd: -0.53131611
- DBC_r1m: 0.03574576
- DBC_r3m: -0.03216506
- DBC_r12m: -0.09255552
- DBC_vol3m: 0.17046439
- DBC_mdd: -0.23867330
- VNQ_r1m: 0.04884246
- VNQ_r3m: 0.04329015
- VNQ_r12m: -0.02277326
- VNQ_vol3m: 0.17221577
- VNQ_mdd: -0.21684321
- UUP_r1m: -0.02528086
- UUP_r3m: -0.00143887
- UUP_r12m: -0.03099181
- UUP_vol3m: 0.07157771
- UUP_mdd: -0.08691451
- BIL_r1m: 0.00429804
- BIL_r3m: 0.01215781
- BIL_r12m: 0.03703962
- BIL_vol3m: 0.00309620
- BIL_mdd: 0.00000000
- cross_vol: 0.11595541

Assets: SPY, QQQ, IWM, DIA, EFA, EEM, VEA, VWO, AGG, BND, SHY, IEF, TLT, TIP, LQD, HYG, GLD, SLV, DBC, VNQ, UUP, BIL","```json
{
  ""weights"": {
    ""SPY"": 0.6,
    ""QQQ"": 0.125,
    ""IWM"": 0.125,
    ""DIA"": 0.0375,
    ""EFA"": 0.0375,
    ""EEM"": 0.0375,
    ""VEA"": 0.0375,
    ""VWO"": 0.0375,
    ""AGG"": 0.125,
    ""BND"": 0.125,
    ""SHY"": 0.125,
    ""IEF"": 0.125,
    ""TLT"": 0.125,
    ""TIP"": 0.125,
    ""LQD"": 0.125,
    ""HYG"": 0.125,
    ""GLD"": 0.125,
    ""SLV"": 0.125,
    ""DBC"": 0.125,
    ""VNQ"": 0.125,
    ""UUP"": 0.125,
    ""BIL"": 0.125
  }
}
```",1,0,0,14.730480958009139,432,1,0,0,0,306,8.62601,2334,stop,[],0,0,0,0,TLT,SPY,SPY,0,0,0.6666666666666666,1.166260943839419,0.5973532132363816,1.734723475976807e-17,7.757919228897728e-18,0.3395841826335099,0,"{""SPY"":0.2152466368,""QQQ"":0.0448430493,""IWM"":0.0448430493,""DIA"":0.0134529148,""EFA"":0.0134529148,""EEM"":0.0134529148,""VEA"":0.0134529148,""VWO"":0.0134529148,""AGG"":0.0448430493,""BND"":0.0448430493,""SHY"":0.0448430493,""IEF"":0.0448430493,""TLT"":0.0448430493,""TIP"":0.0448430493,""LQD"":0.0448430493,""HYG"":0.0448430493,""GLD"":0.0448430493,""SLV"":0.0448430493,""DBC"":0.0448430493,""VNQ"":0.0448430493,""UUP"":0.0448430493,""BIL"":0.0448430493}","{""SPY"":0.2152466368,""QQQ"":0.0448430493,""IWM"":0.0448430493,""DIA"":0.0134529148,""EFA"":0.0134529148,""EEM"":0.0134529148,""VEA"":0.0134529148,""VWO"":0.0134529148,""AGG"":0.0448430493,""BND"":0.0448430493,""SHY"":0.0448430493,""IEF"":0.0448430493,""TLT"":0.0448430493,""TIP"":0.0448430493,""LQD"":0.0448430493,""HYG"":0.0448430493,""GLD"":0.0448430493,""SLV"":0.0448430493,""DBC"":0.0448430493,""VNQ"":0.0448430493,""UUP"":0.0448430493,""BIL"":0.0448430493}","{""SPY"":0.019047619,""QQQ"":0.019047619,""IWM"":0.019047619,""DIA"":0.019047619,""EFA"":0.019047619,""EEM"":0.019047619,""VEA"":0.019047619,""VWO"":0.019047619,""AGG"":0.019047619,""BND"":0.019047619,""SHY"":0.019047619,""IEF"":0.019047619,""TLT"":0.6,""TIP"":0.019047619,""LQD"":0.019047619,""HYG"":0.019047619,""GLD"":0.019047619,""SLV"":0.019047619,""DBC"":0.019047619,""VNQ"":0.019047619,""UUP"":0.019047619,""BIL"":0.019047619}",0,1.0,0.21524663677130046,0.013452914798206279,0.0,0,0,1.0,0.21524663677130046,0.013452914798206282,1,1,1,9797fd6ade7e580e0a13773d
q1_20260801_011049,model_family_generalization,P3,qwen3.5:4b,P3,,,real_ticker,,2023-09-11,42,10.0,0.6,0.25,2512404085f32bad,"You are a CONTRARIAN MEAN-REVERSION policy profile. Use only the provided feature values. Strongly favor the eligible asset with the lowest `_r3m` value, reflecting recent underperformance. Allocate 60.0% of total portfolio weight to that target asset as the language-level policy target. Distribute the remaining weight equally among all other eligible assets. Include every eligible ticker exactly once. Return strictly valid JSON only with a `weights` object whose values are decimals, not percentages.
Hard constraints for the execution layer: long-only weights, weights sum to one, maximum single-asset weight 0.60, and turnover cap 0.25. You propose weights; deterministic projection will enforce final feasibility.

Current Features:
- SPY_r1m: 0.00569633
- SPY_r3m: 0.04702430
- SPY_r12m: 0.13835137
- SPY_vol3m: 0.10399169
- SPY_mdd: -0.03882279
- QQQ_r1m: 0.02273525
- QQQ_r3m: 0.06484375
- QQQ_r12m: 0.26333584
- QQQ_vol3m: 0.16203598
- QQQ_mdd: -0.05606795
- IWM_r1m: -0.03334747
- IWM_r3m: -0.00362120
- IWM_r12m: 0.01993928
- IWM_vol3m: 0.14702851
- IWM_mdd: -0.22160325
- DIA_r1m: -0.01138382
- DIA_r3m: 0.02848569
- DIA_r12m: 0.11345482
- DIA_vol3m: 0.09105157
- DIA_mdd: -0.02523864
- EFA_r1m: -0.02065541
- EFA_r3m: -0.00559275
- EFA_r12m: 0.19418738
- EFA_vol3m: 0.12952381
- EFA_mdd: -0.07741655
- EEM_r1m: -0.02391032
- EEM_r3m: -0.01680898
- EEM_r12m: 0.04343015
- EEM_vol3m: 0.16142496
- EEM_mdd: -0.28881051
- VEA_r1m: -0.01897350
- VEA_r3m: -0.00411220
- VEA_r12m: 0.17232875
- VEA_vol3m: 0.13068184
- VEA_mdd: -0.09425778
- VWO_r1m: -0.01858558
- VWO_r3m: 0.00052050
- VWO_r12m: 0.04103352
- VWO_vol3m: 0.15156878
- VWO_mdd: -0.22676990
- AGG_r1m: -0.00459023
- AGG_r3m: -0.01562030
- AGG_r12m: -0.01252621
- AGG_vol3m: 0.06471880
- AGG_mdd: -0.14343487
- BND_r1m: -0.00539878
- BND_r3m: -0.01509376
- BND_r12m: -0.01176302
- BND_vol3m: 0.06310314
- BND_mdd: -0.14531700
- SHY_r1m: 0.00105805
- SHY_r3m: 0.00339006
- SHY_r12m: 0.01091840
- SHY_vol3m: 0.01893717
- SHY_mdd: -0.03129884
- IEF_r1m: -0.01100155
- IEF_r3m: -0.02979198
- IEF_r12m: -0.03839012
- IEF_vol3m: 0.07986821
- IEF_mdd: -0.20369957
- TLT_r1m: -0.01693656
- TLT_r3m: -0.07294729
- TLT_r12m: -0.10592170
- TLT_vol3m: 0.15374578
- TLT_mdd: -0.41721603
- TIP_r1m: -0.00253188
- TIP_r3m: -0.01089258
- TIP_r12m: -0.02880469
- TIP_vol3m: 0.06120516
- TIP_mdd: -0.11950624
- LQD_r1m: -0.00490980
- LQD_r3m: -0.01093690
- LQD_r12m: 0.00519263
- LQD_vol3m: 0.08907253
- LQD_mdd: -0.18046587
- HYG_r1m: 0.00213698
- HYG_r3m: 0.01532666
- HYG_r12m: 0.04859396
- HYG_vol3m: 0.06137924
- HYG_mdd: -0.06260773
- GLD_r1m: 0.00456080
- GLD_r3m: -0.01994062
- GLD_r12m: 0.12221668
- GLD_vol3m: 0.08604235
- GLD_mdd: -0.07983906
- SLV_r1m: 0.01584253
- SLV_r3m: -0.04984286
- SLV_r12m: 0.24251315
- SLV_vol3m: 0.24723280
- SLV_mdd: -0.55226406
- DBC_r1m: 0.03024098
- DBC_r3m: 0.11253307
- DBC_r12m: 0.02722617
- DBC_vol3m: 0.13047095
- DBC_mdd: -0.18223066
- VNQ_r1m: -0.01935080
- VNQ_r3m: -0.00204003
- VNQ_r12m: -0.09863121
- VNQ_vol3m: 0.13569390
- VNQ_mdd: -0.25483649
- UUP_r1m: 0.02385130
- UUP_r3m: 0.02492979
- UUP_r12m: 0.00159589
- UUP_vol3m: 0.06443978
- UUP_mdd: -0.03987879
- BIL_r1m: 0.00409964
- BIL_r3m: 0.01287248
- BIL_r12m: 0.04274182
- BIL_vol3m: 0.00253023
- BIL_mdd: 0.00000000
- cross_vol: 0.10617033

Assets: SPY, QQQ, IWM, DIA, EFA, EEM, VEA, VWO, AGG, BND, SHY, IEF, TLT, TIP, LQD, HYG, GLD, SLV, DBC, VNQ, UUP, BIL","```json
{
  ""weights"": {
    ""SPY"": 0.6,
    ""QQQ"": 0.125,
    ""IWM"": 0.125,
    ""DIA"": 0.125,
    ""EFA"": 0.125,
    ""EEM"": 0.125,
    ""VEA"": 0.125,
    ""VWO"": 0.125,
    ""AGG"": 0.125,
    ""BND"": 0.125,
    ""SHY"": 0.125,
    ""IEF"": 0.125,
    ""TLT"": 0.125,
    ""TIP"": 0.125,
    ""LQD"": 0.125,
    ""HYG"": 0.125,
    ""GLD"": 0.125,
    ""SLV"": 0.125,
    ""DBC"": 0.125,
    ""VNQ"": 0.125,
    ""UUP"": 0.125,
    ""BIL"": 0.125
  }
}
```",1,0,0,14.520955959102139,427,1,0,0,0,301,8.474143,2334,stop,[],0,0,0,0,TLT,SPY,SPY,0,0,0.6666666666666666,1.1224806201550381,0.5921576061678715,3.7470027081099033e-16,1.0477500027681816e-16,0.28118393234672323,0,"{""SPY"":0.1860465116,""QQQ"":0.0387596899,""IWM"":0.0387596899,""DIA"":0.0387596899,""EFA"":0.0387596899,""EEM"":0.0387596899,""VEA"":0.0387596899,""VWO"":0.0387596899,""AGG"":0.0387596899,""BND"":0.0387596899,""SHY"":0.0387596899,""IEF"":0.0387596899,""TLT"":0.0387596899,""TIP"":0.0387596899,""LQD"":0.0387596899,""HYG"":0.0387596899,""GLD"":0.0387596899,""SLV"":0.0387596899,""DBC"":0.0387596899,""VNQ"":0.0387596899,""UUP"":0.0387596899,""BIL"":0.0387596899}","{""SPY"":0.1860465116,""QQQ"":0.0387596899,""IWM"":0.0387596899,""DIA"":0.0387596899,""EFA"":0.0387596899,""EEM"":0.0387596899,""VEA"":0.0387596899,""VWO"":0.0387596899,""AGG"":0.0387596899,""BND"":0.0387596899,""SHY"":0.0387596899,""IEF"":0.0387596899,""TLT"":0.0387596899,""TIP"":0.0387596899,""LQD"":0.0387596899,""HYG"":0.0387596899,""GLD"":0.0387596899,""SLV"":0.0387596899,""DBC"":0.0387596899,""VNQ"":0.0387596899,""UUP"":0.0387596899,""BIL"":0.0387596899}","{""SPY"":0.019047619,""QQQ"":0.019047619,""IWM"":0.019047619,""DIA"":0.019047619,""EFA"":0.019047619,""EEM"":0.019047619,""VEA"":0.019047619,""VWO"":0.019047619,""AGG"":0.019047619,""BND"":0.019047619,""SHY"":0.019047619,""IEF"":0.019047619,""TLT"":0.6,""TIP"":0.019047619,""LQD"":0.019047619,""HYG"":0.019047619,""GLD"":0.019047619,""SLV"":0.019047619,""DBC"":0.019047619,""VNQ"":0.019047619,""UUP"":0.019047619,""BIL"":0.019047619}",0,0.9999999999999998,0.18604651162790697,0.03875968992248062,2.220446049250313e-16,0,0,0.9999999999999994,0.1860465116279069,0.038759689922480606,1,1,1,cc2d93c7450b9a2a67a5928d
q1_20260801_011049,model_family_generalization,P3,qwen3.5:4b,P3,,,real_ticker,,2024-01-10,42,10.0,0.6,0.25,8a26ecfc0eb020d7,"You are a CONTRARIAN MEAN-REVERSION policy profile. Use only the provided feature values. Strongly favor the eligible asset with the lowest `_r3m` value, reflecting recent underperformance. Allocate 60.0% of total portfolio weight to that target asset as the language-level policy target. Distribute the remaining weight equally among all other eligible assets. Include every eligible ticker exactly once. Return strictly valid JSON only with a `weights` object whose values are decimals, not percentages.
Hard constraints for the execution layer: long-only weights, weights sum to one, maximum single-asset weight 0.60, and turnover cap 0.25. You propose weights; deterministic projection will enforce final feasibility.

Current Features:
- SPY_r1m: 0.03974838
- SPY_r3m: 0.10114646
- SPY_r12m: 0.24736534
- SPY_vol3m: 0.12009367
- SPY_mdd: -0.00027271
- QQQ_r1m: 0.04426979
- QQQ_r3m: 0.11107524
- QQQ_r12m: 0.52037563
- QQQ_vol3m: 0.15724840
- QQQ_mdd: -0.00729032
- IWM_r1m: 0.04815434
- IWM_r3m: 0.11266243
- IWM_r12m: 0.11303564
- IWM_vol3m: 0.24062986
- IWM_mdd: -0.16944204
- DIA_r1m: 0.04040804
- DIA_r3m: 0.12244689
- DIA_r12m: 0.14673207
- DIA_vol3m: 0.10182250
- DIA_mdd: -0.00037108
- EFA_r1m: 0.03510952
- EFA_r3m: 0.09152098
- EFA_r12m: 0.12680073
- EFA_vol3m: 0.12839735
- EFA_mdd: -0.01790133
- EEM_r1m: 0.01603877
- EEM_r3m: 0.03785465
- EEM_r12m: -0.01049834
- EEM_vol3m: 0.14706339
- EEM_mdd: -0.28072282
- VEA_r1m: 0.03850933
- VEA_r3m: 0.09554663
- VEA_r12m: 0.12174873
- VEA_vol3m: 0.13394902
- VEA_mdd: -0.03651393
- VWO_r1m: 0.01744998
- VWO_r3m: 0.03626287
- VWO_r12m: 0.00703287
- VWO_vol3m: 0.13588477
- VWO_mdd: -0.21563790
- AGG_r1m: 0.01808924
- AGG_r3m: 0.05983737
- AGG_r12m: 0.02230882
- AGG_vol3m: 0.07923895
- AGG_mdd: -0.10919808
- BND_r1m: 0.01837400
- BND_r3m: 0.05984583
- BND_r12m: 0.02328006
- BND_vol3m: 0.07701525
- BND_mdd: -0.11063172
- SHY_r1m: 0.00934039
- SHY_r3m: 0.02130109
- SHY_r12m: 0.03539059
- SHY_vol3m: 0.02182519
- SHY_mdd: -0.00724656
- IEF_r1m: 0.01907981
- IEF_r3m: 0.05740306
- IEF_r12m: -0.00321566
- IEF_vol3m: 0.09303311
- IEF_mdd: -0.17667699
- TLT_r1m: 0.02051883
- TLT_r3m: 0.12067429
- TLT_r12m: -0.05890312
- TLT_vol3m: 0.20833732
- TLT_mdd: -0.39398165
- TIP_r1m: 0.01203922
- TIP_r3m: 0.04190287
- TIP_r12m: 0.01469786
- TIP_vol3m: 0.06585596
- TIP_mdd: -0.10011078
- LQD_r1m: 0.02397223
- LQD_r3m: 0.09372121
- LQD_r12m: 0.04721392
- LQD_vol3m: 0.10556120
- LQD_mdd: -0.12820535
- HYG_r1m: 0.02494096
- HYG_r3m: 0.07262333
- HYG_r12m: 0.08320312
- HYG_vol3m: 0.06901961
- HYG_mdd: -0.01007617
- GLD_r1m: 0.01001940
- GLD_r3m: 0.08676753
- GLD_r12m: 0.07696722
- GLD_vol3m: 0.13893147
- GLD_mdd: -0.03295683
- SLV_r1m: -0.00758293
- SLV_r3m: 0.04804810
- SLV_r12m: -0.03679849
- SLV_vol3m: 0.24126841
- SLV_mdd: -0.55691914
- DBC_r1m: -0.00468510
- DBC_r3m: -0.06025276
- DBC_r12m: -0.04296646
- DBC_vol3m: 0.16618372
- DBC_mdd: -0.25741469
- VNQ_r1m: 0.05735702
- VNQ_r3m: 0.17151101
- VNQ_r12m: 0.08070249
- VNQ_vol3m: 0.23371686
- VNQ_mdd: -0.18444116
- UUP_r1m: -0.01053712
- UUP_r3m: -0.01720919
- UUP_r12m: 0.05119276
- UUP_vol3m: 0.07312707
- UUP_mdd: -0.04120842
- BIL_r1m: 0.00439616
- BIL_r3m: 0.01339242
- BIL_r12m: 0.05036765
- BIL_vol3m: 0.00252359
- BIL_mdd: 0.00000000
- cross_vol: 0.12457849

Assets: SPY, QQQ, IWM, DIA, EFA, EEM, VEA, VWO, AGG, BND, SHY, IEF, TLT, TIP, LQD, HYG, GLD, SLV, DBC, VNQ, UUP, BIL","```json
{
  ""weights"": {
    ""SPY"": 0.6,
    ""QQQ"": 0.125,
    ""IWM"": 0.125,
    ""DIA"": 0.125,
    ""EFA"": 0.125,
    ""EEM"": 0.125,
    ""VEA"": 0.125,
    ""VWO"": 0.125,
    ""AGG"": 0.125,
    ""BND"": 0.125,
    ""SHY"": 0.125,
    ""IEF"": 0.125,
    ""TLT"": 0.125,
    ""TIP"": 0.125,
    ""LQD"": 0.125,
    ""HYG"": 0.125,
    ""GLD"": 0.125,
    ""SLV"": 0.125,
    ""DBC"": 0.125,
    ""VNQ"": 0.125,
    ""UUP"": 0.125,
    ""BIL"": 0.125
  }
}
```",1,0,0,14.482307499973103,427,1,0,0,0,301,8.468352,2334,stop,[],0,0,0,0,DBC,SPY,SPY,0,0,0.6666666666666666,1.1224806201550381,0.5921576061678715,3.7470027081099033e-16,1.0477500027681816e-16,0.28118393234672323,0,"{""SPY"":0.1860465116,""QQQ"":0.0387596899,""IWM"":0.0387596899,""DIA"":0.0387596899,""EFA"":0.0387596899,""EEM"":0.0387596899,""VEA"":0.0387596899,""VWO"":0.0387596899,""AGG"":0.0387596899,""BND"":0.0387596899,""SHY"":0.0387596899,""IEF"":0.0387596899,""TLT"":0.0387596899,""TIP"":0.0387596899,""LQD"":0.0387596899,""HYG"":0.0387596899,""GLD"":0.0387596899,""SLV"":0.0387596899,""DBC"":0.0387596899,""VNQ"":0.0387596899,""UUP"":0.0387596899,""BIL"":0.0387596899}","{""SPY"":0.1860465116,""QQQ"":0.0387596899,""IWM"":0.0387596899,""DIA"":0.0387596899,""EFA"":0.0387596899,""EEM"":0.0387596899,""VEA"":0.0387596899,""VWO"":0.0387596899,""AGG"":0.0387596899,""BND"":0.0387596899,""SHY"":0.0387596899,""IEF"":0.0387596899,""TLT"":0.0387596899,""TIP"":0.0387596899,""LQD"":0.0387596899,""HYG"":0.0387596899,""GLD"":0.0387596899,""SLV"":0.0387596899,""DBC"":0.0387596899,""VNQ"":0.0387596899,""UUP"":0.0387596899,""BIL"":0.0387596899}","{""SPY"":0.019047619,""QQQ"":0.019047619,""IWM"":0.019047619,""DIA"":0.019047619,""EFA"":0.019047619,""EEM"":0.019047619,""VEA"":0.019047619,""VWO"":0.019047619,""AGG"":0.019047619,""BND"":0.019047619,""SHY"":0.019047619,""IEF"":0.019047619,""TLT"":0.019047619,""TIP"":0.019047619,""LQD"":0.019047619,""HYG"":0.019047619,""GLD"":0.019047619,""SLV"":0.019047619,""DBC"":0.6,""VNQ"":0.019047619,""UUP"":0.019047619,""BIL"":0.019047619}",0,0.9999999999999998,0.18604651162790697,0.03875968992248062,2.220446049250313e-16,0,0,0.9999999999999994,0.1860465116279069,0.038759689922480606,1,1,1,7c06fca30888144dca43caba
q1_20260801_011049,model_family_generalization,P3,qwen3.5:4b,P3,,,real_ticker,,2024-07-12,42,10.0,0.6,0.25,89ac639c7c3b2931,"You are a CONTRARIAN MEAN-REVERSION policy profile. Use only the provided feature values. Strongly favor the eligible asset with the lowest `_r3m` value, reflecting recent underperformance. Allocate 60.0% of total portfolio weight to that target asset as the language-level policy target. Distribute the remaining weight equally among all other eligible assets. Include every eligible ticker exactly once. Return strictly valid JSON only with a `weights` object whose values are decimals, not percentages.
Hard constraints for the execution layer: long-only weights, weights sum to one, maximum single-asset weight 0.60, and turnover cap 0.25. You propose weights; deterministic projection will enforce final feasibility.

Current Features:
- SPY_r1m: 0.04627363
- SPY_r3m: 0.08454935
- SPY_r12m: 0.27308823
- SPY_vol3m: 0.10058102
- SPY_mdd: -0.00236944
- QQQ_r1m: 0.05894292
- QQQ_r3m: 0.11279716
- QQQ_r12m: 0.33639507
- QQQ_vol3m: 0.14957978
- QQQ_mdd: -0.01618424
- IWM_r1m: 0.06230061
- IWM_r3m: 0.05657700
- IWM_r12m: 0.12614089
- IWM_vol3m: 0.16592449
- IWM_mdd: -0.08770734
- DIA_r1m: 0.03413750
- DIA_r3m: 0.04546454
- DIA_r12m: 0.18670534
- DIA_vol3m: 0.09608163
- DIA_mdd: 0.00000000
- EFA_r1m: 0.03383609
- EFA_r3m: 0.05723817
- EFA_r12m: 0.14956870
- EFA_vol3m: 0.12078114
- EFA_mdd: 0.00000000
- EEM_r1m: 0.06330617
- EEM_r3m: 0.08045631
- EEM_r12m: 0.12171229
- EEM_vol3m: 0.12973251
- EEM_mdd: -0.17130893
- VEA_r1m: 0.03856960
- VEA_r3m: 0.05244814
- VEA_r12m: 0.14024856
- VEA_vol3m: 0.12226620
- VEA_mdd: 0.00000000
- VWO_r1m: 0.05572671
- VWO_r3m: 0.07887202
- VWO_r12m: 0.13050033
- VWO_vol3m: 0.12051438
- VWO_mdd: -0.10285955
- AGG_r1m: 0.01885042
- AGG_r3m: 0.03689126
- AGG_r12m: 0.04194949
- AGG_vol3m: 0.05467989
- AGG_mdd: -0.09255083
- BND_r1m: 0.01814412
- BND_r3m: 0.03676849
- BND_r12m: 0.04254390
- BND_vol3m: 0.05393193
- BND_mdd: -0.09400456
- SHY_r1m: 0.01071692
- SHY_r3m: 0.01976863
- SHY_r12m: 0.04674220
- SHY_vol3m: 0.01493686
- SHY_mdd: 0.00000000
- IEF_r1m: 0.02144848
- IEF_r3m: 0.04218326
- IEF_r12m: 0.02013545
- IEF_vol3m: 0.06693503
- IEF_mdd: -0.16702596
- TLT_r1m: 0.02623106
- TLT_r3m: 0.05658722
- TLT_r12m: -0.03181077
- TLT_vol3m: 0.13833859
- TLT_mdd: -0.39623460
- TIP_r1m: 0.01659090
- TIP_r3m: 0.03461804
- TIP_r12m: 0.03571612
- TIP_vol3m: 0.04450400
- TIP_mdd: -0.07720826
- LQD_r1m: 0.02196393
- LQD_r3m: 0.04335310
- LQD_r12m: 0.06106715
- LQD_vol3m: 0.06981461
- LQD_mdd: -0.11160359
- HYG_r1m: 0.01727968
- HYG_r3m: 0.03615004
- HYG_r12m: 0.10155227
- HYG_vol3m: 0.04608828
- HYG_mdd: 0.00000000
- GLD_r1m: 0.04183986
- GLD_r3m: 0.01505913
- GLD_r12m: 0.22668790
- GLD_vol3m: 0.17233441
- GLD_mdd: -0.00645706
- SLV_r1m: 0.05278929
- SLV_r3m: 0.08112267
- SLV_r12m: 0.26952602
- SLV_vol3m: 0.37443606
- SLV_mdd: -0.40499361
- DBC_r1m: 0.00997394
- DBC_r3m: -0.01688474
- DBC_r12m: 0.04109424
- DBC_vol3m: 0.12440875
- DBC_mdd: -0.20738716
- VNQ_r1m: 0.06760588
- VNQ_r3m: 0.07083375
- VNQ_r12m: 0.06454725
- VNQ_vol3m: 0.14759380
- VNQ_mdd: -0.16629259
- UUP_r1m: -0.00657883
- UUP_r3m: 0.00279625
- UUP_r12m: 0.09949379
- UUP_vol3m: 0.05312062
- UUP_mdd: -0.01645523
- BIL_r1m: 0.00472838
- BIL_r3m: 0.01313124
- BIL_r12m: 0.05382607
- BIL_vol3m: 0.00252984
- BIL_mdd: 0.00000000
- cross_vol: 0.10768699

Assets: SPY, QQQ, IWM, DIA, EFA, EEM, VEA, VWO, AGG, BND, SHY, IEF, TLT, TIP, LQD, HYG, GLD, SLV, DBC, VNQ, UUP, BIL","```json
{
  ""weights"": {
    ""SPY"": 0.6,
    ""QQQ"": 0.12578947368421053,
    ""IWM"": 0.12578947368421053,
    ""DIA"": 0.12578947368421053,
    ""EFA"": 0.12578947368421053,
    ""EEM"": 0.12578947368421053,
    ""VEA"": 0.12578947368421053,
    ""VWO"": 0.12578947368421053,
    ""AGG"": 0.12578947368421053,
    ""BND"": 0.12578947368421053,
    ""SHY"": 0.12578947368421053,
    ""IEF"": 0.12578947368421053,
    ""TLT"": 0.12578947368421053,
    ""TIP"": 0.12578947368421053,
    ""LQD"": 0.12578947368421053,
    ""HYG"": 0.12578947368421053,
    ""GLD"": 0.12578947368421053,
    ""SLV"": 0.12578947368421053,
    ""DBC"": 0.12578947368421053,
    ""VNQ"": 0.12578947368421053,
    ""UUP"": 0.12578947368421053,
    ""BIL"": 0.12578947368421053
  }
}
```",1,0,0,22.90794016700238,721,1,0,0,0,595,16.886338,2334,stop,[],0,0,0,0,DBC,SPY,SPY,0,0,0.6666666666666666,1.1223899983763592,0.5918772143416817,2.914335439641036e-16,6.359601310784502e-17,0.2792808749944652,0,"{""SPY"":0.185094983,""QQQ"":0.0388050008,""IWM"":0.0388050008,""DIA"":0.0388050008,""EFA"":0.0388050008,""EEM"":0.0388050008,""VEA"":0.0388050008,""VWO"":0.0388050008,""AGG"":0.0388050008,""BND"":0.0388050008,""SHY"":0.0388050008,""IEF"":0.0388050008,""TLT"":0.0388050008,""TIP"":0.0388050008,""LQD"":0.0388050008,""HYG"":0.0388050008,""GLD"":0.0388050008,""SLV"":0.0388050008,""DBC"":0.0388050008,""VNQ"":0.0388050008,""UUP"":0.0388050008,""BIL"":0.0388050008}","{""SPY"":0.185094983,""QQQ"":0.0388050008,""IWM"":0.0388050008,""DIA"":0.0388050008,""EFA"":0.0388050008,""EEM"":0.0388050008,""VEA"":0.0388050008,""VWO"":0.0388050008,""AGG"":0.0388050008,""BND"":0.0388050008,""SHY"":0.0388050008,""IEF"":0.0388050008,""TLT"":0.0388050008,""TIP"":0.0388050008,""LQD"":0.0388050008,""HYG"":0.0388050008,""GLD"":0.0388050008,""SLV"":0.0388050008,""DBC"":0.0388050008,""VNQ"":0.0388050008,""UUP"":0.0388050008,""BIL"":0.0388050008}","{""SPY"":0.019047619,""QQQ"":0.019047619,""IWM"":0.019047619,""DIA"":0.019047619,""EFA"":0.019047619,""EEM"":0.019047619,""VEA"":0.019047619,""VWO"":0.019047619,""AGG"":0.019047619,""BND"":0.019047619,""SHY"":0.019047619,""IEF"":0.019047619,""TLT"":0.019047619,""TIP"":0.019047619,""LQD"":0.019047619,""HYG"":0.019047619,""GLD"":0.019047619,""SLV"":0.019047619,""DBC"":0.6,""VNQ"":0.019047619,""UUP"":0.019047619,""BIL"":0.019047619}",0,1.0000000000000002,0.18509498295177787,0.0388050008118201,2.220446049250313e-16,0,0,1.0,0.18509498295177787,0.03880500081182009,1,1,1,92d288c0fa8216a43524a066
q1_20260801_011049,model_family_generalization,P3,qwen3.5:4b,P3,,,real_ticker,,2025-01-13,42,10.0,0.6,0.25,ae6bb4056a66a77f,"You are a CONTRARIAN MEAN-REVERSION policy profile. Use only the provided feature values. Strongly favor the eligible asset with the lowest `_r3m` value, reflecting recent underperformance. Allocate 60.0% of total portfolio weight to that target asset as the language-level policy target. Distribute the remaining weight equally among all other eligible assets. Include every eligible ticker exactly once. Return strictly valid JSON only with a `weights` object whose values are decimals, not percentages.
Hard constraints for the execution layer: long-only weights, weights sum to one, maximum single-asset weight 0.60, and turnover cap 0.25. You propose weights; deterministic projection will enforce final feasibility.

Current Features:
- SPY_r1m: -0.03227135
- SPY_r3m: 0.01252624
- SPY_r12m: 0.23562134
- SPY_vol3m: 0.12972815
- SPY_mdd: -0.04024820
- QQQ_r1m: -0.02732386
- QQQ_r3m: 0.02798523
- QQQ_r12m: 0.24495557
- QQQ_vol3m: 0.17684168
- QQQ_mdd: -0.05907942
- IWM_r1m: -0.07944647
- IWM_r3m: 0.00481913
- IWM_r12m: 0.12674620
- IWM_vol3m: 0.21579347
- IWM_mdd: -0.10109313
- DIA_r1m: -0.04396780
- DIA_r3m: -0.00017359
- DIA_r12m: 0.14115069
- DIA_vol3m: 0.13254881
- DIA_mdd: -0.05933824
- EFA_r1m: -0.04337558
- EFA_r3m: -0.07340143
- EFA_r12m: 0.03241949
- EFA_vol3m: 0.12082393
- EFA_mdd: -0.10138722
- EEM_r1m: -0.05748439
- EEM_r3m: -0.09843659
- EEM_r12m: 0.07417752
- EEM_vol3m: 0.14186010
- EEM_mdd: -0.22736862
- VEA_r1m: -0.04239242
- VEA_r3m: -0.06997486
- VEA_r12m: 0.03213341
- VEA_vol3m: 0.11579295
- VEA_mdd: -0.09753893
- VWO_r1m: -0.06656503
- VWO_r3m: -0.08960319
- VWO_r12m: 0.09523168
- VWO_vol3m: 0.14245118
- VWO_mdd: -0.14094178
- AGG_r1m: -0.02790093
- AGG_r3m: -0.02716147
- AGG_r12m: 0.01118237
- AGG_vol3m: 0.05064562
- AGG_mdd: -0.09923681
- BND_r1m: -0.02736538
- BND_r3m: -0.02665839
- BND_r12m: 0.01192381
- BND_vol3m: 0.05105570
- BND_mdd: -0.10002706
- SHY_r1m: -0.00072929
- SHY_r3m: 0.00253902
- SHY_r12m: 0.03824961
- SHY_vol3m: 0.01291098
- SHY_mdd: -0.00406120
- IEF_r1m: -0.03481510
- IEF_r3m: -0.03958715
- IEF_r12m: -0.01055355
- IEF_vol3m: 0.06075469
- IEF_mdd: -0.18536598
- TLT_r1m: -0.07861945
- TLT_r3m: -0.08216153
- TLT_r12m: -0.07518906
- TLT_vol3m: 0.14374008
- TLT_mdd: -0.43954760
- TIP_r1m: -0.02036853
- TIP_r3m: -0.02574229
- TIP_r12m: 0.02030346
- TIP_vol3m: 0.03946380
- TIP_mdd: -0.08183992
- LQD_r1m: -0.04332866
- LQD_r3m: -0.04164157
- LQD_r12m: 0.00230200
- LQD_vol3m: 0.07432003
- LQD_mdd: -0.12619848
- HYG_r1m: -0.01156583
- HYG_r3m: 0.00392863
- HYG_r12m: 0.07801726
- HYG_vol3m: 0.04228958
- HYG_mdd: -0.01230844
- GLD_r1m: -0.01146462
- GLD_r3m: 0.01202536
- GLD_r12m: 0.31061336
- GLD_vol3m: 0.16503746
- GLD_mdd: -0.04566988
- SLV_r1m: -0.07002417
- SLV_r3m: -0.05003524
- SLV_r12m: 0.28748798
- SLV_vol3m: 0.28408387
- SLV_mdd: -0.42953872
- DBC_r1m: 0.06051395
- DBC_r3m: 0.01081658
- DBC_r12m: 0.07752496
- DBC_vol3m: 0.15404059
- DBC_mdd: -0.19984579
- VNQ_r1m: -0.07463366
- VNQ_r3m: -0.06703090
- VNQ_r12m: 0.03060105
- VNQ_vol3m: 0.17670526
- VNQ_mdd: -0.15948420
- UUP_r1m: 0.03817312
- UUP_r3m: 0.08285672
- UUP_r12m: 0.13858037
- UUP_vol3m: 0.07098540
- UUP_mdd: 0.00000000
- BIL_r1m: 0.00386719
- BIL_r3m: 0.01183184
- BIL_r12m: 0.05192983
- BIL_vol3m: 0.00234189
- BIL_mdd: 0.00000000
- cross_vol: 0.11382796

Assets: SPY, QQQ, IWM, DIA, EFA, EEM, VEA, VWO, AGG, BND, SHY, IEF, TLT, TIP, LQD, HYG, GLD, SLV, DBC, VNQ, UUP, BIL","```json
{
  ""weights"": {
    ""SPY"": 0.6,
    ""QQQ"": 0.125,
    ""IWM"": 0.125,
    ""DIA"": 0.08333333,
    ""EFA"": 0.08333333,
    ""EEM"": 0.0625,
    ""VEA"": 0.04166667,
    ""VWO"": 0.04166667,
    ""AGG"": 0.08333333,
    ""BND"": 0.08333333,
    ""SHY"": 0.025,
    ""IEF"": 0.04166667,
    ""TLT"": 0.04166667,
    ""TIP"": 0.08333333,
    ""LQD"": 0.025,
    ""HYG"": 0.04166667,
    ""GLD"": 0.04166667,
    ""SLV"": 0.08333333,
    ""DBC"": 0.025,
    ""VNQ"": 0.04166667,
    ""UUP"": 0.04166667,
    ""BIL"": 0.08333333
  }
}
```",1,0,0,19.02395641594194,503,1,0,0,0,377,12.924219,2334,stop,[],0,0,0,0,EEM,SPY,SPY,0,0,0.3333333333333333,1.1698655832475,0.646625386326588,3.8163916471489756e-17,1.1506853769672337e-17,0.6200517191453242,0,"{""SPY"":0.3150984677,""QQQ"":0.0656455141,""IWM"":0.0656455141,""DIA"":0.0437636743,""EFA"":0.0437636743,""EEM"":0.0328227571,""VEA"":0.0218818398,""VWO"":0.0218818398,""AGG"":0.0437636743,""BND"":0.0437636743,""SHY"":0.0131291028,""IEF"":0.0218818398,""TLT"":0.0218818398,""TIP"":0.0437636743,""LQD"":0.0131291028,""HYG"":0.0218818398,""GLD"":0.0218818398,""SLV"":0.0437636743,""DBC"":0.0131291028,""VNQ"":0.0218818398,""UUP"":0.0218818398,""BIL"":0.0437636743}","{""SPY"":0.3150984677,""QQQ"":0.0656455141,""IWM"":0.0656455141,""DIA"":0.0437636743,""EFA"":0.0437636743,""EEM"":0.0328227571,""VEA"":0.0218818398,""VWO"":0.0218818398,""AGG"":0.0437636743,""BND"":0.0437636743,""SHY"":0.0131291028,""IEF"":0.0218818398,""TLT"":0.0218818398,""TIP"":0.0437636743,""LQD"":0.0131291028,""HYG"":0.0218818398,""GLD"":0.0218818398,""SLV"":0.0437636743,""DBC"":0.0131291028,""VNQ"":0.0218818398,""UUP"":0.0218818398,""BIL"":0.0437636743}","{""SPY"":0.019047619,""QQQ"":0.019047619,""IWM"":0.019047619,""DIA"":0.019047619,""EFA"":0.019047619,""EEM"":0.6,""VEA"":0.019047619,""VWO"":0.019047619,""AGG"":0.019047619,""BND"":0.019047619,""SHY"":0.019047619,""IEF"":0.019047619,""TLT"":0.019047619,""TIP"":0.019047619,""LQD"":0.019047619,""HYG"":0.019047619,""GLD"":0.019047619,""SLV"":0.019047619,""DBC"":0.019047619,""VNQ"":0.019047619,""UUP"":0.019047619,""BIL"":0.019047619}",0,1.0,0.3150984677197401,0.013129102821655839,0.0,0,0,1.0,0.3150984677197401,0.013129102821655842,1,1,1,82a35a38d34e491850926d53
q1_20260801_011049,model_family_generalization,P3,qwen3.5:4b,P3,,,real_ticker,,2025-05-14,42,10.0,0.6,0.25,efebd3adf254f4bb,"You are a CONTRARIAN MEAN-REVERSION policy profile. Use only the provided feature values. Strongly favor the eligible asset with the lowest `_r3m` value, reflecting recent underperformance. Allocate 60.0% of total portfolio weight to that target asset as the language-level policy target. Distribute the remaining weight equally among all other eligible assets. Include every eligible ticker exactly once. Return strictly valid JSON only with a `weights` object whose values are decimals, not percentages.
Hard constraints for the execution layer: long-only weights, weights sum to one, maximum single-asset weight 0.60, and turnover cap 0.25. You propose weights; deterministic projection will enforce final feasibility.

Current Features:
- SPY_r1m: 0.08990583
- SPY_r3m: -0.02320739
- SPY_r12m: 0.14251682
- SPY_vol3m: 0.33821684
- SPY_mdd: -0.03845859
- QQQ_r1m: 0.13377623
- QQQ_r3m: -0.01674523
- QQQ_r12m: 0.18049674
- QQQ_vol3m: 0.39377645
- QQQ_mdd: -0.03719325
- IWM_r1m: 0.10856162
- IWM_r3m: -0.07323126
- IWM_r12m: 0.02369361
- IWM_vol3m: 0.32956671
- IWM_mdd: -0.14249453
- DIA_r1m: 0.03783451
- DIA_r3m: -0.04832504
- DIA_r12m: 0.08144754
- DIA_vol3m: 0.27440861
- DIA_mdd: -0.06069465
- EFA_r1m: 0.07867694
- EFA_r3m: 0.06519848
- EFA_r12m: 0.10525654
- EFA_vol3m: 0.26216563
- EFA_mdd: -0.00485437
- EEM_r1m: 0.09921675
- EEM_r3m: 0.05754743
- EEM_r12m: 0.11569349
- EEM_vol3m: 0.26804690
- EEM_mdd: -0.12324035
- VEA_r1m: 0.07663080
- VEA_r3m: 0.06352181
- VEA_r12m: 0.10271516
- VEA_vol3m: 0.25522257
- VEA_mdd: -0.00407162
- VWO_r1m: 0.09793107
- VWO_r3m: 0.05398136
- VWO_r12m: 0.13430535
- VWO_vol3m: 0.25906870
- VWO_mdd: -0.03363860
- AGG_r1m: -0.00250333
- AGG_r3m: 0.01267799
- AGG_r12m: 0.04738565
- AGG_vol3m: 0.05902216
- AGG_mdd: -0.07610239
- BND_r1m: -0.00218067
- BND_r3m: 0.01189900
- BND_r12m: 0.04760071
- BND_vol3m: 0.05806891
- BND_mdd: -0.07736360
- SHY_r1m: -0.00112447
- SHY_r3m: 0.01430954
- SHY_r12m: 0.05293712
- SHY_vol3m: 0.01769098
- SHY_mdd: -0.00725309
- IEF_r1m: -0.00662999
- IEF_r3m: 0.02131717
- IEF_r12m: 0.04692069
- IEF_vol3m: 0.07278241
- IEF_mdd: -0.15554858
- TLT_r1m: -0.02143808
- TLT_r3m: -0.01166778
- TLT_r12m: -0.01357145
- TLT_vol3m: 0.15569508
- TLT_mdd: -0.43239798
- TIP_r1m: 0.00384537
- TIP_r3m: 0.01666566
- TIP_r12m: 0.05228636
- TIP_vol3m: 0.06072917
- TIP_mdd: -0.05256530
- LQD_r1m: 0.00648218
- LQD_r3m: 0.00602718
- LQD_r12m: 0.04332588
- LQD_vol3m: 0.09155707
- LQD_mdd: -0.10397134
- HYG_r1m: 0.03197616
- HYG_r3m: 0.01309144
- HYG_r12m: 0.09186479
- HYG_vol3m: 0.09190711
- HYG_mdd: -0.00364952
- GLD_r1m: -0.01036359
- GLD_r3m: 0.09522916
- GLD_r12m: 0.34040508
- GLD_vol3m: 0.23404929
- GLD_mdd: -0.07107321
- SLV_r1m: -0.00442475
- SLV_r3m: -0.00306749
- SLV_r12m: 0.13504072
- SLV_vol3m: 0.28540610
- SLV_mdd: -0.38108335
- DBC_r1m: 0.02578794
- DBC_r3m: -0.03763438
- DBC_r12m: -0.02806066
- DBC_vol3m: 0.18927741
- DBC_mdd: -0.22995910
- VNQ_r1m: 0.02612455
- VNQ_r3m: -0.02907870
- VNQ_r12m: 0.10047515
- VNQ_vol3m: 0.24117084
- VNQ_mdd: -0.14114267
- UUP_r1m: 0.01864031
- UUP_r3m: -0.05332883
- UUP_r12m: 0.01349153
- UUP_vol3m: 0.10195994
- UUP_mdd: -0.06633168
- BIL_r1m: 0.00330374
- BIL_r3m: 0.01034030
- BIL_r12m: 0.04785171
- BIL_vol3m: 0.00199459
- BIL_mdd: 0.00000000
- cross_vol: 0.18371743

Assets: SPY, QQQ, IWM, DIA, EFA, EEM, VEA, VWO, AGG, BND, SHY, IEF, TLT, TIP, LQD, HYG, GLD, SLV, DBC, VNQ, UUP, BIL","```json
{
  ""weights"": {
    ""SPY"": 0.6,
    ""QQQ"": 0.12578947368421053,
    ""IWM"": 0.12578947368421053,
    ""DIA"": 0.12578947368421053,
    ""EFA"": 0.12578947368421053,
    ""EEM"": 0.12578947368421053,
    ""VEA"": 0.12578947368421053,
    ""VWO"": 0.12578947368421053,
    ""AGG"": 0.12578947368421053,
    ""BND"": 0.12578947368421053,
    ""SHY"": 0.12578947368421053,
    ""IEF"": 0.12578947368421053,
    ""TLT"": 0.12578947368421053,
    ""TIP"": 0.12578947368421053,
    ""LQD"": 0.12578947368421053,
    ""HYG"": 0.12578947368421053,
    ""GLD"": 0.12578947368421053,
    ""SLV"": 0.12578947368421053,
    ""DBC"": 0.12578947368421053,
    ""VNQ"": 0.12578947368421053,
    ""UUP"": 0.12578947368421053,
    ""BIL"": 0.12578947368421053
  }
}
```",1,0,0,27.26187879196368,721,1,0,0,0,595,19.481872,2334,stop,[],0,0,0,0,IWM,SPY,SPY,0,0,0.3333333333333333,1.1223899983763592,0.5918772143416816,2.914335439641036e-16,6.359601310784502e-17,0.2792808749944652,0,"{""SPY"":0.185094983,""QQQ"":0.0388050008,""IWM"":0.0388050008,""DIA"":0.0388050008,""EFA"":0.0388050008,""EEM"":0.0388050008,""VEA"":0.0388050008,""VWO"":0.0388050008,""AGG"":0.0388050008,""BND"":0.0388050008,""SHY"":0.0388050008,""IEF"":0.0388050008,""TLT"":0.0388050008,""TIP"":0.0388050008,""LQD"":0.0388050008,""HYG"":0.0388050008,""GLD"":0.0388050008,""SLV"":0.0388050008,""DBC"":0.0388050008,""VNQ"":0.0388050008,""UUP"":0.0388050008,""BIL"":0.0388050008}","{""SPY"":0.185094983,""QQQ"":0.0388050008,""IWM"":0.0388050008,""DIA"":0.0388050008,""EFA"":0.0388050008,""EEM"":0.0388050008,""VEA"":0.0388050008,""VWO"":0.0388050008,""AGG"":0.0388050008,""BND"":0.0388050008,""SHY"":0.0388050008,""IEF"":0.0388050008,""TLT"":0.0388050008,""TIP"":0.0388050008,""LQD"":0.0388050008,""HYG"":0.0388050008,""GLD"":0.0388050008,""SLV"":0.0388050008,""DBC"":0.0388050008,""VNQ"":0.0388050008,""UUP"":0.0388050008,""BIL"":0.0388050008}","{""SPY"":0.019047619,""QQQ"":0.019047619,""IWM"":0.6,""DIA"":0.019047619,""EFA"":0.019047619,""EEM"":0.019047619,""VEA"":0.019047619,""VWO"":0.019047619,""AGG"":0.019047619,""BND"":0.019047619,""SHY"":0.019047619,""IEF"":0.019047619,""TLT"":0.019047619,""TIP"":0.019047619,""LQD"":0.019047619,""HYG"":0.019047619,""GLD"":0.019047619,""SLV"":0.019047619,""DBC"":0.019047619,""VNQ"":0.019047619,""UUP"":0.019047619,""BIL"":0.019047619}",0,1.0000000000000002,0.18509498295177787,0.0388050008118201,2.220446049250313e-16,0,0,1.0,0.18509498295177787,0.03880500081182009,1,1,1,0cc4f5ea7052b394f75cd3b5
q1_20260801_011049,model_family_generalization,P3,qwen3.5:4b,P3,,,real_ticker,,2025-09-15,42,10.0,0.6,0.25,c35522f40c6e6e19,"You are a CONTRARIAN MEAN-REVERSION policy profile. Use only the provided feature values. Strongly favor the eligible asset with the lowest `_r3m` value, reflecting recent underperformance. Allocate 60.0% of total portfolio weight to that target asset as the language-level policy target. Distribute the remaining weight equally among all other eligible assets. Include every eligible ticker exactly once. Return strictly valid JSON only with a `weights` object whose values are decimals, not percentages.
Hard constraints for the execution layer: long-only weights, weights sum to one, maximum single-asset weight 0.60, and turnover cap 0.25. You propose weights; deterministic projection will enforce final feasibility.

Current Features:
- SPY_r1m: 0.02474601
- SPY_r3m: 0.11032466
- SPY_r12m: 0.20692206
- SPY_vol3m: 0.09328632
- SPY_mdd: 0.00000000
- QQQ_r1m: 0.02033128
- QQQ_r3m: 0.12407855
- QQQ_r12m: 0.26972692
- QQQ_vol3m: 0.11720120
- QQQ_mdd: 0.00000000
- IWM_r1m: 0.04867681
- IWM_r3m: 0.14898656
- IWM_r12m: 0.15875876
- IWM_vol3m: 0.18150682
- IWM_mdd: -0.00602157
- DIA_r1m: 0.02489677
- DIA_r3m: 0.09230954
- DIA_r12m: 0.14188161
- DIA_vol3m: 0.10634992
- DIA_mdd: -0.00400509
- EFA_r1m: 0.02138570
- EFA_r3m: 0.06725496
- EFA_r12m: 0.19643985
- EFA_vol3m: 0.12430195
- EFA_mdd: 0.00000000
- EEM_r1m: 0.05533271
- EEM_r3m: 0.12820938
- EEM_r12m: 0.27831699
- EEM_vol3m: 0.12076506
- EEM_mdd: 0.00000000
- VEA_r1m: 0.02883473
- VEA_r3m: 0.08206495
- VEA_r12m: 0.21854355
- VEA_vol3m: 0.11825375
- VEA_mdd: 0.00000000
- VWO_r1m: 0.05135719
- VWO_r3m: 0.11607840
- VWO_r12m: 0.26266624
- VWO_vol3m: 0.10887842
- VWO_mdd: 0.00000000
- AGG_r1m: 0.01970150
- AGG_r3m: 0.03826568
- AGG_r12m: 0.03010015
- AGG_vol3m: 0.04085884
- AGG_mdd: -0.02855578
- BND_r1m: 0.01926590
- BND_r3m: 0.03777522
- BND_r12m: 0.02995703
- BND_vol3m: 0.03988196
- BND_mdd: -0.03054151
- SHY_r1m: 0.00627269
- SHY_r3m: 0.01636702
- SHY_r12m: 0.03917587
- SHY_vol3m: 0.01492242
- SHY_mdd: -0.00012041
- IEF_r1m: 0.02136101
- IEF_r3m: 0.04026896
- IEF_r12m: 0.02065424
- IEF_vol3m: 0.05017493
- IEF_mdd: -0.10958866
- TLT_r1m: 0.04002268
- TLT_r3m: 0.05626845
- TLT_r12m: -0.06453496
- TLT_vol3m: 0.11052087
- TLT_mdd: -0.39110450
- TIP_r1m: 0.01769496
- TIP_r3m: 0.03923894
- TIP_r12m: 0.04513400
- TIP_vol3m: 0.03753857
- TIP_mdd: -0.01091952
- LQD_r1m: 0.02615900
- LQD_r3m: 0.05419595
- LQD_r12m: 0.04003761
- LQD_vol3m: 0.05445148
- LQD_mdd: -0.03718814
- HYG_r1m: 0.01463177
- HYG_r3m: 0.03799898
- HYG_r12m: 0.08493318
- HYG_vol3m: 0.03127548
- HYG_mdd: 0.00000000
- GLD_r1m: 0.10304314
- GLD_r3m: 0.07151663
- GLD_r12m: 0.45924652
- GLD_vol3m: 0.13774774
- GLD_mdd: 0.00000000
- SLV_r1m: 0.12347821
- SLV_r3m: 0.17561410
- SLV_r12m: 0.48392026
- SLV_vol3m: 0.21252364
- SLV_mdd: -0.17985612
- DBC_r1m: 0.03250915
- DBC_r3m: -0.00441504
- DBC_r12m: 0.11993753
- DBC_vol3m: 0.14383905
- DBC_mdd: -0.19160047
- VNQ_r1m: 0.03925521
- VNQ_r3m: 0.04163769
- VNQ_r12m: -0.00987608
- VNQ_vol3m: 0.14072086
- VNQ_mdd: -0.08250303
- UUP_r1m: -0.00473937
- UUP_r3m: 0.00478465
- UUP_r12m: 0.00677562
- UUP_vol3m: 0.06928460
- UUP_mdd: -0.08542716
- BIL_r1m: 0.00384994
- BIL_r3m: 0.01072392
- BIL_r12m: 0.04474769
- BIL_vol3m: 0.00205486
- BIL_mdd: 0.00000000
- cross_vol: 0.09346994

Assets: SPY, QQQ, IWM, DIA, EFA, EEM, VEA, VWO, AGG, BND, SHY, IEF, TLT, TIP, LQD, HYG, GLD, SLV, DBC, VNQ, UUP, BIL","```json
{
  ""weights"": {
    ""SPY"": 0.6,
    ""QQQ"": 0.12578431,
    ""IWM"": 0.12578431,
    ""DIA"": 0.12578431,
    ""EFA"": 0.12578431,
    ""EEM"": 0.12578431,
    ""VEA"": 0.12578431,
    ""VWO"": 0.12578431,
    ""AGG"": 0.12578431,
    ""BND"": 0.12578431,
    ""SHY"": 0.12578431,
    ""IEF"": 0.12578431,
    ""TLT"": 0.12578431,
    ""TIP"": 0.12578431,
    ""LQD"": 0.12578431,
    ""HYG"": 0.12578431,
    ""GLD"": 0.12578431,
    ""SLV"": 0.12578431,
    ""DBC"": 0.12578431,
    ""VNQ"": 0.12578431,
    ""UUP"": 0.12578431,
    ""BIL"": 0.12578431
  }
}
```",1,0,0,18.980241584125906,532,1,0,0,0,406,12.028365,2334,stop,[],0,0,0,0,DBC,SPY,SPY,0,0,0.6666666666666666,1.1223905880914522,0.5918790342215547,2.0122792321330962e-16,6.397344083151129e-17,0.2792932590114087,0,"{""SPY"":0.185101175,""QQQ"":0.038804706,""IWM"":0.038804706,""DIA"":0.038804706,""EFA"":0.038804706,""EEM"":0.038804706,""VEA"":0.038804706,""VWO"":0.038804706,""AGG"":0.038804706,""BND"":0.038804706,""SHY"":0.038804706,""IEF"":0.038804706,""TLT"":0.038804706,""TIP"":0.038804706,""LQD"":0.038804706,""HYG"":0.038804706,""GLD"":0.038804706,""SLV"":0.038804706,""DBC"":0.038804706,""VNQ"":0.038804706,""UUP"":0.038804706,""BIL"":0.038804706}","{""SPY"":0.185101175,""QQQ"":0.038804706,""IWM"":0.038804706,""DIA"":0.038804706,""EFA"":0.038804706,""EEM"":0.038804706,""VEA"":0.038804706,""VWO"":0.038804706,""AGG"":0.038804706,""BND"":0.038804706,""SHY"":0.038804706,""IEF"":0.038804706,""TLT"":0.038804706,""TIP"":0.038804706,""LQD"":0.038804706,""HYG"":0.038804706,""GLD"":0.038804706,""SLV"":0.038804706,""DBC"":0.038804706,""VNQ"":0.038804706,""UUP"":0.038804706,""BIL"":0.038804706}","{""SPY"":0.019047619,""QQQ"":0.019047619,""IWM"":0.019047619,""DIA"":0.019047619,""EFA"":0.019047619,""EEM"":0.019047619,""VEA"":0.019047619,""VWO"":0.019047619,""AGG"":0.019047619,""BND"":0.019047619,""SHY"":0.019047619,""IEF"":0.019047619,""TLT"":0.019047619,""TIP"":0.019047619,""LQD"":0.019047619,""HYG"":0.019047619,""GLD"":0.019047619,""SLV"":0.019047619,""DBC"":0.6,""VNQ"":0.019047619,""UUP"":0.019047619,""BIL"":0.019047619}",0,0.9999999999999998,0.18510117496024975,0.03880470595427382,2.220446049250313e-16,0,0,0.9999999999999996,0.1851011749602497,0.038804705954273815,1,1,1,3c5e1f27f5b574be2bf536ae
q1_20260801_011049,model_family_generalization,P4,qwen3.5:4b,P4,,,real_ticker,,2012-01-03,42,10.0,0.6,0.25,e6d49432115404e3,"You are an EQUAL-WEIGHT CONTROL policy profile. Ignore all feature data. Allocate the total portfolio weight equally among all eligible assets. Include every eligible ticker exactly once. Return strictly valid JSON only with a `weights` object whose values are decimals, not percentages.
Hard constraints for the execution layer: long-only weights, weights sum to one, maximum single-asset weight 0.60, and turnover cap 0.25. You propose weights; deterministic projection will enforce final feasibility.

Current Features:
- SPY_r1m: 0.02671551
- SPY_r3m: 0.16718467
- SPY_r12m: 0.02459595
- SPY_vol3m: 0.25887588
- SPY_mdd: -0.04997530
- QQQ_r1m: 0.00594834
- QQQ_r3m: 0.11689019
- QQQ_r12m: 0.03838245
- QQQ_vol3m: 0.25840220
- QQQ_mdd: -0.04035417
- IWM_r1m: 0.02917638
- IWM_r3m: 0.23521387
- IWM_r12m: -0.04505700
- IWM_vol3m: 0.37700087
- IWM_mdd: -0.12194572
- DIA_r1m: 0.03222826
- DIA_r3m: 0.17057153
- DIA_r12m: 0.08903110
- DIA_vol3m: 0.23431471
- DIA_mdd: -0.01629549
- EFA_r1m: 0.01361822
- EFA_r3m: 0.10687441
- EFA_r12m: -0.10575181
- EFA_vol3m: 0.34495581
- EFA_mdd: -0.17813728
- EEM_r1m: -0.01040953
- EEM_r3m: 0.14885786
- EEM_r12m: -0.17111196
- EEM_vol3m: 0.40143386
- EEM_mdd: -0.20578645
- VEA_r1m: 0.01517233
- VEA_r3m: 0.10818375
- VEA_r12m: -0.10683619
- VEA_vol3m: 0.34370234
- VEA_mdd: -0.17899871
- VWO_r1m: -0.01158303
- VWO_r3m: 0.14398038
- VWO_r12m: -0.17177897
- VWO_vol3m: 0.38302895
- VWO_mdd: -0.20591382
- AGG_r1m: 0.01119106
- AGG_r3m: 0.00536619
- AGG_r12m: 0.07603807
- AGG_vol3m: 0.03331191
- AGG_mdd: -0.00326117
- BND_r1m: 0.00898195
- BND_r3m: 0.00348999
- BND_r12m: 0.07727916
- BND_vol3m: 0.03756468
- BND_mdd: -0.00311206
- SHY_r1m: -0.00012969
- SHY_r3m: 0.00049781
- SHY_r12m: 0.01404656
- SHY_vol3m: 0.00531517
- SHY_mdd: -0.00093098
- IEF_r1m: 0.01369723
- IEF_r3m: -0.00306527
- IEF_r12m: 0.15272011
- IEF_vol3m: 0.08440694
- IEF_mdd: -0.00989297
- TLT_r1m: 0.02405978
- TLT_r3m: -0.02737122
- TLT_r12m: 0.32992894
- TLT_vol3m: 0.22551508
- TLT_mdd: -0.03273671
- TIP_r1m: 0.00163172
- TIP_r3m: 0.01738505
- TIP_r12m: 0.13732879
- TIP_vol3m: 0.05984325
- TIP_mdd: -0.00931184
- LQD_r1m: 0.03166939
- LQD_r3m: 0.02464866
- LQD_r12m: 0.09230849
- LQD_vol3m: 0.06049644
- LQD_mdd: -0.00968553
- HYG_r1m: 0.04431199
- HYG_r3m: 0.12391091
- HYG_r12m: 0.07017863
- HYG_vol3m: 0.15996905
- HYG_mdd: 0.00000000
- GLD_r1m: -0.08082300
- GLD_r3m: -0.03131218
- GLD_r12m: 0.12985506
- GLD_vol3m: 0.22454383
- GLD_mdd: -0.15531718
- SLV_r1m: -0.09510360
- SLV_r3m: -0.02238046
- SLV_r12m: -0.03835889
- SLV_vol3m: 0.44565753
- SLV_mdd: -0.38997036
- DBC_r1m: 0.00363098
- DBC_r3m: 0.07884469
- DBC_r12m: -0.00108424
- DBC_vol3m: 0.20030343
- DBC_mdd: -0.13408522
- VNQ_r1m: 0.06613014
- VNQ_r3m: 0.22009966
- VNQ_r12m: 0.07552847
- VNQ_vol3m: 0.32461742
- VNQ_mdd: -0.05488288
- UUP_r1m: 0.01043075
- UUP_r3m: -0.01021780
- UUP_r12m: -0.02366347
- UUP_vol3m: 0.10413908
- UUP_mdd: -0.13743715
- BIL_r1m: -0.00017417
- BIL_r3m: -0.00061082
- BIL_r12m: -0.00082833
- BIL_vol3m: 0.00288457
- BIL_mdd: -0.00104647
- cross_vol: 0.20774014

Assets: SPY, QQQ, IWM, DIA, EFA, EEM, VEA, VWO, AGG, BND, SHY, IEF, TLT, TIP, LQD, HYG, GLD, SLV, DBC, VNQ, UUP, BIL","```json
{
  ""weights"": {
    ""SPY"": 0.15384615,
    ""QQQ"": 0.15384615,
    ""IWM"": 0.15384615,
    ""DIA"": 0.15384615,
    ""EFA"": 0.15384615,
    ""EEM"": 0.15384615,
    ""VEA"": 0.15384615,
    ""VWO"": 0.15384615,
    ""AGG"": 0.15384615,
    ""BND"": 0.15384615,
    ""SHY"": 0.15384615,
    ""IEF"": 0.15384615,
    ""TLT"": 0.15384615,
    ""TIP"": 0.15384615,
    ""LQD"": 0.15384615,
    ""HYG"": 0.15384615,
    ""GLD"": 0.15384615,
    ""SLV"": 0.15384615,
    ""DBC"": 0.15384615,
    ""VNQ"": 0.15384615,
    ""UUP"": 0.15384615,
    ""BIL"": 0.15384615
  }
}
```",1,0,0,18.792745916871354,539,1,0,0,0,413,12.615394,2285,stop,[],0,0,0,0,SPY,SPY,SPY,1,1,1.0,0.0,0.0,3.0531133177191805e-16,6.509259464525837e-17,3.0531133177191805e-16,1,"{""SPY"":0.0454545455,""QQQ"":0.0454545455,""IWM"":0.0454545455,""DIA"":0.0454545455,""EFA"":0.0454545455,""EEM"":0.0454545455,""VEA"":0.0454545455,""VWO"":0.0454545455,""AGG"":0.0454545455,""BND"":0.0454545455,""SHY"":0.0454545455,""IEF"":0.0454545455,""TLT"":0.0454545455,""TIP"":0.0454545455,""LQD"":0.0454545455,""HYG"":0.0454545455,""GLD"":0.0454545455,""SLV"":0.0454545455,""DBC"":0.0454545455,""VNQ"":0.0454545455,""UUP"":0.0454545455,""BIL"":0.0454545455}","{""SPY"":0.0454545455,""QQQ"":0.0454545455,""IWM"":0.0454545455,""DIA"":0.0454545455,""EFA"":0.0454545455,""EEM"":0.0454545455,""VEA"":0.0454545455,""VWO"":0.0454545455,""AGG"":0.0454545455,""BND"":0.0454545455,""SHY"":0.0454545455,""IEF"":0.0454545455,""TLT"":0.0454545455,""TIP"":0.0454545455,""LQD"":0.0454545455,""HYG"":0.0454545455,""GLD"":0.0454545455,""SLV"":0.0454545455,""DBC"":0.0454545455,""VNQ"":0.0454545455,""UUP"":0.0454545455,""BIL"":0.0454545455}","{""SPY"":0.0454545455,""QQQ"":0.0454545455,""IWM"":0.0454545455,""DIA"":0.0454545455,""EFA"":0.0454545455,""EEM"":0.0454545455,""VEA"":0.0454545455,""VWO"":0.0454545455,""AGG"":0.0454545455,""BND"":0.0454545455,""SHY"":0.0454545455,""IEF"":0.0454545455,""TLT"":0.0454545455,""TIP"":0.0454545455,""LQD"":0.0454545455,""HYG"":0.0454545455,""GLD"":0.0454545455,""SLV"":0.0454545455,""DBC"":0.0454545455,""VNQ"":0.0454545455,""UUP"":0.0454545455,""BIL"":0.0454545455}",0,0.9999999999999998,0.045454545454545456,0.045454545454545456,2.220446049250313e-16,0,0,1.0,0.04545454545454547,0.04545454545454547,1,1,1,07a25e562186e0c6a698ddf3
q1_20260801_011049,model_family_generalization,P4,qwen3.5:4b,P4,,,real_ticker,,2013-03-07,42,10.0,0.6,0.25,edf9a74f5004b744,"You are an EQUAL-WEIGHT CONTROL policy profile. Ignore all feature data. Allocate the total portfolio weight equally among all eligible assets. Include every eligible ticker exactly once. Return strictly valid JSON only with a `weights` object whose values are decimals, not percentages.
Hard constraints for the execution layer: long-only weights, weights sum to one, maximum single-asset weight 0.60, and turnover cap 0.25. You propose weights; deterministic projection will enforce final feasibility.

Current Features:
- SPY_r1m: 0.02469384
- SPY_r3m: 0.10355899
- SPY_r12m: 0.15694450
- SPY_vol3m: 0.11331766
- SPY_mdd: 0.00000000
- QQQ_r1m: 0.01823273
- QQQ_r3m: 0.05245420
- QQQ_r12m: 0.08328101
- QQQ_vol3m: 0.14230142
- QQQ_mdd: -0.01605729
- IWM_r1m: 0.03097273
- IWM_r3m: 0.14111880
- IWM_r12m: 0.17994039
- IWM_vol3m: 0.13147733
- IWM_mdd: 0.00000000
- DIA_r1m: 0.02953075
- DIA_r3m: 0.11373719
- DIA_r12m: 0.13431127
- DIA_vol3m: 0.09925860
- DIA_mdd: 0.00000000
- EFA_r1m: 0.01023015
- EFA_r3m: 0.08355395
- EFA_r12m: 0.12507905
- EFA_vol3m: 0.12213494
- EFA_mdd: -0.00991548
- EEM_r1m: -0.00500330
- EEM_r3m: 0.05107175
- EEM_r12m: 0.01564556
- EEM_vol3m: 0.11277195
- EEM_mdd: -0.09495469
- VEA_r1m: 0.01182671
- VEA_r3m: 0.08447113
- VEA_r12m: 0.12331643
- VEA_vol3m: 0.12379089
- VEA_mdd: -0.01001731
- VWO_r1m: -0.00878221
- VWO_r3m: 0.05539474
- VWO_r12m: 0.01644713
- VWO_vol3m: 0.11311231
- VWO_mdd: -0.09085716
- AGG_r1m: 0.00298230
- AGG_r3m: -0.00789205
- AGG_r12m: 0.02671506
- AGG_vol3m: 0.02198253
- AGG_mdd: -0.00877924
- BND_r1m: 0.00294915
- BND_r3m: -0.01528988
- BND_r12m: 0.01905989
- BND_vol3m: 0.02623608
- BND_mdd: -0.01598476
- SHY_r1m: 0.00009460
- SHY_r3m: 0.00047420
- SHY_r12m: 0.00336979
- SHY_vol3m: 0.00308644
- SHY_mdd: -0.00059235
- IEF_r1m: 0.00459187
- IEF_r3m: -0.02025412
- IEF_r12m: 0.03049403
- IEF_vol3m: 0.04553076
- IEF_mdd: -0.02310919
- TLT_r1m: 0.00197544
- TLT_r3m: -0.06904112
- TLT_r12m: 0.02208087
- TLT_vol3m: 0.11835554
- TLT_mdd: -0.10944081
- TIP_r1m: -0.00190668
- TIP_r3m: -0.01979212
- TIP_r12m: 0.04464834
- TIP_vol3m: 0.03990914
- TIP_mdd: -0.02352910
- LQD_r1m: 0.00564916
- LQD_r3m: -0.01390385
- LQD_r12m: 0.05680259
- LQD_vol3m: 0.03643095
- LQD_mdd: -0.01994465
- HYG_r1m: 0.01295297
- HYG_r3m: 0.02689283
- HYG_r12m: 0.09990517
- HYG_vol3m: 0.04119250
- HYG_mdd: 0.00000000
- GLD_r1m: -0.05723638
- GLD_r3m: -0.07134166
- GLD_r12m: -0.07823720
- GLD_vol3m: 0.11009493
- GLD_mdd: -0.17281540
- SLV_r1m: -0.09265281
- SLV_r3m: -0.12507836
- SLV_r12m: -0.15501057
- SLV_vol3m: 0.19915437
- SLV_mdd: -0.40943714
- DBC_r1m: -0.05141661
- DBC_r3m: -0.02865335
- DBC_r12m: -0.07566461
- DBC_vol3m: 0.07947798
- DBC_mdd: -0.15037591
- VNQ_r1m: 0.02209524
- VNQ_r3m: 0.09493046
- VNQ_r12m: 0.17024886
- VNQ_vol3m: 0.09312219
- VNQ_mdd: -0.00767170
- UUP_r1m: 0.03179719
- UUP_r3m: 0.02800722
- UUP_r12m: 0.01358079
- UUP_vol3m: 0.05064613
- UUP_mdd: -0.13317853
- BIL_r1m: -0.00000000
- BIL_r3m: -0.00000000
- BIL_r12m: -0.00021834
- BIL_vol3m: 0.00233318
- BIL_mdd: -0.00126459
- cross_vol: 0.08298717

Assets: SPY, QQQ, IWM, DIA, EFA, EEM, VEA, VWO, AGG, BND, SHY, IEF, TLT, TIP, LQD, HYG, GLD, SLV, DBC, VNQ, UUP, BIL","```json
{
  ""weights"": {
    ""SPY"": 0.1569445,
    ""QQQ"": 0.2387169,
    ""IWM"": 0.1799404,
    ""DIA"": 0.1343113,
    ""EFA"": 0.1250791,
    ""EEM"": -0.0863091,
    ""VEA"": 0.1233164,
    ""VWO"": 0.0164471,
    ""AGG"": 0.0267151,
    ""BND"": 0.0190599,
    ""SHY"": 0.0033698,
    ""IEF"": 0.0304940,
    ""TLT"": 0.0220809,
    ""TIP"": 0.0446483,
    ""LQD"": 0.0568026,
    ""HYG"": 0.0999052,
    ""GLD"": -0.1782372,
    ""SLV"": -0.4094371,
    ""DBC"": -0.1503759,
    ""VNQ"": 0.1702489,
    ""UUP"": 0.0135808,
    ""BIL"": -0.0002183
  }
}
```",1,0,0,17.617665332974866,522,1,0,0,0,391,11.365488,2285,stop,[],0,0,5,0,SPY,SPY,SPY,1,1,1.0,0.0,0.0,3.0531133177191805e-16,6.509259464525837e-17,3.0531133177191805e-16,1,"{""SPY"":0.0454545455,""QQQ"":0.0454545455,""IWM"":0.0454545455,""DIA"":0.0454545455,""EFA"":0.0454545455,""EEM"":0.0454545455,""VEA"":0.0454545455,""VWO"":0.0454545455,""AGG"":0.0454545455,""BND"":0.0454545455,""SHY"":0.0454545455,""IEF"":0.0454545455,""TLT"":0.0454545455,""TIP"":0.0454545455,""LQD"":0.0454545455,""HYG"":0.0454545455,""GLD"":0.0454545455,""SLV"":0.0454545455,""DBC"":0.0454545455,""VNQ"":0.0454545455,""UUP"":0.0454545455,""BIL"":0.0454545455}","{""SPY"":0.0454545455,""QQQ"":0.0454545455,""IWM"":0.0454545455,""DIA"":0.0454545455,""EFA"":0.0454545455,""EEM"":0.0454545455,""VEA"":0.0454545455,""VWO"":0.0454545455,""AGG"":0.0454545455,""BND"":0.0454545455,""SHY"":0.0454545455,""IEF"":0.0454545455,""TLT"":0.0454545455,""TIP"":0.0454545455,""LQD"":0.0454545455,""HYG"":0.0454545455,""GLD"":0.0454545455,""SLV"":0.0454545455,""DBC"":0.0454545455,""VNQ"":0.0454545455,""UUP"":0.0454545455,""BIL"":0.0454545455}","{""SPY"":0.0454545455,""QQQ"":0.0454545455,""IWM"":0.0454545455,""DIA"":0.0454545455,""EFA"":0.0454545455,""EEM"":0.0454545455,""VEA"":0.0454545455,""VWO"":0.0454545455,""AGG"":0.0454545455,""BND"":0.0454545455,""SHY"":0.0454545455,""IEF"":0.0454545455,""TLT"":0.0454545455,""TIP"":0.0454545455,""LQD"":0.0454545455,""HYG"":0.0454545455,""GLD"":0.0454545455,""SLV"":0.0454545455,""DBC"":0.0454545455,""VNQ"":0.0454545455,""UUP"":0.0454545455,""BIL"":0.0454545455}",0,0.9999999999999998,0.045454545454545456,0.045454545454545456,2.220446049250313e-16,0,0,1.0,0.04545454545454547,0.04545454545454547,1,1,1,bc9c144aca581038025d4420
q1_20260801_011049,model_family_generalization,P4,qwen3.5:4b,P4,,,real_ticker,,2015-11-04,42,10.0,0.6,0.25,7b1c90fc54084618,"You are an EQUAL-WEIGHT CONTROL policy profile. Ignore all feature data. Allocate the total portfolio weight equally among all eligible assets. Include every eligible ticker exactly once. Return strictly valid JSON only with a `weights` object whose values are decimals, not percentages.
Hard constraints for the execution layer: long-only weights, weights sum to one, maximum single-asset weight 0.60, and turnover cap 0.25. You propose weights; deterministic projection will enforce final feasibility.

Current Features:
- SPY_r1m: 0.06355218
- SPY_r3m: 0.01489593
- SPY_r12m: 0.06733256
- SPY_vol3m: 0.21710810
- SPY_mdd: -0.00534579
- QQQ_r1m: 0.09542825
- QQQ_r3m: 0.04390968
- QQQ_r12m: 0.14702423
- QQQ_vol3m: 0.25088881
- QQQ_mdd: 0.00000000
- IWM_r1m: 0.05156014
- IWM_r3m: -0.01707309
- IWM_r12m: 0.03558668
- IWM_vol3m: 0.22052952
- IWM_mdd: -0.07656234
- DIA_r1m: 0.06585703
- DIA_r3m: 0.03126090
- DIA_r12m: 0.05297199
- DIA_vol3m: 0.21045681
- DIA_mdd: -0.01429903
- EFA_r1m: 0.02713141
- EFA_r3m: -0.05252592
- EFA_r12m: -0.00102328
- EFA_vol3m: 0.20974118
- EFA_mdd: -0.09021254
- EEM_r1m: 0.03564166
- EEM_r3m: -0.01596917
- EEM_r12m: -0.12705907
- EEM_vol3m: 0.28150496
- EEM_mdd: -0.22148562
- VEA_r1m: 0.02857147
- VEA_r3m: -0.04608422
- VEA_r12m: 0.00368231
- VEA_vol3m: 0.21077207
- VEA_mdd: -0.08600643
- VWO_r1m: 0.03115992
- VWO_r3m: -0.03589447
- VWO_r12m: -0.13206438
- VWO_vol3m: 0.28608892
- VWO_mdd: -0.20032172
- AGG_r1m: -0.00561575
- AGG_r3m: 0.00414263
- AGG_r12m: 0.01677308
- AGG_vol3m: 0.03487067
- AGG_mdd: -0.01341774
- BND_r1m: -0.00453562
- BND_r3m: 0.00492152
- BND_r12m: 0.01789518
- BND_vol3m: 0.03516037
- BND_mdd: -0.01543375
- SHY_r1m: -0.00375423
- SHY_r3m: 0.00012763
- SHY_r12m: 0.00498819
- SHY_vol3m: 0.01049935
- SHY_mdd: -0.00480727
- IEF_r1m: -0.01489888
- IEF_r3m: 0.00604910
- IEF_r12m: 0.03232470
- IEF_vol3m: 0.05862688
- IEF_mdd: -0.02456820
- TLT_r1m: -0.01658068
- TLT_r3m: -0.00700840
- TLT_r12m: 0.04089752
- TLT_vol3m: 0.14295409
- TLT_mdd: -0.10567233
- TIP_r1m: -0.00967361
- TIP_r3m: -0.00744259
- TIP_r12m: -0.01807394
- TIP_vol3m: 0.04839325
- TIP_mdd: -0.07544146
- LQD_r1m: -0.00310502
- LQD_r3m: 0.00868171
- LQD_r12m: 0.00388992
- LQD_vol3m: 0.05248304
- LQD_mdd: -0.04240429
- HYG_r1m: 0.02127220
- HYG_r3m: -0.00586418
- HYG_r12m: -0.02253115
- HYG_vol3m: 0.06986573
- HYG_mdd: -0.03797382
- GLD_r1m: -0.03540870
- GLD_r3m: 0.01513557
- GLD_r12m: -0.05569417
- GLD_vol3m: 0.13943144
- GLD_mdd: -0.42591688
- SLV_r1m: -0.04578630
- SLV_r3m: 0.02787708
- SLV_r12m: -0.06380205
- SLV_vol3m: 0.24739090
- SLV_mdd: -0.69572576
- DBC_r1m: -0.03322684
- DBC_r3m: -0.02324080
- DBC_r12m: -0.30596334
- DBC_vol3m: 0.20066854
- DBC_mdd: -0.52600252
- VNQ_r1m: 0.03661229
- VNQ_r3m: 0.03457099
- VNQ_r12m: 0.04811533
- VNQ_vol3m: 0.20059077
- VNQ_mdd: -0.06908857
- UUP_r1m: 0.02573382
- UUP_r3m: -0.00195631
- UUP_r12m: 0.10242000
- UUP_vol3m: 0.08984974
- UUP_mdd: -0.03699512
- BIL_r1m: -0.00021917
- BIL_r3m: -0.00043773
- BIL_r12m: -0.00153084
- BIL_vol3m: 0.00224689
- BIL_mdd: -0.00409903
- cross_vol: 0.14636918

Assets: SPY, QQQ, IWM, DIA, EFA, EEM, VEA, VWO, AGG, BND, SHY, IEF, TLT, TIP, LQD, HYG, GLD, SLV, DBC, VNQ, UUP, BIL","```json
{
  ""weights"": {
    ""SPY"": 0.15384615,
    ""QQQ"": 0.12903226,
    ""IWM"": 0.07692308,
    ""DIA"": 0.07692308,
    ""EFA"": 0.05479452,
    ""EEM"": 0.05128205,
    ""VEA"": 0.05128205,
    ""VWO"": 0.06349206,
    ""AGG"": 0.07692308,
    ""BND"": 0.07692308,
    ""SHY"": 0.15384615,
    ""IEF"": 0.07692308,
    ""TLT"": 0.07692308,
    ""TIP"": 0.07692308,
    ""LQD"": 0.15384615,
    ""HYG"": 0.07692308,
    ""GLD"": 0.07692308,
    ""SLV"": 0.07692308,
    ""DBC"": 0.15384615,
    ""VNQ"": 0.07692308,
    ""UUP"": 0.07692308,
    ""BIL"": 0.07692308
  }
}
```",1,0,0,17.757541707949713,539,1,0,0,0,413,11.718262,2285,stop,[],0,0,0,0,SPY,SPY,SPY,1,1,1.0,0.0,0.0,3.0531133177191805e-16,6.509259464525837e-17,3.0531133177191805e-16,1,"{""SPY"":0.0454545455,""QQQ"":0.0454545455,""IWM"":0.0454545455,""DIA"":0.0454545455,""EFA"":0.0454545455,""EEM"":0.0454545455,""VEA"":0.0454545455,""VWO"":0.0454545455,""AGG"":0.0454545455,""BND"":0.0454545455,""SHY"":0.0454545455,""IEF"":0.0454545455,""TLT"":0.0454545455,""TIP"":0.0454545455,""LQD"":0.0454545455,""HYG"":0.0454545455,""GLD"":0.0454545455,""SLV"":0.0454545455,""DBC"":0.0454545455,""VNQ"":0.0454545455,""UUP"":0.0454545455,""BIL"":0.0454545455}","{""SPY"":0.0454545455,""QQQ"":0.0454545455,""IWM"":0.0454545455,""DIA"":0.0454545455,""EFA"":0.0454545455,""EEM"":0.0454545455,""VEA"":0.0454545455,""VWO"":0.0454545455,""AGG"":0.0454545455,""BND"":0.0454545455,""SHY"":0.0454545455,""IEF"":0.0454545455,""TLT"":0.0454545455,""TIP"":0.0454545455,""LQD"":0.0454545455,""HYG"":0.0454545455,""GLD"":0.0454545455,""SLV"":0.0454545455,""DBC"":0.0454545455,""VNQ"":0.0454545455,""UUP"":0.0454545455,""BIL"":0.0454545455}","{""SPY"":0.0454545455,""QQQ"":0.0454545455,""IWM"":0.0454545455,""DIA"":0.0454545455,""EFA"":0.0454545455,""EEM"":0.0454545455,""VEA"":0.0454545455,""VWO"":0.0454545455,""AGG"":0.0454545455,""BND"":0.0454545455,""SHY"":0.0454545455,""IEF"":0.0454545455,""TLT"":0.0454545455,""TIP"":0.0454545455,""LQD"":0.0454545455,""HYG"":0.0454545455,""GLD"":0.0454545455,""SLV"":0.0454545455,""DBC"":0.0454545455,""VNQ"":0.0454545455,""UUP"":0.0454545455,""BIL"":0.0454545455}",0,0.9999999999999998,0.045454545454545456,0.045454545454545456,2.220446049250313e-16,0,0,1.0,0.04545454545454547,0.04545454545454547,1,1,1,38b6c57cf89cbe9f37a8328a
q1_20260801_011049,model_family_generalization,P4,qwen3.5:4b,P4,,,real_ticker,,2017-03-08,42,10.0,0.6,0.25,dc9d7b063c3fc7e4,"You are an EQUAL-WEIGHT CONTROL policy profile. Ignore all feature data. Allocate the total portfolio weight equally among all eligible assets. Include every eligible ticker exactly once. Return strictly valid JSON only with a `weights` object whose values are decimals, not percentages.
Hard constraints for the execution layer: long-only weights, weights sum to one, maximum single-asset weight 0.60, and turnover cap 0.25. You propose weights; deterministic projection will enforce final feasibility.

Current Features:
- SPY_r1m: 0.03332910
- SPY_r3m: 0.07671644
- SPY_r12m: 0.21794332
- SPY_vol3m: 0.07049640
- SPY_mdd: -0.01342872
- QQQ_r1m: 0.03902098
- QQQ_r3m: 0.12458562
- QQQ_r12m: 0.26928760
- QQQ_vol3m: 0.07385144
- QQQ_mdd: -0.00532525
- IWM_r1m: 0.00044157
- IWM_r3m: 0.02486317
- IWM_r12m: 0.29872353
- IWM_vol3m: 0.13471107
- IWM_mdd: -0.03177541
- DIA_r1m: 0.04442924
- DIA_r3m: 0.09166292
- DIA_r12m: 0.26008415
- DIA_vol3m: 0.06938009
- DIA_mdd: -0.01142117
- EFA_r1m: 0.01004844
- EFA_r3m: 0.06397011
- EFA_r12m: 0.11564827
- EFA_vol3m: 0.08173701
- EFA_mdd: -0.06940914
- EEM_r1m: 0.00610715
- EEM_r3m: 0.08227145
- EEM_r12m: 0.19914154
- EEM_vol3m: 0.13366759
- EEM_mdd: -0.14554546
- VEA_r1m: 0.00579702
- VEA_r3m: 0.06162481
- VEA_r12m: 0.12642002
- VEA_vol3m: 0.08232636
- VEA_mdd: -0.05129750
- VWO_r1m: 0.01204175
- VWO_r3m: 0.07876991
- VWO_r12m: 0.21014934
- VWO_vol3m: 0.12658692
- VWO_mdd: -0.10861701
- AGG_r1m: -0.00583672
- AGG_r3m: 0.00041809
- AGG_r12m: 0.00352924
- AGG_vol3m: 0.03372477
- AGG_mdd: -0.03609771
- BND_r1m: -0.00609787
- BND_r3m: 0.00011928
- BND_r12m: 0.00334975
- BND_vol3m: 0.03452135
- BND_mdd: -0.03847171
- SHY_r1m: -0.00291140
- SHY_r3m: -0.00099711
- SHY_r12m: 0.00125116
- SHY_vol3m: 0.00945374
- SHY_mdd: -0.00790175
- IEF_r1m: -0.01060656
- IEF_r3m: -0.00592824
- IEF_r12m: -0.03346053
- IEF_vol3m: 0.05301710
- IEF_mdd: -0.07517592
- TLT_r1m: -0.01431017
- TLT_r3m: -0.00752097
- TLT_r12m: -0.07181413
- TLT_vol3m: 0.11236306
- TLT_mdd: -0.16652099
- TIP_r1m: -0.00928947
- TIP_r3m: -0.00053068
- TIP_r12m: 0.01903762
- TIP_vol3m: 0.04248982
- TIP_mdd: -0.04096783
- LQD_r1m: -0.00642347
- LQD_r3m: 0.00558117
- LQD_r12m: 0.04007511
- LQD_vol3m: 0.04753382
- LQD_mdd: -0.04476260
- HYG_r1m: -0.00551270
- HYG_r3m: 0.02347609
- HYG_r12m: 0.13516933
- HYG_vol3m: 0.03922253
- HYG_mdd: -0.01892799
- GLD_r1m: -0.02242990
- GLD_r3m: 0.03155816
- GLD_r12m: -0.04577877
- GLD_vol3m: 0.11087103
- GLD_mdd: -0.37667263
- SLV_r1m: -0.02972652
- SLV_r3m: 0.02770778
- SLV_r12m: 0.11627906
- SLV_vol3m: 0.19805599
- SLV_mdd: -0.65467625
- DBC_r1m: -0.03984823
- DBC_r3m: -0.03188777
- DBC_r12m: 0.14912954
- DBC_vol3m: 0.11438316
- DBC_mdd: -0.52443608
- VNQ_r1m: -0.00931504
- VNQ_r3m: 0.03746160
- VNQ_r12m: 0.08370603
- VNQ_vol3m: 0.13080573
- VNQ_mdd: -0.09134414
- UUP_r1m: 0.02248076
- UUP_r3m: 0.01932000
- UUP_r12m: 0.04641026
- UUP_vol3m: 0.07632795
- UUP_mdd: -0.01198502
- BIL_r1m: -0.00017566
- BIL_r3m: 0.00052486
- BIL_r12m: 0.00164212
- BIL_vol3m: 0.00339720
- BIL_mdd: -0.00246364
- cross_vol: 0.08086019

Assets: SPY, QQQ, IWM, DIA, EFA, EEM, VEA, VWO, AGG, BND, SHY, IEF, TLT, TIP, LQD, HYG, GLD, SLV, DBC, VNQ, UUP, BIL","```json
{
  ""weights"": {
    ""SPY"": 0.15,
    ""QQQ"": 0.20,
    ""IWM"": 0.18,
    ""DIA"": 0.14,
    ""EFA"": 0.13,
    ""EEM"": 0.06,
    ""VEA"": 0.05,
    ""VWO"": 0.07,
    ""AGG"": 0.08,
    ""BND"": 0.09,
    ""SHY"": 0.12,
    ""IEF"": 0.04,
    ""TLT"": 0.03,
    ""TIP"": 0.05,
    ""LQD"": 0.06,
    ""HYG"": 0.07,
    ""GLD"": 0.12,
    ""SLV"": 0.14,
    ""DBC"": 0.08,
    ""VNQ"": 0.13,
    ""UUP"": 0.15,
    ""BIL"": 0.06
  }
}
```",1,0,0,13.948859167052433,407,1,0,0,0,281,7.988158,2285,stop,[],0,0,0,0,SPY,SPY,SPY,1,1,1.0,0.0,0.0,3.0531133177191805e-16,6.509259464525837e-17,3.0531133177191805e-16,1,"{""SPY"":0.0454545455,""QQQ"":0.0454545455,""IWM"":0.0454545455,""DIA"":0.0454545455,""EFA"":0.0454545455,""EEM"":0.0454545455,""VEA"":0.0454545455,""VWO"":0.0454545455,""AGG"":0.0454545455,""BND"":0.0454545455,""SHY"":0.0454545455,""IEF"":0.0454545455,""TLT"":0.0454545455,""TIP"":0.0454545455,""LQD"":0.0454545455,""HYG"":0.0454545455,""GLD"":0.0454545455,""SLV"":0.0454545455,""DBC"":0.0454545455,""VNQ"":0.0454545455,""UUP"":0.0454545455,""BIL"":0.0454545455}","{""SPY"":0.0454545455,""QQQ"":0.0454545455,""IWM"":0.0454545455,""DIA"":0.0454545455,""EFA"":0.0454545455,""EEM"":0.0454545455,""VEA"":0.0454545455,""VWO"":0.0454545455,""AGG"":0.0454545455,""BND"":0.0454545455,""SHY"":0.0454545455,""IEF"":0.0454545455,""TLT"":0.0454545455,""TIP"":0.0454545455,""LQD"":0.0454545455,""HYG"":0.0454545455,""GLD"":0.0454545455,""SLV"":0.0454545455,""DBC"":0.0454545455,""VNQ"":0.0454545455,""UUP"":0.0454545455,""BIL"":0.0454545455}","{""SPY"":0.0454545455,""QQQ"":0.0454545455,""IWM"":0.0454545455,""DIA"":0.0454545455,""EFA"":0.0454545455,""EEM"":0.0454545455,""VEA"":0.0454545455,""VWO"":0.0454545455,""AGG"":0.0454545455,""BND"":0.0454545455,""SHY"":0.0454545455,""IEF"":0.0454545455,""TLT"":0.0454545455,""TIP"":0.0454545455,""LQD"":0.0454545455,""HYG"":0.0454545455,""GLD"":0.0454545455,""SLV"":0.0454545455,""DBC"":0.0454545455,""VNQ"":0.0454545455,""UUP"":0.0454545455,""BIL"":0.0454545455}",0,0.9999999999999998,0.045454545454545456,0.045454545454545456,2.220446049250313e-16,0,0,1.0,0.04545454545454547,0.04545454545454547,1,1,1,dd2e44221b24bbf8ad657df2
q1_20260801_011049,model_family_generalization,P4,qwen3.5:4b,P4,,,real_ticker,,2018-01-05,42,10.0,0.6,0.25,071bd9b6f7336d32,"You are an EQUAL-WEIGHT CONTROL policy profile. Ignore all feature data. Allocate the total portfolio weight equally among all eligible assets. Include every eligible ticker exactly once. Return strictly valid JSON only with a `weights` object whose values are decimals, not percentages.
Hard constraints for the execution layer: long-only weights, weights sum to one, maximum single-asset weight 0.60, and turnover cap 0.25. You propose weights; deterministic projection will enforce final feasibility.

Current Features:
- SPY_r1m: 0.04417929
- SPY_r3m: 0.07915503
- SPY_r12m: 0.23116435
- SPY_vol3m: 0.05868879
- SPY_mdd: 0.00000000
- QQQ_r1m: 0.06183277
- QQQ_r3m: 0.10035697
- QQQ_r12m: 0.35183209
- QQQ_vol3m: 0.10697084
- QQQ_mdd: 0.00000000
- IWM_r1m: 0.02946103
- IWM_r3m: 0.03405101
- IWM_r12m: 0.15189093
- IWM_vol3m: 0.09679892
- IWM_mdd: 0.00000000
- DIA_r1m: 0.04664558
- DIA_r3m: 0.11626610
- DIA_r12m: 0.30032631
- DIA_vol3m: 0.06232716
- DIA_mdd: 0.00000000
- EFA_r1m: 0.05310852
- EFA_r3m: 0.06771771
- EFA_r12m: 0.25402630
- EFA_vol3m: 0.06627542
- EFA_mdd: 0.00000000
- EEM_r1m: 0.08659156
- EEM_r3m: 0.08753922
- EEM_r12m: 0.38835277
- EEM_vol3m: 0.12605615
- EEM_mdd: 0.00000000
- VEA_r1m: 0.05475824
- VEA_r3m: 0.07371010
- VEA_r12m: 0.26585167
- VEA_vol3m: 0.06651868
- VEA_mdd: 0.00000000
- VWO_r1m: 0.08967606
- VWO_r3m: 0.07964519
- VWO_r12m: 0.32981968
- VWO_vol3m: 0.11620385
- VWO_mdd: 0.00000000
- AGG_r1m: -0.00168321
- AGG_r3m: 0.00087501
- AGG_r12m: 0.02717255
- AGG_vol3m: 0.02348980
- AGG_mdd: -0.00729761
- BND_r1m: -0.00243293
- BND_r3m: 0.00088849
- BND_r12m: 0.02992311
- BND_vol3m: 0.02377469
- BND_mdd: -0.00833827
- SHY_r1m: -0.00054858
- SHY_r3m: -0.00402260
- SHY_r12m: 0.00167153
- SHY_vol3m: 0.00628280
- SHY_mdd: -0.00716208
- IEF_r1m: -0.00609315
- IEF_r3m: -0.00576775
- IEF_r12m: 0.01419193
- IEF_vol3m: 0.03399461
- IEF_mdd: -0.05109347
- TLT_r1m: -0.00993497
- TLT_r3m: 0.02065846
- TLT_r12m: 0.05665001
- TLT_vol3m: 0.09730552
- TLT_mdd: -0.09161539
- TIP_r1m: 0.00270342
- TIP_r3m: 0.01174256
- TIP_r12m: 0.02099206
- TIP_vol3m: 0.02835731
- TIP_mdd: -0.01330013
- LQD_r1m: 0.00004459
- LQD_r3m: 0.00613208
- LQD_r12m: 0.05448026
- LQD_vol3m: 0.03805262
- LQD_mdd: -0.00551130
- HYG_r1m: 0.01186418
- HYG_r3m: 0.00621513
- HYG_r12m: 0.06078966
- HYG_vol3m: 0.03349994
- HYG_mdd: 0.00000000
- GLD_r1m: 0.04163898
- GLD_r3m: 0.03991043
- GLD_r12m: 0.11325280
- GLD_vol3m: 0.08823770
- GLD_mdd: -0.32103579
- SLV_r1m: 0.06500327
- SLV_r3m: 0.03377946
- SLV_r12m: 0.02918776
- SLV_vol3m: 0.15591118
- SLV_mdd: -0.65679222
- DBC_r1m: 0.03788810
- DBC_r3m: 0.08015507
- DBC_r12m: 0.05425862
- DBC_vol3m: 0.10863793
- DBC_mdd: -0.47650380
- VNQ_r1m: -0.01394883
- VNQ_r3m: -0.01512844
- VNQ_r12m: 0.00331687
- VNQ_vol3m: 0.09331326
- VNQ_mdd: -0.06172277
- UUP_r1m: -0.01265642
- UUP_r3m: -0.01751023
- UUP_r12m: -0.08533268
- UUP_vol3m: 0.05170730
- UUP_mdd: -0.10177618
- BIL_r1m: 0.00089756
- BIL_r3m: 0.00238621
- BIL_r12m: 0.00711161
- BIL_vol3m: 0.00260695
- BIL_mdd: 0.00000000
- cross_vol: 0.06750052

Assets: SPY, QQQ, IWM, DIA, EFA, EEM, VEA, VWO, AGG, BND, SHY, IEF, TLT, TIP, LQD, HYG, GLD, SLV, DBC, VNQ, UUP, BIL","```json
{
  ""weights"": {
    ""SPY"": 0.15384615,
    ""QQQ"": 0.15384615,
    ""IWM"": 0.15384615,
    ""DIA"": 0.15384615,
    ""EFA"": 0.15384615,
    ""EEM"": 0.15384615,
    ""VEA"": 0.15384615,
    ""VWO"": 0.15384615,
    ""AGG"": 0.15384615,
    ""BND"": 0.15384615,
    ""SHY"": 0.15384615,
    ""IEF"": 0.15384615,
    ""TLT"": 0.15384615,
    ""TIP"": 0.15384615,
    ""LQD"": 0.15384615,
    ""HYG"": 0.15384615,
    ""GLD"": 0.15384615,
    ""SLV"": 0.15384615,
    ""DBC"": 0.15384615,
    ""VNQ"": 0.15384615,
    ""UUP"": 0.15384615,
    ""BIL"": 0.15384615
  }
}
```",1,0,0,17.595765499863774,539,1,0,0,0,413,11.59922,2285,stop,[],0,0,0,0,SPY,SPY,SPY,1,1,1.0,0.0,0.0,3.0531133177191805e-16,6.509259464525837e-17,3.0531133177191805e-16,1,"{""SPY"":0.0454545455,""QQQ"":0.0454545455,""IWM"":0.0454545455,""DIA"":0.0454545455,""EFA"":0.0454545455,""EEM"":0.0454545455,""VEA"":0.0454545455,""VWO"":0.0454545455,""AGG"":0.0454545455,""BND"":0.0454545455,""SHY"":0.0454545455,""IEF"":0.0454545455,""TLT"":0.0454545455,""TIP"":0.0454545455,""LQD"":0.0454545455,""HYG"":0.0454545455,""GLD"":0.0454545455,""SLV"":0.0454545455,""DBC"":0.0454545455,""VNQ"":0.0454545455,""UUP"":0.0454545455,""BIL"":0.0454545455}","{""SPY"":0.0454545455,""QQQ"":0.0454545455,""IWM"":0.0454545455,""DIA"":0.0454545455,""EFA"":0.0454545455,""EEM"":0.0454545455,""VEA"":0.0454545455,""VWO"":0.0454545455,""AGG"":0.0454545455,""BND"":0.0454545455,""SHY"":0.0454545455,""IEF"":0.0454545455,""TLT"":0.0454545455,""TIP"":0.0454545455,""LQD"":0.0454545455,""HYG"":0.0454545455,""GLD"":0.0454545455,""SLV"":0.0454545455,""DBC"":0.0454545455,""VNQ"":0.0454545455,""UUP"":0.0454545455,""BIL"":0.0454545455}","{""SPY"":0.0454545455,""QQQ"":0.0454545455,""IWM"":0.0454545455,""DIA"":0.0454545455,""EFA"":0.0454545455,""EEM"":0.0454545455,""VEA"":0.0454545455,""VWO"":0.0454545455,""AGG"":0.0454545455,""BND"":0.0454545455,""SHY"":0.0454545455,""IEF"":0.0454545455,""TLT"":0.0454545455,""TIP"":0.0454545455,""LQD"":0.0454545455,""HYG"":0.0454545455,""GLD"":0.0454545455,""SLV"":0.0454545455,""DBC"":0.0454545455,""VNQ"":0.0454545455,""UUP"":0.0454545455,""BIL"":0.0454545455}",0,0.9999999999999998,0.045454545454545456,0.045454545454545456,2.220446049250313e-16,0,0,1.0,0.04545454545454547,0.04545454545454547,1,1,1,f9724db1d6ad8b0bf4cf79a5
q1_20260801_011049,model_family_generalization,P4,qwen3.5:4b,P4,,,real_ticker,,2019-05-09,42,10.0,0.6,0.25,8cf88535af877501,"You are an EQUAL-WEIGHT CONTROL policy profile. Ignore all feature data. Allocate the total portfolio weight equally among all eligible assets. Include every eligible ticker exactly once. Return strictly valid JSON only with a `weights` object whose values are decimals, not percentages.
Hard constraints for the execution layer: long-only weights, weights sum to one, maximum single-asset weight 0.60, and turnover cap 0.25. You propose weights; deterministic projection will enforce final feasibility.

Current Features:
- SPY_r1m: -0.00226275
- SPY_r3m: 0.06582756
- SPY_r12m: 0.09478944
- SPY_vol3m: 0.09580870
- SPY_mdd: -0.02506550
- QQQ_r1m: 0.00157196
- QQQ_r3m: 0.10031644
- QQQ_r12m: 0.12222501
- QQQ_vol3m: 0.11510087
- QQQ_mdd: -0.03317471
- IWM_r1m: 0.00637918
- IWM_r3m: 0.04620456
- IWM_r12m: 0.00182457
- IWM_vol3m: 0.15063857
- IWM_mdd: -0.08942642
- DIA_r1m: -0.01114855
- DIA_r3m: 0.03157495
- DIA_r12m: 0.08486647
- DIA_vol3m: 0.09881017
- DIA_mdd: -0.03017095
- EFA_r1m: -0.01548506
- EFA_r3m: 0.04226925
- EFA_r12m: -0.05779312
- EFA_vol3m: 0.09836946
- EFA_mdd: -0.11163368
- EEM_r1m: -0.05822597
- EEM_r3m: -0.01580192
- EEM_r12m: -0.08156832
- EEM_vol3m: 0.14831093
- EEM_mdd: -0.18138269
- VEA_r1m: -0.01925851
- VEA_r3m: 0.03477293
- VEA_r12m: -0.06538724
- VEA_vol3m: 0.09928218
- VEA_mdd: -0.11909024
- VWO_r1m: -0.05507291
- VWO_r3m: 0.00707782
- VWO_r12m: -0.06262578
- VWO_vol3m: 0.14810608
- VWO_mdd: -0.16526100
- AGG_r1m: 0.00471187
- AGG_r3m: 0.02190375
- AGG_r12m: 0.05988381
- AGG_vol3m: 0.02656927
- AGG_mdd: 0.00000000
- BND_r1m: 0.00502073
- BND_r3m: 0.02210543
- BND_r12m: 0.06044256
- BND_vol3m: 0.02704355
- BND_mdd: 0.00000000
- SHY_r1m: 0.00341133
- SHY_r3m: 0.00951010
- SHY_r12m: 0.03033306
- SHY_vol3m: 0.00900614
- SHY_mdd: 0.00000000
- IEF_r1m: 0.00617405
- IEF_r3m: 0.02254297
- IEF_r12m: 0.07266997
- IEF_vol3m: 0.04312103
- IEF_mdd: -0.01158189
- TLT_r1m: 0.00969710
- TLT_r3m: 0.03195522
- TLT_r12m: 0.08137050
- TLT_vol3m: 0.09062296
- TLT_mdd: -0.06470077
- TIP_r1m: 0.00386182
- TIP_r3m: 0.02118114
- TIP_r12m: 0.02984121
- TIP_vol3m: 0.03277262
- TIP_mdd: -0.00348235
- LQD_r1m: 0.00431460
- LQD_r3m: 0.03283651
- LQD_r12m: 0.07642514
- LQD_vol3m: 0.03862540
- LQD_mdd: -0.00416418
- HYG_r1m: 0.00038877
- HYG_r3m: 0.02725938
- HYG_r12m: 0.06306885
- HYG_vol3m: 0.03112624
- HYG_mdd: -0.00715827
- GLD_r1m: -0.01583439
- GLD_r3m: -0.02052692
- GLD_r12m: -0.02720924
- GLD_vol3m: 0.09454293
- GLD_mdd: -0.34340972
- SLV_r1m: -0.03151259
- SLV_r3m: -0.06364255
- SLV_r12m: -0.10831723
- SLV_vol3m: 0.14470178
- SLV_mdd: -0.70736351
- DBC_r1m: -0.03333334
- DBC_r3m: 0.01228170
- DBC_r12m: -0.10527903
- DBC_vol3m: 0.09239528
- DBC_mdd: -0.50302616
- VNQ_r1m: -0.01093327
- VNQ_r3m: 0.02894010
- VNQ_r12m: 0.15783378
- VNQ_vol3m: 0.11374941
- VNQ_mdd: -0.02396400
- UUP_r1m: 0.00692847
- UUP_r3m: 0.01829493
- UUP_r12m: 0.08056124
- UUP_vol3m: 0.04548472
- UUP_mdd: -0.00875474
- BIL_r1m: 0.00190321
- BIL_r3m: 0.00569870
- BIL_r12m: 0.02028811
- BIL_vol3m: 0.00170460
- BIL_mdd: 0.00000000
- cross_vol: 0.07935877

Assets: SPY, QQQ, IWM, DIA, EFA, EEM, VEA, VWO, AGG, BND, SHY, IEF, TLT, TIP, LQD, HYG, GLD, SLV, DBC, VNQ, UUP, BIL","```json
{
  ""weights"": {
    ""SPY"": 0.15384615,
    ""QQQ"": 0.15384615,
    ""IWM"": 0.15384615,
    ""DIA"": 0.15384615,
    ""EFA"": 0.15384615,
    ""EEM"": 0.15384615,
    ""VEA"": 0.15384615,
    ""VWO"": 0.15384615,
    ""AGG"": 0.15384615,
    ""BND"": 0.15384615,
    ""SHY"": 0.15384615,
    ""IEF"": 0.15384615,
    ""TLT"": 0.15384615,
    ""TIP"": 0.15384615,
    ""LQD"": 0.15384615,
    ""HYG"": 0.15384615,
    ""GLD"": 0.15384615,
    ""SLV"": 0.15384615,
    ""DBC"": 0.15384615,
    ""VNQ"": 0.15384615,
    ""UUP"": 0.15384615,
    ""BIL"": 0.15384615
  }
}
```",1,0,0,17.53774166596122,539,1,0,0,0,413,11.600916,2285,stop,[],0,0,0,0,SPY,SPY,SPY,1,1,1.0,0.0,0.0,3.0531133177191805e-16,6.509259464525837e-17,3.0531133177191805e-16,1,"{""SPY"":0.0454545455,""QQQ"":0.0454545455,""IWM"":0.0454545455,""DIA"":0.0454545455,""EFA"":0.0454545455,""EEM"":0.0454545455,""VEA"":0.0454545455,""VWO"":0.0454545455,""AGG"":0.0454545455,""BND"":0.0454545455,""SHY"":0.0454545455,""IEF"":0.0454545455,""TLT"":0.0454545455,""TIP"":0.0454545455,""LQD"":0.0454545455,""HYG"":0.0454545455,""GLD"":0.0454545455,""SLV"":0.0454545455,""DBC"":0.0454545455,""VNQ"":0.0454545455,""UUP"":0.0454545455,""BIL"":0.0454545455}","{""SPY"":0.0454545455,""QQQ"":0.0454545455,""IWM"":0.0454545455,""DIA"":0.0454545455,""EFA"":0.0454545455,""EEM"":0.0454545455,""VEA"":0.0454545455,""VWO"":0.0454545455,""AGG"":0.0454545455,""BND"":0.0454545455,""SHY"":0.0454545455,""IEF"":0.0454545455,""TLT"":0.0454545455,""TIP"":0.0454545455,""LQD"":0.0454545455,""HYG"":0.0454545455,""GLD"":0.0454545455,""SLV"":0.0454545455,""DBC"":0.0454545455,""VNQ"":0.0454545455,""UUP"":0.0454545455,""BIL"":0.0454545455}","{""SPY"":0.0454545455,""QQQ"":0.0454545455,""IWM"":0.0454545455,""DIA"":0.0454545455,""EFA"":0.0454545455,""EEM"":0.0454545455,""VEA"":0.0454545455,""VWO"":0.0454545455,""AGG"":0.0454545455,""BND"":0.0454545455,""SHY"":0.0454545455,""IEF"":0.0454545455,""TLT"":0.0454545455,""TIP"":0.0454545455,""LQD"":0.0454545455,""HYG"":0.0454545455,""GLD"":0.0454545455,""SLV"":0.0454545455,""DBC"":0.0454545455,""VNQ"":0.0454545455,""UUP"":0.0454545455,""BIL"":0.0454545455}",0,0.9999999999999998,0.045454545454545456,0.045454545454545456,2.220446049250313e-16,0,0,1.0,0.04545454545454547,0.04545454545454547,1,1,1,b5be9a5ea06e9101c4ac5dec
q1_20260801_011049,model_family_generalization,P4,qwen3.5:4b,P4,,,real_ticker,,2019-09-09,42,10.0,0.6,0.25,12af6cbae465ac0f,"You are an EQUAL-WEIGHT CONTROL policy profile. Ignore all feature data. Allocate the total portfolio weight equally among all eligible assets. Include every eligible ticker exactly once. Return strictly valid JSON only with a `weights` object whose values are decimals, not percentages.
Hard constraints for the execution layer: long-only weights, weights sum to one, maximum single-asset weight 0.60, and turnover cap 0.25. You propose weights; deterministic projection will enforce final feasibility.

Current Features:
- SPY_r1m: 0.01559880
- SPY_r3m: 0.03696073
- SPY_r12m: 0.05531090
- SPY_vol3m: 0.15245726
- SPY_mdd: -0.01261500
- QQQ_r1m: 0.01556362
- QQQ_r3m: 0.04620675
- QQQ_r12m: 0.06076174
- QQQ_vol3m: 0.18544344
- QQQ_mdd: -0.02099420
- IWM_r1m: -0.00413043
- IWM_r3m: 0.00458309
- IWM_r12m: -0.09880829
- IWM_vol3m: 0.18791580
- IWM_mdd: -0.11125683
- DIA_r1m: 0.02036345
- DIA_r3m: 0.03594730
- DIA_r12m: 0.05589472
- DIA_vol3m: 0.14781233
- DIA_mdd: -0.01414706
- EFA_r1m: 0.02114214
- EFA_r3m: 0.00572255
- EFA_r12m: 0.01314462
- EFA_vol3m: 0.12316525
- EFA_mdd: -0.09428820
- EEM_r1m: 0.02730921
- EEM_r3m: 0.00205505
- EEM_r12m: 0.01345468
- EEM_vol3m: 0.17022429
- EEM_mdd: -0.18205928
- VEA_r1m: 0.01990553
- VEA_r3m: 0.00451626
- VEA_r12m: -0.00005764
- VEA_vol3m: 0.12376255
- VEA_mdd: -0.10381702
- VWO_r1m: 0.02247468
- VWO_r3m: 0.01055302
- VWO_r12m: 0.04678236
- VWO_vol3m: 0.16334524
- VWO_mdd: -0.15849175
- AGG_r1m: 0.00586412
- AGG_r3m: 0.03388051
- AGG_r12m: 0.09921356
- AGG_vol3m: 0.03621172
- AGG_mdd: -0.00745366
- BND_r1m: 0.00578809
- BND_r3m: 0.03447275
- BND_r12m: 0.09761675
- BND_vol3m: 0.03713430
- BND_mdd: -0.00857290
- SHY_r1m: 0.00089315
- SHY_r3m: 0.00903842
- SHY_r12m: 0.04096814
- SHY_vol3m: 0.01513513
- SHY_mdd: -0.00317307
- IEF_r1m: 0.00523716
- IEF_r3m: 0.04228128
- IEF_r12m: 0.12711646
- IEF_vol3m: 0.05660929
- IEF_mdd: -0.01356704
- TLT_r1m: 0.02225703
- TLT_r3m: 0.10360744
- TLT_r12m: 0.22295633
- TLT_vol3m: 0.13706245
- TLT_mdd: -0.02940985
- TIP_r1m: 0.00093007
- TIP_r3m: 0.02756328
- TIP_r12m: 0.06629759
- TIP_vol3m: 0.04140446
- TIP_mdd: -0.01127424
- LQD_r1m: 0.00938582
- LQD_r3m: 0.05861432
- LQD_r12m: 0.14511201
- LQD_vol3m: 0.05678998
- LQD_mdd: -0.01242885
- HYG_r1m: 0.01427495
- HYG_r3m: 0.02476574
- HYG_r12m: 0.07303114
- HYG_vol3m: 0.05119133
- HYG_mdd: 0.00000000
- GLD_r1m: -0.00239890
- GLD_r3m: 0.12814168
- GLD_r12m: 0.24528799
- GLD_vol3m: 0.16104264
- GLD_mdd: -0.23403217
- SLV_r1m: 0.05915667
- SLV_r3m: 0.22133529
- SLV_r12m: 0.26446276
- SLV_vol3m: 0.23505377
- SLV_mdd: -0.64388488
- DBC_r1m: 0.02968962
- DBC_r3m: 0.00859223
- DBC_r12m: -0.09653945
- DBC_vol3m: 0.15370854
- DBC_mdd: -0.51572025
- VNQ_r1m: 0.02242731
- VNQ_r3m: 0.05820342
- VNQ_r12m: 0.15837078
- VNQ_vol3m: 0.13541878
- VNQ_mdd: -0.00979545
- UUP_r1m: 0.00906017
- UUP_r3m: 0.02531646
- UUP_r12m: 0.07169649
- UUP_vol3m: 0.04901403
- UUP_mdd: -0.00742661
- BIL_r1m: 0.00139906
- BIL_r3m: 0.00501565
- BIL_r12m: 0.02182610
- BIL_vol3m: 0.00216312
- BIL_mdd: 0.00000000
- cross_vol: 0.11009389

Assets: SPY, QQQ, IWM, DIA, EFA, EEM, VEA, VWO, AGG, BND, SHY, IEF, TLT, TIP, LQD, HYG, GLD, SLV, DBC, VNQ, UUP, BIL","```json
{
  ""weights"": {
    ""SPY"": 0.15384615,
    ""QQQ"": 0.15384615,
    ""IWM"": 0.15384615,
    ""DIA"": 0.15384615,
    ""EFA"": 0.15384615,
    ""EEM"": 0.15384615,
    ""VEA"": 0.15384615,
    ""VWO"": 0.15384615,
    ""AGG"": 0.15384615,
    ""BND"": 0.15384615,
    ""SHY"": 0.15384615,
    ""IEF"": 0.15384615,
    ""TLT"": 0.15384615,
    ""TIP"": 0.15384615,
    ""LQD"": 0.15384615,
    ""HYG"": 0.15384615,
    ""GLD"": 0.15384615,
    ""SLV"": 0.15384615,
    ""DBC"": 0.15384615,
    ""VNQ"": 0.15384615,
    ""UUP"": 0.15384615,
    ""BIL"": 0.15384615
  }
}
```",1,0,0,17.997923166956753,539,1,0,0,0,413,12.012767,2285,stop,[],0,0,0,0,SPY,SPY,SPY,1,1,1.0,0.0,0.0,3.0531133177191805e-16,6.509259464525837e-17,3.0531133177191805e-16,1,"{""SPY"":0.0454545455,""QQQ"":0.0454545455,""IWM"":0.0454545455,""DIA"":0.0454545455,""EFA"":0.0454545455,""EEM"":0.0454545455,""VEA"":0.0454545455,""VWO"":0.0454545455,""AGG"":0.0454545455,""BND"":0.0454545455,""SHY"":0.0454545455,""IEF"":0.0454545455,""TLT"":0.0454545455,""TIP"":0.0454545455,""LQD"":0.0454545455,""HYG"":0.0454545455,""GLD"":0.0454545455,""SLV"":0.0454545455,""DBC"":0.0454545455,""VNQ"":0.0454545455,""UUP"":0.0454545455,""BIL"":0.0454545455}","{""SPY"":0.0454545455,""QQQ"":0.0454545455,""IWM"":0.0454545455,""DIA"":0.0454545455,""EFA"":0.0454545455,""EEM"":0.0454545455,""VEA"":0.0454545455,""VWO"":0.0454545455,""AGG"":0.0454545455,""BND"":0.0454545455,""SHY"":0.0454545455,""IEF"":0.0454545455,""TLT"":0.0454545455,""TIP"":0.0454545455,""LQD"":0.0454545455,""HYG"":0.0454545455,""GLD"":0.0454545455,""SLV"":0.0454545455,""DBC"":0.0454545455,""VNQ"":0.0454545455,""UUP"":0.0454545455,""BIL"":0.0454545455}","{""SPY"":0.0454545455,""QQQ"":0.0454545455,""IWM"":0.0454545455,""DIA"":0.0454545455,""EFA"":0.0454545455,""EEM"":0.0454545455,""VEA"":0.0454545455,""VWO"":0.0454545455,""AGG"":0.0454545455,""BND"":0.0454545455,""SHY"":0.0454545455,""IEF"":0.0454545455,""TLT"":0.0454545455,""TIP"":0.0454545455,""LQD"":0.0454545455,""HYG"":0.0454545455,""GLD"":0.0454545455,""SLV"":0.0454545455,""DBC"":0.0454545455,""VNQ"":0.0454545455,""UUP"":0.0454545455,""BIL"":0.0454545455}",0,0.9999999999999998,0.045454545454545456,0.045454545454545456,2.220446049250313e-16,0,0,1.0,0.04545454545454547,0.04545454545454547,1,1,1,4bd175af831d6e1be8699433
q1_20260801_011049,model_family_generalization,P4,qwen3.5:4b,P4,,,real_ticker,,2020-09-08,42,10.0,0.6,0.25,7894ee016334c791,"You are an EQUAL-WEIGHT CONTROL policy profile. Ignore all feature data. Allocate the total portfolio weight equally among all eligible assets. Include every eligible ticker exactly once. Return strictly valid JSON only with a `weights` object whose values are decimals, not percentages.
Hard constraints for the execution layer: long-only weights, weights sum to one, maximum single-asset weight 0.60, and turnover cap 0.25. You propose weights; deterministic projection will enforce final feasibility.

Current Features:
- SPY_r1m: -0.00406501
- SPY_r3m: 0.04328779
- SPY_r12m: 0.13971018
- SPY_vol3m: 0.20520504
- SPY_mdd: -0.06846520
- QQQ_r1m: -0.00559922
- QQQ_r3m: 0.11146477
- QQQ_r12m: 0.42335305
- QQQ_vol3m: 0.26403538
- QQQ_mdd: -0.10836969
- IWM_r1m: -0.04040481
- IWM_r3m: 0.00071060
- IWM_r12m: 0.00081970
- IWM_vol3m: 0.28068665
- IWM_mdd: -0.11052834
- DIA_r1m: 0.00509787
- DIA_r3m: 0.01337278
- DIA_r12m: 0.04793963
- DIA_vol3m: 0.22570523
- DIA_mdd: -0.05542039
- EFA_r1m: 0.00157158
- EFA_r3m: 0.01292397
- EFA_r12m: 0.00993209
- EFA_vol3m: 0.19770643
- EFA_mdd: -0.08529258
- EEM_r1m: -0.00683839
- EEM_r3m: 0.07172398
- EEM_r12m: 0.08165509
- EEM_vol3m: 0.22189815
- EEM_mdd: -0.11527026
- VEA_r1m: 0.00219724
- VEA_r3m: 0.02329228
- VEA_r12m: 0.02803228
- VEA_vol3m: 0.19482345
- VEA_mdd: -0.07869497
- VWO_r1m: -0.00391327
- VWO_r3m: 0.07643231
- VWO_r12m: 0.07836677
- VWO_vol3m: 0.22059811
- VWO_mdd: -0.09254547
- AGG_r1m: -0.00841405
- AGG_r3m: 0.01429156
- AGG_r12m: 0.06969416
- AGG_vol3m: 0.02612786
- AGG_mdd: -0.01007155
- BND_r1m: -0.00969902
- BND_r3m: 0.01547233
- BND_r12m: 0.07246418
- BND_vol3m: 0.02784548
- BND_mdd: -0.01080567
- SHY_r1m: -0.00047408
- SHY_r3m: 0.00138659
- SHY_r12m: 0.03427634
- SHY_vol3m: 0.00363679
- SHY_mdd: -0.00081970
- IEF_r1m: -0.00580908
- IEF_r3m: 0.01410812
- IEF_r12m: 0.09544497
- IEF_vol3m: 0.03454413
- IEF_mdd: -0.01009069
- TLT_r1m: -0.03505451
- TLT_r3m: 0.03665568
- TLT_r12m: 0.16348307
- TLT_vol3m: 0.12845816
- TLT_mdd: -0.04456007
- TIP_r1m: 0.00174338
- TIP_r3m: 0.04290780
- TIP_r12m: 0.09241353
- TIP_vol3m: 0.03463938
- TIP_mdd: -0.00558643
- LQD_r1m: -0.02439783
- LQD_r3m: 0.02686337
- LQD_r12m: 0.09467231
- LQD_vol3m: 0.06910272
- LQD_mdd: -0.02713238
- HYG_r1m: -0.00953089
- HYG_r3m: 0.01375316
- HYG_r12m: 0.01262807
- HYG_vol3m: 0.08909565
- HYG_mdd: -0.02055090
- GLD_r1m: -0.04989259
- GLD_r3m: 0.12420935
- GLD_r12m: 0.28219813
- GLD_vol3m: 0.18964211
- GLD_mdd: -0.06498533
- SLV_r1m: -0.05498284
- SLV_r3m: 0.50730815
- SLV_r12m: 0.47058824
- SLV_vol3m: 0.55145241
- SLV_mdd: -0.47630129
- DBC_r1m: -0.02657555
- DBC_r3m: 0.04397402
- DBC_r12m: -0.14643738
- DBC_vol3m: 0.16081489
- DBC_mdd: -0.58663691
- VNQ_r1m: -0.01808427
- VNQ_r3m: -0.04275215
- VNQ_r12m: -0.09796688
- VNQ_vol3m: 0.24481293
- VNQ_mdd: -0.17305706
- UUP_r1m: -0.00039628
- UUP_r3m: -0.03223315
- UUP_r12m: -0.03760204
- UUP_vol3m: 0.06097549
- UUP_mdd: -0.10217167
- BIL_r1m: 0.00000000
- BIL_r3m: 0.00010953
- BIL_r12m: 0.00932154
- BIL_vol3m: 0.00130517
- BIL_mdd: -0.00058917
- cross_vol: 0.15605053

Assets: SPY, QQQ, IWM, DIA, EFA, EEM, VEA, VWO, AGG, BND, SHY, IEF, TLT, TIP, LQD, HYG, GLD, SLV, DBC, VNQ, UUP, BIL","```json
{
  ""weights"": {
    ""SPY"": 0.15,
    ""QQQ"": 0.20,
    ""IWM"": 0.18,
    ""DIA"": 0.14,
    ""EFA"": 0.16,
    ""EEM"": 0.09,
    ""VEA"": 0.07,
    ""VWO"": 0.05,
    ""AGG"": 0.23,
    ""BND"": 0.08,
    ""SHY"": 0.14,
    ""IEF"": 0.06,
    ""TLT"": 0.07,
    ""TIP"": 0.05,
    ""LQD"": 0.03,
    ""HYG"": 0.02,
    ""GLD"": 0.14,
    ""SLV"": 0.08,
    ""DBC"": 0.06,
    ""VNQ"": 0.05,
    ""UUP"": 0.03,
    ""BIL"": 0.27
  }
}
```",1,0,0,14.130494625074789,407,1,0,0,0,281,8.055416,2285,stop,[],0,0,0,0,SPY,SPY,SPY,1,1,1.0,0.0,0.0,3.0531133177191805e-16,6.509259464525837e-17,3.0531133177191805e-16,1,"{""SPY"":0.0454545455,""QQQ"":0.0454545455,""IWM"":0.0454545455,""DIA"":0.0454545455,""EFA"":0.0454545455,""EEM"":0.0454545455,""VEA"":0.0454545455,""VWO"":0.0454545455,""AGG"":0.0454545455,""BND"":0.0454545455,""SHY"":0.0454545455,""IEF"":0.0454545455,""TLT"":0.0454545455,""TIP"":0.0454545455,""LQD"":0.0454545455,""HYG"":0.0454545455,""GLD"":0.0454545455,""SLV"":0.0454545455,""DBC"":0.0454545455,""VNQ"":0.0454545455,""UUP"":0.0454545455,""BIL"":0.0454545455}","{""SPY"":0.0454545455,""QQQ"":0.0454545455,""IWM"":0.0454545455,""DIA"":0.0454545455,""EFA"":0.0454545455,""EEM"":0.0454545455,""VEA"":0.0454545455,""VWO"":0.0454545455,""AGG"":0.0454545455,""BND"":0.0454545455,""SHY"":0.0454545455,""IEF"":0.0454545455,""TLT"":0.0454545455,""TIP"":0.0454545455,""LQD"":0.0454545455,""HYG"":0.0454545455,""GLD"":0.0454545455,""SLV"":0.0454545455,""DBC"":0.0454545455,""VNQ"":0.0454545455,""UUP"":0.0454545455,""BIL"":0.0454545455}","{""SPY"":0.0454545455,""QQQ"":0.0454545455,""IWM"":0.0454545455,""DIA"":0.0454545455,""EFA"":0.0454545455,""EEM"":0.0454545455,""VEA"":0.0454545455,""VWO"":0.0454545455,""AGG"":0.0454545455,""BND"":0.0454545455,""SHY"":0.0454545455,""IEF"":0.0454545455,""TLT"":0.0454545455,""TIP"":0.0454545455,""LQD"":0.0454545455,""HYG"":0.0454545455,""GLD"":0.0454545455,""SLV"":0.0454545455,""DBC"":0.0454545455,""VNQ"":0.0454545455,""UUP"":0.0454545455,""BIL"":0.0454545455}",0,0.9999999999999998,0.045454545454545456,0.045454545454545456,2.220446049250313e-16,0,0,1.0,0.04545454545454547,0.04545454545454547,1,1,1,6f99ac0e6dd5b904f1285dc3
q1_20260801_011049,model_family_generalization,P4,qwen3.5:4b,P4,,,real_ticker,,2021-09-08,42,10.0,0.6,0.25,8891a9033444418c,"You are an EQUAL-WEIGHT CONTROL policy profile. Ignore all feature data. Allocate the total portfolio weight equally among all eligible assets. Include every eligible ticker exactly once. Return strictly valid JSON only with a `weights` object whose values are decimals, not percentages.
Hard constraints for the execution layer: long-only weights, weights sum to one, maximum single-asset weight 0.60, and turnover cap 0.25. You propose weights; deterministic projection will enforce final feasibility.

Current Features:
- SPY_r1m: 0.01985833
- SPY_r3m: 0.07289284
- SPY_r12m: 0.37338641
- SPY_vol3m: 0.09329927
- SPY_mdd: -0.00503091
- QQQ_r1m: 0.03267948
- QQQ_r3m: 0.13175881
- QQQ_r12m: 0.41654025
- QQQ_vol3m: 0.10118020
- QQQ_mdd: -0.00348065
- IWM_r1m: 0.00792218
- IWM_r3m: -0.03061995
- IWM_r12m: 0.50966423
- IWM_vol3m: 0.18821418
- IWM_mdd: -0.04155746
- DIA_r1m: 0.00055320
- DIA_r3m: 0.02109900
- DIA_r12m: 0.29591187
- DIA_vol3m: 0.10619576
- DIA_mdd: -0.01465518
- EFA_r1m: 0.01507418
- EFA_r3m: 0.01106864
- EFA_r12m: 0.30858368
- EFA_vol3m: 0.11569793
- EFA_mdd: -0.00791411
- EEM_r1m: 0.01036253
- EEM_r3m: -0.04340568
- EEM_r12m: 0.22623900
- EEM_vol3m: 0.16391210
- EEM_mdd: -0.08763750
- VEA_r1m: 0.01263150
- VEA_r3m: 0.00733275
- VEA_r12m: 0.32395589
- VEA_vol3m: 0.11790166
- VEA_mdd: -0.00973250
- VWO_r1m: 0.02118563
- VWO_r3m: -0.03126184
- VWO_r12m: 0.24156469
- VWO_vol3m: 0.16112787
- VWO_mdd: -0.06383959
- AGG_r1m: 0.00274071
- AGG_r3m: 0.01026080
- AGG_r12m: -0.00321528
- AGG_vol3m: 0.03189885
- AGG_mdd: -0.01325445
- BND_r1m: 0.00261083
- BND_r3m: 0.01066155
- BND_r12m: -0.00360139
- BND_vol3m: 0.03398786
- BND_mdd: -0.01436814
- SHY_r1m: 0.00061493
- SHY_r3m: -0.00037073
- SHY_r12m: 0.00031190
- SHY_vol3m: 0.00554247
- SHY_mdd: -0.00089190
- IEF_r1m: 0.00136867
- IEF_r3m: 0.01493862
- IEF_r12m: -0.03251401
- IEF_vol3m: 0.05022075
- IEF_mdd: -0.04227661
- TLT_r1m: 0.00589556
- TLT_r3m: 0.04800597
- TLT_r12m: -0.08327367
- TLT_vol3m: 0.13067823
- TLT_mdd: -0.12412306
- TIP_r1m: 0.00758789
- TIP_r3m: 0.03147579
- TIP_r12m: 0.05903503
- TIP_vol3m: 0.04188241
- TIP_mdd: -0.00210085
- LQD_r1m: 0.00696212
- LQD_r3m: 0.01918118
- LQD_r12m: 0.02161105
- LQD_vol3m: 0.05166187
- LQD_mdd: -0.00965665
- HYG_r1m: 0.01118633
- HYG_r3m: 0.01492004
- HYG_r12m: 0.09259816
- HYG_vol3m: 0.03042406
- HYG_mdd: -0.00147708
- GLD_r1m: 0.03444220
- GLD_r3m: -0.05475196
- GLD_r12m: -0.07722434
- GLD_vol3m: 0.13736721
- GLD_mdd: -0.13719122
- SLV_r1m: 0.01931035
- SLV_r3m: -0.14003105
- SLV_r12m: -0.10424242
- SLV_vol3m: 0.22962251
- SLV_mdd: -0.53089291
- DBC_r1m: 0.02721446
- DBC_r3m: 0.00208224
- DBC_r12m: 0.50156014
- DBC_vol3m: 0.20321494
- DBC_mdd: -0.37931046
- VNQ_r1m: 0.03648695
- VNQ_r3m: 0.05970770
- VNQ_r12m: 0.41321629
- VNQ_vol3m: 0.12674304
- VNQ_mdd: -0.00631069
- UUP_r1m: -0.00360297
- UUP_r3m: 0.02639166
- UUP_r12m: -0.01308490
- UUP_vol3m: 0.05010014
- UUP_mdd: -0.11391967
- BIL_r1m: -0.00021859
- BIL_r3m: -0.00021859
- BIL_r12m: -0.00095050
- BIL_vol3m: 0.00149376
- BIL_mdd: -0.00153911
- cross_vol: 0.09874396

Assets: SPY, QQQ, IWM, DIA, EFA, EEM, VEA, VWO, AGG, BND, SHY, IEF, TLT, TIP, LQD, HYG, GLD, SLV, DBC, VNQ, UUP, BIL","```json
{
  ""weights"": {
    ""SPY"": 0.15,
    ""QQQ"": 0.20,
    ""IWM"": 0.18,
    ""DIA"": 0.14,
    ""EFA"": 0.16,
    ""EEM"": 0.09,
    ""VEA"": 0.13,
    ""VWO"": 0.12,
    ""AGG"": 0.15,
    ""BND"": 0.14,
    ""SHY"": 0.08,
    ""IEF"": 0.16,
    ""TLT"": 0.17,
    ""TIP"": 0.13,
    ""LQD"": 0.25,
    ""HYG"": 0.14,
    ""GLD"": 0.18,
    ""SLV"": 0.19,
    ""DBC"": 0.16,
    ""VNQ"": 0.23,
    ""UUP"": 0.15,
    ""BIL"": 0.14
  }
}
```",1,0,0,13.926951916888356,407,1,0,0,0,281,7.903848,2285,stop,[],0,0,0,0,SPY,SPY,SPY,1,1,1.0,0.0,0.0,3.0531133177191805e-16,6.509259464525837e-17,3.0531133177191805e-16,1,"{""SPY"":0.0454545455,""QQQ"":0.0454545455,""IWM"":0.0454545455,""DIA"":0.0454545455,""EFA"":0.0454545455,""EEM"":0.0454545455,""VEA"":0.0454545455,""VWO"":0.0454545455,""AGG"":0.0454545455,""BND"":0.0454545455,""SHY"":0.0454545455,""IEF"":0.0454545455,""TLT"":0.0454545455,""TIP"":0.0454545455,""LQD"":0.0454545455,""HYG"":0.0454545455,""GLD"":0.0454545455,""SLV"":0.0454545455,""DBC"":0.0454545455,""VNQ"":0.0454545455,""UUP"":0.0454545455,""BIL"":0.0454545455}","{""SPY"":0.0454545455,""QQQ"":0.0454545455,""IWM"":0.0454545455,""DIA"":0.0454545455,""EFA"":0.0454545455,""EEM"":0.0454545455,""VEA"":0.0454545455,""VWO"":0.0454545455,""AGG"":0.0454545455,""BND"":0.0454545455,""SHY"":0.0454545455,""IEF"":0.0454545455,""TLT"":0.0454545455,""TIP"":0.0454545455,""LQD"":0.0454545455,""HYG"":0.0454545455,""GLD"":0.0454545455,""SLV"":0.0454545455,""DBC"":0.0454545455,""VNQ"":0.0454545455,""UUP"":0.0454545455,""BIL"":0.0454545455}","{""SPY"":0.0454545455,""QQQ"":0.0454545455,""IWM"":0.0454545455,""DIA"":0.0454545455,""EFA"":0.0454545455,""EEM"":0.0454545455,""VEA"":0.0454545455,""VWO"":0.0454545455,""AGG"":0.0454545455,""BND"":0.0454545455,""SHY"":0.0454545455,""IEF"":0.0454545455,""TLT"":0.0454545455,""TIP"":0.0454545455,""LQD"":0.0454545455,""HYG"":0.0454545455,""GLD"":0.0454545455,""SLV"":0.0454545455,""DBC"":0.0454545455,""VNQ"":0.0454545455,""UUP"":0.0454545455,""BIL"":0.0454545455}",0,0.9999999999999998,0.045454545454545456,0.045454545454545456,2.220446049250313e-16,0,0,1.0,0.04545454545454547,0.04545454545454547,1,1,1,0dfeeebee28ecbdee976f859
q1_20260801_011049,model_family_generalization,P4,qwen3.5:4b,P4,,,real_ticker,,2022-03-09,42,10.0,0.6,0.25,91521a6f253f7ba7,"You are an EQUAL-WEIGHT CONTROL policy profile. Ignore all feature data. Allocate the total portfolio weight equally among all eligible assets. Include every eligible ticker exactly once. Return strictly valid JSON only with a `weights` object whose values are decimals, not percentages.
Hard constraints for the execution layer: long-only weights, weights sum to one, maximum single-asset weight 0.60, and turnover cap 0.25. You propose weights; deterministic projection will enforce final feasibility.

Current Features:
- SPY_r1m: -0.04438135
- SPY_r3m: -0.08407032
- SPY_r12m: 0.11172847
- SPY_vol3m: 0.20252318
- SPY_mdd: -0.10529411
- QQQ_r1m: -0.05671154
- QQQ_r3m: -0.15688145
- QQQ_r12m: 0.08274543
- QQQ_vol3m: 0.28963811
- QQQ_mdd: -0.16974819
- IWM_r1m: 0.00461474
- IWM_r3m: -0.10357699
- IWM_r12m: -0.11020515
- IWM_vol3m: 0.26033700
- IWM_mdd: -0.17179913
- DIA_r1m: -0.04843472
- DIA_r3m: -0.06421161
- DIA_r12m: 0.04854007
- DIA_vol3m: 0.16196427
- DIA_mdd: -0.09165628
- EFA_r1m: -0.07821542
- EFA_r3m: -0.09823133
- EFA_r12m: -0.04097428
- EFA_vol3m: 0.20041109
- EFA_mdd: -0.12809642
- EEM_r1m: -0.08752074
- EEM_r3m: -0.10206526
- EEM_r12m: -0.15245857
- EEM_vol3m: 0.20561343
- EEM_mdd: -0.22074747
- VEA_r1m: -0.06680164
- VEA_r3m: -0.08992161
- VEA_r12m: -0.03083520
- VEA_vol3m: 0.19018792
- VEA_mdd: -0.12045210
- VWO_r1m: -0.08104258
- VWO_r3m: -0.08328381
- VWO_r12m: -0.10722423
- VWO_vol3m: 0.19600896
- VWO_mdd: -0.17423364
- AGG_r1m: -0.01328900
- AGG_r3m: -0.04385671
- AGG_r12m: -0.03075102
- AGG_vol3m: 0.05690983
- AGG_mdd: -0.06237999
- BND_r1m: -0.01427066
- BND_r3m: -0.04550562
- BND_r12m: -0.03009691
- BND_vol3m: 0.05783658
- BND_mdd: -0.06479311
- SHY_r1m: -0.00501753
- SHY_r3m: -0.01373547
- SHY_r12m: -0.02057068
- SHY_vol3m: 0.01897780
- SHY_mdd: -0.02190961
- IEF_r1m: -0.00026818
- IEF_r3m: -0.03408016
- IEF_r12m: -0.02315617
- IEF_vol3m: 0.07932245
- IEF_mdd: -0.08497288
- TLT_r1m: -0.01796737
- TLT_r3m: -0.09307900
- TLT_r12m: -0.01033186
- TLT_vol3m: 0.17035555
- TLT_mdd: -0.18611123
- TIP_r1m: 0.03431860
- TIP_r3m: 0.00006570
- TIP_r12m: 0.06604091
- TIP_vol3m: 0.07644227
- TIP_mdd: -0.01013066
- LQD_r1m: -0.03031521
- LQD_r3m: -0.08457962
- LQD_r12m: -0.04382693
- LQD_vol3m: 0.08460734
- LQD_mdd: -0.09633590
- HYG_r1m: -0.01430213
- HYG_r3m: -0.04313311
- HYG_r12m: -0.00917384
- HYG_vol3m: 0.06229552
- HYG_mdd: -0.05087691
- GLD_r1m: 0.09235205
- GLD_r3m: 0.11396205
- GLD_r12m: 0.14944948
- GLD_vol3m: 0.14872077
- GLD_mdd: -0.04162150
- SLV_r1m: 0.11894681
- SLV_r3m: 0.14368092
- SLV_r12m: -0.02138160
- SLV_vol3m: 0.23144544
- SLV_mdd: -0.49640288
- DBC_r1m: 0.12937067
- DBC_r3m: 0.28301893
- DBC_r12m: 0.49883991
- DBC_vol3m: 0.24939108
- DBC_mdd: -0.16682507
- VNQ_r1m: -0.00600748
- VNQ_r3m: -0.05412442
- VNQ_r12m: 0.20409103
- VNQ_vol3m: 0.19104449
- VNQ_mdd: -0.10145679
- UUP_r1m: 0.02660402
- UUP_r3m: 0.01626642
- UUP_r12m: 0.06105939
- UUP_vol3m: 0.06435584
- UUP_mdd: -0.06585990
- BIL_r1m: 0.00035040
- BIL_r3m: 0.00013173
- BIL_r12m: -0.00063330
- BIL_vol3m: 0.00173315
- BIL_mdd: -0.00162611
- cross_vol: 0.14546009

Assets: SPY, QQQ, IWM, DIA, EFA, EEM, VEA, VWO, AGG, BND, SHY, IEF, TLT, TIP, LQD, HYG, GLD, SLV, DBC, VNQ, UUP, BIL","```json
{
  ""weights"": {
    ""SPY"": 0.15384615,
    ""QQQ"": 0.15384615,
    ""IWM"": 0.15384615,
    ""DIA"": 0.15384615,
    ""EFA"": 0.15384615,
    ""EEM"": 0.15384615,
    ""VEA"": 0.15384615,
    ""VWO"": 0.15384615,
    ""AGG"": 0.15384615,
    ""BND"": 0.15384615,
    ""SHY"": 0.15384615,
    ""IEF"": 0.15384615,
    ""TLT"": 0.15384615,
    ""TIP"": 0.15384615,
    ""LQD"": 0.15384615,
    ""HYG"": 0.15384615,
    ""GLD"": 0.15384615,
    ""SLV"": 0.15384615,
    ""DBC"": 0.15384615,
    ""VNQ"": 0.15384615,
    ""UUP"": 0.15384615,
    ""BIL"": 0.15384615
  }
}
```",1,0,0,17.545034000184387,539,1,0,0,0,413,11.617068,2285,stop,[],0,0,0,0,SPY,SPY,SPY,1,1,1.0,0.0,0.0,3.0531133177191805e-16,6.509259464525837e-17,3.0531133177191805e-16,1,"{""SPY"":0.0454545455,""QQQ"":0.0454545455,""IWM"":0.0454545455,""DIA"":0.0454545455,""EFA"":0.0454545455,""EEM"":0.0454545455,""VEA"":0.0454545455,""VWO"":0.0454545455,""AGG"":0.0454545455,""BND"":0.0454545455,""SHY"":0.0454545455,""IEF"":0.0454545455,""TLT"":0.0454545455,""TIP"":0.0454545455,""LQD"":0.0454545455,""HYG"":0.0454545455,""GLD"":0.0454545455,""SLV"":0.0454545455,""DBC"":0.0454545455,""VNQ"":0.0454545455,""UUP"":0.0454545455,""BIL"":0.0454545455}","{""SPY"":0.0454545455,""QQQ"":0.0454545455,""IWM"":0.0454545455,""DIA"":0.0454545455,""EFA"":0.0454545455,""EEM"":0.0454545455,""VEA"":0.0454545455,""VWO"":0.0454545455,""AGG"":0.0454545455,""BND"":0.0454545455,""SHY"":0.0454545455,""IEF"":0.0454545455,""TLT"":0.0454545455,""TIP"":0.0454545455,""LQD"":0.0454545455,""HYG"":0.0454545455,""GLD"":0.0454545455,""SLV"":0.0454545455,""DBC"":0.0454545455,""VNQ"":0.0454545455,""UUP"":0.0454545455,""BIL"":0.0454545455}","{""SPY"":0.0454545455,""QQQ"":0.0454545455,""IWM"":0.0454545455,""DIA"":0.0454545455,""EFA"":0.0454545455,""EEM"":0.0454545455,""VEA"":0.0454545455,""VWO"":0.0454545455,""AGG"":0.0454545455,""BND"":0.0454545455,""SHY"":0.0454545455,""IEF"":0.0454545455,""TLT"":0.0454545455,""TIP"":0.0454545455,""LQD"":0.0454545455,""HYG"":0.0454545455,""GLD"":0.0454545455,""SLV"":0.0454545455,""DBC"":0.0454545455,""VNQ"":0.0454545455,""UUP"":0.0454545455,""BIL"":0.0454545455}",0,0.9999999999999998,0.045454545454545456,0.045454545454545456,2.220446049250313e-16,0,0,1.0,0.04545454545454547,0.04545454545454547,1,1,1,47aa0361ec30f3fc51a6f251
q1_20260801_011049,model_family_generalization,P4,qwen3.5:4b,P4,,,real_ticker,,2022-09-08,42,10.0,0.6,0.25,37d22ea7ab274085,"You are an EQUAL-WEIGHT CONTROL policy profile. Ignore all feature data. Allocate the total portfolio weight equally among all eligible assets. Include every eligible ticker exactly once. Return strictly valid JSON only with a `weights` object whose values are decimals, not percentages.
Hard constraints for the execution layer: long-only weights, weights sum to one, maximum single-asset weight 0.60, and turnover cap 0.25. You propose weights; deterministic projection will enforce final feasibility.

Current Features:
- SPY_r1m: -0.02666846
- SPY_r3m: -0.02215497
- SPY_r12m: -0.09943763
- SPY_vol3m: 0.23334002
- SPY_mdd: -0.15564101
- QQQ_r1m: -0.05222654
- QQQ_r3m: -0.02126638
- QQQ_r12m: -0.20639307
- QQQ_vol3m: 0.30062486
- QQQ_mdd: -0.25282572
- IWM_r1m: -0.03407115
- IWM_r3m: -0.01998317
- IWM_r12m: -0.17078583
- IWM_vol3m: 0.26842658
- IWM_mdd: -0.23682050
- DIA_r1m: -0.02761675
- DIA_r3m: -0.02931233
- DIA_r12m: -0.07602468
- DIA_vol3m: 0.19073397
- DIA_mdd: -0.12456137
- EFA_r1m: -0.06048444
- EFA_r3m: -0.10075014
- EFA_r12m: -0.22127537
- EFA_vol3m: 0.20465499
- EFA_mdd: -0.22743829
- EEM_r1m: -0.03828840
- EEM_r3m: -0.09784504
- EEM_r12m: -0.25294165
- EEM_vol3m: 0.18969795
- EEM_mdd: -0.31841198
- VEA_r1m: -0.05829594
- VEA_r3m: -0.10266643
- VEA_r12m: -0.21980589
- VEA_vol3m: 0.20694315
- VEA_mdd: -0.22739913
- VWO_r1m: -0.02174952
- VWO_r3m: -0.07441980
- VWO_r12m: -0.20659713
- VWO_vol3m: 0.18001082
- VWO_mdd: -0.25724764
- AGG_r1m: -0.02872679
- AGG_r3m: -0.01753442
- AGG_r12m: -0.12091750
- AGG_vol3m: 0.08604512
- AGG_mdd: -0.13256925
- BND_r1m: -0.02829506
- BND_r3m: -0.01772059
- BND_r12m: -0.12253615
- BND_vol3m: 0.08549383
- BND_mdd: -0.13514367
- SHY_r1m: -0.00266827
- SHY_r3m: -0.00655956
- SHY_r12m: -0.04090586
- SHY_vol3m: 0.02721211
- SHY_mdd: -0.04176128
- IEF_r1m: -0.03872633
- IEF_r3m: -0.01606834
- IEF_r12m: -0.13535478
- IEF_vol3m: 0.11094741
- IEF_mdd: -0.17190905
- TLT_r1m: -0.08136023
- TLT_r3m: -0.04723831
- TLT_r12m: -0.25580122
- TLT_vol3m: 0.20641409
- TLT_mdd: -0.34817345
- TIP_r1m: -0.02733013
- TIP_r3m: -0.02880464
- TIP_r12m: -0.07503159
- TIP_vol3m: 0.09564492
- TIP_mdd: -0.09339167
- LQD_r1m: -0.04008782
- LQD_r3m: -0.02984174
- LQD_r12m: -0.17641262
- LQD_vol3m: 0.12697523
- LQD_mdd: -0.18469943
- HYG_r1m: -0.02124809
- HYG_r3m: -0.01339855
- HYG_r12m: -0.10065134
- HYG_vol3m: 0.14705605
- HYG_mdd: -0.10604838
- GLD_r1m: -0.04916269
- GLD_r3m: -0.07987037
- GLD_r12m: -0.04967421
- GLD_vol3m: 0.13524207
- GLD_mdd: -0.18005056
- SLV_r1m: -0.10036976
- SLV_r3m: -0.16314495
- SLV_r12m: -0.23184481
- SLV_vol3m: 0.27541544
- SLV_mdd: -0.63965296
- DBC_r1m: -0.02718685
- DBC_r3m: -0.18996065
- DBC_r12m: 0.28259731
- DBC_vol3m: 0.28020090
- DBC_mdd: -0.20390527
- VNQ_r1m: -0.04010535
- VNQ_r3m: -0.01686492
- VNQ_r12m: -0.11625079
- VNQ_vol3m: 0.22627040
- VNQ_mdd: -0.17329785
- UUP_r1m: 0.03411885
- UUP_r3m: 0.07260121
- UUP_r12m: 0.18119728
- UUP_vol3m: 0.08898665
- UUP_mdd: -0.00507611
- BIL_r1m: 0.00206842
- BIL_r3m: 0.00360400
- BIL_r12m: 0.00396624
- BIL_vol3m: 0.00214241
- BIL_mdd: 0.00000000
- cross_vol: 0.16674904

Assets: SPY, QQQ, IWM, DIA, EFA, EEM, VEA, VWO, AGG, BND, SHY, IEF, TLT, TIP, LQD, HYG, GLD, SLV, DBC, VNQ, UUP, BIL","```json
{
  ""weights"": {
    ""SPY"": 0.15625,
    ""QQQ"": 0.15625,
    ""IWM"": 0.15625,
    ""DIA"": 0.15625,
    ""EFA"": 0.15625,
    ""EEM"": 0.15625,
    ""VEA"": 0.15625,
    ""VWO"": 0.15625,
    ""AGG"": 0.15625,
    ""BND"": 0.15625,
    ""SHY"": 0.15625,
    ""IEF"": 0.15625,
    ""TLT"": 0.15625,
    ""TIP"": 0.15625,
    ""LQD"": 0.15625,
    ""HYG"": 0.15625,
    ""GLD"": 0.15625,
    ""SLV"": 0.15625,
    ""DBC"": 0.15625,
    ""VNQ"": 0.15625,
    ""UUP"": 0.15625,
    ""BIL"": 0.15625
  }
}
```",1,0,0,15.692541167140007,473,1,0,0,0,347,9.750063,2285,stop,[],0,0,0,0,SPY,SPY,SPY,1,1,1.0,0.0,0.0,3.0531133177191805e-16,6.509259464525837e-17,3.0531133177191805e-16,1,"{""SPY"":0.0454545455,""QQQ"":0.0454545455,""IWM"":0.0454545455,""DIA"":0.0454545455,""EFA"":0.0454545455,""EEM"":0.0454545455,""VEA"":0.0454545455,""VWO"":0.0454545455,""AGG"":0.0454545455,""BND"":0.0454545455,""SHY"":0.0454545455,""IEF"":0.0454545455,""TLT"":0.0454545455,""TIP"":0.0454545455,""LQD"":0.0454545455,""HYG"":0.0454545455,""GLD"":0.0454545455,""SLV"":0.0454545455,""DBC"":0.0454545455,""VNQ"":0.0454545455,""UUP"":0.0454545455,""BIL"":0.0454545455}","{""SPY"":0.0454545455,""QQQ"":0.0454545455,""IWM"":0.0454545455,""DIA"":0.0454545455,""EFA"":0.0454545455,""EEM"":0.0454545455,""VEA"":0.0454545455,""VWO"":0.0454545455,""AGG"":0.0454545455,""BND"":0.0454545455,""SHY"":0.0454545455,""IEF"":0.0454545455,""TLT"":0.0454545455,""TIP"":0.0454545455,""LQD"":0.0454545455,""HYG"":0.0454545455,""GLD"":0.0454545455,""SLV"":0.0454545455,""DBC"":0.0454545455,""VNQ"":0.0454545455,""UUP"":0.0454545455,""BIL"":0.0454545455}","{""SPY"":0.0454545455,""QQQ"":0.0454545455,""IWM"":0.0454545455,""DIA"":0.0454545455,""EFA"":0.0454545455,""EEM"":0.0454545455,""VEA"":0.0454545455,""VWO"":0.0454545455,""AGG"":0.0454545455,""BND"":0.0454545455,""SHY"":0.0454545455,""IEF"":0.0454545455,""TLT"":0.0454545455,""TIP"":0.0454545455,""LQD"":0.0454545455,""HYG"":0.0454545455,""GLD"":0.0454545455,""SLV"":0.0454545455,""DBC"":0.0454545455,""VNQ"":0.0454545455,""UUP"":0.0454545455,""BIL"":0.0454545455}",0,0.9999999999999998,0.045454545454545456,0.045454545454545456,2.220446049250313e-16,0,0,1.0,0.04545454545454547,0.04545454545454547,1,1,1,5d77eed3e1a862a8da159c2a
q1_20260801_011049,model_family_generalization,P4,qwen3.5:4b,P4,,,real_ticker,,2023-07-12,42,10.0,0.6,0.25,9c9eeeaf8f988df8,"You are an EQUAL-WEIGHT CONTROL policy profile. Ignore all feature data. Allocate the total portfolio weight equally among all eligible assets. Include every eligible ticker exactly once. Return strictly valid JSON only with a `weights` object whose values are decimals, not percentages.
Hard constraints for the execution layer: long-only weights, weights sum to one, maximum single-asset weight 0.60, and turnover cap 0.25. You propose weights; deterministic projection will enforce final feasibility.

Current Features:
- SPY_r1m: 0.04135081
- SPY_r3m: 0.09264098
- SPY_r12m: 0.17977107
- SPY_vol3m: 0.11872148
- SPY_mdd: -0.04403110
- QQQ_r1m: 0.05312102
- QQQ_r3m: 0.18206464
- QQQ_r12m: 0.29905209
- QQQ_vol3m: 0.16468095
- QQQ_mdd: -0.06645958
- IWM_r1m: 0.03696696
- IWM_r3m: 0.08615429
- IWM_r12m: 0.13335945
- IWM_vol3m: 0.19053999
- IWM_mdd: -0.18989474
- DIA_r1m: 0.01513594
- DIA_r3m: 0.02504857
- DIA_r12m: 0.12469658
- DIA_vol3m: 0.11185929
- DIA_mdd: -0.03789105
- EFA_r1m: 0.02223163
- EFA_r3m: 0.03216652
- EFA_r12m: 0.21859595
- EFA_vol3m: 0.13495043
- EFA_mdd: -0.05160186
- EEM_r1m: 0.02132451
- EEM_r3m: 0.03425605
- EEM_r12m: 0.06751103
- EEM_vol3m: 0.15823575
- EEM_mdd: -0.26122672
- VEA_r1m: 0.02368503
- VEA_r3m: 0.03581551
- VEA_r12m: 0.19963906
- VEA_vol3m: 0.13809538
- VEA_mdd: -0.06897670
- VWO_r1m: 0.02684994
- VWO_r3m: 0.03088665
- VWO_r12m: 0.06763806
- VWO_vol3m: 0.14848979
- VWO_mdd: -0.20642177
- AGG_r1m: 0.00087052
- AGG_r3m: -0.01254278
- AGG_r12m: -0.01093930
- AGG_vol3m: 0.06675379
- AGG_mdd: -0.12908526
- BND_r1m: 0.00143204
- BND_r3m: -0.01287274
- BND_r12m: -0.00904719
- BND_vol3m: 0.06635030
- BND_mdd: -0.13097622
- SHY_r1m: 0.00094352
- SHY_r3m: -0.00373705
- SHY_r12m: 0.00536667
- SHY_vol3m: 0.02492176
- SHY_mdd: -0.03366080
- IEF_r1m: -0.00514100
- IEF_r3m: -0.02561502
- IEF_r12m: -0.03572309
- IEF_vol3m: 0.08664656
- IEF_mdd: -0.18346722
- TLT_r1m: -0.00801569
- TLT_r3m: -0.05020941
- TLT_r12m: -0.09299668
- TLT_vol3m: 0.15435368
- TLT_mdd: -0.37639731
- TIP_r1m: 0.00087570
- TIP_r3m: -0.01830245
- TIP_r12m: -0.01821414
- TIP_vol3m: 0.05888150
- TIP_mdd: -0.10903024
- LQD_r1m: 0.01046408
- LQD_r3m: -0.01087859
- LQD_r12m: 0.00869250
- LQD_vol3m: 0.08487701
- LQD_mdd: -0.16273309
- HYG_r1m: 0.01185569
- HYG_r3m: 0.01825419
- HYG_r12m: 0.06898819
- HYG_vol3m: 0.06143734
- HYG_mdd: -0.06581227
- GLD_r1m: -0.00087886
- GLD_r3m: -0.02362032
- GLD_r12m: 0.12668038
- GLD_vol3m: 0.12121761
- GLD_mdd: -0.06194231
- SLV_r1m: -0.00538845
- SLV_r3m: -0.03862853
- SLV_r12m: 0.25995448
- SLV_vol3m: 0.24265236
- SLV_mdd: -0.53131611
- DBC_r1m: 0.03574576
- DBC_r3m: -0.03216506
- DBC_r12m: -0.09255552
- DBC_vol3m: 0.17046439
- DBC_mdd: -0.23867330
- VNQ_r1m: 0.04884246
- VNQ_r3m: 0.04329015
- VNQ_r12m: -0.02277326
- VNQ_vol3m: 0.17221577
- VNQ_mdd: -0.21684321
- UUP_r1m: -0.02528086
- UUP_r3m: -0.00143887
- UUP_r12m: -0.03099181
- UUP_vol3m: 0.07157771
- UUP_mdd: -0.08691451
- BIL_r1m: 0.00429804
- BIL_r3m: 0.01215781
- BIL_r12m: 0.03703962
- BIL_vol3m: 0.00309620
- BIL_mdd: 0.00000000
- cross_vol: 0.11595541

Assets: SPY, QQQ, IWM, DIA, EFA, EEM, VEA, VWO, AGG, BND, SHY, IEF, TLT, TIP, LQD, HYG, GLD, SLV, DBC, VNQ, UUP, BIL","```json
{
  ""weights"": {
    ""SPY"": 0.15384615,
    ""QQQ"": 0.12903226,
    ""IWM"": 0.07692308,
    ""DIA"": 0.07692308,
    ""EFA"": 0.05263158,
    ""EEM"": 0.04347826,
    ""VEA"": 0.04347826,
    ""VWO"": 0.04347826,
    ""AGG"": 0.05263158,
    ""BND"": 0.05263158,
    ""SHY"": 0.05263158,
    ""IEF"": 0.04347826,
    ""TLT"": 0.04347826,
    ""TIP"": 0.04347826,
    ""LQD"": 0.05263158,
    ""HYG"": 0.05263158,
    ""GLD"": 0.05263158,
    ""SLV"": 0.04347826,
    ""DBC"": 0.04347826,
    ""VNQ"": 0.04347826,
    ""UUP"": 0.05263158,
    ""BIL"": 0.05263158
  }
}
```",1,0,0,17.592202957952395,539,1,0,0,0,413,11.631755,2285,stop,[],0,0,0,0,SPY,SPY,SPY,1,1,1.0,0.0,0.0,3.0531133177191805e-16,6.509259464525837e-17,3.0531133177191805e-16,1,"{""SPY"":0.0454545455,""QQQ"":0.0454545455,""IWM"":0.0454545455,""DIA"":0.0454545455,""EFA"":0.0454545455,""EEM"":0.0454545455,""VEA"":0.0454545455,""VWO"":0.0454545455,""AGG"":0.0454545455,""BND"":0.0454545455,""SHY"":0.0454545455,""IEF"":0.0454545455,""TLT"":0.0454545455,""TIP"":0.0454545455,""LQD"":0.0454545455,""HYG"":0.0454545455,""GLD"":0.0454545455,""SLV"":0.0454545455,""DBC"":0.0454545455,""VNQ"":0.0454545455,""UUP"":0.0454545455,""BIL"":0.0454545455}","{""SPY"":0.0454545455,""QQQ"":0.0454545455,""IWM"":0.0454545455,""DIA"":0.0454545455,""EFA"":0.0454545455,""EEM"":0.0454545455,""VEA"":0.0454545455,""VWO"":0.0454545455,""AGG"":0.0454545455,""BND"":0.0454545455,""SHY"":0.0454545455,""IEF"":0.0454545455,""TLT"":0.0454545455,""TIP"":0.0454545455,""LQD"":0.0454545455,""HYG"":0.0454545455,""GLD"":0.0454545455,""SLV"":0.0454545455,""DBC"":0.0454545455,""VNQ"":0.0454545455,""UUP"":0.0454545455,""BIL"":0.0454545455}","{""SPY"":0.0454545455,""QQQ"":0.0454545455,""IWM"":0.0454545455,""DIA"":0.0454545455,""EFA"":0.0454545455,""EEM"":0.0454545455,""VEA"":0.0454545455,""VWO"":0.0454545455,""AGG"":0.0454545455,""BND"":0.0454545455,""SHY"":0.0454545455,""IEF"":0.0454545455,""TLT"":0.0454545455,""TIP"":0.0454545455,""LQD"":0.0454545455,""HYG"":0.0454545455,""GLD"":0.0454545455,""SLV"":0.0454545455,""DBC"":0.0454545455,""VNQ"":0.0454545455,""UUP"":0.0454545455,""BIL"":0.0454545455}",0,0.9999999999999998,0.045454545454545456,0.045454545454545456,2.220446049250313e-16,0,0,1.0,0.04545454545454547,0.04545454545454547,1,1,1,4a73314cab9248778f18ba72
q1_20260801_011049,model_family_generalization,P4,qwen3.5:4b,P4,,,real_ticker,,2023-09-11,42,10.0,0.6,0.25,5f7ff6426b92f389,"You are an EQUAL-WEIGHT CONTROL policy profile. Ignore all feature data. Allocate the total portfolio weight equally among all eligible assets. Include every eligible ticker exactly once. Return strictly valid JSON only with a `weights` object whose values are decimals, not percentages.
Hard constraints for the execution layer: long-only weights, weights sum to one, maximum single-asset weight 0.60, and turnover cap 0.25. You propose weights; deterministic projection will enforce final feasibility.

Current Features:
- SPY_r1m: 0.00569633
- SPY_r3m: 0.04702430
- SPY_r12m: 0.13835137
- SPY_vol3m: 0.10399169
- SPY_mdd: -0.03882279
- QQQ_r1m: 0.02273525
- QQQ_r3m: 0.06484375
- QQQ_r12m: 0.26333584
- QQQ_vol3m: 0.16203598
- QQQ_mdd: -0.05606795
- IWM_r1m: -0.03334747
- IWM_r3m: -0.00362120
- IWM_r12m: 0.01993928
- IWM_vol3m: 0.14702851
- IWM_mdd: -0.22160325
- DIA_r1m: -0.01138382
- DIA_r3m: 0.02848569
- DIA_r12m: 0.11345482
- DIA_vol3m: 0.09105157
- DIA_mdd: -0.02523864
- EFA_r1m: -0.02065541
- EFA_r3m: -0.00559275
- EFA_r12m: 0.19418738
- EFA_vol3m: 0.12952381
- EFA_mdd: -0.07741655
- EEM_r1m: -0.02391032
- EEM_r3m: -0.01680898
- EEM_r12m: 0.04343015
- EEM_vol3m: 0.16142496
- EEM_mdd: -0.28881051
- VEA_r1m: -0.01897350
- VEA_r3m: -0.00411220
- VEA_r12m: 0.17232875
- VEA_vol3m: 0.13068184
- VEA_mdd: -0.09425778
- VWO_r1m: -0.01858558
- VWO_r3m: 0.00052050
- VWO_r12m: 0.04103352
- VWO_vol3m: 0.15156878
- VWO_mdd: -0.22676990
- AGG_r1m: -0.00459023
- AGG_r3m: -0.01562030
- AGG_r12m: -0.01252621
- AGG_vol3m: 0.06471880
- AGG_mdd: -0.14343487
- BND_r1m: -0.00539878
- BND_r3m: -0.01509376
- BND_r12m: -0.01176302
- BND_vol3m: 0.06310314
- BND_mdd: -0.14531700
- SHY_r1m: 0.00105805
- SHY_r3m: 0.00339006
- SHY_r12m: 0.01091840
- SHY_vol3m: 0.01893717
- SHY_mdd: -0.03129884
- IEF_r1m: -0.01100155
- IEF_r3m: -0.02979198
- IEF_r12m: -0.03839012
- IEF_vol3m: 0.07986821
- IEF_mdd: -0.20369957
- TLT_r1m: -0.01693656
- TLT_r3m: -0.07294729
- TLT_r12m: -0.10592170
- TLT_vol3m: 0.15374578
- TLT_mdd: -0.41721603
- TIP_r1m: -0.00253188
- TIP_r3m: -0.01089258
- TIP_r12m: -0.02880469
- TIP_vol3m: 0.06120516
- TIP_mdd: -0.11950624
- LQD_r1m: -0.00490980
- LQD_r3m: -0.01093690
- LQD_r12m: 0.00519263
- LQD_vol3m: 0.08907253
- LQD_mdd: -0.18046587
- HYG_r1m: 0.00213698
- HYG_r3m: 0.01532666
- HYG_r12m: 0.04859396
- HYG_vol3m: 0.06137924
- HYG_mdd: -0.06260773
- GLD_r1m: 0.00456080
- GLD_r3m: -0.01994062
- GLD_r12m: 0.12221668
- GLD_vol3m: 0.08604235
- GLD_mdd: -0.07983906
- SLV_r1m: 0.01584253
- SLV_r3m: -0.04984286
- SLV_r12m: 0.24251315
- SLV_vol3m: 0.24723280
- SLV_mdd: -0.55226406
- DBC_r1m: 0.03024098
- DBC_r3m: 0.11253307
- DBC_r12m: 0.02722617
- DBC_vol3m: 0.13047095
- DBC_mdd: -0.18223066
- VNQ_r1m: -0.01935080
- VNQ_r3m: -0.00204003
- VNQ_r12m: -0.09863121
- VNQ_vol3m: 0.13569390
- VNQ_mdd: -0.25483649
- UUP_r1m: 0.02385130
- UUP_r3m: 0.02492979
- UUP_r12m: 0.00159589
- UUP_vol3m: 0.06443978
- UUP_mdd: -0.03987879
- BIL_r1m: 0.00409964
- BIL_r3m: 0.01287248
- BIL_r12m: 0.04274182
- BIL_vol3m: 0.00253023
- BIL_mdd: 0.00000000
- cross_vol: 0.10617033

Assets: SPY, QQQ, IWM, DIA, EFA, EEM, VEA, VWO, AGG, BND, SHY, IEF, TLT, TIP, LQD, HYG, GLD, SLV, DBC, VNQ, UUP, BIL","```json
{
  ""weights"": {
    ""SPY"": 0.15384615,
    ""QQQ"": 0.15384615,
    ""IWM"": 0.15384615,
    ""DIA"": 0.15384615,
    ""EFA"": 0.15384615,
    ""EEM"": 0.15384615,
    ""VEA"": 0.15384615,
    ""VWO"": 0.15384615,
    ""AGG"": 0.15384615,
    ""BND"": 0.15384615,
    ""SHY"": 0.15384615,
    ""IEF"": 0.15384615,
    ""TLT"": 0.15384615,
    ""TIP"": 0.15384615,
    ""LQD"": 0.15384615,
    ""HYG"": 0.15384615,
    ""GLD"": 0.15384615,
    ""SLV"": 0.15384615,
    ""DBC"": 0.15384615,
    ""VNQ"": 0.15384615,
    ""UUP"": 0.15384615,
    ""BIL"": 0.15384615
  }
}
```",1,0,0,17.695658167125657,539,1,0,0,0,413,11.73927,2285,stop,[],0,0,0,0,SPY,SPY,SPY,1,1,1.0,0.0,0.0,3.0531133177191805e-16,6.509259464525837e-17,3.0531133177191805e-16,1,"{""SPY"":0.0454545455,""QQQ"":0.0454545455,""IWM"":0.0454545455,""DIA"":0.0454545455,""EFA"":0.0454545455,""EEM"":0.0454545455,""VEA"":0.0454545455,""VWO"":0.0454545455,""AGG"":0.0454545455,""BND"":0.0454545455,""SHY"":0.0454545455,""IEF"":0.0454545455,""TLT"":0.0454545455,""TIP"":0.0454545455,""LQD"":0.0454545455,""HYG"":0.0454545455,""GLD"":0.0454545455,""SLV"":0.0454545455,""DBC"":0.0454545455,""VNQ"":0.0454545455,""UUP"":0.0454545455,""BIL"":0.0454545455}","{""SPY"":0.0454545455,""QQQ"":0.0454545455,""IWM"":0.0454545455,""DIA"":0.0454545455,""EFA"":0.0454545455,""EEM"":0.0454545455,""VEA"":0.0454545455,""VWO"":0.0454545455,""AGG"":0.0454545455,""BND"":0.0454545455,""SHY"":0.0454545455,""IEF"":0.0454545455,""TLT"":0.0454545455,""TIP"":0.0454545455,""LQD"":0.0454545455,""HYG"":0.0454545455,""GLD"":0.0454545455,""SLV"":0.0454545455,""DBC"":0.0454545455,""VNQ"":0.0454545455,""UUP"":0.0454545455,""BIL"":0.0454545455}","{""SPY"":0.0454545455,""QQQ"":0.0454545455,""IWM"":0.0454545455,""DIA"":0.0454545455,""EFA"":0.0454545455,""EEM"":0.0454545455,""VEA"":0.0454545455,""VWO"":0.0454545455,""AGG"":0.0454545455,""BND"":0.0454545455,""SHY"":0.0454545455,""IEF"":0.0454545455,""TLT"":0.0454545455,""TIP"":0.0454545455,""LQD"":0.0454545455,""HYG"":0.0454545455,""GLD"":0.0454545455,""SLV"":0.0454545455,""DBC"":0.0454545455,""VNQ"":0.0454545455,""UUP"":0.0454545455,""BIL"":0.0454545455}",0,0.9999999999999998,0.045454545454545456,0.045454545454545456,2.220446049250313e-16,0,0,1.0,0.04545454545454547,0.04545454545454547,1,1,1,2d59a369a7b771e071c8d65a
q1_20260801_011049,model_family_generalization,P4,qwen3.5:4b,P4,,,real_ticker,,2024-01-10,42,10.0,0.6,0.25,843759308b0e50f7,"You are an EQUAL-WEIGHT CONTROL policy profile. Ignore all feature data. Allocate the total portfolio weight equally among all eligible assets. Include every eligible ticker exactly once. Return strictly valid JSON only with a `weights` object whose values are decimals, not percentages.
Hard constraints for the execution layer: long-only weights, weights sum to one, maximum single-asset weight 0.60, and turnover cap 0.25. You propose weights; deterministic projection will enforce final feasibility.

Current Features:
- SPY_r1m: 0.03974838
- SPY_r3m: 0.10114646
- SPY_r12m: 0.24736534
- SPY_vol3m: 0.12009367
- SPY_mdd: -0.00027271
- QQQ_r1m: 0.04426979
- QQQ_r3m: 0.11107524
- QQQ_r12m: 0.52037563
- QQQ_vol3m: 0.15724840
- QQQ_mdd: -0.00729032
- IWM_r1m: 0.04815434
- IWM_r3m: 0.11266243
- IWM_r12m: 0.11303564
- IWM_vol3m: 0.24062986
- IWM_mdd: -0.16944204
- DIA_r1m: 0.04040804
- DIA_r3m: 0.12244689
- DIA_r12m: 0.14673207
- DIA_vol3m: 0.10182250
- DIA_mdd: -0.00037108
- EFA_r1m: 0.03510952
- EFA_r3m: 0.09152098
- EFA_r12m: 0.12680073
- EFA_vol3m: 0.12839735
- EFA_mdd: -0.01790133
- EEM_r1m: 0.01603877
- EEM_r3m: 0.03785465
- EEM_r12m: -0.01049834
- EEM_vol3m: 0.14706339
- EEM_mdd: -0.28072282
- VEA_r1m: 0.03850933
- VEA_r3m: 0.09554663
- VEA_r12m: 0.12174873
- VEA_vol3m: 0.13394902
- VEA_mdd: -0.03651393
- VWO_r1m: 0.01744998
- VWO_r3m: 0.03626287
- VWO_r12m: 0.00703287
- VWO_vol3m: 0.13588477
- VWO_mdd: -0.21563790
- AGG_r1m: 0.01808924
- AGG_r3m: 0.05983737
- AGG_r12m: 0.02230882
- AGG_vol3m: 0.07923895
- AGG_mdd: -0.10919808
- BND_r1m: 0.01837400
- BND_r3m: 0.05984583
- BND_r12m: 0.02328006
- BND_vol3m: 0.07701525
- BND_mdd: -0.11063172
- SHY_r1m: 0.00934039
- SHY_r3m: 0.02130109
- SHY_r12m: 0.03539059
- SHY_vol3m: 0.02182519
- SHY_mdd: -0.00724656
- IEF_r1m: 0.01907981
- IEF_r3m: 0.05740306
- IEF_r12m: -0.00321566
- IEF_vol3m: 0.09303311
- IEF_mdd: -0.17667699
- TLT_r1m: 0.02051883
- TLT_r3m: 0.12067429
- TLT_r12m: -0.05890312
- TLT_vol3m: 0.20833732
- TLT_mdd: -0.39398165
- TIP_r1m: 0.01203922
- TIP_r3m: 0.04190287
- TIP_r12m: 0.01469786
- TIP_vol3m: 0.06585596
- TIP_mdd: -0.10011078
- LQD_r1m: 0.02397223
- LQD_r3m: 0.09372121
- LQD_r12m: 0.04721392
- LQD_vol3m: 0.10556120
- LQD_mdd: -0.12820535
- HYG_r1m: 0.02494096
- HYG_r3m: 0.07262333
- HYG_r12m: 0.08320312
- HYG_vol3m: 0.06901961
- HYG_mdd: -0.01007617
- GLD_r1m: 0.01001940
- GLD_r3m: 0.08676753
- GLD_r12m: 0.07696722
- GLD_vol3m: 0.13893147
- GLD_mdd: -0.03295683
- SLV_r1m: -0.00758293
- SLV_r3m: 0.04804810
- SLV_r12m: -0.03679849
- SLV_vol3m: 0.24126841
- SLV_mdd: -0.55691914
- DBC_r1m: -0.00468510
- DBC_r3m: -0.06025276
- DBC_r12m: -0.04296646
- DBC_vol3m: 0.16618372
- DBC_mdd: -0.25741469
- VNQ_r1m: 0.05735702
- VNQ_r3m: 0.17151101
- VNQ_r12m: 0.08070249
- VNQ_vol3m: 0.23371686
- VNQ_mdd: -0.18444116
- UUP_r1m: -0.01053712
- UUP_r3m: -0.01720919
- UUP_r12m: 0.05119276
- UUP_vol3m: 0.07312707
- UUP_mdd: -0.04120842
- BIL_r1m: 0.00439616
- BIL_r3m: 0.01339242
- BIL_r12m: 0.05036765
- BIL_vol3m: 0.00252359
- BIL_mdd: 0.00000000
- cross_vol: 0.12457849

Assets: SPY, QQQ, IWM, DIA, EFA, EEM, VEA, VWO, AGG, BND, SHY, IEF, TLT, TIP, LQD, HYG, GLD, SLV, DBC, VNQ, UUP, BIL","```json
{
  ""weights"": {
    ""SPY"": 0.15384615,
    ""QQQ"": 0.15384615,
    ""IWM"": 0.15384615,
    ""DIA"": 0.15384615,
    ""EFA"": 0.15384615,
    ""EEM"": 0.15384615,
    ""VEA"": 0.15384615,
    ""VWO"": 0.15384615,
    ""AGG"": 0.15384615,
    ""BND"": 0.15384615,
    ""SHY"": 0.15384615,
    ""IEF"": 0.15384615,
    ""TLT"": 0.15384615,
    ""TIP"": 0.15384615,
    ""LQD"": 0.15384615,
    ""HYG"": 0.15384615,
    ""GLD"": 0.15384615,
    ""SLV"": 0.15384615,
    ""DBC"": 0.15384615,
    ""VNQ"": 0.15384615,
    ""UUP"": 0.15384615,
    ""BIL"": 0.15384615
  }
}
```",1,0,0,17.584315750049427,539,1,0,0,0,413,11.639818,2285,stop,[],0,0,0,0,SPY,SPY,SPY,1,1,1.0,0.0,0.0,3.0531133177191805e-16,6.509259464525837e-17,3.0531133177191805e-16,1,"{""SPY"":0.0454545455,""QQQ"":0.0454545455,""IWM"":0.0454545455,""DIA"":0.0454545455,""EFA"":0.0454545455,""EEM"":0.0454545455,""VEA"":0.0454545455,""VWO"":0.0454545455,""AGG"":0.0454545455,""BND"":0.0454545455,""SHY"":0.0454545455,""IEF"":0.0454545455,""TLT"":0.0454545455,""TIP"":0.0454545455,""LQD"":0.0454545455,""HYG"":0.0454545455,""GLD"":0.0454545455,""SLV"":0.0454545455,""DBC"":0.0454545455,""VNQ"":0.0454545455,""UUP"":0.0454545455,""BIL"":0.0454545455}","{""SPY"":0.0454545455,""QQQ"":0.0454545455,""IWM"":0.0454545455,""DIA"":0.0454545455,""EFA"":0.0454545455,""EEM"":0.0454545455,""VEA"":0.0454545455,""VWO"":0.0454545455,""AGG"":0.0454545455,""BND"":0.0454545455,""SHY"":0.0454545455,""IEF"":0.0454545455,""TLT"":0.0454545455,""TIP"":0.0454545455,""LQD"":0.0454545455,""HYG"":0.0454545455,""GLD"":0.0454545455,""SLV"":0.0454545455,""DBC"":0.0454545455,""VNQ"":0.0454545455,""UUP"":0.0454545455,""BIL"":0.0454545455}","{""SPY"":0.0454545455,""QQQ"":0.0454545455,""IWM"":0.0454545455,""DIA"":0.0454545455,""EFA"":0.0454545455,""EEM"":0.0454545455,""VEA"":0.0454545455,""VWO"":0.0454545455,""AGG"":0.0454545455,""BND"":0.0454545455,""SHY"":0.0454545455,""IEF"":0.0454545455,""TLT"":0.0454545455,""TIP"":0.0454545455,""LQD"":0.0454545455,""HYG"":0.0454545455,""GLD"":0.0454545455,""SLV"":0.0454545455,""DBC"":0.0454545455,""VNQ"":0.0454545455,""UUP"":0.0454545455,""BIL"":0.0454545455}",0,0.9999999999999998,0.045454545454545456,0.045454545454545456,2.220446049250313e-16,0,0,1.0,0.04545454545454547,0.04545454545454547,1,1,1,83401c8a2fe1388cc9b0f523
q1_20260801_011049,model_family_generalization,P4,qwen3.5:4b,P4,,,real_ticker,,2024-07-12,42,10.0,0.6,0.25,97465d87279f7e33,"You are an EQUAL-WEIGHT CONTROL policy profile. Ignore all feature data. Allocate the total portfolio weight equally among all eligible assets. Include every eligible ticker exactly once. Return strictly valid JSON only with a `weights` object whose values are decimals, not percentages.
Hard constraints for the execution layer: long-only weights, weights sum to one, maximum single-asset weight 0.60, and turnover cap 0.25. You propose weights; deterministic projection will enforce final feasibility.

Current Features:
- SPY_r1m: 0.04627363
- SPY_r3m: 0.08454935
- SPY_r12m: 0.27308823
- SPY_vol3m: 0.10058102
- SPY_mdd: -0.00236944
- QQQ_r1m: 0.05894292
- QQQ_r3m: 0.11279716
- QQQ_r12m: 0.33639507
- QQQ_vol3m: 0.14957978
- QQQ_mdd: -0.01618424
- IWM_r1m: 0.06230061
- IWM_r3m: 0.05657700
- IWM_r12m: 0.12614089
- IWM_vol3m: 0.16592449
- IWM_mdd: -0.08770734
- DIA_r1m: 0.03413750
- DIA_r3m: 0.04546454
- DIA_r12m: 0.18670534
- DIA_vol3m: 0.09608163
- DIA_mdd: 0.00000000
- EFA_r1m: 0.03383609
- EFA_r3m: 0.05723817
- EFA_r12m: 0.14956870
- EFA_vol3m: 0.12078114
- EFA_mdd: 0.00000000
- EEM_r1m: 0.06330617
- EEM_r3m: 0.08045631
- EEM_r12m: 0.12171229
- EEM_vol3m: 0.12973251
- EEM_mdd: -0.17130893
- VEA_r1m: 0.03856960
- VEA_r3m: 0.05244814
- VEA_r12m: 0.14024856
- VEA_vol3m: 0.12226620
- VEA_mdd: 0.00000000
- VWO_r1m: 0.05572671
- VWO_r3m: 0.07887202
- VWO_r12m: 0.13050033
- VWO_vol3m: 0.12051438
- VWO_mdd: -0.10285955
- AGG_r1m: 0.01885042
- AGG_r3m: 0.03689126
- AGG_r12m: 0.04194949
- AGG_vol3m: 0.05467989
- AGG_mdd: -0.09255083
- BND_r1m: 0.01814412
- BND_r3m: 0.03676849
- BND_r12m: 0.04254390
- BND_vol3m: 0.05393193
- BND_mdd: -0.09400456
- SHY_r1m: 0.01071692
- SHY_r3m: 0.01976863
- SHY_r12m: 0.04674220
- SHY_vol3m: 0.01493686
- SHY_mdd: 0.00000000
- IEF_r1m: 0.02144848
- IEF_r3m: 0.04218326
- IEF_r12m: 0.02013545
- IEF_vol3m: 0.06693503
- IEF_mdd: -0.16702596
- TLT_r1m: 0.02623106
- TLT_r3m: 0.05658722
- TLT_r12m: -0.03181077
- TLT_vol3m: 0.13833859
- TLT_mdd: -0.39623460
- TIP_r1m: 0.01659090
- TIP_r3m: 0.03461804
- TIP_r12m: 0.03571612
- TIP_vol3m: 0.04450400
- TIP_mdd: -0.07720826
- LQD_r1m: 0.02196393
- LQD_r3m: 0.04335310
- LQD_r12m: 0.06106715
- LQD_vol3m: 0.06981461
- LQD_mdd: -0.11160359
- HYG_r1m: 0.01727968
- HYG_r3m: 0.03615004
- HYG_r12m: 0.10155227
- HYG_vol3m: 0.04608828
- HYG_mdd: 0.00000000
- GLD_r1m: 0.04183986
- GLD_r3m: 0.01505913
- GLD_r12m: 0.22668790
- GLD_vol3m: 0.17233441
- GLD_mdd: -0.00645706
- SLV_r1m: 0.05278929
- SLV_r3m: 0.08112267
- SLV_r12m: 0.26952602
- SLV_vol3m: 0.37443606
- SLV_mdd: -0.40499361
- DBC_r1m: 0.00997394
- DBC_r3m: -0.01688474
- DBC_r12m: 0.04109424
- DBC_vol3m: 0.12440875
- DBC_mdd: -0.20738716
- VNQ_r1m: 0.06760588
- VNQ_r3m: 0.07083375
- VNQ_r12m: 0.06454725
- VNQ_vol3m: 0.14759380
- VNQ_mdd: -0.16629259
- UUP_r1m: -0.00657883
- UUP_r3m: 0.00279625
- UUP_r12m: 0.09949379
- UUP_vol3m: 0.05312062
- UUP_mdd: -0.01645523
- BIL_r1m: 0.00472838
- BIL_r3m: 0.01313124
- BIL_r12m: 0.05382607
- BIL_vol3m: 0.00252984
- BIL_mdd: 0.00000000
- cross_vol: 0.10768699

Assets: SPY, QQQ, IWM, DIA, EFA, EEM, VEA, VWO, AGG, BND, SHY, IEF, TLT, TIP, LQD, HYG, GLD, SLV, DBC, VNQ, UUP, BIL","```json
{
  ""weights"": {
    ""SPY"": 0.15384615,
    ""QQQ"": 0.15384615,
    ""IWM"": 0.15384615,
    ""DIA"": 0.15384615,
    ""EFA"": 0.15384615,
    ""EEM"": 0.15384615,
    ""VEA"": 0.15384615,
    ""VWO"": 0.15384615,
    ""AGG"": 0.15384615,
    ""BND"": 0.15384615,
    ""SHY"": 0.15384615,
    ""IEF"": 0.15384615,
    ""TLT"": 0.15384615,
    ""TIP"": 0.15384615,
    ""LQD"": 0.15384615,
    ""HYG"": 0.15384615,
    ""GLD"": 0.15384615,
    ""SLV"": 0.15384615,
    ""DBC"": 0.15384615,
    ""VNQ"": 0.15384615,
    ""UUP"": 0.15384615,
    ""BIL"": 0.15384615
  }
}
```",1,0,0,17.6152312499471,539,1,0,0,0,413,11.613866,2285,stop,[],0,0,0,0,SPY,SPY,SPY,1,1,1.0,0.0,0.0,3.0531133177191805e-16,6.509259464525837e-17,3.0531133177191805e-16,1,"{""SPY"":0.0454545455,""QQQ"":0.0454545455,""IWM"":0.0454545455,""DIA"":0.0454545455,""EFA"":0.0454545455,""EEM"":0.0454545455,""VEA"":0.0454545455,""VWO"":0.0454545455,""AGG"":0.0454545455,""BND"":0.0454545455,""SHY"":0.0454545455,""IEF"":0.0454545455,""TLT"":0.0454545455,""TIP"":0.0454545455,""LQD"":0.0454545455,""HYG"":0.0454545455,""GLD"":0.0454545455,""SLV"":0.0454545455,""DBC"":0.0454545455,""VNQ"":0.0454545455,""UUP"":0.0454545455,""BIL"":0.0454545455}","{""SPY"":0.0454545455,""QQQ"":0.0454545455,""IWM"":0.0454545455,""DIA"":0.0454545455,""EFA"":0.0454545455,""EEM"":0.0454545455,""VEA"":0.0454545455,""VWO"":0.0454545455,""AGG"":0.0454545455,""BND"":0.0454545455,""SHY"":0.0454545455,""IEF"":0.0454545455,""TLT"":0.0454545455,""TIP"":0.0454545455,""LQD"":0.0454545455,""HYG"":0.0454545455,""GLD"":0.0454545455,""SLV"":0.0454545455,""DBC"":0.0454545455,""VNQ"":0.0454545455,""UUP"":0.0454545455,""BIL"":0.0454545455}","{""SPY"":0.0454545455,""QQQ"":0.0454545455,""IWM"":0.0454545455,""DIA"":0.0454545455,""EFA"":0.0454545455,""EEM"":0.0454545455,""VEA"":0.0454545455,""VWO"":0.0454545455,""AGG"":0.0454545455,""BND"":0.0454545455,""SHY"":0.0454545455,""IEF"":0.0454545455,""TLT"":0.0454545455,""TIP"":0.0454545455,""LQD"":0.0454545455,""HYG"":0.0454545455,""GLD"":0.0454545455,""SLV"":0.0454545455,""DBC"":0.0454545455,""VNQ"":0.0454545455,""UUP"":0.0454545455,""BIL"":0.0454545455}",0,0.9999999999999998,0.045454545454545456,0.045454545454545456,2.220446049250313e-16,0,0,1.0,0.04545454545454547,0.04545454545454547,1,1,1,06620f92d417d6dd6ed80786
q1_20260801_011049,model_family_generalization,P4,qwen3.5:4b,P4,,,real_ticker,,2025-01-13,42,10.0,0.6,0.25,685b585a0fbf5ca6,"You are an EQUAL-WEIGHT CONTROL policy profile. Ignore all feature data. Allocate the total portfolio weight equally among all eligible assets. Include every eligible ticker exactly once. Return strictly valid JSON only with a `weights` object whose values are decimals, not percentages.
Hard constraints for the execution layer: long-only weights, weights sum to one, maximum single-asset weight 0.60, and turnover cap 0.25. You propose weights; deterministic projection will enforce final feasibility.

Current Features:
- SPY_r1m: -0.03227135
- SPY_r3m: 0.01252624
- SPY_r12m: 0.23562134
- SPY_vol3m: 0.12972815
- SPY_mdd: -0.04024820
- QQQ_r1m: -0.02732386
- QQQ_r3m: 0.02798523
- QQQ_r12m: 0.24495557
- QQQ_vol3m: 0.17684168
- QQQ_mdd: -0.05907942
- IWM_r1m: -0.07944647
- IWM_r3m: 0.00481913
- IWM_r12m: 0.12674620
- IWM_vol3m: 0.21579347
- IWM_mdd: -0.10109313
- DIA_r1m: -0.04396780
- DIA_r3m: -0.00017359
- DIA_r12m: 0.14115069
- DIA_vol3m: 0.13254881
- DIA_mdd: -0.05933824
- EFA_r1m: -0.04337558
- EFA_r3m: -0.07340143
- EFA_r12m: 0.03241949
- EFA_vol3m: 0.12082393
- EFA_mdd: -0.10138722
- EEM_r1m: -0.05748439
- EEM_r3m: -0.09843659
- EEM_r12m: 0.07417752
- EEM_vol3m: 0.14186010
- EEM_mdd: -0.22736862
- VEA_r1m: -0.04239242
- VEA_r3m: -0.06997486
- VEA_r12m: 0.03213341
- VEA_vol3m: 0.11579295
- VEA_mdd: -0.09753893
- VWO_r1m: -0.06656503
- VWO_r3m: -0.08960319
- VWO_r12m: 0.09523168
- VWO_vol3m: 0.14245118
- VWO_mdd: -0.14094178
- AGG_r1m: -0.02790093
- AGG_r3m: -0.02716147
- AGG_r12m: 0.01118237
- AGG_vol3m: 0.05064562
- AGG_mdd: -0.09923681
- BND_r1m: -0.02736538
- BND_r3m: -0.02665839
- BND_r12m: 0.01192381
- BND_vol3m: 0.05105570
- BND_mdd: -0.10002706
- SHY_r1m: -0.00072929
- SHY_r3m: 0.00253902
- SHY_r12m: 0.03824961
- SHY_vol3m: 0.01291098
- SHY_mdd: -0.00406120
- IEF_r1m: -0.03481510
- IEF_r3m: -0.03958715
- IEF_r12m: -0.01055355
- IEF_vol3m: 0.06075469
- IEF_mdd: -0.18536598
- TLT_r1m: -0.07861945
- TLT_r3m: -0.08216153
- TLT_r12m: -0.07518906
- TLT_vol3m: 0.14374008
- TLT_mdd: -0.43954760
- TIP_r1m: -0.02036853
- TIP_r3m: -0.02574229
- TIP_r12m: 0.02030346
- TIP_vol3m: 0.03946380
- TIP_mdd: -0.08183992
- LQD_r1m: -0.04332866
- LQD_r3m: -0.04164157
- LQD_r12m: 0.00230200
- LQD_vol3m: 0.07432003
- LQD_mdd: -0.12619848
- HYG_r1m: -0.01156583
- HYG_r3m: 0.00392863
- HYG_r12m: 0.07801726
- HYG_vol3m: 0.04228958
- HYG_mdd: -0.01230844
- GLD_r1m: -0.01146462
- GLD_r3m: 0.01202536
- GLD_r12m: 0.31061336
- GLD_vol3m: 0.16503746
- GLD_mdd: -0.04566988
- SLV_r1m: -0.07002417
- SLV_r3m: -0.05003524
- SLV_r12m: 0.28748798
- SLV_vol3m: 0.28408387
- SLV_mdd: -0.42953872
- DBC_r1m: 0.06051395
- DBC_r3m: 0.01081658
- DBC_r12m: 0.07752496
- DBC_vol3m: 0.15404059
- DBC_mdd: -0.19984579
- VNQ_r1m: -0.07463366
- VNQ_r3m: -0.06703090
- VNQ_r12m: 0.03060105
- VNQ_vol3m: 0.17670526
- VNQ_mdd: -0.15948420
- UUP_r1m: 0.03817312
- UUP_r3m: 0.08285672
- UUP_r12m: 0.13858037
- UUP_vol3m: 0.07098540
- UUP_mdd: 0.00000000
- BIL_r1m: 0.00386719
- BIL_r3m: 0.01183184
- BIL_r12m: 0.05192983
- BIL_vol3m: 0.00234189
- BIL_mdd: 0.00000000
- cross_vol: 0.11382796

Assets: SPY, QQQ, IWM, DIA, EFA, EEM, VEA, VWO, AGG, BND, SHY, IEF, TLT, TIP, LQD, HYG, GLD, SLV, DBC, VNQ, UUP, BIL","```json
{
  ""weights"": {
    ""SPY"": 0.15384615,
    ""QQQ"": 0.15384615,
    ""IWM"": 0.15384615,
    ""DIA"": 0.15384615,
    ""EFA"": 0.15384615,
    ""EEM"": 0.15384615,
    ""VEA"": 0.15384615,
    ""VWO"": 0.15384615,
    ""AGG"": 0.15384615,
    ""BND"": 0.15384615,
    ""SHY"": 0.15384615,
    ""IEF"": 0.15384615,
    ""TLT"": 0.15384615,
    ""TIP"": 0.15384615,
    ""LQD"": 0.15384615,
    ""HYG"": 0.15384615,
    ""GLD"": 0.15384615,
    ""SLV"": 0.15384615,
    ""DBC"": 0.15384615,
    ""VNQ"": 0.15384615,
    ""UUP"": 0.15384615,
    ""BIL"": 0.15384615
  }
}
```",1,0,0,17.61654158309102,539,1,0,0,0,413,11.621591,2285,stop,[],0,0,0,0,SPY,SPY,SPY,1,1,1.0,0.0,0.0,3.0531133177191805e-16,6.509259464525837e-17,3.0531133177191805e-16,1,"{""SPY"":0.0454545455,""QQQ"":0.0454545455,""IWM"":0.0454545455,""DIA"":0.0454545455,""EFA"":0.0454545455,""EEM"":0.0454545455,""VEA"":0.0454545455,""VWO"":0.0454545455,""AGG"":0.0454545455,""BND"":0.0454545455,""SHY"":0.0454545455,""IEF"":0.0454545455,""TLT"":0.0454545455,""TIP"":0.0454545455,""LQD"":0.0454545455,""HYG"":0.0454545455,""GLD"":0.0454545455,""SLV"":0.0454545455,""DBC"":0.0454545455,""VNQ"":0.0454545455,""UUP"":0.0454545455,""BIL"":0.0454545455}","{""SPY"":0.0454545455,""QQQ"":0.0454545455,""IWM"":0.0454545455,""DIA"":0.0454545455,""EFA"":0.0454545455,""EEM"":0.0454545455,""VEA"":0.0454545455,""VWO"":0.0454545455,""AGG"":0.0454545455,""BND"":0.0454545455,""SHY"":0.0454545455,""IEF"":0.0454545455,""TLT"":0.0454545455,""TIP"":0.0454545455,""LQD"":0.0454545455,""HYG"":0.0454545455,""GLD"":0.0454545455,""SLV"":0.0454545455,""DBC"":0.0454545455,""VNQ"":0.0454545455,""UUP"":0.0454545455,""BIL"":0.0454545455}","{""SPY"":0.0454545455,""QQQ"":0.0454545455,""IWM"":0.0454545455,""DIA"":0.0454545455,""EFA"":0.0454545455,""EEM"":0.0454545455,""VEA"":0.0454545455,""VWO"":0.0454545455,""AGG"":0.0454545455,""BND"":0.0454545455,""SHY"":0.0454545455,""IEF"":0.0454545455,""TLT"":0.0454545455,""TIP"":0.0454545455,""LQD"":0.0454545455,""HYG"":0.0454545455,""GLD"":0.0454545455,""SLV"":0.0454545455,""DBC"":0.0454545455,""VNQ"":0.0454545455,""UUP"":0.0454545455,""BIL"":0.0454545455}",0,0.9999999999999998,0.045454545454545456,0.045454545454545456,2.220446049250313e-16,0,0,1.0,0.04545454545454547,0.04545454545454547,1,1,1,a01ec48131dba4450ec12228
q1_20260801_011049,model_family_generalization,P4,qwen3.5:4b,P4,,,real_ticker,,2025-05-14,42,10.0,0.6,0.25,025f61bc35c01d4c,"You are an EQUAL-WEIGHT CONTROL policy profile. Ignore all feature data. Allocate the total portfolio weight equally among all eligible assets. Include every eligible ticker exactly once. Return strictly valid JSON only with a `weights` object whose values are decimals, not percentages.
Hard constraints for the execution layer: long-only weights, weights sum to one, maximum single-asset weight 0.60, and turnover cap 0.25. You propose weights; deterministic projection will enforce final feasibility.

Current Features:
- SPY_r1m: 0.08990583
- SPY_r3m: -0.02320739
- SPY_r12m: 0.14251682
- SPY_vol3m: 0.33821684
- SPY_mdd: -0.03845859
- QQQ_r1m: 0.13377623
- QQQ_r3m: -0.01674523
- QQQ_r12m: 0.18049674
- QQQ_vol3m: 0.39377645
- QQQ_mdd: -0.03719325
- IWM_r1m: 0.10856162
- IWM_r3m: -0.07323126
- IWM_r12m: 0.02369361
- IWM_vol3m: 0.32956671
- IWM_mdd: -0.14249453
- DIA_r1m: 0.03783451
- DIA_r3m: -0.04832504
- DIA_r12m: 0.08144754
- DIA_vol3m: 0.27440861
- DIA_mdd: -0.06069465
- EFA_r1m: 0.07867694
- EFA_r3m: 0.06519848
- EFA_r12m: 0.10525654
- EFA_vol3m: 0.26216563
- EFA_mdd: -0.00485437
- EEM_r1m: 0.09921675
- EEM_r3m: 0.05754743
- EEM_r12m: 0.11569349
- EEM_vol3m: 0.26804690
- EEM_mdd: -0.12324035
- VEA_r1m: 0.07663080
- VEA_r3m: 0.06352181
- VEA_r12m: 0.10271516
- VEA_vol3m: 0.25522257
- VEA_mdd: -0.00407162
- VWO_r1m: 0.09793107
- VWO_r3m: 0.05398136
- VWO_r12m: 0.13430535
- VWO_vol3m: 0.25906870
- VWO_mdd: -0.03363860
- AGG_r1m: -0.00250333
- AGG_r3m: 0.01267799
- AGG_r12m: 0.04738565
- AGG_vol3m: 0.05902216
- AGG_mdd: -0.07610239
- BND_r1m: -0.00218067
- BND_r3m: 0.01189900
- BND_r12m: 0.04760071
- BND_vol3m: 0.05806891
- BND_mdd: -0.07736360
- SHY_r1m: -0.00112447
- SHY_r3m: 0.01430954
- SHY_r12m: 0.05293712
- SHY_vol3m: 0.01769098
- SHY_mdd: -0.00725309
- IEF_r1m: -0.00662999
- IEF_r3m: 0.02131717
- IEF_r12m: 0.04692069
- IEF_vol3m: 0.07278241
- IEF_mdd: -0.15554858
- TLT_r1m: -0.02143808
- TLT_r3m: -0.01166778
- TLT_r12m: -0.01357145
- TLT_vol3m: 0.15569508
- TLT_mdd: -0.43239798
- TIP_r1m: 0.00384537
- TIP_r3m: 0.01666566
- TIP_r12m: 0.05228636
- TIP_vol3m: 0.06072917
- TIP_mdd: -0.05256530
- LQD_r1m: 0.00648218
- LQD_r3m: 0.00602718
- LQD_r12m: 0.04332588
- LQD_vol3m: 0.09155707
- LQD_mdd: -0.10397134
- HYG_r1m: 0.03197616
- HYG_r3m: 0.01309144
- HYG_r12m: 0.09186479
- HYG_vol3m: 0.09190711
- HYG_mdd: -0.00364952
- GLD_r1m: -0.01036359
- GLD_r3m: 0.09522916
- GLD_r12m: 0.34040508
- GLD_vol3m: 0.23404929
- GLD_mdd: -0.07107321
- SLV_r1m: -0.00442475
- SLV_r3m: -0.00306749
- SLV_r12m: 0.13504072
- SLV_vol3m: 0.28540610
- SLV_mdd: -0.38108335
- DBC_r1m: 0.02578794
- DBC_r3m: -0.03763438
- DBC_r12m: -0.02806066
- DBC_vol3m: 0.18927741
- DBC_mdd: -0.22995910
- VNQ_r1m: 0.02612455
- VNQ_r3m: -0.02907870
- VNQ_r12m: 0.10047515
- VNQ_vol3m: 0.24117084
- VNQ_mdd: -0.14114267
- UUP_r1m: 0.01864031
- UUP_r3m: -0.05332883
- UUP_r12m: 0.01349153
- UUP_vol3m: 0.10195994
- UUP_mdd: -0.06633168
- BIL_r1m: 0.00330374
- BIL_r3m: 0.01034030
- BIL_r12m: 0.04785171
- BIL_vol3m: 0.00199459
- BIL_mdd: 0.00000000
- cross_vol: 0.18371743

Assets: SPY, QQQ, IWM, DIA, EFA, EEM, VEA, VWO, AGG, BND, SHY, IEF, TLT, TIP, LQD, HYG, GLD, SLV, DBC, VNQ, UUP, BIL","```json
{
  ""weights"": {
    ""SPY"": 0.15384615,
    ""QQQ"": 0.15384615,
    ""IWM"": 0.15384615,
    ""DIA"": 0.15384615,
    ""EFA"": 0.15384615,
    ""EEM"": 0.15384615,
    ""VEA"": 0.15384615,
    ""VWO"": 0.15384615,
    ""AGG"": 0.15384615,
    ""BND"": 0.15384615,
    ""SHY"": 0.15384615,
    ""IEF"": 0.15384615,
    ""TLT"": 0.15384615,
    ""TIP"": 0.15384615,
    ""LQD"": 0.15384615,
    ""HYG"": 0.15384615,
    ""GLD"": 0.15384615,
    ""SLV"": 0.15384615,
    ""DBC"": 0.15384615,
    ""VNQ"": 0.15384615,
    ""UUP"": 0.15384615,
    ""BIL"": 0.15384615
  }
}
```",1,0,0,17.632290083914995,539,1,0,0,0,413,11.6436,2285,stop,[],0,0,0,0,SPY,SPY,SPY,1,1,1.0,0.0,0.0,3.0531133177191805e-16,6.509259464525837e-17,3.0531133177191805e-16,1,"{""SPY"":0.0454545455,""QQQ"":0.0454545455,""IWM"":0.0454545455,""DIA"":0.0454545455,""EFA"":0.0454545455,""EEM"":0.0454545455,""VEA"":0.0454545455,""VWO"":0.0454545455,""AGG"":0.0454545455,""BND"":0.0454545455,""SHY"":0.0454545455,""IEF"":0.0454545455,""TLT"":0.0454545455,""TIP"":0.0454545455,""LQD"":0.0454545455,""HYG"":0.0454545455,""GLD"":0.0454545455,""SLV"":0.0454545455,""DBC"":0.0454545455,""VNQ"":0.0454545455,""UUP"":0.0454545455,""BIL"":0.0454545455}","{""SPY"":0.0454545455,""QQQ"":0.0454545455,""IWM"":0.0454545455,""DIA"":0.0454545455,""EFA"":0.0454545455,""EEM"":0.0454545455,""VEA"":0.0454545455,""VWO"":0.0454545455,""AGG"":0.0454545455,""BND"":0.0454545455,""SHY"":0.0454545455,""IEF"":0.0454545455,""TLT"":0.0454545455,""TIP"":0.0454545455,""LQD"":0.0454545455,""HYG"":0.0454545455,""GLD"":0.0454545455,""SLV"":0.0454545455,""DBC"":0.0454545455,""VNQ"":0.0454545455,""UUP"":0.0454545455,""BIL"":0.0454545455}","{""SPY"":0.0454545455,""QQQ"":0.0454545455,""IWM"":0.0454545455,""DIA"":0.0454545455,""EFA"":0.0454545455,""EEM"":0.0454545455,""VEA"":0.0454545455,""VWO"":0.0454545455,""AGG"":0.0454545455,""BND"":0.0454545455,""SHY"":0.0454545455,""IEF"":0.0454545455,""TLT"":0.0454545455,""TIP"":0.0454545455,""LQD"":0.0454545455,""HYG"":0.0454545455,""GLD"":0.0454545455,""SLV"":0.0454545455,""DBC"":0.0454545455,""VNQ"":0.0454545455,""UUP"":0.0454545455,""BIL"":0.0454545455}",0,0.9999999999999998,0.045454545454545456,0.045454545454545456,2.220446049250313e-16,0,0,1.0,0.04545454545454547,0.04545454545454547,1,1,1,68de8f2ba0c14dbebc1513c9
q1_20260801_011049,model_family_generalization,P4,qwen3.5:4b,P4,,,real_ticker,,2025-09-15,42,10.0,0.6,0.25,fd8ed7911d242cf4,"You are an EQUAL-WEIGHT CONTROL policy profile. Ignore all feature data. Allocate the total portfolio weight equally among all eligible assets. Include every eligible ticker exactly once. Return strictly valid JSON only with a `weights` object whose values are decimals, not percentages.
Hard constraints for the execution layer: long-only weights, weights sum to one, maximum single-asset weight 0.60, and turnover cap 0.25. You propose weights; deterministic projection will enforce final feasibility.

Current Features:
- SPY_r1m: 0.02474601
- SPY_r3m: 0.11032466
- SPY_r12m: 0.20692206
- SPY_vol3m: 0.09328632
- SPY_mdd: 0.00000000
- QQQ_r1m: 0.02033128
- QQQ_r3m: 0.12407855
- QQQ_r12m: 0.26972692
- QQQ_vol3m: 0.11720120
- QQQ_mdd: 0.00000000
- IWM_r1m: 0.04867681
- IWM_r3m: 0.14898656
- IWM_r12m: 0.15875876
- IWM_vol3m: 0.18150682
- IWM_mdd: -0.00602157
- DIA_r1m: 0.02489677
- DIA_r3m: 0.09230954
- DIA_r12m: 0.14188161
- DIA_vol3m: 0.10634992
- DIA_mdd: -0.00400509
- EFA_r1m: 0.02138570
- EFA_r3m: 0.06725496
- EFA_r12m: 0.19643985
- EFA_vol3m: 0.12430195
- EFA_mdd: 0.00000000
- EEM_r1m: 0.05533271
- EEM_r3m: 0.12820938
- EEM_r12m: 0.27831699
- EEM_vol3m: 0.12076506
- EEM_mdd: 0.00000000
- VEA_r1m: 0.02883473
- VEA_r3m: 0.08206495
- VEA_r12m: 0.21854355
- VEA_vol3m: 0.11825375
- VEA_mdd: 0.00000000
- VWO_r1m: 0.05135719
- VWO_r3m: 0.11607840
- VWO_r12m: 0.26266624
- VWO_vol3m: 0.10887842
- VWO_mdd: 0.00000000
- AGG_r1m: 0.01970150
- AGG_r3m: 0.03826568
- AGG_r12m: 0.03010015
- AGG_vol3m: 0.04085884
- AGG_mdd: -0.02855578
- BND_r1m: 0.01926590
- BND_r3m: 0.03777522
- BND_r12m: 0.02995703
- BND_vol3m: 0.03988196
- BND_mdd: -0.03054151
- SHY_r1m: 0.00627269
- SHY_r3m: 0.01636702
- SHY_r12m: 0.03917587
- SHY_vol3m: 0.01492242
- SHY_mdd: -0.00012041
- IEF_r1m: 0.02136101
- IEF_r3m: 0.04026896
- IEF_r12m: 0.02065424
- IEF_vol3m: 0.05017493
- IEF_mdd: -0.10958866
- TLT_r1m: 0.04002268
- TLT_r3m: 0.05626845
- TLT_r12m: -0.06453496
- TLT_vol3m: 0.11052087
- TLT_mdd: -0.39110450
- TIP_r1m: 0.01769496
- TIP_r3m: 0.03923894
- TIP_r12m: 0.04513400
- TIP_vol3m: 0.03753857
- TIP_mdd: -0.01091952
- LQD_r1m: 0.02615900
- LQD_r3m: 0.05419595
- LQD_r12m: 0.04003761
- LQD_vol3m: 0.05445148
- LQD_mdd: -0.03718814
- HYG_r1m: 0.01463177
- HYG_r3m: 0.03799898
- HYG_r12m: 0.08493318
- HYG_vol3m: 0.03127548
- HYG_mdd: 0.00000000
- GLD_r1m: 0.10304314
- GLD_r3m: 0.07151663
- GLD_r12m: 0.45924652
- GLD_vol3m: 0.13774774
- GLD_mdd: 0.00000000
- SLV_r1m: 0.12347821
- SLV_r3m: 0.17561410
- SLV_r12m: 0.48392026
- SLV_vol3m: 0.21252364
- SLV_mdd: -0.17985612
- DBC_r1m: 0.03250915
- DBC_r3m: -0.00441504
- DBC_r12m: 0.11993753
- DBC_vol3m: 0.14383905
- DBC_mdd: -0.19160047
- VNQ_r1m: 0.03925521
- VNQ_r3m: 0.04163769
- VNQ_r12m: -0.00987608
- VNQ_vol3m: 0.14072086
- VNQ_mdd: -0.08250303
- UUP_r1m: -0.00473937
- UUP_r3m: 0.00478465
- UUP_r12m: 0.00677562
- UUP_vol3m: 0.06928460
- UUP_mdd: -0.08542716
- BIL_r1m: 0.00384994
- BIL_r3m: 0.01072392
- BIL_r12m: 0.04474769
- BIL_vol3m: 0.00205486
- BIL_mdd: 0.00000000
- cross_vol: 0.09346994

Assets: SPY, QQQ, IWM, DIA, EFA, EEM, VEA, VWO, AGG, BND, SHY, IEF, TLT, TIP, LQD, HYG, GLD, SLV, DBC, VNQ, UUP, BIL","```json
{
  ""weights"": {
    ""SPY"": 0.15,
    ""QQQ"": 0.20,
    ""IWM"": 0.18,
    ""DIA"": 0.14,
    ""EFA"": 0.16,
    ""EEM"": -0.03,
    ""VEA"": 0.09,
    ""VWO"": 0.07,
    ""AGG"": 0.25,
    ""BND"": 0.08,
    ""SHY"": 0.14,
    ""IEF"": -0.03,
    ""TLT"": -0.06,
    ""TIP"": 0.07,
    ""LQD"": 0.25,
    ""HYG"": 0.08,
    ""GLD"": 0.14,
    ""SLV"": 0.39,
    ""DBC"": -0.06,
    ""VNQ"": 0.17,
    ""UUP"": -0.05,
    ""BIL"": 0.28
  }
}
```",1,0,0,14.051835540914908,412,1,0,0,0,281,7.959671,2285,stop,[],0,0,5,0,SPY,SPY,SPY,1,1,1.0,0.0,0.0,3.0531133177191805e-16,6.509259464525837e-17,3.0531133177191805e-16,1,"{""SPY"":0.0454545455,""QQQ"":0.0454545455,""IWM"":0.0454545455,""DIA"":0.0454545455,""EFA"":0.0454545455,""EEM"":0.0454545455,""VEA"":0.0454545455,""VWO"":0.0454545455,""AGG"":0.0454545455,""BND"":0.0454545455,""SHY"":0.0454545455,""IEF"":0.0454545455,""TLT"":0.0454545455,""TIP"":0.0454545455,""LQD"":0.0454545455,""HYG"":0.0454545455,""GLD"":0.0454545455,""SLV"":0.0454545455,""DBC"":0.0454545455,""VNQ"":0.0454545455,""UUP"":0.0454545455,""BIL"":0.0454545455}","{""SPY"":0.0454545455,""QQQ"":0.0454545455,""IWM"":0.0454545455,""DIA"":0.0454545455,""EFA"":0.0454545455,""EEM"":0.0454545455,""VEA"":0.0454545455,""VWO"":0.0454545455,""AGG"":0.0454545455,""BND"":0.0454545455,""SHY"":0.0454545455,""IEF"":0.0454545455,""TLT"":0.0454545455,""TIP"":0.0454545455,""LQD"":0.0454545455,""HYG"":0.0454545455,""GLD"":0.0454545455,""SLV"":0.0454545455,""DBC"":0.0454545455,""VNQ"":0.0454545455,""UUP"":0.0454545455,""BIL"":0.0454545455}","{""SPY"":0.0454545455,""QQQ"":0.0454545455,""IWM"":0.0454545455,""DIA"":0.0454545455,""EFA"":0.0454545455,""EEM"":0.0454545455,""VEA"":0.0454545455,""VWO"":0.0454545455,""AGG"":0.0454545455,""BND"":0.0454545455,""SHY"":0.0454545455,""IEF"":0.0454545455,""TLT"":0.0454545455,""TIP"":0.0454545455,""LQD"":0.0454545455,""HYG"":0.0454545455,""GLD"":0.0454545455,""SLV"":0.0454545455,""DBC"":0.0454545455,""VNQ"":0.0454545455,""UUP"":0.0454545455,""BIL"":0.0454545455}",0,0.9999999999999998,0.045454545454545456,0.045454545454545456,2.220446049250313e-16,0,0,1.0,0.04545454545454547,0.04545454545454547,1,1,1,f37c98eea67e0633c9be3b22
q1_20260801_011049,model_family_generalization,P5,qwen3.5:4b,P5,,,real_ticker,,2012-01-03,42,10.0,0.6,0.25,5963d5a52d964b1f,"You are a RISK-ADJUSTED RETURN policy profile. Use only the provided feature values. Prefer eligible assets that combine stronger recent returns with lower recent volatility and smaller drawdowns. Assign larger weights to assets that appear to have stronger positive risk-adjusted profiles, smaller weights to middle-ranked assets, and little weight to weak or unstable candidates. Do not default to equal weights unless the provided features show no meaningful distinction across assets. Include every eligible ticker exactly once. Return strictly valid JSON only with a `weights` object whose values are decimals, not percentages.
Hard constraints for the execution layer: long-only weights, weights sum to one, maximum single-asset weight 0.60, and turnover cap 0.25. You propose weights; deterministic projection will enforce final feasibility.

Current Features:
- SPY_r1m: 0.02671551
- SPY_r3m: 0.16718467
- SPY_r12m: 0.02459595
- SPY_vol3m: 0.25887588
- SPY_mdd: -0.04997530
- QQQ_r1m: 0.00594834
- QQQ_r3m: 0.11689019
- QQQ_r12m: 0.03838245
- QQQ_vol3m: 0.25840220
- QQQ_mdd: -0.04035417
- IWM_r1m: 0.02917638
- IWM_r3m: 0.23521387
- IWM_r12m: -0.04505700
- IWM_vol3m: 0.37700087
- IWM_mdd: -0.12194572
- DIA_r1m: 0.03222826
- DIA_r3m: 0.17057153
- DIA_r12m: 0.08903110
- DIA_vol3m: 0.23431471
- DIA_mdd: -0.01629549
- EFA_r1m: 0.01361822
- EFA_r3m: 0.10687441
- EFA_r12m: -0.10575181
- EFA_vol3m: 0.34495581
- EFA_mdd: -0.17813728
- EEM_r1m: -0.01040953
- EEM_r3m: 0.14885786
- EEM_r12m: -0.17111196
- EEM_vol3m: 0.40143386
- EEM_mdd: -0.20578645
- VEA_r1m: 0.01517233
- VEA_r3m: 0.10818375
- VEA_r12m: -0.10683619
- VEA_vol3m: 0.34370234
- VEA_mdd: -0.17899871
- VWO_r1m: -0.01158303
- VWO_r3m: 0.14398038
- VWO_r12m: -0.17177897
- VWO_vol3m: 0.38302895
- VWO_mdd: -0.20591382
- AGG_r1m: 0.01119106
- AGG_r3m: 0.00536619
- AGG_r12m: 0.07603807
- AGG_vol3m: 0.03331191
- AGG_mdd: -0.00326117
- BND_r1m: 0.00898195
- BND_r3m: 0.00348999
- BND_r12m: 0.07727916
- BND_vol3m: 0.03756468
- BND_mdd: -0.00311206
- SHY_r1m: -0.00012969
- SHY_r3m: 0.00049781
- SHY_r12m: 0.01404656
- SHY_vol3m: 0.00531517
- SHY_mdd: -0.00093098
- IEF_r1m: 0.01369723
- IEF_r3m: -0.00306527
- IEF_r12m: 0.15272011
- IEF_vol3m: 0.08440694
- IEF_mdd: -0.00989297
- TLT_r1m: 0.02405978
- TLT_r3m: -0.02737122
- TLT_r12m: 0.32992894
- TLT_vol3m: 0.22551508
- TLT_mdd: -0.03273671
- TIP_r1m: 0.00163172
- TIP_r3m: 0.01738505
- TIP_r12m: 0.13732879
- TIP_vol3m: 0.05984325
- TIP_mdd: -0.00931184
- LQD_r1m: 0.03166939
- LQD_r3m: 0.02464866
- LQD_r12m: 0.09230849
- LQD_vol3m: 0.06049644
- LQD_mdd: -0.00968553
- HYG_r1m: 0.04431199
- HYG_r3m: 0.12391091
- HYG_r12m: 0.07017863
- HYG_vol3m: 0.15996905
- HYG_mdd: 0.00000000
- GLD_r1m: -0.08082300
- GLD_r3m: -0.03131218
- GLD_r12m: 0.12985506
- GLD_vol3m: 0.22454383
- GLD_mdd: -0.15531718
- SLV_r1m: -0.09510360
- SLV_r3m: -0.02238046
- SLV_r12m: -0.03835889
- SLV_vol3m: 0.44565753
- SLV_mdd: -0.38997036
- DBC_r1m: 0.00363098
- DBC_r3m: 0.07884469
- DBC_r12m: -0.00108424
- DBC_vol3m: 0.20030343
- DBC_mdd: -0.13408522
- VNQ_r1m: 0.06613014
- VNQ_r3m: 0.22009966
- VNQ_r12m: 0.07552847
- VNQ_vol3m: 0.32461742
- VNQ_mdd: -0.05488288
- UUP_r1m: 0.01043075
- UUP_r3m: -0.01021780
- UUP_r12m: -0.02366347
- UUP_vol3m: 0.10413908
- UUP_mdd: -0.13743715
- BIL_r1m: -0.00017417
- BIL_r3m: -0.00061082
- BIL_r12m: -0.00082833
- BIL_vol3m: 0.00288457
- BIL_mdd: -0.00104647
- cross_vol: 0.20774014

Assets: SPY, QQQ, IWM, DIA, EFA, EEM, VEA, VWO, AGG, BND, SHY, IEF, TLT, TIP, LQD, HYG, GLD, SLV, DBC, VNQ, UUP, BIL","```json
{
  ""weights"": {
    ""SPY"": 0.125,
    ""QQQ"": 0.085,
    ""IWM"": 0.045,
    ""DIA"": 0.135,
    ""EFA"": 0.065,
    ""EEM"": 0.020,
    ""VEA"": 0.070,
    ""VWO"": 0.040,
    ""AGG"": 0.180,
    ""BND"": 0.165,
    ""SHY"": 0.035,
    ""IEF"": 0.095,
    ""TLT"": 0.075,
    ""TIP"": 0.085,
    ""LQD"": 0.140,
    ""HYG"": 0.030,
    ""GLD"": 0.025,
    ""SLV"": 0.010,
    ""DBC"": 0.060,
    ""VNQ"": 0.090,
    ""UUP"": 0.045,
    ""BIL"": 0.030
  }
}
```",1,0,0,14.65303225000389,429,1,0,0,0,303,8.523171,2345,stop,[],0,0,0,0,LQD,AGG,AGG,0,0,0.6666666666666666,0.6316716306033183,0.19369996871152828,9.194034422677078e-17,2.320901831876577e-17,0.5151515151515151,0,"{""SPY"":0.0757575758,""QQQ"":0.0515151515,""IWM"":0.0272727273,""DIA"":0.0818181818,""EFA"":0.0393939394,""EEM"":0.0121212121,""VEA"":0.0424242424,""VWO"":0.0242424242,""AGG"":0.1090909091,""BND"":0.1,""SHY"":0.0212121212,""IEF"":0.0575757576,""TLT"":0.0454545455,""TIP"":0.0515151515,""LQD"":0.0848484848,""HYG"":0.0181818182,""GLD"":0.0151515152,""SLV"":0.0060606061,""DBC"":0.0363636364,""VNQ"":0.0545454545,""UUP"":0.0272727273,""BIL"":0.0181818182}","{""SPY"":0.0757575758,""QQQ"":0.0515151515,""IWM"":0.0272727273,""DIA"":0.0818181818,""EFA"":0.0393939394,""EEM"":0.0121212121,""VEA"":0.0424242424,""VWO"":0.0242424242,""AGG"":0.1090909091,""BND"":0.1,""SHY"":0.0212121212,""IEF"":0.0575757576,""TLT"":0.0454545455,""TIP"":0.0515151515,""LQD"":0.0848484848,""HYG"":0.0181818182,""GLD"":0.0151515152,""SLV"":0.0060606061,""DBC"":0.0363636364,""VNQ"":0.0545454545,""UUP"":0.0272727273,""BIL"":0.0181818182}","{""SPY"":0.0426692594,""QQQ"":0.0095179423,""IWM"":0.0319986991,""DIA"":0.0568696382,""EFA"":0.0163230001,""EEM"":4.33680869e-18,""VEA"":0.0182521059,""VWO"":4.33680869e-18,""AGG"":0.138904033,""BND"":0.0988630672,""SHY"":4.33680869e-18,""IEF"":0.0670961997,""TLT"":0.0441122576,""TIP"":0.0112739203,""LQD"":0.21644776,""HYG"":0.1145324188,""GLD"":4.33680869e-18,""SLV"":4.33680869e-18,""DBC"":0.0074951149,""VNQ"":0.0842307762,""UUP"":0.0414138072,""BIL"":4.33680869e-18}",0,1.0,0.10909090909090909,0.0060606060606060615,0.0,0,0,1.0,0.10909090909090909,0.006060606060606067,1,1,1,e2a541bad3c26f116afff9e7
q1_20260801_011049,model_family_generalization,P5,qwen3.5:4b,P5,,,real_ticker,,2013-03-07,42,10.0,0.6,0.25,6e8dee13ab3cdb8d,"You are a RISK-ADJUSTED RETURN policy profile. Use only the provided feature values. Prefer eligible assets that combine stronger recent returns with lower recent volatility and smaller drawdowns. Assign larger weights to assets that appear to have stronger positive risk-adjusted profiles, smaller weights to middle-ranked assets, and little weight to weak or unstable candidates. Do not default to equal weights unless the provided features show no meaningful distinction across assets. Include every eligible ticker exactly once. Return strictly valid JSON only with a `weights` object whose values are decimals, not percentages.
Hard constraints for the execution layer: long-only weights, weights sum to one, maximum single-asset weight 0.60, and turnover cap 0.25. You propose weights; deterministic projection will enforce final feasibility.

Current Features:
- SPY_r1m: 0.02469384
- SPY_r3m: 0.10355899
- SPY_r12m: 0.15694450
- SPY_vol3m: 0.11331766
- SPY_mdd: 0.00000000
- QQQ_r1m: 0.01823273
- QQQ_r3m: 0.05245420
- QQQ_r12m: 0.08328101
- QQQ_vol3m: 0.14230142
- QQQ_mdd: -0.01605729
- IWM_r1m: 0.03097273
- IWM_r3m: 0.14111880
- IWM_r12m: 0.17994039
- IWM_vol3m: 0.13147733
- IWM_mdd: 0.00000000
- DIA_r1m: 0.02953075
- DIA_r3m: 0.11373719
- DIA_r12m: 0.13431127
- DIA_vol3m: 0.09925860
- DIA_mdd: 0.00000000
- EFA_r1m: 0.01023015
- EFA_r3m: 0.08355395
- EFA_r12m: 0.12507905
- EFA_vol3m: 0.12213494
- EFA_mdd: -0.00991548
- EEM_r1m: -0.00500330
- EEM_r3m: 0.05107175
- EEM_r12m: 0.01564556
- EEM_vol3m: 0.11277195
- EEM_mdd: -0.09495469
- VEA_r1m: 0.01182671
- VEA_r3m: 0.08447113
- VEA_r12m: 0.12331643
- VEA_vol3m: 0.12379089
- VEA_mdd: -0.01001731
- VWO_r1m: -0.00878221
- VWO_r3m: 0.05539474
- VWO_r12m: 0.01644713
- VWO_vol3m: 0.11311231
- VWO_mdd: -0.09085716
- AGG_r1m: 0.00298230
- AGG_r3m: -0.00789205
- AGG_r12m: 0.02671506
- AGG_vol3m: 0.02198253
- AGG_mdd: -0.00877924
- BND_r1m: 0.00294915
- BND_r3m: -0.01528988
- BND_r12m: 0.01905989
- BND_vol3m: 0.02623608
- BND_mdd: -0.01598476
- SHY_r1m: 0.00009460
- SHY_r3m: 0.00047420
- SHY_r12m: 0.00336979
- SHY_vol3m: 0.00308644
- SHY_mdd: -0.00059235
- IEF_r1m: 0.00459187
- IEF_r3m: -0.02025412
- IEF_r12m: 0.03049403
- IEF_vol3m: 0.04553076
- IEF_mdd: -0.02310919
- TLT_r1m: 0.00197544
- TLT_r3m: -0.06904112
- TLT_r12m: 0.02208087
- TLT_vol3m: 0.11835554
- TLT_mdd: -0.10944081
- TIP_r1m: -0.00190668
- TIP_r3m: -0.01979212
- TIP_r12m: 0.04464834
- TIP_vol3m: 0.03990914
- TIP_mdd: -0.02352910
- LQD_r1m: 0.00564916
- LQD_r3m: -0.01390385
- LQD_r12m: 0.05680259
- LQD_vol3m: 0.03643095
- LQD_mdd: -0.01994465
- HYG_r1m: 0.01295297
- HYG_r3m: 0.02689283
- HYG_r12m: 0.09990517
- HYG_vol3m: 0.04119250
- HYG_mdd: 0.00000000
- GLD_r1m: -0.05723638
- GLD_r3m: -0.07134166
- GLD_r12m: -0.07823720
- GLD_vol3m: 0.11009493
- GLD_mdd: -0.17281540
- SLV_r1m: -0.09265281
- SLV_r3m: -0.12507836
- SLV_r12m: -0.15501057
- SLV_vol3m: 0.19915437
- SLV_mdd: -0.40943714
- DBC_r1m: -0.05141661
- DBC_r3m: -0.02865335
- DBC_r12m: -0.07566461
- DBC_vol3m: 0.07947798
- DBC_mdd: -0.15037591
- VNQ_r1m: 0.02209524
- VNQ_r3m: 0.09493046
- VNQ_r12m: 0.17024886
- VNQ_vol3m: 0.09312219
- VNQ_mdd: -0.00767170
- UUP_r1m: 0.03179719
- UUP_r3m: 0.02800722
- UUP_r12m: 0.01358079
- UUP_vol3m: 0.05064613
- UUP_mdd: -0.13317853
- BIL_r1m: -0.00000000
- BIL_r3m: -0.00000000
- BIL_r12m: -0.00021834
- BIL_vol3m: 0.00233318
- BIL_mdd: -0.00126459
- cross_vol: 0.08298717

Assets: SPY, QQQ, IWM, DIA, EFA, EEM, VEA, VWO, AGG, BND, SHY, IEF, TLT, TIP, LQD, HYG, GLD, SLV, DBC, VNQ, UUP, BIL","```json
{
  ""weights"": {
    ""SPY"": 0.185,
    ""QQQ"": 0.240,
    ""IWM"": 0.310,
    ""DIA"": 0.165,
    ""EFA"": 0.075,
    ""VEA"": 0.045,
    ""VWO"": 0.025,
    ""AGG"": 0.035,
    ""BND"": 0.018,
    ""SHY"": 0.012,
    ""IEF"": 0.014,
    ""TLT"": 0.016,
    ""TIP"": 0.013,
    ""LQD"": 0.019,
    ""HYG"": 0.028,
    ""GLD"": 0.005,
    ""SLV"": 0.000,
    ""DBC"": 0.000,
    ""VNQ"": 0.043,
    ""UUP"": 0.019,
    ""BIL"": 0.028
  }
}
```",1,0,0,14.556050250073895,411,1,0,0,0,290,8.40641,2345,stop,[],1,0,0,0,UUP,IWM,IWM,0,0,0.0,0.9387669620544394,0.32950817824271134,7.6327832942975e-17,1.8763903324155462e-17,1.051246051246051,0,"{""SPY"":0.1428571429,""QQQ"":0.1853281853,""IWM"":0.2393822394,""DIA"":0.1274131274,""EFA"":0.0579150579,""EEM"":0.0,""VEA"":0.0347490347,""VWO"":0.0193050193,""AGG"":0.027027027,""BND"":0.0138996139,""SHY"":0.0092664093,""IEF"":0.0108108108,""TLT"":0.0123552124,""TIP"":0.01003861,""LQD"":0.0146718147,""HYG"":0.0216216216,""GLD"":0.0038610039,""SLV"":0.0,""DBC"":0.0,""VNQ"":0.0332046332,""UUP"":0.0146718147,""BIL"":0.0216216216}","{""SPY"":0.1428571429,""QQQ"":0.1853281853,""IWM"":0.2393822394,""DIA"":0.1274131274,""EFA"":0.0579150579,""EEM"":4.33680869e-18,""VEA"":0.0347490347,""VWO"":0.0193050193,""AGG"":0.027027027,""BND"":0.0138996139,""SHY"":0.0092664093,""IEF"":0.0108108108,""TLT"":0.0123552124,""TIP"":0.01003861,""LQD"":0.0146718147,""HYG"":0.0216216216,""GLD"":0.0038610039,""SLV"":4.33680869e-18,""DBC"":4.33680869e-18,""VNQ"":0.0332046332,""UUP"":0.0146718147,""BIL"":0.0216216216}","{""SPY"":0.0781255643,""QQQ"":0.0459350997,""IWM"":0.0844560445,""DIA"":0.1066616999,""EFA"":0.0300292324,""EEM"":6.938893904e-18,""VEA"":0.03425132,""VWO"":6.938893904e-18,""AGG"":0.0486380269,""BND"":0.0402995678,""SHY"":0.0109887406,""IEF"":0.0361565495,""TLT"":0.0059838129,""TIP"":6.938893904e-18,""LQD"":0.0555924368,""HYG"":0.112733548,""GLD"":6.938893904e-18,""SLV"":6.938893904e-18,""DBC"":6.938893904e-18,""VNQ"":0.0850643679,""UUP"":0.2250839887,""BIL"":6.938893904e-18}",0,0.9999999999999999,0.2393822393822394,0.0,1.1102230246251565e-16,0,0,1.0,0.2393822393822394,4.3368086899405124e-18,1,1,1,5916e4ae03ced6c240751474
q1_20260801_011049,model_family_generalization,P5,qwen3.5:4b,P5,,,real_ticker,,2015-11-04,42,10.0,0.6,0.25,ddca26bdf9a0f13f,"You are a RISK-ADJUSTED RETURN policy profile. Use only the provided feature values. Prefer eligible assets that combine stronger recent returns with lower recent volatility and smaller drawdowns. Assign larger weights to assets that appear to have stronger positive risk-adjusted profiles, smaller weights to middle-ranked assets, and little weight to weak or unstable candidates. Do not default to equal weights unless the provided features show no meaningful distinction across assets. Include every eligible ticker exactly once. Return strictly valid JSON only with a `weights` object whose values are decimals, not percentages.
Hard constraints for the execution layer: long-only weights, weights sum to one, maximum single-asset weight 0.60, and turnover cap 0.25. You propose weights; deterministic projection will enforce final feasibility.

Current Features:
- SPY_r1m: 0.06355218
- SPY_r3m: 0.01489593
- SPY_r12m: 0.06733256
- SPY_vol3m: 0.21710810
- SPY_mdd: -0.00534579
- QQQ_r1m: 0.09542825
- QQQ_r3m: 0.04390968
- QQQ_r12m: 0.14702423
- QQQ_vol3m: 0.25088881
- QQQ_mdd: 0.00000000
- IWM_r1m: 0.05156014
- IWM_r3m: -0.01707309
- IWM_r12m: 0.03558668
- IWM_vol3m: 0.22052952
- IWM_mdd: -0.07656234
- DIA_r1m: 0.06585703
- DIA_r3m: 0.03126090
- DIA_r12m: 0.05297199
- DIA_vol3m: 0.21045681
- DIA_mdd: -0.01429903
- EFA_r1m: 0.02713141
- EFA_r3m: -0.05252592
- EFA_r12m: -0.00102328
- EFA_vol3m: 0.20974118
- EFA_mdd: -0.09021254
- EEM_r1m: 0.03564166
- EEM_r3m: -0.01596917
- EEM_r12m: -0.12705907
- EEM_vol3m: 0.28150496
- EEM_mdd: -0.22148562
- VEA_r1m: 0.02857147
- VEA_r3m: -0.04608422
- VEA_r12m: 0.00368231
- VEA_vol3m: 0.21077207
- VEA_mdd: -0.08600643
- VWO_r1m: 0.03115992
- VWO_r3m: -0.03589447
- VWO_r12m: -0.13206438
- VWO_vol3m: 0.28608892
- VWO_mdd: -0.20032172
- AGG_r1m: -0.00561575
- AGG_r3m: 0.00414263
- AGG_r12m: 0.01677308
- AGG_vol3m: 0.03487067
- AGG_mdd: -0.01341774
- BND_r1m: -0.00453562
- BND_r3m: 0.00492152
- BND_r12m: 0.01789518
- BND_vol3m: 0.03516037
- BND_mdd: -0.01543375
- SHY_r1m: -0.00375423
- SHY_r3m: 0.00012763
- SHY_r12m: 0.00498819
- SHY_vol3m: 0.01049935
- SHY_mdd: -0.00480727
- IEF_r1m: -0.01489888
- IEF_r3m: 0.00604910
- IEF_r12m: 0.03232470
- IEF_vol3m: 0.05862688
- IEF_mdd: -0.02456820
- TLT_r1m: -0.01658068
- TLT_r3m: -0.00700840
- TLT_r12m: 0.04089752
- TLT_vol3m: 0.14295409
- TLT_mdd: -0.10567233
- TIP_r1m: -0.00967361
- TIP_r3m: -0.00744259
- TIP_r12m: -0.01807394
- TIP_vol3m: 0.04839325
- TIP_mdd: -0.07544146
- LQD_r1m: -0.00310502
- LQD_r3m: 0.00868171
- LQD_r12m: 0.00388992
- LQD_vol3m: 0.05248304
- LQD_mdd: -0.04240429
- HYG_r1m: 0.02127220
- HYG_r3m: -0.00586418
- HYG_r12m: -0.02253115
- HYG_vol3m: 0.06986573
- HYG_mdd: -0.03797382
- GLD_r1m: -0.03540870
- GLD_r3m: 0.01513557
- GLD_r12m: -0.05569417
- GLD_vol3m: 0.13943144
- GLD_mdd: -0.42591688
- SLV_r1m: -0.04578630
- SLV_r3m: 0.02787708
- SLV_r12m: -0.06380205
- SLV_vol3m: 0.24739090
- SLV_mdd: -0.69572576
- DBC_r1m: -0.03322684
- DBC_r3m: -0.02324080
- DBC_r12m: -0.30596334
- DBC_vol3m: 0.20066854
- DBC_mdd: -0.52600252
- VNQ_r1m: 0.03661229
- VNQ_r3m: 0.03457099
- VNQ_r12m: 0.04811533
- VNQ_vol3m: 0.20059077
- VNQ_mdd: -0.06908857
- UUP_r1m: 0.02573382
- UUP_r3m: -0.00195631
- UUP_r12m: 0.10242000
- UUP_vol3m: 0.08984974
- UUP_mdd: -0.03699512
- BIL_r1m: -0.00021917
- BIL_r3m: -0.00043773
- BIL_r12m: -0.00153084
- BIL_vol3m: 0.00224689
- BIL_mdd: -0.00409903
- cross_vol: 0.14636918

Assets: SPY, QQQ, IWM, DIA, EFA, EEM, VEA, VWO, AGG, BND, SHY, IEF, TLT, TIP, LQD, HYG, GLD, SLV, DBC, VNQ, UUP, BIL","```json
{
  ""weights"": {
    ""SPY"": 0.125,
    ""QQQ"": 0.380,
    ""IWM"": 0.040,
    ""DIA"": 0.160,
    ""EFA"": 0.090,
    ""EEM"": 0.025,
    ""VEA"": 0.035,
    ""VWO"": 0.045,
    ""AGG"": 0.180,
    ""BND"": 0.060,
    ""SHY"": 0.020,
    ""IEF"": 0.030,
    ""TLT"": 0.045,
    ""TIP"": 0.015,
    ""LQD"": 0.085,
    ""HYG"": 0.020,
    ""GLD"": 0.030,
    ""SLV"": 0.040,
    ""DBC"": 0.010,
    ""VNQ"": 0.075,
    ""UUP"": 0.065,
    ""BIL"": 0.020
  }
}
```",1,0,0,14.845037915976718,429,1,0,0,0,303,8.548635,2345,stop,[],0,0,0,0,QQQ,QQQ,QQQ,1,1,0.6666666666666666,0.8513763313938972,0.23346850119108023,7.806255641895632e-18,3.576224061345498e-18,0.7366771159874609,0,"{""SPY"":0.078369906,""QQQ"":0.2382445141,""IWM"":0.0250783699,""DIA"":0.1003134796,""EFA"":0.0564263323,""EEM"":0.0156739812,""VEA"":0.0219435737,""VWO"":0.0282131661,""AGG"":0.1128526646,""BND"":0.0376175549,""SHY"":0.012539185,""IEF"":0.0188087774,""TLT"":0.0282131661,""TIP"":0.0094043887,""LQD"":0.0532915361,""HYG"":0.012539185,""GLD"":0.0188087774,""SLV"":0.0250783699,""DBC"":0.0062695925,""VNQ"":0.0470219436,""UUP"":0.0407523511,""BIL"":0.012539185}","{""SPY"":0.078369906,""QQQ"":0.2382445141,""IWM"":0.0250783699,""DIA"":0.1003134796,""EFA"":0.0564263323,""EEM"":0.0156739812,""VEA"":0.0219435737,""VWO"":0.0282131661,""AGG"":0.1128526646,""BND"":0.0376175549,""SHY"":0.012539185,""IEF"":0.0188087774,""TLT"":0.0282131661,""TIP"":0.0094043887,""LQD"":0.0532915361,""HYG"":0.012539185,""GLD"":0.0188087774,""SLV"":0.0250783699,""DBC"":0.0062695925,""VNQ"":0.0470219436,""UUP"":0.0407523511,""BIL"":0.012539185}","{""SPY"":0.1173865601,""QQQ"":0.1525315366,""IWM"":0.0937586435,""DIA"":0.1254882605,""EFA"":0.0518743416,""EEM"":0.0507733491,""VEA"":0.0543605055,""VWO"":0.043677653,""AGG"":1.040834086e-17,""BND"":1.040834086e-17,""SHY"":1.040834086e-17,""IEF"":1.040834086e-17,""TLT"":1.040834086e-17,""TIP"":1.040834086e-17,""LQD"":1.040834086e-17,""HYG"":0.122099001,""GLD"":1.040834086e-17,""SLV"":1.040834086e-17,""DBC"":1.040834086e-17,""VNQ"":0.0731947459,""UUP"":0.1148554033,""BIL"":1.040834086e-17}",0,1.0000000000000002,0.23824451410658307,0.006269592476489029,2.220446049250313e-16,0,0,1.0,0.23824451410658307,0.006269592476489028,1,1,1,4df2bc88dcf530df6bf02969
q1_20260801_011049,model_family_generalization,P5,qwen3.5:4b,P5,,,real_ticker,,2017-03-08,42,10.0,0.6,0.25,2fb8e2fba1b9c579,"You are a RISK-ADJUSTED RETURN policy profile. Use only the provided feature values. Prefer eligible assets that combine stronger recent returns with lower recent volatility and smaller drawdowns. Assign larger weights to assets that appear to have stronger positive risk-adjusted profiles, smaller weights to middle-ranked assets, and little weight to weak or unstable candidates. Do not default to equal weights unless the provided features show no meaningful distinction across assets. Include every eligible ticker exactly once. Return strictly valid JSON only with a `weights` object whose values are decimals, not percentages.
Hard constraints for the execution layer: long-only weights, weights sum to one, maximum single-asset weight 0.60, and turnover cap 0.25. You propose weights; deterministic projection will enforce final feasibility.

Current Features:
- SPY_r1m: 0.03332910
- SPY_r3m: 0.07671644
- SPY_r12m: 0.21794332
- SPY_vol3m: 0.07049640
- SPY_mdd: -0.01342872
- QQQ_r1m: 0.03902098
- QQQ_r3m: 0.12458562
- QQQ_r12m: 0.26928760
- QQQ_vol3m: 0.07385144
- QQQ_mdd: -0.00532525
- IWM_r1m: 0.00044157
- IWM_r3m: 0.02486317
- IWM_r12m: 0.29872353
- IWM_vol3m: 0.13471107
- IWM_mdd: -0.03177541
- DIA_r1m: 0.04442924
- DIA_r3m: 0.09166292
- DIA_r12m: 0.26008415
- DIA_vol3m: 0.06938009
- DIA_mdd: -0.01142117
- EFA_r1m: 0.01004844
- EFA_r3m: 0.06397011
- EFA_r12m: 0.11564827
- EFA_vol3m: 0.08173701
- EFA_mdd: -0.06940914
- EEM_r1m: 0.00610715
- EEM_r3m: 0.08227145
- EEM_r12m: 0.19914154
- EEM_vol3m: 0.13366759
- EEM_mdd: -0.14554546
- VEA_r1m: 0.00579702
- VEA_r3m: 0.06162481
- VEA_r12m: 0.12642002
- VEA_vol3m: 0.08232636
- VEA_mdd: -0.05129750
- VWO_r1m: 0.01204175
- VWO_r3m: 0.07876991
- VWO_r12m: 0.21014934
- VWO_vol3m: 0.12658692
- VWO_mdd: -0.10861701
- AGG_r1m: -0.00583672
- AGG_r3m: 0.00041809
- AGG_r12m: 0.00352924
- AGG_vol3m: 0.03372477
- AGG_mdd: -0.03609771
- BND_r1m: -0.00609787
- BND_r3m: 0.00011928
- BND_r12m: 0.00334975
- BND_vol3m: 0.03452135
- BND_mdd: -0.03847171
- SHY_r1m: -0.00291140
- SHY_r3m: -0.00099711
- SHY_r12m: 0.00125116
- SHY_vol3m: 0.00945374
- SHY_mdd: -0.00790175
- IEF_r1m: -0.01060656
- IEF_r3m: -0.00592824
- IEF_r12m: -0.03346053
- IEF_vol3m: 0.05301710
- IEF_mdd: -0.07517592
- TLT_r1m: -0.01431017
- TLT_r3m: -0.00752097
- TLT_r12m: -0.07181413
- TLT_vol3m: 0.11236306
- TLT_mdd: -0.16652099
- TIP_r1m: -0.00928947
- TIP_r3m: -0.00053068
- TIP_r12m: 0.01903762
- TIP_vol3m: 0.04248982
- TIP_mdd: -0.04096783
- LQD_r1m: -0.00642347
- LQD_r3m: 0.00558117
- LQD_r12m: 0.04007511
- LQD_vol3m: 0.04753382
- LQD_mdd: -0.04476260
- HYG_r1m: -0.00551270
- HYG_r3m: 0.02347609
- HYG_r12m: 0.13516933
- HYG_vol3m: 0.03922253
- HYG_mdd: -0.01892799
- GLD_r1m: -0.02242990
- GLD_r3m: 0.03155816
- GLD_r12m: -0.04577877
- GLD_vol3m: 0.11087103
- GLD_mdd: -0.37667263
- SLV_r1m: -0.02972652
- SLV_r3m: 0.02770778
- SLV_r12m: 0.11627906
- SLV_vol3m: 0.19805599
- SLV_mdd: -0.65467625
- DBC_r1m: -0.03984823
- DBC_r3m: -0.03188777
- DBC_r12m: 0.14912954
- DBC_vol3m: 0.11438316
- DBC_mdd: -0.52443608
- VNQ_r1m: -0.00931504
- VNQ_r3m: 0.03746160
- VNQ_r12m: 0.08370603
- VNQ_vol3m: 0.13080573
- VNQ_mdd: -0.09134414
- UUP_r1m: 0.02248076
- UUP_r3m: 0.01932000
- UUP_r12m: 0.04641026
- UUP_vol3m: 0.07632795
- UUP_mdd: -0.01198502
- BIL_r1m: -0.00017566
- BIL_r3m: 0.00052486
- BIL_r12m: 0.00164212
- BIL_vol3m: 0.00339720
- BIL_mdd: -0.00246364
- cross_vol: 0.08086019

Assets: SPY, QQQ, IWM, DIA, EFA, EEM, VEA, VWO, AGG, BND, SHY, IEF, TLT, TIP, LQD, HYG, GLD, SLV, DBC, VNQ, UUP, BIL","```json
{
  ""weights"": {
    ""SPY"": 0.185,
    ""QQQ"": 0.240,
    ""IWM"": 0.095,
    ""DIA"": 0.160,
    ""EFA"": 0.130,
    ""EEM"": 0.080,
    ""VEA"": 0.075,
    ""VWO"": 0.090,
    ""AGG"": 0.045,
    ""BND"": 0.120,
    ""SHY"": 0.035,
    ""IEF"": 0.020,
    ""TLT"": 0.010,
    ""TIP"": 0.040,
    ""LQD"": 0.065,
    ""HYG"": 0.030,
    ""GLD"": 0.025,
    ""SLV"": 0.015,
    ""DBC"": 0.010,
    ""VNQ"": 0.045,
    ""UUP"": 0.060,
    ""BIL"": 0.030
  }
}
```",1,0,0,14.647618583170697,429,1,0,0,0,303,8.533057,2345,stop,[],0,0,0,0,DIA,QQQ,QQQ,0,0,1.0,0.8994108299220616,0.27134169811093306,8.847089727481716e-17,2.2282926508592498e-17,0.645992636646842,0,"{""SPY"":0.1152647975,""QQQ"":0.1495327103,""IWM"":0.0591900312,""DIA"":0.0996884735,""EFA"":0.0809968847,""EEM"":0.0498442368,""VEA"":0.046728972,""VWO"":0.0560747664,""AGG"":0.0280373832,""BND"":0.0747663551,""SHY"":0.0218068536,""IEF"":0.0124610592,""TLT"":0.0062305296,""TIP"":0.0249221184,""LQD"":0.0404984424,""HYG"":0.0186915888,""GLD"":0.015576324,""SLV"":0.0093457944,""DBC"":0.0062305296,""VNQ"":0.0280373832,""UUP"":0.0373831776,""BIL"":0.0186915888}","{""SPY"":0.1152647975,""QQQ"":0.1495327103,""IWM"":0.0591900312,""DIA"":0.0996884735,""EFA"":0.0809968847,""EEM"":0.0498442368,""VEA"":0.046728972,""VWO"":0.0560747664,""AGG"":0.0280373832,""BND"":0.0747663551,""SHY"":0.0218068536,""IEF"":0.0124610592,""TLT"":0.0062305296,""TIP"":0.0249221184,""LQD"":0.0404984424,""HYG"":0.0186915888,""GLD"":0.015576324,""SLV"":0.0093457944,""DBC"":0.0062305296,""VNQ"":0.0280373832,""UUP"":0.0373831776,""BIL"":0.0186915888}","{""SPY"":0.2079516938,""QQQ"":0.2324047271,""IWM"":0.001441781,""DIA"":0.2816694464,""EFA"":0.0540736454,""EEM"":0.0200963884,""VEA"":0.0309721774,""VWO"":0.041841434,""AGG"":1.734723476e-17,""BND"":1.734723476e-17,""SHY"":1.734723476e-17,""IEF"":1.734723476e-17,""TLT"":1.734723476e-17,""TIP"":1.734723476e-17,""LQD"":1.734723476e-17,""HYG"":1.734723476e-17,""GLD"":1.734723476e-17,""SLV"":1.734723476e-17,""DBC"":1.734723476e-17,""VNQ"":1.734723476e-17,""UUP"":0.1295487065,""BIL"":1.734723476e-17}",0,1.0,0.14953271028037382,0.006230529595015576,0.0,0,0,1.0,0.14953271028037382,0.006230529595015581,1,1,1,51d452e83305f83e7ebfb56b
q1_20260801_011049,model_family_generalization,P5,qwen3.5:4b,P5,,,real_ticker,,2018-01-05,42,10.0,0.6,0.25,d842566c6757d202,"You are a RISK-ADJUSTED RETURN policy profile. Use only the provided feature values. Prefer eligible assets that combine stronger recent returns with lower recent volatility and smaller drawdowns. Assign larger weights to assets that appear to have stronger positive risk-adjusted profiles, smaller weights to middle-ranked assets, and little weight to weak or unstable candidates. Do not default to equal weights unless the provided features show no meaningful distinction across assets. Include every eligible ticker exactly once. Return strictly valid JSON only with a `weights` object whose values are decimals, not percentages.
Hard constraints for the execution layer: long-only weights, weights sum to one, maximum single-asset weight 0.60, and turnover cap 0.25. You propose weights; deterministic projection will enforce final feasibility.

Current Features:
- SPY_r1m: 0.04417929
- SPY_r3m: 0.07915503
- SPY_r12m: 0.23116435
- SPY_vol3m: 0.05868879
- SPY_mdd: 0.00000000
- QQQ_r1m: 0.06183277
- QQQ_r3m: 0.10035697
- QQQ_r12m: 0.35183209
- QQQ_vol3m: 0.10697084
- QQQ_mdd: 0.00000000
- IWM_r1m: 0.02946103
- IWM_r3m: 0.03405101
- IWM_r12m: 0.15189093
- IWM_vol3m: 0.09679892
- IWM_mdd: 0.00000000
- DIA_r1m: 0.04664558
- DIA_r3m: 0.11626610
- DIA_r12m: 0.30032631
- DIA_vol3m: 0.06232716
- DIA_mdd: 0.00000000
- EFA_r1m: 0.05310852
- EFA_r3m: 0.06771771
- EFA_r12m: 0.25402630
- EFA_vol3m: 0.06627542
- EFA_mdd: 0.00000000
- EEM_r1m: 0.08659156
- EEM_r3m: 0.08753922
- EEM_r12m: 0.38835277
- EEM_vol3m: 0.12605615
- EEM_mdd: 0.00000000
- VEA_r1m: 0.05475824
- VEA_r3m: 0.07371010
- VEA_r12m: 0.26585167
- VEA_vol3m: 0.06651868
- VEA_mdd: 0.00000000
- VWO_r1m: 0.08967606
- VWO_r3m: 0.07964519
- VWO_r12m: 0.32981968
- VWO_vol3m: 0.11620385
- VWO_mdd: 0.00000000
- AGG_r1m: -0.00168321
- AGG_r3m: 0.00087501
- AGG_r12m: 0.02717255
- AGG_vol3m: 0.02348980
- AGG_mdd: -0.00729761
- BND_r1m: -0.00243293
- BND_r3m: 0.00088849
- BND_r12m: 0.02992311
- BND_vol3m: 0.02377469
- BND_mdd: -0.00833827
- SHY_r1m: -0.00054858
- SHY_r3m: -0.00402260
- SHY_r12m: 0.00167153
- SHY_vol3m: 0.00628280
- SHY_mdd: -0.00716208
- IEF_r1m: -0.00609315
- IEF_r3m: -0.00576775
- IEF_r12m: 0.01419193
- IEF_vol3m: 0.03399461
- IEF_mdd: -0.05109347
- TLT_r1m: -0.00993497
- TLT_r3m: 0.02065846
- TLT_r12m: 0.05665001
- TLT_vol3m: 0.09730552
- TLT_mdd: -0.09161539
- TIP_r1m: 0.00270342
- TIP_r3m: 0.01174256
- TIP_r12m: 0.02099206
- TIP_vol3m: 0.02835731
- TIP_mdd: -0.01330013
- LQD_r1m: 0.00004459
- LQD_r3m: 0.00613208
- LQD_r12m: 0.05448026
- LQD_vol3m: 0.03805262
- LQD_mdd: -0.00551130
- HYG_r1m: 0.01186418
- HYG_r3m: 0.00621513
- HYG_r12m: 0.06078966
- HYG_vol3m: 0.03349994
- HYG_mdd: 0.00000000
- GLD_r1m: 0.04163898
- GLD_r3m: 0.03991043
- GLD_r12m: 0.11325280
- GLD_vol3m: 0.08823770
- GLD_mdd: -0.32103579
- SLV_r1m: 0.06500327
- SLV_r3m: 0.03377946
- SLV_r12m: 0.02918776
- SLV_vol3m: 0.15591118
- SLV_mdd: -0.65679222
- DBC_r1m: 0.03788810
- DBC_r3m: 0.08015507
- DBC_r12m: 0.05425862
- DBC_vol3m: 0.10863793
- DBC_mdd: -0.47650380
- VNQ_r1m: -0.01394883
- VNQ_r3m: -0.01512844
- VNQ_r12m: 0.00331687
- VNQ_vol3m: 0.09331326
- VNQ_mdd: -0.06172277
- UUP_r1m: -0.01265642
- UUP_r3m: -0.01751023
- UUP_r12m: -0.08533268
- UUP_vol3m: 0.05170730
- UUP_mdd: -0.10177618
- BIL_r1m: 0.00089756
- BIL_r3m: 0.00238621
- BIL_r12m: 0.00711161
- BIL_vol3m: 0.00260695
- BIL_mdd: 0.00000000
- cross_vol: 0.06750052

Assets: SPY, QQQ, IWM, DIA, EFA, EEM, VEA, VWO, AGG, BND, SHY, IEF, TLT, TIP, LQD, HYG, GLD, SLV, DBC, VNQ, UUP, BIL","```json
{
  ""weights"": {
    ""SPY"": 0.125,
    ""QQQ"": 0.180,
    ""IWM"": 0.040,
    ""DIA"": 0.130,
    ""EFA"": 0.160,
    ""EEM"": 0.025,
    ""VEA"": 0.080,
    ""VWO"": 0.070,
    ""AGG"": 0.140,
    ""BND"": 0.135,
    ""SHY"": 0.020,
    ""IEF"": 0.060,
    ""TLT"": 0.085,
    ""TIP"": 0.090,
    ""LQD"": 0.145,
    ""HYG"": 0.030,
    ""GLD"": 0.075,
    ""SLV"": 0.020,
    ""DBC"": 0.065,
    ""VNQ"": 0.010,
    ""UUP"": 0.005,
    ""BIL"": 0.035
  }
}
```",1,0,0,14.68071245891042,429,1,0,0,0,303,8.527130999,2345,stop,[],0,0,0,0,VEA,QQQ,QQQ,0,0,0.3333333333333333,0.8288007388349173,0.21338086593470645,1.0408340855860843e-16,2.6874220530932865e-17,0.563372859025033,0,"{""SPY"":0.0724637681,""QQQ"":0.1043478261,""IWM"":0.0231884058,""DIA"":0.0753623188,""EFA"":0.0927536232,""EEM"":0.0144927536,""VEA"":0.0463768116,""VWO"":0.0405797101,""AGG"":0.0811594203,""BND"":0.0782608696,""SHY"":0.0115942029,""IEF"":0.0347826087,""TLT"":0.0492753623,""TIP"":0.052173913,""LQD"":0.084057971,""HYG"":0.0173913043,""GLD"":0.0434782609,""SLV"":0.0115942029,""DBC"":0.0376811594,""VNQ"":0.0057971014,""UUP"":0.0028985507,""BIL"":0.0202898551}","{""SPY"":0.0724637681,""QQQ"":0.1043478261,""IWM"":0.0231884058,""DIA"":0.0753623188,""EFA"":0.0927536232,""EEM"":0.0144927536,""VEA"":0.0463768116,""VWO"":0.0405797101,""AGG"":0.0811594203,""BND"":0.0782608696,""SHY"":0.0115942029,""IEF"":0.0347826087,""TLT"":0.0492753623,""TIP"":0.052173913,""LQD"":0.084057971,""HYG"":0.0173913043,""GLD"":0.0434782609,""SLV"":0.0115942029,""DBC"":0.0376811594,""VNQ"":0.0057971014,""UUP"":0.0028985507,""BIL"":0.0202898551}","{""SPY"":0.1003794625,""QQQ"":0.077078743,""IWM"":0.0405843638,""DIA"":0.0997963195,""EFA"":0.1068545515,""EEM"":0.0915994498,""VEA"":0.1097708838,""VWO"":0.1029052064,""AGG"":6.938893904e-18,""BND"":6.938893904e-18,""SHY"":6.938893904e-18,""IEF"":6.938893904e-18,""TLT"":6.938893904e-18,""TIP"":0.012712456,""LQD"":0.0001562577,""HYG"":0.0472253165,""GLD"":0.0629255794,""SLV"":0.0555954493,""DBC"":0.0465053198,""VNQ"":6.938893904e-18,""UUP"":6.938893904e-18,""BIL"":0.0459106409}",0,0.9999999999999999,0.10434782608695652,0.002898550724637681,1.1102230246251565e-16,0,0,1.0,0.10434782608695652,0.002898550724637688,1,1,1,288cf201b5e029d910862e71
q1_20260801_011049,model_family_generalization,P5,qwen3.5:4b,P5,,,real_ticker,,2019-05-09,42,10.0,0.6,0.25,1f252cc8ac6b7dfb,"You are a RISK-ADJUSTED RETURN policy profile. Use only the provided feature values. Prefer eligible assets that combine stronger recent returns with lower recent volatility and smaller drawdowns. Assign larger weights to assets that appear to have stronger positive risk-adjusted profiles, smaller weights to middle-ranked assets, and little weight to weak or unstable candidates. Do not default to equal weights unless the provided features show no meaningful distinction across assets. Include every eligible ticker exactly once. Return strictly valid JSON only with a `weights` object whose values are decimals, not percentages.
Hard constraints for the execution layer: long-only weights, weights sum to one, maximum single-asset weight 0.60, and turnover cap 0.25. You propose weights; deterministic projection will enforce final feasibility.

Current Features:
- SPY_r1m: -0.00226275
- SPY_r3m: 0.06582756
- SPY_r12m: 0.09478944
- SPY_vol3m: 0.09580870
- SPY_mdd: -0.02506550
- QQQ_r1m: 0.00157196
- QQQ_r3m: 0.10031644
- QQQ_r12m: 0.12222501
- QQQ_vol3m: 0.11510087
- QQQ_mdd: -0.03317471
- IWM_r1m: 0.00637918
- IWM_r3m: 0.04620456
- IWM_r12m: 0.00182457
- IWM_vol3m: 0.15063857
- IWM_mdd: -0.08942642
- DIA_r1m: -0.01114855
- DIA_r3m: 0.03157495
- DIA_r12m: 0.08486647
- DIA_vol3m: 0.09881017
- DIA_mdd: -0.03017095
- EFA_r1m: -0.01548506
- EFA_r3m: 0.04226925
- EFA_r12m: -0.05779312
- EFA_vol3m: 0.09836946
- EFA_mdd: -0.11163368
- EEM_r1m: -0.05822597
- EEM_r3m: -0.01580192
- EEM_r12m: -0.08156832
- EEM_vol3m: 0.14831093
- EEM_mdd: -0.18138269
- VEA_r1m: -0.01925851
- VEA_r3m: 0.03477293
- VEA_r12m: -0.06538724
- VEA_vol3m: 0.09928218
- VEA_mdd: -0.11909024
- VWO_r1m: -0.05507291
- VWO_r3m: 0.00707782
- VWO_r12m: -0.06262578
- VWO_vol3m: 0.14810608
- VWO_mdd: -0.16526100
- AGG_r1m: 0.00471187
- AGG_r3m: 0.02190375
- AGG_r12m: 0.05988381
- AGG_vol3m: 0.02656927
- AGG_mdd: 0.00000000
- BND_r1m: 0.00502073
- BND_r3m: 0.02210543
- BND_r12m: 0.06044256
- BND_vol3m: 0.02704355
- BND_mdd: 0.00000000
- SHY_r1m: 0.00341133
- SHY_r3m: 0.00951010
- SHY_r12m: 0.03033306
- SHY_vol3m: 0.00900614
- SHY_mdd: 0.00000000
- IEF_r1m: 0.00617405
- IEF_r3m: 0.02254297
- IEF_r12m: 0.07266997
- IEF_vol3m: 0.04312103
- IEF_mdd: -0.01158189
- TLT_r1m: 0.00969710
- TLT_r3m: 0.03195522
- TLT_r12m: 0.08137050
- TLT_vol3m: 0.09062296
- TLT_mdd: -0.06470077
- TIP_r1m: 0.00386182
- TIP_r3m: 0.02118114
- TIP_r12m: 0.02984121
- TIP_vol3m: 0.03277262
- TIP_mdd: -0.00348235
- LQD_r1m: 0.00431460
- LQD_r3m: 0.03283651
- LQD_r12m: 0.07642514
- LQD_vol3m: 0.03862540
- LQD_mdd: -0.00416418
- HYG_r1m: 0.00038877
- HYG_r3m: 0.02725938
- HYG_r12m: 0.06306885
- HYG_vol3m: 0.03112624
- HYG_mdd: -0.00715827
- GLD_r1m: -0.01583439
- GLD_r3m: -0.02052692
- GLD_r12m: -0.02720924
- GLD_vol3m: 0.09454293
- GLD_mdd: -0.34340972
- SLV_r1m: -0.03151259
- SLV_r3m: -0.06364255
- SLV_r12m: -0.10831723
- SLV_vol3m: 0.14470178
- SLV_mdd: -0.70736351
- DBC_r1m: -0.03333334
- DBC_r3m: 0.01228170
- DBC_r12m: -0.10527903
- DBC_vol3m: 0.09239528
- DBC_mdd: -0.50302616
- VNQ_r1m: -0.01093327
- VNQ_r3m: 0.02894010
- VNQ_r12m: 0.15783378
- VNQ_vol3m: 0.11374941
- VNQ_mdd: -0.02396400
- UUP_r1m: 0.00692847
- UUP_r3m: 0.01829493
- UUP_r12m: 0.08056124
- UUP_vol3m: 0.04548472
- UUP_mdd: -0.00875474
- BIL_r1m: 0.00190321
- BIL_r3m: 0.00569870
- BIL_r12m: 0.02028811
- BIL_vol3m: 0.00170460
- BIL_mdd: 0.00000000
- cross_vol: 0.07935877

Assets: SPY, QQQ, IWM, DIA, EFA, EEM, VEA, VWO, AGG, BND, SHY, IEF, TLT, TIP, LQD, HYG, GLD, SLV, DBC, VNQ, UUP, BIL","```json
{
  ""weights"": {
    ""SPY"": 0.15,
    ""QQQ"": 0.28,
    ""IWM"": 0.30,
    ""DIA"": 0.04,
    ""EFA"": 0.06,
    ""EEM"": 0.01,
    ""VEA"": 0.01,
    ""VWO"": 0.02,
    ""AGG"": 0.03,
    ""BND"": 0.04,
    ""SHY"": 0.05,
    ""IEF"": 0.06,
    ""TLT"": 0.18,
    ""TIP"": 0.02,
    ""LQD"": 0.03,
    ""HYG"": 0.04,
    ""GLD"": 0.05,
    ""SLV"": 0.06,
    ""DBC"": 0.18,
    ""VNQ"": 0.29,
    ""UUP"": 0.03,
    ""BIL"": 0.04
  }
}
```",1,0,0,14.150527958059683,407,1,0,0,0,281,7.906172,2345,stop,[],0,0,0,0,BIL,IWM,IWM,0,0,0.0,1.558259905360857,0.5264999973556193,1.1102230246251565e-16,2.7755575615628914e-17,0.8555606829718504,0,"{""SPY"":0.076142132,""QQQ"":0.1421319797,""IWM"":0.152284264,""DIA"":0.0203045685,""EFA"":0.0304568528,""EEM"":0.0050761421,""VEA"":0.0050761421,""VWO"":0.0101522843,""AGG"":0.0152284264,""BND"":0.0203045685,""SHY"":0.0253807107,""IEF"":0.0304568528,""TLT"":0.0913705584,""TIP"":0.0101522843,""LQD"":0.0152284264,""HYG"":0.0203045685,""GLD"":0.0253807107,""SLV"":0.0304568528,""DBC"":0.0913705584,""VNQ"":0.1472081218,""UUP"":0.0152284264,""BIL"":0.0203045685}","{""SPY"":0.076142132,""QQQ"":0.1421319797,""IWM"":0.152284264,""DIA"":0.0203045685,""EFA"":0.0304568528,""EEM"":0.0050761421,""VEA"":0.0050761421,""VWO"":0.0101522843,""AGG"":0.0152284264,""BND"":0.0203045685,""SHY"":0.0253807107,""IEF"":0.0304568528,""TLT"":0.0913705584,""TIP"":0.0101522843,""LQD"":0.0152284264,""HYG"":0.0203045685,""GLD"":0.0253807107,""SLV"":0.0304568528,""DBC"":0.0913705584,""VNQ"":0.1472081218,""UUP"":0.0152284264,""BIL"":0.0203045685}","{""SPY"":1.040834086e-17,""QQQ"":0.0053372906,""IWM"":0.0165495622,""DIA"":1.040834086e-17,""EFA"":1.040834086e-17,""EEM"":1.040834086e-17,""VEA"":1.040834086e-17,""VWO"":1.040834086e-17,""AGG"":0.0693061229,""BND"":0.072553886,""SHY"":0.1480277414,""IEF"":0.0559549446,""TLT"":0.0418177978,""TIP"":0.0460508973,""LQD"":0.0436540546,""HYG"":0.0048811326,""GLD"":1.040834086e-17,""SLV"":1.040834086e-17,""DBC"":1.040834086e-17,""VNQ"":1.040834086e-17,""UUP"":0.059529137,""BIL"":0.4363374328}",0,0.9999999999999999,0.15228426395939085,0.005076142131979696,1.1102230246251565e-16,0,0,1.0,0.15228426395939085,0.005076142131979703,1,1,1,4760b505b4f27283bdc10028
q1_20260801_011049,model_family_generalization,P5,qwen3.5:4b,P5,,,real_ticker,,2019-09-09,42,10.0,0.6,0.25,a9ea6704521703cc,"You are a RISK-ADJUSTED RETURN policy profile. Use only the provided feature values. Prefer eligible assets that combine stronger recent returns with lower recent volatility and smaller drawdowns. Assign larger weights to assets that appear to have stronger positive risk-adjusted profiles, smaller weights to middle-ranked assets, and little weight to weak or unstable candidates. Do not default to equal weights unless the provided features show no meaningful distinction across assets. Include every eligible ticker exactly once. Return strictly valid JSON only with a `weights` object whose values are decimals, not percentages.
Hard constraints for the execution layer: long-only weights, weights sum to one, maximum single-asset weight 0.60, and turnover cap 0.25. You propose weights; deterministic projection will enforce final feasibility.

Current Features:
- SPY_r1m: 0.01559880
- SPY_r3m: 0.03696073
- SPY_r12m: 0.05531090
- SPY_vol3m: 0.15245726
- SPY_mdd: -0.01261500
- QQQ_r1m: 0.01556362
- QQQ_r3m: 0.04620675
- QQQ_r12m: 0.06076174
- QQQ_vol3m: 0.18544344
- QQQ_mdd: -0.02099420
- IWM_r1m: -0.00413043
- IWM_r3m: 0.00458309
- IWM_r12m: -0.09880829
- IWM_vol3m: 0.18791580
- IWM_mdd: -0.11125683
- DIA_r1m: 0.02036345
- DIA_r3m: 0.03594730
- DIA_r12m: 0.05589472
- DIA_vol3m: 0.14781233
- DIA_mdd: -0.01414706
- EFA_r1m: 0.02114214
- EFA_r3m: 0.00572255
- EFA_r12m: 0.01314462
- EFA_vol3m: 0.12316525
- EFA_mdd: -0.09428820
- EEM_r1m: 0.02730921
- EEM_r3m: 0.00205505
- EEM_r12m: 0.01345468
- EEM_vol3m: 0.17022429
- EEM_mdd: -0.18205928
- VEA_r1m: 0.01990553
- VEA_r3m: 0.00451626
- VEA_r12m: -0.00005764
- VEA_vol3m: 0.12376255
- VEA_mdd: -0.10381702
- VWO_r1m: 0.02247468
- VWO_r3m: 0.01055302
- VWO_r12m: 0.04678236
- VWO_vol3m: 0.16334524
- VWO_mdd: -0.15849175
- AGG_r1m: 0.00586412
- AGG_r3m: 0.03388051
- AGG_r12m: 0.09921356
- AGG_vol3m: 0.03621172
- AGG_mdd: -0.00745366
- BND_r1m: 0.00578809
- BND_r3m: 0.03447275
- BND_r12m: 0.09761675
- BND_vol3m: 0.03713430
- BND_mdd: -0.00857290
- SHY_r1m: 0.00089315
- SHY_r3m: 0.00903842
- SHY_r12m: 0.04096814
- SHY_vol3m: 0.01513513
- SHY_mdd: -0.00317307
- IEF_r1m: 0.00523716
- IEF_r3m: 0.04228128
- IEF_r12m: 0.12711646
- IEF_vol3m: 0.05660929
- IEF_mdd: -0.01356704
- TLT_r1m: 0.02225703
- TLT_r3m: 0.10360744
- TLT_r12m: 0.22295633
- TLT_vol3m: 0.13706245
- TLT_mdd: -0.02940985
- TIP_r1m: 0.00093007
- TIP_r3m: 0.02756328
- TIP_r12m: 0.06629759
- TIP_vol3m: 0.04140446
- TIP_mdd: -0.01127424
- LQD_r1m: 0.00938582
- LQD_r3m: 0.05861432
- LQD_r12m: 0.14511201
- LQD_vol3m: 0.05678998
- LQD_mdd: -0.01242885
- HYG_r1m: 0.01427495
- HYG_r3m: 0.02476574
- HYG_r12m: 0.07303114
- HYG_vol3m: 0.05119133
- HYG_mdd: 0.00000000
- GLD_r1m: -0.00239890
- GLD_r3m: 0.12814168
- GLD_r12m: 0.24528799
- GLD_vol3m: 0.16104264
- GLD_mdd: -0.23403217
- SLV_r1m: 0.05915667
- SLV_r3m: 0.22133529
- SLV_r12m: 0.26446276
- SLV_vol3m: 0.23505377
- SLV_mdd: -0.64388488
- DBC_r1m: 0.02968962
- DBC_r3m: 0.00859223
- DBC_r12m: -0.09653945
- DBC_vol3m: 0.15370854
- DBC_mdd: -0.51572025
- VNQ_r1m: 0.02242731
- VNQ_r3m: 0.05820342
- VNQ_r12m: 0.15837078
- VNQ_vol3m: 0.13541878
- VNQ_mdd: -0.00979545
- UUP_r1m: 0.00906017
- UUP_r3m: 0.02531646
- UUP_r12m: 0.07169649
- UUP_vol3m: 0.04901403
- UUP_mdd: -0.00742661
- BIL_r1m: 0.00139906
- BIL_r3m: 0.00501565
- BIL_r12m: 0.02182610
- BIL_vol3m: 0.00216312
- BIL_mdd: 0.00000000
- cross_vol: 0.11009389

Assets: SPY, QQQ, IWM, DIA, EFA, EEM, VEA, VWO, AGG, BND, SHY, IEF, TLT, TIP, LQD, HYG, GLD, SLV, DBC, VNQ, UUP, BIL","```json
{
  ""weights"": {
    ""SPY"": 0.125,
    ""QQQ"": 0.180,
    ""IWM"": 0.040,
    ""DIA"": 0.130,
    ""EFA"": 0.160,
    ""EEM"": 0.025,
    ""VEA"": 0.080,
    ""VWO"": 0.090,
    ""AGG"": 0.140,
    ""BND"": 0.135,
    ""SHY"": 0.020,
    ""IEF"": 0.110,
    ""TLT"": 0.060,
    ""TIP"": 0.070,
    ""LQD"": 0.150,
    ""HYG"": 0.030,
    ""GLD"": 0.045,
    ""SLV"": 0.020,
    ""DBC"": 0.015,
    ""VNQ"": 0.170,
    ""UUP"": 0.085,
    ""BIL"": 0.035
  }
}
```",1,0,0,14.63673916598782,429,1,0,0,0,303,8.520415999,2345,stop,[],0,0,0,0,BIL,QQQ,QQQ,0,0,0.0,0.814168682337689,0.23361595908579302,9.71445146547012e-17,2.5962963631595152e-17,0.5426062188464276,0,"{""SPY"":0.0652741514,""QQQ"":0.0939947781,""IWM"":0.0208877285,""DIA"":0.0678851175,""EFA"":0.0835509138,""EEM"":0.0130548303,""VEA"":0.0417754569,""VWO"":0.046997389,""AGG"":0.0731070496,""BND"":0.0704960836,""SHY"":0.0104438642,""IEF"":0.0574412533,""TLT"":0.0313315927,""TIP"":0.0365535248,""LQD"":0.0783289817,""HYG"":0.0156657963,""GLD"":0.0234986945,""SLV"":0.0104438642,""DBC"":0.0078328982,""VNQ"":0.088772846,""UUP"":0.044386423,""BIL"":0.0182767624}","{""SPY"":0.0652741514,""QQQ"":0.0939947781,""IWM"":0.0208877285,""DIA"":0.0678851175,""EFA"":0.0835509138,""EEM"":0.0130548303,""VEA"":0.0417754569,""VWO"":0.046997389,""AGG"":0.0731070496,""BND"":0.0704960836,""SHY"":0.0104438642,""IEF"":0.0574412533,""TLT"":0.0313315927,""TIP"":0.0365535248,""LQD"":0.0783289817,""HYG"":0.0156657963,""GLD"":0.0234986945,""SLV"":0.0104438642,""DBC"":0.0078328982,""VNQ"":0.088772846,""UUP"":0.044386423,""BIL"":0.0182767624}","{""SPY"":0.0292757398,""QQQ"":0.0240139626,""IWM"":1.734723476e-18,""DIA"":0.0394189902,""EFA"":0.0491162904,""EEM"":0.0459042037,""VEA"":0.0460202741,""VWO"":0.0393687653,""AGG"":0.0463359878,""BND"":0.0445989379,""SHY"":0.0168850052,""IEF"":0.026471134,""TLT"":0.0464636747,""TIP"":0.0064273987,""LQD"":0.0472895495,""HYG"":0.0797890115,""GLD"":1.734723476e-18,""SLV"":0.0720114114,""DBC"":0.0552676954,""VNQ"":0.0473874145,""UUP"":0.0528908493,""BIL"":0.1850637041}",0,1.0,0.09399477806788512,0.007832898172323759,0.0,0,0,1.0,0.09399477806788512,0.007832898172323766,1,1,1,aab87b91e2b0d46cc2051399
q1_20260801_011049,model_family_generalization,P5,qwen3.5:4b,P5,,,real_ticker,,2020-09-08,42,10.0,0.6,0.25,3090bfc687b87e05,"You are a RISK-ADJUSTED RETURN policy profile. Use only the provided feature values. Prefer eligible assets that combine stronger recent returns with lower recent volatility and smaller drawdowns. Assign larger weights to assets that appear to have stronger positive risk-adjusted profiles, smaller weights to middle-ranked assets, and little weight to weak or unstable candidates. Do not default to equal weights unless the provided features show no meaningful distinction across assets. Include every eligible ticker exactly once. Return strictly valid JSON only with a `weights` object whose values are decimals, not percentages.
Hard constraints for the execution layer: long-only weights, weights sum to one, maximum single-asset weight 0.60, and turnover cap 0.25. You propose weights; deterministic projection will enforce final feasibility.

Current Features:
- SPY_r1m: -0.00406501
- SPY_r3m: 0.04328779
- SPY_r12m: 0.13971018
- SPY_vol3m: 0.20520504
- SPY_mdd: -0.06846520
- QQQ_r1m: -0.00559922
- QQQ_r3m: 0.11146477
- QQQ_r12m: 0.42335305
- QQQ_vol3m: 0.26403538
- QQQ_mdd: -0.10836969
- IWM_r1m: -0.04040481
- IWM_r3m: 0.00071060
- IWM_r12m: 0.00081970
- IWM_vol3m: 0.28068665
- IWM_mdd: -0.11052834
- DIA_r1m: 0.00509787
- DIA_r3m: 0.01337278
- DIA_r12m: 0.04793963
- DIA_vol3m: 0.22570523
- DIA_mdd: -0.05542039
- EFA_r1m: 0.00157158
- EFA_r3m: 0.01292397
- EFA_r12m: 0.00993209
- EFA_vol3m: 0.19770643
- EFA_mdd: -0.08529258
- EEM_r1m: -0.00683839
- EEM_r3m: 0.07172398
- EEM_r12m: 0.08165509
- EEM_vol3m: 0.22189815
- EEM_mdd: -0.11527026
- VEA_r1m: 0.00219724
- VEA_r3m: 0.02329228
- VEA_r12m: 0.02803228
- VEA_vol3m: 0.19482345
- VEA_mdd: -0.07869497
- VWO_r1m: -0.00391327
- VWO_r3m: 0.07643231
- VWO_r12m: 0.07836677
- VWO_vol3m: 0.22059811
- VWO_mdd: -0.09254547
- AGG_r1m: -0.00841405
- AGG_r3m: 0.01429156
- AGG_r12m: 0.06969416
- AGG_vol3m: 0.02612786
- AGG_mdd: -0.01007155
- BND_r1m: -0.00969902
- BND_r3m: 0.01547233
- BND_r12m: 0.07246418
- BND_vol3m: 0.02784548
- BND_mdd: -0.01080567
- SHY_r1m: -0.00047408
- SHY_r3m: 0.00138659
- SHY_r12m: 0.03427634
- SHY_vol3m: 0.00363679
- SHY_mdd: -0.00081970
- IEF_r1m: -0.00580908
- IEF_r3m: 0.01410812
- IEF_r12m: 0.09544497
- IEF_vol3m: 0.03454413
- IEF_mdd: -0.01009069
- TLT_r1m: -0.03505451
- TLT_r3m: 0.03665568
- TLT_r12m: 0.16348307
- TLT_vol3m: 0.12845816
- TLT_mdd: -0.04456007
- TIP_r1m: 0.00174338
- TIP_r3m: 0.04290780
- TIP_r12m: 0.09241353
- TIP_vol3m: 0.03463938
- TIP_mdd: -0.00558643
- LQD_r1m: -0.02439783
- LQD_r3m: 0.02686337
- LQD_r12m: 0.09467231
- LQD_vol3m: 0.06910272
- LQD_mdd: -0.02713238
- HYG_r1m: -0.00953089
- HYG_r3m: 0.01375316
- HYG_r12m: 0.01262807
- HYG_vol3m: 0.08909565
- HYG_mdd: -0.02055090
- GLD_r1m: -0.04989259
- GLD_r3m: 0.12420935
- GLD_r12m: 0.28219813
- GLD_vol3m: 0.18964211
- GLD_mdd: -0.06498533
- SLV_r1m: -0.05498284
- SLV_r3m: 0.50730815
- SLV_r12m: 0.47058824
- SLV_vol3m: 0.55145241
- SLV_mdd: -0.47630129
- DBC_r1m: -0.02657555
- DBC_r3m: 0.04397402
- DBC_r12m: -0.14643738
- DBC_vol3m: 0.16081489
- DBC_mdd: -0.58663691
- VNQ_r1m: -0.01808427
- VNQ_r3m: -0.04275215
- VNQ_r12m: -0.09796688
- VNQ_vol3m: 0.24481293
- VNQ_mdd: -0.17305706
- UUP_r1m: -0.00039628
- UUP_r3m: -0.03223315
- UUP_r12m: -0.03760204
- UUP_vol3m: 0.06097549
- UUP_mdd: -0.10217167
- BIL_r1m: 0.00000000
- BIL_r3m: 0.00010953
- BIL_r12m: 0.00932154
- BIL_vol3m: 0.00130517
- BIL_mdd: -0.00058917
- cross_vol: 0.15605053

Assets: SPY, QQQ, IWM, DIA, EFA, EEM, VEA, VWO, AGG, BND, SHY, IEF, TLT, TIP, LQD, HYG, GLD, SLV, DBC, VNQ, UUP, BIL","```json
{
  ""weights"": {
    ""SPY"": 0.15,
    ""QQQ"": 0.28,
    ""IWM"": 0.04,
    ""DIA"": 0.16,
    ""EFA"": 0.13,
    ""EEM"": 0.02,
    ""VEA"": 0.05,
    ""VWO"": 0.08,
    ""AGG"": 0.09,
    ""BND"": 0.07,
    ""SHY"": 0.14,
    ""IEF"": 0.06,
    ""TLT"": 0.03,
    ""TIP"": 0.05,
    ""LQD"": 0.08,
    ""HYG"": 0.02,
    ""GLD"": 0.17,
    ""SLV"": 0.04,
    ""DBC"": 0.01,
    ""VNQ"": 0.03,
    ""UUP"": 0.05,
    ""BIL"": 0.28
  }
}
```",1,0,0,14.030822457978502,407,1,0,0,0,281,7.909552,2345,stop,[],0,0,0,0,TIP,QQQ,QQQ,0,0,0.0,1.61576354679803,0.6117253872604131,1.8214596497756474e-16,4.2668555758937507e-17,0.6542767577250336,0,"{""SPY"":0.0738916256,""QQQ"":0.1379310345,""IWM"":0.0197044335,""DIA"":0.078817734,""EFA"":0.0640394089,""EEM"":0.0098522167,""VEA"":0.0246305419,""VWO"":0.039408867,""AGG"":0.0443349754,""BND"":0.0344827586,""SHY"":0.0689655172,""IEF"":0.0295566502,""TLT"":0.0147783251,""TIP"":0.0246305419,""LQD"":0.039408867,""HYG"":0.0098522167,""GLD"":0.0837438424,""SLV"":0.0197044335,""DBC"":0.0049261084,""VNQ"":0.0147783251,""UUP"":0.0246305419,""BIL"":0.1379310345}","{""SPY"":0.0738916256,""QQQ"":0.1379310345,""IWM"":0.0197044335,""DIA"":0.078817734,""EFA"":0.0640394089,""EEM"":0.0098522167,""VEA"":0.0246305419,""VWO"":0.039408867,""AGG"":0.0443349754,""BND"":0.0344827586,""SHY"":0.0689655172,""IEF"":0.0295566502,""TLT"":0.0147783251,""TIP"":0.0246305419,""LQD"":0.039408867,""HYG"":0.0098522167,""GLD"":0.0837438424,""SLV"":0.0197044335,""DBC"":0.0049261084,""VNQ"":0.0147783251,""UUP"":0.0246305419,""BIL"":0.1379310345}","{""SPY"":3.469446952e-18,""QQQ"":3.469446952e-18,""IWM"":3.469446952e-18,""DIA"":0.2451230728,""EFA"":0.086268504,""EEM"":3.469446952e-18,""VEA"":0.1223975724,""VWO"":3.469446952e-18,""AGG"":3.469446952e-18,""BND"":3.469446952e-18,""SHY"":3.469446952e-18,""IEF"":3.469446952e-18,""TLT"":3.469446952e-18,""TIP"":0.5462108508,""LQD"":3.469446952e-18,""HYG"":3.469446952e-18,""GLD"":3.469446952e-18,""SLV"":3.469446952e-18,""DBC"":3.469446952e-18,""VNQ"":3.469446952e-18,""UUP"":3.469446952e-18,""BIL"":3.469446952e-18}",0,1.0,0.13793103448275865,0.0049261083743842365,0.0,0,0,1.0,0.13793103448275865,0.004926108374384245,1,1,1,a5e9d949fc88fc5a75ff97f7
q1_20260801_011049,model_family_generalization,P5,qwen3.5:4b,P5,,,real_ticker,,2021-09-08,42,10.0,0.6,0.25,871ed8a461908718,"You are a RISK-ADJUSTED RETURN policy profile. Use only the provided feature values. Prefer eligible assets that combine stronger recent returns with lower recent volatility and smaller drawdowns. Assign larger weights to assets that appear to have stronger positive risk-adjusted profiles, smaller weights to middle-ranked assets, and little weight to weak or unstable candidates. Do not default to equal weights unless the provided features show no meaningful distinction across assets. Include every eligible ticker exactly once. Return strictly valid JSON only with a `weights` object whose values are decimals, not percentages.
Hard constraints for the execution layer: long-only weights, weights sum to one, maximum single-asset weight 0.60, and turnover cap 0.25. You propose weights; deterministic projection will enforce final feasibility.

Current Features:
- SPY_r1m: 0.01985833
- SPY_r3m: 0.07289284
- SPY_r12m: 0.37338641
- SPY_vol3m: 0.09329927
- SPY_mdd: -0.00503091
- QQQ_r1m: 0.03267948
- QQQ_r3m: 0.13175881
- QQQ_r12m: 0.41654025
- QQQ_vol3m: 0.10118020
- QQQ_mdd: -0.00348065
- IWM_r1m: 0.00792218
- IWM_r3m: -0.03061995
- IWM_r12m: 0.50966423
- IWM_vol3m: 0.18821418
- IWM_mdd: -0.04155746
- DIA_r1m: 0.00055320
- DIA_r3m: 0.02109900
- DIA_r12m: 0.29591187
- DIA_vol3m: 0.10619576
- DIA_mdd: -0.01465518
- EFA_r1m: 0.01507418
- EFA_r3m: 0.01106864
- EFA_r12m: 0.30858368
- EFA_vol3m: 0.11569793
- EFA_mdd: -0.00791411
- EEM_r1m: 0.01036253
- EEM_r3m: -0.04340568
- EEM_r12m: 0.22623900
- EEM_vol3m: 0.16391210
- EEM_mdd: -0.08763750
- VEA_r1m: 0.01263150
- VEA_r3m: 0.00733275
- VEA_r12m: 0.32395589
- VEA_vol3m: 0.11790166
- VEA_mdd: -0.00973250
- VWO_r1m: 0.02118563
- VWO_r3m: -0.03126184
- VWO_r12m: 0.24156469
- VWO_vol3m: 0.16112787
- VWO_mdd: -0.06383959
- AGG_r1m: 0.00274071
- AGG_r3m: 0.01026080
- AGG_r12m: -0.00321528
- AGG_vol3m: 0.03189885
- AGG_mdd: -0.01325445
- BND_r1m: 0.00261083
- BND_r3m: 0.01066155
- BND_r12m: -0.00360139
- BND_vol3m: 0.03398786
- BND_mdd: -0.01436814
- SHY_r1m: 0.00061493
- SHY_r3m: -0.00037073
- SHY_r12m: 0.00031190
- SHY_vol3m: 0.00554247
- SHY_mdd: -0.00089190
- IEF_r1m: 0.00136867
- IEF_r3m: 0.01493862
- IEF_r12m: -0.03251401
- IEF_vol3m: 0.05022075
- IEF_mdd: -0.04227661
- TLT_r1m: 0.00589556
- TLT_r3m: 0.04800597
- TLT_r12m: -0.08327367
- TLT_vol3m: 0.13067823
- TLT_mdd: -0.12412306
- TIP_r1m: 0.00758789
- TIP_r3m: 0.03147579
- TIP_r12m: 0.05903503
- TIP_vol3m: 0.04188241
- TIP_mdd: -0.00210085
- LQD_r1m: 0.00696212
- LQD_r3m: 0.01918118
- LQD_r12m: 0.02161105
- LQD_vol3m: 0.05166187
- LQD_mdd: -0.00965665
- HYG_r1m: 0.01118633
- HYG_r3m: 0.01492004
- HYG_r12m: 0.09259816
- HYG_vol3m: 0.03042406
- HYG_mdd: -0.00147708
- GLD_r1m: 0.03444220
- GLD_r3m: -0.05475196
- GLD_r12m: -0.07722434
- GLD_vol3m: 0.13736721
- GLD_mdd: -0.13719122
- SLV_r1m: 0.01931035
- SLV_r3m: -0.14003105
- SLV_r12m: -0.10424242
- SLV_vol3m: 0.22962251
- SLV_mdd: -0.53089291
- DBC_r1m: 0.02721446
- DBC_r3m: 0.00208224
- DBC_r12m: 0.50156014
- DBC_vol3m: 0.20321494
- DBC_mdd: -0.37931046
- VNQ_r1m: 0.03648695
- VNQ_r3m: 0.05970770
- VNQ_r12m: 0.41321629
- VNQ_vol3m: 0.12674304
- VNQ_mdd: -0.00631069
- UUP_r1m: -0.00360297
- UUP_r3m: 0.02639166
- UUP_r12m: -0.01308490
- UUP_vol3m: 0.05010014
- UUP_mdd: -0.11391967
- BIL_r1m: -0.00021859
- BIL_r3m: -0.00021859
- BIL_r12m: -0.00095050
- BIL_vol3m: 0.00149376
- BIL_mdd: -0.00153911
- cross_vol: 0.09874396

Assets: SPY, QQQ, IWM, DIA, EFA, EEM, VEA, VWO, AGG, BND, SHY, IEF, TLT, TIP, LQD, HYG, GLD, SLV, DBC, VNQ, UUP, BIL","```json
{
  ""weights"": {
    ""SPY"": 0.185,
    ""QQQ"": 0.240,
    ""IWM"": 0.060,
    ""DIA"": 0.130,
    ""EFA"": 0.110,
    ""VEA"": 0.085,
    ""VWO"": 0.075,
    ""AGG"": 0.045,
    ""BND"": 0.035,
    ""SHY"": 0.020,
    ""IEF"": 0.018,
    ""TLT"": 0.015,
    ""TIP"": 0.040,
    ""LQD"": 0.035,
    ""HYG"": 0.025,
    ""GLD"": 0.018,
    ""SLV"": 0.010,
    ""DBC"": 0.045,
    ""VNQ"": 0.160,
    ""UUP"": 0.030,
    ""BIL"": 0.027
  }
}
```",1,0,0,14.280288540991023,411,1,0,0,0,290,8.186295,2345,stop,[],1,0,0,0,HYG,QQQ,QQQ,0,0,0.6666666666666666,0.6888719393942608,0.2003168408020636,7.28583859910259e-17,1.9317063097816575e-17,0.762784090909091,0,"{""SPY"":0.1313920455,""QQQ"":0.1704545455,""IWM"":0.0426136364,""DIA"":0.0923295455,""EFA"":0.078125,""EEM"":0.0,""VEA"":0.0603693182,""VWO"":0.0532670455,""AGG"":0.0319602273,""BND"":0.0248579545,""SHY"":0.0142045455,""IEF"":0.0127840909,""TLT"":0.0106534091,""TIP"":0.0284090909,""LQD"":0.0248579545,""HYG"":0.0177556818,""GLD"":0.0127840909,""SLV"":0.0071022727,""DBC"":0.0319602273,""VNQ"":0.1136363636,""UUP"":0.0213068182,""BIL"":0.0191761364}","{""SPY"":0.1313920455,""QQQ"":0.1704545455,""IWM"":0.0426136364,""DIA"":0.0923295455,""EFA"":0.078125,""EEM"":0.0,""VEA"":0.0603693182,""VWO"":0.0532670455,""AGG"":0.0319602273,""BND"":0.0248579545,""SHY"":0.0142045455,""IEF"":0.0127840909,""TLT"":0.0106534091,""TIP"":0.0284090909,""LQD"":0.0248579545,""HYG"":0.0177556818,""GLD"":0.0127840909,""SLV"":0.0071022727,""DBC"":0.0319602273,""VNQ"":0.1136363636,""UUP"":0.0213068182,""BIL"":0.0191761364}","{""SPY"":0.0759741288,""QQQ"":0.1152871466,""IWM"":0.0150242775,""DIA"":0.001859412,""EFA"":0.0465060391,""EEM"":0.0225660833,""VEA"":0.0382416199,""VWO"":0.046932312,""AGG"":0.0306682804,""BND"":0.0274192843,""SHY"":0.0396025541,""IEF"":0.0097278149,""TLT"":0.0161036116,""TIP"":0.0646681983,""LQD"":0.0481030596,""HYG"":0.1312417092,""GLD"":0.0894971144,""SLV"":0.0300176656,""DBC"":0.0478019166,""VNQ"":0.1027577719,""UUP"":8.67361738e-18,""BIL"":8.67361738e-18}",0,1.0000000000000002,0.17045454545454547,0.0,2.220446049250313e-16,0,0,1.0,0.17045454545454547,0.0,1,1,1,9c4a71722e98b1b3dc7be933
q1_20260801_011049,model_family_generalization,P5,qwen3.5:4b,P5,,,real_ticker,,2022-03-09,42,10.0,0.6,0.25,6120baee38f852dc,"You are a RISK-ADJUSTED RETURN policy profile. Use only the provided feature values. Prefer eligible assets that combine stronger recent returns with lower recent volatility and smaller drawdowns. Assign larger weights to assets that appear to have stronger positive risk-adjusted profiles, smaller weights to middle-ranked assets, and little weight to weak or unstable candidates. Do not default to equal weights unless the provided features show no meaningful distinction across assets. Include every eligible ticker exactly once. Return strictly valid JSON only with a `weights` object whose values are decimals, not percentages.
Hard constraints for the execution layer: long-only weights, weights sum to one, maximum single-asset weight 0.60, and turnover cap 0.25. You propose weights; deterministic projection will enforce final feasibility.

Current Features:
- SPY_r1m: -0.04438135
- SPY_r3m: -0.08407032
- SPY_r12m: 0.11172847
- SPY_vol3m: 0.20252318
- SPY_mdd: -0.10529411
- QQQ_r1m: -0.05671154
- QQQ_r3m: -0.15688145
- QQQ_r12m: 0.08274543
- QQQ_vol3m: 0.28963811
- QQQ_mdd: -0.16974819
- IWM_r1m: 0.00461474
- IWM_r3m: -0.10357699
- IWM_r12m: -0.11020515
- IWM_vol3m: 0.26033700
- IWM_mdd: -0.17179913
- DIA_r1m: -0.04843472
- DIA_r3m: -0.06421161
- DIA_r12m: 0.04854007
- DIA_vol3m: 0.16196427
- DIA_mdd: -0.09165628
- EFA_r1m: -0.07821542
- EFA_r3m: -0.09823133
- EFA_r12m: -0.04097428
- EFA_vol3m: 0.20041109
- EFA_mdd: -0.12809642
- EEM_r1m: -0.08752074
- EEM_r3m: -0.10206526
- EEM_r12m: -0.15245857
- EEM_vol3m: 0.20561343
- EEM_mdd: -0.22074747
- VEA_r1m: -0.06680164
- VEA_r3m: -0.08992161
- VEA_r12m: -0.03083520
- VEA_vol3m: 0.19018792
- VEA_mdd: -0.12045210
- VWO_r1m: -0.08104258
- VWO_r3m: -0.08328381
- VWO_r12m: -0.10722423
- VWO_vol3m: 0.19600896
- VWO_mdd: -0.17423364
- AGG_r1m: -0.01328900
- AGG_r3m: -0.04385671
- AGG_r12m: -0.03075102
- AGG_vol3m: 0.05690983
- AGG_mdd: -0.06237999
- BND_r1m: -0.01427066
- BND_r3m: -0.04550562
- BND_r12m: -0.03009691
- BND_vol3m: 0.05783658
- BND_mdd: -0.06479311
- SHY_r1m: -0.00501753
- SHY_r3m: -0.01373547
- SHY_r12m: -0.02057068
- SHY_vol3m: 0.01897780
- SHY_mdd: -0.02190961
- IEF_r1m: -0.00026818
- IEF_r3m: -0.03408016
- IEF_r12m: -0.02315617
- IEF_vol3m: 0.07932245
- IEF_mdd: -0.08497288
- TLT_r1m: -0.01796737
- TLT_r3m: -0.09307900
- TLT_r12m: -0.01033186
- TLT_vol3m: 0.17035555
- TLT_mdd: -0.18611123
- TIP_r1m: 0.03431860
- TIP_r3m: 0.00006570
- TIP_r12m: 0.06604091
- TIP_vol3m: 0.07644227
- TIP_mdd: -0.01013066
- LQD_r1m: -0.03031521
- LQD_r3m: -0.08457962
- LQD_r12m: -0.04382693
- LQD_vol3m: 0.08460734
- LQD_mdd: -0.09633590
- HYG_r1m: -0.01430213
- HYG_r3m: -0.04313311
- HYG_r12m: -0.00917384
- HYG_vol3m: 0.06229552
- HYG_mdd: -0.05087691
- GLD_r1m: 0.09235205
- GLD_r3m: 0.11396205
- GLD_r12m: 0.14944948
- GLD_vol3m: 0.14872077
- GLD_mdd: -0.04162150
- SLV_r1m: 0.11894681
- SLV_r3m: 0.14368092
- SLV_r12m: -0.02138160
- SLV_vol3m: 0.23144544
- SLV_mdd: -0.49640288
- DBC_r1m: 0.12937067
- DBC_r3m: 0.28301893
- DBC_r12m: 0.49883991
- DBC_vol3m: 0.24939108
- DBC_mdd: -0.16682507
- VNQ_r1m: -0.00600748
- VNQ_r3m: -0.05412442
- VNQ_r12m: 0.20409103
- VNQ_vol3m: 0.19104449
- VNQ_mdd: -0.10145679
- UUP_r1m: 0.02660402
- UUP_r3m: 0.01626642
- UUP_r12m: 0.06105939
- UUP_vol3m: 0.06435584
- UUP_mdd: -0.06585990
- BIL_r1m: 0.00035040
- BIL_r3m: 0.00013173
- BIL_r12m: -0.00063330
- BIL_vol3m: 0.00173315
- BIL_mdd: -0.00162611
- cross_vol: 0.14546009

Assets: SPY, QQQ, IWM, DIA, EFA, EEM, VEA, VWO, AGG, BND, SHY, IEF, TLT, TIP, LQD, HYG, GLD, SLV, DBC, VNQ, UUP, BIL","```json
{
  ""weights"": {
    ""SPY"": 0.12,
    ""QQQ"": 0.08,
    ""IWM"": 0.05,
    ""DIA"": 0.14,
    ""EFA"": 0.13,
    ""VEA"": 0.16,
    ""VWO"": 0.17,
    ""AGG"": 0.28,
    ""BND"": 0.25,
    ""SHY"": 0.04,
    ""IEF"": 0.03,
    ""TLT"": 0.06,
    ""TIP"": 0.19,
    ""LQD"": 0.18,
    ""HYG"": 0.27,
    ""GLD"": 0.15,
    ""SLV"": 0.04,
    ""DBC"": 0.36,
    ""VNQ"": 0.19,
    ""UUP"": 0.18,
    ""BIL"": 0.27
  }
}
```",1,0,0,13.72174962493591,390,1,0,0,0,269,7.569449,2345,stop,[],1,0,0,0,GLD,DBC,DBC,0,0,0.3333333333333333,1.2883505686261607,0.35736658200414334,2.0383000842727375e-16,4.5310831082337846e-17,0.4970059880239521,0,"{""SPY"":0.0359281437,""QQQ"":0.0239520958,""IWM"":0.0149700599,""DIA"":0.0419161677,""EFA"":0.0389221557,""EEM"":0.0,""VEA"":0.0479041916,""VWO"":0.0508982036,""AGG"":0.0838323353,""BND"":0.0748502994,""SHY"":0.0119760479,""IEF"":0.0089820359,""TLT"":0.0179640719,""TIP"":0.0568862275,""LQD"":0.0538922156,""HYG"":0.0808383234,""GLD"":0.0449101796,""SLV"":0.0119760479,""DBC"":0.1077844311,""VNQ"":0.0568862275,""UUP"":0.0538922156,""BIL"":0.0808383234}","{""SPY"":0.0359281437,""QQQ"":0.0239520958,""IWM"":0.0149700599,""DIA"":0.0419161677,""EFA"":0.0389221557,""EEM"":9.540979118e-18,""VEA"":0.0479041916,""VWO"":0.0508982036,""AGG"":0.0838323353,""BND"":0.0748502994,""SHY"":0.0119760479,""IEF"":0.0089820359,""TLT"":0.0179640719,""TIP"":0.0568862275,""LQD"":0.0538922156,""HYG"":0.0808383234,""GLD"":0.0449101796,""SLV"":0.0119760479,""DBC"":0.1077844311,""VNQ"":0.0568862275,""UUP"":0.0538922156,""BIL"":0.0808383234}","{""SPY"":3.577867169e-18,""QQQ"":3.577867169e-18,""IWM"":0.0064790791,""DIA"":3.577867169e-18,""EFA"":3.577867169e-18,""EEM"":3.577867169e-18,""VEA"":3.577867169e-18,""VWO"":3.577867169e-18,""AGG"":3.577867169e-18,""BND"":3.577867169e-18,""SHY"":3.577867169e-18,""IEF"":3.577867169e-18,""TLT"":3.577867169e-18,""TIP"":0.1640958294,""LQD"":3.577867169e-18,""HYG"":3.577867169e-18,""GLD"":0.2269742047,""SLV"":0.1878476641,""DBC"":0.1896079457,""VNQ"":3.577867169e-18,""UUP"":0.1510987423,""BIL"":0.0738965348}",0,0.9999999999999999,0.10778443113772455,0.0,1.1102230246251565e-16,0,0,1.0,0.10778443113772457,9.540979117871339e-18,1,1,1,f84b3b35551ccb40ebd933e8
q1_20260801_011049,model_family_generalization,P5,qwen3.5:4b,P5,,,real_ticker,,2022-09-08,42,10.0,0.6,0.25,fc48aff680ddc6bc,"You are a RISK-ADJUSTED RETURN policy profile. Use only the provided feature values. Prefer eligible assets that combine stronger recent returns with lower recent volatility and smaller drawdowns. Assign larger weights to assets that appear to have stronger positive risk-adjusted profiles, smaller weights to middle-ranked assets, and little weight to weak or unstable candidates. Do not default to equal weights unless the provided features show no meaningful distinction across assets. Include every eligible ticker exactly once. Return strictly valid JSON only with a `weights` object whose values are decimals, not percentages.
Hard constraints for the execution layer: long-only weights, weights sum to one, maximum single-asset weight 0.60, and turnover cap 0.25. You propose weights; deterministic projection will enforce final feasibility.

Current Features:
- SPY_r1m: -0.02666846
- SPY_r3m: -0.02215497
- SPY_r12m: -0.09943763
- SPY_vol3m: 0.23334002
- SPY_mdd: -0.15564101
- QQQ_r1m: -0.05222654
- QQQ_r3m: -0.02126638
- QQQ_r12m: -0.20639307
- QQQ_vol3m: 0.30062486
- QQQ_mdd: -0.25282572
- IWM_r1m: -0.03407115
- IWM_r3m: -0.01998317
- IWM_r12m: -0.17078583
- IWM_vol3m: 0.26842658
- IWM_mdd: -0.23682050
- DIA_r1m: -0.02761675
- DIA_r3m: -0.02931233
- DIA_r12m: -0.07602468
- DIA_vol3m: 0.19073397
- DIA_mdd: -0.12456137
- EFA_r1m: -0.06048444
- EFA_r3m: -0.10075014
- EFA_r12m: -0.22127537
- EFA_vol3m: 0.20465499
- EFA_mdd: -0.22743829
- EEM_r1m: -0.03828840
- EEM_r3m: -0.09784504
- EEM_r12m: -0.25294165
- EEM_vol3m: 0.18969795
- EEM_mdd: -0.31841198
- VEA_r1m: -0.05829594
- VEA_r3m: -0.10266643
- VEA_r12m: -0.21980589
- VEA_vol3m: 0.20694315
- VEA_mdd: -0.22739913
- VWO_r1m: -0.02174952
- VWO_r3m: -0.07441980
- VWO_r12m: -0.20659713
- VWO_vol3m: 0.18001082
- VWO_mdd: -0.25724764
- AGG_r1m: -0.02872679
- AGG_r3m: -0.01753442
- AGG_r12m: -0.12091750
- AGG_vol3m: 0.08604512
- AGG_mdd: -0.13256925
- BND_r1m: -0.02829506
- BND_r3m: -0.01772059
- BND_r12m: -0.12253615
- BND_vol3m: 0.08549383
- BND_mdd: -0.13514367
- SHY_r1m: -0.00266827
- SHY_r3m: -0.00655956
- SHY_r12m: -0.04090586
- SHY_vol3m: 0.02721211
- SHY_mdd: -0.04176128
- IEF_r1m: -0.03872633
- IEF_r3m: -0.01606834
- IEF_r12m: -0.13535478
- IEF_vol3m: 0.11094741
- IEF_mdd: -0.17190905
- TLT_r1m: -0.08136023
- TLT_r3m: -0.04723831
- TLT_r12m: -0.25580122
- TLT_vol3m: 0.20641409
- TLT_mdd: -0.34817345
- TIP_r1m: -0.02733013
- TIP_r3m: -0.02880464
- TIP_r12m: -0.07503159
- TIP_vol3m: 0.09564492
- TIP_mdd: -0.09339167
- LQD_r1m: -0.04008782
- LQD_r3m: -0.02984174
- LQD_r12m: -0.17641262
- LQD_vol3m: 0.12697523
- LQD_mdd: -0.18469943
- HYG_r1m: -0.02124809
- HYG_r3m: -0.01339855
- HYG_r12m: -0.10065134
- HYG_vol3m: 0.14705605
- HYG_mdd: -0.10604838
- GLD_r1m: -0.04916269
- GLD_r3m: -0.07987037
- GLD_r12m: -0.04967421
- GLD_vol3m: 0.13524207
- GLD_mdd: -0.18005056
- SLV_r1m: -0.10036976
- SLV_r3m: -0.16314495
- SLV_r12m: -0.23184481
- SLV_vol3m: 0.27541544
- SLV_mdd: -0.63965296
- DBC_r1m: -0.02718685
- DBC_r3m: -0.18996065
- DBC_r12m: 0.28259731
- DBC_vol3m: 0.28020090
- DBC_mdd: -0.20390527
- VNQ_r1m: -0.04010535
- VNQ_r3m: -0.01686492
- VNQ_r12m: -0.11625079
- VNQ_vol3m: 0.22627040
- VNQ_mdd: -0.17329785
- UUP_r1m: 0.03411885
- UUP_r3m: 0.07260121
- UUP_r12m: 0.18119728
- UUP_vol3m: 0.08898665
- UUP_mdd: -0.00507611
- BIL_r1m: 0.00206842
- BIL_r3m: 0.00360400
- BIL_r12m: 0.00396624
- BIL_vol3m: 0.00214241
- BIL_mdd: 0.00000000
- cross_vol: 0.16674904

Assets: SPY, QQQ, IWM, DIA, EFA, EEM, VEA, VWO, AGG, BND, SHY, IEF, TLT, TIP, LQD, HYG, GLD, SLV, DBC, VNQ, UUP, BIL","```json
{
  ""weights"": {
    ""SPY"": 0.12,
    ""QQQ"": 0.08,
    ""IWM"": 0.05,
    ""DIA"": 0.14,
    ""EFA"": 0.09,
    ""EEM"": 0.03,
    ""VEA"": 0.06,
    ""VWO"": 0.07,
    ""AGG"": 0.25,
    ""BND"": 0.18,
    ""SHY"": 0.19,
    ""IEF"": 0.04,
    ""TLT"": 0.03,
    ""TIP"": 0.06,
    ""LQD"": 0.05,
    ""HYG"": 0.02,
    ""GLD"": 0.11,
    ""SLV"": 0.01,
    ""DBC"": 0.04,
    ""VNQ"": 0.08,
    ""UUP"": 0.07,
    ""BIL"": 0.25
  }
}
```",1,0,0,14.052201416809112,407,1,0,0,0,281,7.917615,2345,stop,[],0,0,0,0,BIL,AGG,AGG,0,0,0.3333333333333333,1.4638087811209033,0.5807531170709296,9.020562075079397e-17,2.275068510076278e-17,0.5913591359135913,0,"{""SPY"":0.0594059406,""QQQ"":0.0396039604,""IWM"":0.0247524752,""DIA"":0.0693069307,""EFA"":0.0445544554,""EEM"":0.0148514851,""VEA"":0.0297029703,""VWO"":0.0346534653,""AGG"":0.1237623762,""BND"":0.0891089109,""SHY"":0.0940594059,""IEF"":0.0198019802,""TLT"":0.0148514851,""TIP"":0.0297029703,""LQD"":0.0247524752,""HYG"":0.0099009901,""GLD"":0.0544554455,""SLV"":0.004950495,""DBC"":0.0198019802,""VNQ"":0.0396039604,""UUP"":0.0346534653,""BIL"":0.1237623762}","{""SPY"":0.0594059406,""QQQ"":0.0396039604,""IWM"":0.0247524752,""DIA"":0.0693069307,""EFA"":0.0445544554,""EEM"":0.0148514851,""VEA"":0.0297029703,""VWO"":0.0346534653,""AGG"":0.1237623762,""BND"":0.0891089109,""SHY"":0.0940594059,""IEF"":0.0198019802,""TLT"":0.0148514851,""TIP"":0.0297029703,""LQD"":0.0247524752,""HYG"":0.0099009901,""GLD"":0.0544554455,""SLV"":0.004950495,""DBC"":0.0198019802,""VNQ"":0.0396039604,""UUP"":0.0346534653,""BIL"":0.1237623762}","{""SPY"":0.005512067,""QQQ"":0.005512067,""IWM"":0.005512067,""DIA"":0.005512067,""EFA"":0.005512067,""EEM"":0.005512067,""VEA"":0.005512067,""VWO"":0.005512067,""AGG"":0.005512067,""BND"":0.005512067,""SHY"":0.005512067,""IEF"":0.005512067,""TLT"":0.005512067,""TIP"":0.005512067,""LQD"":0.005512067,""HYG"":0.005512067,""GLD"":0.005512067,""SLV"":0.005512067,""DBC"":0.005512067,""VNQ"":0.005512067,""UUP"":0.2897586602,""BIL"":0.6}",0,1.0,0.12376237623762376,0.0049504950495049506,0.0,0,0,1.0,0.12376237623762376,0.004950495049504956,1,1,1,9c971db6725e09ac44742c8d
q1_20260801_011049,model_family_generalization,P5,qwen3.5:4b,P5,,,real_ticker,,2023-07-12,42,10.0,0.6,0.25,6d5b3799ebebab80,"You are a RISK-ADJUSTED RETURN policy profile. Use only the provided feature values. Prefer eligible assets that combine stronger recent returns with lower recent volatility and smaller drawdowns. Assign larger weights to assets that appear to have stronger positive risk-adjusted profiles, smaller weights to middle-ranked assets, and little weight to weak or unstable candidates. Do not default to equal weights unless the provided features show no meaningful distinction across assets. Include every eligible ticker exactly once. Return strictly valid JSON only with a `weights` object whose values are decimals, not percentages.
Hard constraints for the execution layer: long-only weights, weights sum to one, maximum single-asset weight 0.60, and turnover cap 0.25. You propose weights; deterministic projection will enforce final feasibility.

Current Features:
- SPY_r1m: 0.04135081
- SPY_r3m: 0.09264098
- SPY_r12m: 0.17977107
- SPY_vol3m: 0.11872148
- SPY_mdd: -0.04403110
- QQQ_r1m: 0.05312102
- QQQ_r3m: 0.18206464
- QQQ_r12m: 0.29905209
- QQQ_vol3m: 0.16468095
- QQQ_mdd: -0.06645958
- IWM_r1m: 0.03696696
- IWM_r3m: 0.08615429
- IWM_r12m: 0.13335945
- IWM_vol3m: 0.19053999
- IWM_mdd: -0.18989474
- DIA_r1m: 0.01513594
- DIA_r3m: 0.02504857
- DIA_r12m: 0.12469658
- DIA_vol3m: 0.11185929
- DIA_mdd: -0.03789105
- EFA_r1m: 0.02223163
- EFA_r3m: 0.03216652
- EFA_r12m: 0.21859595
- EFA_vol3m: 0.13495043
- EFA_mdd: -0.05160186
- EEM_r1m: 0.02132451
- EEM_r3m: 0.03425605
- EEM_r12m: 0.06751103
- EEM_vol3m: 0.15823575
- EEM_mdd: -0.26122672
- VEA_r1m: 0.02368503
- VEA_r3m: 0.03581551
- VEA_r12m: 0.19963906
- VEA_vol3m: 0.13809538
- VEA_mdd: -0.06897670
- VWO_r1m: 0.02684994
- VWO_r3m: 0.03088665
- VWO_r12m: 0.06763806
- VWO_vol3m: 0.14848979
- VWO_mdd: -0.20642177
- AGG_r1m: 0.00087052
- AGG_r3m: -0.01254278
- AGG_r12m: -0.01093930
- AGG_vol3m: 0.06675379
- AGG_mdd: -0.12908526
- BND_r1m: 0.00143204
- BND_r3m: -0.01287274
- BND_r12m: -0.00904719
- BND_vol3m: 0.06635030
- BND_mdd: -0.13097622
- SHY_r1m: 0.00094352
- SHY_r3m: -0.00373705
- SHY_r12m: 0.00536667
- SHY_vol3m: 0.02492176
- SHY_mdd: -0.03366080
- IEF_r1m: -0.00514100
- IEF_r3m: -0.02561502
- IEF_r12m: -0.03572309
- IEF_vol3m: 0.08664656
- IEF_mdd: -0.18346722
- TLT_r1m: -0.00801569
- TLT_r3m: -0.05020941
- TLT_r12m: -0.09299668
- TLT_vol3m: 0.15435368
- TLT_mdd: -0.37639731
- TIP_r1m: 0.00087570
- TIP_r3m: -0.01830245
- TIP_r12m: -0.01821414
- TIP_vol3m: 0.05888150
- TIP_mdd: -0.10903024
- LQD_r1m: 0.01046408
- LQD_r3m: -0.01087859
- LQD_r12m: 0.00869250
- LQD_vol3m: 0.08487701
- LQD_mdd: -0.16273309
- HYG_r1m: 0.01185569
- HYG_r3m: 0.01825419
- HYG_r12m: 0.06898819
- HYG_vol3m: 0.06143734
- HYG_mdd: -0.06581227
- GLD_r1m: -0.00087886
- GLD_r3m: -0.02362032
- GLD_r12m: 0.12668038
- GLD_vol3m: 0.12121761
- GLD_mdd: -0.06194231
- SLV_r1m: -0.00538845
- SLV_r3m: -0.03862853
- SLV_r12m: 0.25995448
- SLV_vol3m: 0.24265236
- SLV_mdd: -0.53131611
- DBC_r1m: 0.03574576
- DBC_r3m: -0.03216506
- DBC_r12m: -0.09255552
- DBC_vol3m: 0.17046439
- DBC_mdd: -0.23867330
- VNQ_r1m: 0.04884246
- VNQ_r3m: 0.04329015
- VNQ_r12m: -0.02277326
- VNQ_vol3m: 0.17221577
- VNQ_mdd: -0.21684321
- UUP_r1m: -0.02528086
- UUP_r3m: -0.00143887
- UUP_r12m: -0.03099181
- UUP_vol3m: 0.07157771
- UUP_mdd: -0.08691451
- BIL_r1m: 0.00429804
- BIL_r3m: 0.01215781
- BIL_r12m: 0.03703962
- BIL_vol3m: 0.00309620
- BIL_mdd: 0.00000000
- cross_vol: 0.11595541

Assets: SPY, QQQ, IWM, DIA, EFA, EEM, VEA, VWO, AGG, BND, SHY, IEF, TLT, TIP, LQD, HYG, GLD, SLV, DBC, VNQ, UUP, BIL","```json
{
  ""weights"": {
    ""SPY"": 0.15,
    ""QQQ"": 0.28,
    ""IWM"": 0.14,
    ""DIA"": 0.13,
    ""EFA"": 0.16,
    ""VEA"": 0.09,
    ""VWO"": 0.07,
    ""AGG"": 0.02,
    ""BND"": 0.01,
    ""SHY"": 0.01,
    ""IEF"": 0.01,
    ""TLT"": 0.01,
    ""TIP"": 0.01,
    ""LQD"": 0.02,
    ""HYG"": 0.03,
    ""GLD"": 0.04,
    ""SLV"": 0.05,
    ""DBC"": 0.01,
    ""VNQ"": 0.06,
    ""UUP"": 0.02,
    ""BIL"": 0.03
  }
}
```",1,0,0,13.707512124907225,390,1,0,0,0,269,7.564826,2345,stop,[],1,0,0,0,BIL,QQQ,QQQ,0,0,0.6666666666666666,0.9670706540846521,0.38262329615322616,1.1102230246251544e-16,2.775557561562886e-17,0.8747474747474748,0,"{""SPY"":0.1111111111,""QQQ"":0.2074074074,""IWM"":0.1037037037,""DIA"":0.0962962963,""EFA"":0.1185185185,""EEM"":0.0,""VEA"":0.0666666667,""VWO"":0.0518518519,""AGG"":0.0148148148,""BND"":0.0074074074,""SHY"":0.0074074074,""IEF"":0.0074074074,""TLT"":0.0074074074,""TIP"":0.0074074074,""LQD"":0.0148148148,""HYG"":0.0222222222,""GLD"":0.0296296296,""SLV"":0.037037037,""DBC"":0.0074074074,""VNQ"":0.0444444444,""UUP"":0.0148148148,""BIL"":0.0222222222}","{""SPY"":0.1111111111,""QQQ"":0.2074074074,""IWM"":0.1037037037,""DIA"":0.0962962963,""EFA"":0.1185185185,""EEM"":6.938893904e-18,""VEA"":0.0666666667,""VWO"":0.0518518519,""AGG"":0.0148148148,""BND"":0.0074074074,""SHY"":0.0074074074,""IEF"":0.0074074074,""TLT"":0.0074074074,""TIP"":0.0074074074,""LQD"":0.0148148148,""HYG"":0.0222222222,""GLD"":0.0296296296,""SLV"":0.037037037,""DBC"":0.0074074074,""VNQ"":0.0444444444,""UUP"":0.0148148148,""BIL"":0.0222222222}","{""SPY"":0.0884659399,""QQQ"":0.0819302802,""IWM"":0.0492775437,""DIA"":0.0343683503,""EFA"":0.0418425826,""EEM"":0.0342291227,""VEA"":0.0435628445,""VWO"":0.045927008,""AGG"":0.0033122535,""BND"":0.00548193,""SHY"":0.0096159624,""IEF"":3.469446952e-18,""TLT"":3.469446952e-18,""TIP"":0.0037774216,""LQD"":0.031313557,""HYG"":0.0490135331,""GLD"":3.469446952e-18,""SLV"":3.469446952e-18,""DBC"":0.0532613668,""VNQ"":0.0720354046,""UUP"":3.469446952e-18,""BIL"":0.352584899}",0,1.0,0.2074074074074074,0.0,0.0,0,0,1.0,0.2074074074074074,6.938893903907015e-18,1,1,1,d0cf49a55c8f80948a840625
q1_20260801_011049,model_family_generalization,P5,qwen3.5:4b,P5,,,real_ticker,,2023-09-11,42,10.0,0.6,0.25,b6737b8a4228a9e8,"You are a RISK-ADJUSTED RETURN policy profile. Use only the provided feature values. Prefer eligible assets that combine stronger recent returns with lower recent volatility and smaller drawdowns. Assign larger weights to assets that appear to have stronger positive risk-adjusted profiles, smaller weights to middle-ranked assets, and little weight to weak or unstable candidates. Do not default to equal weights unless the provided features show no meaningful distinction across assets. Include every eligible ticker exactly once. Return strictly valid JSON only with a `weights` object whose values are decimals, not percentages.
Hard constraints for the execution layer: long-only weights, weights sum to one, maximum single-asset weight 0.60, and turnover cap 0.25. You propose weights; deterministic projection will enforce final feasibility.

Current Features:
- SPY_r1m: 0.00569633
- SPY_r3m: 0.04702430
- SPY_r12m: 0.13835137
- SPY_vol3m: 0.10399169
- SPY_mdd: -0.03882279
- QQQ_r1m: 0.02273525
- QQQ_r3m: 0.06484375
- QQQ_r12m: 0.26333584
- QQQ_vol3m: 0.16203598
- QQQ_mdd: -0.05606795
- IWM_r1m: -0.03334747
- IWM_r3m: -0.00362120
- IWM_r12m: 0.01993928
- IWM_vol3m: 0.14702851
- IWM_mdd: -0.22160325
- DIA_r1m: -0.01138382
- DIA_r3m: 0.02848569
- DIA_r12m: 0.11345482
- DIA_vol3m: 0.09105157
- DIA_mdd: -0.02523864
- EFA_r1m: -0.02065541
- EFA_r3m: -0.00559275
- EFA_r12m: 0.19418738
- EFA_vol3m: 0.12952381
- EFA_mdd: -0.07741655
- EEM_r1m: -0.02391032
- EEM_r3m: -0.01680898
- EEM_r12m: 0.04343015
- EEM_vol3m: 0.16142496
- EEM_mdd: -0.28881051
- VEA_r1m: -0.01897350
- VEA_r3m: -0.00411220
- VEA_r12m: 0.17232875
- VEA_vol3m: 0.13068184
- VEA_mdd: -0.09425778
- VWO_r1m: -0.01858558
- VWO_r3m: 0.00052050
- VWO_r12m: 0.04103352
- VWO_vol3m: 0.15156878
- VWO_mdd: -0.22676990
- AGG_r1m: -0.00459023
- AGG_r3m: -0.01562030
- AGG_r12m: -0.01252621
- AGG_vol3m: 0.06471880
- AGG_mdd: -0.14343487
- BND_r1m: -0.00539878
- BND_r3m: -0.01509376
- BND_r12m: -0.01176302
- BND_vol3m: 0.06310314
- BND_mdd: -0.14531700
- SHY_r1m: 0.00105805
- SHY_r3m: 0.00339006
- SHY_r12m: 0.01091840
- SHY_vol3m: 0.01893717
- SHY_mdd: -0.03129884
- IEF_r1m: -0.01100155
- IEF_r3m: -0.02979198
- IEF_r12m: -0.03839012
- IEF_vol3m: 0.07986821
- IEF_mdd: -0.20369957
- TLT_r1m: -0.01693656
- TLT_r3m: -0.07294729
- TLT_r12m: -0.10592170
- TLT_vol3m: 0.15374578
- TLT_mdd: -0.41721603
- TIP_r1m: -0.00253188
- TIP_r3m: -0.01089258
- TIP_r12m: -0.02880469
- TIP_vol3m: 0.06120516
- TIP_mdd: -0.11950624
- LQD_r1m: -0.00490980
- LQD_r3m: -0.01093690
- LQD_r12m: 0.00519263
- LQD_vol3m: 0.08907253
- LQD_mdd: -0.18046587
- HYG_r1m: 0.00213698
- HYG_r3m: 0.01532666
- HYG_r12m: 0.04859396
- HYG_vol3m: 0.06137924
- HYG_mdd: -0.06260773
- GLD_r1m: 0.00456080
- GLD_r3m: -0.01994062
- GLD_r12m: 0.12221668
- GLD_vol3m: 0.08604235
- GLD_mdd: -0.07983906
- SLV_r1m: 0.01584253
- SLV_r3m: -0.04984286
- SLV_r12m: 0.24251315
- SLV_vol3m: 0.24723280
- SLV_mdd: -0.55226406
- DBC_r1m: 0.03024098
- DBC_r3m: 0.11253307
- DBC_r12m: 0.02722617
- DBC_vol3m: 0.13047095
- DBC_mdd: -0.18223066
- VNQ_r1m: -0.01935080
- VNQ_r3m: -0.00204003
- VNQ_r12m: -0.09863121
- VNQ_vol3m: 0.13569390
- VNQ_mdd: -0.25483649
- UUP_r1m: 0.02385130
- UUP_r3m: 0.02492979
- UUP_r12m: 0.00159589
- UUP_vol3m: 0.06443978
- UUP_mdd: -0.03987879
- BIL_r1m: 0.00409964
- BIL_r3m: 0.01287248
- BIL_r12m: 0.04274182
- BIL_vol3m: 0.00253023
- BIL_mdd: 0.00000000
- cross_vol: 0.10617033

Assets: SPY, QQQ, IWM, DIA, EFA, EEM, VEA, VWO, AGG, BND, SHY, IEF, TLT, TIP, LQD, HYG, GLD, SLV, DBC, VNQ, UUP, BIL","```json
{
  ""weights"": {
    ""SPY"": 0.125,
    ""QQQ"": 0.180,
    ""IWM"": 0.040,
    ""DIA"": 0.090,
    ""EFA"": 0.075,
    ""EEM"": 0.020,
    ""VEA"": 0.035,
    ""VWO"": 0.045,
    ""AGG"": 0.160,
    ""BND"": 0.080,
    ""SHY"": 0.025,
    ""IEF"": 0.030,
    ""TLT"": 0.040,
    ""TIP"": 0.170,
    ""LQD"": 0.065,
    ""HYG"": 0.025,
    ""GLD"": 0.030,
    ""SLV"": 0.015,
    ""DBC"": 0.045,
    ""VNQ"": 0.020,
    ""UUP"": 0.060,
    ""BIL"": 0.070
  }
}
```",1,0,0,14.617422417039052,429,1,0,0,0,303,8.520768,2345,stop,[],0,0,0,0,BIL,QQQ,QQQ,0,0,0.0,1.4594772042599746,0.6063991834827446,2.220446049250313e-16,4.85722573273506e-17,0.5876061654608367,0,"{""SPY"":0.0865051903,""QQQ"":0.124567474,""IWM"":0.0276816609,""DIA"":0.062283737,""EFA"":0.0519031142,""EEM"":0.0138408304,""VEA"":0.0242214533,""VWO"":0.0311418685,""AGG"":0.1107266436,""BND"":0.0553633218,""SHY"":0.0173010381,""IEF"":0.0207612457,""TLT"":0.0276816609,""TIP"":0.1176470588,""LQD"":0.044982699,""HYG"":0.0173010381,""GLD"":0.0207612457,""SLV"":0.0103806228,""DBC"":0.0311418685,""VNQ"":0.0138408304,""UUP"":0.0415224913,""BIL"":0.0484429066}","{""SPY"":0.0865051903,""QQQ"":0.124567474,""IWM"":0.0276816609,""DIA"":0.062283737,""EFA"":0.0519031142,""EEM"":0.0138408304,""VEA"":0.0242214533,""VWO"":0.0311418685,""AGG"":0.1107266436,""BND"":0.0553633218,""SHY"":0.0173010381,""IEF"":0.0207612457,""TLT"":0.0276816609,""TIP"":0.1176470588,""LQD"":0.044982699,""HYG"":0.0173010381,""GLD"":0.0207612457,""SLV"":0.0103806228,""DBC"":0.0311418685,""VNQ"":0.0138408304,""UUP"":0.0415224913,""BIL"":0.0484429066}","{""SPY"":0.0216877028,""QQQ"":0.0542712349,""IWM"":0.0008206601,""DIA"":0.0008206601,""EFA"":0.0008206601,""EEM"":0.0008206601,""VEA"":0.0008206601,""VWO"":0.0008206601,""AGG"":0.0008206601,""BND"":0.0008206601,""SHY"":0.0221046772,""IEF"":0.0008206601,""TLT"":0.0008206601,""TIP"":0.0008206601,""LQD"":0.0008206601,""HYG"":0.0140837061,""GLD"":0.0210132777,""SLV"":0.0252314949,""DBC"":0.0891177037,""VNQ"":0.0008206601,""UUP"":0.1418216217,""BIL"":0.6}",0,0.9999999999999999,0.1245674740484429,0.010380622837370242,1.1102230246251565e-16,0,0,1.0,0.12456747404844291,0.010380622837370252,1,1,1,ff418585510136ae9f8a3278
q1_20260801_011049,model_family_generalization,P5,qwen3.5:4b,P5,,,real_ticker,,2024-01-10,42,10.0,0.6,0.25,1355da13758ff729,"You are a RISK-ADJUSTED RETURN policy profile. Use only the provided feature values. Prefer eligible assets that combine stronger recent returns with lower recent volatility and smaller drawdowns. Assign larger weights to assets that appear to have stronger positive risk-adjusted profiles, smaller weights to middle-ranked assets, and little weight to weak or unstable candidates. Do not default to equal weights unless the provided features show no meaningful distinction across assets. Include every eligible ticker exactly once. Return strictly valid JSON only with a `weights` object whose values are decimals, not percentages.
Hard constraints for the execution layer: long-only weights, weights sum to one, maximum single-asset weight 0.60, and turnover cap 0.25. You propose weights; deterministic projection will enforce final feasibility.

Current Features:
- SPY_r1m: 0.03974838
- SPY_r3m: 0.10114646
- SPY_r12m: 0.24736534
- SPY_vol3m: 0.12009367
- SPY_mdd: -0.00027271
- QQQ_r1m: 0.04426979
- QQQ_r3m: 0.11107524
- QQQ_r12m: 0.52037563
- QQQ_vol3m: 0.15724840
- QQQ_mdd: -0.00729032
- IWM_r1m: 0.04815434
- IWM_r3m: 0.11266243
- IWM_r12m: 0.11303564
- IWM_vol3m: 0.24062986
- IWM_mdd: -0.16944204
- DIA_r1m: 0.04040804
- DIA_r3m: 0.12244689
- DIA_r12m: 0.14673207
- DIA_vol3m: 0.10182250
- DIA_mdd: -0.00037108
- EFA_r1m: 0.03510952
- EFA_r3m: 0.09152098
- EFA_r12m: 0.12680073
- EFA_vol3m: 0.12839735
- EFA_mdd: -0.01790133
- EEM_r1m: 0.01603877
- EEM_r3m: 0.03785465
- EEM_r12m: -0.01049834
- EEM_vol3m: 0.14706339
- EEM_mdd: -0.28072282
- VEA_r1m: 0.03850933
- VEA_r3m: 0.09554663
- VEA_r12m: 0.12174873
- VEA_vol3m: 0.13394902
- VEA_mdd: -0.03651393
- VWO_r1m: 0.01744998
- VWO_r3m: 0.03626287
- VWO_r12m: 0.00703287
- VWO_vol3m: 0.13588477
- VWO_mdd: -0.21563790
- AGG_r1m: 0.01808924
- AGG_r3m: 0.05983737
- AGG_r12m: 0.02230882
- AGG_vol3m: 0.07923895
- AGG_mdd: -0.10919808
- BND_r1m: 0.01837400
- BND_r3m: 0.05984583
- BND_r12m: 0.02328006
- BND_vol3m: 0.07701525
- BND_mdd: -0.11063172
- SHY_r1m: 0.00934039
- SHY_r3m: 0.02130109
- SHY_r12m: 0.03539059
- SHY_vol3m: 0.02182519
- SHY_mdd: -0.00724656
- IEF_r1m: 0.01907981
- IEF_r3m: 0.05740306
- IEF_r12m: -0.00321566
- IEF_vol3m: 0.09303311
- IEF_mdd: -0.17667699
- TLT_r1m: 0.02051883
- TLT_r3m: 0.12067429
- TLT_r12m: -0.05890312
- TLT_vol3m: 0.20833732
- TLT_mdd: -0.39398165
- TIP_r1m: 0.01203922
- TIP_r3m: 0.04190287
- TIP_r12m: 0.01469786
- TIP_vol3m: 0.06585596
- TIP_mdd: -0.10011078
- LQD_r1m: 0.02397223
- LQD_r3m: 0.09372121
- LQD_r12m: 0.04721392
- LQD_vol3m: 0.10556120
- LQD_mdd: -0.12820535
- HYG_r1m: 0.02494096
- HYG_r3m: 0.07262333
- HYG_r12m: 0.08320312
- HYG_vol3m: 0.06901961
- HYG_mdd: -0.01007617
- GLD_r1m: 0.01001940
- GLD_r3m: 0.08676753
- GLD_r12m: 0.07696722
- GLD_vol3m: 0.13893147
- GLD_mdd: -0.03295683
- SLV_r1m: -0.00758293
- SLV_r3m: 0.04804810
- SLV_r12m: -0.03679849
- SLV_vol3m: 0.24126841
- SLV_mdd: -0.55691914
- DBC_r1m: -0.00468510
- DBC_r3m: -0.06025276
- DBC_r12m: -0.04296646
- DBC_vol3m: 0.16618372
- DBC_mdd: -0.25741469
- VNQ_r1m: 0.05735702
- VNQ_r3m: 0.17151101
- VNQ_r12m: 0.08070249
- VNQ_vol3m: 0.23371686
- VNQ_mdd: -0.18444116
- UUP_r1m: -0.01053712
- UUP_r3m: -0.01720919
- UUP_r12m: 0.05119276
- UUP_vol3m: 0.07312707
- UUP_mdd: -0.04120842
- BIL_r1m: 0.00439616
- BIL_r3m: 0.01339242
- BIL_r12m: 0.05036765
- BIL_vol3m: 0.00252359
- BIL_mdd: 0.00000000
- cross_vol: 0.12457849

Assets: SPY, QQQ, IWM, DIA, EFA, EEM, VEA, VWO, AGG, BND, SHY, IEF, TLT, TIP, LQD, HYG, GLD, SLV, DBC, VNQ, UUP, BIL","```json
{
  ""weights"": {
    ""SPY"": 0.15,
    ""QQQ"": 0.28,
    ""IWM"": 0.04,
    ""DIA"": 0.16,
    ""EFA"": 0.13,
    ""VEA"": 0.09,
    ""VWO"": 0.05,
    ""AGG"": 0.08,
    ""BND"": 0.07,
    ""SHY"": 0.02,
    ""IEF"": 0.03,
    ""TLT"": 0.01,
    ""TIP"": 0.04,
    ""LQD"": 0.06,
    ""HYG"": 0.05,
    ""GLD"": 0.08,
    ""SLV"": 0.02,
    ""DBC"": 0.01,
    ""VNQ"": 0.14,
    ""UUP"": 0.03,
    ""BIL"": 0.05
  }
}
```",1,0,0,13.86953108292073,390,1,0,0,0,269,7.762796,2345,stop,[],1,0,0,0,BIL,QQQ,QQQ,0,0,0.3333333333333333,0.8002684394285707,0.3107418352453876,3.122502256758089e-17,1.0408340855860296e-17,0.6689536878216122,0,"{""SPY"":0.0943396226,""QQQ"":0.1761006289,""IWM"":0.0251572327,""DIA"":0.1006289308,""EFA"":0.0817610063,""EEM"":0.0,""VEA"":0.0566037736,""VWO"":0.0314465409,""AGG"":0.0503144654,""BND"":0.0440251572,""SHY"":0.0125786164,""IEF"":0.0188679245,""TLT"":0.0062893082,""TIP"":0.0251572327,""LQD"":0.0377358491,""HYG"":0.0314465409,""GLD"":0.0503144654,""SLV"":0.0125786164,""DBC"":0.0062893082,""VNQ"":0.0880503145,""UUP"":0.0188679245,""BIL"":0.0314465409}","{""SPY"":0.0943396226,""QQQ"":0.1761006289,""IWM"":0.0251572327,""DIA"":0.1006289308,""EFA"":0.0817610063,""EEM"":3.469446952e-18,""VEA"":0.0566037736,""VWO"":0.0314465409,""AGG"":0.0503144654,""BND"":0.0440251572,""SHY"":0.0125786164,""IEF"":0.0188679245,""TLT"":0.0062893082,""TIP"":0.0251572327,""LQD"":0.0377358491,""HYG"":0.0314465409,""GLD"":0.0503144654,""SLV"":0.0125786164,""DBC"":0.0062893082,""VNQ"":0.0880503145,""UUP"":0.0188679245,""BIL"":0.0314465409}","{""SPY"":0.0548239244,""QQQ"":0.0466328567,""IWM"":0.0331479492,""DIA"":0.0657347253,""EFA"":0.0452938883,""EEM"":0.0180649677,""VEA"":0.0476208513,""VWO"":0.0212713388,""AGG"":0.0378139928,""BND"":0.0395182616,""SHY"":0.0708888044,""IEF"":0.0339709206,""TLT"":0.0163138442,""TIP"":0.0302812713,""LQD"":0.0376162052,""HYG"":0.0598565154,""GLD"":0.0119457023,""SLV"":3.469446952e-18,""DBC"":3.469446952e-18,""VNQ"":0.0406506373,""UUP"":3.469446952e-18,""BIL"":0.2885533431}",0,1.0,0.17610062893081763,0.0,0.0,0,0,1.0,0.17610062893081763,3.4694469519519768e-18,1,1,1,266369c13d38ab627fcbbc3b
q1_20260801_011049,model_family_generalization,P5,qwen3.5:4b,P5,,,real_ticker,,2024-07-12,42,10.0,0.6,0.25,3b1462387551f9a9,"You are a RISK-ADJUSTED RETURN policy profile. Use only the provided feature values. Prefer eligible assets that combine stronger recent returns with lower recent volatility and smaller drawdowns. Assign larger weights to assets that appear to have stronger positive risk-adjusted profiles, smaller weights to middle-ranked assets, and little weight to weak or unstable candidates. Do not default to equal weights unless the provided features show no meaningful distinction across assets. Include every eligible ticker exactly once. Return strictly valid JSON only with a `weights` object whose values are decimals, not percentages.
Hard constraints for the execution layer: long-only weights, weights sum to one, maximum single-asset weight 0.60, and turnover cap 0.25. You propose weights; deterministic projection will enforce final feasibility.

Current Features:
- SPY_r1m: 0.04627363
- SPY_r3m: 0.08454935
- SPY_r12m: 0.27308823
- SPY_vol3m: 0.10058102
- SPY_mdd: -0.00236944
- QQQ_r1m: 0.05894292
- QQQ_r3m: 0.11279716
- QQQ_r12m: 0.33639507
- QQQ_vol3m: 0.14957978
- QQQ_mdd: -0.01618424
- IWM_r1m: 0.06230061
- IWM_r3m: 0.05657700
- IWM_r12m: 0.12614089
- IWM_vol3m: 0.16592449
- IWM_mdd: -0.08770734
- DIA_r1m: 0.03413750
- DIA_r3m: 0.04546454
- DIA_r12m: 0.18670534
- DIA_vol3m: 0.09608163
- DIA_mdd: 0.00000000
- EFA_r1m: 0.03383609
- EFA_r3m: 0.05723817
- EFA_r12m: 0.14956870
- EFA_vol3m: 0.12078114
- EFA_mdd: 0.00000000
- EEM_r1m: 0.06330617
- EEM_r3m: 0.08045631
- EEM_r12m: 0.12171229
- EEM_vol3m: 0.12973251
- EEM_mdd: -0.17130893
- VEA_r1m: 0.03856960
- VEA_r3m: 0.05244814
- VEA_r12m: 0.14024856
- VEA_vol3m: 0.12226620
- VEA_mdd: 0.00000000
- VWO_r1m: 0.05572671
- VWO_r3m: 0.07887202
- VWO_r12m: 0.13050033
- VWO_vol3m: 0.12051438
- VWO_mdd: -0.10285955
- AGG_r1m: 0.01885042
- AGG_r3m: 0.03689126
- AGG_r12m: 0.04194949
- AGG_vol3m: 0.05467989
- AGG_mdd: -0.09255083
- BND_r1m: 0.01814412
- BND_r3m: 0.03676849
- BND_r12m: 0.04254390
- BND_vol3m: 0.05393193
- BND_mdd: -0.09400456
- SHY_r1m: 0.01071692
- SHY_r3m: 0.01976863
- SHY_r12m: 0.04674220
- SHY_vol3m: 0.01493686
- SHY_mdd: 0.00000000
- IEF_r1m: 0.02144848
- IEF_r3m: 0.04218326
- IEF_r12m: 0.02013545
- IEF_vol3m: 0.06693503
- IEF_mdd: -0.16702596
- TLT_r1m: 0.02623106
- TLT_r3m: 0.05658722
- TLT_r12m: -0.03181077
- TLT_vol3m: 0.13833859
- TLT_mdd: -0.39623460
- TIP_r1m: 0.01659090
- TIP_r3m: 0.03461804
- TIP_r12m: 0.03571612
- TIP_vol3m: 0.04450400
- TIP_mdd: -0.07720826
- LQD_r1m: 0.02196393
- LQD_r3m: 0.04335310
- LQD_r12m: 0.06106715
- LQD_vol3m: 0.06981461
- LQD_mdd: -0.11160359
- HYG_r1m: 0.01727968
- HYG_r3m: 0.03615004
- HYG_r12m: 0.10155227
- HYG_vol3m: 0.04608828
- HYG_mdd: 0.00000000
- GLD_r1m: 0.04183986
- GLD_r3m: 0.01505913
- GLD_r12m: 0.22668790
- GLD_vol3m: 0.17233441
- GLD_mdd: -0.00645706
- SLV_r1m: 0.05278929
- SLV_r3m: 0.08112267
- SLV_r12m: 0.26952602
- SLV_vol3m: 0.37443606
- SLV_mdd: -0.40499361
- DBC_r1m: 0.00997394
- DBC_r3m: -0.01688474
- DBC_r12m: 0.04109424
- DBC_vol3m: 0.12440875
- DBC_mdd: -0.20738716
- VNQ_r1m: 0.06760588
- VNQ_r3m: 0.07083375
- VNQ_r12m: 0.06454725
- VNQ_vol3m: 0.14759380
- VNQ_mdd: -0.16629259
- UUP_r1m: -0.00657883
- UUP_r3m: 0.00279625
- UUP_r12m: 0.09949379
- UUP_vol3m: 0.05312062
- UUP_mdd: -0.01645523
- BIL_r1m: 0.00472838
- BIL_r3m: 0.01313124
- BIL_r12m: 0.05382607
- BIL_vol3m: 0.00252984
- BIL_mdd: 0.00000000
- cross_vol: 0.10768699

Assets: SPY, QQQ, IWM, DIA, EFA, EEM, VEA, VWO, AGG, BND, SHY, IEF, TLT, TIP, LQD, HYG, GLD, SLV, DBC, VNQ, UUP, BIL","```json
{
  ""weights"": {
    ""SPY"": 0.125,
    ""QQQ"": 0.180,
    ""IWM"": 0.090,
    ""DIA"": 0.140,
    ""EFA"": 0.130,
    ""EEM"": 0.065,
    ""VEA"": 0.085,
    ""VWO"": 0.075,
    ""AGG"": 0.145,
    ""BND"": 0.135,
    ""SHY"": 0.095,
    ""IEF"": 0.080,
    ""TLT"": 0.020,
    ""TIP"": 0.070,
    ""LQD"": 0.130,
    ""HYG"": 0.050,
    ""GLD"": 0.080,
    ""SLV"": 0.020,
    ""DBC"": 0.040,
    ""VNQ"": 0.110,
    ""UUP"": 0.035,
    ""BIL"": 0.060
  }
}
```",1,0,0,15.02013187482953,429,1,0,0,0,303,8.704361,2345,stop,[],0,0,0,0,BIL,QQQ,QQQ,0,0,0.0,0.5736677668759966,0.20719731672612585,8.326672684688674e-17,2.2484586062492888e-17,0.3970315398886828,0,"{""SPY"":0.0637755102,""QQQ"":0.0918367347,""IWM"":0.0459183673,""DIA"":0.0714285714,""EFA"":0.0663265306,""EEM"":0.0331632653,""VEA"":0.0433673469,""VWO"":0.0382653061,""AGG"":0.0739795918,""BND"":0.068877551,""SHY"":0.0484693878,""IEF"":0.0408163265,""TLT"":0.0102040816,""TIP"":0.0357142857,""LQD"":0.0663265306,""HYG"":0.0255102041,""GLD"":0.0408163265,""SLV"":0.0102040816,""DBC"":0.0204081633,""VNQ"":0.056122449,""UUP"":0.0178571429,""BIL"":0.0306122449}","{""SPY"":0.0637755102,""QQQ"":0.0918367347,""IWM"":0.0459183673,""DIA"":0.0714285714,""EFA"":0.0663265306,""EEM"":0.0331632653,""VEA"":0.0433673469,""VWO"":0.0382653061,""AGG"":0.0739795918,""BND"":0.068877551,""SHY"":0.0484693878,""IEF"":0.0408163265,""TLT"":0.0102040816,""TIP"":0.0357142857,""LQD"":0.0663265306,""HYG"":0.0255102041,""GLD"":0.0408163265,""SLV"":0.0102040816,""DBC"":0.0204081633,""VNQ"":0.056122449,""UUP"":0.0178571429,""BIL"":0.0306122449}","{""SPY"":0.051733567,""QQQ"":0.0443112136,""IWM"":0.0422217975,""DIA"":0.0399527125,""EFA"":0.0315018409,""EEM"":0.0548721694,""VEA"":0.0354726471,""VWO"":0.0519971373,""AGG"":0.0387657647,""BND"":0.0378307443,""SHY"":0.0806798941,""IEF"":0.0360327992,""TLT"":0.0213219724,""TIP"":0.0419204299,""LQD"":0.0353768127,""HYG"":0.0421599504,""GLD"":0.027300662,""SLV"":0.0158534223,""DBC"":0.0090151026,""VNQ"":0.0515075954,""UUP"":3.469446952e-18,""BIL"":0.2101717648}",0,1.0000000000000002,0.09183673469387756,0.010204081632653062,2.220446049250313e-16,0,0,1.0,0.09183673469387756,0.010204081632653059,1,1,1,f5ac979b71a58a7b2c82ca6c
q1_20260801_011049,model_family_generalization,P5,qwen3.5:4b,P5,,,real_ticker,,2025-01-13,42,10.0,0.6,0.25,3a14ceddafb40d13,"You are a RISK-ADJUSTED RETURN policy profile. Use only the provided feature values. Prefer eligible assets that combine stronger recent returns with lower recent volatility and smaller drawdowns. Assign larger weights to assets that appear to have stronger positive risk-adjusted profiles, smaller weights to middle-ranked assets, and little weight to weak or unstable candidates. Do not default to equal weights unless the provided features show no meaningful distinction across assets. Include every eligible ticker exactly once. Return strictly valid JSON only with a `weights` object whose values are decimals, not percentages.
Hard constraints for the execution layer: long-only weights, weights sum to one, maximum single-asset weight 0.60, and turnover cap 0.25. You propose weights; deterministic projection will enforce final feasibility.

Current Features:
- SPY_r1m: -0.03227135
- SPY_r3m: 0.01252624
- SPY_r12m: 0.23562134
- SPY_vol3m: 0.12972815
- SPY_mdd: -0.04024820
- QQQ_r1m: -0.02732386
- QQQ_r3m: 0.02798523
- QQQ_r12m: 0.24495557
- QQQ_vol3m: 0.17684168
- QQQ_mdd: -0.05907942
- IWM_r1m: -0.07944647
- IWM_r3m: 0.00481913
- IWM_r12m: 0.12674620
- IWM_vol3m: 0.21579347
- IWM_mdd: -0.10109313
- DIA_r1m: -0.04396780
- DIA_r3m: -0.00017359
- DIA_r12m: 0.14115069
- DIA_vol3m: 0.13254881
- DIA_mdd: -0.05933824
- EFA_r1m: -0.04337558
- EFA_r3m: -0.07340143
- EFA_r12m: 0.03241949
- EFA_vol3m: 0.12082393
- EFA_mdd: -0.10138722
- EEM_r1m: -0.05748439
- EEM_r3m: -0.09843659
- EEM_r12m: 0.07417752
- EEM_vol3m: 0.14186010
- EEM_mdd: -0.22736862
- VEA_r1m: -0.04239242
- VEA_r3m: -0.06997486
- VEA_r12m: 0.03213341
- VEA_vol3m: 0.11579295
- VEA_mdd: -0.09753893
- VWO_r1m: -0.06656503
- VWO_r3m: -0.08960319
- VWO_r12m: 0.09523168
- VWO_vol3m: 0.14245118
- VWO_mdd: -0.14094178
- AGG_r1m: -0.02790093
- AGG_r3m: -0.02716147
- AGG_r12m: 0.01118237
- AGG_vol3m: 0.05064562
- AGG_mdd: -0.09923681
- BND_r1m: -0.02736538
- BND_r3m: -0.02665839
- BND_r12m: 0.01192381
- BND_vol3m: 0.05105570
- BND_mdd: -0.10002706
- SHY_r1m: -0.00072929
- SHY_r3m: 0.00253902
- SHY_r12m: 0.03824961
- SHY_vol3m: 0.01291098
- SHY_mdd: -0.00406120
- IEF_r1m: -0.03481510
- IEF_r3m: -0.03958715
- IEF_r12m: -0.01055355
- IEF_vol3m: 0.06075469
- IEF_mdd: -0.18536598
- TLT_r1m: -0.07861945
- TLT_r3m: -0.08216153
- TLT_r12m: -0.07518906
- TLT_vol3m: 0.14374008
- TLT_mdd: -0.43954760
- TIP_r1m: -0.02036853
- TIP_r3m: -0.02574229
- TIP_r12m: 0.02030346
- TIP_vol3m: 0.03946380
- TIP_mdd: -0.08183992
- LQD_r1m: -0.04332866
- LQD_r3m: -0.04164157
- LQD_r12m: 0.00230200
- LQD_vol3m: 0.07432003
- LQD_mdd: -0.12619848
- HYG_r1m: -0.01156583
- HYG_r3m: 0.00392863
- HYG_r12m: 0.07801726
- HYG_vol3m: 0.04228958
- HYG_mdd: -0.01230844
- GLD_r1m: -0.01146462
- GLD_r3m: 0.01202536
- GLD_r12m: 0.31061336
- GLD_vol3m: 0.16503746
- GLD_mdd: -0.04566988
- SLV_r1m: -0.07002417
- SLV_r3m: -0.05003524
- SLV_r12m: 0.28748798
- SLV_vol3m: 0.28408387
- SLV_mdd: -0.42953872
- DBC_r1m: 0.06051395
- DBC_r3m: 0.01081658
- DBC_r12m: 0.07752496
- DBC_vol3m: 0.15404059
- DBC_mdd: -0.19984579
- VNQ_r1m: -0.07463366
- VNQ_r3m: -0.06703090
- VNQ_r12m: 0.03060105
- VNQ_vol3m: 0.17670526
- VNQ_mdd: -0.15948420
- UUP_r1m: 0.03817312
- UUP_r3m: 0.08285672
- UUP_r12m: 0.13858037
- UUP_vol3m: 0.07098540
- UUP_mdd: 0.00000000
- BIL_r1m: 0.00386719
- BIL_r3m: 0.01183184
- BIL_r12m: 0.05192983
- BIL_vol3m: 0.00234189
- BIL_mdd: 0.00000000
- cross_vol: 0.11382796

Assets: SPY, QQQ, IWM, DIA, EFA, EEM, VEA, VWO, AGG, BND, SHY, IEF, TLT, TIP, LQD, HYG, GLD, SLV, DBC, VNQ, UUP, BIL","```json
{
  ""weights"": {
    ""SPY"": 0.12,
    ""QQQ"": 0.15,
    ""IWM"": 0.08,
    ""DIA"": 0.14,
    ""EFA"": 0.13,
    ""EEM"": 0.06,
    ""VEA"": 0.07,
    ""VWO"": 0.05,
    ""AGG"": 0.28,
    ""BND"": 0.14,
    ""SHY"": 0.09,
    ""IEF"": 0.03,
    ""TLT"": 0.02,
    ""TIP"": 0.05,
    ""LQD"": 0.06,
    ""HYG"": 0.14,
    ""GLD"": 0.08,
    ""SLV"": 0.03,
    ""DBC"": 0.07,
    ""VNQ"": 0.05,
    ""UUP"": 0.09,
    ""BIL"": 0.14
  }
}
```",1,0,0,14.09965758305043,407,1,0,0,0,281,7.954641,2345,stop,[],0,0,0,0,BIL,AGG,AGG,0,0,0.3333333333333333,1.6385453787432334,0.6140335995853486,2.7755575615628914e-17,9.813077866773595e-18,0.47079490557751436,0,"{""SPY"":0.0579710145,""QQQ"":0.0724637681,""IWM"":0.038647343,""DIA"":0.0676328502,""EFA"":0.0628019324,""EEM"":0.0289855072,""VEA"":0.0338164251,""VWO"":0.0241545894,""AGG"":0.1352657005,""BND"":0.0676328502,""SHY"":0.0434782609,""IEF"":0.0144927536,""TLT"":0.0096618357,""TIP"":0.0241545894,""LQD"":0.0289855072,""HYG"":0.0676328502,""GLD"":0.038647343,""SLV"":0.0144927536,""DBC"":0.0338164251,""VNQ"":0.0241545894,""UUP"":0.0434782609,""BIL"":0.0676328502}","{""SPY"":0.0579710145,""QQQ"":0.0724637681,""IWM"":0.038647343,""DIA"":0.0676328502,""EFA"":0.0628019324,""EEM"":0.0289855072,""VEA"":0.0338164251,""VWO"":0.0241545894,""AGG"":0.1352657005,""BND"":0.0676328502,""SHY"":0.0434782609,""IEF"":0.0144927536,""TLT"":0.0096618357,""TIP"":0.0241545894,""LQD"":0.0289855072,""HYG"":0.0676328502,""GLD"":0.038647343,""SLV"":0.0144927536,""DBC"":0.0338164251,""VNQ"":0.0241545894,""UUP"":0.0434782609,""BIL"":0.0676328502}","{""SPY"":0.0018841987,""QQQ"":0.0018841987,""IWM"":0.0018841987,""DIA"":0.0018841987,""EFA"":0.0018841987,""EEM"":0.0018841987,""VEA"":0.0018841987,""VWO"":0.0018841987,""AGG"":0.0018841987,""BND"":0.0018841987,""SHY"":0.0018841987,""IEF"":0.0018841987,""TLT"":0.0018841987,""TIP"":0.0018841987,""LQD"":0.0018841987,""HYG"":0.0018841987,""GLD"":0.0018841987,""SLV"":0.0018841987,""DBC"":0.1540364469,""VNQ"":0.0018841987,""UUP"":0.2101637787,""BIL"":0.6}",0,1.0,0.1352657004830918,0.009661835748792272,0.0,0,0,1.0,0.1352657004830918,0.009661835748792275,1,1,1,18b9167d14d24282b42d7703
q1_20260801_011049,model_family_generalization,P5,qwen3.5:4b,P5,,,real_ticker,,2025-05-14,42,10.0,0.6,0.25,0893ac30590f7dc5,"You are a RISK-ADJUSTED RETURN policy profile. Use only the provided feature values. Prefer eligible assets that combine stronger recent returns with lower recent volatility and smaller drawdowns. Assign larger weights to assets that appear to have stronger positive risk-adjusted profiles, smaller weights to middle-ranked assets, and little weight to weak or unstable candidates. Do not default to equal weights unless the provided features show no meaningful distinction across assets. Include every eligible ticker exactly once. Return strictly valid JSON only with a `weights` object whose values are decimals, not percentages.
Hard constraints for the execution layer: long-only weights, weights sum to one, maximum single-asset weight 0.60, and turnover cap 0.25. You propose weights; deterministic projection will enforce final feasibility.

Current Features:
- SPY_r1m: 0.08990583
- SPY_r3m: -0.02320739
- SPY_r12m: 0.14251682
- SPY_vol3m: 0.33821684
- SPY_mdd: -0.03845859
- QQQ_r1m: 0.13377623
- QQQ_r3m: -0.01674523
- QQQ_r12m: 0.18049674
- QQQ_vol3m: 0.39377645
- QQQ_mdd: -0.03719325
- IWM_r1m: 0.10856162
- IWM_r3m: -0.07323126
- IWM_r12m: 0.02369361
- IWM_vol3m: 0.32956671
- IWM_mdd: -0.14249453
- DIA_r1m: 0.03783451
- DIA_r3m: -0.04832504
- DIA_r12m: 0.08144754
- DIA_vol3m: 0.27440861
- DIA_mdd: -0.06069465
- EFA_r1m: 0.07867694
- EFA_r3m: 0.06519848
- EFA_r12m: 0.10525654
- EFA_vol3m: 0.26216563
- EFA_mdd: -0.00485437
- EEM_r1m: 0.09921675
- EEM_r3m: 0.05754743
- EEM_r12m: 0.11569349
- EEM_vol3m: 0.26804690
- EEM_mdd: -0.12324035
- VEA_r1m: 0.07663080
- VEA_r3m: 0.06352181
- VEA_r12m: 0.10271516
- VEA_vol3m: 0.25522257
- VEA_mdd: -0.00407162
- VWO_r1m: 0.09793107
- VWO_r3m: 0.05398136
- VWO_r12m: 0.13430535
- VWO_vol3m: 0.25906870
- VWO_mdd: -0.03363860
- AGG_r1m: -0.00250333
- AGG_r3m: 0.01267799
- AGG_r12m: 0.04738565
- AGG_vol3m: 0.05902216
- AGG_mdd: -0.07610239
- BND_r1m: -0.00218067
- BND_r3m: 0.01189900
- BND_r12m: 0.04760071
- BND_vol3m: 0.05806891
- BND_mdd: -0.07736360
- SHY_r1m: -0.00112447
- SHY_r3m: 0.01430954
- SHY_r12m: 0.05293712
- SHY_vol3m: 0.01769098
- SHY_mdd: -0.00725309
- IEF_r1m: -0.00662999
- IEF_r3m: 0.02131717
- IEF_r12m: 0.04692069
- IEF_vol3m: 0.07278241
- IEF_mdd: -0.15554858
- TLT_r1m: -0.02143808
- TLT_r3m: -0.01166778
- TLT_r12m: -0.01357145
- TLT_vol3m: 0.15569508
- TLT_mdd: -0.43239798
- TIP_r1m: 0.00384537
- TIP_r3m: 0.01666566
- TIP_r12m: 0.05228636
- TIP_vol3m: 0.06072917
- TIP_mdd: -0.05256530
- LQD_r1m: 0.00648218
- LQD_r3m: 0.00602718
- LQD_r12m: 0.04332588
- LQD_vol3m: 0.09155707
- LQD_mdd: -0.10397134
- HYG_r1m: 0.03197616
- HYG_r3m: 0.01309144
- HYG_r12m: 0.09186479
- HYG_vol3m: 0.09190711
- HYG_mdd: -0.00364952
- GLD_r1m: -0.01036359
- GLD_r3m: 0.09522916
- GLD_r12m: 0.34040508
- GLD_vol3m: 0.23404929
- GLD_mdd: -0.07107321
- SLV_r1m: -0.00442475
- SLV_r3m: -0.00306749
- SLV_r12m: 0.13504072
- SLV_vol3m: 0.28540610
- SLV_mdd: -0.38108335
- DBC_r1m: 0.02578794
- DBC_r3m: -0.03763438
- DBC_r12m: -0.02806066
- DBC_vol3m: 0.18927741
- DBC_mdd: -0.22995910
- VNQ_r1m: 0.02612455
- VNQ_r3m: -0.02907870
- VNQ_r12m: 0.10047515
- VNQ_vol3m: 0.24117084
- VNQ_mdd: -0.14114267
- UUP_r1m: 0.01864031
- UUP_r3m: -0.05332883
- UUP_r12m: 0.01349153
- UUP_vol3m: 0.10195994
- UUP_mdd: -0.06633168
- BIL_r1m: 0.00330374
- BIL_r3m: 0.01034030
- BIL_r12m: 0.04785171
- BIL_vol3m: 0.00199459
- BIL_mdd: 0.00000000
- cross_vol: 0.18371743

Assets: SPY, QQQ, IWM, DIA, EFA, EEM, VEA, VWO, AGG, BND, SHY, IEF, TLT, TIP, LQD, HYG, GLD, SLV, DBC, VNQ, UUP, BIL","```json
{
  ""weights"": {
    ""SPY"": 0.125,
    ""QQQ"": 0.180,
    ""IWM"": 0.045,
    ""DIA"": 0.095,
    ""EFA"": 0.135,
    ""EEM"": 0.060,
    ""VEA"": 0.075,
    ""VWO"": 0.085,
    ""AGG"": 0.090,
    ""BND"": 0.140,
    ""SHY"": 0.235,
    ""IEF"": 0.065,
    ""TLT"": 0.010,
    ""TIP"": 0.070,
    ""LQD"": 0.080,
    ""HYG"": 0.025,
    ""GLD"": 0.040,
    ""SLV"": 0.015,
    ""DBC"": 0.030,
    ""VNQ"": 0.068,
    ""UUP"": 0.032,
    ""BIL"": 0.074
  }
}
```",1,0,0,14.61243366706185,429,1,0,0,0,303,8.520934999,2345,stop,[],0,0,0,0,BIL,SHY,SHY,0,0,0.0,1.0040120484938169,0.35335742387272984,1.1796119636642288e-16,2.8609792490763984e-17,0.49595162447473595,0,"{""SPY"":0.0704622322,""QQQ"":0.1014656144,""IWM"":0.0253664036,""DIA"":0.0535512965,""EFA"":0.0760992108,""EEM"":0.0338218715,""VEA"":0.0422773393,""VWO"":0.0479143179,""AGG"":0.0507328072,""BND"":0.0789177001,""SHY"":0.1324689966,""IEF"":0.0366403608,""TLT"":0.0056369786,""TIP"":0.0394588501,""LQD"":0.0450958286,""HYG"":0.0140924464,""GLD"":0.0225479143,""SLV"":0.0084554679,""DBC"":0.0169109357,""VNQ"":0.0383314543,""UUP"":0.0180383315,""BIL"":0.0417136415}","{""SPY"":0.0704622322,""QQQ"":0.1014656144,""IWM"":0.0253664036,""DIA"":0.0535512965,""EFA"":0.0760992108,""EEM"":0.0338218715,""VEA"":0.0422773393,""VWO"":0.0479143179,""AGG"":0.0507328072,""BND"":0.0789177001,""SHY"":0.1324689966,""IEF"":0.0366403608,""TLT"":0.0056369786,""TIP"":0.0394588501,""LQD"":0.0450958286,""HYG"":0.0140924464,""GLD"":0.0225479143,""SLV"":0.0084554679,""DBC"":0.0169109357,""VNQ"":0.0383314543,""UUP"":0.0180383315,""BIL"":0.0417136415}","{""SPY"":0.0533018821,""QQQ"":0.0681207062,""IWM"":0.066051534,""DIA"":0.0276465068,""EFA"":0.0601757678,""EEM"":0.0742205427,""VEA"":0.0602052253,""VWO"":0.0757976081,""AGG"":1.734723476e-18,""BND"":1.734723476e-18,""SHY"":1.734723476e-18,""IEF"":1.734723476e-18,""TLT"":1.734723476e-18,""TIP"":0.0126966976,""LQD"":0.0141964235,""HYG"":0.0697633305,""GLD"":1.734723476e-18,""SLV"":1.734723476e-18,""DBC"":0.0273191929,""VNQ"":0.0217207043,""UUP"":0.0366584006,""BIL"":0.3321254776}",0,0.9999999999999999,0.13246899661781283,0.005636978579481398,1.1102230246251565e-16,0,0,1.0,0.13246899661781283,0.005636978579481405,1,1,1,33a165a42780c02c8182afaa
q1_20260801_011049,model_family_generalization,P5,qwen3.5:4b,P5,,,real_ticker,,2025-09-15,42,10.0,0.6,0.25,c36b92c95994941a,"You are a RISK-ADJUSTED RETURN policy profile. Use only the provided feature values. Prefer eligible assets that combine stronger recent returns with lower recent volatility and smaller drawdowns. Assign larger weights to assets that appear to have stronger positive risk-adjusted profiles, smaller weights to middle-ranked assets, and little weight to weak or unstable candidates. Do not default to equal weights unless the provided features show no meaningful distinction across assets. Include every eligible ticker exactly once. Return strictly valid JSON only with a `weights` object whose values are decimals, not percentages.
Hard constraints for the execution layer: long-only weights, weights sum to one, maximum single-asset weight 0.60, and turnover cap 0.25. You propose weights; deterministic projection will enforce final feasibility.

Current Features:
- SPY_r1m: 0.02474601
- SPY_r3m: 0.11032466
- SPY_r12m: 0.20692206
- SPY_vol3m: 0.09328632
- SPY_mdd: 0.00000000
- QQQ_r1m: 0.02033128
- QQQ_r3m: 0.12407855
- QQQ_r12m: 0.26972692
- QQQ_vol3m: 0.11720120
- QQQ_mdd: 0.00000000
- IWM_r1m: 0.04867681
- IWM_r3m: 0.14898656
- IWM_r12m: 0.15875876
- IWM_vol3m: 0.18150682
- IWM_mdd: -0.00602157
- DIA_r1m: 0.02489677
- DIA_r3m: 0.09230954
- DIA_r12m: 0.14188161
- DIA_vol3m: 0.10634992
- DIA_mdd: -0.00400509
- EFA_r1m: 0.02138570
- EFA_r3m: 0.06725496
- EFA_r12m: 0.19643985
- EFA_vol3m: 0.12430195
- EFA_mdd: 0.00000000
- EEM_r1m: 0.05533271
- EEM_r3m: 0.12820938
- EEM_r12m: 0.27831699
- EEM_vol3m: 0.12076506
- EEM_mdd: 0.00000000
- VEA_r1m: 0.02883473
- VEA_r3m: 0.08206495
- VEA_r12m: 0.21854355
- VEA_vol3m: 0.11825375
- VEA_mdd: 0.00000000
- VWO_r1m: 0.05135719
- VWO_r3m: 0.11607840
- VWO_r12m: 0.26266624
- VWO_vol3m: 0.10887842
- VWO_mdd: 0.00000000
- AGG_r1m: 0.01970150
- AGG_r3m: 0.03826568
- AGG_r12m: 0.03010015
- AGG_vol3m: 0.04085884
- AGG_mdd: -0.02855578
- BND_r1m: 0.01926590
- BND_r3m: 0.03777522
- BND_r12m: 0.02995703
- BND_vol3m: 0.03988196
- BND_mdd: -0.03054151
- SHY_r1m: 0.00627269
- SHY_r3m: 0.01636702
- SHY_r12m: 0.03917587
- SHY_vol3m: 0.01492242
- SHY_mdd: -0.00012041
- IEF_r1m: 0.02136101
- IEF_r3m: 0.04026896
- IEF_r12m: 0.02065424
- IEF_vol3m: 0.05017493
- IEF_mdd: -0.10958866
- TLT_r1m: 0.04002268
- TLT_r3m: 0.05626845
- TLT_r12m: -0.06453496
- TLT_vol3m: 0.11052087
- TLT_mdd: -0.39110450
- TIP_r1m: 0.01769496
- TIP_r3m: 0.03923894
- TIP_r12m: 0.04513400
- TIP_vol3m: 0.03753857
- TIP_mdd: -0.01091952
- LQD_r1m: 0.02615900
- LQD_r3m: 0.05419595
- LQD_r12m: 0.04003761
- LQD_vol3m: 0.05445148
- LQD_mdd: -0.03718814
- HYG_r1m: 0.01463177
- HYG_r3m: 0.03799898
- HYG_r12m: 0.08493318
- HYG_vol3m: 0.03127548
- HYG_mdd: 0.00000000
- GLD_r1m: 0.10304314
- GLD_r3m: 0.07151663
- GLD_r12m: 0.45924652
- GLD_vol3m: 0.13774774
- GLD_mdd: 0.00000000
- SLV_r1m: 0.12347821
- SLV_r3m: 0.17561410
- SLV_r12m: 0.48392026
- SLV_vol3m: 0.21252364
- SLV_mdd: -0.17985612
- DBC_r1m: 0.03250915
- DBC_r3m: -0.00441504
- DBC_r12m: 0.11993753
- DBC_vol3m: 0.14383905
- DBC_mdd: -0.19160047
- VNQ_r1m: 0.03925521
- VNQ_r3m: 0.04163769
- VNQ_r12m: -0.00987608
- VNQ_vol3m: 0.14072086
- VNQ_mdd: -0.08250303
- UUP_r1m: -0.00473937
- UUP_r3m: 0.00478465
- UUP_r12m: 0.00677562
- UUP_vol3m: 0.06928460
- UUP_mdd: -0.08542716
- BIL_r1m: 0.00384994
- BIL_r3m: 0.01072392
- BIL_r12m: 0.04474769
- BIL_vol3m: 0.00205486
- BIL_mdd: 0.00000000
- cross_vol: 0.09346994

Assets: SPY, QQQ, IWM, DIA, EFA, EEM, VEA, VWO, AGG, BND, SHY, IEF, TLT, TIP, LQD, HYG, GLD, SLV, DBC, VNQ, UUP, BIL","```json
{
  ""weights"": {
    ""SPY"": 0.125,
    ""QQQ"": 0.180,
    ""IWM"": 0.040,
    ""DIA"": 0.130,
    ""EFA"": 0.160,
    ""EEM"": 0.025,
    ""VEA"": 0.080,
    ""VWO"": 0.075,
    ""AGG"": 0.090,
    ""BND"": 0.140,
    ""SHY"": 0.030,
    ""IEF"": 0.020,
    ""TLT"": 0.015,
    ""TIP"": 0.060,
    ""LQD"": 0.085,
    ""HYG"": 0.035,
    ""GLD"": 0.045,
    ""SLV"": 0.190,
    ""DBC"": 0.020,
    ""VNQ"": 0.065,
    ""UUP"": 0.010,
    ""BIL"": 0.035
  }
}
```",1,0,0,14.843324249843135,429,1,0,0,0,303,8.663236,2345,stop,[],0,0,0,0,BIL,SLV,SLV,0,0,0.3333333333333333,0.8085351872869525,0.24915226123389908,1.0234868508263162e-16,2.5788518451458537e-17,0.6078000549299643,0,"{""SPY"":0.0755287009,""QQQ"":0.1087613293,""IWM"":0.0241691843,""DIA"":0.0785498489,""EFA"":0.0966767372,""EEM"":0.0151057402,""VEA"":0.0483383686,""VWO"":0.0453172205,""AGG"":0.0543806647,""BND"":0.084592145,""SHY"":0.0181268882,""IEF"":0.0120845921,""TLT"":0.0090634441,""TIP"":0.0362537764,""LQD"":0.0513595166,""HYG"":0.0211480363,""GLD"":0.0271903323,""SLV"":0.1148036254,""DBC"":0.0120845921,""VNQ"":0.0392749245,""UUP"":0.0060422961,""BIL"":0.0211480363}","{""SPY"":0.0755287009,""QQQ"":0.1087613293,""IWM"":0.0241691843,""DIA"":0.0785498489,""EFA"":0.0966767372,""EEM"":0.0151057402,""VEA"":0.0483383686,""VWO"":0.0453172205,""AGG"":0.0543806647,""BND"":0.084592145,""SHY"":0.0181268882,""IEF"":0.0120845921,""TLT"":0.0090634441,""TIP"":0.0362537764,""LQD"":0.0513595166,""HYG"":0.0211480363,""GLD"":0.0271903323,""SLV"":0.1148036254,""DBC"":0.0120845921,""VNQ"":0.0392749245,""UUP"":0.0060422961,""BIL"":0.0211480363}","{""SPY"":0.0276682575,""QQQ"":0.0180936998,""IWM"":0.0279720183,""DIA"":0.024417463,""EFA"":0.017944868,""EEM"":0.0477898102,""VEA"":0.0254328876,""VWO"":0.0491987546,""AGG"":0.0502930418,""BND"":0.0503857313,""SHY"":0.0438439337,""IEF"":0.0444047677,""TLT"":0.0377708272,""TIP"":0.0491661794,""LQD"":0.0501078898,""HYG"":0.0487963789,""GLD"":0.0780241863,""SLV"":0.0606007134,""DBC"":0.0235734643,""VNQ"":0.0290960112,""UUP"":1.040834086e-17,""BIL"":0.1954191161}",0,1.0,0.1148036253776435,0.006042296072507553,0.0,0,0,1.0,0.1148036253776435,0.006042296072507558,1,1,1,b46d0c483ec0bb4cb6797543
q1_20260801_011049,model_family_generalization,P6,qwen3.5:4b,P6,,,real_ticker,,2012-01-03,42,10.0,0.6,0.25,a0a75dd2995965b0,"You are a HYBRID DEFENSIVE-MOMENTUM policy profile. Use only the supplied feature values. Prefer assets with above-median `_r12m`, but among those candidates favor lower `_vol3m` and smaller drawdowns. Avoid assets with severe drawdowns unless their twelve-month momentum is unusually strong and their volatility is not high. During high cross-sectional volatility, keep at least 20% of the portfolio in bond-like or cash-like ETFs if such assets are present in the provided asset list. Do not allocate more than 40% to any single risky asset as a language-level preference; the deterministic projection layer will enforce final feasibility. Include every eligible ticker exactly once. Return strictly valid JSON only with a `weights` object whose values are decimals, not percentages.
Hard constraints for the execution layer: long-only weights, weights sum to one, maximum single-asset weight 0.60, and turnover cap 0.25. You propose weights; deterministic projection will enforce final feasibility.

Current Features:
- SPY_r1m: 0.02671551
- SPY_r3m: 0.16718467
- SPY_r12m: 0.02459595
- SPY_vol3m: 0.25887588
- SPY_mdd: -0.04997530
- QQQ_r1m: 0.00594834
- QQQ_r3m: 0.11689019
- QQQ_r12m: 0.03838245
- QQQ_vol3m: 0.25840220
- QQQ_mdd: -0.04035417
- IWM_r1m: 0.02917638
- IWM_r3m: 0.23521387
- IWM_r12m: -0.04505700
- IWM_vol3m: 0.37700087
- IWM_mdd: -0.12194572
- DIA_r1m: 0.03222826
- DIA_r3m: 0.17057153
- DIA_r12m: 0.08903110
- DIA_vol3m: 0.23431471
- DIA_mdd: -0.01629549
- EFA_r1m: 0.01361822
- EFA_r3m: 0.10687441
- EFA_r12m: -0.10575181
- EFA_vol3m: 0.34495581
- EFA_mdd: -0.17813728
- EEM_r1m: -0.01040953
- EEM_r3m: 0.14885786
- EEM_r12m: -0.17111196
- EEM_vol3m: 0.40143386
- EEM_mdd: -0.20578645
- VEA_r1m: 0.01517233
- VEA_r3m: 0.10818375
- VEA_r12m: -0.10683619
- VEA_vol3m: 0.34370234
- VEA_mdd: -0.17899871
- VWO_r1m: -0.01158303
- VWO_r3m: 0.14398038
- VWO_r12m: -0.17177897
- VWO_vol3m: 0.38302895
- VWO_mdd: -0.20591382
- AGG_r1m: 0.01119106
- AGG_r3m: 0.00536619
- AGG_r12m: 0.07603807
- AGG_vol3m: 0.03331191
- AGG_mdd: -0.00326117
- BND_r1m: 0.00898195
- BND_r3m: 0.00348999
- BND_r12m: 0.07727916
- BND_vol3m: 0.03756468
- BND_mdd: -0.00311206
- SHY_r1m: -0.00012969
- SHY_r3m: 0.00049781
- SHY_r12m: 0.01404656
- SHY_vol3m: 0.00531517
- SHY_mdd: -0.00093098
- IEF_r1m: 0.01369723
- IEF_r3m: -0.00306527
- IEF_r12m: 0.15272011
- IEF_vol3m: 0.08440694
- IEF_mdd: -0.00989297
- TLT_r1m: 0.02405978
- TLT_r3m: -0.02737122
- TLT_r12m: 0.32992894
- TLT_vol3m: 0.22551508
- TLT_mdd: -0.03273671
- TIP_r1m: 0.00163172
- TIP_r3m: 0.01738505
- TIP_r12m: 0.13732879
- TIP_vol3m: 0.05984325
- TIP_mdd: -0.00931184
- LQD_r1m: 0.03166939
- LQD_r3m: 0.02464866
- LQD_r12m: 0.09230849
- LQD_vol3m: 0.06049644
- LQD_mdd: -0.00968553
- HYG_r1m: 0.04431199
- HYG_r3m: 0.12391091
- HYG_r12m: 0.07017863
- HYG_vol3m: 0.15996905
- HYG_mdd: 0.00000000
- GLD_r1m: -0.08082300
- GLD_r3m: -0.03131218
- GLD_r12m: 0.12985506
- GLD_vol3m: 0.22454383
- GLD_mdd: -0.15531718
- SLV_r1m: -0.09510360
- SLV_r3m: -0.02238046
- SLV_r12m: -0.03835889
- SLV_vol3m: 0.44565753
- SLV_mdd: -0.38997036
- DBC_r1m: 0.00363098
- DBC_r3m: 0.07884469
- DBC_r12m: -0.00108424
- DBC_vol3m: 0.20030343
- DBC_mdd: -0.13408522
- VNQ_r1m: 0.06613014
- VNQ_r3m: 0.22009966
- VNQ_r12m: 0.07552847
- VNQ_vol3m: 0.32461742
- VNQ_mdd: -0.05488288
- UUP_r1m: 0.01043075
- UUP_r3m: -0.01021780
- UUP_r12m: -0.02366347
- UUP_vol3m: 0.10413908
- UUP_mdd: -0.13743715
- BIL_r1m: -0.00017417
- BIL_r3m: -0.00061082
- BIL_r12m: -0.00082833
- BIL_vol3m: 0.00288457
- BIL_mdd: -0.00104647
- cross_vol: 0.20774014

Assets: SPY, QQQ, IWM, DIA, EFA, EEM, VEA, VWO, AGG, BND, SHY, IEF, TLT, TIP, LQD, HYG, GLD, SLV, DBC, VNQ, UUP, BIL","```json
{
  ""weights"": {
    ""SPY"": 0.12,
    ""QQQ"": 0.08,
    ""IWM"": 0.05,
    ""DIA"": 0.14,
    ""EFA"": 0.06,
    ""VEA"": 0.07,
    ""VWO"": 0.03,
    ""AGG"": 0.28,
    ""BND"": 0.15,
    ""SHY"": 0.04,
    ""IEF"": 0.09,
    ""TLT"": 0.06,
    ""TIP"": 0.07,
    ""LQD"": 0.23,
    ""HYG"": 0.18,
    ""GLD"": 0.05,
    ""SLV"": 0.04,
    ""DBC"": 0.06,
    ""VNQ"": 0.09,
    ""UUP"": 0.03,
    ""BIL"": 0.12
  }
}
```",1,0,0,14.66155937500298,390,1,0,0,0,269,8.150777,2396,stop,[],1,0,0,0,TLT,AGG,AGG,0,0,0.0,0.9006162524802928,0.2794195238085916,1.1796119636642269e-16,2.8609792490763935e-17,0.5597147950089126,0,"{""SPY"":0.0588235294,""QQQ"":0.0392156863,""IWM"":0.0245098039,""DIA"":0.068627451,""EFA"":0.0294117647,""EEM"":0.0,""VEA"":0.0343137255,""VWO"":0.0147058824,""AGG"":0.137254902,""BND"":0.0735294118,""SHY"":0.0196078431,""IEF"":0.0441176471,""TLT"":0.0294117647,""TIP"":0.0343137255,""LQD"":0.112745098,""HYG"":0.0882352941,""GLD"":0.0245098039,""SLV"":0.0196078431,""DBC"":0.0294117647,""VNQ"":0.0441176471,""UUP"":0.0147058824,""BIL"":0.0588235294}","{""SPY"":0.0588235294,""QQQ"":0.0392156863,""IWM"":0.0245098039,""DIA"":0.068627451,""EFA"":0.0294117647,""EEM"":6.938893904e-18,""VEA"":0.0343137255,""VWO"":0.0147058824,""AGG"":0.137254902,""BND"":0.0735294118,""SHY"":0.0196078431,""IEF"":0.0441176471,""TLT"":0.0294117647,""TIP"":0.0343137255,""LQD"":0.112745098,""HYG"":0.0882352941,""GLD"":0.0245098039,""SLV"":0.0196078431,""DBC"":0.0294117647,""VNQ"":0.0441176471,""UUP"":0.0147058824,""BIL"":0.0588235294}","{""SPY"":0.0026721237,""QQQ"":0.0122773724,""IWM"":0.0003771044,""DIA"":0.0270043718,""EFA"":0.0001889162,""EEM"":0.0000582287,""VEA"":0.0001876944,""VWO"":0.0000660202,""AGG"":0.1114895176,""BND"":0.1094460108,""SHY"":0.0209879189,""IEF"":0.1464374478,""TLT"":0.2214667481,""TIP"":0.152892164,""LQD"":0.1015273937,""HYG"":0.0434874686,""GLD"":0.0163133657,""SLV"":0.0000399702,""DBC"":0.0018343939,""VNQ"":0.0096323581,""UUP"":0.0029275009,""BIL"":0.0186859097}",0,1.0,0.13725490196078433,0.0,0.0,0,0,1.0,0.13725490196078433,6.938893903907036e-18,1,1,1,8ec84eca1a5a967e3a0e67ea
q1_20260801_011049,model_family_generalization,P6,qwen3.5:4b,P6,,,real_ticker,,2013-03-07,42,10.0,0.6,0.25,8bedbdfadbcd2474,"You are a HYBRID DEFENSIVE-MOMENTUM policy profile. Use only the supplied feature values. Prefer assets with above-median `_r12m`, but among those candidates favor lower `_vol3m` and smaller drawdowns. Avoid assets with severe drawdowns unless their twelve-month momentum is unusually strong and their volatility is not high. During high cross-sectional volatility, keep at least 20% of the portfolio in bond-like or cash-like ETFs if such assets are present in the provided asset list. Do not allocate more than 40% to any single risky asset as a language-level preference; the deterministic projection layer will enforce final feasibility. Include every eligible ticker exactly once. Return strictly valid JSON only with a `weights` object whose values are decimals, not percentages.
Hard constraints for the execution layer: long-only weights, weights sum to one, maximum single-asset weight 0.60, and turnover cap 0.25. You propose weights; deterministic projection will enforce final feasibility.

Current Features:
- SPY_r1m: 0.02469384
- SPY_r3m: 0.10355899
- SPY_r12m: 0.15694450
- SPY_vol3m: 0.11331766
- SPY_mdd: 0.00000000
- QQQ_r1m: 0.01823273
- QQQ_r3m: 0.05245420
- QQQ_r12m: 0.08328101
- QQQ_vol3m: 0.14230142
- QQQ_mdd: -0.01605729
- IWM_r1m: 0.03097273
- IWM_r3m: 0.14111880
- IWM_r12m: 0.17994039
- IWM_vol3m: 0.13147733
- IWM_mdd: 0.00000000
- DIA_r1m: 0.02953075
- DIA_r3m: 0.11373719
- DIA_r12m: 0.13431127
- DIA_vol3m: 0.09925860
- DIA_mdd: 0.00000000
- EFA_r1m: 0.01023015
- EFA_r3m: 0.08355395
- EFA_r12m: 0.12507905
- EFA_vol3m: 0.12213494
- EFA_mdd: -0.00991548
- EEM_r1m: -0.00500330
- EEM_r3m: 0.05107175
- EEM_r12m: 0.01564556
- EEM_vol3m: 0.11277195
- EEM_mdd: -0.09495469
- VEA_r1m: 0.01182671
- VEA_r3m: 0.08447113
- VEA_r12m: 0.12331643
- VEA_vol3m: 0.12379089
- VEA_mdd: -0.01001731
- VWO_r1m: -0.00878221
- VWO_r3m: 0.05539474
- VWO_r12m: 0.01644713
- VWO_vol3m: 0.11311231
- VWO_mdd: -0.09085716
- AGG_r1m: 0.00298230
- AGG_r3m: -0.00789205
- AGG_r12m: 0.02671506
- AGG_vol3m: 0.02198253
- AGG_mdd: -0.00877924
- BND_r1m: 0.00294915
- BND_r3m: -0.01528988
- BND_r12m: 0.01905989
- BND_vol3m: 0.02623608
- BND_mdd: -0.01598476
- SHY_r1m: 0.00009460
- SHY_r3m: 0.00047420
- SHY_r12m: 0.00336979
- SHY_vol3m: 0.00308644
- SHY_mdd: -0.00059235
- IEF_r1m: 0.00459187
- IEF_r3m: -0.02025412
- IEF_r12m: 0.03049403
- IEF_vol3m: 0.04553076
- IEF_mdd: -0.02310919
- TLT_r1m: 0.00197544
- TLT_r3m: -0.06904112
- TLT_r12m: 0.02208087
- TLT_vol3m: 0.11835554
- TLT_mdd: -0.10944081
- TIP_r1m: -0.00190668
- TIP_r3m: -0.01979212
- TIP_r12m: 0.04464834
- TIP_vol3m: 0.03990914
- TIP_mdd: -0.02352910
- LQD_r1m: 0.00564916
- LQD_r3m: -0.01390385
- LQD_r12m: 0.05680259
- LQD_vol3m: 0.03643095
- LQD_mdd: -0.01994465
- HYG_r1m: 0.01295297
- HYG_r3m: 0.02689283
- HYG_r12m: 0.09990517
- HYG_vol3m: 0.04119250
- HYG_mdd: 0.00000000
- GLD_r1m: -0.05723638
- GLD_r3m: -0.07134166
- GLD_r12m: -0.07823720
- GLD_vol3m: 0.11009493
- GLD_mdd: -0.17281540
- SLV_r1m: -0.09265281
- SLV_r3m: -0.12507836
- SLV_r12m: -0.15501057
- SLV_vol3m: 0.19915437
- SLV_mdd: -0.40943714
- DBC_r1m: -0.05141661
- DBC_r3m: -0.02865335
- DBC_r12m: -0.07566461
- DBC_vol3m: 0.07947798
- DBC_mdd: -0.15037591
- VNQ_r1m: 0.02209524
- VNQ_r3m: 0.09493046
- VNQ_r12m: 0.17024886
- VNQ_vol3m: 0.09312219
- VNQ_mdd: -0.00767170
- UUP_r1m: 0.03179719
- UUP_r3m: 0.02800722
- UUP_r12m: 0.01358079
- UUP_vol3m: 0.05064613
- UUP_mdd: -0.13317853
- BIL_r1m: -0.00000000
- BIL_r3m: -0.00000000
- BIL_r12m: -0.00021834
- BIL_vol3m: 0.00233318
- BIL_mdd: -0.00126459
- cross_vol: 0.08298717

Assets: SPY, QQQ, IWM, DIA, EFA, EEM, VEA, VWO, AGG, BND, SHY, IEF, TLT, TIP, LQD, HYG, GLD, SLV, DBC, VNQ, UUP, BIL","```json
{
  ""weights"": {
    ""SPY"": 0.15,
    ""QQQ"": 0.20,
    ""IWM"": 0.18,
    ""DIA"": 0.14,
    ""EFA"": 0.16,
    ""VEA"": 0.09,
    ""VWO"": 0.07,
    ""AGG"": 0.25,
    ""BND"": 0.08,
    ""SHY"": 0.04,
    ""IEF"": 0.13,
    ""TLT"": 0.06,
    ""LQD"": 0.17,
    ""HYG"": 0.05,
    ""VNQ"": 0.12,
    ""UUP"": 0.08,
    ""BIL"": 0.03
  }
}
```",1,0,0,12.730131458025426,322,1,0,0,0,222,6.400029,2396,stop,[],5,0,0,0,HYG,AGG,AGG,0,0,0.0,0.7192485166797044,0.2365005741548018,9.714451465470063e-17,2.5962963631594995e-17,0.6818181818181817,0,"{""SPY"":0.075,""QQQ"":0.1,""IWM"":0.09,""DIA"":0.07,""EFA"":0.08,""EEM"":0.0,""VEA"":0.045,""VWO"":0.035,""AGG"":0.125,""BND"":0.04,""SHY"":0.02,""IEF"":0.065,""TLT"":0.03,""TIP"":0.0,""LQD"":0.085,""HYG"":0.025,""GLD"":0.0,""SLV"":0.0,""DBC"":0.0,""VNQ"":0.06,""UUP"":0.04,""BIL"":0.015}","{""SPY"":0.075,""QQQ"":0.1,""IWM"":0.09,""DIA"":0.07,""EFA"":0.08,""EEM"":6.938893904e-18,""VEA"":0.045,""VWO"":0.035,""AGG"":0.125,""BND"":0.04,""SHY"":0.02,""IEF"":0.065,""TLT"":0.03,""TIP"":6.938893904e-18,""LQD"":0.085,""HYG"":0.025,""GLD"":6.938893904e-18,""SLV"":6.938893904e-18,""DBC"":6.938893904e-18,""VNQ"":0.06,""UUP"":0.04,""BIL"":0.015}","{""SPY"":0.0821222875,""QQQ"":0.0168468755,""IWM"":0.0756604805,""DIA"":0.0825217329,""EFA"":0.0436317863,""EEM"":0.0020046096,""VEA"":0.0412959762,""VWO"":0.0020700736,""AGG"":0.0257335596,""BND"":0.0204724805,""SHY"":0.0299173987,""IEF"":0.0577956408,""TLT"":0.0017496212,""TIP"":0.0765059383,""LQD"":0.0974627683,""HYG"":0.1723873737,""GLD"":0.0003888068,""SLV"":0.0000048395,""DBC"":0.0008648772,""VNQ"":0.1365073683,""UUP"":0.0051192475,""BIL"":0.0289362575}",0,1.0,0.125,0.0,0.0,0,0,1.0,0.125,6.938893903907112e-18,1,1,1,e51c52a83c555a9f9b50c088
q1_20260801_011049,model_family_generalization,P6,qwen3.5:4b,P6,,,real_ticker,,2015-11-04,42,10.0,0.6,0.25,76ed3f5f7b201141,"You are a HYBRID DEFENSIVE-MOMENTUM policy profile. Use only the supplied feature values. Prefer assets with above-median `_r12m`, but among those candidates favor lower `_vol3m` and smaller drawdowns. Avoid assets with severe drawdowns unless their twelve-month momentum is unusually strong and their volatility is not high. During high cross-sectional volatility, keep at least 20% of the portfolio in bond-like or cash-like ETFs if such assets are present in the provided asset list. Do not allocate more than 40% to any single risky asset as a language-level preference; the deterministic projection layer will enforce final feasibility. Include every eligible ticker exactly once. Return strictly valid JSON only with a `weights` object whose values are decimals, not percentages.
Hard constraints for the execution layer: long-only weights, weights sum to one, maximum single-asset weight 0.60, and turnover cap 0.25. You propose weights; deterministic projection will enforce final feasibility.

Current Features:
- SPY_r1m: 0.06355218
- SPY_r3m: 0.01489593
- SPY_r12m: 0.06733256
- SPY_vol3m: 0.21710810
- SPY_mdd: -0.00534579
- QQQ_r1m: 0.09542825
- QQQ_r3m: 0.04390968
- QQQ_r12m: 0.14702423
- QQQ_vol3m: 0.25088881
- QQQ_mdd: 0.00000000
- IWM_r1m: 0.05156014
- IWM_r3m: -0.01707309
- IWM_r12m: 0.03558668
- IWM_vol3m: 0.22052952
- IWM_mdd: -0.07656234
- DIA_r1m: 0.06585703
- DIA_r3m: 0.03126090
- DIA_r12m: 0.05297199
- DIA_vol3m: 0.21045681
- DIA_mdd: -0.01429903
- EFA_r1m: 0.02713141
- EFA_r3m: -0.05252592
- EFA_r12m: -0.00102328
- EFA_vol3m: 0.20974118
- EFA_mdd: -0.09021254
- EEM_r1m: 0.03564166
- EEM_r3m: -0.01596917
- EEM_r12m: -0.12705907
- EEM_vol3m: 0.28150496
- EEM_mdd: -0.22148562
- VEA_r1m: 0.02857147
- VEA_r3m: -0.04608422
- VEA_r12m: 0.00368231
- VEA_vol3m: 0.21077207
- VEA_mdd: -0.08600643
- VWO_r1m: 0.03115992
- VWO_r3m: -0.03589447
- VWO_r12m: -0.13206438
- VWO_vol3m: 0.28608892
- VWO_mdd: -0.20032172
- AGG_r1m: -0.00561575
- AGG_r3m: 0.00414263
- AGG_r12m: 0.01677308
- AGG_vol3m: 0.03487067
- AGG_mdd: -0.01341774
- BND_r1m: -0.00453562
- BND_r3m: 0.00492152
- BND_r12m: 0.01789518
- BND_vol3m: 0.03516037
- BND_mdd: -0.01543375
- SHY_r1m: -0.00375423
- SHY_r3m: 0.00012763
- SHY_r12m: 0.00498819
- SHY_vol3m: 0.01049935
- SHY_mdd: -0.00480727
- IEF_r1m: -0.01489888
- IEF_r3m: 0.00604910
- IEF_r12m: 0.03232470
- IEF_vol3m: 0.05862688
- IEF_mdd: -0.02456820
- TLT_r1m: -0.01658068
- TLT_r3m: -0.00700840
- TLT_r12m: 0.04089752
- TLT_vol3m: 0.14295409
- TLT_mdd: -0.10567233
- TIP_r1m: -0.00967361
- TIP_r3m: -0.00744259
- TIP_r12m: -0.01807394
- TIP_vol3m: 0.04839325
- TIP_mdd: -0.07544146
- LQD_r1m: -0.00310502
- LQD_r3m: 0.00868171
- LQD_r12m: 0.00388992
- LQD_vol3m: 0.05248304
- LQD_mdd: -0.04240429
- HYG_r1m: 0.02127220
- HYG_r3m: -0.00586418
- HYG_r12m: -0.02253115
- HYG_vol3m: 0.06986573
- HYG_mdd: -0.03797382
- GLD_r1m: -0.03540870
- GLD_r3m: 0.01513557
- GLD_r12m: -0.05569417
- GLD_vol3m: 0.13943144
- GLD_mdd: -0.42591688
- SLV_r1m: -0.04578630
- SLV_r3m: 0.02787708
- SLV_r12m: -0.06380205
- SLV_vol3m: 0.24739090
- SLV_mdd: -0.69572576
- DBC_r1m: -0.03322684
- DBC_r3m: -0.02324080
- DBC_r12m: -0.30596334
- DBC_vol3m: 0.20066854
- DBC_mdd: -0.52600252
- VNQ_r1m: 0.03661229
- VNQ_r3m: 0.03457099
- VNQ_r12m: 0.04811533
- VNQ_vol3m: 0.20059077
- VNQ_mdd: -0.06908857
- UUP_r1m: 0.02573382
- UUP_r3m: -0.00195631
- UUP_r12m: 0.10242000
- UUP_vol3m: 0.08984974
- UUP_mdd: -0.03699512
- BIL_r1m: -0.00021917
- BIL_r3m: -0.00043773
- BIL_r12m: -0.00153084
- BIL_vol3m: 0.00224689
- BIL_mdd: -0.00409903
- cross_vol: 0.14636918

Assets: SPY, QQQ, IWM, DIA, EFA, EEM, VEA, VWO, AGG, BND, SHY, IEF, TLT, TIP, LQD, HYG, GLD, SLV, DBC, VNQ, UUP, BIL","```json
{
  ""weights"": {
    ""SPY"": 0.125,
    ""QQQ"": 0.18,
    ""IWM"": 0.04,
    ""DIA"": 0.13,
    ""EFA"": 0.06,
    ""VEA"": 0.07,
    ""VWO"": 0.05,
    ""AGG"": 0.28,
    ""BND"": 0.14,
    ""SHY"": 0.03,
    ""IEF"": 0.09,
    ""TLT"": 0.07,
    ""TIP"": 0.05,
    ""LQD"": 0.08,
    ""HYG"": 0.04,
    ""GLD"": 0.02,
    ""SLV"": 0.01,
    ""DBC"": 0.01,
    ""VNQ"": 0.05,
    ""UUP"": 0.03,
    ""BIL"": 0.04
  }
}
```",1,0,0,14.199212625157088,391,1,0,0,0,270,7.862128,2396,stop,[],1,0,0,0,UUP,AGG,AGG,0,0,0.3333333333333333,0.8106731114092492,0.2495188296514817,1.6653345369377348e-16,3.925231146709438e-17,0.6489028213166145,0,"{""SPY"":0.078369906,""QQQ"":0.1128526646,""IWM"":0.0250783699,""DIA"":0.0815047022,""EFA"":0.0376175549,""EEM"":0.0,""VEA"":0.0438871473,""VWO"":0.0313479624,""AGG"":0.1755485893,""BND"":0.0877742947,""SHY"":0.0188087774,""IEF"":0.0564263323,""TLT"":0.0438871473,""TIP"":0.0313479624,""LQD"":0.0501567398,""HYG"":0.0250783699,""GLD"":0.012539185,""SLV"":0.0062695925,""DBC"":0.0062695925,""VNQ"":0.0313479624,""UUP"":0.0188087774,""BIL"":0.0250783699}","{""SPY"":0.078369906,""QQQ"":0.1128526646,""IWM"":0.0250783699,""DIA"":0.0815047022,""EFA"":0.0376175549,""EEM"":0.0,""VEA"":0.0438871473,""VWO"":0.0313479624,""AGG"":0.1755485893,""BND"":0.0877742947,""SHY"":0.0188087774,""IEF"":0.0564263323,""TLT"":0.0438871473,""TIP"":0.0313479624,""LQD"":0.0501567398,""HYG"":0.0250783699,""GLD"":0.012539185,""SLV"":0.0062695925,""DBC"":0.0062695925,""VNQ"":0.0313479624,""UUP"":0.0188087774,""BIL"":0.0250783699}","{""SPY"":0.032568224,""QQQ"":0.0554808816,""IWM"":0.0170356164,""DIA"":0.0289115706,""EFA"":0.0032058592,""EEM"":0.0002264598,""VEA"":0.0033909892,""VWO"":0.000220296,""AGG"":0.1307442415,""BND"":0.1309889776,""SHY"":0.1543319429,""IEF"":0.1151628308,""TLT"":0.0376858078,""TIP"":0.0161456816,""LQD"":0.0222103542,""HYG"":0.0139638015,""GLD"":0.0011015016,""SLV"":0.000116354,""DBC"":0.0000248071,""VNQ"":0.0249609062,""UUP"":0.1700122248,""BIL"":0.0415106715}",0,1.0000000000000002,0.17554858934169282,0.0,2.220446049250313e-16,0,0,1.0,0.17554858934169282,0.0,1,1,1,8d6d6d4ba663e04bd77440b9
q1_20260801_011049,model_family_generalization,P6,qwen3.5:4b,P6,,,real_ticker,,2017-03-08,42,10.0,0.6,0.25,b6d60b999352c3da,"You are a HYBRID DEFENSIVE-MOMENTUM policy profile. Use only the supplied feature values. Prefer assets with above-median `_r12m`, but among those candidates favor lower `_vol3m` and smaller drawdowns. Avoid assets with severe drawdowns unless their twelve-month momentum is unusually strong and their volatility is not high. During high cross-sectional volatility, keep at least 20% of the portfolio in bond-like or cash-like ETFs if such assets are present in the provided asset list. Do not allocate more than 40% to any single risky asset as a language-level preference; the deterministic projection layer will enforce final feasibility. Include every eligible ticker exactly once. Return strictly valid JSON only with a `weights` object whose values are decimals, not percentages.
Hard constraints for the execution layer: long-only weights, weights sum to one, maximum single-asset weight 0.60, and turnover cap 0.25. You propose weights; deterministic projection will enforce final feasibility.

Current Features:
- SPY_r1m: 0.03332910
- SPY_r3m: 0.07671644
- SPY_r12m: 0.21794332
- SPY_vol3m: 0.07049640
- SPY_mdd: -0.01342872
- QQQ_r1m: 0.03902098
- QQQ_r3m: 0.12458562
- QQQ_r12m: 0.26928760
- QQQ_vol3m: 0.07385144
- QQQ_mdd: -0.00532525
- IWM_r1m: 0.00044157
- IWM_r3m: 0.02486317
- IWM_r12m: 0.29872353
- IWM_vol3m: 0.13471107
- IWM_mdd: -0.03177541
- DIA_r1m: 0.04442924
- DIA_r3m: 0.09166292
- DIA_r12m: 0.26008415
- DIA_vol3m: 0.06938009
- DIA_mdd: -0.01142117
- EFA_r1m: 0.01004844
- EFA_r3m: 0.06397011
- EFA_r12m: 0.11564827
- EFA_vol3m: 0.08173701
- EFA_mdd: -0.06940914
- EEM_r1m: 0.00610715
- EEM_r3m: 0.08227145
- EEM_r12m: 0.19914154
- EEM_vol3m: 0.13366759
- EEM_mdd: -0.14554546
- VEA_r1m: 0.00579702
- VEA_r3m: 0.06162481
- VEA_r12m: 0.12642002
- VEA_vol3m: 0.08232636
- VEA_mdd: -0.05129750
- VWO_r1m: 0.01204175
- VWO_r3m: 0.07876991
- VWO_r12m: 0.21014934
- VWO_vol3m: 0.12658692
- VWO_mdd: -0.10861701
- AGG_r1m: -0.00583672
- AGG_r3m: 0.00041809
- AGG_r12m: 0.00352924
- AGG_vol3m: 0.03372477
- AGG_mdd: -0.03609771
- BND_r1m: -0.00609787
- BND_r3m: 0.00011928
- BND_r12m: 0.00334975
- BND_vol3m: 0.03452135
- BND_mdd: -0.03847171
- SHY_r1m: -0.00291140
- SHY_r3m: -0.00099711
- SHY_r12m: 0.00125116
- SHY_vol3m: 0.00945374
- SHY_mdd: -0.00790175
- IEF_r1m: -0.01060656
- IEF_r3m: -0.00592824
- IEF_r12m: -0.03346053
- IEF_vol3m: 0.05301710
- IEF_mdd: -0.07517592
- TLT_r1m: -0.01431017
- TLT_r3m: -0.00752097
- TLT_r12m: -0.07181413
- TLT_vol3m: 0.11236306
- TLT_mdd: -0.16652099
- TIP_r1m: -0.00928947
- TIP_r3m: -0.00053068
- TIP_r12m: 0.01903762
- TIP_vol3m: 0.04248982
- TIP_mdd: -0.04096783
- LQD_r1m: -0.00642347
- LQD_r3m: 0.00558117
- LQD_r12m: 0.04007511
- LQD_vol3m: 0.04753382
- LQD_mdd: -0.04476260
- HYG_r1m: -0.00551270
- HYG_r3m: 0.02347609
- HYG_r12m: 0.13516933
- HYG_vol3m: 0.03922253
- HYG_mdd: -0.01892799
- GLD_r1m: -0.02242990
- GLD_r3m: 0.03155816
- GLD_r12m: -0.04577877
- GLD_vol3m: 0.11087103
- GLD_mdd: -0.37667263
- SLV_r1m: -0.02972652
- SLV_r3m: 0.02770778
- SLV_r12m: 0.11627906
- SLV_vol3m: 0.19805599
- SLV_mdd: -0.65467625
- DBC_r1m: -0.03984823
- DBC_r3m: -0.03188777
- DBC_r12m: 0.14912954
- DBC_vol3m: 0.11438316
- DBC_mdd: -0.52443608
- VNQ_r1m: -0.00931504
- VNQ_r3m: 0.03746160
- VNQ_r12m: 0.08370603
- VNQ_vol3m: 0.13080573
- VNQ_mdd: -0.09134414
- UUP_r1m: 0.02248076
- UUP_r3m: 0.01932000
- UUP_r12m: 0.04641026
- UUP_vol3m: 0.07632795
- UUP_mdd: -0.01198502
- BIL_r1m: -0.00017566
- BIL_r3m: 0.00052486
- BIL_r12m: 0.00164212
- BIL_vol3m: 0.00339720
- BIL_mdd: -0.00246364
- cross_vol: 0.08086019

Assets: SPY, QQQ, IWM, DIA, EFA, EEM, VEA, VWO, AGG, BND, SHY, IEF, TLT, TIP, LQD, HYG, GLD, SLV, DBC, VNQ, UUP, BIL","```json
{
  ""weights"": {
    ""SPY"": 0.15,
    ""QQQ"": 0.20,
    ""IWM"": 0.18,
    ""DIA"": 0.14,
    ""EFA"": 0.13,
    ""VEA"": 0.06,
    ""VWO"": 0.05,
    ""AGG"": 0.22,
    ""BND"": 0.08,
    ""SHY"": 0.04,
    ""IEF"": 0.03,
    ""TLT"": 0.01,
    ""TIP"": 0.05,
    ""LQD"": 0.07,
    ""HYG"": 0.02,
    ""GLD"": 0.04,
    ""SLV"": 0.03,
    ""DBC"": 0.01,
    ""VNQ"": 0.05,
    ""UUP"": 0.06,
    ""BIL"": 0.02
  }
}
```",1,0,0,14.179034000029787,390,1,0,0,0,269,7.645222,2396,stop,[],1,0,0,0,QQQ,AGG,AGG,0,0,0.3333333333333333,0.8633812783196477,0.2617744346159615,9.71445146547012e-17,2.5257955065251657e-17,0.7050997782705102,0,"{""SPY"":0.0914634146,""QQQ"":0.1219512195,""IWM"":0.1097560976,""DIA"":0.0853658537,""EFA"":0.0792682927,""EEM"":0.0,""VEA"":0.0365853659,""VWO"":0.0304878049,""AGG"":0.1341463415,""BND"":0.0487804878,""SHY"":0.0243902439,""IEF"":0.0182926829,""TLT"":0.006097561,""TIP"":0.0304878049,""LQD"":0.0426829268,""HYG"":0.012195122,""GLD"":0.0243902439,""SLV"":0.0182926829,""DBC"":0.006097561,""VNQ"":0.0304878049,""UUP"":0.0365853659,""BIL"":0.012195122}","{""SPY"":0.0914634146,""QQQ"":0.1219512195,""IWM"":0.1097560976,""DIA"":0.0853658537,""EFA"":0.0792682927,""EEM"":0.0,""VEA"":0.0365853659,""VWO"":0.0304878049,""AGG"":0.1341463415,""BND"":0.0487804878,""SHY"":0.0243902439,""IEF"":0.0182926829,""TLT"":0.006097561,""TIP"":0.0304878049,""LQD"":0.0426829268,""HYG"":0.012195122,""GLD"":0.0243902439,""SLV"":0.0182926829,""DBC"":0.006097561,""VNQ"":0.0304878049,""UUP"":0.0365853659,""BIL"":0.012195122}","{""SPY"":0.1430551252,""QQQ"":0.2214967553,""IWM"":0.0713037697,""DIA"":0.2185280878,""EFA"":0.0349198048,""EEM"":0.0185487023,""VEA"":0.0408982622,""VWO"":0.0276114423,""AGG"":0.0103347339,""BND"":0.0100495827,""SHY"":0.018995562,""IEF"":0.0041617836,""TLT"":0.0005722939,""TIP"":0.0097080276,""LQD"":0.010441141,""HYG"":0.1267483897,""GLD"":0.0003322965,""SLV"":0.000078494,""DBC"":0.001062732,""VNQ"":0.0021938446,""UUP"":0.0067877547,""BIL"":0.0221714143}",0,1.0000000000000002,0.13414634146341464,0.0,2.220446049250313e-16,0,0,1.0,0.13414634146341464,0.0,1,1,1,5feb8f7d2f2e9b64d7392d01
q1_20260801_011049,model_family_generalization,P6,qwen3.5:4b,P6,,,real_ticker,,2018-01-05,42,10.0,0.6,0.25,5983d8a1fc5f5206,"You are a HYBRID DEFENSIVE-MOMENTUM policy profile. Use only the supplied feature values. Prefer assets with above-median `_r12m`, but among those candidates favor lower `_vol3m` and smaller drawdowns. Avoid assets with severe drawdowns unless their twelve-month momentum is unusually strong and their volatility is not high. During high cross-sectional volatility, keep at least 20% of the portfolio in bond-like or cash-like ETFs if such assets are present in the provided asset list. Do not allocate more than 40% to any single risky asset as a language-level preference; the deterministic projection layer will enforce final feasibility. Include every eligible ticker exactly once. Return strictly valid JSON only with a `weights` object whose values are decimals, not percentages.
Hard constraints for the execution layer: long-only weights, weights sum to one, maximum single-asset weight 0.60, and turnover cap 0.25. You propose weights; deterministic projection will enforce final feasibility.

Current Features:
- SPY_r1m: 0.04417929
- SPY_r3m: 0.07915503
- SPY_r12m: 0.23116435
- SPY_vol3m: 0.05868879
- SPY_mdd: 0.00000000
- QQQ_r1m: 0.06183277
- QQQ_r3m: 0.10035697
- QQQ_r12m: 0.35183209
- QQQ_vol3m: 0.10697084
- QQQ_mdd: 0.00000000
- IWM_r1m: 0.02946103
- IWM_r3m: 0.03405101
- IWM_r12m: 0.15189093
- IWM_vol3m: 0.09679892
- IWM_mdd: 0.00000000
- DIA_r1m: 0.04664558
- DIA_r3m: 0.11626610
- DIA_r12m: 0.30032631
- DIA_vol3m: 0.06232716
- DIA_mdd: 0.00000000
- EFA_r1m: 0.05310852
- EFA_r3m: 0.06771771
- EFA_r12m: 0.25402630
- EFA_vol3m: 0.06627542
- EFA_mdd: 0.00000000
- EEM_r1m: 0.08659156
- EEM_r3m: 0.08753922
- EEM_r12m: 0.38835277
- EEM_vol3m: 0.12605615
- EEM_mdd: 0.00000000
- VEA_r1m: 0.05475824
- VEA_r3m: 0.07371010
- VEA_r12m: 0.26585167
- VEA_vol3m: 0.06651868
- VEA_mdd: 0.00000000
- VWO_r1m: 0.08967606
- VWO_r3m: 0.07964519
- VWO_r12m: 0.32981968
- VWO_vol3m: 0.11620385
- VWO_mdd: 0.00000000
- AGG_r1m: -0.00168321
- AGG_r3m: 0.00087501
- AGG_r12m: 0.02717255
- AGG_vol3m: 0.02348980
- AGG_mdd: -0.00729761
- BND_r1m: -0.00243293
- BND_r3m: 0.00088849
- BND_r12m: 0.02992311
- BND_vol3m: 0.02377469
- BND_mdd: -0.00833827
- SHY_r1m: -0.00054858
- SHY_r3m: -0.00402260
- SHY_r12m: 0.00167153
- SHY_vol3m: 0.00628280
- SHY_mdd: -0.00716208
- IEF_r1m: -0.00609315
- IEF_r3m: -0.00576775
- IEF_r12m: 0.01419193
- IEF_vol3m: 0.03399461
- IEF_mdd: -0.05109347
- TLT_r1m: -0.00993497
- TLT_r3m: 0.02065846
- TLT_r12m: 0.05665001
- TLT_vol3m: 0.09730552
- TLT_mdd: -0.09161539
- TIP_r1m: 0.00270342
- TIP_r3m: 0.01174256
- TIP_r12m: 0.02099206
- TIP_vol3m: 0.02835731
- TIP_mdd: -0.01330013
- LQD_r1m: 0.00004459
- LQD_r3m: 0.00613208
- LQD_r12m: 0.05448026
- LQD_vol3m: 0.03805262
- LQD_mdd: -0.00551130
- HYG_r1m: 0.01186418
- HYG_r3m: 0.00621513
- HYG_r12m: 0.06078966
- HYG_vol3m: 0.03349994
- HYG_mdd: 0.00000000
- GLD_r1m: 0.04163898
- GLD_r3m: 0.03991043
- GLD_r12m: 0.11325280
- GLD_vol3m: 0.08823770
- GLD_mdd: -0.32103579
- SLV_r1m: 0.06500327
- SLV_r3m: 0.03377946
- SLV_r12m: 0.02918776
- SLV_vol3m: 0.15591118
- SLV_mdd: -0.65679222
- DBC_r1m: 0.03788810
- DBC_r3m: 0.08015507
- DBC_r12m: 0.05425862
- DBC_vol3m: 0.10863793
- DBC_mdd: -0.47650380
- VNQ_r1m: -0.01394883
- VNQ_r3m: -0.01512844
- VNQ_r12m: 0.00331687
- VNQ_vol3m: 0.09331326
- VNQ_mdd: -0.06172277
- UUP_r1m: -0.01265642
- UUP_r3m: -0.01751023
- UUP_r12m: -0.08533268
- UUP_vol3m: 0.05170730
- UUP_mdd: -0.10177618
- BIL_r1m: 0.00089756
- BIL_r3m: 0.00238621
- BIL_r12m: 0.00711161
- BIL_vol3m: 0.00260695
- BIL_mdd: 0.00000000
- cross_vol: 0.06750052

Assets: SPY, QQQ, IWM, DIA, EFA, EEM, VEA, VWO, AGG, BND, SHY, IEF, TLT, TIP, LQD, HYG, GLD, SLV, DBC, VNQ, UUP, BIL","```json
{
  ""weights"": {
    ""SPY"": 0.125,
    ""QQQ"": 0.180,
    ""IWM"": 0.140,
    ""DIA"": 0.135,
    ""EFA"": 0.160,
    ""VEA"": 0.090,
    ""VWO"": 0.085,
    ""AGG"": 0.240,
    ""BND"": 0.170,
    ""SHY"": 0.060,
    ""IEF"": 0.030,
    ""TLT"": 0.085,
    ""TIP"": 0.045,
    ""LQD"": 0.120,
    ""HYG"": 0.070,
    ""GLD"": 0.035,
    ""SLV"": 0.020,
    ""DBC"": 0.040,
    ""VNQ"": 0.015,
    ""UUP"": 0.010,
    ""BIL"": 0.065
  }
}
```",1,0,0,14.354836249956861,411,1,0,0,0,290,8.172962,2396,stop,[],1,0,0,0,DIA,AGG,AGG,0,0,0.0,0.814190304375069,0.23429958168167903,7.632783294297885e-17,2.1103821920200648e-17,0.5984848484848485,0,"{""SPY"":0.0651041667,""QQQ"":0.09375,""IWM"":0.0729166667,""DIA"":0.0703125,""EFA"":0.0833333333,""EEM"":0.0,""VEA"":0.046875,""VWO"":0.0442708333,""AGG"":0.125,""BND"":0.0885416667,""SHY"":0.03125,""IEF"":0.015625,""TLT"":0.0442708333,""TIP"":0.0234375,""LQD"":0.0625,""HYG"":0.0364583333,""GLD"":0.0182291667,""SLV"":0.0104166667,""DBC"":0.0208333333,""VNQ"":0.0078125,""UUP"":0.0052083333,""BIL"":0.0338541667}","{""SPY"":0.0651041667,""QQQ"":0.09375,""IWM"":0.0729166667,""DIA"":0.0703125,""EFA"":0.0833333333,""EEM"":5.204170428e-18,""VEA"":0.046875,""VWO"":0.0442708333,""AGG"":0.125,""BND"":0.0885416667,""SHY"":0.03125,""IEF"":0.015625,""TLT"":0.0442708333,""TIP"":0.0234375,""LQD"":0.0625,""HYG"":0.0364583333,""GLD"":0.0182291667,""SLV"":0.0104166667,""DBC"":0.0208333333,""VNQ"":0.0078125,""UUP"":0.0052083333,""BIL"":0.0338541667}","{""SPY"":0.1210343485,""QQQ"":0.0906444006,""IWM"":0.02638747,""DIA"":0.1849359553,""EFA"":0.1190556469,""EEM"":0.0744191249,""VEA"":0.1292010545,""VWO"":0.0613805636,""AGG"":0.0161849972,""BND"":0.0163370529,""SHY"":0.0204408048,""IEF"":0.0095714926,""TLT"":0.0089844707,""TIP"":0.0134010953,""LQD"":0.0139632269,""HYG"":0.0634226251,""GLD"":0.0018358287,""SLV"":0.0000503136,""DBC"":0.000391143,""VNQ"":0.0019763607,""UUP"":0.0024291883,""BIL"":0.0239528358}",0,1.0,0.125,0.0,0.0,0,0,1.0,0.125,5.204170427929753e-18,1,1,1,ab4bcc80cb14ccfce33636a7
q1_20260801_011049,model_family_generalization,P6,qwen3.5:4b,P6,,,real_ticker,,2019-05-09,42,10.0,0.6,0.25,e3ed222323886c98,"You are a HYBRID DEFENSIVE-MOMENTUM policy profile. Use only the supplied feature values. Prefer assets with above-median `_r12m`, but among those candidates favor lower `_vol3m` and smaller drawdowns. Avoid assets with severe drawdowns unless their twelve-month momentum is unusually strong and their volatility is not high. During high cross-sectional volatility, keep at least 20% of the portfolio in bond-like or cash-like ETFs if such assets are present in the provided asset list. Do not allocate more than 40% to any single risky asset as a language-level preference; the deterministic projection layer will enforce final feasibility. Include every eligible ticker exactly once. Return strictly valid JSON only with a `weights` object whose values are decimals, not percentages.
Hard constraints for the execution layer: long-only weights, weights sum to one, maximum single-asset weight 0.60, and turnover cap 0.25. You propose weights; deterministic projection will enforce final feasibility.

Current Features:
- SPY_r1m: -0.00226275
- SPY_r3m: 0.06582756
- SPY_r12m: 0.09478944
- SPY_vol3m: 0.09580870
- SPY_mdd: -0.02506550
- QQQ_r1m: 0.00157196
- QQQ_r3m: 0.10031644
- QQQ_r12m: 0.12222501
- QQQ_vol3m: 0.11510087
- QQQ_mdd: -0.03317471
- IWM_r1m: 0.00637918
- IWM_r3m: 0.04620456
- IWM_r12m: 0.00182457
- IWM_vol3m: 0.15063857
- IWM_mdd: -0.08942642
- DIA_r1m: -0.01114855
- DIA_r3m: 0.03157495
- DIA_r12m: 0.08486647
- DIA_vol3m: 0.09881017
- DIA_mdd: -0.03017095
- EFA_r1m: -0.01548506
- EFA_r3m: 0.04226925
- EFA_r12m: -0.05779312
- EFA_vol3m: 0.09836946
- EFA_mdd: -0.11163368
- EEM_r1m: -0.05822597
- EEM_r3m: -0.01580192
- EEM_r12m: -0.08156832
- EEM_vol3m: 0.14831093
- EEM_mdd: -0.18138269
- VEA_r1m: -0.01925851
- VEA_r3m: 0.03477293
- VEA_r12m: -0.06538724
- VEA_vol3m: 0.09928218
- VEA_mdd: -0.11909024
- VWO_r1m: -0.05507291
- VWO_r3m: 0.00707782
- VWO_r12m: -0.06262578
- VWO_vol3m: 0.14810608
- VWO_mdd: -0.16526100
- AGG_r1m: 0.00471187
- AGG_r3m: 0.02190375
- AGG_r12m: 0.05988381
- AGG_vol3m: 0.02656927
- AGG_mdd: 0.00000000
- BND_r1m: 0.00502073
- BND_r3m: 0.02210543
- BND_r12m: 0.06044256
- BND_vol3m: 0.02704355
- BND_mdd: 0.00000000
- SHY_r1m: 0.00341133
- SHY_r3m: 0.00951010
- SHY_r12m: 0.03033306
- SHY_vol3m: 0.00900614
- SHY_mdd: 0.00000000
- IEF_r1m: 0.00617405
- IEF_r3m: 0.02254297
- IEF_r12m: 0.07266997
- IEF_vol3m: 0.04312103
- IEF_mdd: -0.01158189
- TLT_r1m: 0.00969710
- TLT_r3m: 0.03195522
- TLT_r12m: 0.08137050
- TLT_vol3m: 0.09062296
- TLT_mdd: -0.06470077
- TIP_r1m: 0.00386182
- TIP_r3m: 0.02118114
- TIP_r12m: 0.02984121
- TIP_vol3m: 0.03277262
- TIP_mdd: -0.00348235
- LQD_r1m: 0.00431460
- LQD_r3m: 0.03283651
- LQD_r12m: 0.07642514
- LQD_vol3m: 0.03862540
- LQD_mdd: -0.00416418
- HYG_r1m: 0.00038877
- HYG_r3m: 0.02725938
- HYG_r12m: 0.06306885
- HYG_vol3m: 0.03112624
- HYG_mdd: -0.00715827
- GLD_r1m: -0.01583439
- GLD_r3m: -0.02052692
- GLD_r12m: -0.02720924
- GLD_vol3m: 0.09454293
- GLD_mdd: -0.34340972
- SLV_r1m: -0.03151259
- SLV_r3m: -0.06364255
- SLV_r12m: -0.10831723
- SLV_vol3m: 0.14470178
- SLV_mdd: -0.70736351
- DBC_r1m: -0.03333334
- DBC_r3m: 0.01228170
- DBC_r12m: -0.10527903
- DBC_vol3m: 0.09239528
- DBC_mdd: -0.50302616
- VNQ_r1m: -0.01093327
- VNQ_r3m: 0.02894010
- VNQ_r12m: 0.15783378
- VNQ_vol3m: 0.11374941
- VNQ_mdd: -0.02396400
- UUP_r1m: 0.00692847
- UUP_r3m: 0.01829493
- UUP_r12m: 0.08056124
- UUP_vol3m: 0.04548472
- UUP_mdd: -0.00875474
- BIL_r1m: 0.00190321
- BIL_r3m: 0.00569870
- BIL_r12m: 0.02028811
- BIL_vol3m: 0.00170460
- BIL_mdd: 0.00000000
- cross_vol: 0.07935877

Assets: SPY, QQQ, IWM, DIA, EFA, EEM, VEA, VWO, AGG, BND, SHY, IEF, TLT, TIP, LQD, HYG, GLD, SLV, DBC, VNQ, UUP, BIL","```json
{
  ""weights"": {
    ""SPY"": 0.125,
    ""QQQ"": 0.180,
    ""IWM"": 0.040,
    ""DIA"": 0.130,
    ""EFA"": 0.090,
    ""AGG"": 0.165,
    ""BND"": 0.080,
    ""SHY"": 0.045,
    ""IEF"": 0.075,
    ""TLT"": 0.095,
    ""TIP"": 0.120,
    ""LQD"": 0.085,
    ""HYG"": 0.035,
    ""GLD"": 0.040,
    ""SLV"": 0.020,
    ""DBC"": 0.015,
    ""VNQ"": 0.065,
    ""UUP"": 0.070,
    ""BIL"": 0.035
  }
}
```",1,0,0,13.62475104094483,375,1,0,0,0,264,7.436,2396,stop,[],3,0,0,0,AGG,QQQ,QQQ,0,0,0.3333333333333333,0.7925485933582797,0.2137737917827639,1.1102230246251001e-16,2.7755575615627502e-17,0.609271523178808,0,"{""SPY"":0.082781457,""QQQ"":0.119205298,""IWM"":0.0264900662,""DIA"":0.0860927152,""EFA"":0.059602649,""EEM"":0.0,""VEA"":0.0,""VWO"":0.0,""AGG"":0.1092715232,""BND"":0.0529801325,""SHY"":0.0298013245,""IEF"":0.0496688742,""TLT"":0.0629139073,""TIP"":0.0794701987,""LQD"":0.0562913907,""HYG"":0.0231788079,""GLD"":0.0264900662,""SLV"":0.0132450331,""DBC"":0.0099337748,""VNQ"":0.0430463576,""UUP"":0.0463576159,""BIL"":0.0231788079}","{""SPY"":0.082781457,""QQQ"":0.119205298,""IWM"":0.0264900662,""DIA"":0.0860927152,""EFA"":0.059602649,""EEM"":6.938893904e-18,""VEA"":6.938893904e-18,""VWO"":6.938893904e-18,""AGG"":0.1092715232,""BND"":0.0529801325,""SHY"":0.0298013245,""IEF"":0.0496688742,""TLT"":0.0629139073,""TIP"":0.0794701987,""LQD"":0.0562913907,""HYG"":0.0231788079,""GLD"":0.0264900662,""SLV"":0.0132450331,""DBC"":0.0099337748,""VNQ"":0.0430463576,""UUP"":0.0463576159,""BIL"":0.0231788079}","{""SPY"":0.041852637,""QQQ"":0.0388483078,""IWM"":0.0007765007,""DIA"":0.0337264573,""EFA"":0.0009814648,""EEM"":0.00018974,""VEA"":0.0008456864,""VWO"":0.0002607693,""AGG"":0.1261259497,""BND"":0.1257936859,""SHY"":0.0325584565,""IEF"":0.1007072217,""TLT"":0.0337009934,""TIP"":0.0192304668,""LQD"":0.1198226574,""HYG"":0.1162851748,""GLD"":0.0006764183,""SLV"":0.0000201972,""DBC"":0.0001374254,""VNQ"":0.0666503621,""UUP"":0.1075502262,""BIL"":0.0332592013}",0,1.0,0.11920529801324503,0.0,0.0,0,0,1.0,0.11920529801324503,6.9388939039053456e-18,1,1,1,a41df7f2f5ac3b905625990d
q1_20260801_011049,model_family_generalization,P6,qwen3.5:4b,P6,,,real_ticker,,2019-09-09,42,10.0,0.6,0.25,62cb32e932b00905,"You are a HYBRID DEFENSIVE-MOMENTUM policy profile. Use only the supplied feature values. Prefer assets with above-median `_r12m`, but among those candidates favor lower `_vol3m` and smaller drawdowns. Avoid assets with severe drawdowns unless their twelve-month momentum is unusually strong and their volatility is not high. During high cross-sectional volatility, keep at least 20% of the portfolio in bond-like or cash-like ETFs if such assets are present in the provided asset list. Do not allocate more than 40% to any single risky asset as a language-level preference; the deterministic projection layer will enforce final feasibility. Include every eligible ticker exactly once. Return strictly valid JSON only with a `weights` object whose values are decimals, not percentages.
Hard constraints for the execution layer: long-only weights, weights sum to one, maximum single-asset weight 0.60, and turnover cap 0.25. You propose weights; deterministic projection will enforce final feasibility.

Current Features:
- SPY_r1m: 0.01559880
- SPY_r3m: 0.03696073
- SPY_r12m: 0.05531090
- SPY_vol3m: 0.15245726
- SPY_mdd: -0.01261500
- QQQ_r1m: 0.01556362
- QQQ_r3m: 0.04620675
- QQQ_r12m: 0.06076174
- QQQ_vol3m: 0.18544344
- QQQ_mdd: -0.02099420
- IWM_r1m: -0.00413043
- IWM_r3m: 0.00458309
- IWM_r12m: -0.09880829
- IWM_vol3m: 0.18791580
- IWM_mdd: -0.11125683
- DIA_r1m: 0.02036345
- DIA_r3m: 0.03594730
- DIA_r12m: 0.05589472
- DIA_vol3m: 0.14781233
- DIA_mdd: -0.01414706
- EFA_r1m: 0.02114214
- EFA_r3m: 0.00572255
- EFA_r12m: 0.01314462
- EFA_vol3m: 0.12316525
- EFA_mdd: -0.09428820
- EEM_r1m: 0.02730921
- EEM_r3m: 0.00205505
- EEM_r12m: 0.01345468
- EEM_vol3m: 0.17022429
- EEM_mdd: -0.18205928
- VEA_r1m: 0.01990553
- VEA_r3m: 0.00451626
- VEA_r12m: -0.00005764
- VEA_vol3m: 0.12376255
- VEA_mdd: -0.10381702
- VWO_r1m: 0.02247468
- VWO_r3m: 0.01055302
- VWO_r12m: 0.04678236
- VWO_vol3m: 0.16334524
- VWO_mdd: -0.15849175
- AGG_r1m: 0.00586412
- AGG_r3m: 0.03388051
- AGG_r12m: 0.09921356
- AGG_vol3m: 0.03621172
- AGG_mdd: -0.00745366
- BND_r1m: 0.00578809
- BND_r3m: 0.03447275
- BND_r12m: 0.09761675
- BND_vol3m: 0.03713430
- BND_mdd: -0.00857290
- SHY_r1m: 0.00089315
- SHY_r3m: 0.00903842
- SHY_r12m: 0.04096814
- SHY_vol3m: 0.01513513
- SHY_mdd: -0.00317307
- IEF_r1m: 0.00523716
- IEF_r3m: 0.04228128
- IEF_r12m: 0.12711646
- IEF_vol3m: 0.05660929
- IEF_mdd: -0.01356704
- TLT_r1m: 0.02225703
- TLT_r3m: 0.10360744
- TLT_r12m: 0.22295633
- TLT_vol3m: 0.13706245
- TLT_mdd: -0.02940985
- TIP_r1m: 0.00093007
- TIP_r3m: 0.02756328
- TIP_r12m: 0.06629759
- TIP_vol3m: 0.04140446
- TIP_mdd: -0.01127424
- LQD_r1m: 0.00938582
- LQD_r3m: 0.05861432
- LQD_r12m: 0.14511201
- LQD_vol3m: 0.05678998
- LQD_mdd: -0.01242885
- HYG_r1m: 0.01427495
- HYG_r3m: 0.02476574
- HYG_r12m: 0.07303114
- HYG_vol3m: 0.05119133
- HYG_mdd: 0.00000000
- GLD_r1m: -0.00239890
- GLD_r3m: 0.12814168
- GLD_r12m: 0.24528799
- GLD_vol3m: 0.16104264
- GLD_mdd: -0.23403217
- SLV_r1m: 0.05915667
- SLV_r3m: 0.22133529
- SLV_r12m: 0.26446276
- SLV_vol3m: 0.23505377
- SLV_mdd: -0.64388488
- DBC_r1m: 0.02968962
- DBC_r3m: 0.00859223
- DBC_r12m: -0.09653945
- DBC_vol3m: 0.15370854
- DBC_mdd: -0.51572025
- VNQ_r1m: 0.02242731
- VNQ_r3m: 0.05820342
- VNQ_r12m: 0.15837078
- VNQ_vol3m: 0.13541878
- VNQ_mdd: -0.00979545
- UUP_r1m: 0.00906017
- UUP_r3m: 0.02531646
- UUP_r12m: 0.07169649
- UUP_vol3m: 0.04901403
- UUP_mdd: -0.00742661
- BIL_r1m: 0.00139906
- BIL_r3m: 0.00501565
- BIL_r12m: 0.02182610
- BIL_vol3m: 0.00216312
- BIL_mdd: 0.00000000
- cross_vol: 0.11009389

Assets: SPY, QQQ, IWM, DIA, EFA, EEM, VEA, VWO, AGG, BND, SHY, IEF, TLT, TIP, LQD, HYG, GLD, SLV, DBC, VNQ, UUP, BIL","```json
{
  ""weights"": {
    ""SPY"": 0.125,
    ""QQQ"": 0.180,
    ""IWM"": 0.040,
    ""DIA"": 0.130,
    ""EFA"": 0.160,
    ""EEM"": 0.025,
    ""VEA"": 0.080,
    ""VWO"": 0.090,
    ""AGG"": 0.070,
    ""BND"": 0.140,
    ""SHY"": 0.035,
    ""IEF"": 0.060,
    ""TLT"": 0.085,
    ""TIP"": 0.075,
    ""LQD"": 0.120,
    ""HYG"": 0.030,
    ""GLD"": 0.045,
    ""SLV"": 0.020,
    ""DBC"": 0.015,
    ""VNQ"": 0.175,
    ""UUP"": 0.065,
    ""BIL"": 0.035
  }
}
```",1,0,0,14.716138292104006,429,1,0,0,0,303,8.532589,2396,stop,[],0,0,0,0,LQD,QQQ,QQQ,0,0,0.0,1.0451407540300652,0.2635473291060261,1.0408340855860843e-16,2.6874220530932865e-17,0.5207070707070706,0,"{""SPY"":0.0694444444,""QQQ"":0.1,""IWM"":0.0222222222,""DIA"":0.0722222222,""EFA"":0.0888888889,""EEM"":0.0138888889,""VEA"":0.0444444444,""VWO"":0.05,""AGG"":0.0388888889,""BND"":0.0777777778,""SHY"":0.0194444444,""IEF"":0.0333333333,""TLT"":0.0472222222,""TIP"":0.0416666667,""LQD"":0.0666666667,""HYG"":0.0166666667,""GLD"":0.025,""SLV"":0.0111111111,""DBC"":0.0083333333,""VNQ"":0.0972222222,""UUP"":0.0361111111,""BIL"":0.0194444444}","{""SPY"":0.0694444444,""QQQ"":0.1,""IWM"":0.0222222222,""DIA"":0.0722222222,""EFA"":0.0888888889,""EEM"":0.0138888889,""VEA"":0.0444444444,""VWO"":0.05,""AGG"":0.0388888889,""BND"":0.0777777778,""SHY"":0.0194444444,""IEF"":0.0333333333,""TLT"":0.0472222222,""TIP"":0.0416666667,""LQD"":0.0666666667,""HYG"":0.0166666667,""GLD"":0.025,""SLV"":0.0111111111,""DBC"":0.0083333333,""VNQ"":0.0972222222,""UUP"":0.0361111111,""BIL"":0.0194444444}","{""SPY"":0.0034202753,""QQQ"":0.0021106367,""IWM"":0.0002437935,""DIA"":0.0036756319,""EFA"":0.0024351245,""EEM"":0.0008313397,""VEA"":0.0020079172,""VWO"":0.0014669821,""AGG"":0.1293041141,""BND"":0.1246914021,""SHY"":0.0252653485,""IEF"":0.1252485383,""TLT"":0.0976180634,""TIP"":0.0817713369,""LQD"":0.1529942983,""HYG"":0.0792191427,""GLD"":0.0100127263,""SLV"":0.000763836,""DBC"":0.0000838467,""VNQ"":0.0531552909,""UUP"":0.0783642589,""BIL"":0.0253160959}",0,1.0,0.09999999999999999,0.008333333333333333,0.0,0,0,1.0,0.09999999999999999,0.00833333333333334,1,1,1,81c08aeede60dee447e1c980
q1_20260801_011049,model_family_generalization,P6,qwen3.5:4b,P6,,,real_ticker,,2020-09-08,42,10.0,0.6,0.25,8dbe48060ce762e6,"You are a HYBRID DEFENSIVE-MOMENTUM policy profile. Use only the supplied feature values. Prefer assets with above-median `_r12m`, but among those candidates favor lower `_vol3m` and smaller drawdowns. Avoid assets with severe drawdowns unless their twelve-month momentum is unusually strong and their volatility is not high. During high cross-sectional volatility, keep at least 20% of the portfolio in bond-like or cash-like ETFs if such assets are present in the provided asset list. Do not allocate more than 40% to any single risky asset as a language-level preference; the deterministic projection layer will enforce final feasibility. Include every eligible ticker exactly once. Return strictly valid JSON only with a `weights` object whose values are decimals, not percentages.
Hard constraints for the execution layer: long-only weights, weights sum to one, maximum single-asset weight 0.60, and turnover cap 0.25. You propose weights; deterministic projection will enforce final feasibility.

Current Features:
- SPY_r1m: -0.00406501
- SPY_r3m: 0.04328779
- SPY_r12m: 0.13971018
- SPY_vol3m: 0.20520504
- SPY_mdd: -0.06846520
- QQQ_r1m: -0.00559922
- QQQ_r3m: 0.11146477
- QQQ_r12m: 0.42335305
- QQQ_vol3m: 0.26403538
- QQQ_mdd: -0.10836969
- IWM_r1m: -0.04040481
- IWM_r3m: 0.00071060
- IWM_r12m: 0.00081970
- IWM_vol3m: 0.28068665
- IWM_mdd: -0.11052834
- DIA_r1m: 0.00509787
- DIA_r3m: 0.01337278
- DIA_r12m: 0.04793963
- DIA_vol3m: 0.22570523
- DIA_mdd: -0.05542039
- EFA_r1m: 0.00157158
- EFA_r3m: 0.01292397
- EFA_r12m: 0.00993209
- EFA_vol3m: 0.19770643
- EFA_mdd: -0.08529258
- EEM_r1m: -0.00683839
- EEM_r3m: 0.07172398
- EEM_r12m: 0.08165509
- EEM_vol3m: 0.22189815
- EEM_mdd: -0.11527026
- VEA_r1m: 0.00219724
- VEA_r3m: 0.02329228
- VEA_r12m: 0.02803228
- VEA_vol3m: 0.19482345
- VEA_mdd: -0.07869497
- VWO_r1m: -0.00391327
- VWO_r3m: 0.07643231
- VWO_r12m: 0.07836677
- VWO_vol3m: 0.22059811
- VWO_mdd: -0.09254547
- AGG_r1m: -0.00841405
- AGG_r3m: 0.01429156
- AGG_r12m: 0.06969416
- AGG_vol3m: 0.02612786
- AGG_mdd: -0.01007155
- BND_r1m: -0.00969902
- BND_r3m: 0.01547233
- BND_r12m: 0.07246418
- BND_vol3m: 0.02784548
- BND_mdd: -0.01080567
- SHY_r1m: -0.00047408
- SHY_r3m: 0.00138659
- SHY_r12m: 0.03427634
- SHY_vol3m: 0.00363679
- SHY_mdd: -0.00081970
- IEF_r1m: -0.00580908
- IEF_r3m: 0.01410812
- IEF_r12m: 0.09544497
- IEF_vol3m: 0.03454413
- IEF_mdd: -0.01009069
- TLT_r1m: -0.03505451
- TLT_r3m: 0.03665568
- TLT_r12m: 0.16348307
- TLT_vol3m: 0.12845816
- TLT_mdd: -0.04456007
- TIP_r1m: 0.00174338
- TIP_r3m: 0.04290780
- TIP_r12m: 0.09241353
- TIP_vol3m: 0.03463938
- TIP_mdd: -0.00558643
- LQD_r1m: -0.02439783
- LQD_r3m: 0.02686337
- LQD_r12m: 0.09467231
- LQD_vol3m: 0.06910272
- LQD_mdd: -0.02713238
- HYG_r1m: -0.00953089
- HYG_r3m: 0.01375316
- HYG_r12m: 0.01262807
- HYG_vol3m: 0.08909565
- HYG_mdd: -0.02055090
- GLD_r1m: -0.04989259
- GLD_r3m: 0.12420935
- GLD_r12m: 0.28219813
- GLD_vol3m: 0.18964211
- GLD_mdd: -0.06498533
- SLV_r1m: -0.05498284
- SLV_r3m: 0.50730815
- SLV_r12m: 0.47058824
- SLV_vol3m: 0.55145241
- SLV_mdd: -0.47630129
- DBC_r1m: -0.02657555
- DBC_r3m: 0.04397402
- DBC_r12m: -0.14643738
- DBC_vol3m: 0.16081489
- DBC_mdd: -0.58663691
- VNQ_r1m: -0.01808427
- VNQ_r3m: -0.04275215
- VNQ_r12m: -0.09796688
- VNQ_vol3m: 0.24481293
- VNQ_mdd: -0.17305706
- UUP_r1m: -0.00039628
- UUP_r3m: -0.03223315
- UUP_r12m: -0.03760204
- UUP_vol3m: 0.06097549
- UUP_mdd: -0.10217167
- BIL_r1m: 0.00000000
- BIL_r3m: 0.00010953
- BIL_r12m: 0.00932154
- BIL_vol3m: 0.00130517
- BIL_mdd: -0.00058917
- cross_vol: 0.15605053

Assets: SPY, QQQ, IWM, DIA, EFA, EEM, VEA, VWO, AGG, BND, SHY, IEF, TLT, TIP, LQD, HYG, GLD, SLV, DBC, VNQ, UUP, BIL","```json
{
  ""weights"": {
    ""SPY"": 0.12,
    ""QQQ"": 0.15,
    ""IWM"": 0.08,
    ""DIA"": 0.14,
    ""EFA"": 0.13,
    ""VEA"": 0.09,
    ""VWO"": 0.07,
    ""AGG"": 0.25,
    ""BND"": 0.18,
    ""SHY"": 0.06,
    ""IEF"": 0.04,
    ""TLT"": 0.03,
    ""TIP"": 0.07,
    ""LQD"": 0.05,
    ""HYG"": 0.02,
    ""GLD"": 0.16,
    ""SLV"": 0.04,
    ""DBC"": 0.03,
    ""VNQ"": 0.08,
    ""UUP"": 0.05,
    ""BIL"": 0.27
  }
}
```",1,0,0,13.846701583825052,390,1,0,0,0,269,7.671149,2396,stop,[],1,0,0,0,QQQ,BIL,BIL,0,0,0.0,1.0122120973249857,0.2648681272770836,3.122502256758208e-17,1.0408340855860693e-17,0.5997414907367514,0,"{""SPY"":0.0568720379,""QQQ"":0.0710900474,""IWM"":0.0379146919,""DIA"":0.0663507109,""EFA"":0.0616113744,""EEM"":0.0,""VEA"":0.0426540284,""VWO"":0.0331753555,""AGG"":0.1184834123,""BND"":0.0853080569,""SHY"":0.028436019,""IEF"":0.018957346,""TLT"":0.0142180095,""TIP"":0.0331753555,""LQD"":0.0236966825,""HYG"":0.009478673,""GLD"":0.0758293839,""SLV"":0.018957346,""DBC"":0.0142180095,""VNQ"":0.0379146919,""UUP"":0.0236966825,""BIL"":0.1279620853}","{""SPY"":0.0568720379,""QQQ"":0.0710900474,""IWM"":0.0379146919,""DIA"":0.0663507109,""EFA"":0.0616113744,""EEM"":3.469446952e-18,""VEA"":0.0426540284,""VWO"":0.0331753555,""AGG"":0.1184834123,""BND"":0.0853080569,""SHY"":0.028436019,""IEF"":0.018957346,""TLT"":0.0142180095,""TIP"":0.0331753555,""LQD"":0.0236966825,""HYG"":0.009478673,""GLD"":0.0758293839,""SLV"":0.018957346,""DBC"":0.0142180095,""VNQ"":0.0379146919,""UUP"":0.0236966825,""BIL"":0.1279620853}","{""SPY"":0.0352594271,""QQQ"":0.1345808311,""IWM"":0.0015741137,""DIA"":0.00439395,""EFA"":0.0036646987,""EEM"":0.0165133312,""VEA"":0.0043914688,""VWO"":0.0181128509,""AGG"":0.0312031469,""BND"":0.118651411,""SHY"":0.0303939957,""IEF"":0.1326240392,""TLT"":0.0860433554,""TIP"":0.132460096,""LQD"":0.092444394,""HYG"":0.0120210419,""GLD"":0.1105631265,""SLV"":0.000902774,""DBC"":0.000161031,""VNQ"":0.0007839651,""UUP"":0.0072476238,""BIL"":0.0260093278}",0,1.0,0.1279620853080569,0.0,0.0,0,0,1.0,0.1279620853080569,3.4694469519531654e-18,1,1,1,c4b2a7e9d68e96821c0f96a5
q1_20260801_011049,model_family_generalization,P6,qwen3.5:4b,P6,,,real_ticker,,2021-09-08,42,10.0,0.6,0.25,d5a73a1dbacb0fb6,"You are a HYBRID DEFENSIVE-MOMENTUM policy profile. Use only the supplied feature values. Prefer assets with above-median `_r12m`, but among those candidates favor lower `_vol3m` and smaller drawdowns. Avoid assets with severe drawdowns unless their twelve-month momentum is unusually strong and their volatility is not high. During high cross-sectional volatility, keep at least 20% of the portfolio in bond-like or cash-like ETFs if such assets are present in the provided asset list. Do not allocate more than 40% to any single risky asset as a language-level preference; the deterministic projection layer will enforce final feasibility. Include every eligible ticker exactly once. Return strictly valid JSON only with a `weights` object whose values are decimals, not percentages.
Hard constraints for the execution layer: long-only weights, weights sum to one, maximum single-asset weight 0.60, and turnover cap 0.25. You propose weights; deterministic projection will enforce final feasibility.

Current Features:
- SPY_r1m: 0.01985833
- SPY_r3m: 0.07289284
- SPY_r12m: 0.37338641
- SPY_vol3m: 0.09329927
- SPY_mdd: -0.00503091
- QQQ_r1m: 0.03267948
- QQQ_r3m: 0.13175881
- QQQ_r12m: 0.41654025
- QQQ_vol3m: 0.10118020
- QQQ_mdd: -0.00348065
- IWM_r1m: 0.00792218
- IWM_r3m: -0.03061995
- IWM_r12m: 0.50966423
- IWM_vol3m: 0.18821418
- IWM_mdd: -0.04155746
- DIA_r1m: 0.00055320
- DIA_r3m: 0.02109900
- DIA_r12m: 0.29591187
- DIA_vol3m: 0.10619576
- DIA_mdd: -0.01465518
- EFA_r1m: 0.01507418
- EFA_r3m: 0.01106864
- EFA_r12m: 0.30858368
- EFA_vol3m: 0.11569793
- EFA_mdd: -0.00791411
- EEM_r1m: 0.01036253
- EEM_r3m: -0.04340568
- EEM_r12m: 0.22623900
- EEM_vol3m: 0.16391210
- EEM_mdd: -0.08763750
- VEA_r1m: 0.01263150
- VEA_r3m: 0.00733275
- VEA_r12m: 0.32395589
- VEA_vol3m: 0.11790166
- VEA_mdd: -0.00973250
- VWO_r1m: 0.02118563
- VWO_r3m: -0.03126184
- VWO_r12m: 0.24156469
- VWO_vol3m: 0.16112787
- VWO_mdd: -0.06383959
- AGG_r1m: 0.00274071
- AGG_r3m: 0.01026080
- AGG_r12m: -0.00321528
- AGG_vol3m: 0.03189885
- AGG_mdd: -0.01325445
- BND_r1m: 0.00261083
- BND_r3m: 0.01066155
- BND_r12m: -0.00360139
- BND_vol3m: 0.03398786
- BND_mdd: -0.01436814
- SHY_r1m: 0.00061493
- SHY_r3m: -0.00037073
- SHY_r12m: 0.00031190
- SHY_vol3m: 0.00554247
- SHY_mdd: -0.00089190
- IEF_r1m: 0.00136867
- IEF_r3m: 0.01493862
- IEF_r12m: -0.03251401
- IEF_vol3m: 0.05022075
- IEF_mdd: -0.04227661
- TLT_r1m: 0.00589556
- TLT_r3m: 0.04800597
- TLT_r12m: -0.08327367
- TLT_vol3m: 0.13067823
- TLT_mdd: -0.12412306
- TIP_r1m: 0.00758789
- TIP_r3m: 0.03147579
- TIP_r12m: 0.05903503
- TIP_vol3m: 0.04188241
- TIP_mdd: -0.00210085
- LQD_r1m: 0.00696212
- LQD_r3m: 0.01918118
- LQD_r12m: 0.02161105
- LQD_vol3m: 0.05166187
- LQD_mdd: -0.00965665
- HYG_r1m: 0.01118633
- HYG_r3m: 0.01492004
- HYG_r12m: 0.09259816
- HYG_vol3m: 0.03042406
- HYG_mdd: -0.00147708
- GLD_r1m: 0.03444220
- GLD_r3m: -0.05475196
- GLD_r12m: -0.07722434
- GLD_vol3m: 0.13736721
- GLD_mdd: -0.13719122
- SLV_r1m: 0.01931035
- SLV_r3m: -0.14003105
- SLV_r12m: -0.10424242
- SLV_vol3m: 0.22962251
- SLV_mdd: -0.53089291
- DBC_r1m: 0.02721446
- DBC_r3m: 0.00208224
- DBC_r12m: 0.50156014
- DBC_vol3m: 0.20321494
- DBC_mdd: -0.37931046
- VNQ_r1m: 0.03648695
- VNQ_r3m: 0.05970770
- VNQ_r12m: 0.41321629
- VNQ_vol3m: 0.12674304
- VNQ_mdd: -0.00631069
- UUP_r1m: -0.00360297
- UUP_r3m: 0.02639166
- UUP_r12m: -0.01308490
- UUP_vol3m: 0.05010014
- UUP_mdd: -0.11391967
- BIL_r1m: -0.00021859
- BIL_r3m: -0.00021859
- BIL_r12m: -0.00095050
- BIL_vol3m: 0.00149376
- BIL_mdd: -0.00153911
- cross_vol: 0.09874396

Assets: SPY, QQQ, IWM, DIA, EFA, EEM, VEA, VWO, AGG, BND, SHY, IEF, TLT, TIP, LQD, HYG, GLD, SLV, DBC, VNQ, UUP, BIL","```json
{
  ""weights"": {
    ""SPY"": 0.125,
    ""QQQ"": 0.180,
    ""IWM"": 0.040,
    ""DIA"": 0.130,
    ""EFA"": 0.160,
    ""VEA"": 0.125,
    ""VWO"": 0.110,
    ""AGG"": 0.140,
    ""BND"": 0.080,
    ""SHY"": 0.030,
    ""IEF"": 0.025,
    ""TLT"": 0.060,
    ""TIP"": 0.140,
    ""LQD"": 0.170,
    ""HYG"": 0.035,
    ""GLD"": 0.020,
    ""SLV"": 0.010,
    ""DBC"": 0.040,
    ""VNQ"": 0.160,
    ""UUP"": 0.070,
    ""BIL"": 0.050
  }
}
```",1,0,0,14.979777915868908,411,1,0,0,0,290,8.537062,2396,stop,[],1,0,0,0,QQQ,QQQ,QQQ,1,1,0.3333333333333333,0.7202280056437742,0.19927820770381746,9.020562075079185e-17,2.5018537765541418e-17,0.6066985645933013,0,"{""SPY"":0.0657894737,""QQQ"":0.0947368421,""IWM"":0.0210526316,""DIA"":0.0684210526,""EFA"":0.0842105263,""EEM"":0.0,""VEA"":0.0657894737,""VWO"":0.0578947368,""AGG"":0.0736842105,""BND"":0.0421052632,""SHY"":0.0157894737,""IEF"":0.0131578947,""TLT"":0.0315789474,""TIP"":0.0736842105,""LQD"":0.0894736842,""HYG"":0.0184210526,""GLD"":0.0105263158,""SLV"":0.0052631579,""DBC"":0.0210526316,""VNQ"":0.0842105263,""UUP"":0.0368421053,""BIL"":0.0263157895}","{""SPY"":0.0657894737,""QQQ"":0.0947368421,""IWM"":0.0210526316,""DIA"":0.0684210526,""EFA"":0.0842105263,""EEM"":6.938893904e-18,""VEA"":0.0657894737,""VWO"":0.0578947368,""AGG"":0.0736842105,""BND"":0.0421052632,""SHY"":0.0157894737,""IEF"":0.0131578947,""TLT"":0.0315789474,""TIP"":0.0736842105,""LQD"":0.0894736842,""HYG"":0.0184210526,""GLD"":0.0105263158,""SLV"":0.0052631579,""DBC"":0.0210526316,""VNQ"":0.0842105263,""UUP"":0.0368421053,""BIL"":0.0263157895}","{""SPY"":0.1532171012,""QQQ"":0.1693254001,""IWM"":0.0567865092,""DIA"":0.080973875,""EFA"":0.076959744,""EEM"":0.0159407295,""VEA"":0.0795327153,""VWO"":0.0203088023,""AGG"":0.0154552208,""BND"":0.0148443565,""SHY"":0.0253142437,""IEF"":0.0086377123,""TLT"":0.0012510122,""TIP"":0.0190980826,""LQD"":0.0130798601,""HYG"":0.1028076024,""GLD"":0.0010858957,""SLV"":0.0000297007,""DBC"":0.0020081787,""VNQ"":0.1100306985,""UUP"":0.0066011156,""BIL"":0.0267114438}",0,0.9999999999999999,0.09473684210526315,0.0,1.1102230246251565e-16,0,0,1.0,0.09473684210526315,6.938893903905102e-18,1,1,1,2f7274862c06ecb300179559
q1_20260801_011049,model_family_generalization,P6,qwen3.5:4b,P6,,,real_ticker,,2022-03-09,42,10.0,0.6,0.25,0e54ac479540ea67,"You are a HYBRID DEFENSIVE-MOMENTUM policy profile. Use only the supplied feature values. Prefer assets with above-median `_r12m`, but among those candidates favor lower `_vol3m` and smaller drawdowns. Avoid assets with severe drawdowns unless their twelve-month momentum is unusually strong and their volatility is not high. During high cross-sectional volatility, keep at least 20% of the portfolio in bond-like or cash-like ETFs if such assets are present in the provided asset list. Do not allocate more than 40% to any single risky asset as a language-level preference; the deterministic projection layer will enforce final feasibility. Include every eligible ticker exactly once. Return strictly valid JSON only with a `weights` object whose values are decimals, not percentages.
Hard constraints for the execution layer: long-only weights, weights sum to one, maximum single-asset weight 0.60, and turnover cap 0.25. You propose weights; deterministic projection will enforce final feasibility.

Current Features:
- SPY_r1m: -0.04438135
- SPY_r3m: -0.08407032
- SPY_r12m: 0.11172847
- SPY_vol3m: 0.20252318
- SPY_mdd: -0.10529411
- QQQ_r1m: -0.05671154
- QQQ_r3m: -0.15688145
- QQQ_r12m: 0.08274543
- QQQ_vol3m: 0.28963811
- QQQ_mdd: -0.16974819
- IWM_r1m: 0.00461474
- IWM_r3m: -0.10357699
- IWM_r12m: -0.11020515
- IWM_vol3m: 0.26033700
- IWM_mdd: -0.17179913
- DIA_r1m: -0.04843472
- DIA_r3m: -0.06421161
- DIA_r12m: 0.04854007
- DIA_vol3m: 0.16196427
- DIA_mdd: -0.09165628
- EFA_r1m: -0.07821542
- EFA_r3m: -0.09823133
- EFA_r12m: -0.04097428
- EFA_vol3m: 0.20041109
- EFA_mdd: -0.12809642
- EEM_r1m: -0.08752074
- EEM_r3m: -0.10206526
- EEM_r12m: -0.15245857
- EEM_vol3m: 0.20561343
- EEM_mdd: -0.22074747
- VEA_r1m: -0.06680164
- VEA_r3m: -0.08992161
- VEA_r12m: -0.03083520
- VEA_vol3m: 0.19018792
- VEA_mdd: -0.12045210
- VWO_r1m: -0.08104258
- VWO_r3m: -0.08328381
- VWO_r12m: -0.10722423
- VWO_vol3m: 0.19600896
- VWO_mdd: -0.17423364
- AGG_r1m: -0.01328900
- AGG_r3m: -0.04385671
- AGG_r12m: -0.03075102
- AGG_vol3m: 0.05690983
- AGG_mdd: -0.06237999
- BND_r1m: -0.01427066
- BND_r3m: -0.04550562
- BND_r12m: -0.03009691
- BND_vol3m: 0.05783658
- BND_mdd: -0.06479311
- SHY_r1m: -0.00501753
- SHY_r3m: -0.01373547
- SHY_r12m: -0.02057068
- SHY_vol3m: 0.01897780
- SHY_mdd: -0.02190961
- IEF_r1m: -0.00026818
- IEF_r3m: -0.03408016
- IEF_r12m: -0.02315617
- IEF_vol3m: 0.07932245
- IEF_mdd: -0.08497288
- TLT_r1m: -0.01796737
- TLT_r3m: -0.09307900
- TLT_r12m: -0.01033186
- TLT_vol3m: 0.17035555
- TLT_mdd: -0.18611123
- TIP_r1m: 0.03431860
- TIP_r3m: 0.00006570
- TIP_r12m: 0.06604091
- TIP_vol3m: 0.07644227
- TIP_mdd: -0.01013066
- LQD_r1m: -0.03031521
- LQD_r3m: -0.08457962
- LQD_r12m: -0.04382693
- LQD_vol3m: 0.08460734
- LQD_mdd: -0.09633590
- HYG_r1m: -0.01430213
- HYG_r3m: -0.04313311
- HYG_r12m: -0.00917384
- HYG_vol3m: 0.06229552
- HYG_mdd: -0.05087691
- GLD_r1m: 0.09235205
- GLD_r3m: 0.11396205
- GLD_r12m: 0.14944948
- GLD_vol3m: 0.14872077
- GLD_mdd: -0.04162150
- SLV_r1m: 0.11894681
- SLV_r3m: 0.14368092
- SLV_r12m: -0.02138160
- SLV_vol3m: 0.23144544
- SLV_mdd: -0.49640288
- DBC_r1m: 0.12937067
- DBC_r3m: 0.28301893
- DBC_r12m: 0.49883991
- DBC_vol3m: 0.24939108
- DBC_mdd: -0.16682507
- VNQ_r1m: -0.00600748
- VNQ_r3m: -0.05412442
- VNQ_r12m: 0.20409103
- VNQ_vol3m: 0.19104449
- VNQ_mdd: -0.10145679
- UUP_r1m: 0.02660402
- UUP_r3m: 0.01626642
- UUP_r12m: 0.06105939
- UUP_vol3m: 0.06435584
- UUP_mdd: -0.06585990
- BIL_r1m: 0.00035040
- BIL_r3m: 0.00013173
- BIL_r12m: -0.00063330
- BIL_vol3m: 0.00173315
- BIL_mdd: -0.00162611
- cross_vol: 0.14546009

Assets: SPY, QQQ, IWM, DIA, EFA, EEM, VEA, VWO, AGG, BND, SHY, IEF, TLT, TIP, LQD, HYG, GLD, SLV, DBC, VNQ, UUP, BIL","```json
{
  ""weights"": {
    ""SPY"": 0.12,
    ""QQQ"": 0.08,
    ""IWM"": 0.05,
    ""DIA"": 0.14,
    ""EFA"": 0.13,
    ""VEA"": 0.11,
    ""VWO"": 0.12,
    ""AGG"": 0.18,
    ""BND"": 0.15,
    ""SHY"": 0.04,
    ""IEF"": 0.06,
    ""TLT"": 0.07,
    ""TIP"": 0.09,
    ""LQD"": 0.08,
    ""HYG"": 0.03,
    ""GLD"": 0.14,
    ""SLV"": 0.02,
    ""DBC"": 0.05,
    ""VNQ"": 0.06,
    ""UUP"": 0.07,
    ""BIL"": 0.03
  }
}
```",1,0,0,14.242388167185709,390,1,0,0,0,269,7.933282,2396,stop,[],1,0,0,0,BIL,AGG,AGG,0,0,0.0,1.2076126119178892,0.33307198028333374,1.0408340855860764e-16,2.687422053093266e-17,0.4785214785214785,0,"{""SPY"":0.0659340659,""QQQ"":0.043956044,""IWM"":0.0274725275,""DIA"":0.0769230769,""EFA"":0.0714285714,""EEM"":0.0,""VEA"":0.0604395604,""VWO"":0.0659340659,""AGG"":0.0989010989,""BND"":0.0824175824,""SHY"":0.021978022,""IEF"":0.032967033,""TLT"":0.0384615385,""TIP"":0.0494505495,""LQD"":0.043956044,""HYG"":0.0164835165,""GLD"":0.0769230769,""SLV"":0.010989011,""DBC"":0.0274725275,""VNQ"":0.032967033,""UUP"":0.0384615385,""BIL"":0.0164835165}","{""SPY"":0.0659340659,""QQQ"":0.043956044,""IWM"":0.0274725275,""DIA"":0.0769230769,""EFA"":0.0714285714,""EEM"":6.938893904e-18,""VEA"":0.0604395604,""VWO"":0.0659340659,""AGG"":0.0989010989,""BND"":0.0824175824,""SHY"":0.021978022,""IEF"":0.032967033,""TLT"":0.0384615385,""TIP"":0.0494505495,""LQD"":0.043956044,""HYG"":0.0164835165,""GLD"":0.0769230769,""SLV"":0.010989011,""DBC"":0.0274725275,""VNQ"":0.032967033,""UUP"":0.0384615385,""BIL"":0.0164835165}","{""SPY"":0.0227963362,""QQQ"":0.0041394146,""IWM"":0.0003555204,""DIA"":0.0253028187,""EFA"":0.0016644471,""EEM"":0.0003641172,""VEA"":0.0021412489,""VWO"":0.0007838137,""AGG"":0.0159364344,""BND"":0.0155863307,""SHY"":0.0356805075,""IEF"":0.0110717449,""TLT"":0.0078449303,""TIP"":0.1401550419,""LQD"":0.0082337489,""HYG"":0.0719416267,""GLD"":0.0889306184,""SLV"":0.0001171251,""DBC"":0.1623132525,""VNQ"":0.0542186207,""UUP"":0.1083497641,""BIL"":0.2220725372}",0,1.0,0.0989010989010989,0.0,0.0,0,0,1.0,0.0989010989010989,6.9388939039064426e-18,1,1,1,2cbe547c48aea120afd6242e
q1_20260801_011049,model_family_generalization,P6,qwen3.5:4b,P6,,,real_ticker,,2022-09-08,42,10.0,0.6,0.25,3d73a8f2f4782f08,"You are a HYBRID DEFENSIVE-MOMENTUM policy profile. Use only the supplied feature values. Prefer assets with above-median `_r12m`, but among those candidates favor lower `_vol3m` and smaller drawdowns. Avoid assets with severe drawdowns unless their twelve-month momentum is unusually strong and their volatility is not high. During high cross-sectional volatility, keep at least 20% of the portfolio in bond-like or cash-like ETFs if such assets are present in the provided asset list. Do not allocate more than 40% to any single risky asset as a language-level preference; the deterministic projection layer will enforce final feasibility. Include every eligible ticker exactly once. Return strictly valid JSON only with a `weights` object whose values are decimals, not percentages.
Hard constraints for the execution layer: long-only weights, weights sum to one, maximum single-asset weight 0.60, and turnover cap 0.25. You propose weights; deterministic projection will enforce final feasibility.

Current Features:
- SPY_r1m: -0.02666846
- SPY_r3m: -0.02215497
- SPY_r12m: -0.09943763
- SPY_vol3m: 0.23334002
- SPY_mdd: -0.15564101
- QQQ_r1m: -0.05222654
- QQQ_r3m: -0.02126638
- QQQ_r12m: -0.20639307
- QQQ_vol3m: 0.30062486
- QQQ_mdd: -0.25282572
- IWM_r1m: -0.03407115
- IWM_r3m: -0.01998317
- IWM_r12m: -0.17078583
- IWM_vol3m: 0.26842658
- IWM_mdd: -0.23682050
- DIA_r1m: -0.02761675
- DIA_r3m: -0.02931233
- DIA_r12m: -0.07602468
- DIA_vol3m: 0.19073397
- DIA_mdd: -0.12456137
- EFA_r1m: -0.06048444
- EFA_r3m: -0.10075014
- EFA_r12m: -0.22127537
- EFA_vol3m: 0.20465499
- EFA_mdd: -0.22743829
- EEM_r1m: -0.03828840
- EEM_r3m: -0.09784504
- EEM_r12m: -0.25294165
- EEM_vol3m: 0.18969795
- EEM_mdd: -0.31841198
- VEA_r1m: -0.05829594
- VEA_r3m: -0.10266643
- VEA_r12m: -0.21980589
- VEA_vol3m: 0.20694315
- VEA_mdd: -0.22739913
- VWO_r1m: -0.02174952
- VWO_r3m: -0.07441980
- VWO_r12m: -0.20659713
- VWO_vol3m: 0.18001082
- VWO_mdd: -0.25724764
- AGG_r1m: -0.02872679
- AGG_r3m: -0.01753442
- AGG_r12m: -0.12091750
- AGG_vol3m: 0.08604512
- AGG_mdd: -0.13256925
- BND_r1m: -0.02829506
- BND_r3m: -0.01772059
- BND_r12m: -0.12253615
- BND_vol3m: 0.08549383
- BND_mdd: -0.13514367
- SHY_r1m: -0.00266827
- SHY_r3m: -0.00655956
- SHY_r12m: -0.04090586
- SHY_vol3m: 0.02721211
- SHY_mdd: -0.04176128
- IEF_r1m: -0.03872633
- IEF_r3m: -0.01606834
- IEF_r12m: -0.13535478
- IEF_vol3m: 0.11094741
- IEF_mdd: -0.17190905
- TLT_r1m: -0.08136023
- TLT_r3m: -0.04723831
- TLT_r12m: -0.25580122
- TLT_vol3m: 0.20641409
- TLT_mdd: -0.34817345
- TIP_r1m: -0.02733013
- TIP_r3m: -0.02880464
- TIP_r12m: -0.07503159
- TIP_vol3m: 0.09564492
- TIP_mdd: -0.09339167
- LQD_r1m: -0.04008782
- LQD_r3m: -0.02984174
- LQD_r12m: -0.17641262
- LQD_vol3m: 0.12697523
- LQD_mdd: -0.18469943
- HYG_r1m: -0.02124809
- HYG_r3m: -0.01339855
- HYG_r12m: -0.10065134
- HYG_vol3m: 0.14705605
- HYG_mdd: -0.10604838
- GLD_r1m: -0.04916269
- GLD_r3m: -0.07987037
- GLD_r12m: -0.04967421
- GLD_vol3m: 0.13524207
- GLD_mdd: -0.18005056
- SLV_r1m: -0.10036976
- SLV_r3m: -0.16314495
- SLV_r12m: -0.23184481
- SLV_vol3m: 0.27541544
- SLV_mdd: -0.63965296
- DBC_r1m: -0.02718685
- DBC_r3m: -0.18996065
- DBC_r12m: 0.28259731
- DBC_vol3m: 0.28020090
- DBC_mdd: -0.20390527
- VNQ_r1m: -0.04010535
- VNQ_r3m: -0.01686492
- VNQ_r12m: -0.11625079
- VNQ_vol3m: 0.22627040
- VNQ_mdd: -0.17329785
- UUP_r1m: 0.03411885
- UUP_r3m: 0.07260121
- UUP_r12m: 0.18119728
- UUP_vol3m: 0.08898665
- UUP_mdd: -0.00507611
- BIL_r1m: 0.00206842
- BIL_r3m: 0.00360400
- BIL_r12m: 0.00396624
- BIL_vol3m: 0.00214241
- BIL_mdd: 0.00000000
- cross_vol: 0.16674904

Assets: SPY, QQQ, IWM, DIA, EFA, EEM, VEA, VWO, AGG, BND, SHY, IEF, TLT, TIP, LQD, HYG, GLD, SLV, DBC, VNQ, UUP, BIL","```json
{
  ""weights"": {
    ""SPY"": 0.12,
    ""QQQ"": 0.08,
    ""IWM"": 0.05,
    ""DIA"": 0.14,
    ""EFA"": 0.13,
    ""EEM"": 0.06,
    ""VEA"": 0.07,
    ""VWO"": 0.08,
    ""AGG"": 0.25,
    ""BND"": 0.14,
    ""SHY"": 0.09,
    ""IEF"": 0.06,
    ""TLT"": 0.07,
    ""TIP"": 0.08,
    ""LQD"": 0.12,
    ""HYG"": 0.05,
    ""GLD"": 0.04,
    ""SLV"": 0.03,
    ""DBC"": 0.06,
    ""VNQ"": 0.07,
    ""UUP"": 0.12,
    ""BIL"": 0.08
  }
}
```",1,0,0,14.58356220787391,407,1,0,0,0,281,8.346544,2396,stop,[],0,0,0,0,UUP,AGG,AGG,0,0,0.0,1.4559651238505817,0.5012702058221123,1.249000902703301e-16,2.943923360032078e-17,0.3887619917770671,0,"{""SPY"":0.0603015075,""QQQ"":0.040201005,""IWM"":0.0251256281,""DIA"":0.0703517588,""EFA"":0.0653266332,""EEM"":0.0301507538,""VEA"":0.0351758794,""VWO"":0.040201005,""AGG"":0.1256281407,""BND"":0.0703517588,""SHY"":0.0452261307,""IEF"":0.0301507538,""TLT"":0.0351758794,""TIP"":0.040201005,""LQD"":0.0603015075,""HYG"":0.0251256281,""GLD"":0.0201005025,""SLV"":0.0150753769,""DBC"":0.0301507538,""VNQ"":0.0351758794,""UUP"":0.0603015075,""BIL"":0.040201005}","{""SPY"":0.0603015075,""QQQ"":0.040201005,""IWM"":0.0251256281,""DIA"":0.0703517588,""EFA"":0.0653266332,""EEM"":0.0301507538,""VEA"":0.0351758794,""VWO"":0.040201005,""AGG"":0.1256281407,""BND"":0.0703517588,""SHY"":0.0452261307,""IEF"":0.0301507538,""TLT"":0.0351758794,""TIP"":0.040201005,""LQD"":0.0603015075,""HYG"":0.0251256281,""GLD"":0.0201005025,""SLV"":0.0150753769,""DBC"":0.0301507538,""VNQ"":0.0351758794,""UUP"":0.0603015075,""BIL"":0.040201005}","{""SPY"":0.0038418174,""QQQ"":0.0001180141,""IWM"":0.0002507781,""DIA"":0.0091274474,""EFA"":0.0003926284,""EEM"":0.0002331921,""VEA"":0.0003860844,""VWO"":0.0005124669,""AGG"":0.0226591515,""BND"":0.00586212,""SHY"":0.1378003341,""IEF"":0.0032156697,""TLT"":0.0001594511,""TIP"":0.0349526428,""LQD"":0.0018017618,""HYG"":0.0142443693,""GLD"":0.0167542805,""SLV"":0.0000185538,""DBC"":0.00839042,""VNQ"":0.0033679458,""UUP"":0.4077288088,""BIL"":0.3281820623}",0,1.0,0.12562814070351758,0.01507537688442211,0.0,0,0,1.0,0.12562814070351758,0.015075376884422117,1,1,1,4e1212ec6307e9e4451f71d4
q1_20260801_011049,model_family_generalization,P6,qwen3.5:4b,P6,,,real_ticker,,2023-07-12,42,10.0,0.6,0.25,276519f33c4aeaa2,"You are a HYBRID DEFENSIVE-MOMENTUM policy profile. Use only the supplied feature values. Prefer assets with above-median `_r12m`, but among those candidates favor lower `_vol3m` and smaller drawdowns. Avoid assets with severe drawdowns unless their twelve-month momentum is unusually strong and their volatility is not high. During high cross-sectional volatility, keep at least 20% of the portfolio in bond-like or cash-like ETFs if such assets are present in the provided asset list. Do not allocate more than 40% to any single risky asset as a language-level preference; the deterministic projection layer will enforce final feasibility. Include every eligible ticker exactly once. Return strictly valid JSON only with a `weights` object whose values are decimals, not percentages.
Hard constraints for the execution layer: long-only weights, weights sum to one, maximum single-asset weight 0.60, and turnover cap 0.25. You propose weights; deterministic projection will enforce final feasibility.

Current Features:
- SPY_r1m: 0.04135081
- SPY_r3m: 0.09264098
- SPY_r12m: 0.17977107
- SPY_vol3m: 0.11872148
- SPY_mdd: -0.04403110
- QQQ_r1m: 0.05312102
- QQQ_r3m: 0.18206464
- QQQ_r12m: 0.29905209
- QQQ_vol3m: 0.16468095
- QQQ_mdd: -0.06645958
- IWM_r1m: 0.03696696
- IWM_r3m: 0.08615429
- IWM_r12m: 0.13335945
- IWM_vol3m: 0.19053999
- IWM_mdd: -0.18989474
- DIA_r1m: 0.01513594
- DIA_r3m: 0.02504857
- DIA_r12m: 0.12469658
- DIA_vol3m: 0.11185929
- DIA_mdd: -0.03789105
- EFA_r1m: 0.02223163
- EFA_r3m: 0.03216652
- EFA_r12m: 0.21859595
- EFA_vol3m: 0.13495043
- EFA_mdd: -0.05160186
- EEM_r1m: 0.02132451
- EEM_r3m: 0.03425605
- EEM_r12m: 0.06751103
- EEM_vol3m: 0.15823575
- EEM_mdd: -0.26122672
- VEA_r1m: 0.02368503
- VEA_r3m: 0.03581551
- VEA_r12m: 0.19963906
- VEA_vol3m: 0.13809538
- VEA_mdd: -0.06897670
- VWO_r1m: 0.02684994
- VWO_r3m: 0.03088665
- VWO_r12m: 0.06763806
- VWO_vol3m: 0.14848979
- VWO_mdd: -0.20642177
- AGG_r1m: 0.00087052
- AGG_r3m: -0.01254278
- AGG_r12m: -0.01093930
- AGG_vol3m: 0.06675379
- AGG_mdd: -0.12908526
- BND_r1m: 0.00143204
- BND_r3m: -0.01287274
- BND_r12m: -0.00904719
- BND_vol3m: 0.06635030
- BND_mdd: -0.13097622
- SHY_r1m: 0.00094352
- SHY_r3m: -0.00373705
- SHY_r12m: 0.00536667
- SHY_vol3m: 0.02492176
- SHY_mdd: -0.03366080
- IEF_r1m: -0.00514100
- IEF_r3m: -0.02561502
- IEF_r12m: -0.03572309
- IEF_vol3m: 0.08664656
- IEF_mdd: -0.18346722
- TLT_r1m: -0.00801569
- TLT_r3m: -0.05020941
- TLT_r12m: -0.09299668
- TLT_vol3m: 0.15435368
- TLT_mdd: -0.37639731
- TIP_r1m: 0.00087570
- TIP_r3m: -0.01830245
- TIP_r12m: -0.01821414
- TIP_vol3m: 0.05888150
- TIP_mdd: -0.10903024
- LQD_r1m: 0.01046408
- LQD_r3m: -0.01087859
- LQD_r12m: 0.00869250
- LQD_vol3m: 0.08487701
- LQD_mdd: -0.16273309
- HYG_r1m: 0.01185569
- HYG_r3m: 0.01825419
- HYG_r12m: 0.06898819
- HYG_vol3m: 0.06143734
- HYG_mdd: -0.06581227
- GLD_r1m: -0.00087886
- GLD_r3m: -0.02362032
- GLD_r12m: 0.12668038
- GLD_vol3m: 0.12121761
- GLD_mdd: -0.06194231
- SLV_r1m: -0.00538845
- SLV_r3m: -0.03862853
- SLV_r12m: 0.25995448
- SLV_vol3m: 0.24265236
- SLV_mdd: -0.53131611
- DBC_r1m: 0.03574576
- DBC_r3m: -0.03216506
- DBC_r12m: -0.09255552
- DBC_vol3m: 0.17046439
- DBC_mdd: -0.23867330
- VNQ_r1m: 0.04884246
- VNQ_r3m: 0.04329015
- VNQ_r12m: -0.02277326
- VNQ_vol3m: 0.17221577
- VNQ_mdd: -0.21684321
- UUP_r1m: -0.02528086
- UUP_r3m: -0.00143887
- UUP_r12m: -0.03099181
- UUP_vol3m: 0.07157771
- UUP_mdd: -0.08691451
- BIL_r1m: 0.00429804
- BIL_r3m: 0.01215781
- BIL_r12m: 0.03703962
- BIL_vol3m: 0.00309620
- BIL_mdd: 0.00000000
- cross_vol: 0.11595541

Assets: SPY, QQQ, IWM, DIA, EFA, EEM, VEA, VWO, AGG, BND, SHY, IEF, TLT, TIP, LQD, HYG, GLD, SLV, DBC, VNQ, UUP, BIL","```json
{
  ""weights"": {
    ""SPY"": 0.15,
    ""QQQ"": 0.20,
    ""IWM"": 0.18,
    ""DIA"": 0.14,
    ""EFA"": 0.16,
    ""VEA"": 0.09,
    ""VWO"": 0.07,
    ""AGG"": 0.25,
    ""BND"": 0.08,
    ""SHY"": 0.04,
    ""IEF"": 0.13,
    ""TLT"": 0.06,
    ""LQD"": 0.07,
    ""HYG"": 0.05,
    ""GLD"": 0.08,
    ""SLV"": 0.02,
    ""DBC"": 0.14,
    ""VNQ"": 0.06,
    ""UUP"": 0.03,
    ""BIL"": 0.05
  }
}
```",1,0,0,14.015034000156447,373,1,0,0,0,257,7.512604,2396,stop,[],2,0,0,0,QQQ,AGG,AGG,0,0,0.3333333333333333,0.9525982266542342,0.24316859789525885,1.942890293094024e-16,4.6027415078689346e-17,0.5898004434589802,0,"{""SPY"":0.0731707317,""QQQ"":0.0975609756,""IWM"":0.087804878,""DIA"":0.0682926829,""EFA"":0.0780487805,""EEM"":0.0,""VEA"":0.043902439,""VWO"":0.0341463415,""AGG"":0.1219512195,""BND"":0.0390243902,""SHY"":0.0195121951,""IEF"":0.0634146341,""TLT"":0.0292682927,""TIP"":0.0,""LQD"":0.0341463415,""HYG"":0.0243902439,""GLD"":0.0390243902,""SLV"":0.0097560976,""DBC"":0.0682926829,""VNQ"":0.0292682927,""UUP"":0.0146341463,""BIL"":0.0243902439}","{""SPY"":0.0731707317,""QQQ"":0.0975609756,""IWM"":0.087804878,""DIA"":0.0682926829,""EFA"":0.0780487805,""EEM"":0.0,""VEA"":0.043902439,""VWO"":0.0341463415,""AGG"":0.1219512195,""BND"":0.0390243902,""SHY"":0.0195121951,""IEF"":0.0634146341,""TLT"":0.0292682927,""TIP"":0.0,""LQD"":0.0341463415,""HYG"":0.0243902439,""GLD"":0.0390243902,""SLV"":0.0097560976,""DBC"":0.0682926829,""VNQ"":0.0292682927,""UUP"":0.0146341463,""BIL"":0.0243902439}","{""SPY"":0.1319884877,""QQQ"":0.155433904,""IWM"":0.0110656068,""DIA"":0.0929518396,""EFA"":0.1359329376,""EEM"":0.0019107847,""VEA"":0.0983873084,""VWO"":0.0030570905,""AGG"":0.0095209671,""BND"":0.009656695,""SHY"":0.0387024408,""IEF"":0.003981683,""TLT"":0.0002515806,""TIP"":0.0114049266,""LQD"":0.0069050513,""HYG"":0.1162771529,""GLD"":0.0704749528,""SLV"":0.0005832943,""DBC"":0.000402037,""VNQ"":0.0008317785,""UUP"":0.0091524197,""BIL"":0.0911270612}",0,1.0000000000000002,0.12195121951219512,0.0,2.220446049250313e-16,0,0,1.0,0.1219512195121951,0.0,1,1,1,bf5ad467ef771e6ac8511366
q1_20260801_011049,model_family_generalization,P6,qwen3.5:4b,P6,,,real_ticker,,2023-09-11,42,10.0,0.6,0.25,8b799773285c8627,"You are a HYBRID DEFENSIVE-MOMENTUM policy profile. Use only the supplied feature values. Prefer assets with above-median `_r12m`, but among those candidates favor lower `_vol3m` and smaller drawdowns. Avoid assets with severe drawdowns unless their twelve-month momentum is unusually strong and their volatility is not high. During high cross-sectional volatility, keep at least 20% of the portfolio in bond-like or cash-like ETFs if such assets are present in the provided asset list. Do not allocate more than 40% to any single risky asset as a language-level preference; the deterministic projection layer will enforce final feasibility. Include every eligible ticker exactly once. Return strictly valid JSON only with a `weights` object whose values are decimals, not percentages.
Hard constraints for the execution layer: long-only weights, weights sum to one, maximum single-asset weight 0.60, and turnover cap 0.25. You propose weights; deterministic projection will enforce final feasibility.

Current Features:
- SPY_r1m: 0.00569633
- SPY_r3m: 0.04702430
- SPY_r12m: 0.13835137
- SPY_vol3m: 0.10399169
- SPY_mdd: -0.03882279
- QQQ_r1m: 0.02273525
- QQQ_r3m: 0.06484375
- QQQ_r12m: 0.26333584
- QQQ_vol3m: 0.16203598
- QQQ_mdd: -0.05606795
- IWM_r1m: -0.03334747
- IWM_r3m: -0.00362120
- IWM_r12m: 0.01993928
- IWM_vol3m: 0.14702851
- IWM_mdd: -0.22160325
- DIA_r1m: -0.01138382
- DIA_r3m: 0.02848569
- DIA_r12m: 0.11345482
- DIA_vol3m: 0.09105157
- DIA_mdd: -0.02523864
- EFA_r1m: -0.02065541
- EFA_r3m: -0.00559275
- EFA_r12m: 0.19418738
- EFA_vol3m: 0.12952381
- EFA_mdd: -0.07741655
- EEM_r1m: -0.02391032
- EEM_r3m: -0.01680898
- EEM_r12m: 0.04343015
- EEM_vol3m: 0.16142496
- EEM_mdd: -0.28881051
- VEA_r1m: -0.01897350
- VEA_r3m: -0.00411220
- VEA_r12m: 0.17232875
- VEA_vol3m: 0.13068184
- VEA_mdd: -0.09425778
- VWO_r1m: -0.01858558
- VWO_r3m: 0.00052050
- VWO_r12m: 0.04103352
- VWO_vol3m: 0.15156878
- VWO_mdd: -0.22676990
- AGG_r1m: -0.00459023
- AGG_r3m: -0.01562030
- AGG_r12m: -0.01252621
- AGG_vol3m: 0.06471880
- AGG_mdd: -0.14343487
- BND_r1m: -0.00539878
- BND_r3m: -0.01509376
- BND_r12m: -0.01176302
- BND_vol3m: 0.06310314
- BND_mdd: -0.14531700
- SHY_r1m: 0.00105805
- SHY_r3m: 0.00339006
- SHY_r12m: 0.01091840
- SHY_vol3m: 0.01893717
- SHY_mdd: -0.03129884
- IEF_r1m: -0.01100155
- IEF_r3m: -0.02979198
- IEF_r12m: -0.03839012
- IEF_vol3m: 0.07986821
- IEF_mdd: -0.20369957
- TLT_r1m: -0.01693656
- TLT_r3m: -0.07294729
- TLT_r12m: -0.10592170
- TLT_vol3m: 0.15374578
- TLT_mdd: -0.41721603
- TIP_r1m: -0.00253188
- TIP_r3m: -0.01089258
- TIP_r12m: -0.02880469
- TIP_vol3m: 0.06120516
- TIP_mdd: -0.11950624
- LQD_r1m: -0.00490980
- LQD_r3m: -0.01093690
- LQD_r12m: 0.00519263
- LQD_vol3m: 0.08907253
- LQD_mdd: -0.18046587
- HYG_r1m: 0.00213698
- HYG_r3m: 0.01532666
- HYG_r12m: 0.04859396
- HYG_vol3m: 0.06137924
- HYG_mdd: -0.06260773
- GLD_r1m: 0.00456080
- GLD_r3m: -0.01994062
- GLD_r12m: 0.12221668
- GLD_vol3m: 0.08604235
- GLD_mdd: -0.07983906
- SLV_r1m: 0.01584253
- SLV_r3m: -0.04984286
- SLV_r12m: 0.24251315
- SLV_vol3m: 0.24723280
- SLV_mdd: -0.55226406
- DBC_r1m: 0.03024098
- DBC_r3m: 0.11253307
- DBC_r12m: 0.02722617
- DBC_vol3m: 0.13047095
- DBC_mdd: -0.18223066
- VNQ_r1m: -0.01935080
- VNQ_r3m: -0.00204003
- VNQ_r12m: -0.09863121
- VNQ_vol3m: 0.13569390
- VNQ_mdd: -0.25483649
- UUP_r1m: 0.02385130
- UUP_r3m: 0.02492979
- UUP_r12m: 0.00159589
- UUP_vol3m: 0.06443978
- UUP_mdd: -0.03987879
- BIL_r1m: 0.00409964
- BIL_r3m: 0.01287248
- BIL_r12m: 0.04274182
- BIL_vol3m: 0.00253023
- BIL_mdd: 0.00000000
- cross_vol: 0.10617033

Assets: SPY, QQQ, IWM, DIA, EFA, EEM, VEA, VWO, AGG, BND, SHY, IEF, TLT, TIP, LQD, HYG, GLD, SLV, DBC, VNQ, UUP, BIL","```json
{
  ""weights"": {
    ""SPY"": 0.125,
    ""QQQ"": 0.180,
    ""IWM"": 0.040,
    ""DIA"": 0.130,
    ""EFA"": 0.160,
    ""EEM"": 0.025,
    ""VEA"": 0.080,
    ""VWO"": 0.075,
    ""AGG"": 0.140,
    ""BND"": 0.090,
    ""SHY"": 0.035,
    ""IEF"": 0.020,
    ""TLT"": 0.015,
    ""TIP"": 0.045,
    ""LQD"": 0.060,
    ""HYG"": 0.030,
    ""GLD"": 0.070,
    ""SLV"": 0.010,
    ""DBC"": 0.025,
    ""VNQ"": 0.040,
    ""UUP"": 0.065,
    ""BIL"": 0.035
  }
}
```",1,0,0,14.895026125013828,429,1,0,0,0,303,8.647629,2396,stop,[],0,0,0,0,BIL,QQQ,QQQ,0,0,0.3333333333333333,0.8365141600176388,0.3086794579637273,2.723515857283587e-16,5.854531106674265e-17,0.5865004560656734,0,"{""SPY"":0.0836120401,""QQQ"":0.1204013378,""IWM"":0.0267558528,""DIA"":0.0869565217,""EFA"":0.1070234114,""EEM"":0.016722408,""VEA"":0.0535117057,""VWO"":0.0501672241,""AGG"":0.0936454849,""BND"":0.0602006689,""SHY"":0.0234113712,""IEF"":0.0133779264,""TLT"":0.0100334448,""TIP"":0.0301003344,""LQD"":0.0401337793,""HYG"":0.0200668896,""GLD"":0.0468227425,""SLV"":0.0066889632,""DBC"":0.016722408,""VNQ"":0.0267558528,""UUP"":0.0434782609,""BIL"":0.0234113712}","{""SPY"":0.0836120401,""QQQ"":0.1204013378,""IWM"":0.0267558528,""DIA"":0.0869565217,""EFA"":0.1070234114,""EEM"":0.016722408,""VEA"":0.0535117057,""VWO"":0.0501672241,""AGG"":0.0936454849,""BND"":0.0602006689,""SHY"":0.0234113712,""IEF"":0.0133779264,""TLT"":0.0100334448,""TIP"":0.0301003344,""LQD"":0.0401337793,""HYG"":0.0200668896,""GLD"":0.0468227425,""SLV"":0.0066889632,""DBC"":0.016722408,""VNQ"":0.0267558528,""UUP"":0.0434782609,""BIL"":0.0234113712}","{""SPY"":0.0967485357,""QQQ"":0.1084625944,""IWM"":0.0013640974,""DIA"":0.1021035617,""EFA"":0.0878005581,""EEM"":0.0009467781,""VEA"":0.0631440879,""VWO"":0.0015157095,""AGG"":0.006675001,""BND"":0.0068664813,""SHY"":0.0348603242,""IEF"":0.0028569784,""TLT"":0.0001242956,""TIP"":0.0068046742,""LQD"":0.0042269405,""HYG"":0.0755780181,""GLD"":0.0930886665,""SLV"":0.0003916747,""DBC"":0.0024355603,""VNQ"":0.0004238229,""UUP"":0.0130551111,""BIL"":0.2905265279}",0,0.9999999999999999,0.12040133779264213,0.006688963210702341,1.1102230246251565e-16,0,0,1.0,0.12040133779264214,0.006688963210702353,1,1,1,7669f9a8add92900e8a86ec3
q1_20260801_011049,model_family_generalization,P6,qwen3.5:4b,P6,,,real_ticker,,2024-01-10,42,10.0,0.6,0.25,b10ac489665ab935,"You are a HYBRID DEFENSIVE-MOMENTUM policy profile. Use only the supplied feature values. Prefer assets with above-median `_r12m`, but among those candidates favor lower `_vol3m` and smaller drawdowns. Avoid assets with severe drawdowns unless their twelve-month momentum is unusually strong and their volatility is not high. During high cross-sectional volatility, keep at least 20% of the portfolio in bond-like or cash-like ETFs if such assets are present in the provided asset list. Do not allocate more than 40% to any single risky asset as a language-level preference; the deterministic projection layer will enforce final feasibility. Include every eligible ticker exactly once. Return strictly valid JSON only with a `weights` object whose values are decimals, not percentages.
Hard constraints for the execution layer: long-only weights, weights sum to one, maximum single-asset weight 0.60, and turnover cap 0.25. You propose weights; deterministic projection will enforce final feasibility.

Current Features:
- SPY_r1m: 0.03974838
- SPY_r3m: 0.10114646
- SPY_r12m: 0.24736534
- SPY_vol3m: 0.12009367
- SPY_mdd: -0.00027271
- QQQ_r1m: 0.04426979
- QQQ_r3m: 0.11107524
- QQQ_r12m: 0.52037563
- QQQ_vol3m: 0.15724840
- QQQ_mdd: -0.00729032
- IWM_r1m: 0.04815434
- IWM_r3m: 0.11266243
- IWM_r12m: 0.11303564
- IWM_vol3m: 0.24062986
- IWM_mdd: -0.16944204
- DIA_r1m: 0.04040804
- DIA_r3m: 0.12244689
- DIA_r12m: 0.14673207
- DIA_vol3m: 0.10182250
- DIA_mdd: -0.00037108
- EFA_r1m: 0.03510952
- EFA_r3m: 0.09152098
- EFA_r12m: 0.12680073
- EFA_vol3m: 0.12839735
- EFA_mdd: -0.01790133
- EEM_r1m: 0.01603877
- EEM_r3m: 0.03785465
- EEM_r12m: -0.01049834
- EEM_vol3m: 0.14706339
- EEM_mdd: -0.28072282
- VEA_r1m: 0.03850933
- VEA_r3m: 0.09554663
- VEA_r12m: 0.12174873
- VEA_vol3m: 0.13394902
- VEA_mdd: -0.03651393
- VWO_r1m: 0.01744998
- VWO_r3m: 0.03626287
- VWO_r12m: 0.00703287
- VWO_vol3m: 0.13588477
- VWO_mdd: -0.21563790
- AGG_r1m: 0.01808924
- AGG_r3m: 0.05983737
- AGG_r12m: 0.02230882
- AGG_vol3m: 0.07923895
- AGG_mdd: -0.10919808
- BND_r1m: 0.01837400
- BND_r3m: 0.05984583
- BND_r12m: 0.02328006
- BND_vol3m: 0.07701525
- BND_mdd: -0.11063172
- SHY_r1m: 0.00934039
- SHY_r3m: 0.02130109
- SHY_r12m: 0.03539059
- SHY_vol3m: 0.02182519
- SHY_mdd: -0.00724656
- IEF_r1m: 0.01907981
- IEF_r3m: 0.05740306
- IEF_r12m: -0.00321566
- IEF_vol3m: 0.09303311
- IEF_mdd: -0.17667699
- TLT_r1m: 0.02051883
- TLT_r3m: 0.12067429
- TLT_r12m: -0.05890312
- TLT_vol3m: 0.20833732
- TLT_mdd: -0.39398165
- TIP_r1m: 0.01203922
- TIP_r3m: 0.04190287
- TIP_r12m: 0.01469786
- TIP_vol3m: 0.06585596
- TIP_mdd: -0.10011078
- LQD_r1m: 0.02397223
- LQD_r3m: 0.09372121
- LQD_r12m: 0.04721392
- LQD_vol3m: 0.10556120
- LQD_mdd: -0.12820535
- HYG_r1m: 0.02494096
- HYG_r3m: 0.07262333
- HYG_r12m: 0.08320312
- HYG_vol3m: 0.06901961
- HYG_mdd: -0.01007617
- GLD_r1m: 0.01001940
- GLD_r3m: 0.08676753
- GLD_r12m: 0.07696722
- GLD_vol3m: 0.13893147
- GLD_mdd: -0.03295683
- SLV_r1m: -0.00758293
- SLV_r3m: 0.04804810
- SLV_r12m: -0.03679849
- SLV_vol3m: 0.24126841
- SLV_mdd: -0.55691914
- DBC_r1m: -0.00468510
- DBC_r3m: -0.06025276
- DBC_r12m: -0.04296646
- DBC_vol3m: 0.16618372
- DBC_mdd: -0.25741469
- VNQ_r1m: 0.05735702
- VNQ_r3m: 0.17151101
- VNQ_r12m: 0.08070249
- VNQ_vol3m: 0.23371686
- VNQ_mdd: -0.18444116
- UUP_r1m: -0.01053712
- UUP_r3m: -0.01720919
- UUP_r12m: 0.05119276
- UUP_vol3m: 0.07312707
- UUP_mdd: -0.04120842
- BIL_r1m: 0.00439616
- BIL_r3m: 0.01339242
- BIL_r12m: 0.05036765
- BIL_vol3m: 0.00252359
- BIL_mdd: 0.00000000
- cross_vol: 0.12457849

Assets: SPY, QQQ, IWM, DIA, EFA, EEM, VEA, VWO, AGG, BND, SHY, IEF, TLT, TIP, LQD, HYG, GLD, SLV, DBC, VNQ, UUP, BIL","```json
{
  ""weights"": {
    ""SPY"": 0.125,
    ""QQQ"": 0.180,
    ""IWM"": 0.040,
    ""DIA"": 0.130,
    ""EFA"": 0.110,
    ""VEA"": 0.065,
    ""VWO"": 0.020,
    ""AGG"": 0.080,
    ""BND"": 0.075,
    ""SHY"": 0.030,
    ""IEF"": 0.045,
    ""TLT"": 0.120,
    ""TIP"": 0.060,
    ""LQD"": 0.090,
    ""HYG"": 0.035,
    ""GLD"": 0.040,
    ""SLV"": 0.010,
    ""DBC"": 0.020,
    ""VNQ"": 0.085,
    ""UUP"": 0.025,
    ""BIL"": 0.035
  }
}
```",1,0,0,14.848800458945334,411,1,0,0,0,290,8.529476,2396,stop,[],1,0,0,0,QQQ,QQQ,QQQ,1,1,0.6666666666666666,1.0512987376628313,0.38661864588383066,2.914335439641031e-16,6.35960131078449e-17,0.5838668373879642,0,"{""SPY"":0.088028169,""QQQ"":0.1267605634,""IWM"":0.0281690141,""DIA"":0.0915492958,""EFA"":0.0774647887,""EEM"":0.0,""VEA"":0.0457746479,""VWO"":0.014084507,""AGG"":0.0563380282,""BND"":0.0528169014,""SHY"":0.0211267606,""IEF"":0.0316901408,""TLT"":0.0845070423,""TIP"":0.0422535211,""LQD"":0.0633802817,""HYG"":0.0246478873,""GLD"":0.0281690141,""SLV"":0.0070422535,""DBC"":0.014084507,""VNQ"":0.0598591549,""UUP"":0.0176056338,""BIL"":0.0246478873}","{""SPY"":0.088028169,""QQQ"":0.1267605634,""IWM"":0.0281690141,""DIA"":0.0915492958,""EFA"":0.0774647887,""EEM"":1.387778781e-17,""VEA"":0.0457746479,""VWO"":0.014084507,""AGG"":0.0563380282,""BND"":0.0528169014,""SHY"":0.0211267606,""IEF"":0.0316901408,""TLT"":0.0845070423,""TIP"":0.0422535211,""LQD"":0.0633802817,""HYG"":0.0246478873,""GLD"":0.0281690141,""SLV"":0.0070422535,""DBC"":0.014084507,""VNQ"":0.0598591549,""UUP"":0.0176056338,""BIL"":0.0246478873}","{""SPY"":0.1131207194,""QQQ"":0.4575888024,""IWM"":0.0025334326,""DIA"":0.0647890165,""EFA"":0.033372545,""EEM"":0.0006045616,""VEA"":0.0268767112,""VWO"":0.0011323253,""AGG"":0.0051362915,""BND"":0.0053246582,""SHY"":0.0226657388,""IEF"":0.0024349379,""TLT"":0.0000910259,""TIP"":0.0061969119,""LQD"":0.0038376483,""HYG"":0.060659759,""GLD"":0.0173898637,""SLV"":0.0000304162,""DBC"":0.0003817928,""VNQ"":0.0020061528,""UUP"":0.0375947795,""BIL"":0.1362319096}",0,0.9999999999999999,0.1267605633802817,0.0,1.1102230246251565e-16,0,0,1.0,0.1267605633802817,1.3877787807813975e-17,1,1,1,48936630ea98b92663987e89
q1_20260801_011049,model_family_generalization,P6,qwen3.5:4b,P6,,,real_ticker,,2024-07-12,42,10.0,0.6,0.25,40f86763f15e9576,"You are a HYBRID DEFENSIVE-MOMENTUM policy profile. Use only the supplied feature values. Prefer assets with above-median `_r12m`, but among those candidates favor lower `_vol3m` and smaller drawdowns. Avoid assets with severe drawdowns unless their twelve-month momentum is unusually strong and their volatility is not high. During high cross-sectional volatility, keep at least 20% of the portfolio in bond-like or cash-like ETFs if such assets are present in the provided asset list. Do not allocate more than 40% to any single risky asset as a language-level preference; the deterministic projection layer will enforce final feasibility. Include every eligible ticker exactly once. Return strictly valid JSON only with a `weights` object whose values are decimals, not percentages.
Hard constraints for the execution layer: long-only weights, weights sum to one, maximum single-asset weight 0.60, and turnover cap 0.25. You propose weights; deterministic projection will enforce final feasibility.

Current Features:
- SPY_r1m: 0.04627363
- SPY_r3m: 0.08454935
- SPY_r12m: 0.27308823
- SPY_vol3m: 0.10058102
- SPY_mdd: -0.00236944
- QQQ_r1m: 0.05894292
- QQQ_r3m: 0.11279716
- QQQ_r12m: 0.33639507
- QQQ_vol3m: 0.14957978
- QQQ_mdd: -0.01618424
- IWM_r1m: 0.06230061
- IWM_r3m: 0.05657700
- IWM_r12m: 0.12614089
- IWM_vol3m: 0.16592449
- IWM_mdd: -0.08770734
- DIA_r1m: 0.03413750
- DIA_r3m: 0.04546454
- DIA_r12m: 0.18670534
- DIA_vol3m: 0.09608163
- DIA_mdd: 0.00000000
- EFA_r1m: 0.03383609
- EFA_r3m: 0.05723817
- EFA_r12m: 0.14956870
- EFA_vol3m: 0.12078114
- EFA_mdd: 0.00000000
- EEM_r1m: 0.06330617
- EEM_r3m: 0.08045631
- EEM_r12m: 0.12171229
- EEM_vol3m: 0.12973251
- EEM_mdd: -0.17130893
- VEA_r1m: 0.03856960
- VEA_r3m: 0.05244814
- VEA_r12m: 0.14024856
- VEA_vol3m: 0.12226620
- VEA_mdd: 0.00000000
- VWO_r1m: 0.05572671
- VWO_r3m: 0.07887202
- VWO_r12m: 0.13050033
- VWO_vol3m: 0.12051438
- VWO_mdd: -0.10285955
- AGG_r1m: 0.01885042
- AGG_r3m: 0.03689126
- AGG_r12m: 0.04194949
- AGG_vol3m: 0.05467989
- AGG_mdd: -0.09255083
- BND_r1m: 0.01814412
- BND_r3m: 0.03676849
- BND_r12m: 0.04254390
- BND_vol3m: 0.05393193
- BND_mdd: -0.09400456
- SHY_r1m: 0.01071692
- SHY_r3m: 0.01976863
- SHY_r12m: 0.04674220
- SHY_vol3m: 0.01493686
- SHY_mdd: 0.00000000
- IEF_r1m: 0.02144848
- IEF_r3m: 0.04218326
- IEF_r12m: 0.02013545
- IEF_vol3m: 0.06693503
- IEF_mdd: -0.16702596
- TLT_r1m: 0.02623106
- TLT_r3m: 0.05658722
- TLT_r12m: -0.03181077
- TLT_vol3m: 0.13833859
- TLT_mdd: -0.39623460
- TIP_r1m: 0.01659090
- TIP_r3m: 0.03461804
- TIP_r12m: 0.03571612
- TIP_vol3m: 0.04450400
- TIP_mdd: -0.07720826
- LQD_r1m: 0.02196393
- LQD_r3m: 0.04335310
- LQD_r12m: 0.06106715
- LQD_vol3m: 0.06981461
- LQD_mdd: -0.11160359
- HYG_r1m: 0.01727968
- HYG_r3m: 0.03615004
- HYG_r12m: 0.10155227
- HYG_vol3m: 0.04608828
- HYG_mdd: 0.00000000
- GLD_r1m: 0.04183986
- GLD_r3m: 0.01505913
- GLD_r12m: 0.22668790
- GLD_vol3m: 0.17233441
- GLD_mdd: -0.00645706
- SLV_r1m: 0.05278929
- SLV_r3m: 0.08112267
- SLV_r12m: 0.26952602
- SLV_vol3m: 0.37443606
- SLV_mdd: -0.40499361
- DBC_r1m: 0.00997394
- DBC_r3m: -0.01688474
- DBC_r12m: 0.04109424
- DBC_vol3m: 0.12440875
- DBC_mdd: -0.20738716
- VNQ_r1m: 0.06760588
- VNQ_r3m: 0.07083375
- VNQ_r12m: 0.06454725
- VNQ_vol3m: 0.14759380
- VNQ_mdd: -0.16629259
- UUP_r1m: -0.00657883
- UUP_r3m: 0.00279625
- UUP_r12m: 0.09949379
- UUP_vol3m: 0.05312062
- UUP_mdd: -0.01645523
- BIL_r1m: 0.00472838
- BIL_r3m: 0.01313124
- BIL_r12m: 0.05382607
- BIL_vol3m: 0.00252984
- BIL_mdd: 0.00000000
- cross_vol: 0.10768699

Assets: SPY, QQQ, IWM, DIA, EFA, EEM, VEA, VWO, AGG, BND, SHY, IEF, TLT, TIP, LQD, HYG, GLD, SLV, DBC, VNQ, UUP, BIL","```json
{
  ""weights"": {
    ""SPY"": 0.125,
    ""QQQ"": 0.180,
    ""IWM"": 0.040,
    ""DIA"": 0.130,
    ""EFA"": 0.160,
    ""VEA"": 0.095,
    ""VWO"": 0.085,
    ""AGG"": 0.240,
    ""BND"": 0.070,
    ""SHY"": 0.130,
    ""IEF"": 0.060,
    ""TLT"": 0.085,
    ""TIP"": 0.045,
    ""LQD"": 0.075,
    ""HYG"": 0.030,
    ""GLD"": 0.120,
    ""SLV"": 0.010,
    ""DBC"": 0.040,
    ""VNQ"": 0.065,
    ""UUP"": 0.070,
    ""BIL"": 0.035
  }
}
```",1,0,0,14.836630374891683,411,1,0,0,0,290,8.484263999,2396,stop,[],1,0,0,0,SPY,AGG,AGG,0,0,0.3333333333333333,0.9481423132468093,0.30601033539685685,1.040834085586075e-16,2.6874220530932624e-17,0.5214045214045214,0,"{""SPY"":0.0661375661,""QQQ"":0.0952380952,""IWM"":0.0211640212,""DIA"":0.0687830688,""EFA"":0.0846560847,""EEM"":0.0,""VEA"":0.0502645503,""VWO"":0.044973545,""AGG"":0.126984127,""BND"":0.037037037,""SHY"":0.0687830688,""IEF"":0.0317460317,""TLT"":0.044973545,""TIP"":0.0238095238,""LQD"":0.0396825397,""HYG"":0.0158730159,""GLD"":0.0634920635,""SLV"":0.0052910053,""DBC"":0.0211640212,""VNQ"":0.0343915344,""UUP"":0.037037037,""BIL"":0.0185185185}","{""SPY"":0.0661375661,""QQQ"":0.0952380952,""IWM"":0.0211640212,""DIA"":0.0687830688,""EFA"":0.0846560847,""EEM"":6.938893904e-18,""VEA"":0.0502645503,""VWO"":0.044973545,""AGG"":0.126984127,""BND"":0.037037037,""SHY"":0.0687830688,""IEF"":0.0317460317,""TLT"":0.044973545,""TIP"":0.0238095238,""LQD"":0.0396825397,""HYG"":0.0158730159,""GLD"":0.0634920635,""SLV"":0.0052910053,""DBC"":0.0211640212,""VNQ"":0.0343915344,""UUP"":0.037037037,""BIL"":0.0185185185}","{""SPY"":0.2599724795,""QQQ"":0.2493286677,""IWM"":0.0134440464,""DIA"":0.109057009,""EFA"":0.0523232237,""EEM"":0.0128699641,""VEA"":0.0463386248,""VWO"":0.0236882825,""AGG"":0.0060650599,""BND"":0.0061146718,""SHY"":0.0184277893,""IEF"":0.00265231,""TLT"":0.0001566663,""TIP"":0.0070847927,""LQD"":0.0054758336,""HYG"":0.0839034443,""GLD"":0.0588092214,""SLV"":0.0001711879,""DBC"":0.001229904,""VNQ"":0.0014748071,""UUP"":0.0179221574,""BIL"":0.0234898566}",0,0.9999999999999999,0.12698412698412698,0.0,1.1102230246251565e-16,0,0,1.0,0.12698412698412698,6.9388939039063055e-18,1,1,1,ab949c236194ebf9aff52e79
q1_20260801_011049,model_family_generalization,P6,qwen3.5:4b,P6,,,real_ticker,,2025-01-13,42,10.0,0.6,0.25,011f345683a266be,"You are a HYBRID DEFENSIVE-MOMENTUM policy profile. Use only the supplied feature values. Prefer assets with above-median `_r12m`, but among those candidates favor lower `_vol3m` and smaller drawdowns. Avoid assets with severe drawdowns unless their twelve-month momentum is unusually strong and their volatility is not high. During high cross-sectional volatility, keep at least 20% of the portfolio in bond-like or cash-like ETFs if such assets are present in the provided asset list. Do not allocate more than 40% to any single risky asset as a language-level preference; the deterministic projection layer will enforce final feasibility. Include every eligible ticker exactly once. Return strictly valid JSON only with a `weights` object whose values are decimals, not percentages.
Hard constraints for the execution layer: long-only weights, weights sum to one, maximum single-asset weight 0.60, and turnover cap 0.25. You propose weights; deterministic projection will enforce final feasibility.

Current Features:
- SPY_r1m: -0.03227135
- SPY_r3m: 0.01252624
- SPY_r12m: 0.23562134
- SPY_vol3m: 0.12972815
- SPY_mdd: -0.04024820
- QQQ_r1m: -0.02732386
- QQQ_r3m: 0.02798523
- QQQ_r12m: 0.24495557
- QQQ_vol3m: 0.17684168
- QQQ_mdd: -0.05907942
- IWM_r1m: -0.07944647
- IWM_r3m: 0.00481913
- IWM_r12m: 0.12674620
- IWM_vol3m: 0.21579347
- IWM_mdd: -0.10109313
- DIA_r1m: -0.04396780
- DIA_r3m: -0.00017359
- DIA_r12m: 0.14115069
- DIA_vol3m: 0.13254881
- DIA_mdd: -0.05933824
- EFA_r1m: -0.04337558
- EFA_r3m: -0.07340143
- EFA_r12m: 0.03241949
- EFA_vol3m: 0.12082393
- EFA_mdd: -0.10138722
- EEM_r1m: -0.05748439
- EEM_r3m: -0.09843659
- EEM_r12m: 0.07417752
- EEM_vol3m: 0.14186010
- EEM_mdd: -0.22736862
- VEA_r1m: -0.04239242
- VEA_r3m: -0.06997486
- VEA_r12m: 0.03213341
- VEA_vol3m: 0.11579295
- VEA_mdd: -0.09753893
- VWO_r1m: -0.06656503
- VWO_r3m: -0.08960319
- VWO_r12m: 0.09523168
- VWO_vol3m: 0.14245118
- VWO_mdd: -0.14094178
- AGG_r1m: -0.02790093
- AGG_r3m: -0.02716147
- AGG_r12m: 0.01118237
- AGG_vol3m: 0.05064562
- AGG_mdd: -0.09923681
- BND_r1m: -0.02736538
- BND_r3m: -0.02665839
- BND_r12m: 0.01192381
- BND_vol3m: 0.05105570
- BND_mdd: -0.10002706
- SHY_r1m: -0.00072929
- SHY_r3m: 0.00253902
- SHY_r12m: 0.03824961
- SHY_vol3m: 0.01291098
- SHY_mdd: -0.00406120
- IEF_r1m: -0.03481510
- IEF_r3m: -0.03958715
- IEF_r12m: -0.01055355
- IEF_vol3m: 0.06075469
- IEF_mdd: -0.18536598
- TLT_r1m: -0.07861945
- TLT_r3m: -0.08216153
- TLT_r12m: -0.07518906
- TLT_vol3m: 0.14374008
- TLT_mdd: -0.43954760
- TIP_r1m: -0.02036853
- TIP_r3m: -0.02574229
- TIP_r12m: 0.02030346
- TIP_vol3m: 0.03946380
- TIP_mdd: -0.08183992
- LQD_r1m: -0.04332866
- LQD_r3m: -0.04164157
- LQD_r12m: 0.00230200
- LQD_vol3m: 0.07432003
- LQD_mdd: -0.12619848
- HYG_r1m: -0.01156583
- HYG_r3m: 0.00392863
- HYG_r12m: 0.07801726
- HYG_vol3m: 0.04228958
- HYG_mdd: -0.01230844
- GLD_r1m: -0.01146462
- GLD_r3m: 0.01202536
- GLD_r12m: 0.31061336
- GLD_vol3m: 0.16503746
- GLD_mdd: -0.04566988
- SLV_r1m: -0.07002417
- SLV_r3m: -0.05003524
- SLV_r12m: 0.28748798
- SLV_vol3m: 0.28408387
- SLV_mdd: -0.42953872
- DBC_r1m: 0.06051395
- DBC_r3m: 0.01081658
- DBC_r12m: 0.07752496
- DBC_vol3m: 0.15404059
- DBC_mdd: -0.19984579
- VNQ_r1m: -0.07463366
- VNQ_r3m: -0.06703090
- VNQ_r12m: 0.03060105
- VNQ_vol3m: 0.17670526
- VNQ_mdd: -0.15948420
- UUP_r1m: 0.03817312
- UUP_r3m: 0.08285672
- UUP_r12m: 0.13858037
- UUP_vol3m: 0.07098540
- UUP_mdd: 0.00000000
- BIL_r1m: 0.00386719
- BIL_r3m: 0.01183184
- BIL_r12m: 0.05192983
- BIL_vol3m: 0.00234189
- BIL_mdd: 0.00000000
- cross_vol: 0.11382796

Assets: SPY, QQQ, IWM, DIA, EFA, EEM, VEA, VWO, AGG, BND, SHY, IEF, TLT, TIP, LQD, HYG, GLD, SLV, DBC, VNQ, UUP, BIL","```json
{
  ""weights"": {
    ""SPY"": 0.12,
    ""QQQ"": 0.08,
    ""IWM"": 0.05,
    ""DIA"": 0.14,
    ""EFA"": 0.13,
    ""VEA"": 0.09,
    ""VWO"": 0.07,
    ""AGG"": 0.28,
    ""BND"": 0.15,
    ""SHY"": 0.06,
    ""IEF"": 0.04,
    ""TLT"": 0.03,
    ""TIP"": 0.07,
    ""LQD"": 0.08,
    ""HYG"": 0.02,
    ""GLD"": 0.16,
    ""SLV"": 0.04,
    ""DBC"": 0.05,
    ""VNQ"": 0.03,
    ""UUP"": 0.08,
    ""BIL"": 0.27
  }
}
```",1,0,0,14.141009875107557,390,1,0,0,0,269,7.809145,2396,stop,[],1,0,0,0,GLD,AGG,AGG,0,0,0.3333333333333333,1.0875759822286155,0.31248474792591663,8.673617379883876e-17,2.2484586062492518e-17,0.589126559714795,0,"{""SPY"":0.0588235294,""QQQ"":0.0392156863,""IWM"":0.0245098039,""DIA"":0.068627451,""EFA"":0.0637254902,""EEM"":0.0,""VEA"":0.0441176471,""VWO"":0.0343137255,""AGG"":0.137254902,""BND"":0.0735294118,""SHY"":0.0294117647,""IEF"":0.0196078431,""TLT"":0.0147058824,""TIP"":0.0343137255,""LQD"":0.0392156863,""HYG"":0.0098039216,""GLD"":0.0784313725,""SLV"":0.0196078431,""DBC"":0.0245098039,""VNQ"":0.0147058824,""UUP"":0.0392156863,""BIL"":0.1323529412}","{""SPY"":0.0588235294,""QQQ"":0.0392156863,""IWM"":0.0245098039,""DIA"":0.068627451,""EFA"":0.0637254902,""EEM"":5.204170428e-18,""VEA"":0.0441176471,""VWO"":0.0343137255,""AGG"":0.137254902,""BND"":0.0735294118,""SHY"":0.0294117647,""IEF"":0.0196078431,""TLT"":0.0147058824,""TIP"":0.0343137255,""LQD"":0.0392156863,""HYG"":0.0098039216,""GLD"":0.0784313725,""SLV"":0.0196078431,""DBC"":0.0245098039,""VNQ"":0.0147058824,""UUP"":0.0392156863,""BIL"":0.1323529412}","{""SPY"":0.1607079267,""QQQ"":0.079391931,""IWM"":0.010698991,""DIA"":0.0533176185,""EFA"":0.0043837873,""EEM"":0.0023850799,""VEA"":0.0048109688,""VWO"":0.0181893029,""AGG"":0.0100358084,""BND"":0.0100050963,""SHY"":0.0395550009,""IEF"":0.0042446533,""TLT"":0.0001527533,""TIP"":0.014322522,""LQD"":0.0055555816,""HYG"":0.1388818847,""GLD"":0.1976536295,""SLV"":0.000799046,""DBC"":0.0091618563,""VNQ"":0.0013591194,""UUP"":0.1801144992,""BIL"":0.0542729428}",0,0.9999999999999999,0.13725490196078433,0.0,1.1102230246251565e-16,0,0,1.0,0.13725490196078433,5.204170427928831e-18,1,1,1,b9f35a8260a0b00ce40fe1af
q1_20260801_011049,model_family_generalization,P6,qwen3.5:4b,P6,,,real_ticker,,2025-05-14,42,10.0,0.6,0.25,55e99c4edd0cf838,"You are a HYBRID DEFENSIVE-MOMENTUM policy profile. Use only the supplied feature values. Prefer assets with above-median `_r12m`, but among those candidates favor lower `_vol3m` and smaller drawdowns. Avoid assets with severe drawdowns unless their twelve-month momentum is unusually strong and their volatility is not high. During high cross-sectional volatility, keep at least 20% of the portfolio in bond-like or cash-like ETFs if such assets are present in the provided asset list. Do not allocate more than 40% to any single risky asset as a language-level preference; the deterministic projection layer will enforce final feasibility. Include every eligible ticker exactly once. Return strictly valid JSON only with a `weights` object whose values are decimals, not percentages.
Hard constraints for the execution layer: long-only weights, weights sum to one, maximum single-asset weight 0.60, and turnover cap 0.25. You propose weights; deterministic projection will enforce final feasibility.

Current Features:
- SPY_r1m: 0.08990583
- SPY_r3m: -0.02320739
- SPY_r12m: 0.14251682
- SPY_vol3m: 0.33821684
- SPY_mdd: -0.03845859
- QQQ_r1m: 0.13377623
- QQQ_r3m: -0.01674523
- QQQ_r12m: 0.18049674
- QQQ_vol3m: 0.39377645
- QQQ_mdd: -0.03719325
- IWM_r1m: 0.10856162
- IWM_r3m: -0.07323126
- IWM_r12m: 0.02369361
- IWM_vol3m: 0.32956671
- IWM_mdd: -0.14249453
- DIA_r1m: 0.03783451
- DIA_r3m: -0.04832504
- DIA_r12m: 0.08144754
- DIA_vol3m: 0.27440861
- DIA_mdd: -0.06069465
- EFA_r1m: 0.07867694
- EFA_r3m: 0.06519848
- EFA_r12m: 0.10525654
- EFA_vol3m: 0.26216563
- EFA_mdd: -0.00485437
- EEM_r1m: 0.09921675
- EEM_r3m: 0.05754743
- EEM_r12m: 0.11569349
- EEM_vol3m: 0.26804690
- EEM_mdd: -0.12324035
- VEA_r1m: 0.07663080
- VEA_r3m: 0.06352181
- VEA_r12m: 0.10271516
- VEA_vol3m: 0.25522257
- VEA_mdd: -0.00407162
- VWO_r1m: 0.09793107
- VWO_r3m: 0.05398136
- VWO_r12m: 0.13430535
- VWO_vol3m: 0.25906870
- VWO_mdd: -0.03363860
- AGG_r1m: -0.00250333
- AGG_r3m: 0.01267799
- AGG_r12m: 0.04738565
- AGG_vol3m: 0.05902216
- AGG_mdd: -0.07610239
- BND_r1m: -0.00218067
- BND_r3m: 0.01189900
- BND_r12m: 0.04760071
- BND_vol3m: 0.05806891
- BND_mdd: -0.07736360
- SHY_r1m: -0.00112447
- SHY_r3m: 0.01430954
- SHY_r12m: 0.05293712
- SHY_vol3m: 0.01769098
- SHY_mdd: -0.00725309
- IEF_r1m: -0.00662999
- IEF_r3m: 0.02131717
- IEF_r12m: 0.04692069
- IEF_vol3m: 0.07278241
- IEF_mdd: -0.15554858
- TLT_r1m: -0.02143808
- TLT_r3m: -0.01166778
- TLT_r12m: -0.01357145
- TLT_vol3m: 0.15569508
- TLT_mdd: -0.43239798
- TIP_r1m: 0.00384537
- TIP_r3m: 0.01666566
- TIP_r12m: 0.05228636
- TIP_vol3m: 0.06072917
- TIP_mdd: -0.05256530
- LQD_r1m: 0.00648218
- LQD_r3m: 0.00602718
- LQD_r12m: 0.04332588
- LQD_vol3m: 0.09155707
- LQD_mdd: -0.10397134
- HYG_r1m: 0.03197616
- HYG_r3m: 0.01309144
- HYG_r12m: 0.09186479
- HYG_vol3m: 0.09190711
- HYG_mdd: -0.00364952
- GLD_r1m: -0.01036359
- GLD_r3m: 0.09522916
- GLD_r12m: 0.34040508
- GLD_vol3m: 0.23404929
- GLD_mdd: -0.07107321
- SLV_r1m: -0.00442475
- SLV_r3m: -0.00306749
- SLV_r12m: 0.13504072
- SLV_vol3m: 0.28540610
- SLV_mdd: -0.38108335
- DBC_r1m: 0.02578794
- DBC_r3m: -0.03763438
- DBC_r12m: -0.02806066
- DBC_vol3m: 0.18927741
- DBC_mdd: -0.22995910
- VNQ_r1m: 0.02612455
- VNQ_r3m: -0.02907870
- VNQ_r12m: 0.10047515
- VNQ_vol3m: 0.24117084
- VNQ_mdd: -0.14114267
- UUP_r1m: 0.01864031
- UUP_r3m: -0.05332883
- UUP_r12m: 0.01349153
- UUP_vol3m: 0.10195994
- UUP_mdd: -0.06633168
- BIL_r1m: 0.00330374
- BIL_r3m: 0.01034030
- BIL_r12m: 0.04785171
- BIL_vol3m: 0.00199459
- BIL_mdd: 0.00000000
- cross_vol: 0.18371743

Assets: SPY, QQQ, IWM, DIA, EFA, EEM, VEA, VWO, AGG, BND, SHY, IEF, TLT, TIP, LQD, HYG, GLD, SLV, DBC, VNQ, UUP, BIL","```json
{
  ""weights"": {
    ""SPY"": 0.125,
    ""QQQ"": 0.180,
    ""IWM"": 0.045,
    ""DIA"": 0.135,
    ""EFA"": 0.160,
    ""VEA"": 0.120,
    ""VWO"": 0.110,
    ""AGG"": 0.080,
    ""BND"": 0.075,
    ""SHY"": 0.065,
    ""IEF"": 0.040,
    ""TLT"": 0.020,
    ""TIP"": 0.130,
    ""LQD"": 0.090,
    ""HYG"": 0.050,
    ""GLD"": 0.040,
    ""SLV"": 0.020,
    ""DBC"": 0.010,
    ""VNQ"": 0.030,
    ""UUP"": 0.025,
    ""BIL"": 0.065
  }
}
```",1,0,0,14.645314916037023,411,1,0,0,0,290,8.273684999,2396,stop,[],1,0,0,0,GLD,QQQ,QQQ,0,0,0.0,1.162424471672007,0.49881561453739226,1.0408340855860681e-16,2.6874220530932445e-17,0.5831691528285954,0,"{""SPY"":0.0773993808,""QQQ"":0.1114551084,""IWM"":0.0278637771,""DIA"":0.0835913313,""EFA"":0.0990712074,""EEM"":0.0,""VEA"":0.0743034056,""VWO"":0.0681114551,""AGG"":0.0495356037,""BND"":0.0464396285,""SHY"":0.040247678,""IEF"":0.0247678019,""TLT"":0.0123839009,""TIP"":0.080495356,""LQD"":0.0557275542,""HYG"":0.0309597523,""GLD"":0.0247678019,""SLV"":0.0123839009,""DBC"":0.0061919505,""VNQ"":0.0185758514,""UUP"":0.0154798762,""BIL"":0.040247678}","{""SPY"":0.0773993808,""QQQ"":0.1114551084,""IWM"":0.0278637771,""DIA"":0.0835913313,""EFA"":0.0990712074,""EEM"":6.938893904e-18,""VEA"":0.0743034056,""VWO"":0.0681114551,""AGG"":0.0495356037,""BND"":0.0464396285,""SHY"":0.040247678,""IEF"":0.0247678019,""TLT"":0.0123839009,""TIP"":0.080495356,""LQD"":0.0557275542,""HYG"":0.0309597523,""GLD"":0.0247678019,""SLV"":0.0123839009,""DBC"":0.0061919505,""VNQ"":0.0185758514,""UUP"":0.0154798762,""BIL"":0.040247678}","{""SPY"":0.0239990017,""QQQ"":0.0244683986,""IWM"":0.0007641287,""DIA"":0.0164694042,""EFA"":0.0350197915,""EEM"":0.0189304707,""VEA"":0.0361714319,""VWO"":0.0445898479,""AGG"":0.0169426375,""BND"":0.0170072013,""SHY"":0.039513641,""IEF"":0.0093123934,""TLT"":0.000389437,""TIP"":0.0204728396,""LQD"":0.0102096248,""HYG"":0.1330633047,""GLD"":0.480891987,""SLV"":0.0012003641,""DBC"":0.000792565,""VNQ"":0.017650041,""UUP"":0.0078397828,""BIL"":0.0443017056}",0,0.9999999999999999,0.11145510835913312,0.0,1.1102230246251565e-16,0,0,1.0,0.11145510835913312,6.938893903905613e-18,1,1,1,eed07c5df9c37120e70190c5
q1_20260801_011049,model_family_generalization,P6,qwen3.5:4b,P6,,,real_ticker,,2025-09-15,42,10.0,0.6,0.25,0151ca738e8a678c,"You are a HYBRID DEFENSIVE-MOMENTUM policy profile. Use only the supplied feature values. Prefer assets with above-median `_r12m`, but among those candidates favor lower `_vol3m` and smaller drawdowns. Avoid assets with severe drawdowns unless their twelve-month momentum is unusually strong and their volatility is not high. During high cross-sectional volatility, keep at least 20% of the portfolio in bond-like or cash-like ETFs if such assets are present in the provided asset list. Do not allocate more than 40% to any single risky asset as a language-level preference; the deterministic projection layer will enforce final feasibility. Include every eligible ticker exactly once. Return strictly valid JSON only with a `weights` object whose values are decimals, not percentages.
Hard constraints for the execution layer: long-only weights, weights sum to one, maximum single-asset weight 0.60, and turnover cap 0.25. You propose weights; deterministic projection will enforce final feasibility.

Current Features:
- SPY_r1m: 0.02474601
- SPY_r3m: 0.11032466
- SPY_r12m: 0.20692206
- SPY_vol3m: 0.09328632
- SPY_mdd: 0.00000000
- QQQ_r1m: 0.02033128
- QQQ_r3m: 0.12407855
- QQQ_r12m: 0.26972692
- QQQ_vol3m: 0.11720120
- QQQ_mdd: 0.00000000
- IWM_r1m: 0.04867681
- IWM_r3m: 0.14898656
- IWM_r12m: 0.15875876
- IWM_vol3m: 0.18150682
- IWM_mdd: -0.00602157
- DIA_r1m: 0.02489677
- DIA_r3m: 0.09230954
- DIA_r12m: 0.14188161
- DIA_vol3m: 0.10634992
- DIA_mdd: -0.00400509
- EFA_r1m: 0.02138570
- EFA_r3m: 0.06725496
- EFA_r12m: 0.19643985
- EFA_vol3m: 0.12430195
- EFA_mdd: 0.00000000
- EEM_r1m: 0.05533271
- EEM_r3m: 0.12820938
- EEM_r12m: 0.27831699
- EEM_vol3m: 0.12076506
- EEM_mdd: 0.00000000
- VEA_r1m: 0.02883473
- VEA_r3m: 0.08206495
- VEA_r12m: 0.21854355
- VEA_vol3m: 0.11825375
- VEA_mdd: 0.00000000
- VWO_r1m: 0.05135719
- VWO_r3m: 0.11607840
- VWO_r12m: 0.26266624
- VWO_vol3m: 0.10887842
- VWO_mdd: 0.00000000
- AGG_r1m: 0.01970150
- AGG_r3m: 0.03826568
- AGG_r12m: 0.03010015
- AGG_vol3m: 0.04085884
- AGG_mdd: -0.02855578
- BND_r1m: 0.01926590
- BND_r3m: 0.03777522
- BND_r12m: 0.02995703
- BND_vol3m: 0.03988196
- BND_mdd: -0.03054151
- SHY_r1m: 0.00627269
- SHY_r3m: 0.01636702
- SHY_r12m: 0.03917587
- SHY_vol3m: 0.01492242
- SHY_mdd: -0.00012041
- IEF_r1m: 0.02136101
- IEF_r3m: 0.04026896
- IEF_r12m: 0.02065424
- IEF_vol3m: 0.05017493
- IEF_mdd: -0.10958866
- TLT_r1m: 0.04002268
- TLT_r3m: 0.05626845
- TLT_r12m: -0.06453496
- TLT_vol3m: 0.11052087
- TLT_mdd: -0.39110450
- TIP_r1m: 0.01769496
- TIP_r3m: 0.03923894
- TIP_r12m: 0.04513400
- TIP_vol3m: 0.03753857
- TIP_mdd: -0.01091952
- LQD_r1m: 0.02615900
- LQD_r3m: 0.05419595
- LQD_r12m: 0.04003761
- LQD_vol3m: 0.05445148
- LQD_mdd: -0.03718814
- HYG_r1m: 0.01463177
- HYG_r3m: 0.03799898
- HYG_r12m: 0.08493318
- HYG_vol3m: 0.03127548
- HYG_mdd: 0.00000000
- GLD_r1m: 0.10304314
- GLD_r3m: 0.07151663
- GLD_r12m: 0.45924652
- GLD_vol3m: 0.13774774
- GLD_mdd: 0.00000000
- SLV_r1m: 0.12347821
- SLV_r3m: 0.17561410
- SLV_r12m: 0.48392026
- SLV_vol3m: 0.21252364
- SLV_mdd: -0.17985612
- DBC_r1m: 0.03250915
- DBC_r3m: -0.00441504
- DBC_r12m: 0.11993753
- DBC_vol3m: 0.14383905
- DBC_mdd: -0.19160047
- VNQ_r1m: 0.03925521
- VNQ_r3m: 0.04163769
- VNQ_r12m: -0.00987608
- VNQ_vol3m: 0.14072086
- VNQ_mdd: -0.08250303
- UUP_r1m: -0.00473937
- UUP_r3m: 0.00478465
- UUP_r12m: 0.00677562
- UUP_vol3m: 0.06928460
- UUP_mdd: -0.08542716
- BIL_r1m: 0.00384994
- BIL_r3m: 0.01072392
- BIL_r12m: 0.04474769
- BIL_vol3m: 0.00205486
- BIL_mdd: 0.00000000
- cross_vol: 0.09346994

Assets: SPY, QQQ, IWM, DIA, EFA, EEM, VEA, VWO, AGG, BND, SHY, IEF, TLT, TIP, LQD, HYG, GLD, SLV, DBC, VNQ, UUP, BIL","```json
{
  ""weights"": {
    ""SPY"": 0.125,
    ""QQQ"": 0.180,
    ""IWM"": 0.140,
    ""DIA"": 0.130,
    ""EFA"": 0.160,
    ""VEA"": 0.125,
    ""VWO"": 0.175,
    ""AGG"": 0.140,
    ""BND"": 0.130,
    ""SHY"": 0.080,
    ""IEF"": 0.090,
    ""TLT"": 0.075,
    ""TIP"": 0.065,
    ""LQD"": 0.120,
    ""HYG"": 0.040,
    ""GLD"": 0.035,
    ""SLV"": 0.020,
    ""DBC"": 0.015,
    ""VNQ"": 0.085,
    ""UUP"": 0.060,
    ""BIL"": 0.045
  }
}
```",1,0,0,14.764151999959722,411,1,0,0,0,290,8.444709,2396,stop,[],1,0,0,0,GLD,QQQ,QQQ,0,0,0.3333333333333333,0.8269043019170146,0.2769588953545902,2.2551405187698354e-16,4.991664918192083e-17,0.4914004914004914,0,"{""SPY"":0.0614250614,""QQQ"":0.0884520885,""IWM"":0.0687960688,""DIA"":0.0638820639,""EFA"":0.0786240786,""EEM"":0.0,""VEA"":0.0614250614,""VWO"":0.085995086,""AGG"":0.0687960688,""BND"":0.0638820639,""SHY"":0.0393120393,""IEF"":0.0442260442,""TLT"":0.0368550369,""TIP"":0.0319410319,""LQD"":0.058968059,""HYG"":0.0196560197,""GLD"":0.0171990172,""SLV"":0.0098280098,""DBC"":0.0073710074,""VNQ"":0.0417690418,""UUP"":0.0294840295,""BIL"":0.0221130221}","{""SPY"":0.0614250614,""QQQ"":0.0884520885,""IWM"":0.0687960688,""DIA"":0.0638820639,""EFA"":0.0786240786,""EEM"":1.040834086e-17,""VEA"":0.0614250614,""VWO"":0.085995086,""AGG"":0.0687960688,""BND"":0.0638820639,""SHY"":0.0393120393,""IEF"":0.0442260442,""TLT"":0.0368550369,""TIP"":0.0319410319,""LQD"":0.058968059,""HYG"":0.0196560197,""GLD"":0.0171990172,""SLV"":0.0098280098,""DBC"":0.0073710074,""VNQ"":0.0417690418,""UUP"":0.0294840295,""BIL"":0.0221130221}","{""SPY"":0.0932573606,""QQQ"":0.092768223,""IWM"":0.012313829,""DIA"":0.0450258344,""EFA"":0.0486160447,""EEM"":0.092196918,""VEA"":0.0635372762,""VWO"":0.1030977698,""AGG"":0.0154034671,""BND"":0.0154493485,""SHY"":0.0326287684,""IEF"":0.0067822173,""TLT"":0.0001613736,""TIP"":0.0206600763,""LQD"":0.012051131,""HYG"":0.0331874256,""GLD"":0.2389012917,""SLV"":0.0194405268,""DBC"":0.0050079025,""VNQ"":0.0012301379,""UUP"":0.0051243523,""BIL"":0.0431587252}",0,0.9999999999999999,0.08845208845208845,0.0,1.1102230246251565e-16,0,0,1.0,0.08845208845208846,1.0408340855859459e-17,1,1,1,bc0ab0edb5df94ee70f007d9
