run_id,experiment_id,condition_id,model_id,policy_id,complexity_level,paraphrase_id,mask_condition,conflict_type,decision_date,rebalance_days,cost_bps,wmax,tau,prompt_hash,prompt_text,raw_output,json_valid,parse_fail,repair_used,latency_sec,output_length,attempt_count,parse_retry_count,network_retry_count,timeout_retry_count,eval_count,eval_duration_sec,prompt_eval_count,done_reason,attempt_diagnostics,missing_asset_count,hallucinated_asset_count,negative_weight_count,invalid_weight_count,target_asset,top_asset_raw,top_asset_projected,raw_fidelity,projected_fidelity,top3_overlap,allocation_l1_to_reference,allocation_l2_to_reference,projection_l1,projection_l2,ew_l1_distance,collapse_flag,raw_weights,projected_weights,reference_weights,dry_run,raw_sum,raw_max_weight,raw_min_weight,raw_budget_violation,raw_cap_violation,raw_longonly_violation,post_sum,post_max_weight,post_min_weight,post_feasible_budget,post_feasible_cap,post_feasible_longonly,repeat_no,generation_seed,task_id
repeatability_504part,repeatability,repeat_00,llama3.1:8b,P1,,,real_ticker,,2011-01-03,42,10.0,0.6,0.25,a360e6f936cb61e3,"You are an AGGRESSIVE MOMENTUM policy profile. Use only the provided feature values. Strongly favor the eligible asset with the highest `_r12m` value. Allocate 60.0% of total portfolio weight to that target asset as the language-level policy target. Distribute the remaining weight equally among all other eligible assets. Include every eligible ticker exactly once. Return strictly valid JSON only with a `weights` object whose values are decimals, not percentages.
Hard constraints for the execution layer: long-only weights, weights sum to one, maximum single-asset weight 0.60, and turnover cap 0.25. You propose weights; deterministic projection will enforce final feasibility.

Current Features:
- SPY_r1m: 0.04208726
- SPY_r3m: 0.12279774
- SPY_r12m: 0.14307032
- SPY_vol3m: 0.11589737
- SPY_mdd: 0.00000000
- QQQ_r1m: 0.03144718
- QQQ_r3m: 0.14314511
- QQQ_r12m: 0.20257820
- QQQ_vol3m: 0.13378801
- QQQ_mdd: 0.00000000
- IWM_r1m: 0.06429413
- IWM_r3m: 0.19450935
- IWM_r12m: 0.26016575
- IWM_vol3m: 0.15913427
- IWM_mdd: 0.00000000
- DIA_r1m: 0.02801755
- DIA_r3m: 0.09140608
- DIA_r12m: 0.13053403
- DIA_vol3m: 0.10688346
- DIA_mdd: 0.00000000
- EFA_r1m: 0.04207665
- EFA_r3m: 0.08382051
- EFA_r12m: 0.06273712
- EFA_vol3m: 0.18216333
- EFA_mdd: -0.00349007
- EEM_r1m: 0.03263422
- EEM_r3m: 0.07093912
- EEM_r12m: 0.14315163
- EEM_vol3m: 0.20251667
- EEM_mdd: -0.00158781
- VEA_r1m: 0.03960195
- VEA_r3m: 0.08396211
- VEA_r12m: 0.06362364
- VEA_vol3m: 0.18769934
- VEA_mdd: -0.00340270
- VWO_r1m: 0.03810061
- VWO_r3m: 0.07230650
- VWO_r12m: 0.16663950
- VWO_vol3m: 0.19384931
- VWO_mdd: 0.00000000
- AGG_r1m: -0.00070437
- AGG_r3m: -0.01516585
- AGG_r12m: 0.06118092
- AGG_vol3m: 0.04649801
- AGG_mdd: -0.02199994
- BND_r1m: -0.00449266
- BND_r3m: -0.01674832
- BND_r12m: 0.05945003
- BND_vol3m: 0.04800051
- BND_mdd: -0.02395071
- SHY_r1m: -0.00037963
- SHY_r3m: -0.00203093
- SHY_r12m: 0.02119853
- SHY_vol3m: 0.01285912
- SHY_mdd: -0.00435697
- IEF_r1m: -0.02202476
- IEF_r3m: -0.04988575
- IEF_r12m: 0.08751648
- IEF_vol3m: 0.09333577
- IEF_mdd: -0.05842922
- TLT_r1m: -0.01997246
- TLT_r3m: -0.10035785
- TLT_r12m: 0.08286625
- TLT_vol3m: 0.17782146
- TLT_mdd: -0.12501712
- TIP_r1m: -0.01120953
- TIP_r3m: -0.01494453
- TIP_r12m: 0.05413149
- TIP_vol3m: 0.07652256
- TIP_mdd: -0.03978627
- LQD_r1m: 0.00073876
- LQD_r3m: -0.01915948
- LQD_r12m: 0.09163371
- LQD_vol3m: 0.07469758
- LQD_mdd: -0.02992795
- HYG_r1m: 0.01872326
- HYG_r3m: 0.03651701
- HYG_r12m: 0.11127091
- HYG_vol3m: 0.07228620
- HYG_mdd: -0.00373989
- GLD_r1m: 0.02071008
- GLD_r3m: 0.07426431
- GLD_r12m: 0.25683057
- GLD_vol3m: 0.17888808
- GLD_mdd: -0.00797930
- SLV_r1m: 0.07339775
- SLV_r3m: 0.39377030
- SLV_r12m: 0.73998841
- SLV_vol3m: 0.36753455
- SLV_mdd: -0.00662693
- DBC_r1m: 0.06300427
- DBC_r3m: 0.14908623
- DBC_r12m: 0.09627583
- DBC_vol3m: 0.20763638
- DBC_mdd: 0.00000000
- VNQ_r1m: 0.04275289
- VNQ_r3m: 0.07947241
- VNQ_r12m: 0.31336941
- VNQ_vol3m: 0.17689111
- VNQ_mdd: -0.00475259
- UUP_r1m: -0.01468031
- UUP_r3m: 0.00307699
- UUP_r12m: -0.00436290
- UUP_vol3m: 0.10102783
- UUP_mdd: -0.11653113
- BIL_r1m: 0.00021865
- BIL_r3m: -0.00000000
- BIL_r12m: 0.00021865
- BIL_vol3m: 0.00256914
- BIL_mdd: -0.00021783
- cross_vol: 0.13265909

Assets: SPY, QQQ, IWM, DIA, EFA, EEM, VEA, VWO, AGG, BND, SHY, IEF, TLT, TIP, LQD, HYG, GLD, SLV, DBC, VNQ, UUP, BIL","{
  ""weights"": {
    ""SPY"": 0.36,
    ""QQQ"": 0.12,
    ""IWM"": 0.12,
    ""DIA"": 0.06,
    ""EFA"": 0.06,
    ""EEM"": 0.06,
    ""VEA"": 0.06,
    ""VWO"": 0.06,
    ""AGG"": 0.00,
    ""BND"": 0.00,
    ""SHY"": 0.00,
    ""IEF"": 0.00,
    ""TLT"": 0.00,
    ""TIP"": 0.00,
    ""LQD"": 0.00,
    ""HYG"": 0.00,
    ""GLD"": 0.00,
    ""SLV"": 0.00,
    ""DBC"": 0.00,
    ""VNQ"": 0.00,
    ""UUP"": 0.00,
    ""BIL"": 0.00
  }
}",1,0,0,17.333169833000284,395,1,0,0,0,229,9.661011,1754,stop,[],0,0,0,0,SLV,SPY,SPY,0,0,0.6666666666666666,1.695238095238095,0.7397983423214648,1.6653345369377348e-16,4.046035655711836e-17,1.2727272727272725,0,"{""SPY"":0.4,""QQQ"":0.1333333333,""IWM"":0.1333333333,""DIA"":0.0666666667,""EFA"":0.0666666667,""EEM"":0.0666666667,""VEA"":0.0666666667,""VWO"":0.0666666667,""AGG"":0.0,""BND"":0.0,""SHY"":0.0,""IEF"":0.0,""TLT"":0.0,""TIP"":0.0,""LQD"":0.0,""HYG"":0.0,""GLD"":0.0,""SLV"":0.0,""DBC"":0.0,""VNQ"":0.0,""UUP"":0.0,""BIL"":0.0}","{""SPY"":0.4,""QQQ"":0.1333333333,""IWM"":0.1333333333,""DIA"":0.0666666667,""EFA"":0.0666666667,""EEM"":0.0666666667,""VEA"":0.0666666667,""VWO"":0.0666666667,""AGG"":6.938893904e-18,""BND"":6.938893904e-18,""SHY"":6.938893904e-18,""IEF"":6.938893904e-18,""TLT"":6.938893904e-18,""TIP"":6.938893904e-18,""LQD"":6.938893904e-18,""HYG"":6.938893904e-18,""GLD"":6.938893904e-18,""SLV"":6.938893904e-18,""DBC"":6.938893904e-18,""VNQ"":6.938893904e-18,""UUP"":6.938893904e-18,""BIL"":6.938893904e-18}","{""SPY"":0.019047619,""QQQ"":0.019047619,""IWM"":0.019047619,""DIA"":0.019047619,""EFA"":0.019047619,""EEM"":0.019047619,""VEA"":0.019047619,""VWO"":0.019047619,""AGG"":0.019047619,""BND"":0.019047619,""SHY"":0.019047619,""IEF"":0.019047619,""TLT"":0.019047619,""TIP"":0.019047619,""LQD"":0.019047619,""HYG"":0.019047619,""GLD"":0.019047619,""SLV"":0.6,""DBC"":0.019047619,""VNQ"":0.019047619,""UUP"":0.019047619,""BIL"":0.019047619}",0,1.0,0.4,0.0,0.0,0,0,1.0,0.4,6.938893903907228e-18,1,1,1,0,42,8fba9867d329dc8d95e5f406
repeatability_504part,repeatability,repeat_01,llama3.1:8b,P1,,,real_ticker,,2011-01-03,42,10.0,0.6,0.25,a360e6f936cb61e3,"You are an AGGRESSIVE MOMENTUM policy profile. Use only the provided feature values. Strongly favor the eligible asset with the highest `_r12m` value. Allocate 60.0% of total portfolio weight to that target asset as the language-level policy target. Distribute the remaining weight equally among all other eligible assets. Include every eligible ticker exactly once. Return strictly valid JSON only with a `weights` object whose values are decimals, not percentages.
Hard constraints for the execution layer: long-only weights, weights sum to one, maximum single-asset weight 0.60, and turnover cap 0.25. You propose weights; deterministic projection will enforce final feasibility.

Current Features:
- SPY_r1m: 0.04208726
- SPY_r3m: 0.12279774
- SPY_r12m: 0.14307032
- SPY_vol3m: 0.11589737
- SPY_mdd: 0.00000000
- QQQ_r1m: 0.03144718
- QQQ_r3m: 0.14314511
- QQQ_r12m: 0.20257820
- QQQ_vol3m: 0.13378801
- QQQ_mdd: 0.00000000
- IWM_r1m: 0.06429413
- IWM_r3m: 0.19450935
- IWM_r12m: 0.26016575
- IWM_vol3m: 0.15913427
- IWM_mdd: 0.00000000
- DIA_r1m: 0.02801755
- DIA_r3m: 0.09140608
- DIA_r12m: 0.13053403
- DIA_vol3m: 0.10688346
- DIA_mdd: 0.00000000
- EFA_r1m: 0.04207665
- EFA_r3m: 0.08382051
- EFA_r12m: 0.06273712
- EFA_vol3m: 0.18216333
- EFA_mdd: -0.00349007
- EEM_r1m: 0.03263422
- EEM_r3m: 0.07093912
- EEM_r12m: 0.14315163
- EEM_vol3m: 0.20251667
- EEM_mdd: -0.00158781
- VEA_r1m: 0.03960195
- VEA_r3m: 0.08396211
- VEA_r12m: 0.06362364
- VEA_vol3m: 0.18769934
- VEA_mdd: -0.00340270
- VWO_r1m: 0.03810061
- VWO_r3m: 0.07230650
- VWO_r12m: 0.16663950
- VWO_vol3m: 0.19384931
- VWO_mdd: 0.00000000
- AGG_r1m: -0.00070437
- AGG_r3m: -0.01516585
- AGG_r12m: 0.06118092
- AGG_vol3m: 0.04649801
- AGG_mdd: -0.02199994
- BND_r1m: -0.00449266
- BND_r3m: -0.01674832
- BND_r12m: 0.05945003
- BND_vol3m: 0.04800051
- BND_mdd: -0.02395071
- SHY_r1m: -0.00037963
- SHY_r3m: -0.00203093
- SHY_r12m: 0.02119853
- SHY_vol3m: 0.01285912
- SHY_mdd: -0.00435697
- IEF_r1m: -0.02202476
- IEF_r3m: -0.04988575
- IEF_r12m: 0.08751648
- IEF_vol3m: 0.09333577
- IEF_mdd: -0.05842922
- TLT_r1m: -0.01997246
- TLT_r3m: -0.10035785
- TLT_r12m: 0.08286625
- TLT_vol3m: 0.17782146
- TLT_mdd: -0.12501712
- TIP_r1m: -0.01120953
- TIP_r3m: -0.01494453
- TIP_r12m: 0.05413149
- TIP_vol3m: 0.07652256
- TIP_mdd: -0.03978627
- LQD_r1m: 0.00073876
- LQD_r3m: -0.01915948
- LQD_r12m: 0.09163371
- LQD_vol3m: 0.07469758
- LQD_mdd: -0.02992795
- HYG_r1m: 0.01872326
- HYG_r3m: 0.03651701
- HYG_r12m: 0.11127091
- HYG_vol3m: 0.07228620
- HYG_mdd: -0.00373989
- GLD_r1m: 0.02071008
- GLD_r3m: 0.07426431
- GLD_r12m: 0.25683057
- GLD_vol3m: 0.17888808
- GLD_mdd: -0.00797930
- SLV_r1m: 0.07339775
- SLV_r3m: 0.39377030
- SLV_r12m: 0.73998841
- SLV_vol3m: 0.36753455
- SLV_mdd: -0.00662693
- DBC_r1m: 0.06300427
- DBC_r3m: 0.14908623
- DBC_r12m: 0.09627583
- DBC_vol3m: 0.20763638
- DBC_mdd: 0.00000000
- VNQ_r1m: 0.04275289
- VNQ_r3m: 0.07947241
- VNQ_r12m: 0.31336941
- VNQ_vol3m: 0.17689111
- VNQ_mdd: -0.00475259
- UUP_r1m: -0.01468031
- UUP_r3m: 0.00307699
- UUP_r12m: -0.00436290
- UUP_vol3m: 0.10102783
- UUP_mdd: -0.11653113
- BIL_r1m: 0.00021865
- BIL_r3m: -0.00000000
- BIL_r12m: 0.00021865
- BIL_vol3m: 0.00256914
- BIL_mdd: -0.00021783
- cross_vol: 0.13265909

Assets: SPY, QQQ, IWM, DIA, EFA, EEM, VEA, VWO, AGG, BND, SHY, IEF, TLT, TIP, LQD, HYG, GLD, SLV, DBC, VNQ, UUP, BIL","{
  ""weights"": {
    ""SPY"": 0.36,
    ""QQQ"": 0.12,
    ""IWM"": 0.12,
    ""DIA"": 0.06,
    ""EFA"": 0.06,
    ""EEM"": 0.06,
    ""VEA"": 0.06,
    ""VWO"": 0.06,
    ""AGG"": 0.00,
    ""BND"": 0.00,
    ""SHY"": 0.00,
    ""IEF"": 0.00,
    ""TLT"": 0.00,
    ""TIP"": 0.00,
    ""LQD"": 0.00,
    ""HYG"": 0.00,
    ""GLD"": 0.00,
    ""SLV"": 0.00,
    ""DBC"": 0.00,
    ""VNQ"": 0.00,
    ""UUP"": 0.00,
    ""BIL"": 0.00
  }
}",1,0,0,9.838048249992426,395,1,0,0,0,229,9.621051,1754,stop,[],0,0,0,0,SLV,SPY,SPY,0,0,0.6666666666666666,1.695238095238095,0.7397983423214648,1.6653345369377348e-16,4.046035655711836e-17,1.2727272727272725,0,"{""SPY"":0.4,""QQQ"":0.1333333333,""IWM"":0.1333333333,""DIA"":0.0666666667,""EFA"":0.0666666667,""EEM"":0.0666666667,""VEA"":0.0666666667,""VWO"":0.0666666667,""AGG"":0.0,""BND"":0.0,""SHY"":0.0,""IEF"":0.0,""TLT"":0.0,""TIP"":0.0,""LQD"":0.0,""HYG"":0.0,""GLD"":0.0,""SLV"":0.0,""DBC"":0.0,""VNQ"":0.0,""UUP"":0.0,""BIL"":0.0}","{""SPY"":0.4,""QQQ"":0.1333333333,""IWM"":0.1333333333,""DIA"":0.0666666667,""EFA"":0.0666666667,""EEM"":0.0666666667,""VEA"":0.0666666667,""VWO"":0.0666666667,""AGG"":6.938893904e-18,""BND"":6.938893904e-18,""SHY"":6.938893904e-18,""IEF"":6.938893904e-18,""TLT"":6.938893904e-18,""TIP"":6.938893904e-18,""LQD"":6.938893904e-18,""HYG"":6.938893904e-18,""GLD"":6.938893904e-18,""SLV"":6.938893904e-18,""DBC"":6.938893904e-18,""VNQ"":6.938893904e-18,""UUP"":6.938893904e-18,""BIL"":6.938893904e-18}","{""SPY"":0.019047619,""QQQ"":0.019047619,""IWM"":0.019047619,""DIA"":0.019047619,""EFA"":0.019047619,""EEM"":0.019047619,""VEA"":0.019047619,""VWO"":0.019047619,""AGG"":0.019047619,""BND"":0.019047619,""SHY"":0.019047619,""IEF"":0.019047619,""TLT"":0.019047619,""TIP"":0.019047619,""LQD"":0.019047619,""HYG"":0.019047619,""GLD"":0.019047619,""SLV"":0.6,""DBC"":0.019047619,""VNQ"":0.019047619,""UUP"":0.019047619,""BIL"":0.019047619}",0,1.0,0.4,0.0,0.0,0,0,1.0,0.4,6.938893903907228e-18,1,1,1,1,43,b7932ef09d689a51ae60c61a
repeatability_504part,repeatability,repeat_02,llama3.1:8b,P1,,,real_ticker,,2011-01-03,42,10.0,0.6,0.25,a360e6f936cb61e3,"You are an AGGRESSIVE MOMENTUM policy profile. Use only the provided feature values. Strongly favor the eligible asset with the highest `_r12m` value. Allocate 60.0% of total portfolio weight to that target asset as the language-level policy target. Distribute the remaining weight equally among all other eligible assets. Include every eligible ticker exactly once. Return strictly valid JSON only with a `weights` object whose values are decimals, not percentages.
Hard constraints for the execution layer: long-only weights, weights sum to one, maximum single-asset weight 0.60, and turnover cap 0.25. You propose weights; deterministic projection will enforce final feasibility.

Current Features:
- SPY_r1m: 0.04208726
- SPY_r3m: 0.12279774
- SPY_r12m: 0.14307032
- SPY_vol3m: 0.11589737
- SPY_mdd: 0.00000000
- QQQ_r1m: 0.03144718
- QQQ_r3m: 0.14314511
- QQQ_r12m: 0.20257820
- QQQ_vol3m: 0.13378801
- QQQ_mdd: 0.00000000
- IWM_r1m: 0.06429413
- IWM_r3m: 0.19450935
- IWM_r12m: 0.26016575
- IWM_vol3m: 0.15913427
- IWM_mdd: 0.00000000
- DIA_r1m: 0.02801755
- DIA_r3m: 0.09140608
- DIA_r12m: 0.13053403
- DIA_vol3m: 0.10688346
- DIA_mdd: 0.00000000
- EFA_r1m: 0.04207665
- EFA_r3m: 0.08382051
- EFA_r12m: 0.06273712
- EFA_vol3m: 0.18216333
- EFA_mdd: -0.00349007
- EEM_r1m: 0.03263422
- EEM_r3m: 0.07093912
- EEM_r12m: 0.14315163
- EEM_vol3m: 0.20251667
- EEM_mdd: -0.00158781
- VEA_r1m: 0.03960195
- VEA_r3m: 0.08396211
- VEA_r12m: 0.06362364
- VEA_vol3m: 0.18769934
- VEA_mdd: -0.00340270
- VWO_r1m: 0.03810061
- VWO_r3m: 0.07230650
- VWO_r12m: 0.16663950
- VWO_vol3m: 0.19384931
- VWO_mdd: 0.00000000
- AGG_r1m: -0.00070437
- AGG_r3m: -0.01516585
- AGG_r12m: 0.06118092
- AGG_vol3m: 0.04649801
- AGG_mdd: -0.02199994
- BND_r1m: -0.00449266
- BND_r3m: -0.01674832
- BND_r12m: 0.05945003
- BND_vol3m: 0.04800051
- BND_mdd: -0.02395071
- SHY_r1m: -0.00037963
- SHY_r3m: -0.00203093
- SHY_r12m: 0.02119853
- SHY_vol3m: 0.01285912
- SHY_mdd: -0.00435697
- IEF_r1m: -0.02202476
- IEF_r3m: -0.04988575
- IEF_r12m: 0.08751648
- IEF_vol3m: 0.09333577
- IEF_mdd: -0.05842922
- TLT_r1m: -0.01997246
- TLT_r3m: -0.10035785
- TLT_r12m: 0.08286625
- TLT_vol3m: 0.17782146
- TLT_mdd: -0.12501712
- TIP_r1m: -0.01120953
- TIP_r3m: -0.01494453
- TIP_r12m: 0.05413149
- TIP_vol3m: 0.07652256
- TIP_mdd: -0.03978627
- LQD_r1m: 0.00073876
- LQD_r3m: -0.01915948
- LQD_r12m: 0.09163371
- LQD_vol3m: 0.07469758
- LQD_mdd: -0.02992795
- HYG_r1m: 0.01872326
- HYG_r3m: 0.03651701
- HYG_r12m: 0.11127091
- HYG_vol3m: 0.07228620
- HYG_mdd: -0.00373989
- GLD_r1m: 0.02071008
- GLD_r3m: 0.07426431
- GLD_r12m: 0.25683057
- GLD_vol3m: 0.17888808
- GLD_mdd: -0.00797930
- SLV_r1m: 0.07339775
- SLV_r3m: 0.39377030
- SLV_r12m: 0.73998841
- SLV_vol3m: 0.36753455
- SLV_mdd: -0.00662693
- DBC_r1m: 0.06300427
- DBC_r3m: 0.14908623
- DBC_r12m: 0.09627583
- DBC_vol3m: 0.20763638
- DBC_mdd: 0.00000000
- VNQ_r1m: 0.04275289
- VNQ_r3m: 0.07947241
- VNQ_r12m: 0.31336941
- VNQ_vol3m: 0.17689111
- VNQ_mdd: -0.00475259
- UUP_r1m: -0.01468031
- UUP_r3m: 0.00307699
- UUP_r12m: -0.00436290
- UUP_vol3m: 0.10102783
- UUP_mdd: -0.11653113
- BIL_r1m: 0.00021865
- BIL_r3m: -0.00000000
- BIL_r12m: 0.00021865
- BIL_vol3m: 0.00256914
- BIL_mdd: -0.00021783
- cross_vol: 0.13265909

Assets: SPY, QQQ, IWM, DIA, EFA, EEM, VEA, VWO, AGG, BND, SHY, IEF, TLT, TIP, LQD, HYG, GLD, SLV, DBC, VNQ, UUP, BIL","{
  ""weights"": {
    ""SPY"": 0.36,
    ""QQQ"": 0.12,
    ""IWM"": 0.12,
    ""DIA"": 0.06,
    ""EFA"": 0.06,
    ""EEM"": 0.06,
    ""VEA"": 0.06,
    ""VWO"": 0.06,
    ""AGG"": 0.00,
    ""BND"": 0.00,
    ""SHY"": 0.00,
    ""IEF"": 0.00,
    ""TLT"": 0.00,
    ""TIP"": 0.00,
    ""LQD"": 0.00,
    ""HYG"": 0.00,
    ""GLD"": 0.00,
    ""SLV"": 0.00,
    ""DBC"": 0.00,
    ""VNQ"": 0.00,
    ""UUP"": 0.00,
    ""BIL"": 0.00
  }
}",1,0,0,9.81049350000103,395,1,0,0,0,229,9.597758,1754,stop,[],0,0,0,0,SLV,SPY,SPY,0,0,0.6666666666666666,1.695238095238095,0.7397983423214648,1.6653345369377348e-16,4.046035655711836e-17,1.2727272727272725,0,"{""SPY"":0.4,""QQQ"":0.1333333333,""IWM"":0.1333333333,""DIA"":0.0666666667,""EFA"":0.0666666667,""EEM"":0.0666666667,""VEA"":0.0666666667,""VWO"":0.0666666667,""AGG"":0.0,""BND"":0.0,""SHY"":0.0,""IEF"":0.0,""TLT"":0.0,""TIP"":0.0,""LQD"":0.0,""HYG"":0.0,""GLD"":0.0,""SLV"":0.0,""DBC"":0.0,""VNQ"":0.0,""UUP"":0.0,""BIL"":0.0}","{""SPY"":0.4,""QQQ"":0.1333333333,""IWM"":0.1333333333,""DIA"":0.0666666667,""EFA"":0.0666666667,""EEM"":0.0666666667,""VEA"":0.0666666667,""VWO"":0.0666666667,""AGG"":6.938893904e-18,""BND"":6.938893904e-18,""SHY"":6.938893904e-18,""IEF"":6.938893904e-18,""TLT"":6.938893904e-18,""TIP"":6.938893904e-18,""LQD"":6.938893904e-18,""HYG"":6.938893904e-18,""GLD"":6.938893904e-18,""SLV"":6.938893904e-18,""DBC"":6.938893904e-18,""VNQ"":6.938893904e-18,""UUP"":6.938893904e-18,""BIL"":6.938893904e-18}","{""SPY"":0.019047619,""QQQ"":0.019047619,""IWM"":0.019047619,""DIA"":0.019047619,""EFA"":0.019047619,""EEM"":0.019047619,""VEA"":0.019047619,""VWO"":0.019047619,""AGG"":0.019047619,""BND"":0.019047619,""SHY"":0.019047619,""IEF"":0.019047619,""TLT"":0.019047619,""TIP"":0.019047619,""LQD"":0.019047619,""HYG"":0.019047619,""GLD"":0.019047619,""SLV"":0.6,""DBC"":0.019047619,""VNQ"":0.019047619,""UUP"":0.019047619,""BIL"":0.019047619}",0,1.0,0.4,0.0,0.0,0,0,1.0,0.4,6.938893903907228e-18,1,1,1,2,44,c454a35eca0e1dc4e8109ad8
repeatability_504part,repeatability,repeat_03,llama3.1:8b,P1,,,real_ticker,,2011-01-03,42,10.0,0.6,0.25,a360e6f936cb61e3,"You are an AGGRESSIVE MOMENTUM policy profile. Use only the provided feature values. Strongly favor the eligible asset with the highest `_r12m` value. Allocate 60.0% of total portfolio weight to that target asset as the language-level policy target. Distribute the remaining weight equally among all other eligible assets. Include every eligible ticker exactly once. Return strictly valid JSON only with a `weights` object whose values are decimals, not percentages.
Hard constraints for the execution layer: long-only weights, weights sum to one, maximum single-asset weight 0.60, and turnover cap 0.25. You propose weights; deterministic projection will enforce final feasibility.

Current Features:
- SPY_r1m: 0.04208726
- SPY_r3m: 0.12279774
- SPY_r12m: 0.14307032
- SPY_vol3m: 0.11589737
- SPY_mdd: 0.00000000
- QQQ_r1m: 0.03144718
- QQQ_r3m: 0.14314511
- QQQ_r12m: 0.20257820
- QQQ_vol3m: 0.13378801
- QQQ_mdd: 0.00000000
- IWM_r1m: 0.06429413
- IWM_r3m: 0.19450935
- IWM_r12m: 0.26016575
- IWM_vol3m: 0.15913427
- IWM_mdd: 0.00000000
- DIA_r1m: 0.02801755
- DIA_r3m: 0.09140608
- DIA_r12m: 0.13053403
- DIA_vol3m: 0.10688346
- DIA_mdd: 0.00000000
- EFA_r1m: 0.04207665
- EFA_r3m: 0.08382051
- EFA_r12m: 0.06273712
- EFA_vol3m: 0.18216333
- EFA_mdd: -0.00349007
- EEM_r1m: 0.03263422
- EEM_r3m: 0.07093912
- EEM_r12m: 0.14315163
- EEM_vol3m: 0.20251667
- EEM_mdd: -0.00158781
- VEA_r1m: 0.03960195
- VEA_r3m: 0.08396211
- VEA_r12m: 0.06362364
- VEA_vol3m: 0.18769934
- VEA_mdd: -0.00340270
- VWO_r1m: 0.03810061
- VWO_r3m: 0.07230650
- VWO_r12m: 0.16663950
- VWO_vol3m: 0.19384931
- VWO_mdd: 0.00000000
- AGG_r1m: -0.00070437
- AGG_r3m: -0.01516585
- AGG_r12m: 0.06118092
- AGG_vol3m: 0.04649801
- AGG_mdd: -0.02199994
- BND_r1m: -0.00449266
- BND_r3m: -0.01674832
- BND_r12m: 0.05945003
- BND_vol3m: 0.04800051
- BND_mdd: -0.02395071
- SHY_r1m: -0.00037963
- SHY_r3m: -0.00203093
- SHY_r12m: 0.02119853
- SHY_vol3m: 0.01285912
- SHY_mdd: -0.00435697
- IEF_r1m: -0.02202476
- IEF_r3m: -0.04988575
- IEF_r12m: 0.08751648
- IEF_vol3m: 0.09333577
- IEF_mdd: -0.05842922
- TLT_r1m: -0.01997246
- TLT_r3m: -0.10035785
- TLT_r12m: 0.08286625
- TLT_vol3m: 0.17782146
- TLT_mdd: -0.12501712
- TIP_r1m: -0.01120953
- TIP_r3m: -0.01494453
- TIP_r12m: 0.05413149
- TIP_vol3m: 0.07652256
- TIP_mdd: -0.03978627
- LQD_r1m: 0.00073876
- LQD_r3m: -0.01915948
- LQD_r12m: 0.09163371
- LQD_vol3m: 0.07469758
- LQD_mdd: -0.02992795
- HYG_r1m: 0.01872326
- HYG_r3m: 0.03651701
- HYG_r12m: 0.11127091
- HYG_vol3m: 0.07228620
- HYG_mdd: -0.00373989
- GLD_r1m: 0.02071008
- GLD_r3m: 0.07426431
- GLD_r12m: 0.25683057
- GLD_vol3m: 0.17888808
- GLD_mdd: -0.00797930
- SLV_r1m: 0.07339775
- SLV_r3m: 0.39377030
- SLV_r12m: 0.73998841
- SLV_vol3m: 0.36753455
- SLV_mdd: -0.00662693
- DBC_r1m: 0.06300427
- DBC_r3m: 0.14908623
- DBC_r12m: 0.09627583
- DBC_vol3m: 0.20763638
- DBC_mdd: 0.00000000
- VNQ_r1m: 0.04275289
- VNQ_r3m: 0.07947241
- VNQ_r12m: 0.31336941
- VNQ_vol3m: 0.17689111
- VNQ_mdd: -0.00475259
- UUP_r1m: -0.01468031
- UUP_r3m: 0.00307699
- UUP_r12m: -0.00436290
- UUP_vol3m: 0.10102783
- UUP_mdd: -0.11653113
- BIL_r1m: 0.00021865
- BIL_r3m: -0.00000000
- BIL_r12m: 0.00021865
- BIL_vol3m: 0.00256914
- BIL_mdd: -0.00021783
- cross_vol: 0.13265909

Assets: SPY, QQQ, IWM, DIA, EFA, EEM, VEA, VWO, AGG, BND, SHY, IEF, TLT, TIP, LQD, HYG, GLD, SLV, DBC, VNQ, UUP, BIL","{
  ""weights"": {
    ""SPY"": 0.36,
    ""QQQ"": 0.12,
    ""IWM"": 0.12,
    ""DIA"": 0.06,
    ""EFA"": 0.06,
    ""EEM"": 0.06,
    ""VEA"": 0.06,
    ""VWO"": 0.06,
    ""AGG"": 0.00,
    ""BND"": 0.00,
    ""SHY"": 0.00,
    ""IEF"": 0.00,
    ""TLT"": 0.00,
    ""TIP"": 0.00,
    ""LQD"": 0.00,
    ""HYG"": 0.00,
    ""GLD"": 0.00,
    ""SLV"": 0.00,
    ""DBC"": 0.00,
    ""VNQ"": 0.00,
    ""UUP"": 0.00,
    ""BIL"": 0.00
  }
}",1,0,0,9.86104587498994,395,1,0,0,0,229,9.637688,1754,stop,[],0,0,0,0,SLV,SPY,SPY,0,0,0.6666666666666666,1.695238095238095,0.7397983423214648,1.6653345369377348e-16,4.046035655711836e-17,1.2727272727272725,0,"{""SPY"":0.4,""QQQ"":0.1333333333,""IWM"":0.1333333333,""DIA"":0.0666666667,""EFA"":0.0666666667,""EEM"":0.0666666667,""VEA"":0.0666666667,""VWO"":0.0666666667,""AGG"":0.0,""BND"":0.0,""SHY"":0.0,""IEF"":0.0,""TLT"":0.0,""TIP"":0.0,""LQD"":0.0,""HYG"":0.0,""GLD"":0.0,""SLV"":0.0,""DBC"":0.0,""VNQ"":0.0,""UUP"":0.0,""BIL"":0.0}","{""SPY"":0.4,""QQQ"":0.1333333333,""IWM"":0.1333333333,""DIA"":0.0666666667,""EFA"":0.0666666667,""EEM"":0.0666666667,""VEA"":0.0666666667,""VWO"":0.0666666667,""AGG"":6.938893904e-18,""BND"":6.938893904e-18,""SHY"":6.938893904e-18,""IEF"":6.938893904e-18,""TLT"":6.938893904e-18,""TIP"":6.938893904e-18,""LQD"":6.938893904e-18,""HYG"":6.938893904e-18,""GLD"":6.938893904e-18,""SLV"":6.938893904e-18,""DBC"":6.938893904e-18,""VNQ"":6.938893904e-18,""UUP"":6.938893904e-18,""BIL"":6.938893904e-18}","{""SPY"":0.019047619,""QQQ"":0.019047619,""IWM"":0.019047619,""DIA"":0.019047619,""EFA"":0.019047619,""EEM"":0.019047619,""VEA"":0.019047619,""VWO"":0.019047619,""AGG"":0.019047619,""BND"":0.019047619,""SHY"":0.019047619,""IEF"":0.019047619,""TLT"":0.019047619,""TIP"":0.019047619,""LQD"":0.019047619,""HYG"":0.019047619,""GLD"":0.019047619,""SLV"":0.6,""DBC"":0.019047619,""VNQ"":0.019047619,""UUP"":0.019047619,""BIL"":0.019047619}",0,1.0,0.4,0.0,0.0,0,0,1.0,0.4,6.938893903907228e-18,1,1,1,3,45,a703fb3949449fce0b52be76
repeatability_504part,repeatability,repeat_00,llama3.1:8b,P2,,,real_ticker,,2011-01-03,42,10.0,0.6,0.25,bd83075112c7f7a6,"You are a DEFENSIVE LOW-VOLATILITY policy profile. Use only the provided feature values. Strongly favor the eligible asset with the lowest `_vol3m` value. Allocate 60.0% of total portfolio weight to that target asset as the language-level policy target. Distribute the remaining weight equally among all other eligible assets. Include every eligible ticker exactly once. Return strictly valid JSON only with a `weights` object whose values are decimals, not percentages.
Hard constraints for the execution layer: long-only weights, weights sum to one, maximum single-asset weight 0.60, and turnover cap 0.25. You propose weights; deterministic projection will enforce final feasibility.

Current Features:
- SPY_r1m: 0.04208726
- SPY_r3m: 0.12279774
- SPY_r12m: 0.14307032
- SPY_vol3m: 0.11589737
- SPY_mdd: 0.00000000
- QQQ_r1m: 0.03144718
- QQQ_r3m: 0.14314511
- QQQ_r12m: 0.20257820
- QQQ_vol3m: 0.13378801
- QQQ_mdd: 0.00000000
- IWM_r1m: 0.06429413
- IWM_r3m: 0.19450935
- IWM_r12m: 0.26016575
- IWM_vol3m: 0.15913427
- IWM_mdd: 0.00000000
- DIA_r1m: 0.02801755
- DIA_r3m: 0.09140608
- DIA_r12m: 0.13053403
- DIA_vol3m: 0.10688346
- DIA_mdd: 0.00000000
- EFA_r1m: 0.04207665
- EFA_r3m: 0.08382051
- EFA_r12m: 0.06273712
- EFA_vol3m: 0.18216333
- EFA_mdd: -0.00349007
- EEM_r1m: 0.03263422
- EEM_r3m: 0.07093912
- EEM_r12m: 0.14315163
- EEM_vol3m: 0.20251667
- EEM_mdd: -0.00158781
- VEA_r1m: 0.03960195
- VEA_r3m: 0.08396211
- VEA_r12m: 0.06362364
- VEA_vol3m: 0.18769934
- VEA_mdd: -0.00340270
- VWO_r1m: 0.03810061
- VWO_r3m: 0.07230650
- VWO_r12m: 0.16663950
- VWO_vol3m: 0.19384931
- VWO_mdd: 0.00000000
- AGG_r1m: -0.00070437
- AGG_r3m: -0.01516585
- AGG_r12m: 0.06118092
- AGG_vol3m: 0.04649801
- AGG_mdd: -0.02199994
- BND_r1m: -0.00449266
- BND_r3m: -0.01674832
- BND_r12m: 0.05945003
- BND_vol3m: 0.04800051
- BND_mdd: -0.02395071
- SHY_r1m: -0.00037963
- SHY_r3m: -0.00203093
- SHY_r12m: 0.02119853
- SHY_vol3m: 0.01285912
- SHY_mdd: -0.00435697
- IEF_r1m: -0.02202476
- IEF_r3m: -0.04988575
- IEF_r12m: 0.08751648
- IEF_vol3m: 0.09333577
- IEF_mdd: -0.05842922
- TLT_r1m: -0.01997246
- TLT_r3m: -0.10035785
- TLT_r12m: 0.08286625
- TLT_vol3m: 0.17782146
- TLT_mdd: -0.12501712
- TIP_r1m: -0.01120953
- TIP_r3m: -0.01494453
- TIP_r12m: 0.05413149
- TIP_vol3m: 0.07652256
- TIP_mdd: -0.03978627
- LQD_r1m: 0.00073876
- LQD_r3m: -0.01915948
- LQD_r12m: 0.09163371
- LQD_vol3m: 0.07469758
- LQD_mdd: -0.02992795
- HYG_r1m: 0.01872326
- HYG_r3m: 0.03651701
- HYG_r12m: 0.11127091
- HYG_vol3m: 0.07228620
- HYG_mdd: -0.00373989
- GLD_r1m: 0.02071008
- GLD_r3m: 0.07426431
- GLD_r12m: 0.25683057
- GLD_vol3m: 0.17888808
- GLD_mdd: -0.00797930
- SLV_r1m: 0.07339775
- SLV_r3m: 0.39377030
- SLV_r12m: 0.73998841
- SLV_vol3m: 0.36753455
- SLV_mdd: -0.00662693
- DBC_r1m: 0.06300427
- DBC_r3m: 0.14908623
- DBC_r12m: 0.09627583
- DBC_vol3m: 0.20763638
- DBC_mdd: 0.00000000
- VNQ_r1m: 0.04275289
- VNQ_r3m: 0.07947241
- VNQ_r12m: 0.31336941
- VNQ_vol3m: 0.17689111
- VNQ_mdd: -0.00475259
- UUP_r1m: -0.01468031
- UUP_r3m: 0.00307699
- UUP_r12m: -0.00436290
- UUP_vol3m: 0.10102783
- UUP_mdd: -0.11653113
- BIL_r1m: 0.00021865
- BIL_r3m: -0.00000000
- BIL_r12m: 0.00021865
- BIL_vol3m: 0.00256914
- BIL_mdd: -0.00021783
- cross_vol: 0.13265909

Assets: SPY, QQQ, IWM, DIA, EFA, EEM, VEA, VWO, AGG, BND, SHY, IEF, TLT, TIP, LQD, HYG, GLD, SLV, DBC, VNQ, UUP, BIL","{
  ""weights"": {
    ""SPY"": 0.6,
    ""QQQ"": 0.2,
    ""IWM"": 0.1,
    ""DIA"": 0.05,
    ""EFA"": 0.025,
    ""EEM"": 0.025,
    ""VEA"": 0.025,
    ""VWO"": 0.025,
    ""AGG"": 0.0125,
    ""BND"": 0.0125,
    ""SHY"": 0.00625,
    ""IEF"": 0.00625,
    ""TLT"": 0.00625,
    ""TIP"": 0.00625,
    ""LQD"": 0.003125,
    ""HYG"": 0.003125,
    ""GLD"": 0.003125,
    ""SLV"": 0.003125,
    ""DBC"": 0.003125,
    ""VNQ"": 0.003125,
    ""UUP"": 0.0015625,
    ""BIL"": 0.0015625
  }
}",1,0,0,18.29372666600102,446,1,0,0,0,245,10.303022,1756,stop,[],0,0,0,0,BIL,SPY,SPY,0,0,0.3333333333333333,1.567104390502719,0.8112083302618942,2.0816681711721685e-16,4.6805398318361535e-17,1.331729551785262,0,"{""SPY"":0.5348189415,""QQQ"":0.1782729805,""IWM"":0.0891364903,""DIA"":0.0445682451,""EFA"":0.0222841226,""EEM"":0.0222841226,""VEA"":0.0222841226,""VWO"":0.0222841226,""AGG"":0.0111420613,""BND"":0.0111420613,""SHY"":0.0055710306,""IEF"":0.0055710306,""TLT"":0.0055710306,""TIP"":0.0055710306,""LQD"":0.0027855153,""HYG"":0.0027855153,""GLD"":0.0027855153,""SLV"":0.0027855153,""DBC"":0.0027855153,""VNQ"":0.0027855153,""UUP"":0.0013927577,""BIL"":0.0013927577}","{""SPY"":0.5348189415,""QQQ"":0.1782729805,""IWM"":0.0891364903,""DIA"":0.0445682451,""EFA"":0.0222841226,""EEM"":0.0222841226,""VEA"":0.0222841226,""VWO"":0.0222841226,""AGG"":0.0111420613,""BND"":0.0111420613,""SHY"":0.0055710306,""IEF"":0.0055710306,""TLT"":0.0055710306,""TIP"":0.0055710306,""LQD"":0.0027855153,""HYG"":0.0027855153,""GLD"":0.0027855153,""SLV"":0.0027855153,""DBC"":0.0027855153,""VNQ"":0.0027855153,""UUP"":0.0013927577,""BIL"":0.0013927577}","{""SPY"":0.019047619,""QQQ"":0.019047619,""IWM"":0.019047619,""DIA"":0.019047619,""EFA"":0.019047619,""EEM"":0.019047619,""VEA"":0.019047619,""VWO"":0.019047619,""AGG"":0.019047619,""BND"":0.019047619,""SHY"":0.019047619,""IEF"":0.019047619,""TLT"":0.019047619,""TIP"":0.019047619,""LQD"":0.019047619,""HYG"":0.019047619,""GLD"":0.019047619,""SLV"":0.019047619,""DBC"":0.019047619,""VNQ"":0.019047619,""UUP"":0.019047619,""BIL"":0.6}",0,1.0,0.5348189415041783,0.0013927576601671311,0.0,0,0,1.0,0.5348189415041783,0.0013927576601671415,1,1,1,0,42,7b43a98082420483bfac128d
repeatability_504part,repeatability,repeat_01,llama3.1:8b,P2,,,real_ticker,,2011-01-03,42,10.0,0.6,0.25,bd83075112c7f7a6,"You are a DEFENSIVE LOW-VOLATILITY policy profile. Use only the provided feature values. Strongly favor the eligible asset with the lowest `_vol3m` value. Allocate 60.0% of total portfolio weight to that target asset as the language-level policy target. Distribute the remaining weight equally among all other eligible assets. Include every eligible ticker exactly once. Return strictly valid JSON only with a `weights` object whose values are decimals, not percentages.
Hard constraints for the execution layer: long-only weights, weights sum to one, maximum single-asset weight 0.60, and turnover cap 0.25. You propose weights; deterministic projection will enforce final feasibility.

Current Features:
- SPY_r1m: 0.04208726
- SPY_r3m: 0.12279774
- SPY_r12m: 0.14307032
- SPY_vol3m: 0.11589737
- SPY_mdd: 0.00000000
- QQQ_r1m: 0.03144718
- QQQ_r3m: 0.14314511
- QQQ_r12m: 0.20257820
- QQQ_vol3m: 0.13378801
- QQQ_mdd: 0.00000000
- IWM_r1m: 0.06429413
- IWM_r3m: 0.19450935
- IWM_r12m: 0.26016575
- IWM_vol3m: 0.15913427
- IWM_mdd: 0.00000000
- DIA_r1m: 0.02801755
- DIA_r3m: 0.09140608
- DIA_r12m: 0.13053403
- DIA_vol3m: 0.10688346
- DIA_mdd: 0.00000000
- EFA_r1m: 0.04207665
- EFA_r3m: 0.08382051
- EFA_r12m: 0.06273712
- EFA_vol3m: 0.18216333
- EFA_mdd: -0.00349007
- EEM_r1m: 0.03263422
- EEM_r3m: 0.07093912
- EEM_r12m: 0.14315163
- EEM_vol3m: 0.20251667
- EEM_mdd: -0.00158781
- VEA_r1m: 0.03960195
- VEA_r3m: 0.08396211
- VEA_r12m: 0.06362364
- VEA_vol3m: 0.18769934
- VEA_mdd: -0.00340270
- VWO_r1m: 0.03810061
- VWO_r3m: 0.07230650
- VWO_r12m: 0.16663950
- VWO_vol3m: 0.19384931
- VWO_mdd: 0.00000000
- AGG_r1m: -0.00070437
- AGG_r3m: -0.01516585
- AGG_r12m: 0.06118092
- AGG_vol3m: 0.04649801
- AGG_mdd: -0.02199994
- BND_r1m: -0.00449266
- BND_r3m: -0.01674832
- BND_r12m: 0.05945003
- BND_vol3m: 0.04800051
- BND_mdd: -0.02395071
- SHY_r1m: -0.00037963
- SHY_r3m: -0.00203093
- SHY_r12m: 0.02119853
- SHY_vol3m: 0.01285912
- SHY_mdd: -0.00435697
- IEF_r1m: -0.02202476
- IEF_r3m: -0.04988575
- IEF_r12m: 0.08751648
- IEF_vol3m: 0.09333577
- IEF_mdd: -0.05842922
- TLT_r1m: -0.01997246
- TLT_r3m: -0.10035785
- TLT_r12m: 0.08286625
- TLT_vol3m: 0.17782146
- TLT_mdd: -0.12501712
- TIP_r1m: -0.01120953
- TIP_r3m: -0.01494453
- TIP_r12m: 0.05413149
- TIP_vol3m: 0.07652256
- TIP_mdd: -0.03978627
- LQD_r1m: 0.00073876
- LQD_r3m: -0.01915948
- LQD_r12m: 0.09163371
- LQD_vol3m: 0.07469758
- LQD_mdd: -0.02992795
- HYG_r1m: 0.01872326
- HYG_r3m: 0.03651701
- HYG_r12m: 0.11127091
- HYG_vol3m: 0.07228620
- HYG_mdd: -0.00373989
- GLD_r1m: 0.02071008
- GLD_r3m: 0.07426431
- GLD_r12m: 0.25683057
- GLD_vol3m: 0.17888808
- GLD_mdd: -0.00797930
- SLV_r1m: 0.07339775
- SLV_r3m: 0.39377030
- SLV_r12m: 0.73998841
- SLV_vol3m: 0.36753455
- SLV_mdd: -0.00662693
- DBC_r1m: 0.06300427
- DBC_r3m: 0.14908623
- DBC_r12m: 0.09627583
- DBC_vol3m: 0.20763638
- DBC_mdd: 0.00000000
- VNQ_r1m: 0.04275289
- VNQ_r3m: 0.07947241
- VNQ_r12m: 0.31336941
- VNQ_vol3m: 0.17689111
- VNQ_mdd: -0.00475259
- UUP_r1m: -0.01468031
- UUP_r3m: 0.00307699
- UUP_r12m: -0.00436290
- UUP_vol3m: 0.10102783
- UUP_mdd: -0.11653113
- BIL_r1m: 0.00021865
- BIL_r3m: -0.00000000
- BIL_r12m: 0.00021865
- BIL_vol3m: 0.00256914
- BIL_mdd: -0.00021783
- cross_vol: 0.13265909

Assets: SPY, QQQ, IWM, DIA, EFA, EEM, VEA, VWO, AGG, BND, SHY, IEF, TLT, TIP, LQD, HYG, GLD, SLV, DBC, VNQ, UUP, BIL","{
  ""weights"": {
    ""SPY"": 0.6,
    ""QQQ"": 0.2,
    ""IWM"": 0.1,
    ""DIA"": 0.05,
    ""EFA"": 0.025,
    ""EEM"": 0.025,
    ""VEA"": 0.025,
    ""VWO"": 0.025,
    ""AGG"": 0.0125,
    ""BND"": 0.0125,
    ""SHY"": 0.00625,
    ""IEF"": 0.00625,
    ""TLT"": 0.00625,
    ""TIP"": 0.00625,
    ""LQD"": 0.003125,
    ""HYG"": 0.003125,
    ""GLD"": 0.003125,
    ""SLV"": 0.003125,
    ""DBC"": 0.003125,
    ""VNQ"": 0.003125,
    ""UUP"": 0.0015625,
    ""BIL"": 0.0015625
  }
}",1,0,0,10.543529374990612,446,1,0,0,0,245,10.309981,1756,stop,[],0,0,0,0,BIL,SPY,SPY,0,0,0.3333333333333333,1.567104390502719,0.8112083302618942,2.0816681711721685e-16,4.6805398318361535e-17,1.331729551785262,0,"{""SPY"":0.5348189415,""QQQ"":0.1782729805,""IWM"":0.0891364903,""DIA"":0.0445682451,""EFA"":0.0222841226,""EEM"":0.0222841226,""VEA"":0.0222841226,""VWO"":0.0222841226,""AGG"":0.0111420613,""BND"":0.0111420613,""SHY"":0.0055710306,""IEF"":0.0055710306,""TLT"":0.0055710306,""TIP"":0.0055710306,""LQD"":0.0027855153,""HYG"":0.0027855153,""GLD"":0.0027855153,""SLV"":0.0027855153,""DBC"":0.0027855153,""VNQ"":0.0027855153,""UUP"":0.0013927577,""BIL"":0.0013927577}","{""SPY"":0.5348189415,""QQQ"":0.1782729805,""IWM"":0.0891364903,""DIA"":0.0445682451,""EFA"":0.0222841226,""EEM"":0.0222841226,""VEA"":0.0222841226,""VWO"":0.0222841226,""AGG"":0.0111420613,""BND"":0.0111420613,""SHY"":0.0055710306,""IEF"":0.0055710306,""TLT"":0.0055710306,""TIP"":0.0055710306,""LQD"":0.0027855153,""HYG"":0.0027855153,""GLD"":0.0027855153,""SLV"":0.0027855153,""DBC"":0.0027855153,""VNQ"":0.0027855153,""UUP"":0.0013927577,""BIL"":0.0013927577}","{""SPY"":0.019047619,""QQQ"":0.019047619,""IWM"":0.019047619,""DIA"":0.019047619,""EFA"":0.019047619,""EEM"":0.019047619,""VEA"":0.019047619,""VWO"":0.019047619,""AGG"":0.019047619,""BND"":0.019047619,""SHY"":0.019047619,""IEF"":0.019047619,""TLT"":0.019047619,""TIP"":0.019047619,""LQD"":0.019047619,""HYG"":0.019047619,""GLD"":0.019047619,""SLV"":0.019047619,""DBC"":0.019047619,""VNQ"":0.019047619,""UUP"":0.019047619,""BIL"":0.6}",0,1.0,0.5348189415041783,0.0013927576601671311,0.0,0,0,1.0,0.5348189415041783,0.0013927576601671415,1,1,1,1,43,95857dfa3d7f8a7161982278
repeatability_504part,repeatability,repeat_02,llama3.1:8b,P2,,,real_ticker,,2011-01-03,42,10.0,0.6,0.25,bd83075112c7f7a6,"You are a DEFENSIVE LOW-VOLATILITY policy profile. Use only the provided feature values. Strongly favor the eligible asset with the lowest `_vol3m` value. Allocate 60.0% of total portfolio weight to that target asset as the language-level policy target. Distribute the remaining weight equally among all other eligible assets. Include every eligible ticker exactly once. Return strictly valid JSON only with a `weights` object whose values are decimals, not percentages.
Hard constraints for the execution layer: long-only weights, weights sum to one, maximum single-asset weight 0.60, and turnover cap 0.25. You propose weights; deterministic projection will enforce final feasibility.

Current Features:
- SPY_r1m: 0.04208726
- SPY_r3m: 0.12279774
- SPY_r12m: 0.14307032
- SPY_vol3m: 0.11589737
- SPY_mdd: 0.00000000
- QQQ_r1m: 0.03144718
- QQQ_r3m: 0.14314511
- QQQ_r12m: 0.20257820
- QQQ_vol3m: 0.13378801
- QQQ_mdd: 0.00000000
- IWM_r1m: 0.06429413
- IWM_r3m: 0.19450935
- IWM_r12m: 0.26016575
- IWM_vol3m: 0.15913427
- IWM_mdd: 0.00000000
- DIA_r1m: 0.02801755
- DIA_r3m: 0.09140608
- DIA_r12m: 0.13053403
- DIA_vol3m: 0.10688346
- DIA_mdd: 0.00000000
- EFA_r1m: 0.04207665
- EFA_r3m: 0.08382051
- EFA_r12m: 0.06273712
- EFA_vol3m: 0.18216333
- EFA_mdd: -0.00349007
- EEM_r1m: 0.03263422
- EEM_r3m: 0.07093912
- EEM_r12m: 0.14315163
- EEM_vol3m: 0.20251667
- EEM_mdd: -0.00158781
- VEA_r1m: 0.03960195
- VEA_r3m: 0.08396211
- VEA_r12m: 0.06362364
- VEA_vol3m: 0.18769934
- VEA_mdd: -0.00340270
- VWO_r1m: 0.03810061
- VWO_r3m: 0.07230650
- VWO_r12m: 0.16663950
- VWO_vol3m: 0.19384931
- VWO_mdd: 0.00000000
- AGG_r1m: -0.00070437
- AGG_r3m: -0.01516585
- AGG_r12m: 0.06118092
- AGG_vol3m: 0.04649801
- AGG_mdd: -0.02199994
- BND_r1m: -0.00449266
- BND_r3m: -0.01674832
- BND_r12m: 0.05945003
- BND_vol3m: 0.04800051
- BND_mdd: -0.02395071
- SHY_r1m: -0.00037963
- SHY_r3m: -0.00203093
- SHY_r12m: 0.02119853
- SHY_vol3m: 0.01285912
- SHY_mdd: -0.00435697
- IEF_r1m: -0.02202476
- IEF_r3m: -0.04988575
- IEF_r12m: 0.08751648
- IEF_vol3m: 0.09333577
- IEF_mdd: -0.05842922
- TLT_r1m: -0.01997246
- TLT_r3m: -0.10035785
- TLT_r12m: 0.08286625
- TLT_vol3m: 0.17782146
- TLT_mdd: -0.12501712
- TIP_r1m: -0.01120953
- TIP_r3m: -0.01494453
- TIP_r12m: 0.05413149
- TIP_vol3m: 0.07652256
- TIP_mdd: -0.03978627
- LQD_r1m: 0.00073876
- LQD_r3m: -0.01915948
- LQD_r12m: 0.09163371
- LQD_vol3m: 0.07469758
- LQD_mdd: -0.02992795
- HYG_r1m: 0.01872326
- HYG_r3m: 0.03651701
- HYG_r12m: 0.11127091
- HYG_vol3m: 0.07228620
- HYG_mdd: -0.00373989
- GLD_r1m: 0.02071008
- GLD_r3m: 0.07426431
- GLD_r12m: 0.25683057
- GLD_vol3m: 0.17888808
- GLD_mdd: -0.00797930
- SLV_r1m: 0.07339775
- SLV_r3m: 0.39377030
- SLV_r12m: 0.73998841
- SLV_vol3m: 0.36753455
- SLV_mdd: -0.00662693
- DBC_r1m: 0.06300427
- DBC_r3m: 0.14908623
- DBC_r12m: 0.09627583
- DBC_vol3m: 0.20763638
- DBC_mdd: 0.00000000
- VNQ_r1m: 0.04275289
- VNQ_r3m: 0.07947241
- VNQ_r12m: 0.31336941
- VNQ_vol3m: 0.17689111
- VNQ_mdd: -0.00475259
- UUP_r1m: -0.01468031
- UUP_r3m: 0.00307699
- UUP_r12m: -0.00436290
- UUP_vol3m: 0.10102783
- UUP_mdd: -0.11653113
- BIL_r1m: 0.00021865
- BIL_r3m: -0.00000000
- BIL_r12m: 0.00021865
- BIL_vol3m: 0.00256914
- BIL_mdd: -0.00021783
- cross_vol: 0.13265909

Assets: SPY, QQQ, IWM, DIA, EFA, EEM, VEA, VWO, AGG, BND, SHY, IEF, TLT, TIP, LQD, HYG, GLD, SLV, DBC, VNQ, UUP, BIL","{
  ""weights"": {
    ""SPY"": 0.6,
    ""QQQ"": 0.2,
    ""IWM"": 0.1,
    ""DIA"": 0.05,
    ""EFA"": 0.025,
    ""EEM"": 0.025,
    ""VEA"": 0.025,
    ""VWO"": 0.025,
    ""AGG"": 0.0125,
    ""BND"": 0.0125,
    ""SHY"": 0.00625,
    ""IEF"": 0.00625,
    ""TLT"": 0.00625,
    ""TIP"": 0.00625,
    ""LQD"": 0.003125,
    ""HYG"": 0.003125,
    ""GLD"": 0.003125,
    ""SLV"": 0.003125,
    ""DBC"": 0.003125,
    ""VNQ"": 0.003125,
    ""UUP"": 0.0015625,
    ""BIL"": 0.0015625
  }
}",1,0,0,10.547061374993064,446,1,0,0,0,245,10.306093,1756,stop,[],0,0,0,0,BIL,SPY,SPY,0,0,0.3333333333333333,1.567104390502719,0.8112083302618942,2.0816681711721685e-16,4.6805398318361535e-17,1.331729551785262,0,"{""SPY"":0.5348189415,""QQQ"":0.1782729805,""IWM"":0.0891364903,""DIA"":0.0445682451,""EFA"":0.0222841226,""EEM"":0.0222841226,""VEA"":0.0222841226,""VWO"":0.0222841226,""AGG"":0.0111420613,""BND"":0.0111420613,""SHY"":0.0055710306,""IEF"":0.0055710306,""TLT"":0.0055710306,""TIP"":0.0055710306,""LQD"":0.0027855153,""HYG"":0.0027855153,""GLD"":0.0027855153,""SLV"":0.0027855153,""DBC"":0.0027855153,""VNQ"":0.0027855153,""UUP"":0.0013927577,""BIL"":0.0013927577}","{""SPY"":0.5348189415,""QQQ"":0.1782729805,""IWM"":0.0891364903,""DIA"":0.0445682451,""EFA"":0.0222841226,""EEM"":0.0222841226,""VEA"":0.0222841226,""VWO"":0.0222841226,""AGG"":0.0111420613,""BND"":0.0111420613,""SHY"":0.0055710306,""IEF"":0.0055710306,""TLT"":0.0055710306,""TIP"":0.0055710306,""LQD"":0.0027855153,""HYG"":0.0027855153,""GLD"":0.0027855153,""SLV"":0.0027855153,""DBC"":0.0027855153,""VNQ"":0.0027855153,""UUP"":0.0013927577,""BIL"":0.0013927577}","{""SPY"":0.019047619,""QQQ"":0.019047619,""IWM"":0.019047619,""DIA"":0.019047619,""EFA"":0.019047619,""EEM"":0.019047619,""VEA"":0.019047619,""VWO"":0.019047619,""AGG"":0.019047619,""BND"":0.019047619,""SHY"":0.019047619,""IEF"":0.019047619,""TLT"":0.019047619,""TIP"":0.019047619,""LQD"":0.019047619,""HYG"":0.019047619,""GLD"":0.019047619,""SLV"":0.019047619,""DBC"":0.019047619,""VNQ"":0.019047619,""UUP"":0.019047619,""BIL"":0.6}",0,1.0,0.5348189415041783,0.0013927576601671311,0.0,0,0,1.0,0.5348189415041783,0.0013927576601671415,1,1,1,2,44,f614d2be5a2f2c35b9644199
repeatability_504part,repeatability,repeat_03,llama3.1:8b,P2,,,real_ticker,,2011-01-03,42,10.0,0.6,0.25,bd83075112c7f7a6,"You are a DEFENSIVE LOW-VOLATILITY policy profile. Use only the provided feature values. Strongly favor the eligible asset with the lowest `_vol3m` value. Allocate 60.0% of total portfolio weight to that target asset as the language-level policy target. Distribute the remaining weight equally among all other eligible assets. Include every eligible ticker exactly once. Return strictly valid JSON only with a `weights` object whose values are decimals, not percentages.
Hard constraints for the execution layer: long-only weights, weights sum to one, maximum single-asset weight 0.60, and turnover cap 0.25. You propose weights; deterministic projection will enforce final feasibility.

Current Features:
- SPY_r1m: 0.04208726
- SPY_r3m: 0.12279774
- SPY_r12m: 0.14307032
- SPY_vol3m: 0.11589737
- SPY_mdd: 0.00000000
- QQQ_r1m: 0.03144718
- QQQ_r3m: 0.14314511
- QQQ_r12m: 0.20257820
- QQQ_vol3m: 0.13378801
- QQQ_mdd: 0.00000000
- IWM_r1m: 0.06429413
- IWM_r3m: 0.19450935
- IWM_r12m: 0.26016575
- IWM_vol3m: 0.15913427
- IWM_mdd: 0.00000000
- DIA_r1m: 0.02801755
- DIA_r3m: 0.09140608
- DIA_r12m: 0.13053403
- DIA_vol3m: 0.10688346
- DIA_mdd: 0.00000000
- EFA_r1m: 0.04207665
- EFA_r3m: 0.08382051
- EFA_r12m: 0.06273712
- EFA_vol3m: 0.18216333
- EFA_mdd: -0.00349007
- EEM_r1m: 0.03263422
- EEM_r3m: 0.07093912
- EEM_r12m: 0.14315163
- EEM_vol3m: 0.20251667
- EEM_mdd: -0.00158781
- VEA_r1m: 0.03960195
- VEA_r3m: 0.08396211
- VEA_r12m: 0.06362364
- VEA_vol3m: 0.18769934
- VEA_mdd: -0.00340270
- VWO_r1m: 0.03810061
- VWO_r3m: 0.07230650
- VWO_r12m: 0.16663950
- VWO_vol3m: 0.19384931
- VWO_mdd: 0.00000000
- AGG_r1m: -0.00070437
- AGG_r3m: -0.01516585
- AGG_r12m: 0.06118092
- AGG_vol3m: 0.04649801
- AGG_mdd: -0.02199994
- BND_r1m: -0.00449266
- BND_r3m: -0.01674832
- BND_r12m: 0.05945003
- BND_vol3m: 0.04800051
- BND_mdd: -0.02395071
- SHY_r1m: -0.00037963
- SHY_r3m: -0.00203093
- SHY_r12m: 0.02119853
- SHY_vol3m: 0.01285912
- SHY_mdd: -0.00435697
- IEF_r1m: -0.02202476
- IEF_r3m: -0.04988575
- IEF_r12m: 0.08751648
- IEF_vol3m: 0.09333577
- IEF_mdd: -0.05842922
- TLT_r1m: -0.01997246
- TLT_r3m: -0.10035785
- TLT_r12m: 0.08286625
- TLT_vol3m: 0.17782146
- TLT_mdd: -0.12501712
- TIP_r1m: -0.01120953
- TIP_r3m: -0.01494453
- TIP_r12m: 0.05413149
- TIP_vol3m: 0.07652256
- TIP_mdd: -0.03978627
- LQD_r1m: 0.00073876
- LQD_r3m: -0.01915948
- LQD_r12m: 0.09163371
- LQD_vol3m: 0.07469758
- LQD_mdd: -0.02992795
- HYG_r1m: 0.01872326
- HYG_r3m: 0.03651701
- HYG_r12m: 0.11127091
- HYG_vol3m: 0.07228620
- HYG_mdd: -0.00373989
- GLD_r1m: 0.02071008
- GLD_r3m: 0.07426431
- GLD_r12m: 0.25683057
- GLD_vol3m: 0.17888808
- GLD_mdd: -0.00797930
- SLV_r1m: 0.07339775
- SLV_r3m: 0.39377030
- SLV_r12m: 0.73998841
- SLV_vol3m: 0.36753455
- SLV_mdd: -0.00662693
- DBC_r1m: 0.06300427
- DBC_r3m: 0.14908623
- DBC_r12m: 0.09627583
- DBC_vol3m: 0.20763638
- DBC_mdd: 0.00000000
- VNQ_r1m: 0.04275289
- VNQ_r3m: 0.07947241
- VNQ_r12m: 0.31336941
- VNQ_vol3m: 0.17689111
- VNQ_mdd: -0.00475259
- UUP_r1m: -0.01468031
- UUP_r3m: 0.00307699
- UUP_r12m: -0.00436290
- UUP_vol3m: 0.10102783
- UUP_mdd: -0.11653113
- BIL_r1m: 0.00021865
- BIL_r3m: -0.00000000
- BIL_r12m: 0.00021865
- BIL_vol3m: 0.00256914
- BIL_mdd: -0.00021783
- cross_vol: 0.13265909

Assets: SPY, QQQ, IWM, DIA, EFA, EEM, VEA, VWO, AGG, BND, SHY, IEF, TLT, TIP, LQD, HYG, GLD, SLV, DBC, VNQ, UUP, BIL","{
  ""weights"": {
    ""SPY"": 0.6,
    ""QQQ"": 0.2,
    ""IWM"": 0.1,
    ""DIA"": 0.05,
    ""EFA"": 0.025,
    ""EEM"": 0.025,
    ""VEA"": 0.025,
    ""VWO"": 0.025,
    ""AGG"": 0.0125,
    ""BND"": 0.0125,
    ""SHY"": 0.00625,
    ""IEF"": 0.00625,
    ""TLT"": 0.00625,
    ""TIP"": 0.00625,
    ""LQD"": 0.003125,
    ""HYG"": 0.003125,
    ""GLD"": 0.003125,
    ""SLV"": 0.003125,
    ""DBC"": 0.003125,
    ""VNQ"": 0.003125,
    ""UUP"": 0.0015625,
    ""BIL"": 0.0015625
  }
}",1,0,0,10.600240041996585,446,1,0,0,0,245,10.362198,1756,stop,[],0,0,0,0,BIL,SPY,SPY,0,0,0.3333333333333333,1.567104390502719,0.8112083302618942,2.0816681711721685e-16,4.6805398318361535e-17,1.331729551785262,0,"{""SPY"":0.5348189415,""QQQ"":0.1782729805,""IWM"":0.0891364903,""DIA"":0.0445682451,""EFA"":0.0222841226,""EEM"":0.0222841226,""VEA"":0.0222841226,""VWO"":0.0222841226,""AGG"":0.0111420613,""BND"":0.0111420613,""SHY"":0.0055710306,""IEF"":0.0055710306,""TLT"":0.0055710306,""TIP"":0.0055710306,""LQD"":0.0027855153,""HYG"":0.0027855153,""GLD"":0.0027855153,""SLV"":0.0027855153,""DBC"":0.0027855153,""VNQ"":0.0027855153,""UUP"":0.0013927577,""BIL"":0.0013927577}","{""SPY"":0.5348189415,""QQQ"":0.1782729805,""IWM"":0.0891364903,""DIA"":0.0445682451,""EFA"":0.0222841226,""EEM"":0.0222841226,""VEA"":0.0222841226,""VWO"":0.0222841226,""AGG"":0.0111420613,""BND"":0.0111420613,""SHY"":0.0055710306,""IEF"":0.0055710306,""TLT"":0.0055710306,""TIP"":0.0055710306,""LQD"":0.0027855153,""HYG"":0.0027855153,""GLD"":0.0027855153,""SLV"":0.0027855153,""DBC"":0.0027855153,""VNQ"":0.0027855153,""UUP"":0.0013927577,""BIL"":0.0013927577}","{""SPY"":0.019047619,""QQQ"":0.019047619,""IWM"":0.019047619,""DIA"":0.019047619,""EFA"":0.019047619,""EEM"":0.019047619,""VEA"":0.019047619,""VWO"":0.019047619,""AGG"":0.019047619,""BND"":0.019047619,""SHY"":0.019047619,""IEF"":0.019047619,""TLT"":0.019047619,""TIP"":0.019047619,""LQD"":0.019047619,""HYG"":0.019047619,""GLD"":0.019047619,""SLV"":0.019047619,""DBC"":0.019047619,""VNQ"":0.019047619,""UUP"":0.019047619,""BIL"":0.6}",0,1.0,0.5348189415041783,0.0013927576601671311,0.0,0,0,1.0,0.5348189415041783,0.0013927576601671415,1,1,1,3,45,c3a7d9f2eb21b435c7aca52d
repeatability_504part,repeatability,repeat_00,llama3.1:8b,P3,,,real_ticker,,2011-01-03,42,10.0,0.6,0.25,dee577225e5da154,"You are a CONTRARIAN MEAN-REVERSION policy profile. Use only the provided feature values. Strongly favor the eligible asset with the lowest `_r3m` value, reflecting recent underperformance. Allocate 60.0% of total portfolio weight to that target asset as the language-level policy target. Distribute the remaining weight equally among all other eligible assets. Include every eligible ticker exactly once. Return strictly valid JSON only with a `weights` object whose values are decimals, not percentages.
Hard constraints for the execution layer: long-only weights, weights sum to one, maximum single-asset weight 0.60, and turnover cap 0.25. You propose weights; deterministic projection will enforce final feasibility.

Current Features:
- SPY_r1m: 0.04208726
- SPY_r3m: 0.12279774
- SPY_r12m: 0.14307032
- SPY_vol3m: 0.11589737
- SPY_mdd: 0.00000000
- QQQ_r1m: 0.03144718
- QQQ_r3m: 0.14314511
- QQQ_r12m: 0.20257820
- QQQ_vol3m: 0.13378801
- QQQ_mdd: 0.00000000
- IWM_r1m: 0.06429413
- IWM_r3m: 0.19450935
- IWM_r12m: 0.26016575
- IWM_vol3m: 0.15913427
- IWM_mdd: 0.00000000
- DIA_r1m: 0.02801755
- DIA_r3m: 0.09140608
- DIA_r12m: 0.13053403
- DIA_vol3m: 0.10688346
- DIA_mdd: 0.00000000
- EFA_r1m: 0.04207665
- EFA_r3m: 0.08382051
- EFA_r12m: 0.06273712
- EFA_vol3m: 0.18216333
- EFA_mdd: -0.00349007
- EEM_r1m: 0.03263422
- EEM_r3m: 0.07093912
- EEM_r12m: 0.14315163
- EEM_vol3m: 0.20251667
- EEM_mdd: -0.00158781
- VEA_r1m: 0.03960195
- VEA_r3m: 0.08396211
- VEA_r12m: 0.06362364
- VEA_vol3m: 0.18769934
- VEA_mdd: -0.00340270
- VWO_r1m: 0.03810061
- VWO_r3m: 0.07230650
- VWO_r12m: 0.16663950
- VWO_vol3m: 0.19384931
- VWO_mdd: 0.00000000
- AGG_r1m: -0.00070437
- AGG_r3m: -0.01516585
- AGG_r12m: 0.06118092
- AGG_vol3m: 0.04649801
- AGG_mdd: -0.02199994
- BND_r1m: -0.00449266
- BND_r3m: -0.01674832
- BND_r12m: 0.05945003
- BND_vol3m: 0.04800051
- BND_mdd: -0.02395071
- SHY_r1m: -0.00037963
- SHY_r3m: -0.00203093
- SHY_r12m: 0.02119853
- SHY_vol3m: 0.01285912
- SHY_mdd: -0.00435697
- IEF_r1m: -0.02202476
- IEF_r3m: -0.04988575
- IEF_r12m: 0.08751648
- IEF_vol3m: 0.09333577
- IEF_mdd: -0.05842922
- TLT_r1m: -0.01997246
- TLT_r3m: -0.10035785
- TLT_r12m: 0.08286625
- TLT_vol3m: 0.17782146
- TLT_mdd: -0.12501712
- TIP_r1m: -0.01120953
- TIP_r3m: -0.01494453
- TIP_r12m: 0.05413149
- TIP_vol3m: 0.07652256
- TIP_mdd: -0.03978627
- LQD_r1m: 0.00073876
- LQD_r3m: -0.01915948
- LQD_r12m: 0.09163371
- LQD_vol3m: 0.07469758
- LQD_mdd: -0.02992795
- HYG_r1m: 0.01872326
- HYG_r3m: 0.03651701
- HYG_r12m: 0.11127091
- HYG_vol3m: 0.07228620
- HYG_mdd: -0.00373989
- GLD_r1m: 0.02071008
- GLD_r3m: 0.07426431
- GLD_r12m: 0.25683057
- GLD_vol3m: 0.17888808
- GLD_mdd: -0.00797930
- SLV_r1m: 0.07339775
- SLV_r3m: 0.39377030
- SLV_r12m: 0.73998841
- SLV_vol3m: 0.36753455
- SLV_mdd: -0.00662693
- DBC_r1m: 0.06300427
- DBC_r3m: 0.14908623
- DBC_r12m: 0.09627583
- DBC_vol3m: 0.20763638
- DBC_mdd: 0.00000000
- VNQ_r1m: 0.04275289
- VNQ_r3m: 0.07947241
- VNQ_r12m: 0.31336941
- VNQ_vol3m: 0.17689111
- VNQ_mdd: -0.00475259
- UUP_r1m: -0.01468031
- UUP_r3m: 0.00307699
- UUP_r12m: -0.00436290
- UUP_vol3m: 0.10102783
- UUP_mdd: -0.11653113
- BIL_r1m: 0.00021865
- BIL_r3m: -0.00000000
- BIL_r12m: 0.00021865
- BIL_vol3m: 0.00256914
- BIL_mdd: -0.00021783
- cross_vol: 0.13265909

Assets: SPY, QQQ, IWM, DIA, EFA, EEM, VEA, VWO, AGG, BND, SHY, IEF, TLT, TIP, LQD, HYG, GLD, SLV, DBC, VNQ, UUP, BIL","{
  ""weights"": {
    ""SPY"": 0.6,
    ""QQQ"": 0.2,
    ""IWM"": 0.1,
    ""DIA"": 0.05,
    ""EFA"": 0.05,
    ""EEM"": 0.05,
    ""VEA"": 0.05,
    ""VWO"": 0.05,
    ""AGG"": 0.025,
    ""BND"": 0.025,
    ""SHY"": 0.0125,
    ""IEF"": 0.0125,
    ""TLT"": 0.0125,
    ""TIP"": 0.0125,
    ""LQD"": 0.0125,
    ""HYG"": 0.0125,
    ""GLD"": 0.0125,
    ""SLV"": 0.0125,
    ""DBC"": 0.0125,
    ""VNQ"": 0.0125,
    ""UUP"": 0.0125,
    ""BIL"": 0.0125
  }
}",1,0,0,18.35222058299405,418,1,0,0,0,241,10.111851,1761,stop,[],0,0,0,0,TLT,SPY,SPY,0,0,0.6666666666666666,1.3989417989417983,0.7431719361957713,8.326672684688674e-17,2.023017827855918e-17,1.0606060606060606,0,"{""SPY"":0.4444444444,""QQQ"":0.1481481481,""IWM"":0.0740740741,""DIA"":0.037037037,""EFA"":0.037037037,""EEM"":0.037037037,""VEA"":0.037037037,""VWO"":0.037037037,""AGG"":0.0185185185,""BND"":0.0185185185,""SHY"":0.0092592593,""IEF"":0.0092592593,""TLT"":0.0092592593,""TIP"":0.0092592593,""LQD"":0.0092592593,""HYG"":0.0092592593,""GLD"":0.0092592593,""SLV"":0.0092592593,""DBC"":0.0092592593,""VNQ"":0.0092592593,""UUP"":0.0092592593,""BIL"":0.0092592593}","{""SPY"":0.4444444444,""QQQ"":0.1481481481,""IWM"":0.0740740741,""DIA"":0.037037037,""EFA"":0.037037037,""EEM"":0.037037037,""VEA"":0.037037037,""VWO"":0.037037037,""AGG"":0.0185185185,""BND"":0.0185185185,""SHY"":0.0092592593,""IEF"":0.0092592593,""TLT"":0.0092592593,""TIP"":0.0092592593,""LQD"":0.0092592593,""HYG"":0.0092592593,""GLD"":0.0092592593,""SLV"":0.0092592593,""DBC"":0.0092592593,""VNQ"":0.0092592593,""UUP"":0.0092592593,""BIL"":0.0092592593}","{""SPY"":0.019047619,""QQQ"":0.019047619,""IWM"":0.019047619,""DIA"":0.019047619,""EFA"":0.019047619,""EEM"":0.019047619,""VEA"":0.019047619,""VWO"":0.019047619,""AGG"":0.019047619,""BND"":0.019047619,""SHY"":0.019047619,""IEF"":0.019047619,""TLT"":0.6,""TIP"":0.019047619,""LQD"":0.019047619,""HYG"":0.019047619,""GLD"":0.019047619,""SLV"":0.019047619,""DBC"":0.019047619,""VNQ"":0.019047619,""UUP"":0.019047619,""BIL"":0.019047619}",0,1.0000000000000002,0.4444444444444444,0.009259259259259259,2.220446049250313e-16,0,0,1.0,0.4444444444444444,0.009259259259259255,1,1,1,0,42,4e97b48b5a496b14f8daa263
repeatability_504part,repeatability,repeat_01,llama3.1:8b,P3,,,real_ticker,,2011-01-03,42,10.0,0.6,0.25,dee577225e5da154,"You are a CONTRARIAN MEAN-REVERSION policy profile. Use only the provided feature values. Strongly favor the eligible asset with the lowest `_r3m` value, reflecting recent underperformance. Allocate 60.0% of total portfolio weight to that target asset as the language-level policy target. Distribute the remaining weight equally among all other eligible assets. Include every eligible ticker exactly once. Return strictly valid JSON only with a `weights` object whose values are decimals, not percentages.
Hard constraints for the execution layer: long-only weights, weights sum to one, maximum single-asset weight 0.60, and turnover cap 0.25. You propose weights; deterministic projection will enforce final feasibility.

Current Features:
- SPY_r1m: 0.04208726
- SPY_r3m: 0.12279774
- SPY_r12m: 0.14307032
- SPY_vol3m: 0.11589737
- SPY_mdd: 0.00000000
- QQQ_r1m: 0.03144718
- QQQ_r3m: 0.14314511
- QQQ_r12m: 0.20257820
- QQQ_vol3m: 0.13378801
- QQQ_mdd: 0.00000000
- IWM_r1m: 0.06429413
- IWM_r3m: 0.19450935
- IWM_r12m: 0.26016575
- IWM_vol3m: 0.15913427
- IWM_mdd: 0.00000000
- DIA_r1m: 0.02801755
- DIA_r3m: 0.09140608
- DIA_r12m: 0.13053403
- DIA_vol3m: 0.10688346
- DIA_mdd: 0.00000000
- EFA_r1m: 0.04207665
- EFA_r3m: 0.08382051
- EFA_r12m: 0.06273712
- EFA_vol3m: 0.18216333
- EFA_mdd: -0.00349007
- EEM_r1m: 0.03263422
- EEM_r3m: 0.07093912
- EEM_r12m: 0.14315163
- EEM_vol3m: 0.20251667
- EEM_mdd: -0.00158781
- VEA_r1m: 0.03960195
- VEA_r3m: 0.08396211
- VEA_r12m: 0.06362364
- VEA_vol3m: 0.18769934
- VEA_mdd: -0.00340270
- VWO_r1m: 0.03810061
- VWO_r3m: 0.07230650
- VWO_r12m: 0.16663950
- VWO_vol3m: 0.19384931
- VWO_mdd: 0.00000000
- AGG_r1m: -0.00070437
- AGG_r3m: -0.01516585
- AGG_r12m: 0.06118092
- AGG_vol3m: 0.04649801
- AGG_mdd: -0.02199994
- BND_r1m: -0.00449266
- BND_r3m: -0.01674832
- BND_r12m: 0.05945003
- BND_vol3m: 0.04800051
- BND_mdd: -0.02395071
- SHY_r1m: -0.00037963
- SHY_r3m: -0.00203093
- SHY_r12m: 0.02119853
- SHY_vol3m: 0.01285912
- SHY_mdd: -0.00435697
- IEF_r1m: -0.02202476
- IEF_r3m: -0.04988575
- IEF_r12m: 0.08751648
- IEF_vol3m: 0.09333577
- IEF_mdd: -0.05842922
- TLT_r1m: -0.01997246
- TLT_r3m: -0.10035785
- TLT_r12m: 0.08286625
- TLT_vol3m: 0.17782146
- TLT_mdd: -0.12501712
- TIP_r1m: -0.01120953
- TIP_r3m: -0.01494453
- TIP_r12m: 0.05413149
- TIP_vol3m: 0.07652256
- TIP_mdd: -0.03978627
- LQD_r1m: 0.00073876
- LQD_r3m: -0.01915948
- LQD_r12m: 0.09163371
- LQD_vol3m: 0.07469758
- LQD_mdd: -0.02992795
- HYG_r1m: 0.01872326
- HYG_r3m: 0.03651701
- HYG_r12m: 0.11127091
- HYG_vol3m: 0.07228620
- HYG_mdd: -0.00373989
- GLD_r1m: 0.02071008
- GLD_r3m: 0.07426431
- GLD_r12m: 0.25683057
- GLD_vol3m: 0.17888808
- GLD_mdd: -0.00797930
- SLV_r1m: 0.07339775
- SLV_r3m: 0.39377030
- SLV_r12m: 0.73998841
- SLV_vol3m: 0.36753455
- SLV_mdd: -0.00662693
- DBC_r1m: 0.06300427
- DBC_r3m: 0.14908623
- DBC_r12m: 0.09627583
- DBC_vol3m: 0.20763638
- DBC_mdd: 0.00000000
- VNQ_r1m: 0.04275289
- VNQ_r3m: 0.07947241
- VNQ_r12m: 0.31336941
- VNQ_vol3m: 0.17689111
- VNQ_mdd: -0.00475259
- UUP_r1m: -0.01468031
- UUP_r3m: 0.00307699
- UUP_r12m: -0.00436290
- UUP_vol3m: 0.10102783
- UUP_mdd: -0.11653113
- BIL_r1m: 0.00021865
- BIL_r3m: -0.00000000
- BIL_r12m: 0.00021865
- BIL_vol3m: 0.00256914
- BIL_mdd: -0.00021783
- cross_vol: 0.13265909

Assets: SPY, QQQ, IWM, DIA, EFA, EEM, VEA, VWO, AGG, BND, SHY, IEF, TLT, TIP, LQD, HYG, GLD, SLV, DBC, VNQ, UUP, BIL","{
  ""weights"": {
    ""SPY"": 0.6,
    ""QQQ"": 0.2,
    ""IWM"": 0.1,
    ""DIA"": 0.05,
    ""EFA"": 0.05,
    ""EEM"": 0.05,
    ""VEA"": 0.05,
    ""VWO"": 0.05,
    ""AGG"": 0.025,
    ""BND"": 0.025,
    ""SHY"": 0.0125,
    ""IEF"": 0.0125,
    ""TLT"": 0.0125,
    ""TIP"": 0.0125,
    ""LQD"": 0.0125,
    ""HYG"": 0.0125,
    ""GLD"": 0.0125,
    ""SLV"": 0.0125,
    ""DBC"": 0.0125,
    ""VNQ"": 0.0125,
    ""UUP"": 0.0125,
    ""BIL"": 0.0125
  }
}",1,0,0,10.356338500001584,418,1,0,0,0,241,10.108841,1761,stop,[],0,0,0,0,TLT,SPY,SPY,0,0,0.6666666666666666,1.3989417989417983,0.7431719361957713,8.326672684688674e-17,2.023017827855918e-17,1.0606060606060606,0,"{""SPY"":0.4444444444,""QQQ"":0.1481481481,""IWM"":0.0740740741,""DIA"":0.037037037,""EFA"":0.037037037,""EEM"":0.037037037,""VEA"":0.037037037,""VWO"":0.037037037,""AGG"":0.0185185185,""BND"":0.0185185185,""SHY"":0.0092592593,""IEF"":0.0092592593,""TLT"":0.0092592593,""TIP"":0.0092592593,""LQD"":0.0092592593,""HYG"":0.0092592593,""GLD"":0.0092592593,""SLV"":0.0092592593,""DBC"":0.0092592593,""VNQ"":0.0092592593,""UUP"":0.0092592593,""BIL"":0.0092592593}","{""SPY"":0.4444444444,""QQQ"":0.1481481481,""IWM"":0.0740740741,""DIA"":0.037037037,""EFA"":0.037037037,""EEM"":0.037037037,""VEA"":0.037037037,""VWO"":0.037037037,""AGG"":0.0185185185,""BND"":0.0185185185,""SHY"":0.0092592593,""IEF"":0.0092592593,""TLT"":0.0092592593,""TIP"":0.0092592593,""LQD"":0.0092592593,""HYG"":0.0092592593,""GLD"":0.0092592593,""SLV"":0.0092592593,""DBC"":0.0092592593,""VNQ"":0.0092592593,""UUP"":0.0092592593,""BIL"":0.0092592593}","{""SPY"":0.019047619,""QQQ"":0.019047619,""IWM"":0.019047619,""DIA"":0.019047619,""EFA"":0.019047619,""EEM"":0.019047619,""VEA"":0.019047619,""VWO"":0.019047619,""AGG"":0.019047619,""BND"":0.019047619,""SHY"":0.019047619,""IEF"":0.019047619,""TLT"":0.6,""TIP"":0.019047619,""LQD"":0.019047619,""HYG"":0.019047619,""GLD"":0.019047619,""SLV"":0.019047619,""DBC"":0.019047619,""VNQ"":0.019047619,""UUP"":0.019047619,""BIL"":0.019047619}",0,1.0000000000000002,0.4444444444444444,0.009259259259259259,2.220446049250313e-16,0,0,1.0,0.4444444444444444,0.009259259259259255,1,1,1,1,43,f8043e7029d7b396adbcc795
repeatability_504part,repeatability,repeat_02,llama3.1:8b,P3,,,real_ticker,,2011-01-03,42,10.0,0.6,0.25,dee577225e5da154,"You are a CONTRARIAN MEAN-REVERSION policy profile. Use only the provided feature values. Strongly favor the eligible asset with the lowest `_r3m` value, reflecting recent underperformance. Allocate 60.0% of total portfolio weight to that target asset as the language-level policy target. Distribute the remaining weight equally among all other eligible assets. Include every eligible ticker exactly once. Return strictly valid JSON only with a `weights` object whose values are decimals, not percentages.
Hard constraints for the execution layer: long-only weights, weights sum to one, maximum single-asset weight 0.60, and turnover cap 0.25. You propose weights; deterministic projection will enforce final feasibility.

Current Features:
- SPY_r1m: 0.04208726
- SPY_r3m: 0.12279774
- SPY_r12m: 0.14307032
- SPY_vol3m: 0.11589737
- SPY_mdd: 0.00000000
- QQQ_r1m: 0.03144718
- QQQ_r3m: 0.14314511
- QQQ_r12m: 0.20257820
- QQQ_vol3m: 0.13378801
- QQQ_mdd: 0.00000000
- IWM_r1m: 0.06429413
- IWM_r3m: 0.19450935
- IWM_r12m: 0.26016575
- IWM_vol3m: 0.15913427
- IWM_mdd: 0.00000000
- DIA_r1m: 0.02801755
- DIA_r3m: 0.09140608
- DIA_r12m: 0.13053403
- DIA_vol3m: 0.10688346
- DIA_mdd: 0.00000000
- EFA_r1m: 0.04207665
- EFA_r3m: 0.08382051
- EFA_r12m: 0.06273712
- EFA_vol3m: 0.18216333
- EFA_mdd: -0.00349007
- EEM_r1m: 0.03263422
- EEM_r3m: 0.07093912
- EEM_r12m: 0.14315163
- EEM_vol3m: 0.20251667
- EEM_mdd: -0.00158781
- VEA_r1m: 0.03960195
- VEA_r3m: 0.08396211
- VEA_r12m: 0.06362364
- VEA_vol3m: 0.18769934
- VEA_mdd: -0.00340270
- VWO_r1m: 0.03810061
- VWO_r3m: 0.07230650
- VWO_r12m: 0.16663950
- VWO_vol3m: 0.19384931
- VWO_mdd: 0.00000000
- AGG_r1m: -0.00070437
- AGG_r3m: -0.01516585
- AGG_r12m: 0.06118092
- AGG_vol3m: 0.04649801
- AGG_mdd: -0.02199994
- BND_r1m: -0.00449266
- BND_r3m: -0.01674832
- BND_r12m: 0.05945003
- BND_vol3m: 0.04800051
- BND_mdd: -0.02395071
- SHY_r1m: -0.00037963
- SHY_r3m: -0.00203093
- SHY_r12m: 0.02119853
- SHY_vol3m: 0.01285912
- SHY_mdd: -0.00435697
- IEF_r1m: -0.02202476
- IEF_r3m: -0.04988575
- IEF_r12m: 0.08751648
- IEF_vol3m: 0.09333577
- IEF_mdd: -0.05842922
- TLT_r1m: -0.01997246
- TLT_r3m: -0.10035785
- TLT_r12m: 0.08286625
- TLT_vol3m: 0.17782146
- TLT_mdd: -0.12501712
- TIP_r1m: -0.01120953
- TIP_r3m: -0.01494453
- TIP_r12m: 0.05413149
- TIP_vol3m: 0.07652256
- TIP_mdd: -0.03978627
- LQD_r1m: 0.00073876
- LQD_r3m: -0.01915948
- LQD_r12m: 0.09163371
- LQD_vol3m: 0.07469758
- LQD_mdd: -0.02992795
- HYG_r1m: 0.01872326
- HYG_r3m: 0.03651701
- HYG_r12m: 0.11127091
- HYG_vol3m: 0.07228620
- HYG_mdd: -0.00373989
- GLD_r1m: 0.02071008
- GLD_r3m: 0.07426431
- GLD_r12m: 0.25683057
- GLD_vol3m: 0.17888808
- GLD_mdd: -0.00797930
- SLV_r1m: 0.07339775
- SLV_r3m: 0.39377030
- SLV_r12m: 0.73998841
- SLV_vol3m: 0.36753455
- SLV_mdd: -0.00662693
- DBC_r1m: 0.06300427
- DBC_r3m: 0.14908623
- DBC_r12m: 0.09627583
- DBC_vol3m: 0.20763638
- DBC_mdd: 0.00000000
- VNQ_r1m: 0.04275289
- VNQ_r3m: 0.07947241
- VNQ_r12m: 0.31336941
- VNQ_vol3m: 0.17689111
- VNQ_mdd: -0.00475259
- UUP_r1m: -0.01468031
- UUP_r3m: 0.00307699
- UUP_r12m: -0.00436290
- UUP_vol3m: 0.10102783
- UUP_mdd: -0.11653113
- BIL_r1m: 0.00021865
- BIL_r3m: -0.00000000
- BIL_r12m: 0.00021865
- BIL_vol3m: 0.00256914
- BIL_mdd: -0.00021783
- cross_vol: 0.13265909

Assets: SPY, QQQ, IWM, DIA, EFA, EEM, VEA, VWO, AGG, BND, SHY, IEF, TLT, TIP, LQD, HYG, GLD, SLV, DBC, VNQ, UUP, BIL","{
  ""weights"": {
    ""SPY"": 0.6,
    ""QQQ"": 0.2,
    ""IWM"": 0.1,
    ""DIA"": 0.05,
    ""EFA"": 0.05,
    ""EEM"": 0.05,
    ""VEA"": 0.05,
    ""VWO"": 0.05,
    ""AGG"": 0.025,
    ""BND"": 0.025,
    ""SHY"": 0.0125,
    ""IEF"": 0.0125,
    ""TLT"": 0.0125,
    ""TIP"": 0.0125,
    ""LQD"": 0.0125,
    ""HYG"": 0.0125,
    ""GLD"": 0.0125,
    ""SLV"": 0.0125,
    ""DBC"": 0.0125,
    ""VNQ"": 0.0125,
    ""UUP"": 0.0125,
    ""BIL"": 0.0125
  }
}",1,0,0,10.33186387499154,418,1,0,0,0,241,10.102821,1761,stop,[],0,0,0,0,TLT,SPY,SPY,0,0,0.6666666666666666,1.3989417989417983,0.7431719361957713,8.326672684688674e-17,2.023017827855918e-17,1.0606060606060606,0,"{""SPY"":0.4444444444,""QQQ"":0.1481481481,""IWM"":0.0740740741,""DIA"":0.037037037,""EFA"":0.037037037,""EEM"":0.037037037,""VEA"":0.037037037,""VWO"":0.037037037,""AGG"":0.0185185185,""BND"":0.0185185185,""SHY"":0.0092592593,""IEF"":0.0092592593,""TLT"":0.0092592593,""TIP"":0.0092592593,""LQD"":0.0092592593,""HYG"":0.0092592593,""GLD"":0.0092592593,""SLV"":0.0092592593,""DBC"":0.0092592593,""VNQ"":0.0092592593,""UUP"":0.0092592593,""BIL"":0.0092592593}","{""SPY"":0.4444444444,""QQQ"":0.1481481481,""IWM"":0.0740740741,""DIA"":0.037037037,""EFA"":0.037037037,""EEM"":0.037037037,""VEA"":0.037037037,""VWO"":0.037037037,""AGG"":0.0185185185,""BND"":0.0185185185,""SHY"":0.0092592593,""IEF"":0.0092592593,""TLT"":0.0092592593,""TIP"":0.0092592593,""LQD"":0.0092592593,""HYG"":0.0092592593,""GLD"":0.0092592593,""SLV"":0.0092592593,""DBC"":0.0092592593,""VNQ"":0.0092592593,""UUP"":0.0092592593,""BIL"":0.0092592593}","{""SPY"":0.019047619,""QQQ"":0.019047619,""IWM"":0.019047619,""DIA"":0.019047619,""EFA"":0.019047619,""EEM"":0.019047619,""VEA"":0.019047619,""VWO"":0.019047619,""AGG"":0.019047619,""BND"":0.019047619,""SHY"":0.019047619,""IEF"":0.019047619,""TLT"":0.6,""TIP"":0.019047619,""LQD"":0.019047619,""HYG"":0.019047619,""GLD"":0.019047619,""SLV"":0.019047619,""DBC"":0.019047619,""VNQ"":0.019047619,""UUP"":0.019047619,""BIL"":0.019047619}",0,1.0000000000000002,0.4444444444444444,0.009259259259259259,2.220446049250313e-16,0,0,1.0,0.4444444444444444,0.009259259259259255,1,1,1,2,44,23be9e9a6592c2018796fa7d
repeatability_504part,repeatability,repeat_03,llama3.1:8b,P3,,,real_ticker,,2011-01-03,42,10.0,0.6,0.25,dee577225e5da154,"You are a CONTRARIAN MEAN-REVERSION policy profile. Use only the provided feature values. Strongly favor the eligible asset with the lowest `_r3m` value, reflecting recent underperformance. Allocate 60.0% of total portfolio weight to that target asset as the language-level policy target. Distribute the remaining weight equally among all other eligible assets. Include every eligible ticker exactly once. Return strictly valid JSON only with a `weights` object whose values are decimals, not percentages.
Hard constraints for the execution layer: long-only weights, weights sum to one, maximum single-asset weight 0.60, and turnover cap 0.25. You propose weights; deterministic projection will enforce final feasibility.

Current Features:
- SPY_r1m: 0.04208726
- SPY_r3m: 0.12279774
- SPY_r12m: 0.14307032
- SPY_vol3m: 0.11589737
- SPY_mdd: 0.00000000
- QQQ_r1m: 0.03144718
- QQQ_r3m: 0.14314511
- QQQ_r12m: 0.20257820
- QQQ_vol3m: 0.13378801
- QQQ_mdd: 0.00000000
- IWM_r1m: 0.06429413
- IWM_r3m: 0.19450935
- IWM_r12m: 0.26016575
- IWM_vol3m: 0.15913427
- IWM_mdd: 0.00000000
- DIA_r1m: 0.02801755
- DIA_r3m: 0.09140608
- DIA_r12m: 0.13053403
- DIA_vol3m: 0.10688346
- DIA_mdd: 0.00000000
- EFA_r1m: 0.04207665
- EFA_r3m: 0.08382051
- EFA_r12m: 0.06273712
- EFA_vol3m: 0.18216333
- EFA_mdd: -0.00349007
- EEM_r1m: 0.03263422
- EEM_r3m: 0.07093912
- EEM_r12m: 0.14315163
- EEM_vol3m: 0.20251667
- EEM_mdd: -0.00158781
- VEA_r1m: 0.03960195
- VEA_r3m: 0.08396211
- VEA_r12m: 0.06362364
- VEA_vol3m: 0.18769934
- VEA_mdd: -0.00340270
- VWO_r1m: 0.03810061
- VWO_r3m: 0.07230650
- VWO_r12m: 0.16663950
- VWO_vol3m: 0.19384931
- VWO_mdd: 0.00000000
- AGG_r1m: -0.00070437
- AGG_r3m: -0.01516585
- AGG_r12m: 0.06118092
- AGG_vol3m: 0.04649801
- AGG_mdd: -0.02199994
- BND_r1m: -0.00449266
- BND_r3m: -0.01674832
- BND_r12m: 0.05945003
- BND_vol3m: 0.04800051
- BND_mdd: -0.02395071
- SHY_r1m: -0.00037963
- SHY_r3m: -0.00203093
- SHY_r12m: 0.02119853
- SHY_vol3m: 0.01285912
- SHY_mdd: -0.00435697
- IEF_r1m: -0.02202476
- IEF_r3m: -0.04988575
- IEF_r12m: 0.08751648
- IEF_vol3m: 0.09333577
- IEF_mdd: -0.05842922
- TLT_r1m: -0.01997246
- TLT_r3m: -0.10035785
- TLT_r12m: 0.08286625
- TLT_vol3m: 0.17782146
- TLT_mdd: -0.12501712
- TIP_r1m: -0.01120953
- TIP_r3m: -0.01494453
- TIP_r12m: 0.05413149
- TIP_vol3m: 0.07652256
- TIP_mdd: -0.03978627
- LQD_r1m: 0.00073876
- LQD_r3m: -0.01915948
- LQD_r12m: 0.09163371
- LQD_vol3m: 0.07469758
- LQD_mdd: -0.02992795
- HYG_r1m: 0.01872326
- HYG_r3m: 0.03651701
- HYG_r12m: 0.11127091
- HYG_vol3m: 0.07228620
- HYG_mdd: -0.00373989
- GLD_r1m: 0.02071008
- GLD_r3m: 0.07426431
- GLD_r12m: 0.25683057
- GLD_vol3m: 0.17888808
- GLD_mdd: -0.00797930
- SLV_r1m: 0.07339775
- SLV_r3m: 0.39377030
- SLV_r12m: 0.73998841
- SLV_vol3m: 0.36753455
- SLV_mdd: -0.00662693
- DBC_r1m: 0.06300427
- DBC_r3m: 0.14908623
- DBC_r12m: 0.09627583
- DBC_vol3m: 0.20763638
- DBC_mdd: 0.00000000
- VNQ_r1m: 0.04275289
- VNQ_r3m: 0.07947241
- VNQ_r12m: 0.31336941
- VNQ_vol3m: 0.17689111
- VNQ_mdd: -0.00475259
- UUP_r1m: -0.01468031
- UUP_r3m: 0.00307699
- UUP_r12m: -0.00436290
- UUP_vol3m: 0.10102783
- UUP_mdd: -0.11653113
- BIL_r1m: 0.00021865
- BIL_r3m: -0.00000000
- BIL_r12m: 0.00021865
- BIL_vol3m: 0.00256914
- BIL_mdd: -0.00021783
- cross_vol: 0.13265909

Assets: SPY, QQQ, IWM, DIA, EFA, EEM, VEA, VWO, AGG, BND, SHY, IEF, TLT, TIP, LQD, HYG, GLD, SLV, DBC, VNQ, UUP, BIL","{
  ""weights"": {
    ""SPY"": 0.6,
    ""QQQ"": 0.2,
    ""IWM"": 0.1,
    ""DIA"": 0.05,
    ""EFA"": 0.05,
    ""EEM"": 0.05,
    ""VEA"": 0.05,
    ""VWO"": 0.05,
    ""AGG"": 0.025,
    ""BND"": 0.025,
    ""SHY"": 0.0125,
    ""IEF"": 0.0125,
    ""TLT"": 0.0125,
    ""TIP"": 0.0125,
    ""LQD"": 0.0125,
    ""HYG"": 0.0125,
    ""GLD"": 0.0125,
    ""SLV"": 0.0125,
    ""DBC"": 0.0125,
    ""VNQ"": 0.0125,
    ""UUP"": 0.0125,
    ""BIL"": 0.0125
  }
}",1,0,0,10.375462417010567,418,1,0,0,0,241,10.118381,1761,stop,[],0,0,0,0,TLT,SPY,SPY,0,0,0.6666666666666666,1.3989417989417983,0.7431719361957713,8.326672684688674e-17,2.023017827855918e-17,1.0606060606060606,0,"{""SPY"":0.4444444444,""QQQ"":0.1481481481,""IWM"":0.0740740741,""DIA"":0.037037037,""EFA"":0.037037037,""EEM"":0.037037037,""VEA"":0.037037037,""VWO"":0.037037037,""AGG"":0.0185185185,""BND"":0.0185185185,""SHY"":0.0092592593,""IEF"":0.0092592593,""TLT"":0.0092592593,""TIP"":0.0092592593,""LQD"":0.0092592593,""HYG"":0.0092592593,""GLD"":0.0092592593,""SLV"":0.0092592593,""DBC"":0.0092592593,""VNQ"":0.0092592593,""UUP"":0.0092592593,""BIL"":0.0092592593}","{""SPY"":0.4444444444,""QQQ"":0.1481481481,""IWM"":0.0740740741,""DIA"":0.037037037,""EFA"":0.037037037,""EEM"":0.037037037,""VEA"":0.037037037,""VWO"":0.037037037,""AGG"":0.0185185185,""BND"":0.0185185185,""SHY"":0.0092592593,""IEF"":0.0092592593,""TLT"":0.0092592593,""TIP"":0.0092592593,""LQD"":0.0092592593,""HYG"":0.0092592593,""GLD"":0.0092592593,""SLV"":0.0092592593,""DBC"":0.0092592593,""VNQ"":0.0092592593,""UUP"":0.0092592593,""BIL"":0.0092592593}","{""SPY"":0.019047619,""QQQ"":0.019047619,""IWM"":0.019047619,""DIA"":0.019047619,""EFA"":0.019047619,""EEM"":0.019047619,""VEA"":0.019047619,""VWO"":0.019047619,""AGG"":0.019047619,""BND"":0.019047619,""SHY"":0.019047619,""IEF"":0.019047619,""TLT"":0.6,""TIP"":0.019047619,""LQD"":0.019047619,""HYG"":0.019047619,""GLD"":0.019047619,""SLV"":0.019047619,""DBC"":0.019047619,""VNQ"":0.019047619,""UUP"":0.019047619,""BIL"":0.019047619}",0,1.0000000000000002,0.4444444444444444,0.009259259259259259,2.220446049250313e-16,0,0,1.0,0.4444444444444444,0.009259259259259255,1,1,1,3,45,b5ed7d0ba70bbfc94f38b1c7
repeatability_504part,repeatability,repeat_00,llama3.1:8b,P4,,,real_ticker,,2011-01-03,42,10.0,0.6,0.25,1ee9851c4c136517,"You are an EQUAL-WEIGHT CONTROL policy profile. Ignore all feature data. Allocate the total portfolio weight equally among all eligible assets. Include every eligible ticker exactly once. Return strictly valid JSON only with a `weights` object whose values are decimals, not percentages.
Hard constraints for the execution layer: long-only weights, weights sum to one, maximum single-asset weight 0.60, and turnover cap 0.25. You propose weights; deterministic projection will enforce final feasibility.

Current Features:
- SPY_r1m: 0.04208726
- SPY_r3m: 0.12279774
- SPY_r12m: 0.14307032
- SPY_vol3m: 0.11589737
- SPY_mdd: 0.00000000
- QQQ_r1m: 0.03144718
- QQQ_r3m: 0.14314511
- QQQ_r12m: 0.20257820
- QQQ_vol3m: 0.13378801
- QQQ_mdd: 0.00000000
- IWM_r1m: 0.06429413
- IWM_r3m: 0.19450935
- IWM_r12m: 0.26016575
- IWM_vol3m: 0.15913427
- IWM_mdd: 0.00000000
- DIA_r1m: 0.02801755
- DIA_r3m: 0.09140608
- DIA_r12m: 0.13053403
- DIA_vol3m: 0.10688346
- DIA_mdd: 0.00000000
- EFA_r1m: 0.04207665
- EFA_r3m: 0.08382051
- EFA_r12m: 0.06273712
- EFA_vol3m: 0.18216333
- EFA_mdd: -0.00349007
- EEM_r1m: 0.03263422
- EEM_r3m: 0.07093912
- EEM_r12m: 0.14315163
- EEM_vol3m: 0.20251667
- EEM_mdd: -0.00158781
- VEA_r1m: 0.03960195
- VEA_r3m: 0.08396211
- VEA_r12m: 0.06362364
- VEA_vol3m: 0.18769934
- VEA_mdd: -0.00340270
- VWO_r1m: 0.03810061
- VWO_r3m: 0.07230650
- VWO_r12m: 0.16663950
- VWO_vol3m: 0.19384931
- VWO_mdd: 0.00000000
- AGG_r1m: -0.00070437
- AGG_r3m: -0.01516585
- AGG_r12m: 0.06118092
- AGG_vol3m: 0.04649801
- AGG_mdd: -0.02199994
- BND_r1m: -0.00449266
- BND_r3m: -0.01674832
- BND_r12m: 0.05945003
- BND_vol3m: 0.04800051
- BND_mdd: -0.02395071
- SHY_r1m: -0.00037963
- SHY_r3m: -0.00203093
- SHY_r12m: 0.02119853
- SHY_vol3m: 0.01285912
- SHY_mdd: -0.00435697
- IEF_r1m: -0.02202476
- IEF_r3m: -0.04988575
- IEF_r12m: 0.08751648
- IEF_vol3m: 0.09333577
- IEF_mdd: -0.05842922
- TLT_r1m: -0.01997246
- TLT_r3m: -0.10035785
- TLT_r12m: 0.08286625
- TLT_vol3m: 0.17782146
- TLT_mdd: -0.12501712
- TIP_r1m: -0.01120953
- TIP_r3m: -0.01494453
- TIP_r12m: 0.05413149
- TIP_vol3m: 0.07652256
- TIP_mdd: -0.03978627
- LQD_r1m: 0.00073876
- LQD_r3m: -0.01915948
- LQD_r12m: 0.09163371
- LQD_vol3m: 0.07469758
- LQD_mdd: -0.02992795
- HYG_r1m: 0.01872326
- HYG_r3m: 0.03651701
- HYG_r12m: 0.11127091
- HYG_vol3m: 0.07228620
- HYG_mdd: -0.00373989
- GLD_r1m: 0.02071008
- GLD_r3m: 0.07426431
- GLD_r12m: 0.25683057
- GLD_vol3m: 0.17888808
- GLD_mdd: -0.00797930
- SLV_r1m: 0.07339775
- SLV_r3m: 0.39377030
- SLV_r12m: 0.73998841
- SLV_vol3m: 0.36753455
- SLV_mdd: -0.00662693
- DBC_r1m: 0.06300427
- DBC_r3m: 0.14908623
- DBC_r12m: 0.09627583
- DBC_vol3m: 0.20763638
- DBC_mdd: 0.00000000
- VNQ_r1m: 0.04275289
- VNQ_r3m: 0.07947241
- VNQ_r12m: 0.31336941
- VNQ_vol3m: 0.17689111
- VNQ_mdd: -0.00475259
- UUP_r1m: -0.01468031
- UUP_r3m: 0.00307699
- UUP_r12m: -0.00436290
- UUP_vol3m: 0.10102783
- UUP_mdd: -0.11653113
- BIL_r1m: 0.00021865
- BIL_r3m: -0.00000000
- BIL_r12m: 0.00021865
- BIL_vol3m: 0.00256914
- BIL_mdd: -0.00021783
- cross_vol: 0.13265909

Assets: SPY, QQQ, IWM, DIA, EFA, EEM, VEA, VWO, AGG, BND, SHY, IEF, TLT, TIP, LQD, HYG, GLD, SLV, DBC, VNQ, UUP, BIL","{
  ""weights"": {
    ""SPY"": 0.0107142857,
    ""QQQ"": 0.0107142857,
    ""IWM"": 0.0107142857,
    ""DIA"": 0.0107142857,
    ""EFA"": 0.0107142857,
    ""EEM"": 0.0107142857,
    ""VEA"": 0.0107142857,
    ""VWO"": 0.0107142857,
    ""AGG"": 0.0107142857,
    ""BND"": 0.0107142857,
    ""SHY"": 0.0107142857,
    ""IEF"": 0.0107142857,
    ""TLT"": 0.0107142857,
    ""TIP"": 0.0107142857,
    ""LQD"": 0.0107142857,
    ""HYG"": 0.0107142857,
    ""GLD"": 0.0107142857,
    ""SLV"": 0.0107142857,
    ""DBC"": 0.0107142857,
    ""VNQ"": 0.0107142857,
    ""UUP"": 0.0107142857,
    ""BIL"": 0.0107142857
  }
}",1,0,0,19.79146595898783,571,1,0,0,0,295,12.357599,1713,stop,[],0,0,0,0,SPY,SPY,SPY,1,1,1.0,0.0,0.0,3.0531133177191805e-16,6.509259464525837e-17,3.0531133177191805e-16,1,"{""SPY"":0.0454545455,""QQQ"":0.0454545455,""IWM"":0.0454545455,""DIA"":0.0454545455,""EFA"":0.0454545455,""EEM"":0.0454545455,""VEA"":0.0454545455,""VWO"":0.0454545455,""AGG"":0.0454545455,""BND"":0.0454545455,""SHY"":0.0454545455,""IEF"":0.0454545455,""TLT"":0.0454545455,""TIP"":0.0454545455,""LQD"":0.0454545455,""HYG"":0.0454545455,""GLD"":0.0454545455,""SLV"":0.0454545455,""DBC"":0.0454545455,""VNQ"":0.0454545455,""UUP"":0.0454545455,""BIL"":0.0454545455}","{""SPY"":0.0454545455,""QQQ"":0.0454545455,""IWM"":0.0454545455,""DIA"":0.0454545455,""EFA"":0.0454545455,""EEM"":0.0454545455,""VEA"":0.0454545455,""VWO"":0.0454545455,""AGG"":0.0454545455,""BND"":0.0454545455,""SHY"":0.0454545455,""IEF"":0.0454545455,""TLT"":0.0454545455,""TIP"":0.0454545455,""LQD"":0.0454545455,""HYG"":0.0454545455,""GLD"":0.0454545455,""SLV"":0.0454545455,""DBC"":0.0454545455,""VNQ"":0.0454545455,""UUP"":0.0454545455,""BIL"":0.0454545455}","{""SPY"":0.0454545455,""QQQ"":0.0454545455,""IWM"":0.0454545455,""DIA"":0.0454545455,""EFA"":0.0454545455,""EEM"":0.0454545455,""VEA"":0.0454545455,""VWO"":0.0454545455,""AGG"":0.0454545455,""BND"":0.0454545455,""SHY"":0.0454545455,""IEF"":0.0454545455,""TLT"":0.0454545455,""TIP"":0.0454545455,""LQD"":0.0454545455,""HYG"":0.0454545455,""GLD"":0.0454545455,""SLV"":0.0454545455,""DBC"":0.0454545455,""VNQ"":0.0454545455,""UUP"":0.0454545455,""BIL"":0.0454545455}",0,0.9999999999999998,0.045454545454545456,0.045454545454545456,2.220446049250313e-16,0,0,1.0,0.04545454545454547,0.04545454545454547,1,1,1,0,42,3caba5f25b8e87db36f4f3d2
repeatability_504part,repeatability,repeat_01,llama3.1:8b,P4,,,real_ticker,,2011-01-03,42,10.0,0.6,0.25,1ee9851c4c136517,"You are an EQUAL-WEIGHT CONTROL policy profile. Ignore all feature data. Allocate the total portfolio weight equally among all eligible assets. Include every eligible ticker exactly once. Return strictly valid JSON only with a `weights` object whose values are decimals, not percentages.
Hard constraints for the execution layer: long-only weights, weights sum to one, maximum single-asset weight 0.60, and turnover cap 0.25. You propose weights; deterministic projection will enforce final feasibility.

Current Features:
- SPY_r1m: 0.04208726
- SPY_r3m: 0.12279774
- SPY_r12m: 0.14307032
- SPY_vol3m: 0.11589737
- SPY_mdd: 0.00000000
- QQQ_r1m: 0.03144718
- QQQ_r3m: 0.14314511
- QQQ_r12m: 0.20257820
- QQQ_vol3m: 0.13378801
- QQQ_mdd: 0.00000000
- IWM_r1m: 0.06429413
- IWM_r3m: 0.19450935
- IWM_r12m: 0.26016575
- IWM_vol3m: 0.15913427
- IWM_mdd: 0.00000000
- DIA_r1m: 0.02801755
- DIA_r3m: 0.09140608
- DIA_r12m: 0.13053403
- DIA_vol3m: 0.10688346
- DIA_mdd: 0.00000000
- EFA_r1m: 0.04207665
- EFA_r3m: 0.08382051
- EFA_r12m: 0.06273712
- EFA_vol3m: 0.18216333
- EFA_mdd: -0.00349007
- EEM_r1m: 0.03263422
- EEM_r3m: 0.07093912
- EEM_r12m: 0.14315163
- EEM_vol3m: 0.20251667
- EEM_mdd: -0.00158781
- VEA_r1m: 0.03960195
- VEA_r3m: 0.08396211
- VEA_r12m: 0.06362364
- VEA_vol3m: 0.18769934
- VEA_mdd: -0.00340270
- VWO_r1m: 0.03810061
- VWO_r3m: 0.07230650
- VWO_r12m: 0.16663950
- VWO_vol3m: 0.19384931
- VWO_mdd: 0.00000000
- AGG_r1m: -0.00070437
- AGG_r3m: -0.01516585
- AGG_r12m: 0.06118092
- AGG_vol3m: 0.04649801
- AGG_mdd: -0.02199994
- BND_r1m: -0.00449266
- BND_r3m: -0.01674832
- BND_r12m: 0.05945003
- BND_vol3m: 0.04800051
- BND_mdd: -0.02395071
- SHY_r1m: -0.00037963
- SHY_r3m: -0.00203093
- SHY_r12m: 0.02119853
- SHY_vol3m: 0.01285912
- SHY_mdd: -0.00435697
- IEF_r1m: -0.02202476
- IEF_r3m: -0.04988575
- IEF_r12m: 0.08751648
- IEF_vol3m: 0.09333577
- IEF_mdd: -0.05842922
- TLT_r1m: -0.01997246
- TLT_r3m: -0.10035785
- TLT_r12m: 0.08286625
- TLT_vol3m: 0.17782146
- TLT_mdd: -0.12501712
- TIP_r1m: -0.01120953
- TIP_r3m: -0.01494453
- TIP_r12m: 0.05413149
- TIP_vol3m: 0.07652256
- TIP_mdd: -0.03978627
- LQD_r1m: 0.00073876
- LQD_r3m: -0.01915948
- LQD_r12m: 0.09163371
- LQD_vol3m: 0.07469758
- LQD_mdd: -0.02992795
- HYG_r1m: 0.01872326
- HYG_r3m: 0.03651701
- HYG_r12m: 0.11127091
- HYG_vol3m: 0.07228620
- HYG_mdd: -0.00373989
- GLD_r1m: 0.02071008
- GLD_r3m: 0.07426431
- GLD_r12m: 0.25683057
- GLD_vol3m: 0.17888808
- GLD_mdd: -0.00797930
- SLV_r1m: 0.07339775
- SLV_r3m: 0.39377030
- SLV_r12m: 0.73998841
- SLV_vol3m: 0.36753455
- SLV_mdd: -0.00662693
- DBC_r1m: 0.06300427
- DBC_r3m: 0.14908623
- DBC_r12m: 0.09627583
- DBC_vol3m: 0.20763638
- DBC_mdd: 0.00000000
- VNQ_r1m: 0.04275289
- VNQ_r3m: 0.07947241
- VNQ_r12m: 0.31336941
- VNQ_vol3m: 0.17689111
- VNQ_mdd: -0.00475259
- UUP_r1m: -0.01468031
- UUP_r3m: 0.00307699
- UUP_r12m: -0.00436290
- UUP_vol3m: 0.10102783
- UUP_mdd: -0.11653113
- BIL_r1m: 0.00021865
- BIL_r3m: -0.00000000
- BIL_r12m: 0.00021865
- BIL_vol3m: 0.00256914
- BIL_mdd: -0.00021783
- cross_vol: 0.13265909

Assets: SPY, QQQ, IWM, DIA, EFA, EEM, VEA, VWO, AGG, BND, SHY, IEF, TLT, TIP, LQD, HYG, GLD, SLV, DBC, VNQ, UUP, BIL","{
  ""weights"": {
    ""SPY"": 0.0107142857,
    ""QQQ"": 0.0107142857,
    ""IWM"": 0.0107142857,
    ""DIA"": 0.0107142857,
    ""EFA"": 0.0107142857,
    ""EEM"": 0.0107142857,
    ""VEA"": 0.0107142857,
    ""VWO"": 0.0107142857,
    ""AGG"": 0.0107142857,
    ""BND"": 0.0107142857,
    ""SHY"": 0.0107142857,
    ""IEF"": 0.0107142857,
    ""TLT"": 0.0107142857,
    ""TIP"": 0.0107142857,
    ""LQD"": 0.0107142857,
    ""HYG"": 0.0107142857,
    ""GLD"": 0.0107142857,
    ""SLV"": 0.0107142857,
    ""DBC"": 0.0107142857,
    ""VNQ"": 0.0107142857,
    ""UUP"": 0.0107142857,
    ""BIL"": 0.0107142857
  }
}",1,0,0,12.624536874995101,571,1,0,0,0,295,12.374839,1713,stop,[],0,0,0,0,SPY,SPY,SPY,1,1,1.0,0.0,0.0,3.0531133177191805e-16,6.509259464525837e-17,3.0531133177191805e-16,1,"{""SPY"":0.0454545455,""QQQ"":0.0454545455,""IWM"":0.0454545455,""DIA"":0.0454545455,""EFA"":0.0454545455,""EEM"":0.0454545455,""VEA"":0.0454545455,""VWO"":0.0454545455,""AGG"":0.0454545455,""BND"":0.0454545455,""SHY"":0.0454545455,""IEF"":0.0454545455,""TLT"":0.0454545455,""TIP"":0.0454545455,""LQD"":0.0454545455,""HYG"":0.0454545455,""GLD"":0.0454545455,""SLV"":0.0454545455,""DBC"":0.0454545455,""VNQ"":0.0454545455,""UUP"":0.0454545455,""BIL"":0.0454545455}","{""SPY"":0.0454545455,""QQQ"":0.0454545455,""IWM"":0.0454545455,""DIA"":0.0454545455,""EFA"":0.0454545455,""EEM"":0.0454545455,""VEA"":0.0454545455,""VWO"":0.0454545455,""AGG"":0.0454545455,""BND"":0.0454545455,""SHY"":0.0454545455,""IEF"":0.0454545455,""TLT"":0.0454545455,""TIP"":0.0454545455,""LQD"":0.0454545455,""HYG"":0.0454545455,""GLD"":0.0454545455,""SLV"":0.0454545455,""DBC"":0.0454545455,""VNQ"":0.0454545455,""UUP"":0.0454545455,""BIL"":0.0454545455}","{""SPY"":0.0454545455,""QQQ"":0.0454545455,""IWM"":0.0454545455,""DIA"":0.0454545455,""EFA"":0.0454545455,""EEM"":0.0454545455,""VEA"":0.0454545455,""VWO"":0.0454545455,""AGG"":0.0454545455,""BND"":0.0454545455,""SHY"":0.0454545455,""IEF"":0.0454545455,""TLT"":0.0454545455,""TIP"":0.0454545455,""LQD"":0.0454545455,""HYG"":0.0454545455,""GLD"":0.0454545455,""SLV"":0.0454545455,""DBC"":0.0454545455,""VNQ"":0.0454545455,""UUP"":0.0454545455,""BIL"":0.0454545455}",0,0.9999999999999998,0.045454545454545456,0.045454545454545456,2.220446049250313e-16,0,0,1.0,0.04545454545454547,0.04545454545454547,1,1,1,1,43,6d4c0ccbf98f9ea09ba81543
repeatability_504part,repeatability,repeat_02,llama3.1:8b,P4,,,real_ticker,,2011-01-03,42,10.0,0.6,0.25,1ee9851c4c136517,"You are an EQUAL-WEIGHT CONTROL policy profile. Ignore all feature data. Allocate the total portfolio weight equally among all eligible assets. Include every eligible ticker exactly once. Return strictly valid JSON only with a `weights` object whose values are decimals, not percentages.
Hard constraints for the execution layer: long-only weights, weights sum to one, maximum single-asset weight 0.60, and turnover cap 0.25. You propose weights; deterministic projection will enforce final feasibility.

Current Features:
- SPY_r1m: 0.04208726
- SPY_r3m: 0.12279774
- SPY_r12m: 0.14307032
- SPY_vol3m: 0.11589737
- SPY_mdd: 0.00000000
- QQQ_r1m: 0.03144718
- QQQ_r3m: 0.14314511
- QQQ_r12m: 0.20257820
- QQQ_vol3m: 0.13378801
- QQQ_mdd: 0.00000000
- IWM_r1m: 0.06429413
- IWM_r3m: 0.19450935
- IWM_r12m: 0.26016575
- IWM_vol3m: 0.15913427
- IWM_mdd: 0.00000000
- DIA_r1m: 0.02801755
- DIA_r3m: 0.09140608
- DIA_r12m: 0.13053403
- DIA_vol3m: 0.10688346
- DIA_mdd: 0.00000000
- EFA_r1m: 0.04207665
- EFA_r3m: 0.08382051
- EFA_r12m: 0.06273712
- EFA_vol3m: 0.18216333
- EFA_mdd: -0.00349007
- EEM_r1m: 0.03263422
- EEM_r3m: 0.07093912
- EEM_r12m: 0.14315163
- EEM_vol3m: 0.20251667
- EEM_mdd: -0.00158781
- VEA_r1m: 0.03960195
- VEA_r3m: 0.08396211
- VEA_r12m: 0.06362364
- VEA_vol3m: 0.18769934
- VEA_mdd: -0.00340270
- VWO_r1m: 0.03810061
- VWO_r3m: 0.07230650
- VWO_r12m: 0.16663950
- VWO_vol3m: 0.19384931
- VWO_mdd: 0.00000000
- AGG_r1m: -0.00070437
- AGG_r3m: -0.01516585
- AGG_r12m: 0.06118092
- AGG_vol3m: 0.04649801
- AGG_mdd: -0.02199994
- BND_r1m: -0.00449266
- BND_r3m: -0.01674832
- BND_r12m: 0.05945003
- BND_vol3m: 0.04800051
- BND_mdd: -0.02395071
- SHY_r1m: -0.00037963
- SHY_r3m: -0.00203093
- SHY_r12m: 0.02119853
- SHY_vol3m: 0.01285912
- SHY_mdd: -0.00435697
- IEF_r1m: -0.02202476
- IEF_r3m: -0.04988575
- IEF_r12m: 0.08751648
- IEF_vol3m: 0.09333577
- IEF_mdd: -0.05842922
- TLT_r1m: -0.01997246
- TLT_r3m: -0.10035785
- TLT_r12m: 0.08286625
- TLT_vol3m: 0.17782146
- TLT_mdd: -0.12501712
- TIP_r1m: -0.01120953
- TIP_r3m: -0.01494453
- TIP_r12m: 0.05413149
- TIP_vol3m: 0.07652256
- TIP_mdd: -0.03978627
- LQD_r1m: 0.00073876
- LQD_r3m: -0.01915948
- LQD_r12m: 0.09163371
- LQD_vol3m: 0.07469758
- LQD_mdd: -0.02992795
- HYG_r1m: 0.01872326
- HYG_r3m: 0.03651701
- HYG_r12m: 0.11127091
- HYG_vol3m: 0.07228620
- HYG_mdd: -0.00373989
- GLD_r1m: 0.02071008
- GLD_r3m: 0.07426431
- GLD_r12m: 0.25683057
- GLD_vol3m: 0.17888808
- GLD_mdd: -0.00797930
- SLV_r1m: 0.07339775
- SLV_r3m: 0.39377030
- SLV_r12m: 0.73998841
- SLV_vol3m: 0.36753455
- SLV_mdd: -0.00662693
- DBC_r1m: 0.06300427
- DBC_r3m: 0.14908623
- DBC_r12m: 0.09627583
- DBC_vol3m: 0.20763638
- DBC_mdd: 0.00000000
- VNQ_r1m: 0.04275289
- VNQ_r3m: 0.07947241
- VNQ_r12m: 0.31336941
- VNQ_vol3m: 0.17689111
- VNQ_mdd: -0.00475259
- UUP_r1m: -0.01468031
- UUP_r3m: 0.00307699
- UUP_r12m: -0.00436290
- UUP_vol3m: 0.10102783
- UUP_mdd: -0.11653113
- BIL_r1m: 0.00021865
- BIL_r3m: -0.00000000
- BIL_r12m: 0.00021865
- BIL_vol3m: 0.00256914
- BIL_mdd: -0.00021783
- cross_vol: 0.13265909

Assets: SPY, QQQ, IWM, DIA, EFA, EEM, VEA, VWO, AGG, BND, SHY, IEF, TLT, TIP, LQD, HYG, GLD, SLV, DBC, VNQ, UUP, BIL","{
  ""weights"": {
    ""SPY"": 0.0107142857,
    ""QQQ"": 0.0107142857,
    ""IWM"": 0.0107142857,
    ""DIA"": 0.0107142857,
    ""EFA"": 0.0107142857,
    ""EEM"": 0.0107142857,
    ""VEA"": 0.0107142857,
    ""VWO"": 0.0107142857,
    ""AGG"": 0.0107142857,
    ""BND"": 0.0107142857,
    ""SHY"": 0.0107142857,
    ""IEF"": 0.0107142857,
    ""TLT"": 0.0107142857,
    ""TIP"": 0.0107142857,
    ""LQD"": 0.0107142857,
    ""HYG"": 0.0107142857,
    ""GLD"": 0.0107142857,
    ""SLV"": 0.0107142857,
    ""DBC"": 0.0107142857,
    ""VNQ"": 0.0107142857,
    ""UUP"": 0.0107142857,
    ""BIL"": 0.0107142857
  }
}",1,0,0,12.611138292006217,571,1,0,0,0,295,12.378454,1713,stop,[],0,0,0,0,SPY,SPY,SPY,1,1,1.0,0.0,0.0,3.0531133177191805e-16,6.509259464525837e-17,3.0531133177191805e-16,1,"{""SPY"":0.0454545455,""QQQ"":0.0454545455,""IWM"":0.0454545455,""DIA"":0.0454545455,""EFA"":0.0454545455,""EEM"":0.0454545455,""VEA"":0.0454545455,""VWO"":0.0454545455,""AGG"":0.0454545455,""BND"":0.0454545455,""SHY"":0.0454545455,""IEF"":0.0454545455,""TLT"":0.0454545455,""TIP"":0.0454545455,""LQD"":0.0454545455,""HYG"":0.0454545455,""GLD"":0.0454545455,""SLV"":0.0454545455,""DBC"":0.0454545455,""VNQ"":0.0454545455,""UUP"":0.0454545455,""BIL"":0.0454545455}","{""SPY"":0.0454545455,""QQQ"":0.0454545455,""IWM"":0.0454545455,""DIA"":0.0454545455,""EFA"":0.0454545455,""EEM"":0.0454545455,""VEA"":0.0454545455,""VWO"":0.0454545455,""AGG"":0.0454545455,""BND"":0.0454545455,""SHY"":0.0454545455,""IEF"":0.0454545455,""TLT"":0.0454545455,""TIP"":0.0454545455,""LQD"":0.0454545455,""HYG"":0.0454545455,""GLD"":0.0454545455,""SLV"":0.0454545455,""DBC"":0.0454545455,""VNQ"":0.0454545455,""UUP"":0.0454545455,""BIL"":0.0454545455}","{""SPY"":0.0454545455,""QQQ"":0.0454545455,""IWM"":0.0454545455,""DIA"":0.0454545455,""EFA"":0.0454545455,""EEM"":0.0454545455,""VEA"":0.0454545455,""VWO"":0.0454545455,""AGG"":0.0454545455,""BND"":0.0454545455,""SHY"":0.0454545455,""IEF"":0.0454545455,""TLT"":0.0454545455,""TIP"":0.0454545455,""LQD"":0.0454545455,""HYG"":0.0454545455,""GLD"":0.0454545455,""SLV"":0.0454545455,""DBC"":0.0454545455,""VNQ"":0.0454545455,""UUP"":0.0454545455,""BIL"":0.0454545455}",0,0.9999999999999998,0.045454545454545456,0.045454545454545456,2.220446049250313e-16,0,0,1.0,0.04545454545454547,0.04545454545454547,1,1,1,2,44,5cd03e02f79378ff6fa0213d
repeatability_504part,repeatability,repeat_03,llama3.1:8b,P4,,,real_ticker,,2011-01-03,42,10.0,0.6,0.25,1ee9851c4c136517,"You are an EQUAL-WEIGHT CONTROL policy profile. Ignore all feature data. Allocate the total portfolio weight equally among all eligible assets. Include every eligible ticker exactly once. Return strictly valid JSON only with a `weights` object whose values are decimals, not percentages.
Hard constraints for the execution layer: long-only weights, weights sum to one, maximum single-asset weight 0.60, and turnover cap 0.25. You propose weights; deterministic projection will enforce final feasibility.

Current Features:
- SPY_r1m: 0.04208726
- SPY_r3m: 0.12279774
- SPY_r12m: 0.14307032
- SPY_vol3m: 0.11589737
- SPY_mdd: 0.00000000
- QQQ_r1m: 0.03144718
- QQQ_r3m: 0.14314511
- QQQ_r12m: 0.20257820
- QQQ_vol3m: 0.13378801
- QQQ_mdd: 0.00000000
- IWM_r1m: 0.06429413
- IWM_r3m: 0.19450935
- IWM_r12m: 0.26016575
- IWM_vol3m: 0.15913427
- IWM_mdd: 0.00000000
- DIA_r1m: 0.02801755
- DIA_r3m: 0.09140608
- DIA_r12m: 0.13053403
- DIA_vol3m: 0.10688346
- DIA_mdd: 0.00000000
- EFA_r1m: 0.04207665
- EFA_r3m: 0.08382051
- EFA_r12m: 0.06273712
- EFA_vol3m: 0.18216333
- EFA_mdd: -0.00349007
- EEM_r1m: 0.03263422
- EEM_r3m: 0.07093912
- EEM_r12m: 0.14315163
- EEM_vol3m: 0.20251667
- EEM_mdd: -0.00158781
- VEA_r1m: 0.03960195
- VEA_r3m: 0.08396211
- VEA_r12m: 0.06362364
- VEA_vol3m: 0.18769934
- VEA_mdd: -0.00340270
- VWO_r1m: 0.03810061
- VWO_r3m: 0.07230650
- VWO_r12m: 0.16663950
- VWO_vol3m: 0.19384931
- VWO_mdd: 0.00000000
- AGG_r1m: -0.00070437
- AGG_r3m: -0.01516585
- AGG_r12m: 0.06118092
- AGG_vol3m: 0.04649801
- AGG_mdd: -0.02199994
- BND_r1m: -0.00449266
- BND_r3m: -0.01674832
- BND_r12m: 0.05945003
- BND_vol3m: 0.04800051
- BND_mdd: -0.02395071
- SHY_r1m: -0.00037963
- SHY_r3m: -0.00203093
- SHY_r12m: 0.02119853
- SHY_vol3m: 0.01285912
- SHY_mdd: -0.00435697
- IEF_r1m: -0.02202476
- IEF_r3m: -0.04988575
- IEF_r12m: 0.08751648
- IEF_vol3m: 0.09333577
- IEF_mdd: -0.05842922
- TLT_r1m: -0.01997246
- TLT_r3m: -0.10035785
- TLT_r12m: 0.08286625
- TLT_vol3m: 0.17782146
- TLT_mdd: -0.12501712
- TIP_r1m: -0.01120953
- TIP_r3m: -0.01494453
- TIP_r12m: 0.05413149
- TIP_vol3m: 0.07652256
- TIP_mdd: -0.03978627
- LQD_r1m: 0.00073876
- LQD_r3m: -0.01915948
- LQD_r12m: 0.09163371
- LQD_vol3m: 0.07469758
- LQD_mdd: -0.02992795
- HYG_r1m: 0.01872326
- HYG_r3m: 0.03651701
- HYG_r12m: 0.11127091
- HYG_vol3m: 0.07228620
- HYG_mdd: -0.00373989
- GLD_r1m: 0.02071008
- GLD_r3m: 0.07426431
- GLD_r12m: 0.25683057
- GLD_vol3m: 0.17888808
- GLD_mdd: -0.00797930
- SLV_r1m: 0.07339775
- SLV_r3m: 0.39377030
- SLV_r12m: 0.73998841
- SLV_vol3m: 0.36753455
- SLV_mdd: -0.00662693
- DBC_r1m: 0.06300427
- DBC_r3m: 0.14908623
- DBC_r12m: 0.09627583
- DBC_vol3m: 0.20763638
- DBC_mdd: 0.00000000
- VNQ_r1m: 0.04275289
- VNQ_r3m: 0.07947241
- VNQ_r12m: 0.31336941
- VNQ_vol3m: 0.17689111
- VNQ_mdd: -0.00475259
- UUP_r1m: -0.01468031
- UUP_r3m: 0.00307699
- UUP_r12m: -0.00436290
- UUP_vol3m: 0.10102783
- UUP_mdd: -0.11653113
- BIL_r1m: 0.00021865
- BIL_r3m: -0.00000000
- BIL_r12m: 0.00021865
- BIL_vol3m: 0.00256914
- BIL_mdd: -0.00021783
- cross_vol: 0.13265909

Assets: SPY, QQQ, IWM, DIA, EFA, EEM, VEA, VWO, AGG, BND, SHY, IEF, TLT, TIP, LQD, HYG, GLD, SLV, DBC, VNQ, UUP, BIL","{
  ""weights"": {
    ""SPY"": 0.0107142857,
    ""QQQ"": 0.0107142857,
    ""IWM"": 0.0107142857,
    ""DIA"": 0.0107142857,
    ""EFA"": 0.0107142857,
    ""EEM"": 0.0107142857,
    ""VEA"": 0.0107142857,
    ""VWO"": 0.0107142857,
    ""AGG"": 0.0107142857,
    ""BND"": 0.0107142857,
    ""SHY"": 0.0107142857,
    ""IEF"": 0.0107142857,
    ""TLT"": 0.0107142857,
    ""TIP"": 0.0107142857,
    ""LQD"": 0.0107142857,
    ""HYG"": 0.0107142857,
    ""GLD"": 0.0107142857,
    ""SLV"": 0.0107142857,
    ""DBC"": 0.0107142857,
    ""VNQ"": 0.0107142857,
    ""UUP"": 0.0107142857,
    ""BIL"": 0.0107142857
  }
}",1,0,0,12.612682124992716,571,1,0,0,0,295,12.366635,1713,stop,[],0,0,0,0,SPY,SPY,SPY,1,1,1.0,0.0,0.0,3.0531133177191805e-16,6.509259464525837e-17,3.0531133177191805e-16,1,"{""SPY"":0.0454545455,""QQQ"":0.0454545455,""IWM"":0.0454545455,""DIA"":0.0454545455,""EFA"":0.0454545455,""EEM"":0.0454545455,""VEA"":0.0454545455,""VWO"":0.0454545455,""AGG"":0.0454545455,""BND"":0.0454545455,""SHY"":0.0454545455,""IEF"":0.0454545455,""TLT"":0.0454545455,""TIP"":0.0454545455,""LQD"":0.0454545455,""HYG"":0.0454545455,""GLD"":0.0454545455,""SLV"":0.0454545455,""DBC"":0.0454545455,""VNQ"":0.0454545455,""UUP"":0.0454545455,""BIL"":0.0454545455}","{""SPY"":0.0454545455,""QQQ"":0.0454545455,""IWM"":0.0454545455,""DIA"":0.0454545455,""EFA"":0.0454545455,""EEM"":0.0454545455,""VEA"":0.0454545455,""VWO"":0.0454545455,""AGG"":0.0454545455,""BND"":0.0454545455,""SHY"":0.0454545455,""IEF"":0.0454545455,""TLT"":0.0454545455,""TIP"":0.0454545455,""LQD"":0.0454545455,""HYG"":0.0454545455,""GLD"":0.0454545455,""SLV"":0.0454545455,""DBC"":0.0454545455,""VNQ"":0.0454545455,""UUP"":0.0454545455,""BIL"":0.0454545455}","{""SPY"":0.0454545455,""QQQ"":0.0454545455,""IWM"":0.0454545455,""DIA"":0.0454545455,""EFA"":0.0454545455,""EEM"":0.0454545455,""VEA"":0.0454545455,""VWO"":0.0454545455,""AGG"":0.0454545455,""BND"":0.0454545455,""SHY"":0.0454545455,""IEF"":0.0454545455,""TLT"":0.0454545455,""TIP"":0.0454545455,""LQD"":0.0454545455,""HYG"":0.0454545455,""GLD"":0.0454545455,""SLV"":0.0454545455,""DBC"":0.0454545455,""VNQ"":0.0454545455,""UUP"":0.0454545455,""BIL"":0.0454545455}",0,0.9999999999999998,0.045454545454545456,0.045454545454545456,2.220446049250313e-16,0,0,1.0,0.04545454545454547,0.04545454545454547,1,1,1,3,45,35e89bba022c25b9265d1d1b
repeatability_504part,repeatability,repeat_00,llama3.1:8b,P5,,,real_ticker,,2011-01-03,42,10.0,0.6,0.25,26eb119258c2f187,"You are a RISK-ADJUSTED RETURN policy profile. Use only the provided feature values. Prefer eligible assets that combine stronger recent returns with lower recent volatility and smaller drawdowns. Assign larger weights to assets that appear to have stronger positive risk-adjusted profiles, smaller weights to middle-ranked assets, and little weight to weak or unstable candidates. Do not default to equal weights unless the provided features show no meaningful distinction across assets. Include every eligible ticker exactly once. Return strictly valid JSON only with a `weights` object whose values are decimals, not percentages.
Hard constraints for the execution layer: long-only weights, weights sum to one, maximum single-asset weight 0.60, and turnover cap 0.25. You propose weights; deterministic projection will enforce final feasibility.

Current Features:
- SPY_r1m: 0.04208726
- SPY_r3m: 0.12279774
- SPY_r12m: 0.14307032
- SPY_vol3m: 0.11589737
- SPY_mdd: 0.00000000
- QQQ_r1m: 0.03144718
- QQQ_r3m: 0.14314511
- QQQ_r12m: 0.20257820
- QQQ_vol3m: 0.13378801
- QQQ_mdd: 0.00000000
- IWM_r1m: 0.06429413
- IWM_r3m: 0.19450935
- IWM_r12m: 0.26016575
- IWM_vol3m: 0.15913427
- IWM_mdd: 0.00000000
- DIA_r1m: 0.02801755
- DIA_r3m: 0.09140608
- DIA_r12m: 0.13053403
- DIA_vol3m: 0.10688346
- DIA_mdd: 0.00000000
- EFA_r1m: 0.04207665
- EFA_r3m: 0.08382051
- EFA_r12m: 0.06273712
- EFA_vol3m: 0.18216333
- EFA_mdd: -0.00349007
- EEM_r1m: 0.03263422
- EEM_r3m: 0.07093912
- EEM_r12m: 0.14315163
- EEM_vol3m: 0.20251667
- EEM_mdd: -0.00158781
- VEA_r1m: 0.03960195
- VEA_r3m: 0.08396211
- VEA_r12m: 0.06362364
- VEA_vol3m: 0.18769934
- VEA_mdd: -0.00340270
- VWO_r1m: 0.03810061
- VWO_r3m: 0.07230650
- VWO_r12m: 0.16663950
- VWO_vol3m: 0.19384931
- VWO_mdd: 0.00000000
- AGG_r1m: -0.00070437
- AGG_r3m: -0.01516585
- AGG_r12m: 0.06118092
- AGG_vol3m: 0.04649801
- AGG_mdd: -0.02199994
- BND_r1m: -0.00449266
- BND_r3m: -0.01674832
- BND_r12m: 0.05945003
- BND_vol3m: 0.04800051
- BND_mdd: -0.02395071
- SHY_r1m: -0.00037963
- SHY_r3m: -0.00203093
- SHY_r12m: 0.02119853
- SHY_vol3m: 0.01285912
- SHY_mdd: -0.00435697
- IEF_r1m: -0.02202476
- IEF_r3m: -0.04988575
- IEF_r12m: 0.08751648
- IEF_vol3m: 0.09333577
- IEF_mdd: -0.05842922
- TLT_r1m: -0.01997246
- TLT_r3m: -0.10035785
- TLT_r12m: 0.08286625
- TLT_vol3m: 0.17782146
- TLT_mdd: -0.12501712
- TIP_r1m: -0.01120953
- TIP_r3m: -0.01494453
- TIP_r12m: 0.05413149
- TIP_vol3m: 0.07652256
- TIP_mdd: -0.03978627
- LQD_r1m: 0.00073876
- LQD_r3m: -0.01915948
- LQD_r12m: 0.09163371
- LQD_vol3m: 0.07469758
- LQD_mdd: -0.02992795
- HYG_r1m: 0.01872326
- HYG_r3m: 0.03651701
- HYG_r12m: 0.11127091
- HYG_vol3m: 0.07228620
- HYG_mdd: -0.00373989
- GLD_r1m: 0.02071008
- GLD_r3m: 0.07426431
- GLD_r12m: 0.25683057
- GLD_vol3m: 0.17888808
- GLD_mdd: -0.00797930
- SLV_r1m: 0.07339775
- SLV_r3m: 0.39377030
- SLV_r12m: 0.73998841
- SLV_vol3m: 0.36753455
- SLV_mdd: -0.00662693
- DBC_r1m: 0.06300427
- DBC_r3m: 0.14908623
- DBC_r12m: 0.09627583
- DBC_vol3m: 0.20763638
- DBC_mdd: 0.00000000
- VNQ_r1m: 0.04275289
- VNQ_r3m: 0.07947241
- VNQ_r12m: 0.31336941
- VNQ_vol3m: 0.17689111
- VNQ_mdd: -0.00475259
- UUP_r1m: -0.01468031
- UUP_r3m: 0.00307699
- UUP_r12m: -0.00436290
- UUP_vol3m: 0.10102783
- UUP_mdd: -0.11653113
- BIL_r1m: 0.00021865
- BIL_r3m: -0.00000000
- BIL_r12m: 0.00021865
- BIL_vol3m: 0.00256914
- BIL_mdd: -0.00021783
- cross_vol: 0.13265909

Assets: SPY, QQQ, IWM, DIA, EFA, EEM, VEA, VWO, AGG, BND, SHY, IEF, TLT, TIP, LQD, HYG, GLD, SLV, DBC, VNQ, UUP, BIL","{
  ""weights"": {
    ""SPY"": 0.23,
    ""QQQ"": 0.17,
    ""IWM"": 0.15,
    ""DIA"": 0.12,
    ""EFA"": 0.08,
    ""EEM"": 0.07,
    ""VEA"": 0.06,
    ""VWO"": 0.05,
    ""AGG"": 0.04,
    ""BND"": 0.03,
    ""SHY"": 0.02,
    ""IEF"": 0.01,
    ""TLT"": 0.01,
    ""TIP"": 0.01,
    ""LQD"": 0.01,
    ""HYG"": 0.01,
    ""GLD"": 0.01,
    ""SLV"": 0.01,
    ""DBC"": 0.01,
    ""VNQ"": 0.01,
    ""UUP"": 0.01,
    ""BIL"": 0.00
  }
}",1,0,0,17.304834624999785,395,1,0,0,0,229,9.607718,1773,stop,[],0,0,0,0,IWM,SPY,SPY,0,0,0.6666666666666666,0.6977817900250027,0.1989593835451683,1.9775847626135495e-16,4.615798956820322e-17,0.9350649350649349,0,"{""SPY"":0.2053571429,""QQQ"":0.1517857143,""IWM"":0.1339285714,""DIA"":0.1071428571,""EFA"":0.0714285714,""EEM"":0.0625,""VEA"":0.0535714286,""VWO"":0.0446428571,""AGG"":0.0357142857,""BND"":0.0267857143,""SHY"":0.0178571429,""IEF"":0.0089285714,""TLT"":0.0089285714,""TIP"":0.0089285714,""LQD"":0.0089285714,""HYG"":0.0089285714,""GLD"":0.0089285714,""SLV"":0.0089285714,""DBC"":0.0089285714,""VNQ"":0.0089285714,""UUP"":0.0089285714,""BIL"":0.0}","{""SPY"":0.2053571429,""QQQ"":0.1517857143,""IWM"":0.1339285714,""DIA"":0.1071428571,""EFA"":0.0714285714,""EEM"":0.0625,""VEA"":0.0535714286,""VWO"":0.0446428571,""AGG"":0.0357142857,""BND"":0.0267857143,""SHY"":0.0178571429,""IEF"":0.0089285714,""TLT"":0.0089285714,""TIP"":0.0089285714,""LQD"":0.0089285714,""HYG"":0.0089285714,""GLD"":0.0089285714,""SLV"":0.0089285714,""DBC"":0.0089285714,""VNQ"":0.0089285714,""UUP"":0.0089285714,""BIL"":1.040834086e-17}","{""SPY"":0.1107606064,""QQQ"":0.0716923552,""IWM"":0.1232298459,""DIA"":0.0799517396,""EFA"":0.0704512168,""EEM"":0.0491496865,""VEA"":0.0643520163,""VWO"":0.0599481742,""AGG"":3.252606517e-18,""BND"":3.252606517e-18,""SHY"":3.252606517e-18,""IEF"":3.252606517e-18,""TLT"":3.252606517e-18,""TIP"":3.252606517e-18,""LQD"":0.0030165117,""HYG"":0.079001317,""GLD"":0.0353108945,""SLV"":0.0609106025,""DBC"":0.0925496609,""VNQ"":0.0737170167,""UUP"":3.252606517e-18,""BIL"":0.0259583557}",0,0.9999999999999999,0.20535714285714288,0.0,1.1102230246251565e-16,0,0,1.0,0.20535714285714288,1.0408340855859773e-17,1,1,1,0,42,1cd9ff65afa689d81ecc07b6
repeatability_504part,repeatability,repeat_01,llama3.1:8b,P5,,,real_ticker,,2011-01-03,42,10.0,0.6,0.25,26eb119258c2f187,"You are a RISK-ADJUSTED RETURN policy profile. Use only the provided feature values. Prefer eligible assets that combine stronger recent returns with lower recent volatility and smaller drawdowns. Assign larger weights to assets that appear to have stronger positive risk-adjusted profiles, smaller weights to middle-ranked assets, and little weight to weak or unstable candidates. Do not default to equal weights unless the provided features show no meaningful distinction across assets. Include every eligible ticker exactly once. Return strictly valid JSON only with a `weights` object whose values are decimals, not percentages.
Hard constraints for the execution layer: long-only weights, weights sum to one, maximum single-asset weight 0.60, and turnover cap 0.25. You propose weights; deterministic projection will enforce final feasibility.

Current Features:
- SPY_r1m: 0.04208726
- SPY_r3m: 0.12279774
- SPY_r12m: 0.14307032
- SPY_vol3m: 0.11589737
- SPY_mdd: 0.00000000
- QQQ_r1m: 0.03144718
- QQQ_r3m: 0.14314511
- QQQ_r12m: 0.20257820
- QQQ_vol3m: 0.13378801
- QQQ_mdd: 0.00000000
- IWM_r1m: 0.06429413
- IWM_r3m: 0.19450935
- IWM_r12m: 0.26016575
- IWM_vol3m: 0.15913427
- IWM_mdd: 0.00000000
- DIA_r1m: 0.02801755
- DIA_r3m: 0.09140608
- DIA_r12m: 0.13053403
- DIA_vol3m: 0.10688346
- DIA_mdd: 0.00000000
- EFA_r1m: 0.04207665
- EFA_r3m: 0.08382051
- EFA_r12m: 0.06273712
- EFA_vol3m: 0.18216333
- EFA_mdd: -0.00349007
- EEM_r1m: 0.03263422
- EEM_r3m: 0.07093912
- EEM_r12m: 0.14315163
- EEM_vol3m: 0.20251667
- EEM_mdd: -0.00158781
- VEA_r1m: 0.03960195
- VEA_r3m: 0.08396211
- VEA_r12m: 0.06362364
- VEA_vol3m: 0.18769934
- VEA_mdd: -0.00340270
- VWO_r1m: 0.03810061
- VWO_r3m: 0.07230650
- VWO_r12m: 0.16663950
- VWO_vol3m: 0.19384931
- VWO_mdd: 0.00000000
- AGG_r1m: -0.00070437
- AGG_r3m: -0.01516585
- AGG_r12m: 0.06118092
- AGG_vol3m: 0.04649801
- AGG_mdd: -0.02199994
- BND_r1m: -0.00449266
- BND_r3m: -0.01674832
- BND_r12m: 0.05945003
- BND_vol3m: 0.04800051
- BND_mdd: -0.02395071
- SHY_r1m: -0.00037963
- SHY_r3m: -0.00203093
- SHY_r12m: 0.02119853
- SHY_vol3m: 0.01285912
- SHY_mdd: -0.00435697
- IEF_r1m: -0.02202476
- IEF_r3m: -0.04988575
- IEF_r12m: 0.08751648
- IEF_vol3m: 0.09333577
- IEF_mdd: -0.05842922
- TLT_r1m: -0.01997246
- TLT_r3m: -0.10035785
- TLT_r12m: 0.08286625
- TLT_vol3m: 0.17782146
- TLT_mdd: -0.12501712
- TIP_r1m: -0.01120953
- TIP_r3m: -0.01494453
- TIP_r12m: 0.05413149
- TIP_vol3m: 0.07652256
- TIP_mdd: -0.03978627
- LQD_r1m: 0.00073876
- LQD_r3m: -0.01915948
- LQD_r12m: 0.09163371
- LQD_vol3m: 0.07469758
- LQD_mdd: -0.02992795
- HYG_r1m: 0.01872326
- HYG_r3m: 0.03651701
- HYG_r12m: 0.11127091
- HYG_vol3m: 0.07228620
- HYG_mdd: -0.00373989
- GLD_r1m: 0.02071008
- GLD_r3m: 0.07426431
- GLD_r12m: 0.25683057
- GLD_vol3m: 0.17888808
- GLD_mdd: -0.00797930
- SLV_r1m: 0.07339775
- SLV_r3m: 0.39377030
- SLV_r12m: 0.73998841
- SLV_vol3m: 0.36753455
- SLV_mdd: -0.00662693
- DBC_r1m: 0.06300427
- DBC_r3m: 0.14908623
- DBC_r12m: 0.09627583
- DBC_vol3m: 0.20763638
- DBC_mdd: 0.00000000
- VNQ_r1m: 0.04275289
- VNQ_r3m: 0.07947241
- VNQ_r12m: 0.31336941
- VNQ_vol3m: 0.17689111
- VNQ_mdd: -0.00475259
- UUP_r1m: -0.01468031
- UUP_r3m: 0.00307699
- UUP_r12m: -0.00436290
- UUP_vol3m: 0.10102783
- UUP_mdd: -0.11653113
- BIL_r1m: 0.00021865
- BIL_r3m: -0.00000000
- BIL_r12m: 0.00021865
- BIL_vol3m: 0.00256914
- BIL_mdd: -0.00021783
- cross_vol: 0.13265909

Assets: SPY, QQQ, IWM, DIA, EFA, EEM, VEA, VWO, AGG, BND, SHY, IEF, TLT, TIP, LQD, HYG, GLD, SLV, DBC, VNQ, UUP, BIL","{
  ""weights"": {
    ""SPY"": 0.23,
    ""QQQ"": 0.17,
    ""IWM"": 0.15,
    ""DIA"": 0.12,
    ""EFA"": 0.08,
    ""EEM"": 0.07,
    ""VEA"": 0.06,
    ""VWO"": 0.05,
    ""AGG"": 0.04,
    ""BND"": 0.03,
    ""SHY"": 0.02,
    ""IEF"": 0.01,
    ""TLT"": 0.01,
    ""TIP"": 0.01,
    ""LQD"": 0.01,
    ""HYG"": 0.01,
    ""GLD"": 0.01,
    ""SLV"": 0.01,
    ""DBC"": 0.01,
    ""VNQ"": 0.01,
    ""UUP"": 0.01,
    ""BIL"": 0.00
  }
}",1,0,0,9.848823915992398,395,1,0,0,0,229,9.608433,1773,stop,[],0,0,0,0,IWM,SPY,SPY,0,0,0.6666666666666666,0.6977817900250027,0.1989593835451683,1.9775847626135495e-16,4.615798956820322e-17,0.9350649350649349,0,"{""SPY"":0.2053571429,""QQQ"":0.1517857143,""IWM"":0.1339285714,""DIA"":0.1071428571,""EFA"":0.0714285714,""EEM"":0.0625,""VEA"":0.0535714286,""VWO"":0.0446428571,""AGG"":0.0357142857,""BND"":0.0267857143,""SHY"":0.0178571429,""IEF"":0.0089285714,""TLT"":0.0089285714,""TIP"":0.0089285714,""LQD"":0.0089285714,""HYG"":0.0089285714,""GLD"":0.0089285714,""SLV"":0.0089285714,""DBC"":0.0089285714,""VNQ"":0.0089285714,""UUP"":0.0089285714,""BIL"":0.0}","{""SPY"":0.2053571429,""QQQ"":0.1517857143,""IWM"":0.1339285714,""DIA"":0.1071428571,""EFA"":0.0714285714,""EEM"":0.0625,""VEA"":0.0535714286,""VWO"":0.0446428571,""AGG"":0.0357142857,""BND"":0.0267857143,""SHY"":0.0178571429,""IEF"":0.0089285714,""TLT"":0.0089285714,""TIP"":0.0089285714,""LQD"":0.0089285714,""HYG"":0.0089285714,""GLD"":0.0089285714,""SLV"":0.0089285714,""DBC"":0.0089285714,""VNQ"":0.0089285714,""UUP"":0.0089285714,""BIL"":1.040834086e-17}","{""SPY"":0.1107606064,""QQQ"":0.0716923552,""IWM"":0.1232298459,""DIA"":0.0799517396,""EFA"":0.0704512168,""EEM"":0.0491496865,""VEA"":0.0643520163,""VWO"":0.0599481742,""AGG"":3.252606517e-18,""BND"":3.252606517e-18,""SHY"":3.252606517e-18,""IEF"":3.252606517e-18,""TLT"":3.252606517e-18,""TIP"":3.252606517e-18,""LQD"":0.0030165117,""HYG"":0.079001317,""GLD"":0.0353108945,""SLV"":0.0609106025,""DBC"":0.0925496609,""VNQ"":0.0737170167,""UUP"":3.252606517e-18,""BIL"":0.0259583557}",0,0.9999999999999999,0.20535714285714288,0.0,1.1102230246251565e-16,0,0,1.0,0.20535714285714288,1.0408340855859773e-17,1,1,1,1,43,db920c9022ec0c54d9fcaea9
repeatability_504part,repeatability,repeat_02,llama3.1:8b,P5,,,real_ticker,,2011-01-03,42,10.0,0.6,0.25,26eb119258c2f187,"You are a RISK-ADJUSTED RETURN policy profile. Use only the provided feature values. Prefer eligible assets that combine stronger recent returns with lower recent volatility and smaller drawdowns. Assign larger weights to assets that appear to have stronger positive risk-adjusted profiles, smaller weights to middle-ranked assets, and little weight to weak or unstable candidates. Do not default to equal weights unless the provided features show no meaningful distinction across assets. Include every eligible ticker exactly once. Return strictly valid JSON only with a `weights` object whose values are decimals, not percentages.
Hard constraints for the execution layer: long-only weights, weights sum to one, maximum single-asset weight 0.60, and turnover cap 0.25. You propose weights; deterministic projection will enforce final feasibility.

Current Features:
- SPY_r1m: 0.04208726
- SPY_r3m: 0.12279774
- SPY_r12m: 0.14307032
- SPY_vol3m: 0.11589737
- SPY_mdd: 0.00000000
- QQQ_r1m: 0.03144718
- QQQ_r3m: 0.14314511
- QQQ_r12m: 0.20257820
- QQQ_vol3m: 0.13378801
- QQQ_mdd: 0.00000000
- IWM_r1m: 0.06429413
- IWM_r3m: 0.19450935
- IWM_r12m: 0.26016575
- IWM_vol3m: 0.15913427
- IWM_mdd: 0.00000000
- DIA_r1m: 0.02801755
- DIA_r3m: 0.09140608
- DIA_r12m: 0.13053403
- DIA_vol3m: 0.10688346
- DIA_mdd: 0.00000000
- EFA_r1m: 0.04207665
- EFA_r3m: 0.08382051
- EFA_r12m: 0.06273712
- EFA_vol3m: 0.18216333
- EFA_mdd: -0.00349007
- EEM_r1m: 0.03263422
- EEM_r3m: 0.07093912
- EEM_r12m: 0.14315163
- EEM_vol3m: 0.20251667
- EEM_mdd: -0.00158781
- VEA_r1m: 0.03960195
- VEA_r3m: 0.08396211
- VEA_r12m: 0.06362364
- VEA_vol3m: 0.18769934
- VEA_mdd: -0.00340270
- VWO_r1m: 0.03810061
- VWO_r3m: 0.07230650
- VWO_r12m: 0.16663950
- VWO_vol3m: 0.19384931
- VWO_mdd: 0.00000000
- AGG_r1m: -0.00070437
- AGG_r3m: -0.01516585
- AGG_r12m: 0.06118092
- AGG_vol3m: 0.04649801
- AGG_mdd: -0.02199994
- BND_r1m: -0.00449266
- BND_r3m: -0.01674832
- BND_r12m: 0.05945003
- BND_vol3m: 0.04800051
- BND_mdd: -0.02395071
- SHY_r1m: -0.00037963
- SHY_r3m: -0.00203093
- SHY_r12m: 0.02119853
- SHY_vol3m: 0.01285912
- SHY_mdd: -0.00435697
- IEF_r1m: -0.02202476
- IEF_r3m: -0.04988575
- IEF_r12m: 0.08751648
- IEF_vol3m: 0.09333577
- IEF_mdd: -0.05842922
- TLT_r1m: -0.01997246
- TLT_r3m: -0.10035785
- TLT_r12m: 0.08286625
- TLT_vol3m: 0.17782146
- TLT_mdd: -0.12501712
- TIP_r1m: -0.01120953
- TIP_r3m: -0.01494453
- TIP_r12m: 0.05413149
- TIP_vol3m: 0.07652256
- TIP_mdd: -0.03978627
- LQD_r1m: 0.00073876
- LQD_r3m: -0.01915948
- LQD_r12m: 0.09163371
- LQD_vol3m: 0.07469758
- LQD_mdd: -0.02992795
- HYG_r1m: 0.01872326
- HYG_r3m: 0.03651701
- HYG_r12m: 0.11127091
- HYG_vol3m: 0.07228620
- HYG_mdd: -0.00373989
- GLD_r1m: 0.02071008
- GLD_r3m: 0.07426431
- GLD_r12m: 0.25683057
- GLD_vol3m: 0.17888808
- GLD_mdd: -0.00797930
- SLV_r1m: 0.07339775
- SLV_r3m: 0.39377030
- SLV_r12m: 0.73998841
- SLV_vol3m: 0.36753455
- SLV_mdd: -0.00662693
- DBC_r1m: 0.06300427
- DBC_r3m: 0.14908623
- DBC_r12m: 0.09627583
- DBC_vol3m: 0.20763638
- DBC_mdd: 0.00000000
- VNQ_r1m: 0.04275289
- VNQ_r3m: 0.07947241
- VNQ_r12m: 0.31336941
- VNQ_vol3m: 0.17689111
- VNQ_mdd: -0.00475259
- UUP_r1m: -0.01468031
- UUP_r3m: 0.00307699
- UUP_r12m: -0.00436290
- UUP_vol3m: 0.10102783
- UUP_mdd: -0.11653113
- BIL_r1m: 0.00021865
- BIL_r3m: -0.00000000
- BIL_r12m: 0.00021865
- BIL_vol3m: 0.00256914
- BIL_mdd: -0.00021783
- cross_vol: 0.13265909

Assets: SPY, QQQ, IWM, DIA, EFA, EEM, VEA, VWO, AGG, BND, SHY, IEF, TLT, TIP, LQD, HYG, GLD, SLV, DBC, VNQ, UUP, BIL","{
  ""weights"": {
    ""SPY"": 0.23,
    ""QQQ"": 0.17,
    ""IWM"": 0.15,
    ""DIA"": 0.12,
    ""EFA"": 0.08,
    ""EEM"": 0.07,
    ""VEA"": 0.06,
    ""VWO"": 0.05,
    ""AGG"": 0.04,
    ""BND"": 0.03,
    ""SHY"": 0.02,
    ""IEF"": 0.01,
    ""TLT"": 0.01,
    ""TIP"": 0.01,
    ""LQD"": 0.01,
    ""HYG"": 0.01,
    ""GLD"": 0.01,
    ""SLV"": 0.01,
    ""DBC"": 0.01,
    ""VNQ"": 0.01,
    ""UUP"": 0.01,
    ""BIL"": 0.00
  }
}",1,0,0,9.86486375000095,395,1,0,0,0,229,9.626087,1773,stop,[],0,0,0,0,IWM,SPY,SPY,0,0,0.6666666666666666,0.6977817900250027,0.1989593835451683,1.9775847626135495e-16,4.615798956820322e-17,0.9350649350649349,0,"{""SPY"":0.2053571429,""QQQ"":0.1517857143,""IWM"":0.1339285714,""DIA"":0.1071428571,""EFA"":0.0714285714,""EEM"":0.0625,""VEA"":0.0535714286,""VWO"":0.0446428571,""AGG"":0.0357142857,""BND"":0.0267857143,""SHY"":0.0178571429,""IEF"":0.0089285714,""TLT"":0.0089285714,""TIP"":0.0089285714,""LQD"":0.0089285714,""HYG"":0.0089285714,""GLD"":0.0089285714,""SLV"":0.0089285714,""DBC"":0.0089285714,""VNQ"":0.0089285714,""UUP"":0.0089285714,""BIL"":0.0}","{""SPY"":0.2053571429,""QQQ"":0.1517857143,""IWM"":0.1339285714,""DIA"":0.1071428571,""EFA"":0.0714285714,""EEM"":0.0625,""VEA"":0.0535714286,""VWO"":0.0446428571,""AGG"":0.0357142857,""BND"":0.0267857143,""SHY"":0.0178571429,""IEF"":0.0089285714,""TLT"":0.0089285714,""TIP"":0.0089285714,""LQD"":0.0089285714,""HYG"":0.0089285714,""GLD"":0.0089285714,""SLV"":0.0089285714,""DBC"":0.0089285714,""VNQ"":0.0089285714,""UUP"":0.0089285714,""BIL"":1.040834086e-17}","{""SPY"":0.1107606064,""QQQ"":0.0716923552,""IWM"":0.1232298459,""DIA"":0.0799517396,""EFA"":0.0704512168,""EEM"":0.0491496865,""VEA"":0.0643520163,""VWO"":0.0599481742,""AGG"":3.252606517e-18,""BND"":3.252606517e-18,""SHY"":3.252606517e-18,""IEF"":3.252606517e-18,""TLT"":3.252606517e-18,""TIP"":3.252606517e-18,""LQD"":0.0030165117,""HYG"":0.079001317,""GLD"":0.0353108945,""SLV"":0.0609106025,""DBC"":0.0925496609,""VNQ"":0.0737170167,""UUP"":3.252606517e-18,""BIL"":0.0259583557}",0,0.9999999999999999,0.20535714285714288,0.0,1.1102230246251565e-16,0,0,1.0,0.20535714285714288,1.0408340855859773e-17,1,1,1,2,44,64803c32d38d74f1e4dac944
repeatability_504part,repeatability,repeat_03,llama3.1:8b,P5,,,real_ticker,,2011-01-03,42,10.0,0.6,0.25,26eb119258c2f187,"You are a RISK-ADJUSTED RETURN policy profile. Use only the provided feature values. Prefer eligible assets that combine stronger recent returns with lower recent volatility and smaller drawdowns. Assign larger weights to assets that appear to have stronger positive risk-adjusted profiles, smaller weights to middle-ranked assets, and little weight to weak or unstable candidates. Do not default to equal weights unless the provided features show no meaningful distinction across assets. Include every eligible ticker exactly once. Return strictly valid JSON only with a `weights` object whose values are decimals, not percentages.
Hard constraints for the execution layer: long-only weights, weights sum to one, maximum single-asset weight 0.60, and turnover cap 0.25. You propose weights; deterministic projection will enforce final feasibility.

Current Features:
- SPY_r1m: 0.04208726
- SPY_r3m: 0.12279774
- SPY_r12m: 0.14307032
- SPY_vol3m: 0.11589737
- SPY_mdd: 0.00000000
- QQQ_r1m: 0.03144718
- QQQ_r3m: 0.14314511
- QQQ_r12m: 0.20257820
- QQQ_vol3m: 0.13378801
- QQQ_mdd: 0.00000000
- IWM_r1m: 0.06429413
- IWM_r3m: 0.19450935
- IWM_r12m: 0.26016575
- IWM_vol3m: 0.15913427
- IWM_mdd: 0.00000000
- DIA_r1m: 0.02801755
- DIA_r3m: 0.09140608
- DIA_r12m: 0.13053403
- DIA_vol3m: 0.10688346
- DIA_mdd: 0.00000000
- EFA_r1m: 0.04207665
- EFA_r3m: 0.08382051
- EFA_r12m: 0.06273712
- EFA_vol3m: 0.18216333
- EFA_mdd: -0.00349007
- EEM_r1m: 0.03263422
- EEM_r3m: 0.07093912
- EEM_r12m: 0.14315163
- EEM_vol3m: 0.20251667
- EEM_mdd: -0.00158781
- VEA_r1m: 0.03960195
- VEA_r3m: 0.08396211
- VEA_r12m: 0.06362364
- VEA_vol3m: 0.18769934
- VEA_mdd: -0.00340270
- VWO_r1m: 0.03810061
- VWO_r3m: 0.07230650
- VWO_r12m: 0.16663950
- VWO_vol3m: 0.19384931
- VWO_mdd: 0.00000000
- AGG_r1m: -0.00070437
- AGG_r3m: -0.01516585
- AGG_r12m: 0.06118092
- AGG_vol3m: 0.04649801
- AGG_mdd: -0.02199994
- BND_r1m: -0.00449266
- BND_r3m: -0.01674832
- BND_r12m: 0.05945003
- BND_vol3m: 0.04800051
- BND_mdd: -0.02395071
- SHY_r1m: -0.00037963
- SHY_r3m: -0.00203093
- SHY_r12m: 0.02119853
- SHY_vol3m: 0.01285912
- SHY_mdd: -0.00435697
- IEF_r1m: -0.02202476
- IEF_r3m: -0.04988575
- IEF_r12m: 0.08751648
- IEF_vol3m: 0.09333577
- IEF_mdd: -0.05842922
- TLT_r1m: -0.01997246
- TLT_r3m: -0.10035785
- TLT_r12m: 0.08286625
- TLT_vol3m: 0.17782146
- TLT_mdd: -0.12501712
- TIP_r1m: -0.01120953
- TIP_r3m: -0.01494453
- TIP_r12m: 0.05413149
- TIP_vol3m: 0.07652256
- TIP_mdd: -0.03978627
- LQD_r1m: 0.00073876
- LQD_r3m: -0.01915948
- LQD_r12m: 0.09163371
- LQD_vol3m: 0.07469758
- LQD_mdd: -0.02992795
- HYG_r1m: 0.01872326
- HYG_r3m: 0.03651701
- HYG_r12m: 0.11127091
- HYG_vol3m: 0.07228620
- HYG_mdd: -0.00373989
- GLD_r1m: 0.02071008
- GLD_r3m: 0.07426431
- GLD_r12m: 0.25683057
- GLD_vol3m: 0.17888808
- GLD_mdd: -0.00797930
- SLV_r1m: 0.07339775
- SLV_r3m: 0.39377030
- SLV_r12m: 0.73998841
- SLV_vol3m: 0.36753455
- SLV_mdd: -0.00662693
- DBC_r1m: 0.06300427
- DBC_r3m: 0.14908623
- DBC_r12m: 0.09627583
- DBC_vol3m: 0.20763638
- DBC_mdd: 0.00000000
- VNQ_r1m: 0.04275289
- VNQ_r3m: 0.07947241
- VNQ_r12m: 0.31336941
- VNQ_vol3m: 0.17689111
- VNQ_mdd: -0.00475259
- UUP_r1m: -0.01468031
- UUP_r3m: 0.00307699
- UUP_r12m: -0.00436290
- UUP_vol3m: 0.10102783
- UUP_mdd: -0.11653113
- BIL_r1m: 0.00021865
- BIL_r3m: -0.00000000
- BIL_r12m: 0.00021865
- BIL_vol3m: 0.00256914
- BIL_mdd: -0.00021783
- cross_vol: 0.13265909

Assets: SPY, QQQ, IWM, DIA, EFA, EEM, VEA, VWO, AGG, BND, SHY, IEF, TLT, TIP, LQD, HYG, GLD, SLV, DBC, VNQ, UUP, BIL","{
  ""weights"": {
    ""SPY"": 0.23,
    ""QQQ"": 0.17,
    ""IWM"": 0.15,
    ""DIA"": 0.12,
    ""EFA"": 0.08,
    ""EEM"": 0.07,
    ""VEA"": 0.06,
    ""VWO"": 0.05,
    ""AGG"": 0.04,
    ""BND"": 0.03,
    ""SHY"": 0.02,
    ""IEF"": 0.01,
    ""TLT"": 0.01,
    ""TIP"": 0.01,
    ""LQD"": 0.01,
    ""HYG"": 0.01,
    ""GLD"": 0.01,
    ""SLV"": 0.01,
    ""DBC"": 0.01,
    ""VNQ"": 0.01,
    ""UUP"": 0.01,
    ""BIL"": 0.00
  }
}",1,0,0,9.866471707995515,395,1,0,0,0,229,9.613365,1773,stop,[],0,0,0,0,IWM,SPY,SPY,0,0,0.6666666666666666,0.6977817900250027,0.1989593835451683,1.9775847626135495e-16,4.615798956820322e-17,0.9350649350649349,0,"{""SPY"":0.2053571429,""QQQ"":0.1517857143,""IWM"":0.1339285714,""DIA"":0.1071428571,""EFA"":0.0714285714,""EEM"":0.0625,""VEA"":0.0535714286,""VWO"":0.0446428571,""AGG"":0.0357142857,""BND"":0.0267857143,""SHY"":0.0178571429,""IEF"":0.0089285714,""TLT"":0.0089285714,""TIP"":0.0089285714,""LQD"":0.0089285714,""HYG"":0.0089285714,""GLD"":0.0089285714,""SLV"":0.0089285714,""DBC"":0.0089285714,""VNQ"":0.0089285714,""UUP"":0.0089285714,""BIL"":0.0}","{""SPY"":0.2053571429,""QQQ"":0.1517857143,""IWM"":0.1339285714,""DIA"":0.1071428571,""EFA"":0.0714285714,""EEM"":0.0625,""VEA"":0.0535714286,""VWO"":0.0446428571,""AGG"":0.0357142857,""BND"":0.0267857143,""SHY"":0.0178571429,""IEF"":0.0089285714,""TLT"":0.0089285714,""TIP"":0.0089285714,""LQD"":0.0089285714,""HYG"":0.0089285714,""GLD"":0.0089285714,""SLV"":0.0089285714,""DBC"":0.0089285714,""VNQ"":0.0089285714,""UUP"":0.0089285714,""BIL"":1.040834086e-17}","{""SPY"":0.1107606064,""QQQ"":0.0716923552,""IWM"":0.1232298459,""DIA"":0.0799517396,""EFA"":0.0704512168,""EEM"":0.0491496865,""VEA"":0.0643520163,""VWO"":0.0599481742,""AGG"":3.252606517e-18,""BND"":3.252606517e-18,""SHY"":3.252606517e-18,""IEF"":3.252606517e-18,""TLT"":3.252606517e-18,""TIP"":3.252606517e-18,""LQD"":0.0030165117,""HYG"":0.079001317,""GLD"":0.0353108945,""SLV"":0.0609106025,""DBC"":0.0925496609,""VNQ"":0.0737170167,""UUP"":3.252606517e-18,""BIL"":0.0259583557}",0,0.9999999999999999,0.20535714285714288,0.0,1.1102230246251565e-16,0,0,1.0,0.20535714285714288,1.0408340855859773e-17,1,1,1,3,45,66b532ecc081f969496cef05
repeatability_504part,repeatability,repeat_00,llama3.1:8b,P6,,,real_ticker,,2011-01-03,42,10.0,0.6,0.25,dea07a9558a2ce2b,"You are a HYBRID DEFENSIVE-MOMENTUM policy profile. Use only the supplied feature values. Prefer assets with above-median `_r12m`, but among those candidates favor lower `_vol3m` and smaller drawdowns. Avoid assets with severe drawdowns unless their twelve-month momentum is unusually strong and their volatility is not high. During high cross-sectional volatility, keep at least 20% of the portfolio in bond-like or cash-like ETFs if such assets are present in the provided asset list. Do not allocate more than 40% to any single risky asset as a language-level preference; the deterministic projection layer will enforce final feasibility. Include every eligible ticker exactly once. Return strictly valid JSON only with a `weights` object whose values are decimals, not percentages.
Hard constraints for the execution layer: long-only weights, weights sum to one, maximum single-asset weight 0.60, and turnover cap 0.25. You propose weights; deterministic projection will enforce final feasibility.

Current Features:
- SPY_r1m: 0.04208726
- SPY_r3m: 0.12279774
- SPY_r12m: 0.14307032
- SPY_vol3m: 0.11589737
- SPY_mdd: 0.00000000
- QQQ_r1m: 0.03144718
- QQQ_r3m: 0.14314511
- QQQ_r12m: 0.20257820
- QQQ_vol3m: 0.13378801
- QQQ_mdd: 0.00000000
- IWM_r1m: 0.06429413
- IWM_r3m: 0.19450935
- IWM_r12m: 0.26016575
- IWM_vol3m: 0.15913427
- IWM_mdd: 0.00000000
- DIA_r1m: 0.02801755
- DIA_r3m: 0.09140608
- DIA_r12m: 0.13053403
- DIA_vol3m: 0.10688346
- DIA_mdd: 0.00000000
- EFA_r1m: 0.04207665
- EFA_r3m: 0.08382051
- EFA_r12m: 0.06273712
- EFA_vol3m: 0.18216333
- EFA_mdd: -0.00349007
- EEM_r1m: 0.03263422
- EEM_r3m: 0.07093912
- EEM_r12m: 0.14315163
- EEM_vol3m: 0.20251667
- EEM_mdd: -0.00158781
- VEA_r1m: 0.03960195
- VEA_r3m: 0.08396211
- VEA_r12m: 0.06362364
- VEA_vol3m: 0.18769934
- VEA_mdd: -0.00340270
- VWO_r1m: 0.03810061
- VWO_r3m: 0.07230650
- VWO_r12m: 0.16663950
- VWO_vol3m: 0.19384931
- VWO_mdd: 0.00000000
- AGG_r1m: -0.00070437
- AGG_r3m: -0.01516585
- AGG_r12m: 0.06118092
- AGG_vol3m: 0.04649801
- AGG_mdd: -0.02199994
- BND_r1m: -0.00449266
- BND_r3m: -0.01674832
- BND_r12m: 0.05945003
- BND_vol3m: 0.04800051
- BND_mdd: -0.02395071
- SHY_r1m: -0.00037963
- SHY_r3m: -0.00203093
- SHY_r12m: 0.02119853
- SHY_vol3m: 0.01285912
- SHY_mdd: -0.00435697
- IEF_r1m: -0.02202476
- IEF_r3m: -0.04988575
- IEF_r12m: 0.08751648
- IEF_vol3m: 0.09333577
- IEF_mdd: -0.05842922
- TLT_r1m: -0.01997246
- TLT_r3m: -0.10035785
- TLT_r12m: 0.08286625
- TLT_vol3m: 0.17782146
- TLT_mdd: -0.12501712
- TIP_r1m: -0.01120953
- TIP_r3m: -0.01494453
- TIP_r12m: 0.05413149
- TIP_vol3m: 0.07652256
- TIP_mdd: -0.03978627
- LQD_r1m: 0.00073876
- LQD_r3m: -0.01915948
- LQD_r12m: 0.09163371
- LQD_vol3m: 0.07469758
- LQD_mdd: -0.02992795
- HYG_r1m: 0.01872326
- HYG_r3m: 0.03651701
- HYG_r12m: 0.11127091
- HYG_vol3m: 0.07228620
- HYG_mdd: -0.00373989
- GLD_r1m: 0.02071008
- GLD_r3m: 0.07426431
- GLD_r12m: 0.25683057
- GLD_vol3m: 0.17888808
- GLD_mdd: -0.00797930
- SLV_r1m: 0.07339775
- SLV_r3m: 0.39377030
- SLV_r12m: 0.73998841
- SLV_vol3m: 0.36753455
- SLV_mdd: -0.00662693
- DBC_r1m: 0.06300427
- DBC_r3m: 0.14908623
- DBC_r12m: 0.09627583
- DBC_vol3m: 0.20763638
- DBC_mdd: 0.00000000
- VNQ_r1m: 0.04275289
- VNQ_r3m: 0.07947241
- VNQ_r12m: 0.31336941
- VNQ_vol3m: 0.17689111
- VNQ_mdd: -0.00475259
- UUP_r1m: -0.01468031
- UUP_r3m: 0.00307699
- UUP_r12m: -0.00436290
- UUP_vol3m: 0.10102783
- UUP_mdd: -0.11653113
- BIL_r1m: 0.00021865
- BIL_r3m: -0.00000000
- BIL_r12m: 0.00021865
- BIL_vol3m: 0.00256914
- BIL_mdd: -0.00021783
- cross_vol: 0.13265909

Assets: SPY, QQQ, IWM, DIA, EFA, EEM, VEA, VWO, AGG, BND, SHY, IEF, TLT, TIP, LQD, HYG, GLD, SLV, DBC, VNQ, UUP, BIL","{
  ""weights"": {
    ""SPY"": 0.234,
    ""QQQ"": 0.163,
    ""IWM"": 0.134,
    ""DIA"": 0.065,
    ""EFA"": 0.046,
    ""EEM"": 0.043,
    ""VEA"": 0.038,
    ""VWO"": 0.036,
    ""AGG"": 0.025,
    ""BND"": 0.024,
    ""SHY"": 0.022,
    ""IEF"": 0.019,
    ""TLT"": 0.017,
    ""TIP"": 0.016,
    ""LQD"": 0.014,
    ""HYG"": 0.013,
    ""GLD"": 0.012,
    ""SLV"": 0.011,
    ""DBC"": 0.010,
    ""VNQ"": 0.009,
    ""UUP"": 0.008,
    ""BIL"": 0.007
  }
}",1,0,0,17.453304416994797,417,1,0,0,0,229,9.612049,1821,stop,[],0,0,0,0,SLV,SPY,SPY,0,0,0.0,0.8650202323835516,0.27744046620649987,1.8735013540549517e-16,4.3610271956070115e-17,0.8746470920383963,0,"{""SPY"":0.2422360248,""QQQ"":0.16873706,""IWM"":0.1387163561,""DIA"":0.0672877847,""EFA"":0.0476190476,""EEM"":0.0445134576,""VEA"":0.0393374741,""VWO"":0.0372670807,""AGG"":0.0258799172,""BND"":0.0248447205,""SHY"":0.0227743271,""IEF"":0.0196687371,""TLT"":0.0175983437,""TIP"":0.016563147,""LQD"":0.0144927536,""HYG"":0.0134575569,""GLD"":0.0124223602,""SLV"":0.0113871636,""DBC"":0.0103519669,""VNQ"":0.0093167702,""UUP"":0.0082815735,""BIL"":0.0072463768}","{""SPY"":0.2422360248,""QQQ"":0.16873706,""IWM"":0.1387163561,""DIA"":0.0672877847,""EFA"":0.0476190476,""EEM"":0.0445134576,""VEA"":0.0393374741,""VWO"":0.0372670807,""AGG"":0.0258799172,""BND"":0.0248447205,""SHY"":0.0227743271,""IEF"":0.0196687371,""TLT"":0.0175983437,""TIP"":0.016563147,""LQD"":0.0144927536,""HYG"":0.0134575569,""GLD"":0.0124223602,""SLV"":0.0113871636,""DBC"":0.0103519669,""VNQ"":0.0093167702,""UUP"":0.0082815735,""BIL"":0.0072463768}","{""SPY"":0.0797408938,""QQQ"":0.0939263322,""IWM"":0.0995540592,""DIA"":0.0822488952,""EFA"":0.005102056,""EEM"":0.0262611164,""VEA"":0.0047969384,""VWO"":0.0351348052,""AGG"":0.0193153191,""BND"":0.0180620833,""SHY"":0.031690235,""IEF"":0.0063934256,""TLT"":0.0006096263,""TIP"":0.0090457931,""LQD"":0.0142439551,""HYG"":0.1040823693,""GLD"":0.065419858,""SLV"":0.1475798493,""DBC"":0.0187184924,""VNQ"":0.1030047399,""UUP"":0.0010591739,""BIL"":0.0340099836}",0,1.0,0.2422360248447205,0.007246376811594203,0.0,0,0,1.0,0.2422360248447205,0.007246376811594213,1,1,1,0,42,b4acbf381b831dbab00aef7b
repeatability_504part,repeatability,repeat_01,llama3.1:8b,P6,,,real_ticker,,2011-01-03,42,10.0,0.6,0.25,dea07a9558a2ce2b,"You are a HYBRID DEFENSIVE-MOMENTUM policy profile. Use only the supplied feature values. Prefer assets with above-median `_r12m`, but among those candidates favor lower `_vol3m` and smaller drawdowns. Avoid assets with severe drawdowns unless their twelve-month momentum is unusually strong and their volatility is not high. During high cross-sectional volatility, keep at least 20% of the portfolio in bond-like or cash-like ETFs if such assets are present in the provided asset list. Do not allocate more than 40% to any single risky asset as a language-level preference; the deterministic projection layer will enforce final feasibility. Include every eligible ticker exactly once. Return strictly valid JSON only with a `weights` object whose values are decimals, not percentages.
Hard constraints for the execution layer: long-only weights, weights sum to one, maximum single-asset weight 0.60, and turnover cap 0.25. You propose weights; deterministic projection will enforce final feasibility.

Current Features:
- SPY_r1m: 0.04208726
- SPY_r3m: 0.12279774
- SPY_r12m: 0.14307032
- SPY_vol3m: 0.11589737
- SPY_mdd: 0.00000000
- QQQ_r1m: 0.03144718
- QQQ_r3m: 0.14314511
- QQQ_r12m: 0.20257820
- QQQ_vol3m: 0.13378801
- QQQ_mdd: 0.00000000
- IWM_r1m: 0.06429413
- IWM_r3m: 0.19450935
- IWM_r12m: 0.26016575
- IWM_vol3m: 0.15913427
- IWM_mdd: 0.00000000
- DIA_r1m: 0.02801755
- DIA_r3m: 0.09140608
- DIA_r12m: 0.13053403
- DIA_vol3m: 0.10688346
- DIA_mdd: 0.00000000
- EFA_r1m: 0.04207665
- EFA_r3m: 0.08382051
- EFA_r12m: 0.06273712
- EFA_vol3m: 0.18216333
- EFA_mdd: -0.00349007
- EEM_r1m: 0.03263422
- EEM_r3m: 0.07093912
- EEM_r12m: 0.14315163
- EEM_vol3m: 0.20251667
- EEM_mdd: -0.00158781
- VEA_r1m: 0.03960195
- VEA_r3m: 0.08396211
- VEA_r12m: 0.06362364
- VEA_vol3m: 0.18769934
- VEA_mdd: -0.00340270
- VWO_r1m: 0.03810061
- VWO_r3m: 0.07230650
- VWO_r12m: 0.16663950
- VWO_vol3m: 0.19384931
- VWO_mdd: 0.00000000
- AGG_r1m: -0.00070437
- AGG_r3m: -0.01516585
- AGG_r12m: 0.06118092
- AGG_vol3m: 0.04649801
- AGG_mdd: -0.02199994
- BND_r1m: -0.00449266
- BND_r3m: -0.01674832
- BND_r12m: 0.05945003
- BND_vol3m: 0.04800051
- BND_mdd: -0.02395071
- SHY_r1m: -0.00037963
- SHY_r3m: -0.00203093
- SHY_r12m: 0.02119853
- SHY_vol3m: 0.01285912
- SHY_mdd: -0.00435697
- IEF_r1m: -0.02202476
- IEF_r3m: -0.04988575
- IEF_r12m: 0.08751648
- IEF_vol3m: 0.09333577
- IEF_mdd: -0.05842922
- TLT_r1m: -0.01997246
- TLT_r3m: -0.10035785
- TLT_r12m: 0.08286625
- TLT_vol3m: 0.17782146
- TLT_mdd: -0.12501712
- TIP_r1m: -0.01120953
- TIP_r3m: -0.01494453
- TIP_r12m: 0.05413149
- TIP_vol3m: 0.07652256
- TIP_mdd: -0.03978627
- LQD_r1m: 0.00073876
- LQD_r3m: -0.01915948
- LQD_r12m: 0.09163371
- LQD_vol3m: 0.07469758
- LQD_mdd: -0.02992795
- HYG_r1m: 0.01872326
- HYG_r3m: 0.03651701
- HYG_r12m: 0.11127091
- HYG_vol3m: 0.07228620
- HYG_mdd: -0.00373989
- GLD_r1m: 0.02071008
- GLD_r3m: 0.07426431
- GLD_r12m: 0.25683057
- GLD_vol3m: 0.17888808
- GLD_mdd: -0.00797930
- SLV_r1m: 0.07339775
- SLV_r3m: 0.39377030
- SLV_r12m: 0.73998841
- SLV_vol3m: 0.36753455
- SLV_mdd: -0.00662693
- DBC_r1m: 0.06300427
- DBC_r3m: 0.14908623
- DBC_r12m: 0.09627583
- DBC_vol3m: 0.20763638
- DBC_mdd: 0.00000000
- VNQ_r1m: 0.04275289
- VNQ_r3m: 0.07947241
- VNQ_r12m: 0.31336941
- VNQ_vol3m: 0.17689111
- VNQ_mdd: -0.00475259
- UUP_r1m: -0.01468031
- UUP_r3m: 0.00307699
- UUP_r12m: -0.00436290
- UUP_vol3m: 0.10102783
- UUP_mdd: -0.11653113
- BIL_r1m: 0.00021865
- BIL_r3m: -0.00000000
- BIL_r12m: 0.00021865
- BIL_vol3m: 0.00256914
- BIL_mdd: -0.00021783
- cross_vol: 0.13265909

Assets: SPY, QQQ, IWM, DIA, EFA, EEM, VEA, VWO, AGG, BND, SHY, IEF, TLT, TIP, LQD, HYG, GLD, SLV, DBC, VNQ, UUP, BIL","{
  ""weights"": {
    ""SPY"": 0.234,
    ""QQQ"": 0.163,
    ""IWM"": 0.134,
    ""DIA"": 0.065,
    ""EFA"": 0.046,
    ""EEM"": 0.043,
    ""VEA"": 0.038,
    ""VWO"": 0.036,
    ""AGG"": 0.025,
    ""BND"": 0.024,
    ""SHY"": 0.022,
    ""IEF"": 0.019,
    ""TLT"": 0.017,
    ""TIP"": 0.016,
    ""LQD"": 0.014,
    ""HYG"": 0.013,
    ""GLD"": 0.012,
    ""SLV"": 0.011,
    ""DBC"": 0.010,
    ""VNQ"": 0.009,
    ""UUP"": 0.008,
    ""BIL"": 0.007
  }
}",1,0,0,9.940496249997523,417,1,0,0,0,229,9.692442,1821,stop,[],0,0,0,0,SLV,SPY,SPY,0,0,0.0,0.8650202323835516,0.27744046620649987,1.8735013540549517e-16,4.3610271956070115e-17,0.8746470920383963,0,"{""SPY"":0.2422360248,""QQQ"":0.16873706,""IWM"":0.1387163561,""DIA"":0.0672877847,""EFA"":0.0476190476,""EEM"":0.0445134576,""VEA"":0.0393374741,""VWO"":0.0372670807,""AGG"":0.0258799172,""BND"":0.0248447205,""SHY"":0.0227743271,""IEF"":0.0196687371,""TLT"":0.0175983437,""TIP"":0.016563147,""LQD"":0.0144927536,""HYG"":0.0134575569,""GLD"":0.0124223602,""SLV"":0.0113871636,""DBC"":0.0103519669,""VNQ"":0.0093167702,""UUP"":0.0082815735,""BIL"":0.0072463768}","{""SPY"":0.2422360248,""QQQ"":0.16873706,""IWM"":0.1387163561,""DIA"":0.0672877847,""EFA"":0.0476190476,""EEM"":0.0445134576,""VEA"":0.0393374741,""VWO"":0.0372670807,""AGG"":0.0258799172,""BND"":0.0248447205,""SHY"":0.0227743271,""IEF"":0.0196687371,""TLT"":0.0175983437,""TIP"":0.016563147,""LQD"":0.0144927536,""HYG"":0.0134575569,""GLD"":0.0124223602,""SLV"":0.0113871636,""DBC"":0.0103519669,""VNQ"":0.0093167702,""UUP"":0.0082815735,""BIL"":0.0072463768}","{""SPY"":0.0797408938,""QQQ"":0.0939263322,""IWM"":0.0995540592,""DIA"":0.0822488952,""EFA"":0.005102056,""EEM"":0.0262611164,""VEA"":0.0047969384,""VWO"":0.0351348052,""AGG"":0.0193153191,""BND"":0.0180620833,""SHY"":0.031690235,""IEF"":0.0063934256,""TLT"":0.0006096263,""TIP"":0.0090457931,""LQD"":0.0142439551,""HYG"":0.1040823693,""GLD"":0.065419858,""SLV"":0.1475798493,""DBC"":0.0187184924,""VNQ"":0.1030047399,""UUP"":0.0010591739,""BIL"":0.0340099836}",0,1.0,0.2422360248447205,0.007246376811594203,0.0,0,0,1.0,0.2422360248447205,0.007246376811594213,1,1,1,1,43,b0f85412ef0655ccf8332cde
repeatability_504part,repeatability,repeat_02,llama3.1:8b,P6,,,real_ticker,,2011-01-03,42,10.0,0.6,0.25,dea07a9558a2ce2b,"You are a HYBRID DEFENSIVE-MOMENTUM policy profile. Use only the supplied feature values. Prefer assets with above-median `_r12m`, but among those candidates favor lower `_vol3m` and smaller drawdowns. Avoid assets with severe drawdowns unless their twelve-month momentum is unusually strong and their volatility is not high. During high cross-sectional volatility, keep at least 20% of the portfolio in bond-like or cash-like ETFs if such assets are present in the provided asset list. Do not allocate more than 40% to any single risky asset as a language-level preference; the deterministic projection layer will enforce final feasibility. Include every eligible ticker exactly once. Return strictly valid JSON only with a `weights` object whose values are decimals, not percentages.
Hard constraints for the execution layer: long-only weights, weights sum to one, maximum single-asset weight 0.60, and turnover cap 0.25. You propose weights; deterministic projection will enforce final feasibility.

Current Features:
- SPY_r1m: 0.04208726
- SPY_r3m: 0.12279774
- SPY_r12m: 0.14307032
- SPY_vol3m: 0.11589737
- SPY_mdd: 0.00000000
- QQQ_r1m: 0.03144718
- QQQ_r3m: 0.14314511
- QQQ_r12m: 0.20257820
- QQQ_vol3m: 0.13378801
- QQQ_mdd: 0.00000000
- IWM_r1m: 0.06429413
- IWM_r3m: 0.19450935
- IWM_r12m: 0.26016575
- IWM_vol3m: 0.15913427
- IWM_mdd: 0.00000000
- DIA_r1m: 0.02801755
- DIA_r3m: 0.09140608
- DIA_r12m: 0.13053403
- DIA_vol3m: 0.10688346
- DIA_mdd: 0.00000000
- EFA_r1m: 0.04207665
- EFA_r3m: 0.08382051
- EFA_r12m: 0.06273712
- EFA_vol3m: 0.18216333
- EFA_mdd: -0.00349007
- EEM_r1m: 0.03263422
- EEM_r3m: 0.07093912
- EEM_r12m: 0.14315163
- EEM_vol3m: 0.20251667
- EEM_mdd: -0.00158781
- VEA_r1m: 0.03960195
- VEA_r3m: 0.08396211
- VEA_r12m: 0.06362364
- VEA_vol3m: 0.18769934
- VEA_mdd: -0.00340270
- VWO_r1m: 0.03810061
- VWO_r3m: 0.07230650
- VWO_r12m: 0.16663950
- VWO_vol3m: 0.19384931
- VWO_mdd: 0.00000000
- AGG_r1m: -0.00070437
- AGG_r3m: -0.01516585
- AGG_r12m: 0.06118092
- AGG_vol3m: 0.04649801
- AGG_mdd: -0.02199994
- BND_r1m: -0.00449266
- BND_r3m: -0.01674832
- BND_r12m: 0.05945003
- BND_vol3m: 0.04800051
- BND_mdd: -0.02395071
- SHY_r1m: -0.00037963
- SHY_r3m: -0.00203093
- SHY_r12m: 0.02119853
- SHY_vol3m: 0.01285912
- SHY_mdd: -0.00435697
- IEF_r1m: -0.02202476
- IEF_r3m: -0.04988575
- IEF_r12m: 0.08751648
- IEF_vol3m: 0.09333577
- IEF_mdd: -0.05842922
- TLT_r1m: -0.01997246
- TLT_r3m: -0.10035785
- TLT_r12m: 0.08286625
- TLT_vol3m: 0.17782146
- TLT_mdd: -0.12501712
- TIP_r1m: -0.01120953
- TIP_r3m: -0.01494453
- TIP_r12m: 0.05413149
- TIP_vol3m: 0.07652256
- TIP_mdd: -0.03978627
- LQD_r1m: 0.00073876
- LQD_r3m: -0.01915948
- LQD_r12m: 0.09163371
- LQD_vol3m: 0.07469758
- LQD_mdd: -0.02992795
- HYG_r1m: 0.01872326
- HYG_r3m: 0.03651701
- HYG_r12m: 0.11127091
- HYG_vol3m: 0.07228620
- HYG_mdd: -0.00373989
- GLD_r1m: 0.02071008
- GLD_r3m: 0.07426431
- GLD_r12m: 0.25683057
- GLD_vol3m: 0.17888808
- GLD_mdd: -0.00797930
- SLV_r1m: 0.07339775
- SLV_r3m: 0.39377030
- SLV_r12m: 0.73998841
- SLV_vol3m: 0.36753455
- SLV_mdd: -0.00662693
- DBC_r1m: 0.06300427
- DBC_r3m: 0.14908623
- DBC_r12m: 0.09627583
- DBC_vol3m: 0.20763638
- DBC_mdd: 0.00000000
- VNQ_r1m: 0.04275289
- VNQ_r3m: 0.07947241
- VNQ_r12m: 0.31336941
- VNQ_vol3m: 0.17689111
- VNQ_mdd: -0.00475259
- UUP_r1m: -0.01468031
- UUP_r3m: 0.00307699
- UUP_r12m: -0.00436290
- UUP_vol3m: 0.10102783
- UUP_mdd: -0.11653113
- BIL_r1m: 0.00021865
- BIL_r3m: -0.00000000
- BIL_r12m: 0.00021865
- BIL_vol3m: 0.00256914
- BIL_mdd: -0.00021783
- cross_vol: 0.13265909

Assets: SPY, QQQ, IWM, DIA, EFA, EEM, VEA, VWO, AGG, BND, SHY, IEF, TLT, TIP, LQD, HYG, GLD, SLV, DBC, VNQ, UUP, BIL","{
  ""weights"": {
    ""SPY"": 0.234,
    ""QQQ"": 0.163,
    ""IWM"": 0.134,
    ""DIA"": 0.065,
    ""EFA"": 0.046,
    ""EEM"": 0.043,
    ""VEA"": 0.038,
    ""VWO"": 0.036,
    ""AGG"": 0.025,
    ""BND"": 0.024,
    ""SHY"": 0.022,
    ""IEF"": 0.019,
    ""TLT"": 0.017,
    ""TIP"": 0.016,
    ""LQD"": 0.014,
    ""HYG"": 0.013,
    ""GLD"": 0.012,
    ""SLV"": 0.011,
    ""DBC"": 0.010,
    ""VNQ"": 0.009,
    ""UUP"": 0.008,
    ""BIL"": 0.007
  }
}",1,0,0,10.01411170900974,417,1,0,0,0,229,9.754044,1821,stop,[],0,0,0,0,SLV,SPY,SPY,0,0,0.0,0.8650202323835516,0.27744046620649987,1.8735013540549517e-16,4.3610271956070115e-17,0.8746470920383963,0,"{""SPY"":0.2422360248,""QQQ"":0.16873706,""IWM"":0.1387163561,""DIA"":0.0672877847,""EFA"":0.0476190476,""EEM"":0.0445134576,""VEA"":0.0393374741,""VWO"":0.0372670807,""AGG"":0.0258799172,""BND"":0.0248447205,""SHY"":0.0227743271,""IEF"":0.0196687371,""TLT"":0.0175983437,""TIP"":0.016563147,""LQD"":0.0144927536,""HYG"":0.0134575569,""GLD"":0.0124223602,""SLV"":0.0113871636,""DBC"":0.0103519669,""VNQ"":0.0093167702,""UUP"":0.0082815735,""BIL"":0.0072463768}","{""SPY"":0.2422360248,""QQQ"":0.16873706,""IWM"":0.1387163561,""DIA"":0.0672877847,""EFA"":0.0476190476,""EEM"":0.0445134576,""VEA"":0.0393374741,""VWO"":0.0372670807,""AGG"":0.0258799172,""BND"":0.0248447205,""SHY"":0.0227743271,""IEF"":0.0196687371,""TLT"":0.0175983437,""TIP"":0.016563147,""LQD"":0.0144927536,""HYG"":0.0134575569,""GLD"":0.0124223602,""SLV"":0.0113871636,""DBC"":0.0103519669,""VNQ"":0.0093167702,""UUP"":0.0082815735,""BIL"":0.0072463768}","{""SPY"":0.0797408938,""QQQ"":0.0939263322,""IWM"":0.0995540592,""DIA"":0.0822488952,""EFA"":0.005102056,""EEM"":0.0262611164,""VEA"":0.0047969384,""VWO"":0.0351348052,""AGG"":0.0193153191,""BND"":0.0180620833,""SHY"":0.031690235,""IEF"":0.0063934256,""TLT"":0.0006096263,""TIP"":0.0090457931,""LQD"":0.0142439551,""HYG"":0.1040823693,""GLD"":0.065419858,""SLV"":0.1475798493,""DBC"":0.0187184924,""VNQ"":0.1030047399,""UUP"":0.0010591739,""BIL"":0.0340099836}",0,1.0,0.2422360248447205,0.007246376811594203,0.0,0,0,1.0,0.2422360248447205,0.007246376811594213,1,1,1,2,44,9c4b9887de7df1c25c4c4145
repeatability_504part,repeatability,repeat_03,llama3.1:8b,P6,,,real_ticker,,2011-01-03,42,10.0,0.6,0.25,dea07a9558a2ce2b,"You are a HYBRID DEFENSIVE-MOMENTUM policy profile. Use only the supplied feature values. Prefer assets with above-median `_r12m`, but among those candidates favor lower `_vol3m` and smaller drawdowns. Avoid assets with severe drawdowns unless their twelve-month momentum is unusually strong and their volatility is not high. During high cross-sectional volatility, keep at least 20% of the portfolio in bond-like or cash-like ETFs if such assets are present in the provided asset list. Do not allocate more than 40% to any single risky asset as a language-level preference; the deterministic projection layer will enforce final feasibility. Include every eligible ticker exactly once. Return strictly valid JSON only with a `weights` object whose values are decimals, not percentages.
Hard constraints for the execution layer: long-only weights, weights sum to one, maximum single-asset weight 0.60, and turnover cap 0.25. You propose weights; deterministic projection will enforce final feasibility.

Current Features:
- SPY_r1m: 0.04208726
- SPY_r3m: 0.12279774
- SPY_r12m: 0.14307032
- SPY_vol3m: 0.11589737
- SPY_mdd: 0.00000000
- QQQ_r1m: 0.03144718
- QQQ_r3m: 0.14314511
- QQQ_r12m: 0.20257820
- QQQ_vol3m: 0.13378801
- QQQ_mdd: 0.00000000
- IWM_r1m: 0.06429413
- IWM_r3m: 0.19450935
- IWM_r12m: 0.26016575
- IWM_vol3m: 0.15913427
- IWM_mdd: 0.00000000
- DIA_r1m: 0.02801755
- DIA_r3m: 0.09140608
- DIA_r12m: 0.13053403
- DIA_vol3m: 0.10688346
- DIA_mdd: 0.00000000
- EFA_r1m: 0.04207665
- EFA_r3m: 0.08382051
- EFA_r12m: 0.06273712
- EFA_vol3m: 0.18216333
- EFA_mdd: -0.00349007
- EEM_r1m: 0.03263422
- EEM_r3m: 0.07093912
- EEM_r12m: 0.14315163
- EEM_vol3m: 0.20251667
- EEM_mdd: -0.00158781
- VEA_r1m: 0.03960195
- VEA_r3m: 0.08396211
- VEA_r12m: 0.06362364
- VEA_vol3m: 0.18769934
- VEA_mdd: -0.00340270
- VWO_r1m: 0.03810061
- VWO_r3m: 0.07230650
- VWO_r12m: 0.16663950
- VWO_vol3m: 0.19384931
- VWO_mdd: 0.00000000
- AGG_r1m: -0.00070437
- AGG_r3m: -0.01516585
- AGG_r12m: 0.06118092
- AGG_vol3m: 0.04649801
- AGG_mdd: -0.02199994
- BND_r1m: -0.00449266
- BND_r3m: -0.01674832
- BND_r12m: 0.05945003
- BND_vol3m: 0.04800051
- BND_mdd: -0.02395071
- SHY_r1m: -0.00037963
- SHY_r3m: -0.00203093
- SHY_r12m: 0.02119853
- SHY_vol3m: 0.01285912
- SHY_mdd: -0.00435697
- IEF_r1m: -0.02202476
- IEF_r3m: -0.04988575
- IEF_r12m: 0.08751648
- IEF_vol3m: 0.09333577
- IEF_mdd: -0.05842922
- TLT_r1m: -0.01997246
- TLT_r3m: -0.10035785
- TLT_r12m: 0.08286625
- TLT_vol3m: 0.17782146
- TLT_mdd: -0.12501712
- TIP_r1m: -0.01120953
- TIP_r3m: -0.01494453
- TIP_r12m: 0.05413149
- TIP_vol3m: 0.07652256
- TIP_mdd: -0.03978627
- LQD_r1m: 0.00073876
- LQD_r3m: -0.01915948
- LQD_r12m: 0.09163371
- LQD_vol3m: 0.07469758
- LQD_mdd: -0.02992795
- HYG_r1m: 0.01872326
- HYG_r3m: 0.03651701
- HYG_r12m: 0.11127091
- HYG_vol3m: 0.07228620
- HYG_mdd: -0.00373989
- GLD_r1m: 0.02071008
- GLD_r3m: 0.07426431
- GLD_r12m: 0.25683057
- GLD_vol3m: 0.17888808
- GLD_mdd: -0.00797930
- SLV_r1m: 0.07339775
- SLV_r3m: 0.39377030
- SLV_r12m: 0.73998841
- SLV_vol3m: 0.36753455
- SLV_mdd: -0.00662693
- DBC_r1m: 0.06300427
- DBC_r3m: 0.14908623
- DBC_r12m: 0.09627583
- DBC_vol3m: 0.20763638
- DBC_mdd: 0.00000000
- VNQ_r1m: 0.04275289
- VNQ_r3m: 0.07947241
- VNQ_r12m: 0.31336941
- VNQ_vol3m: 0.17689111
- VNQ_mdd: -0.00475259
- UUP_r1m: -0.01468031
- UUP_r3m: 0.00307699
- UUP_r12m: -0.00436290
- UUP_vol3m: 0.10102783
- UUP_mdd: -0.11653113
- BIL_r1m: 0.00021865
- BIL_r3m: -0.00000000
- BIL_r12m: 0.00021865
- BIL_vol3m: 0.00256914
- BIL_mdd: -0.00021783
- cross_vol: 0.13265909

Assets: SPY, QQQ, IWM, DIA, EFA, EEM, VEA, VWO, AGG, BND, SHY, IEF, TLT, TIP, LQD, HYG, GLD, SLV, DBC, VNQ, UUP, BIL","{
  ""weights"": {
    ""SPY"": 0.234,
    ""QQQ"": 0.163,
    ""IWM"": 0.134,
    ""DIA"": 0.065,
    ""EFA"": 0.046,
    ""EEM"": 0.043,
    ""VEA"": 0.038,
    ""VWO"": 0.036,
    ""AGG"": 0.025,
    ""BND"": 0.024,
    ""SHY"": 0.022,
    ""IEF"": 0.019,
    ""TLT"": 0.017,
    ""TIP"": 0.016,
    ""LQD"": 0.014,
    ""HYG"": 0.013,
    ""GLD"": 0.012,
    ""SLV"": 0.011,
    ""DBC"": 0.010,
    ""VNQ"": 0.009,
    ""UUP"": 0.008,
    ""BIL"": 0.007
  }
}",1,0,0,9.873476458000368,417,1,0,0,0,229,9.632595,1821,stop,[],0,0,0,0,SLV,SPY,SPY,0,0,0.0,0.8650202323835516,0.27744046620649987,1.8735013540549517e-16,4.3610271956070115e-17,0.8746470920383963,0,"{""SPY"":0.2422360248,""QQQ"":0.16873706,""IWM"":0.1387163561,""DIA"":0.0672877847,""EFA"":0.0476190476,""EEM"":0.0445134576,""VEA"":0.0393374741,""VWO"":0.0372670807,""AGG"":0.0258799172,""BND"":0.0248447205,""SHY"":0.0227743271,""IEF"":0.0196687371,""TLT"":0.0175983437,""TIP"":0.016563147,""LQD"":0.0144927536,""HYG"":0.0134575569,""GLD"":0.0124223602,""SLV"":0.0113871636,""DBC"":0.0103519669,""VNQ"":0.0093167702,""UUP"":0.0082815735,""BIL"":0.0072463768}","{""SPY"":0.2422360248,""QQQ"":0.16873706,""IWM"":0.1387163561,""DIA"":0.0672877847,""EFA"":0.0476190476,""EEM"":0.0445134576,""VEA"":0.0393374741,""VWO"":0.0372670807,""AGG"":0.0258799172,""BND"":0.0248447205,""SHY"":0.0227743271,""IEF"":0.0196687371,""TLT"":0.0175983437,""TIP"":0.016563147,""LQD"":0.0144927536,""HYG"":0.0134575569,""GLD"":0.0124223602,""SLV"":0.0113871636,""DBC"":0.0103519669,""VNQ"":0.0093167702,""UUP"":0.0082815735,""BIL"":0.0072463768}","{""SPY"":0.0797408938,""QQQ"":0.0939263322,""IWM"":0.0995540592,""DIA"":0.0822488952,""EFA"":0.005102056,""EEM"":0.0262611164,""VEA"":0.0047969384,""VWO"":0.0351348052,""AGG"":0.0193153191,""BND"":0.0180620833,""SHY"":0.031690235,""IEF"":0.0063934256,""TLT"":0.0006096263,""TIP"":0.0090457931,""LQD"":0.0142439551,""HYG"":0.1040823693,""GLD"":0.065419858,""SLV"":0.1475798493,""DBC"":0.0187184924,""VNQ"":0.1030047399,""UUP"":0.0010591739,""BIL"":0.0340099836}",0,1.0,0.2422360248447205,0.007246376811594203,0.0,0,0,1.0,0.2422360248447205,0.007246376811594213,1,1,1,3,45,344bea6fba4b89802da52b19
repeatability_504part,repeatability,repeat_00,llama3.1:8b,P1,,,real_ticker,,2011-03-04,42,10.0,0.6,0.25,8eb09a9857f4226f,"You are an AGGRESSIVE MOMENTUM policy profile. Use only the provided feature values. Strongly favor the eligible asset with the highest `_r12m` value. Allocate 60.0% of total portfolio weight to that target asset as the language-level policy target. Distribute the remaining weight equally among all other eligible assets. Include every eligible ticker exactly once. Return strictly valid JSON only with a `weights` object whose values are decimals, not percentages.
Hard constraints for the execution layer: long-only weights, weights sum to one, maximum single-asset weight 0.60, and turnover cap 0.25. You propose weights; deterministic projection will enforce final feasibility.

Current Features:
- SPY_r1m: 0.01517362
- SPY_r3m: 0.08654249
- SPY_r12m: 0.18223620
- SPY_vol3m: 0.10207329
- SPY_mdd: -0.01531252
- QQQ_r1m: 0.01773136
- QQQ_r3m: 0.08105181
- QQQ_r12m: 0.25987017
- QQQ_vol3m: 0.12996557
- QQQ_mdd: -0.01545555
- IWM_r1m: 0.03763402
- IWM_r3m: 0.10226650
- IWM_r12m: 0.25340727
- IWM_vol3m: 0.16466202
- IWM_mdd: -0.01091746
- DIA_r1m: 0.01387677
- DIA_r3m: 0.07663437
- DIA_r12m: 0.17986899
- DIA_vol3m: 0.08434247
- DIA_mdd: -0.01723337
- EFA_r1m: 0.00707251
- EFA_r3m: 0.08699084
- EFA_r12m: 0.14382616
- EFA_vol3m: 0.13820400
- EFA_mdd: -0.01114298
- EEM_r1m: 0.00708605
- EEM_r3m: 0.00687216
- EEM_r12m: 0.16253871
- EEM_vol3m: 0.16856106
- EEM_mdd: -0.02938755
- VEA_r1m: 0.00661210
- VEA_r3m: 0.08581901
- VEA_r12m: 0.14380310
- VEA_vol3m: 0.13829285
- VEA_mdd: -0.01117180
- VWO_r1m: 0.00573023
- VWO_r3m: 0.01183871
- VWO_r12m: 0.17423563
- VWO_vol3m: 0.16617888
- VWO_mdd: -0.03048286
- AGG_r1m: 0.00289662
- AGG_r3m: -0.00079924
- AGG_r12m: 0.04358651
- AGG_vol3m: 0.04656496
- AGG_mdd: -0.02209278
- BND_r1m: 0.00289780
- BND_r3m: -0.00255110
- BND_r12m: 0.04461089
- BND_vol3m: 0.04676261
- BND_mdd: -0.02204709
- SHY_r1m: 0.00084695
- SHY_r3m: 0.00032285
- SHY_r12m: 0.01508673
- SHY_vol3m: 0.01421553
- SHY_mdd: -0.00365728
- IEF_r1m: 0.00113151
- IEF_r3m: -0.02496486
- IEF_r12m: 0.06079411
- IEF_vol3m: 0.08944481
- IEF_mdd: -0.06125987
- TLT_r1m: 0.00699561
- TLT_r3m: -0.04081280
- TLT_r12m: 0.04740203
- TLT_vol3m: 0.15195119
- TLT_mdd: -0.14362368
- TIP_r1m: 0.01771971
- TIP_r3m: 0.00709579
- TIP_r12m: 0.07489393
- TIP_vol3m: 0.07092310
- TIP_mdd: -0.02200998
- LQD_r1m: 0.00825904
- LQD_r3m: 0.00219762
- LQD_r12m: 0.07491528
- LQD_vol3m: 0.06449709
- LQD_mdd: -0.02851379
- HYG_r1m: 0.01212987
- HYG_r3m: 0.05048662
- HYG_r12m: 0.13767766
- HYG_vol3m: 0.04517646
- HYG_mdd: -0.00206156
- GLD_r1m: 0.06822545
- GLD_r3m: 0.03069533
- GLD_r12m: 0.25755806
- GLD_vol3m: 0.14785330
- GLD_mdd: -0.00485605
- SLV_r1m: 0.25279877
- SLV_r3m: 0.24203359
- SLV_r12m: 1.03938849
- SLV_vol3m: 0.32828206
- SLV_mdd: 0.00000000
- DBC_r1m: 0.04858715
- DBC_r3m: 0.16903581
- DBC_r12m: 0.27109446
- DBC_vol3m: 0.14295897
- DBC_mdd: 0.00000000
- VNQ_r1m: 0.00889890
- VNQ_r3m: 0.06900642
- VNQ_r12m: 0.29219544
- VNQ_vol3m: 0.15357502
- VNQ_mdd: -0.03407983
- UUP_r1m: -0.01082038
- UUP_r3m: -0.05267690
- UUP_r12m: -0.07151926
- UUP_vol3m: 0.08160896
- UUP_mdd: -0.15060007
- BIL_r1m: 0.00021865
- BIL_r3m: 0.00021865
- BIL_r12m: 0.00043688
- BIL_vol3m: 0.00245348
- BIL_mdd: -0.00021783
- cross_vol: 0.11266126

Assets: SPY, QQQ, IWM, DIA, EFA, EEM, VEA, VWO, AGG, BND, SHY, IEF, TLT, TIP, LQD, HYG, GLD, SLV, DBC, VNQ, UUP, BIL","{
  ""weights"": {
    ""SPY"": 0.36,
    ""QQQ"": 0.24,
    ""IWM"": 0.2,
    ""DIA"": 0.1,
    ""EFA"": 0.05,
    ""EEM"": 0.05,
    ""VEA"": 0.05,
    ""VWO"": 0.05,
    ""AGG"": 0.025,
    ""BND"": 0.025,
    ""SHY"": 0.0125,
    ""IEF"": 0.0125,
    ""TLT"": 0.0125,
    ""TIP"": 0.0125,
    ""LQD"": 0.0125,
    ""HYG"": 0.0125,
    ""GLD"": 0.0125,
    ""SLV"": 0.0125,
    ""DBC"": 0.0125,
    ""VNQ"": 0.0125,
    ""UUP"": 0.0125,
    ""BIL"": 0.00625
  }
}",1,0,0,17.71016225000494,420,1,0,0,0,241,10.108127,1754,stop,[],0,0,0,0,SLV,SPY,SPY,0,0,0.6666666666666666,1.396825396825397,0.6839470341629675,3.668940151690947e-16,8.999269903400626e-17,1.0276679841897236,0,"{""SPY"":0.2782608696,""QQQ"":0.1855072464,""IWM"":0.154589372,""DIA"":0.077294686,""EFA"":0.038647343,""EEM"":0.038647343,""VEA"":0.038647343,""VWO"":0.038647343,""AGG"":0.0193236715,""BND"":0.0193236715,""SHY"":0.0096618357,""IEF"":0.0096618357,""TLT"":0.0096618357,""TIP"":0.0096618357,""LQD"":0.0096618357,""HYG"":0.0096618357,""GLD"":0.0096618357,""SLV"":0.0096618357,""DBC"":0.0096618357,""VNQ"":0.0096618357,""UUP"":0.0096618357,""BIL"":0.0048309179}","{""SPY"":0.2782608696,""QQQ"":0.1855072464,""IWM"":0.154589372,""DIA"":0.077294686,""EFA"":0.038647343,""EEM"":0.038647343,""VEA"":0.038647343,""VWO"":0.038647343,""AGG"":0.0193236715,""BND"":0.0193236715,""SHY"":0.0096618357,""IEF"":0.0096618357,""TLT"":0.0096618357,""TIP"":0.0096618357,""LQD"":0.0096618357,""HYG"":0.0096618357,""GLD"":0.0096618357,""SLV"":0.0096618357,""DBC"":0.0096618357,""VNQ"":0.0096618357,""UUP"":0.0096618357,""BIL"":0.0048309179}","{""SPY"":0.019047619,""QQQ"":0.019047619,""IWM"":0.019047619,""DIA"":0.019047619,""EFA"":0.019047619,""EEM"":0.019047619,""VEA"":0.019047619,""VWO"":0.019047619,""AGG"":0.019047619,""BND"":0.019047619,""SHY"":0.019047619,""IEF"":0.019047619,""TLT"":0.019047619,""TIP"":0.019047619,""LQD"":0.019047619,""HYG"":0.019047619,""GLD"":0.019047619,""SLV"":0.6,""DBC"":0.019047619,""VNQ"":0.019047619,""UUP"":0.019047619,""BIL"":0.019047619}",0,1.0000000000000002,0.2782608695652174,0.004830917874396136,2.220446049250313e-16,0,0,0.9999999999999994,0.2782608695652174,0.004830917874396121,1,1,1,0,42,39135f78a55711be0cd37149
repeatability_504part,repeatability,repeat_01,llama3.1:8b,P1,,,real_ticker,,2011-03-04,42,10.0,0.6,0.25,8eb09a9857f4226f,"You are an AGGRESSIVE MOMENTUM policy profile. Use only the provided feature values. Strongly favor the eligible asset with the highest `_r12m` value. Allocate 60.0% of total portfolio weight to that target asset as the language-level policy target. Distribute the remaining weight equally among all other eligible assets. Include every eligible ticker exactly once. Return strictly valid JSON only with a `weights` object whose values are decimals, not percentages.
Hard constraints for the execution layer: long-only weights, weights sum to one, maximum single-asset weight 0.60, and turnover cap 0.25. You propose weights; deterministic projection will enforce final feasibility.

Current Features:
- SPY_r1m: 0.01517362
- SPY_r3m: 0.08654249
- SPY_r12m: 0.18223620
- SPY_vol3m: 0.10207329
- SPY_mdd: -0.01531252
- QQQ_r1m: 0.01773136
- QQQ_r3m: 0.08105181
- QQQ_r12m: 0.25987017
- QQQ_vol3m: 0.12996557
- QQQ_mdd: -0.01545555
- IWM_r1m: 0.03763402
- IWM_r3m: 0.10226650
- IWM_r12m: 0.25340727
- IWM_vol3m: 0.16466202
- IWM_mdd: -0.01091746
- DIA_r1m: 0.01387677
- DIA_r3m: 0.07663437
- DIA_r12m: 0.17986899
- DIA_vol3m: 0.08434247
- DIA_mdd: -0.01723337
- EFA_r1m: 0.00707251
- EFA_r3m: 0.08699084
- EFA_r12m: 0.14382616
- EFA_vol3m: 0.13820400
- EFA_mdd: -0.01114298
- EEM_r1m: 0.00708605
- EEM_r3m: 0.00687216
- EEM_r12m: 0.16253871
- EEM_vol3m: 0.16856106
- EEM_mdd: -0.02938755
- VEA_r1m: 0.00661210
- VEA_r3m: 0.08581901
- VEA_r12m: 0.14380310
- VEA_vol3m: 0.13829285
- VEA_mdd: -0.01117180
- VWO_r1m: 0.00573023
- VWO_r3m: 0.01183871
- VWO_r12m: 0.17423563
- VWO_vol3m: 0.16617888
- VWO_mdd: -0.03048286
- AGG_r1m: 0.00289662
- AGG_r3m: -0.00079924
- AGG_r12m: 0.04358651
- AGG_vol3m: 0.04656496
- AGG_mdd: -0.02209278
- BND_r1m: 0.00289780
- BND_r3m: -0.00255110
- BND_r12m: 0.04461089
- BND_vol3m: 0.04676261
- BND_mdd: -0.02204709
- SHY_r1m: 0.00084695
- SHY_r3m: 0.00032285
- SHY_r12m: 0.01508673
- SHY_vol3m: 0.01421553
- SHY_mdd: -0.00365728
- IEF_r1m: 0.00113151
- IEF_r3m: -0.02496486
- IEF_r12m: 0.06079411
- IEF_vol3m: 0.08944481
- IEF_mdd: -0.06125987
- TLT_r1m: 0.00699561
- TLT_r3m: -0.04081280
- TLT_r12m: 0.04740203
- TLT_vol3m: 0.15195119
- TLT_mdd: -0.14362368
- TIP_r1m: 0.01771971
- TIP_r3m: 0.00709579
- TIP_r12m: 0.07489393
- TIP_vol3m: 0.07092310
- TIP_mdd: -0.02200998
- LQD_r1m: 0.00825904
- LQD_r3m: 0.00219762
- LQD_r12m: 0.07491528
- LQD_vol3m: 0.06449709
- LQD_mdd: -0.02851379
- HYG_r1m: 0.01212987
- HYG_r3m: 0.05048662
- HYG_r12m: 0.13767766
- HYG_vol3m: 0.04517646
- HYG_mdd: -0.00206156
- GLD_r1m: 0.06822545
- GLD_r3m: 0.03069533
- GLD_r12m: 0.25755806
- GLD_vol3m: 0.14785330
- GLD_mdd: -0.00485605
- SLV_r1m: 0.25279877
- SLV_r3m: 0.24203359
- SLV_r12m: 1.03938849
- SLV_vol3m: 0.32828206
- SLV_mdd: 0.00000000
- DBC_r1m: 0.04858715
- DBC_r3m: 0.16903581
- DBC_r12m: 0.27109446
- DBC_vol3m: 0.14295897
- DBC_mdd: 0.00000000
- VNQ_r1m: 0.00889890
- VNQ_r3m: 0.06900642
- VNQ_r12m: 0.29219544
- VNQ_vol3m: 0.15357502
- VNQ_mdd: -0.03407983
- UUP_r1m: -0.01082038
- UUP_r3m: -0.05267690
- UUP_r12m: -0.07151926
- UUP_vol3m: 0.08160896
- UUP_mdd: -0.15060007
- BIL_r1m: 0.00021865
- BIL_r3m: 0.00021865
- BIL_r12m: 0.00043688
- BIL_vol3m: 0.00245348
- BIL_mdd: -0.00021783
- cross_vol: 0.11266126

Assets: SPY, QQQ, IWM, DIA, EFA, EEM, VEA, VWO, AGG, BND, SHY, IEF, TLT, TIP, LQD, HYG, GLD, SLV, DBC, VNQ, UUP, BIL","{
  ""weights"": {
    ""SPY"": 0.36,
    ""QQQ"": 0.24,
    ""IWM"": 0.2,
    ""DIA"": 0.1,
    ""EFA"": 0.05,
    ""EEM"": 0.05,
    ""VEA"": 0.05,
    ""VWO"": 0.05,
    ""AGG"": 0.025,
    ""BND"": 0.025,
    ""SHY"": 0.0125,
    ""IEF"": 0.0125,
    ""TLT"": 0.0125,
    ""TIP"": 0.0125,
    ""LQD"": 0.0125,
    ""HYG"": 0.0125,
    ""GLD"": 0.0125,
    ""SLV"": 0.0125,
    ""DBC"": 0.0125,
    ""VNQ"": 0.0125,
    ""UUP"": 0.0125,
    ""BIL"": 0.00625
  }
}",1,0,0,10.335573750009644,420,1,0,0,0,241,10.108638,1754,stop,[],0,0,0,0,SLV,SPY,SPY,0,0,0.6666666666666666,1.396825396825397,0.6839470341629675,3.668940151690947e-16,8.999269903400626e-17,1.0276679841897236,0,"{""SPY"":0.2782608696,""QQQ"":0.1855072464,""IWM"":0.154589372,""DIA"":0.077294686,""EFA"":0.038647343,""EEM"":0.038647343,""VEA"":0.038647343,""VWO"":0.038647343,""AGG"":0.0193236715,""BND"":0.0193236715,""SHY"":0.0096618357,""IEF"":0.0096618357,""TLT"":0.0096618357,""TIP"":0.0096618357,""LQD"":0.0096618357,""HYG"":0.0096618357,""GLD"":0.0096618357,""SLV"":0.0096618357,""DBC"":0.0096618357,""VNQ"":0.0096618357,""UUP"":0.0096618357,""BIL"":0.0048309179}","{""SPY"":0.2782608696,""QQQ"":0.1855072464,""IWM"":0.154589372,""DIA"":0.077294686,""EFA"":0.038647343,""EEM"":0.038647343,""VEA"":0.038647343,""VWO"":0.038647343,""AGG"":0.0193236715,""BND"":0.0193236715,""SHY"":0.0096618357,""IEF"":0.0096618357,""TLT"":0.0096618357,""TIP"":0.0096618357,""LQD"":0.0096618357,""HYG"":0.0096618357,""GLD"":0.0096618357,""SLV"":0.0096618357,""DBC"":0.0096618357,""VNQ"":0.0096618357,""UUP"":0.0096618357,""BIL"":0.0048309179}","{""SPY"":0.019047619,""QQQ"":0.019047619,""IWM"":0.019047619,""DIA"":0.019047619,""EFA"":0.019047619,""EEM"":0.019047619,""VEA"":0.019047619,""VWO"":0.019047619,""AGG"":0.019047619,""BND"":0.019047619,""SHY"":0.019047619,""IEF"":0.019047619,""TLT"":0.019047619,""TIP"":0.019047619,""LQD"":0.019047619,""HYG"":0.019047619,""GLD"":0.019047619,""SLV"":0.6,""DBC"":0.019047619,""VNQ"":0.019047619,""UUP"":0.019047619,""BIL"":0.019047619}",0,1.0000000000000002,0.2782608695652174,0.004830917874396136,2.220446049250313e-16,0,0,0.9999999999999994,0.2782608695652174,0.004830917874396121,1,1,1,1,43,a5448c0db3f8f23b955ce289
repeatability_504part,repeatability,repeat_02,llama3.1:8b,P1,,,real_ticker,,2011-03-04,42,10.0,0.6,0.25,8eb09a9857f4226f,"You are an AGGRESSIVE MOMENTUM policy profile. Use only the provided feature values. Strongly favor the eligible asset with the highest `_r12m` value. Allocate 60.0% of total portfolio weight to that target asset as the language-level policy target. Distribute the remaining weight equally among all other eligible assets. Include every eligible ticker exactly once. Return strictly valid JSON only with a `weights` object whose values are decimals, not percentages.
Hard constraints for the execution layer: long-only weights, weights sum to one, maximum single-asset weight 0.60, and turnover cap 0.25. You propose weights; deterministic projection will enforce final feasibility.

Current Features:
- SPY_r1m: 0.01517362
- SPY_r3m: 0.08654249
- SPY_r12m: 0.18223620
- SPY_vol3m: 0.10207329
- SPY_mdd: -0.01531252
- QQQ_r1m: 0.01773136
- QQQ_r3m: 0.08105181
- QQQ_r12m: 0.25987017
- QQQ_vol3m: 0.12996557
- QQQ_mdd: -0.01545555
- IWM_r1m: 0.03763402
- IWM_r3m: 0.10226650
- IWM_r12m: 0.25340727
- IWM_vol3m: 0.16466202
- IWM_mdd: -0.01091746
- DIA_r1m: 0.01387677
- DIA_r3m: 0.07663437
- DIA_r12m: 0.17986899
- DIA_vol3m: 0.08434247
- DIA_mdd: -0.01723337
- EFA_r1m: 0.00707251
- EFA_r3m: 0.08699084
- EFA_r12m: 0.14382616
- EFA_vol3m: 0.13820400
- EFA_mdd: -0.01114298
- EEM_r1m: 0.00708605
- EEM_r3m: 0.00687216
- EEM_r12m: 0.16253871
- EEM_vol3m: 0.16856106
- EEM_mdd: -0.02938755
- VEA_r1m: 0.00661210
- VEA_r3m: 0.08581901
- VEA_r12m: 0.14380310
- VEA_vol3m: 0.13829285
- VEA_mdd: -0.01117180
- VWO_r1m: 0.00573023
- VWO_r3m: 0.01183871
- VWO_r12m: 0.17423563
- VWO_vol3m: 0.16617888
- VWO_mdd: -0.03048286
- AGG_r1m: 0.00289662
- AGG_r3m: -0.00079924
- AGG_r12m: 0.04358651
- AGG_vol3m: 0.04656496
- AGG_mdd: -0.02209278
- BND_r1m: 0.00289780
- BND_r3m: -0.00255110
- BND_r12m: 0.04461089
- BND_vol3m: 0.04676261
- BND_mdd: -0.02204709
- SHY_r1m: 0.00084695
- SHY_r3m: 0.00032285
- SHY_r12m: 0.01508673
- SHY_vol3m: 0.01421553
- SHY_mdd: -0.00365728
- IEF_r1m: 0.00113151
- IEF_r3m: -0.02496486
- IEF_r12m: 0.06079411
- IEF_vol3m: 0.08944481
- IEF_mdd: -0.06125987
- TLT_r1m: 0.00699561
- TLT_r3m: -0.04081280
- TLT_r12m: 0.04740203
- TLT_vol3m: 0.15195119
- TLT_mdd: -0.14362368
- TIP_r1m: 0.01771971
- TIP_r3m: 0.00709579
- TIP_r12m: 0.07489393
- TIP_vol3m: 0.07092310
- TIP_mdd: -0.02200998
- LQD_r1m: 0.00825904
- LQD_r3m: 0.00219762
- LQD_r12m: 0.07491528
- LQD_vol3m: 0.06449709
- LQD_mdd: -0.02851379
- HYG_r1m: 0.01212987
- HYG_r3m: 0.05048662
- HYG_r12m: 0.13767766
- HYG_vol3m: 0.04517646
- HYG_mdd: -0.00206156
- GLD_r1m: 0.06822545
- GLD_r3m: 0.03069533
- GLD_r12m: 0.25755806
- GLD_vol3m: 0.14785330
- GLD_mdd: -0.00485605
- SLV_r1m: 0.25279877
- SLV_r3m: 0.24203359
- SLV_r12m: 1.03938849
- SLV_vol3m: 0.32828206
- SLV_mdd: 0.00000000
- DBC_r1m: 0.04858715
- DBC_r3m: 0.16903581
- DBC_r12m: 0.27109446
- DBC_vol3m: 0.14295897
- DBC_mdd: 0.00000000
- VNQ_r1m: 0.00889890
- VNQ_r3m: 0.06900642
- VNQ_r12m: 0.29219544
- VNQ_vol3m: 0.15357502
- VNQ_mdd: -0.03407983
- UUP_r1m: -0.01082038
- UUP_r3m: -0.05267690
- UUP_r12m: -0.07151926
- UUP_vol3m: 0.08160896
- UUP_mdd: -0.15060007
- BIL_r1m: 0.00021865
- BIL_r3m: 0.00021865
- BIL_r12m: 0.00043688
- BIL_vol3m: 0.00245348
- BIL_mdd: -0.00021783
- cross_vol: 0.11266126

Assets: SPY, QQQ, IWM, DIA, EFA, EEM, VEA, VWO, AGG, BND, SHY, IEF, TLT, TIP, LQD, HYG, GLD, SLV, DBC, VNQ, UUP, BIL","{
  ""weights"": {
    ""SPY"": 0.36,
    ""QQQ"": 0.24,
    ""IWM"": 0.2,
    ""DIA"": 0.1,
    ""EFA"": 0.05,
    ""EEM"": 0.05,
    ""VEA"": 0.05,
    ""VWO"": 0.05,
    ""AGG"": 0.025,
    ""BND"": 0.025,
    ""SHY"": 0.0125,
    ""IEF"": 0.0125,
    ""TLT"": 0.0125,
    ""TIP"": 0.0125,
    ""LQD"": 0.0125,
    ""HYG"": 0.0125,
    ""GLD"": 0.0125,
    ""SLV"": 0.0125,
    ""DBC"": 0.0125,
    ""VNQ"": 0.0125,
    ""UUP"": 0.0125,
    ""BIL"": 0.00625
  }
}",1,0,0,10.328856957989046,420,1,0,0,0,241,10.105691,1754,stop,[],0,0,0,0,SLV,SPY,SPY,0,0,0.6666666666666666,1.396825396825397,0.6839470341629675,3.668940151690947e-16,8.999269903400626e-17,1.0276679841897236,0,"{""SPY"":0.2782608696,""QQQ"":0.1855072464,""IWM"":0.154589372,""DIA"":0.077294686,""EFA"":0.038647343,""EEM"":0.038647343,""VEA"":0.038647343,""VWO"":0.038647343,""AGG"":0.0193236715,""BND"":0.0193236715,""SHY"":0.0096618357,""IEF"":0.0096618357,""TLT"":0.0096618357,""TIP"":0.0096618357,""LQD"":0.0096618357,""HYG"":0.0096618357,""GLD"":0.0096618357,""SLV"":0.0096618357,""DBC"":0.0096618357,""VNQ"":0.0096618357,""UUP"":0.0096618357,""BIL"":0.0048309179}","{""SPY"":0.2782608696,""QQQ"":0.1855072464,""IWM"":0.154589372,""DIA"":0.077294686,""EFA"":0.038647343,""EEM"":0.038647343,""VEA"":0.038647343,""VWO"":0.038647343,""AGG"":0.0193236715,""BND"":0.0193236715,""SHY"":0.0096618357,""IEF"":0.0096618357,""TLT"":0.0096618357,""TIP"":0.0096618357,""LQD"":0.0096618357,""HYG"":0.0096618357,""GLD"":0.0096618357,""SLV"":0.0096618357,""DBC"":0.0096618357,""VNQ"":0.0096618357,""UUP"":0.0096618357,""BIL"":0.0048309179}","{""SPY"":0.019047619,""QQQ"":0.019047619,""IWM"":0.019047619,""DIA"":0.019047619,""EFA"":0.019047619,""EEM"":0.019047619,""VEA"":0.019047619,""VWO"":0.019047619,""AGG"":0.019047619,""BND"":0.019047619,""SHY"":0.019047619,""IEF"":0.019047619,""TLT"":0.019047619,""TIP"":0.019047619,""LQD"":0.019047619,""HYG"":0.019047619,""GLD"":0.019047619,""SLV"":0.6,""DBC"":0.019047619,""VNQ"":0.019047619,""UUP"":0.019047619,""BIL"":0.019047619}",0,1.0000000000000002,0.2782608695652174,0.004830917874396136,2.220446049250313e-16,0,0,0.9999999999999994,0.2782608695652174,0.004830917874396121,1,1,1,2,44,2ba9959b310cb61b691f4217
repeatability_504part,repeatability,repeat_03,llama3.1:8b,P1,,,real_ticker,,2011-03-04,42,10.0,0.6,0.25,8eb09a9857f4226f,"You are an AGGRESSIVE MOMENTUM policy profile. Use only the provided feature values. Strongly favor the eligible asset with the highest `_r12m` value. Allocate 60.0% of total portfolio weight to that target asset as the language-level policy target. Distribute the remaining weight equally among all other eligible assets. Include every eligible ticker exactly once. Return strictly valid JSON only with a `weights` object whose values are decimals, not percentages.
Hard constraints for the execution layer: long-only weights, weights sum to one, maximum single-asset weight 0.60, and turnover cap 0.25. You propose weights; deterministic projection will enforce final feasibility.

Current Features:
- SPY_r1m: 0.01517362
- SPY_r3m: 0.08654249
- SPY_r12m: 0.18223620
- SPY_vol3m: 0.10207329
- SPY_mdd: -0.01531252
- QQQ_r1m: 0.01773136
- QQQ_r3m: 0.08105181
- QQQ_r12m: 0.25987017
- QQQ_vol3m: 0.12996557
- QQQ_mdd: -0.01545555
- IWM_r1m: 0.03763402
- IWM_r3m: 0.10226650
- IWM_r12m: 0.25340727
- IWM_vol3m: 0.16466202
- IWM_mdd: -0.01091746
- DIA_r1m: 0.01387677
- DIA_r3m: 0.07663437
- DIA_r12m: 0.17986899
- DIA_vol3m: 0.08434247
- DIA_mdd: -0.01723337
- EFA_r1m: 0.00707251
- EFA_r3m: 0.08699084
- EFA_r12m: 0.14382616
- EFA_vol3m: 0.13820400
- EFA_mdd: -0.01114298
- EEM_r1m: 0.00708605
- EEM_r3m: 0.00687216
- EEM_r12m: 0.16253871
- EEM_vol3m: 0.16856106
- EEM_mdd: -0.02938755
- VEA_r1m: 0.00661210
- VEA_r3m: 0.08581901
- VEA_r12m: 0.14380310
- VEA_vol3m: 0.13829285
- VEA_mdd: -0.01117180
- VWO_r1m: 0.00573023
- VWO_r3m: 0.01183871
- VWO_r12m: 0.17423563
- VWO_vol3m: 0.16617888
- VWO_mdd: -0.03048286
- AGG_r1m: 0.00289662
- AGG_r3m: -0.00079924
- AGG_r12m: 0.04358651
- AGG_vol3m: 0.04656496
- AGG_mdd: -0.02209278
- BND_r1m: 0.00289780
- BND_r3m: -0.00255110
- BND_r12m: 0.04461089
- BND_vol3m: 0.04676261
- BND_mdd: -0.02204709
- SHY_r1m: 0.00084695
- SHY_r3m: 0.00032285
- SHY_r12m: 0.01508673
- SHY_vol3m: 0.01421553
- SHY_mdd: -0.00365728
- IEF_r1m: 0.00113151
- IEF_r3m: -0.02496486
- IEF_r12m: 0.06079411
- IEF_vol3m: 0.08944481
- IEF_mdd: -0.06125987
- TLT_r1m: 0.00699561
- TLT_r3m: -0.04081280
- TLT_r12m: 0.04740203
- TLT_vol3m: 0.15195119
- TLT_mdd: -0.14362368
- TIP_r1m: 0.01771971
- TIP_r3m: 0.00709579
- TIP_r12m: 0.07489393
- TIP_vol3m: 0.07092310
- TIP_mdd: -0.02200998
- LQD_r1m: 0.00825904
- LQD_r3m: 0.00219762
- LQD_r12m: 0.07491528
- LQD_vol3m: 0.06449709
- LQD_mdd: -0.02851379
- HYG_r1m: 0.01212987
- HYG_r3m: 0.05048662
- HYG_r12m: 0.13767766
- HYG_vol3m: 0.04517646
- HYG_mdd: -0.00206156
- GLD_r1m: 0.06822545
- GLD_r3m: 0.03069533
- GLD_r12m: 0.25755806
- GLD_vol3m: 0.14785330
- GLD_mdd: -0.00485605
- SLV_r1m: 0.25279877
- SLV_r3m: 0.24203359
- SLV_r12m: 1.03938849
- SLV_vol3m: 0.32828206
- SLV_mdd: 0.00000000
- DBC_r1m: 0.04858715
- DBC_r3m: 0.16903581
- DBC_r12m: 0.27109446
- DBC_vol3m: 0.14295897
- DBC_mdd: 0.00000000
- VNQ_r1m: 0.00889890
- VNQ_r3m: 0.06900642
- VNQ_r12m: 0.29219544
- VNQ_vol3m: 0.15357502
- VNQ_mdd: -0.03407983
- UUP_r1m: -0.01082038
- UUP_r3m: -0.05267690
- UUP_r12m: -0.07151926
- UUP_vol3m: 0.08160896
- UUP_mdd: -0.15060007
- BIL_r1m: 0.00021865
- BIL_r3m: 0.00021865
- BIL_r12m: 0.00043688
- BIL_vol3m: 0.00245348
- BIL_mdd: -0.00021783
- cross_vol: 0.11266126

Assets: SPY, QQQ, IWM, DIA, EFA, EEM, VEA, VWO, AGG, BND, SHY, IEF, TLT, TIP, LQD, HYG, GLD, SLV, DBC, VNQ, UUP, BIL","{
  ""weights"": {
    ""SPY"": 0.36,
    ""QQQ"": 0.24,
    ""IWM"": 0.2,
    ""DIA"": 0.1,
    ""EFA"": 0.05,
    ""EEM"": 0.05,
    ""VEA"": 0.05,
    ""VWO"": 0.05,
    ""AGG"": 0.025,
    ""BND"": 0.025,
    ""SHY"": 0.0125,
    ""IEF"": 0.0125,
    ""TLT"": 0.0125,
    ""TIP"": 0.0125,
    ""LQD"": 0.0125,
    ""HYG"": 0.0125,
    ""GLD"": 0.0125,
    ""SLV"": 0.0125,
    ""DBC"": 0.0125,
    ""VNQ"": 0.0125,
    ""UUP"": 0.0125,
    ""BIL"": 0.00625
  }
}",1,0,0,10.345269582991023,420,1,0,0,0,241,10.122718,1754,stop,[],0,0,0,0,SLV,SPY,SPY,0,0,0.6666666666666666,1.396825396825397,0.6839470341629675,3.668940151690947e-16,8.999269903400626e-17,1.0276679841897236,0,"{""SPY"":0.2782608696,""QQQ"":0.1855072464,""IWM"":0.154589372,""DIA"":0.077294686,""EFA"":0.038647343,""EEM"":0.038647343,""VEA"":0.038647343,""VWO"":0.038647343,""AGG"":0.0193236715,""BND"":0.0193236715,""SHY"":0.0096618357,""IEF"":0.0096618357,""TLT"":0.0096618357,""TIP"":0.0096618357,""LQD"":0.0096618357,""HYG"":0.0096618357,""GLD"":0.0096618357,""SLV"":0.0096618357,""DBC"":0.0096618357,""VNQ"":0.0096618357,""UUP"":0.0096618357,""BIL"":0.0048309179}","{""SPY"":0.2782608696,""QQQ"":0.1855072464,""IWM"":0.154589372,""DIA"":0.077294686,""EFA"":0.038647343,""EEM"":0.038647343,""VEA"":0.038647343,""VWO"":0.038647343,""AGG"":0.0193236715,""BND"":0.0193236715,""SHY"":0.0096618357,""IEF"":0.0096618357,""TLT"":0.0096618357,""TIP"":0.0096618357,""LQD"":0.0096618357,""HYG"":0.0096618357,""GLD"":0.0096618357,""SLV"":0.0096618357,""DBC"":0.0096618357,""VNQ"":0.0096618357,""UUP"":0.0096618357,""BIL"":0.0048309179}","{""SPY"":0.019047619,""QQQ"":0.019047619,""IWM"":0.019047619,""DIA"":0.019047619,""EFA"":0.019047619,""EEM"":0.019047619,""VEA"":0.019047619,""VWO"":0.019047619,""AGG"":0.019047619,""BND"":0.019047619,""SHY"":0.019047619,""IEF"":0.019047619,""TLT"":0.019047619,""TIP"":0.019047619,""LQD"":0.019047619,""HYG"":0.019047619,""GLD"":0.019047619,""SLV"":0.6,""DBC"":0.019047619,""VNQ"":0.019047619,""UUP"":0.019047619,""BIL"":0.019047619}",0,1.0000000000000002,0.2782608695652174,0.004830917874396136,2.220446049250313e-16,0,0,0.9999999999999994,0.2782608695652174,0.004830917874396121,1,1,1,3,45,80ab1ea40020f0debc564647
repeatability_504part,repeatability,repeat_00,llama3.1:8b,P2,,,real_ticker,,2011-03-04,42,10.0,0.6,0.25,990693710c0c33a8,"You are a DEFENSIVE LOW-VOLATILITY policy profile. Use only the provided feature values. Strongly favor the eligible asset with the lowest `_vol3m` value. Allocate 60.0% of total portfolio weight to that target asset as the language-level policy target. Distribute the remaining weight equally among all other eligible assets. Include every eligible ticker exactly once. Return strictly valid JSON only with a `weights` object whose values are decimals, not percentages.
Hard constraints for the execution layer: long-only weights, weights sum to one, maximum single-asset weight 0.60, and turnover cap 0.25. You propose weights; deterministic projection will enforce final feasibility.

Current Features:
- SPY_r1m: 0.01517362
- SPY_r3m: 0.08654249
- SPY_r12m: 0.18223620
- SPY_vol3m: 0.10207329
- SPY_mdd: -0.01531252
- QQQ_r1m: 0.01773136
- QQQ_r3m: 0.08105181
- QQQ_r12m: 0.25987017
- QQQ_vol3m: 0.12996557
- QQQ_mdd: -0.01545555
- IWM_r1m: 0.03763402
- IWM_r3m: 0.10226650
- IWM_r12m: 0.25340727
- IWM_vol3m: 0.16466202
- IWM_mdd: -0.01091746
- DIA_r1m: 0.01387677
- DIA_r3m: 0.07663437
- DIA_r12m: 0.17986899
- DIA_vol3m: 0.08434247
- DIA_mdd: -0.01723337
- EFA_r1m: 0.00707251
- EFA_r3m: 0.08699084
- EFA_r12m: 0.14382616
- EFA_vol3m: 0.13820400
- EFA_mdd: -0.01114298
- EEM_r1m: 0.00708605
- EEM_r3m: 0.00687216
- EEM_r12m: 0.16253871
- EEM_vol3m: 0.16856106
- EEM_mdd: -0.02938755
- VEA_r1m: 0.00661210
- VEA_r3m: 0.08581901
- VEA_r12m: 0.14380310
- VEA_vol3m: 0.13829285
- VEA_mdd: -0.01117180
- VWO_r1m: 0.00573023
- VWO_r3m: 0.01183871
- VWO_r12m: 0.17423563
- VWO_vol3m: 0.16617888
- VWO_mdd: -0.03048286
- AGG_r1m: 0.00289662
- AGG_r3m: -0.00079924
- AGG_r12m: 0.04358651
- AGG_vol3m: 0.04656496
- AGG_mdd: -0.02209278
- BND_r1m: 0.00289780
- BND_r3m: -0.00255110
- BND_r12m: 0.04461089
- BND_vol3m: 0.04676261
- BND_mdd: -0.02204709
- SHY_r1m: 0.00084695
- SHY_r3m: 0.00032285
- SHY_r12m: 0.01508673
- SHY_vol3m: 0.01421553
- SHY_mdd: -0.00365728
- IEF_r1m: 0.00113151
- IEF_r3m: -0.02496486
- IEF_r12m: 0.06079411
- IEF_vol3m: 0.08944481
- IEF_mdd: -0.06125987
- TLT_r1m: 0.00699561
- TLT_r3m: -0.04081280
- TLT_r12m: 0.04740203
- TLT_vol3m: 0.15195119
- TLT_mdd: -0.14362368
- TIP_r1m: 0.01771971
- TIP_r3m: 0.00709579
- TIP_r12m: 0.07489393
- TIP_vol3m: 0.07092310
- TIP_mdd: -0.02200998
- LQD_r1m: 0.00825904
- LQD_r3m: 0.00219762
- LQD_r12m: 0.07491528
- LQD_vol3m: 0.06449709
- LQD_mdd: -0.02851379
- HYG_r1m: 0.01212987
- HYG_r3m: 0.05048662
- HYG_r12m: 0.13767766
- HYG_vol3m: 0.04517646
- HYG_mdd: -0.00206156
- GLD_r1m: 0.06822545
- GLD_r3m: 0.03069533
- GLD_r12m: 0.25755806
- GLD_vol3m: 0.14785330
- GLD_mdd: -0.00485605
- SLV_r1m: 0.25279877
- SLV_r3m: 0.24203359
- SLV_r12m: 1.03938849
- SLV_vol3m: 0.32828206
- SLV_mdd: 0.00000000
- DBC_r1m: 0.04858715
- DBC_r3m: 0.16903581
- DBC_r12m: 0.27109446
- DBC_vol3m: 0.14295897
- DBC_mdd: 0.00000000
- VNQ_r1m: 0.00889890
- VNQ_r3m: 0.06900642
- VNQ_r12m: 0.29219544
- VNQ_vol3m: 0.15357502
- VNQ_mdd: -0.03407983
- UUP_r1m: -0.01082038
- UUP_r3m: -0.05267690
- UUP_r12m: -0.07151926
- UUP_vol3m: 0.08160896
- UUP_mdd: -0.15060007
- BIL_r1m: 0.00021865
- BIL_r3m: 0.00021865
- BIL_r12m: 0.00043688
- BIL_vol3m: 0.00245348
- BIL_mdd: -0.00021783
- cross_vol: 0.11266126

Assets: SPY, QQQ, IWM, DIA, EFA, EEM, VEA, VWO, AGG, BND, SHY, IEF, TLT, TIP, LQD, HYG, GLD, SLV, DBC, VNQ, UUP, BIL","{
  ""weights"": {
    ""SPY"": 0.6,
    ""QQQ"": 0.1,
    ""IWM"": 0.1,
    ""DIA"": 0.05,
    ""EFA"": 0.025,
    ""EEM"": 0.025,
    ""VEA"": 0.025,
    ""VWO"": 0.025,
    ""AGG"": 0.0125,
    ""BND"": 0.0125,
    ""SHY"": 0.00625,
    ""IEF"": 0.00625,
    ""TLT"": 0.00625,
    ""TIP"": 0.00625,
    ""LQD"": 0.00625,
    ""HYG"": 0.00625,
    ""GLD"": 0.00625,
    ""SLV"": 0.00625,
    ""DBC"": 0.00625,
    ""VNQ"": 0.00625,
    ""UUP"": 0.00625,
    ""BIL"": 0.00625
  }
}",1,0,0,17.65281483400031,436,1,0,0,0,243,10.153137,1756,stop,[],0,0,0,0,BIL,SPY,SPY,0,0,0.3333333333333333,1.5047619047619043,0.8200747988671285,2.8102520310824275e-16,6.13562644574246e-17,1.2554112554112553,0,"{""SPY"":0.5714285714,""QQQ"":0.0952380952,""IWM"":0.0952380952,""DIA"":0.0476190476,""EFA"":0.0238095238,""EEM"":0.0238095238,""VEA"":0.0238095238,""VWO"":0.0238095238,""AGG"":0.0119047619,""BND"":0.0119047619,""SHY"":0.005952381,""IEF"":0.005952381,""TLT"":0.005952381,""TIP"":0.005952381,""LQD"":0.005952381,""HYG"":0.005952381,""GLD"":0.005952381,""SLV"":0.005952381,""DBC"":0.005952381,""VNQ"":0.005952381,""UUP"":0.005952381,""BIL"":0.005952381}","{""SPY"":0.5714285714,""QQQ"":0.0952380952,""IWM"":0.0952380952,""DIA"":0.0476190476,""EFA"":0.0238095238,""EEM"":0.0238095238,""VEA"":0.0238095238,""VWO"":0.0238095238,""AGG"":0.0119047619,""BND"":0.0119047619,""SHY"":0.005952381,""IEF"":0.005952381,""TLT"":0.005952381,""TIP"":0.005952381,""LQD"":0.005952381,""HYG"":0.005952381,""GLD"":0.005952381,""SLV"":0.005952381,""DBC"":0.005952381,""VNQ"":0.005952381,""UUP"":0.005952381,""BIL"":0.005952381}","{""SPY"":0.019047619,""QQQ"":0.019047619,""IWM"":0.019047619,""DIA"":0.019047619,""EFA"":0.019047619,""EEM"":0.019047619,""VEA"":0.019047619,""VWO"":0.019047619,""AGG"":0.019047619,""BND"":0.019047619,""SHY"":0.019047619,""IEF"":0.019047619,""TLT"":0.019047619,""TIP"":0.019047619,""LQD"":0.019047619,""HYG"":0.019047619,""GLD"":0.019047619,""SLV"":0.019047619,""DBC"":0.019047619,""VNQ"":0.019047619,""UUP"":0.019047619,""BIL"":0.6}",0,0.9999999999999998,0.5714285714285714,0.005952380952380952,2.220446049250313e-16,0,0,1.0,0.5714285714285714,0.005952380952380965,1,1,1,0,42,e0aaff524a6be55919841959
repeatability_504part,repeatability,repeat_01,llama3.1:8b,P2,,,real_ticker,,2011-03-04,42,10.0,0.6,0.25,990693710c0c33a8,"You are a DEFENSIVE LOW-VOLATILITY policy profile. Use only the provided feature values. Strongly favor the eligible asset with the lowest `_vol3m` value. Allocate 60.0% of total portfolio weight to that target asset as the language-level policy target. Distribute the remaining weight equally among all other eligible assets. Include every eligible ticker exactly once. Return strictly valid JSON only with a `weights` object whose values are decimals, not percentages.
Hard constraints for the execution layer: long-only weights, weights sum to one, maximum single-asset weight 0.60, and turnover cap 0.25. You propose weights; deterministic projection will enforce final feasibility.

Current Features:
- SPY_r1m: 0.01517362
- SPY_r3m: 0.08654249
- SPY_r12m: 0.18223620
- SPY_vol3m: 0.10207329
- SPY_mdd: -0.01531252
- QQQ_r1m: 0.01773136
- QQQ_r3m: 0.08105181
- QQQ_r12m: 0.25987017
- QQQ_vol3m: 0.12996557
- QQQ_mdd: -0.01545555
- IWM_r1m: 0.03763402
- IWM_r3m: 0.10226650
- IWM_r12m: 0.25340727
- IWM_vol3m: 0.16466202
- IWM_mdd: -0.01091746
- DIA_r1m: 0.01387677
- DIA_r3m: 0.07663437
- DIA_r12m: 0.17986899
- DIA_vol3m: 0.08434247
- DIA_mdd: -0.01723337
- EFA_r1m: 0.00707251
- EFA_r3m: 0.08699084
- EFA_r12m: 0.14382616
- EFA_vol3m: 0.13820400
- EFA_mdd: -0.01114298
- EEM_r1m: 0.00708605
- EEM_r3m: 0.00687216
- EEM_r12m: 0.16253871
- EEM_vol3m: 0.16856106
- EEM_mdd: -0.02938755
- VEA_r1m: 0.00661210
- VEA_r3m: 0.08581901
- VEA_r12m: 0.14380310
- VEA_vol3m: 0.13829285
- VEA_mdd: -0.01117180
- VWO_r1m: 0.00573023
- VWO_r3m: 0.01183871
- VWO_r12m: 0.17423563
- VWO_vol3m: 0.16617888
- VWO_mdd: -0.03048286
- AGG_r1m: 0.00289662
- AGG_r3m: -0.00079924
- AGG_r12m: 0.04358651
- AGG_vol3m: 0.04656496
- AGG_mdd: -0.02209278
- BND_r1m: 0.00289780
- BND_r3m: -0.00255110
- BND_r12m: 0.04461089
- BND_vol3m: 0.04676261
- BND_mdd: -0.02204709
- SHY_r1m: 0.00084695
- SHY_r3m: 0.00032285
- SHY_r12m: 0.01508673
- SHY_vol3m: 0.01421553
- SHY_mdd: -0.00365728
- IEF_r1m: 0.00113151
- IEF_r3m: -0.02496486
- IEF_r12m: 0.06079411
- IEF_vol3m: 0.08944481
- IEF_mdd: -0.06125987
- TLT_r1m: 0.00699561
- TLT_r3m: -0.04081280
- TLT_r12m: 0.04740203
- TLT_vol3m: 0.15195119
- TLT_mdd: -0.14362368
- TIP_r1m: 0.01771971
- TIP_r3m: 0.00709579
- TIP_r12m: 0.07489393
- TIP_vol3m: 0.07092310
- TIP_mdd: -0.02200998
- LQD_r1m: 0.00825904
- LQD_r3m: 0.00219762
- LQD_r12m: 0.07491528
- LQD_vol3m: 0.06449709
- LQD_mdd: -0.02851379
- HYG_r1m: 0.01212987
- HYG_r3m: 0.05048662
- HYG_r12m: 0.13767766
- HYG_vol3m: 0.04517646
- HYG_mdd: -0.00206156
- GLD_r1m: 0.06822545
- GLD_r3m: 0.03069533
- GLD_r12m: 0.25755806
- GLD_vol3m: 0.14785330
- GLD_mdd: -0.00485605
- SLV_r1m: 0.25279877
- SLV_r3m: 0.24203359
- SLV_r12m: 1.03938849
- SLV_vol3m: 0.32828206
- SLV_mdd: 0.00000000
- DBC_r1m: 0.04858715
- DBC_r3m: 0.16903581
- DBC_r12m: 0.27109446
- DBC_vol3m: 0.14295897
- DBC_mdd: 0.00000000
- VNQ_r1m: 0.00889890
- VNQ_r3m: 0.06900642
- VNQ_r12m: 0.29219544
- VNQ_vol3m: 0.15357502
- VNQ_mdd: -0.03407983
- UUP_r1m: -0.01082038
- UUP_r3m: -0.05267690
- UUP_r12m: -0.07151926
- UUP_vol3m: 0.08160896
- UUP_mdd: -0.15060007
- BIL_r1m: 0.00021865
- BIL_r3m: 0.00021865
- BIL_r12m: 0.00043688
- BIL_vol3m: 0.00245348
- BIL_mdd: -0.00021783
- cross_vol: 0.11266126

Assets: SPY, QQQ, IWM, DIA, EFA, EEM, VEA, VWO, AGG, BND, SHY, IEF, TLT, TIP, LQD, HYG, GLD, SLV, DBC, VNQ, UUP, BIL","{
  ""weights"": {
    ""SPY"": 0.6,
    ""QQQ"": 0.1,
    ""IWM"": 0.1,
    ""DIA"": 0.05,
    ""EFA"": 0.025,
    ""EEM"": 0.025,
    ""VEA"": 0.025,
    ""VWO"": 0.025,
    ""AGG"": 0.0125,
    ""BND"": 0.0125,
    ""SHY"": 0.00625,
    ""IEF"": 0.00625,
    ""TLT"": 0.00625,
    ""TIP"": 0.00625,
    ""LQD"": 0.00625,
    ""HYG"": 0.00625,
    ""GLD"": 0.00625,
    ""SLV"": 0.00625,
    ""DBC"": 0.00625,
    ""VNQ"": 0.00625,
    ""UUP"": 0.00625,
    ""BIL"": 0.00625
  }
}",1,0,0,10.38572504199692,436,1,0,0,0,243,10.15361,1756,stop,[],0,0,0,0,BIL,SPY,SPY,0,0,0.3333333333333333,1.5047619047619043,0.8200747988671285,2.8102520310824275e-16,6.13562644574246e-17,1.2554112554112553,0,"{""SPY"":0.5714285714,""QQQ"":0.0952380952,""IWM"":0.0952380952,""DIA"":0.0476190476,""EFA"":0.0238095238,""EEM"":0.0238095238,""VEA"":0.0238095238,""VWO"":0.0238095238,""AGG"":0.0119047619,""BND"":0.0119047619,""SHY"":0.005952381,""IEF"":0.005952381,""TLT"":0.005952381,""TIP"":0.005952381,""LQD"":0.005952381,""HYG"":0.005952381,""GLD"":0.005952381,""SLV"":0.005952381,""DBC"":0.005952381,""VNQ"":0.005952381,""UUP"":0.005952381,""BIL"":0.005952381}","{""SPY"":0.5714285714,""QQQ"":0.0952380952,""IWM"":0.0952380952,""DIA"":0.0476190476,""EFA"":0.0238095238,""EEM"":0.0238095238,""VEA"":0.0238095238,""VWO"":0.0238095238,""AGG"":0.0119047619,""BND"":0.0119047619,""SHY"":0.005952381,""IEF"":0.005952381,""TLT"":0.005952381,""TIP"":0.005952381,""LQD"":0.005952381,""HYG"":0.005952381,""GLD"":0.005952381,""SLV"":0.005952381,""DBC"":0.005952381,""VNQ"":0.005952381,""UUP"":0.005952381,""BIL"":0.005952381}","{""SPY"":0.019047619,""QQQ"":0.019047619,""IWM"":0.019047619,""DIA"":0.019047619,""EFA"":0.019047619,""EEM"":0.019047619,""VEA"":0.019047619,""VWO"":0.019047619,""AGG"":0.019047619,""BND"":0.019047619,""SHY"":0.019047619,""IEF"":0.019047619,""TLT"":0.019047619,""TIP"":0.019047619,""LQD"":0.019047619,""HYG"":0.019047619,""GLD"":0.019047619,""SLV"":0.019047619,""DBC"":0.019047619,""VNQ"":0.019047619,""UUP"":0.019047619,""BIL"":0.6}",0,0.9999999999999998,0.5714285714285714,0.005952380952380952,2.220446049250313e-16,0,0,1.0,0.5714285714285714,0.005952380952380965,1,1,1,1,43,e29a670d3fd6a32e4edb3c01
repeatability_504part,repeatability,repeat_02,llama3.1:8b,P2,,,real_ticker,,2011-03-04,42,10.0,0.6,0.25,990693710c0c33a8,"You are a DEFENSIVE LOW-VOLATILITY policy profile. Use only the provided feature values. Strongly favor the eligible asset with the lowest `_vol3m` value. Allocate 60.0% of total portfolio weight to that target asset as the language-level policy target. Distribute the remaining weight equally among all other eligible assets. Include every eligible ticker exactly once. Return strictly valid JSON only with a `weights` object whose values are decimals, not percentages.
Hard constraints for the execution layer: long-only weights, weights sum to one, maximum single-asset weight 0.60, and turnover cap 0.25. You propose weights; deterministic projection will enforce final feasibility.

Current Features:
- SPY_r1m: 0.01517362
- SPY_r3m: 0.08654249
- SPY_r12m: 0.18223620
- SPY_vol3m: 0.10207329
- SPY_mdd: -0.01531252
- QQQ_r1m: 0.01773136
- QQQ_r3m: 0.08105181
- QQQ_r12m: 0.25987017
- QQQ_vol3m: 0.12996557
- QQQ_mdd: -0.01545555
- IWM_r1m: 0.03763402
- IWM_r3m: 0.10226650
- IWM_r12m: 0.25340727
- IWM_vol3m: 0.16466202
- IWM_mdd: -0.01091746
- DIA_r1m: 0.01387677
- DIA_r3m: 0.07663437
- DIA_r12m: 0.17986899
- DIA_vol3m: 0.08434247
- DIA_mdd: -0.01723337
- EFA_r1m: 0.00707251
- EFA_r3m: 0.08699084
- EFA_r12m: 0.14382616
- EFA_vol3m: 0.13820400
- EFA_mdd: -0.01114298
- EEM_r1m: 0.00708605
- EEM_r3m: 0.00687216
- EEM_r12m: 0.16253871
- EEM_vol3m: 0.16856106
- EEM_mdd: -0.02938755
- VEA_r1m: 0.00661210
- VEA_r3m: 0.08581901
- VEA_r12m: 0.14380310
- VEA_vol3m: 0.13829285
- VEA_mdd: -0.01117180
- VWO_r1m: 0.00573023
- VWO_r3m: 0.01183871
- VWO_r12m: 0.17423563
- VWO_vol3m: 0.16617888
- VWO_mdd: -0.03048286
- AGG_r1m: 0.00289662
- AGG_r3m: -0.00079924
- AGG_r12m: 0.04358651
- AGG_vol3m: 0.04656496
- AGG_mdd: -0.02209278
- BND_r1m: 0.00289780
- BND_r3m: -0.00255110
- BND_r12m: 0.04461089
- BND_vol3m: 0.04676261
- BND_mdd: -0.02204709
- SHY_r1m: 0.00084695
- SHY_r3m: 0.00032285
- SHY_r12m: 0.01508673
- SHY_vol3m: 0.01421553
- SHY_mdd: -0.00365728
- IEF_r1m: 0.00113151
- IEF_r3m: -0.02496486
- IEF_r12m: 0.06079411
- IEF_vol3m: 0.08944481
- IEF_mdd: -0.06125987
- TLT_r1m: 0.00699561
- TLT_r3m: -0.04081280
- TLT_r12m: 0.04740203
- TLT_vol3m: 0.15195119
- TLT_mdd: -0.14362368
- TIP_r1m: 0.01771971
- TIP_r3m: 0.00709579
- TIP_r12m: 0.07489393
- TIP_vol3m: 0.07092310
- TIP_mdd: -0.02200998
- LQD_r1m: 0.00825904
- LQD_r3m: 0.00219762
- LQD_r12m: 0.07491528
- LQD_vol3m: 0.06449709
- LQD_mdd: -0.02851379
- HYG_r1m: 0.01212987
- HYG_r3m: 0.05048662
- HYG_r12m: 0.13767766
- HYG_vol3m: 0.04517646
- HYG_mdd: -0.00206156
- GLD_r1m: 0.06822545
- GLD_r3m: 0.03069533
- GLD_r12m: 0.25755806
- GLD_vol3m: 0.14785330
- GLD_mdd: -0.00485605
- SLV_r1m: 0.25279877
- SLV_r3m: 0.24203359
- SLV_r12m: 1.03938849
- SLV_vol3m: 0.32828206
- SLV_mdd: 0.00000000
- DBC_r1m: 0.04858715
- DBC_r3m: 0.16903581
- DBC_r12m: 0.27109446
- DBC_vol3m: 0.14295897
- DBC_mdd: 0.00000000
- VNQ_r1m: 0.00889890
- VNQ_r3m: 0.06900642
- VNQ_r12m: 0.29219544
- VNQ_vol3m: 0.15357502
- VNQ_mdd: -0.03407983
- UUP_r1m: -0.01082038
- UUP_r3m: -0.05267690
- UUP_r12m: -0.07151926
- UUP_vol3m: 0.08160896
- UUP_mdd: -0.15060007
- BIL_r1m: 0.00021865
- BIL_r3m: 0.00021865
- BIL_r12m: 0.00043688
- BIL_vol3m: 0.00245348
- BIL_mdd: -0.00021783
- cross_vol: 0.11266126

Assets: SPY, QQQ, IWM, DIA, EFA, EEM, VEA, VWO, AGG, BND, SHY, IEF, TLT, TIP, LQD, HYG, GLD, SLV, DBC, VNQ, UUP, BIL","{
  ""weights"": {
    ""SPY"": 0.6,
    ""QQQ"": 0.1,
    ""IWM"": 0.1,
    ""DIA"": 0.05,
    ""EFA"": 0.025,
    ""EEM"": 0.025,
    ""VEA"": 0.025,
    ""VWO"": 0.025,
    ""AGG"": 0.0125,
    ""BND"": 0.0125,
    ""SHY"": 0.00625,
    ""IEF"": 0.00625,
    ""TLT"": 0.00625,
    ""TIP"": 0.00625,
    ""LQD"": 0.00625,
    ""HYG"": 0.00625,
    ""GLD"": 0.00625,
    ""SLV"": 0.00625,
    ""DBC"": 0.00625,
    ""VNQ"": 0.00625,
    ""UUP"": 0.00625,
    ""BIL"": 0.00625
  }
}",1,0,0,10.361598666990176,436,1,0,0,0,243,10.14726,1756,stop,[],0,0,0,0,BIL,SPY,SPY,0,0,0.3333333333333333,1.5047619047619043,0.8200747988671285,2.8102520310824275e-16,6.13562644574246e-17,1.2554112554112553,0,"{""SPY"":0.5714285714,""QQQ"":0.0952380952,""IWM"":0.0952380952,""DIA"":0.0476190476,""EFA"":0.0238095238,""EEM"":0.0238095238,""VEA"":0.0238095238,""VWO"":0.0238095238,""AGG"":0.0119047619,""BND"":0.0119047619,""SHY"":0.005952381,""IEF"":0.005952381,""TLT"":0.005952381,""TIP"":0.005952381,""LQD"":0.005952381,""HYG"":0.005952381,""GLD"":0.005952381,""SLV"":0.005952381,""DBC"":0.005952381,""VNQ"":0.005952381,""UUP"":0.005952381,""BIL"":0.005952381}","{""SPY"":0.5714285714,""QQQ"":0.0952380952,""IWM"":0.0952380952,""DIA"":0.0476190476,""EFA"":0.0238095238,""EEM"":0.0238095238,""VEA"":0.0238095238,""VWO"":0.0238095238,""AGG"":0.0119047619,""BND"":0.0119047619,""SHY"":0.005952381,""IEF"":0.005952381,""TLT"":0.005952381,""TIP"":0.005952381,""LQD"":0.005952381,""HYG"":0.005952381,""GLD"":0.005952381,""SLV"":0.005952381,""DBC"":0.005952381,""VNQ"":0.005952381,""UUP"":0.005952381,""BIL"":0.005952381}","{""SPY"":0.019047619,""QQQ"":0.019047619,""IWM"":0.019047619,""DIA"":0.019047619,""EFA"":0.019047619,""EEM"":0.019047619,""VEA"":0.019047619,""VWO"":0.019047619,""AGG"":0.019047619,""BND"":0.019047619,""SHY"":0.019047619,""IEF"":0.019047619,""TLT"":0.019047619,""TIP"":0.019047619,""LQD"":0.019047619,""HYG"":0.019047619,""GLD"":0.019047619,""SLV"":0.019047619,""DBC"":0.019047619,""VNQ"":0.019047619,""UUP"":0.019047619,""BIL"":0.6}",0,0.9999999999999998,0.5714285714285714,0.005952380952380952,2.220446049250313e-16,0,0,1.0,0.5714285714285714,0.005952380952380965,1,1,1,2,44,24511cd3e8fc297fabeb321c
repeatability_504part,repeatability,repeat_03,llama3.1:8b,P2,,,real_ticker,,2011-03-04,42,10.0,0.6,0.25,990693710c0c33a8,"You are a DEFENSIVE LOW-VOLATILITY policy profile. Use only the provided feature values. Strongly favor the eligible asset with the lowest `_vol3m` value. Allocate 60.0% of total portfolio weight to that target asset as the language-level policy target. Distribute the remaining weight equally among all other eligible assets. Include every eligible ticker exactly once. Return strictly valid JSON only with a `weights` object whose values are decimals, not percentages.
Hard constraints for the execution layer: long-only weights, weights sum to one, maximum single-asset weight 0.60, and turnover cap 0.25. You propose weights; deterministic projection will enforce final feasibility.

Current Features:
- SPY_r1m: 0.01517362
- SPY_r3m: 0.08654249
- SPY_r12m: 0.18223620
- SPY_vol3m: 0.10207329
- SPY_mdd: -0.01531252
- QQQ_r1m: 0.01773136
- QQQ_r3m: 0.08105181
- QQQ_r12m: 0.25987017
- QQQ_vol3m: 0.12996557
- QQQ_mdd: -0.01545555
- IWM_r1m: 0.03763402
- IWM_r3m: 0.10226650
- IWM_r12m: 0.25340727
- IWM_vol3m: 0.16466202
- IWM_mdd: -0.01091746
- DIA_r1m: 0.01387677
- DIA_r3m: 0.07663437
- DIA_r12m: 0.17986899
- DIA_vol3m: 0.08434247
- DIA_mdd: -0.01723337
- EFA_r1m: 0.00707251
- EFA_r3m: 0.08699084
- EFA_r12m: 0.14382616
- EFA_vol3m: 0.13820400
- EFA_mdd: -0.01114298
- EEM_r1m: 0.00708605
- EEM_r3m: 0.00687216
- EEM_r12m: 0.16253871
- EEM_vol3m: 0.16856106
- EEM_mdd: -0.02938755
- VEA_r1m: 0.00661210
- VEA_r3m: 0.08581901
- VEA_r12m: 0.14380310
- VEA_vol3m: 0.13829285
- VEA_mdd: -0.01117180
- VWO_r1m: 0.00573023
- VWO_r3m: 0.01183871
- VWO_r12m: 0.17423563
- VWO_vol3m: 0.16617888
- VWO_mdd: -0.03048286
- AGG_r1m: 0.00289662
- AGG_r3m: -0.00079924
- AGG_r12m: 0.04358651
- AGG_vol3m: 0.04656496
- AGG_mdd: -0.02209278
- BND_r1m: 0.00289780
- BND_r3m: -0.00255110
- BND_r12m: 0.04461089
- BND_vol3m: 0.04676261
- BND_mdd: -0.02204709
- SHY_r1m: 0.00084695
- SHY_r3m: 0.00032285
- SHY_r12m: 0.01508673
- SHY_vol3m: 0.01421553
- SHY_mdd: -0.00365728
- IEF_r1m: 0.00113151
- IEF_r3m: -0.02496486
- IEF_r12m: 0.06079411
- IEF_vol3m: 0.08944481
- IEF_mdd: -0.06125987
- TLT_r1m: 0.00699561
- TLT_r3m: -0.04081280
- TLT_r12m: 0.04740203
- TLT_vol3m: 0.15195119
- TLT_mdd: -0.14362368
- TIP_r1m: 0.01771971
- TIP_r3m: 0.00709579
- TIP_r12m: 0.07489393
- TIP_vol3m: 0.07092310
- TIP_mdd: -0.02200998
- LQD_r1m: 0.00825904
- LQD_r3m: 0.00219762
- LQD_r12m: 0.07491528
- LQD_vol3m: 0.06449709
- LQD_mdd: -0.02851379
- HYG_r1m: 0.01212987
- HYG_r3m: 0.05048662
- HYG_r12m: 0.13767766
- HYG_vol3m: 0.04517646
- HYG_mdd: -0.00206156
- GLD_r1m: 0.06822545
- GLD_r3m: 0.03069533
- GLD_r12m: 0.25755806
- GLD_vol3m: 0.14785330
- GLD_mdd: -0.00485605
- SLV_r1m: 0.25279877
- SLV_r3m: 0.24203359
- SLV_r12m: 1.03938849
- SLV_vol3m: 0.32828206
- SLV_mdd: 0.00000000
- DBC_r1m: 0.04858715
- DBC_r3m: 0.16903581
- DBC_r12m: 0.27109446
- DBC_vol3m: 0.14295897
- DBC_mdd: 0.00000000
- VNQ_r1m: 0.00889890
- VNQ_r3m: 0.06900642
- VNQ_r12m: 0.29219544
- VNQ_vol3m: 0.15357502
- VNQ_mdd: -0.03407983
- UUP_r1m: -0.01082038
- UUP_r3m: -0.05267690
- UUP_r12m: -0.07151926
- UUP_vol3m: 0.08160896
- UUP_mdd: -0.15060007
- BIL_r1m: 0.00021865
- BIL_r3m: 0.00021865
- BIL_r12m: 0.00043688
- BIL_vol3m: 0.00245348
- BIL_mdd: -0.00021783
- cross_vol: 0.11266126

Assets: SPY, QQQ, IWM, DIA, EFA, EEM, VEA, VWO, AGG, BND, SHY, IEF, TLT, TIP, LQD, HYG, GLD, SLV, DBC, VNQ, UUP, BIL","{
  ""weights"": {
    ""SPY"": 0.6,
    ""QQQ"": 0.1,
    ""IWM"": 0.1,
    ""DIA"": 0.05,
    ""EFA"": 0.025,
    ""EEM"": 0.025,
    ""VEA"": 0.025,
    ""VWO"": 0.025,
    ""AGG"": 0.0125,
    ""BND"": 0.0125,
    ""SHY"": 0.00625,
    ""IEF"": 0.00625,
    ""TLT"": 0.00625,
    ""TIP"": 0.00625,
    ""LQD"": 0.00625,
    ""HYG"": 0.00625,
    ""GLD"": 0.00625,
    ""SLV"": 0.00625,
    ""DBC"": 0.00625,
    ""VNQ"": 0.00625,
    ""UUP"": 0.00625,
    ""BIL"": 0.00625
  }
}",1,0,0,10.367113917003735,436,1,0,0,0,243,10.143355,1756,stop,[],0,0,0,0,BIL,SPY,SPY,0,0,0.3333333333333333,1.5047619047619043,0.8200747988671285,2.8102520310824275e-16,6.13562644574246e-17,1.2554112554112553,0,"{""SPY"":0.5714285714,""QQQ"":0.0952380952,""IWM"":0.0952380952,""DIA"":0.0476190476,""EFA"":0.0238095238,""EEM"":0.0238095238,""VEA"":0.0238095238,""VWO"":0.0238095238,""AGG"":0.0119047619,""BND"":0.0119047619,""SHY"":0.005952381,""IEF"":0.005952381,""TLT"":0.005952381,""TIP"":0.005952381,""LQD"":0.005952381,""HYG"":0.005952381,""GLD"":0.005952381,""SLV"":0.005952381,""DBC"":0.005952381,""VNQ"":0.005952381,""UUP"":0.005952381,""BIL"":0.005952381}","{""SPY"":0.5714285714,""QQQ"":0.0952380952,""IWM"":0.0952380952,""DIA"":0.0476190476,""EFA"":0.0238095238,""EEM"":0.0238095238,""VEA"":0.0238095238,""VWO"":0.0238095238,""AGG"":0.0119047619,""BND"":0.0119047619,""SHY"":0.005952381,""IEF"":0.005952381,""TLT"":0.005952381,""TIP"":0.005952381,""LQD"":0.005952381,""HYG"":0.005952381,""GLD"":0.005952381,""SLV"":0.005952381,""DBC"":0.005952381,""VNQ"":0.005952381,""UUP"":0.005952381,""BIL"":0.005952381}","{""SPY"":0.019047619,""QQQ"":0.019047619,""IWM"":0.019047619,""DIA"":0.019047619,""EFA"":0.019047619,""EEM"":0.019047619,""VEA"":0.019047619,""VWO"":0.019047619,""AGG"":0.019047619,""BND"":0.019047619,""SHY"":0.019047619,""IEF"":0.019047619,""TLT"":0.019047619,""TIP"":0.019047619,""LQD"":0.019047619,""HYG"":0.019047619,""GLD"":0.019047619,""SLV"":0.019047619,""DBC"":0.019047619,""VNQ"":0.019047619,""UUP"":0.019047619,""BIL"":0.6}",0,0.9999999999999998,0.5714285714285714,0.005952380952380952,2.220446049250313e-16,0,0,1.0,0.5714285714285714,0.005952380952380965,1,1,1,3,45,f00827462dbddb67ab890580
repeatability_504part,repeatability,repeat_00,llama3.1:8b,P3,,,real_ticker,,2011-03-04,42,10.0,0.6,0.25,212422c337f252e2,"You are a CONTRARIAN MEAN-REVERSION policy profile. Use only the provided feature values. Strongly favor the eligible asset with the lowest `_r3m` value, reflecting recent underperformance. Allocate 60.0% of total portfolio weight to that target asset as the language-level policy target. Distribute the remaining weight equally among all other eligible assets. Include every eligible ticker exactly once. Return strictly valid JSON only with a `weights` object whose values are decimals, not percentages.
Hard constraints for the execution layer: long-only weights, weights sum to one, maximum single-asset weight 0.60, and turnover cap 0.25. You propose weights; deterministic projection will enforce final feasibility.

Current Features:
- SPY_r1m: 0.01517362
- SPY_r3m: 0.08654249
- SPY_r12m: 0.18223620
- SPY_vol3m: 0.10207329
- SPY_mdd: -0.01531252
- QQQ_r1m: 0.01773136
- QQQ_r3m: 0.08105181
- QQQ_r12m: 0.25987017
- QQQ_vol3m: 0.12996557
- QQQ_mdd: -0.01545555
- IWM_r1m: 0.03763402
- IWM_r3m: 0.10226650
- IWM_r12m: 0.25340727
- IWM_vol3m: 0.16466202
- IWM_mdd: -0.01091746
- DIA_r1m: 0.01387677
- DIA_r3m: 0.07663437
- DIA_r12m: 0.17986899
- DIA_vol3m: 0.08434247
- DIA_mdd: -0.01723337
- EFA_r1m: 0.00707251
- EFA_r3m: 0.08699084
- EFA_r12m: 0.14382616
- EFA_vol3m: 0.13820400
- EFA_mdd: -0.01114298
- EEM_r1m: 0.00708605
- EEM_r3m: 0.00687216
- EEM_r12m: 0.16253871
- EEM_vol3m: 0.16856106
- EEM_mdd: -0.02938755
- VEA_r1m: 0.00661210
- VEA_r3m: 0.08581901
- VEA_r12m: 0.14380310
- VEA_vol3m: 0.13829285
- VEA_mdd: -0.01117180
- VWO_r1m: 0.00573023
- VWO_r3m: 0.01183871
- VWO_r12m: 0.17423563
- VWO_vol3m: 0.16617888
- VWO_mdd: -0.03048286
- AGG_r1m: 0.00289662
- AGG_r3m: -0.00079924
- AGG_r12m: 0.04358651
- AGG_vol3m: 0.04656496
- AGG_mdd: -0.02209278
- BND_r1m: 0.00289780
- BND_r3m: -0.00255110
- BND_r12m: 0.04461089
- BND_vol3m: 0.04676261
- BND_mdd: -0.02204709
- SHY_r1m: 0.00084695
- SHY_r3m: 0.00032285
- SHY_r12m: 0.01508673
- SHY_vol3m: 0.01421553
- SHY_mdd: -0.00365728
- IEF_r1m: 0.00113151
- IEF_r3m: -0.02496486
- IEF_r12m: 0.06079411
- IEF_vol3m: 0.08944481
- IEF_mdd: -0.06125987
- TLT_r1m: 0.00699561
- TLT_r3m: -0.04081280
- TLT_r12m: 0.04740203
- TLT_vol3m: 0.15195119
- TLT_mdd: -0.14362368
- TIP_r1m: 0.01771971
- TIP_r3m: 0.00709579
- TIP_r12m: 0.07489393
- TIP_vol3m: 0.07092310
- TIP_mdd: -0.02200998
- LQD_r1m: 0.00825904
- LQD_r3m: 0.00219762
- LQD_r12m: 0.07491528
- LQD_vol3m: 0.06449709
- LQD_mdd: -0.02851379
- HYG_r1m: 0.01212987
- HYG_r3m: 0.05048662
- HYG_r12m: 0.13767766
- HYG_vol3m: 0.04517646
- HYG_mdd: -0.00206156
- GLD_r1m: 0.06822545
- GLD_r3m: 0.03069533
- GLD_r12m: 0.25755806
- GLD_vol3m: 0.14785330
- GLD_mdd: -0.00485605
- SLV_r1m: 0.25279877
- SLV_r3m: 0.24203359
- SLV_r12m: 1.03938849
- SLV_vol3m: 0.32828206
- SLV_mdd: 0.00000000
- DBC_r1m: 0.04858715
- DBC_r3m: 0.16903581
- DBC_r12m: 0.27109446
- DBC_vol3m: 0.14295897
- DBC_mdd: 0.00000000
- VNQ_r1m: 0.00889890
- VNQ_r3m: 0.06900642
- VNQ_r12m: 0.29219544
- VNQ_vol3m: 0.15357502
- VNQ_mdd: -0.03407983
- UUP_r1m: -0.01082038
- UUP_r3m: -0.05267690
- UUP_r12m: -0.07151926
- UUP_vol3m: 0.08160896
- UUP_mdd: -0.15060007
- BIL_r1m: 0.00021865
- BIL_r3m: 0.00021865
- BIL_r12m: 0.00043688
- BIL_vol3m: 0.00245348
- BIL_mdd: -0.00021783
- cross_vol: 0.11266126

Assets: SPY, QQQ, IWM, DIA, EFA, EEM, VEA, VWO, AGG, BND, SHY, IEF, TLT, TIP, LQD, HYG, GLD, SLV, DBC, VNQ, UUP, BIL","{
  ""weights"": {
    ""SPY"": 0.6,
    ""QQQ"": 0.1,
    ""IWM"": 0.1,
    ""DIA"": 0.05,
    ""EFA"": 0.05,
    ""EEM"": 0.05,
    ""VEA"": 0.05,
    ""VWO"": 0.05,
    ""AGG"": 0.025,
    ""BND"": 0.025,
    ""SHY"": 0.0125,
    ""IEF"": 0.0125,
    ""TLT"": 0.0125,
    ""TIP"": 0.0125,
    ""LQD"": 0.0125,
    ""HYG"": 0.0125,
    ""GLD"": 0.0125,
    ""SLV"": 0.0125,
    ""DBC"": 0.0125,
    ""VNQ"": 0.0125,
    ""UUP"": 0.0125,
    ""BIL"": 0.00625
  }
}",1,0,0,17.698107834003167,419,1,0,0,0,241,10.145286,1761,stop,[],0,0,0,0,UUP,SPY,SPY,0,0,0.6666666666666666,1.3878918401531464,0.7573121790015569,1.1188966420050406e-16,2.5919462405342317e-17,1.0137048880767474,0,"{""SPY"":0.4824120603,""QQQ"":0.0804020101,""IWM"":0.0804020101,""DIA"":0.040201005,""EFA"":0.040201005,""EEM"":0.040201005,""VEA"":0.040201005,""VWO"":0.040201005,""AGG"":0.0201005025,""BND"":0.0201005025,""SHY"":0.0100502513,""IEF"":0.0100502513,""TLT"":0.0100502513,""TIP"":0.0100502513,""LQD"":0.0100502513,""HYG"":0.0100502513,""GLD"":0.0100502513,""SLV"":0.0100502513,""DBC"":0.0100502513,""VNQ"":0.0100502513,""UUP"":0.0100502513,""BIL"":0.0050251256}","{""SPY"":0.4824120603,""QQQ"":0.0804020101,""IWM"":0.0804020101,""DIA"":0.040201005,""EFA"":0.040201005,""EEM"":0.040201005,""VEA"":0.040201005,""VWO"":0.040201005,""AGG"":0.0201005025,""BND"":0.0201005025,""SHY"":0.0100502513,""IEF"":0.0100502513,""TLT"":0.0100502513,""TIP"":0.0100502513,""LQD"":0.0100502513,""HYG"":0.0100502513,""GLD"":0.0100502513,""SLV"":0.0100502513,""DBC"":0.0100502513,""VNQ"":0.0100502513,""UUP"":0.0100502513,""BIL"":0.0050251256}","{""SPY"":0.019047619,""QQQ"":0.019047619,""IWM"":0.019047619,""DIA"":0.019047619,""EFA"":0.019047619,""EEM"":0.019047619,""VEA"":0.019047619,""VWO"":0.019047619,""AGG"":0.019047619,""BND"":0.019047619,""SHY"":0.019047619,""IEF"":0.019047619,""TLT"":0.019047619,""TIP"":0.019047619,""LQD"":0.019047619,""HYG"":0.019047619,""GLD"":0.019047619,""SLV"":0.019047619,""DBC"":0.019047619,""VNQ"":0.019047619,""UUP"":0.6,""BIL"":0.019047619}",0,1.0,0.48241206030150746,0.005025125628140704,0.0,0,0,1.0,0.48241206030150746,0.00502512562814071,1,1,1,0,42,79891a0d2239055a8ac0c8fe
repeatability_504part,repeatability,repeat_01,llama3.1:8b,P3,,,real_ticker,,2011-03-04,42,10.0,0.6,0.25,212422c337f252e2,"You are a CONTRARIAN MEAN-REVERSION policy profile. Use only the provided feature values. Strongly favor the eligible asset with the lowest `_r3m` value, reflecting recent underperformance. Allocate 60.0% of total portfolio weight to that target asset as the language-level policy target. Distribute the remaining weight equally among all other eligible assets. Include every eligible ticker exactly once. Return strictly valid JSON only with a `weights` object whose values are decimals, not percentages.
Hard constraints for the execution layer: long-only weights, weights sum to one, maximum single-asset weight 0.60, and turnover cap 0.25. You propose weights; deterministic projection will enforce final feasibility.

Current Features:
- SPY_r1m: 0.01517362
- SPY_r3m: 0.08654249
- SPY_r12m: 0.18223620
- SPY_vol3m: 0.10207329
- SPY_mdd: -0.01531252
- QQQ_r1m: 0.01773136
- QQQ_r3m: 0.08105181
- QQQ_r12m: 0.25987017
- QQQ_vol3m: 0.12996557
- QQQ_mdd: -0.01545555
- IWM_r1m: 0.03763402
- IWM_r3m: 0.10226650
- IWM_r12m: 0.25340727
- IWM_vol3m: 0.16466202
- IWM_mdd: -0.01091746
- DIA_r1m: 0.01387677
- DIA_r3m: 0.07663437
- DIA_r12m: 0.17986899
- DIA_vol3m: 0.08434247
- DIA_mdd: -0.01723337
- EFA_r1m: 0.00707251
- EFA_r3m: 0.08699084
- EFA_r12m: 0.14382616
- EFA_vol3m: 0.13820400
- EFA_mdd: -0.01114298
- EEM_r1m: 0.00708605
- EEM_r3m: 0.00687216
- EEM_r12m: 0.16253871
- EEM_vol3m: 0.16856106
- EEM_mdd: -0.02938755
- VEA_r1m: 0.00661210
- VEA_r3m: 0.08581901
- VEA_r12m: 0.14380310
- VEA_vol3m: 0.13829285
- VEA_mdd: -0.01117180
- VWO_r1m: 0.00573023
- VWO_r3m: 0.01183871
- VWO_r12m: 0.17423563
- VWO_vol3m: 0.16617888
- VWO_mdd: -0.03048286
- AGG_r1m: 0.00289662
- AGG_r3m: -0.00079924
- AGG_r12m: 0.04358651
- AGG_vol3m: 0.04656496
- AGG_mdd: -0.02209278
- BND_r1m: 0.00289780
- BND_r3m: -0.00255110
- BND_r12m: 0.04461089
- BND_vol3m: 0.04676261
- BND_mdd: -0.02204709
- SHY_r1m: 0.00084695
- SHY_r3m: 0.00032285
- SHY_r12m: 0.01508673
- SHY_vol3m: 0.01421553
- SHY_mdd: -0.00365728
- IEF_r1m: 0.00113151
- IEF_r3m: -0.02496486
- IEF_r12m: 0.06079411
- IEF_vol3m: 0.08944481
- IEF_mdd: -0.06125987
- TLT_r1m: 0.00699561
- TLT_r3m: -0.04081280
- TLT_r12m: 0.04740203
- TLT_vol3m: 0.15195119
- TLT_mdd: -0.14362368
- TIP_r1m: 0.01771971
- TIP_r3m: 0.00709579
- TIP_r12m: 0.07489393
- TIP_vol3m: 0.07092310
- TIP_mdd: -0.02200998
- LQD_r1m: 0.00825904
- LQD_r3m: 0.00219762
- LQD_r12m: 0.07491528
- LQD_vol3m: 0.06449709
- LQD_mdd: -0.02851379
- HYG_r1m: 0.01212987
- HYG_r3m: 0.05048662
- HYG_r12m: 0.13767766
- HYG_vol3m: 0.04517646
- HYG_mdd: -0.00206156
- GLD_r1m: 0.06822545
- GLD_r3m: 0.03069533
- GLD_r12m: 0.25755806
- GLD_vol3m: 0.14785330
- GLD_mdd: -0.00485605
- SLV_r1m: 0.25279877
- SLV_r3m: 0.24203359
- SLV_r12m: 1.03938849
- SLV_vol3m: 0.32828206
- SLV_mdd: 0.00000000
- DBC_r1m: 0.04858715
- DBC_r3m: 0.16903581
- DBC_r12m: 0.27109446
- DBC_vol3m: 0.14295897
- DBC_mdd: 0.00000000
- VNQ_r1m: 0.00889890
- VNQ_r3m: 0.06900642
- VNQ_r12m: 0.29219544
- VNQ_vol3m: 0.15357502
- VNQ_mdd: -0.03407983
- UUP_r1m: -0.01082038
- UUP_r3m: -0.05267690
- UUP_r12m: -0.07151926
- UUP_vol3m: 0.08160896
- UUP_mdd: -0.15060007
- BIL_r1m: 0.00021865
- BIL_r3m: 0.00021865
- BIL_r12m: 0.00043688
- BIL_vol3m: 0.00245348
- BIL_mdd: -0.00021783
- cross_vol: 0.11266126

Assets: SPY, QQQ, IWM, DIA, EFA, EEM, VEA, VWO, AGG, BND, SHY, IEF, TLT, TIP, LQD, HYG, GLD, SLV, DBC, VNQ, UUP, BIL","{
  ""weights"": {
    ""SPY"": 0.6,
    ""QQQ"": 0.1,
    ""IWM"": 0.1,
    ""DIA"": 0.05,
    ""EFA"": 0.05,
    ""EEM"": 0.05,
    ""VEA"": 0.05,
    ""VWO"": 0.05,
    ""AGG"": 0.025,
    ""BND"": 0.025,
    ""SHY"": 0.0125,
    ""IEF"": 0.0125,
    ""TLT"": 0.0125,
    ""TIP"": 0.0125,
    ""LQD"": 0.0125,
    ""HYG"": 0.0125,
    ""GLD"": 0.0125,
    ""SLV"": 0.0125,
    ""DBC"": 0.0125,
    ""VNQ"": 0.0125,
    ""UUP"": 0.0125,
    ""BIL"": 0.00625
  }
}",1,0,0,10.358396584008005,419,1,0,0,0,241,10.126528,1761,stop,[],0,0,0,0,UUP,SPY,SPY,0,0,0.6666666666666666,1.3878918401531464,0.7573121790015569,1.1188966420050406e-16,2.5919462405342317e-17,1.0137048880767474,0,"{""SPY"":0.4824120603,""QQQ"":0.0804020101,""IWM"":0.0804020101,""DIA"":0.040201005,""EFA"":0.040201005,""EEM"":0.040201005,""VEA"":0.040201005,""VWO"":0.040201005,""AGG"":0.0201005025,""BND"":0.0201005025,""SHY"":0.0100502513,""IEF"":0.0100502513,""TLT"":0.0100502513,""TIP"":0.0100502513,""LQD"":0.0100502513,""HYG"":0.0100502513,""GLD"":0.0100502513,""SLV"":0.0100502513,""DBC"":0.0100502513,""VNQ"":0.0100502513,""UUP"":0.0100502513,""BIL"":0.0050251256}","{""SPY"":0.4824120603,""QQQ"":0.0804020101,""IWM"":0.0804020101,""DIA"":0.040201005,""EFA"":0.040201005,""EEM"":0.040201005,""VEA"":0.040201005,""VWO"":0.040201005,""AGG"":0.0201005025,""BND"":0.0201005025,""SHY"":0.0100502513,""IEF"":0.0100502513,""TLT"":0.0100502513,""TIP"":0.0100502513,""LQD"":0.0100502513,""HYG"":0.0100502513,""GLD"":0.0100502513,""SLV"":0.0100502513,""DBC"":0.0100502513,""VNQ"":0.0100502513,""UUP"":0.0100502513,""BIL"":0.0050251256}","{""SPY"":0.019047619,""QQQ"":0.019047619,""IWM"":0.019047619,""DIA"":0.019047619,""EFA"":0.019047619,""EEM"":0.019047619,""VEA"":0.019047619,""VWO"":0.019047619,""AGG"":0.019047619,""BND"":0.019047619,""SHY"":0.019047619,""IEF"":0.019047619,""TLT"":0.019047619,""TIP"":0.019047619,""LQD"":0.019047619,""HYG"":0.019047619,""GLD"":0.019047619,""SLV"":0.019047619,""DBC"":0.019047619,""VNQ"":0.019047619,""UUP"":0.6,""BIL"":0.019047619}",0,1.0,0.48241206030150746,0.005025125628140704,0.0,0,0,1.0,0.48241206030150746,0.00502512562814071,1,1,1,1,43,9ef99b7c51716caaa1dfab72
repeatability_504part,repeatability,repeat_02,llama3.1:8b,P3,,,real_ticker,,2011-03-04,42,10.0,0.6,0.25,212422c337f252e2,"You are a CONTRARIAN MEAN-REVERSION policy profile. Use only the provided feature values. Strongly favor the eligible asset with the lowest `_r3m` value, reflecting recent underperformance. Allocate 60.0% of total portfolio weight to that target asset as the language-level policy target. Distribute the remaining weight equally among all other eligible assets. Include every eligible ticker exactly once. Return strictly valid JSON only with a `weights` object whose values are decimals, not percentages.
Hard constraints for the execution layer: long-only weights, weights sum to one, maximum single-asset weight 0.60, and turnover cap 0.25. You propose weights; deterministic projection will enforce final feasibility.

Current Features:
- SPY_r1m: 0.01517362
- SPY_r3m: 0.08654249
- SPY_r12m: 0.18223620
- SPY_vol3m: 0.10207329
- SPY_mdd: -0.01531252
- QQQ_r1m: 0.01773136
- QQQ_r3m: 0.08105181
- QQQ_r12m: 0.25987017
- QQQ_vol3m: 0.12996557
- QQQ_mdd: -0.01545555
- IWM_r1m: 0.03763402
- IWM_r3m: 0.10226650
- IWM_r12m: 0.25340727
- IWM_vol3m: 0.16466202
- IWM_mdd: -0.01091746
- DIA_r1m: 0.01387677
- DIA_r3m: 0.07663437
- DIA_r12m: 0.17986899
- DIA_vol3m: 0.08434247
- DIA_mdd: -0.01723337
- EFA_r1m: 0.00707251
- EFA_r3m: 0.08699084
- EFA_r12m: 0.14382616
- EFA_vol3m: 0.13820400
- EFA_mdd: -0.01114298
- EEM_r1m: 0.00708605
- EEM_r3m: 0.00687216
- EEM_r12m: 0.16253871
- EEM_vol3m: 0.16856106
- EEM_mdd: -0.02938755
- VEA_r1m: 0.00661210
- VEA_r3m: 0.08581901
- VEA_r12m: 0.14380310
- VEA_vol3m: 0.13829285
- VEA_mdd: -0.01117180
- VWO_r1m: 0.00573023
- VWO_r3m: 0.01183871
- VWO_r12m: 0.17423563
- VWO_vol3m: 0.16617888
- VWO_mdd: -0.03048286
- AGG_r1m: 0.00289662
- AGG_r3m: -0.00079924
- AGG_r12m: 0.04358651
- AGG_vol3m: 0.04656496
- AGG_mdd: -0.02209278
- BND_r1m: 0.00289780
- BND_r3m: -0.00255110
- BND_r12m: 0.04461089
- BND_vol3m: 0.04676261
- BND_mdd: -0.02204709
- SHY_r1m: 0.00084695
- SHY_r3m: 0.00032285
- SHY_r12m: 0.01508673
- SHY_vol3m: 0.01421553
- SHY_mdd: -0.00365728
- IEF_r1m: 0.00113151
- IEF_r3m: -0.02496486
- IEF_r12m: 0.06079411
- IEF_vol3m: 0.08944481
- IEF_mdd: -0.06125987
- TLT_r1m: 0.00699561
- TLT_r3m: -0.04081280
- TLT_r12m: 0.04740203
- TLT_vol3m: 0.15195119
- TLT_mdd: -0.14362368
- TIP_r1m: 0.01771971
- TIP_r3m: 0.00709579
- TIP_r12m: 0.07489393
- TIP_vol3m: 0.07092310
- TIP_mdd: -0.02200998
- LQD_r1m: 0.00825904
- LQD_r3m: 0.00219762
- LQD_r12m: 0.07491528
- LQD_vol3m: 0.06449709
- LQD_mdd: -0.02851379
- HYG_r1m: 0.01212987
- HYG_r3m: 0.05048662
- HYG_r12m: 0.13767766
- HYG_vol3m: 0.04517646
- HYG_mdd: -0.00206156
- GLD_r1m: 0.06822545
- GLD_r3m: 0.03069533
- GLD_r12m: 0.25755806
- GLD_vol3m: 0.14785330
- GLD_mdd: -0.00485605
- SLV_r1m: 0.25279877
- SLV_r3m: 0.24203359
- SLV_r12m: 1.03938849
- SLV_vol3m: 0.32828206
- SLV_mdd: 0.00000000
- DBC_r1m: 0.04858715
- DBC_r3m: 0.16903581
- DBC_r12m: 0.27109446
- DBC_vol3m: 0.14295897
- DBC_mdd: 0.00000000
- VNQ_r1m: 0.00889890
- VNQ_r3m: 0.06900642
- VNQ_r12m: 0.29219544
- VNQ_vol3m: 0.15357502
- VNQ_mdd: -0.03407983
- UUP_r1m: -0.01082038
- UUP_r3m: -0.05267690
- UUP_r12m: -0.07151926
- UUP_vol3m: 0.08160896
- UUP_mdd: -0.15060007
- BIL_r1m: 0.00021865
- BIL_r3m: 0.00021865
- BIL_r12m: 0.00043688
- BIL_vol3m: 0.00245348
- BIL_mdd: -0.00021783
- cross_vol: 0.11266126

Assets: SPY, QQQ, IWM, DIA, EFA, EEM, VEA, VWO, AGG, BND, SHY, IEF, TLT, TIP, LQD, HYG, GLD, SLV, DBC, VNQ, UUP, BIL","{
  ""weights"": {
    ""SPY"": 0.6,
    ""QQQ"": 0.1,
    ""IWM"": 0.1,
    ""DIA"": 0.05,
    ""EFA"": 0.05,
    ""EEM"": 0.05,
    ""VEA"": 0.05,
    ""VWO"": 0.05,
    ""AGG"": 0.025,
    ""BND"": 0.025,
    ""SHY"": 0.0125,
    ""IEF"": 0.0125,
    ""TLT"": 0.0125,
    ""TIP"": 0.0125,
    ""LQD"": 0.0125,
    ""HYG"": 0.0125,
    ""GLD"": 0.0125,
    ""SLV"": 0.0125,
    ""DBC"": 0.0125,
    ""VNQ"": 0.0125,
    ""UUP"": 0.0125,
    ""BIL"": 0.00625
  }
}",1,0,0,10.661226458003512,419,1,0,0,0,241,10.436608,1761,stop,[],0,0,0,0,UUP,SPY,SPY,0,0,0.6666666666666666,1.3878918401531464,0.7573121790015569,1.1188966420050406e-16,2.5919462405342317e-17,1.0137048880767474,0,"{""SPY"":0.4824120603,""QQQ"":0.0804020101,""IWM"":0.0804020101,""DIA"":0.040201005,""EFA"":0.040201005,""EEM"":0.040201005,""VEA"":0.040201005,""VWO"":0.040201005,""AGG"":0.0201005025,""BND"":0.0201005025,""SHY"":0.0100502513,""IEF"":0.0100502513,""TLT"":0.0100502513,""TIP"":0.0100502513,""LQD"":0.0100502513,""HYG"":0.0100502513,""GLD"":0.0100502513,""SLV"":0.0100502513,""DBC"":0.0100502513,""VNQ"":0.0100502513,""UUP"":0.0100502513,""BIL"":0.0050251256}","{""SPY"":0.4824120603,""QQQ"":0.0804020101,""IWM"":0.0804020101,""DIA"":0.040201005,""EFA"":0.040201005,""EEM"":0.040201005,""VEA"":0.040201005,""VWO"":0.040201005,""AGG"":0.0201005025,""BND"":0.0201005025,""SHY"":0.0100502513,""IEF"":0.0100502513,""TLT"":0.0100502513,""TIP"":0.0100502513,""LQD"":0.0100502513,""HYG"":0.0100502513,""GLD"":0.0100502513,""SLV"":0.0100502513,""DBC"":0.0100502513,""VNQ"":0.0100502513,""UUP"":0.0100502513,""BIL"":0.0050251256}","{""SPY"":0.019047619,""QQQ"":0.019047619,""IWM"":0.019047619,""DIA"":0.019047619,""EFA"":0.019047619,""EEM"":0.019047619,""VEA"":0.019047619,""VWO"":0.019047619,""AGG"":0.019047619,""BND"":0.019047619,""SHY"":0.019047619,""IEF"":0.019047619,""TLT"":0.019047619,""TIP"":0.019047619,""LQD"":0.019047619,""HYG"":0.019047619,""GLD"":0.019047619,""SLV"":0.019047619,""DBC"":0.019047619,""VNQ"":0.019047619,""UUP"":0.6,""BIL"":0.019047619}",0,1.0,0.48241206030150746,0.005025125628140704,0.0,0,0,1.0,0.48241206030150746,0.00502512562814071,1,1,1,2,44,fefd0c80efba6789b3bdd119
repeatability_504part,repeatability,repeat_03,llama3.1:8b,P3,,,real_ticker,,2011-03-04,42,10.0,0.6,0.25,212422c337f252e2,"You are a CONTRARIAN MEAN-REVERSION policy profile. Use only the provided feature values. Strongly favor the eligible asset with the lowest `_r3m` value, reflecting recent underperformance. Allocate 60.0% of total portfolio weight to that target asset as the language-level policy target. Distribute the remaining weight equally among all other eligible assets. Include every eligible ticker exactly once. Return strictly valid JSON only with a `weights` object whose values are decimals, not percentages.
Hard constraints for the execution layer: long-only weights, weights sum to one, maximum single-asset weight 0.60, and turnover cap 0.25. You propose weights; deterministic projection will enforce final feasibility.

Current Features:
- SPY_r1m: 0.01517362
- SPY_r3m: 0.08654249
- SPY_r12m: 0.18223620
- SPY_vol3m: 0.10207329
- SPY_mdd: -0.01531252
- QQQ_r1m: 0.01773136
- QQQ_r3m: 0.08105181
- QQQ_r12m: 0.25987017
- QQQ_vol3m: 0.12996557
- QQQ_mdd: -0.01545555
- IWM_r1m: 0.03763402
- IWM_r3m: 0.10226650
- IWM_r12m: 0.25340727
- IWM_vol3m: 0.16466202
- IWM_mdd: -0.01091746
- DIA_r1m: 0.01387677
- DIA_r3m: 0.07663437
- DIA_r12m: 0.17986899
- DIA_vol3m: 0.08434247
- DIA_mdd: -0.01723337
- EFA_r1m: 0.00707251
- EFA_r3m: 0.08699084
- EFA_r12m: 0.14382616
- EFA_vol3m: 0.13820400
- EFA_mdd: -0.01114298
- EEM_r1m: 0.00708605
- EEM_r3m: 0.00687216
- EEM_r12m: 0.16253871
- EEM_vol3m: 0.16856106
- EEM_mdd: -0.02938755
- VEA_r1m: 0.00661210
- VEA_r3m: 0.08581901
- VEA_r12m: 0.14380310
- VEA_vol3m: 0.13829285
- VEA_mdd: -0.01117180
- VWO_r1m: 0.00573023
- VWO_r3m: 0.01183871
- VWO_r12m: 0.17423563
- VWO_vol3m: 0.16617888
- VWO_mdd: -0.03048286
- AGG_r1m: 0.00289662
- AGG_r3m: -0.00079924
- AGG_r12m: 0.04358651
- AGG_vol3m: 0.04656496
- AGG_mdd: -0.02209278
- BND_r1m: 0.00289780
- BND_r3m: -0.00255110
- BND_r12m: 0.04461089
- BND_vol3m: 0.04676261
- BND_mdd: -0.02204709
- SHY_r1m: 0.00084695
- SHY_r3m: 0.00032285
- SHY_r12m: 0.01508673
- SHY_vol3m: 0.01421553
- SHY_mdd: -0.00365728
- IEF_r1m: 0.00113151
- IEF_r3m: -0.02496486
- IEF_r12m: 0.06079411
- IEF_vol3m: 0.08944481
- IEF_mdd: -0.06125987
- TLT_r1m: 0.00699561
- TLT_r3m: -0.04081280
- TLT_r12m: 0.04740203
- TLT_vol3m: 0.15195119
- TLT_mdd: -0.14362368
- TIP_r1m: 0.01771971
- TIP_r3m: 0.00709579
- TIP_r12m: 0.07489393
- TIP_vol3m: 0.07092310
- TIP_mdd: -0.02200998
- LQD_r1m: 0.00825904
- LQD_r3m: 0.00219762
- LQD_r12m: 0.07491528
- LQD_vol3m: 0.06449709
- LQD_mdd: -0.02851379
- HYG_r1m: 0.01212987
- HYG_r3m: 0.05048662
- HYG_r12m: 0.13767766
- HYG_vol3m: 0.04517646
- HYG_mdd: -0.00206156
- GLD_r1m: 0.06822545
- GLD_r3m: 0.03069533
- GLD_r12m: 0.25755806
- GLD_vol3m: 0.14785330
- GLD_mdd: -0.00485605
- SLV_r1m: 0.25279877
- SLV_r3m: 0.24203359
- SLV_r12m: 1.03938849
- SLV_vol3m: 0.32828206
- SLV_mdd: 0.00000000
- DBC_r1m: 0.04858715
- DBC_r3m: 0.16903581
- DBC_r12m: 0.27109446
- DBC_vol3m: 0.14295897
- DBC_mdd: 0.00000000
- VNQ_r1m: 0.00889890
- VNQ_r3m: 0.06900642
- VNQ_r12m: 0.29219544
- VNQ_vol3m: 0.15357502
- VNQ_mdd: -0.03407983
- UUP_r1m: -0.01082038
- UUP_r3m: -0.05267690
- UUP_r12m: -0.07151926
- UUP_vol3m: 0.08160896
- UUP_mdd: -0.15060007
- BIL_r1m: 0.00021865
- BIL_r3m: 0.00021865
- BIL_r12m: 0.00043688
- BIL_vol3m: 0.00245348
- BIL_mdd: -0.00021783
- cross_vol: 0.11266126

Assets: SPY, QQQ, IWM, DIA, EFA, EEM, VEA, VWO, AGG, BND, SHY, IEF, TLT, TIP, LQD, HYG, GLD, SLV, DBC, VNQ, UUP, BIL","{
  ""weights"": {
    ""SPY"": 0.6,
    ""QQQ"": 0.1,
    ""IWM"": 0.1,
    ""DIA"": 0.05,
    ""EFA"": 0.05,
    ""EEM"": 0.05,
    ""VEA"": 0.05,
    ""VWO"": 0.05,
    ""AGG"": 0.025,
    ""BND"": 0.025,
    ""SHY"": 0.0125,
    ""IEF"": 0.0125,
    ""TLT"": 0.0125,
    ""TIP"": 0.0125,
    ""LQD"": 0.0125,
    ""HYG"": 0.0125,
    ""GLD"": 0.0125,
    ""SLV"": 0.0125,
    ""DBC"": 0.0125,
    ""VNQ"": 0.0125,
    ""UUP"": 0.0125,
    ""BIL"": 0.00625
  }
}",1,0,0,11.769978500000434,419,1,0,0,0,241,11.521876,1761,stop,[],0,0,0,0,UUP,SPY,SPY,0,0,0.6666666666666666,1.3878918401531464,0.7573121790015569,1.1188966420050406e-16,2.5919462405342317e-17,1.0137048880767474,0,"{""SPY"":0.4824120603,""QQQ"":0.0804020101,""IWM"":0.0804020101,""DIA"":0.040201005,""EFA"":0.040201005,""EEM"":0.040201005,""VEA"":0.040201005,""VWO"":0.040201005,""AGG"":0.0201005025,""BND"":0.0201005025,""SHY"":0.0100502513,""IEF"":0.0100502513,""TLT"":0.0100502513,""TIP"":0.0100502513,""LQD"":0.0100502513,""HYG"":0.0100502513,""GLD"":0.0100502513,""SLV"":0.0100502513,""DBC"":0.0100502513,""VNQ"":0.0100502513,""UUP"":0.0100502513,""BIL"":0.0050251256}","{""SPY"":0.4824120603,""QQQ"":0.0804020101,""IWM"":0.0804020101,""DIA"":0.040201005,""EFA"":0.040201005,""EEM"":0.040201005,""VEA"":0.040201005,""VWO"":0.040201005,""AGG"":0.0201005025,""BND"":0.0201005025,""SHY"":0.0100502513,""IEF"":0.0100502513,""TLT"":0.0100502513,""TIP"":0.0100502513,""LQD"":0.0100502513,""HYG"":0.0100502513,""GLD"":0.0100502513,""SLV"":0.0100502513,""DBC"":0.0100502513,""VNQ"":0.0100502513,""UUP"":0.0100502513,""BIL"":0.0050251256}","{""SPY"":0.019047619,""QQQ"":0.019047619,""IWM"":0.019047619,""DIA"":0.019047619,""EFA"":0.019047619,""EEM"":0.019047619,""VEA"":0.019047619,""VWO"":0.019047619,""AGG"":0.019047619,""BND"":0.019047619,""SHY"":0.019047619,""IEF"":0.019047619,""TLT"":0.019047619,""TIP"":0.019047619,""LQD"":0.019047619,""HYG"":0.019047619,""GLD"":0.019047619,""SLV"":0.019047619,""DBC"":0.019047619,""VNQ"":0.019047619,""UUP"":0.6,""BIL"":0.019047619}",0,1.0,0.48241206030150746,0.005025125628140704,0.0,0,0,1.0,0.48241206030150746,0.00502512562814071,1,1,1,3,45,6b72e5c9b737418fc2b15d61
repeatability_504part,repeatability,repeat_00,llama3.1:8b,P4,,,real_ticker,,2011-03-04,42,10.0,0.6,0.25,16e9a1431605909d,"You are an EQUAL-WEIGHT CONTROL policy profile. Ignore all feature data. Allocate the total portfolio weight equally among all eligible assets. Include every eligible ticker exactly once. Return strictly valid JSON only with a `weights` object whose values are decimals, not percentages.
Hard constraints for the execution layer: long-only weights, weights sum to one, maximum single-asset weight 0.60, and turnover cap 0.25. You propose weights; deterministic projection will enforce final feasibility.

Current Features:
- SPY_r1m: 0.01517362
- SPY_r3m: 0.08654249
- SPY_r12m: 0.18223620
- SPY_vol3m: 0.10207329
- SPY_mdd: -0.01531252
- QQQ_r1m: 0.01773136
- QQQ_r3m: 0.08105181
- QQQ_r12m: 0.25987017
- QQQ_vol3m: 0.12996557
- QQQ_mdd: -0.01545555
- IWM_r1m: 0.03763402
- IWM_r3m: 0.10226650
- IWM_r12m: 0.25340727
- IWM_vol3m: 0.16466202
- IWM_mdd: -0.01091746
- DIA_r1m: 0.01387677
- DIA_r3m: 0.07663437
- DIA_r12m: 0.17986899
- DIA_vol3m: 0.08434247
- DIA_mdd: -0.01723337
- EFA_r1m: 0.00707251
- EFA_r3m: 0.08699084
- EFA_r12m: 0.14382616
- EFA_vol3m: 0.13820400
- EFA_mdd: -0.01114298
- EEM_r1m: 0.00708605
- EEM_r3m: 0.00687216
- EEM_r12m: 0.16253871
- EEM_vol3m: 0.16856106
- EEM_mdd: -0.02938755
- VEA_r1m: 0.00661210
- VEA_r3m: 0.08581901
- VEA_r12m: 0.14380310
- VEA_vol3m: 0.13829285
- VEA_mdd: -0.01117180
- VWO_r1m: 0.00573023
- VWO_r3m: 0.01183871
- VWO_r12m: 0.17423563
- VWO_vol3m: 0.16617888
- VWO_mdd: -0.03048286
- AGG_r1m: 0.00289662
- AGG_r3m: -0.00079924
- AGG_r12m: 0.04358651
- AGG_vol3m: 0.04656496
- AGG_mdd: -0.02209278
- BND_r1m: 0.00289780
- BND_r3m: -0.00255110
- BND_r12m: 0.04461089
- BND_vol3m: 0.04676261
- BND_mdd: -0.02204709
- SHY_r1m: 0.00084695
- SHY_r3m: 0.00032285
- SHY_r12m: 0.01508673
- SHY_vol3m: 0.01421553
- SHY_mdd: -0.00365728
- IEF_r1m: 0.00113151
- IEF_r3m: -0.02496486
- IEF_r12m: 0.06079411
- IEF_vol3m: 0.08944481
- IEF_mdd: -0.06125987
- TLT_r1m: 0.00699561
- TLT_r3m: -0.04081280
- TLT_r12m: 0.04740203
- TLT_vol3m: 0.15195119
- TLT_mdd: -0.14362368
- TIP_r1m: 0.01771971
- TIP_r3m: 0.00709579
- TIP_r12m: 0.07489393
- TIP_vol3m: 0.07092310
- TIP_mdd: -0.02200998
- LQD_r1m: 0.00825904
- LQD_r3m: 0.00219762
- LQD_r12m: 0.07491528
- LQD_vol3m: 0.06449709
- LQD_mdd: -0.02851379
- HYG_r1m: 0.01212987
- HYG_r3m: 0.05048662
- HYG_r12m: 0.13767766
- HYG_vol3m: 0.04517646
- HYG_mdd: -0.00206156
- GLD_r1m: 0.06822545
- GLD_r3m: 0.03069533
- GLD_r12m: 0.25755806
- GLD_vol3m: 0.14785330
- GLD_mdd: -0.00485605
- SLV_r1m: 0.25279877
- SLV_r3m: 0.24203359
- SLV_r12m: 1.03938849
- SLV_vol3m: 0.32828206
- SLV_mdd: 0.00000000
- DBC_r1m: 0.04858715
- DBC_r3m: 0.16903581
- DBC_r12m: 0.27109446
- DBC_vol3m: 0.14295897
- DBC_mdd: 0.00000000
- VNQ_r1m: 0.00889890
- VNQ_r3m: 0.06900642
- VNQ_r12m: 0.29219544
- VNQ_vol3m: 0.15357502
- VNQ_mdd: -0.03407983
- UUP_r1m: -0.01082038
- UUP_r3m: -0.05267690
- UUP_r12m: -0.07151926
- UUP_vol3m: 0.08160896
- UUP_mdd: -0.15060007
- BIL_r1m: 0.00021865
- BIL_r3m: 0.00021865
- BIL_r12m: 0.00043688
- BIL_vol3m: 0.00245348
- BIL_mdd: -0.00021783
- cross_vol: 0.11266126

Assets: SPY, QQQ, IWM, DIA, EFA, EEM, VEA, VWO, AGG, BND, SHY, IEF, TLT, TIP, LQD, HYG, GLD, SLV, DBC, VNQ, UUP, BIL","{
  ""weights"": {
    ""SPY"": 0.0107142857,
    ""QQQ"": 0.0107142857,
    ""IWM"": 0.0107142857,
    ""DIA"": 0.0107142857,
    ""EFA"": 0.0107142857,
    ""EEM"": 0.0107142857,
    ""VEA"": 0.0107142857,
    ""VWO"": 0.0107142857,
    ""AGG"": 0.0107142857,
    ""BND"": 0.0107142857,
    ""SHY"": 0.0107142857,
    ""IEF"": 0.0107142857,
    ""TLT"": 0.0107142857,
    ""TIP"": 0.0107142857,
    ""LQD"": 0.0107142857,
    ""HYG"": 0.0107142857,
    ""GLD"": 0.0107142857,
    ""SLV"": 0.0107142857,
    ""DBC"": 0.0107142857,
    ""VNQ"": 0.0107142857,
    ""UUP"": 0.0107142857,
    ""BIL"": 0.0107142857
  }
}",1,0,0,20.51862383300613,571,1,0,0,0,295,12.832561,1713,stop,[],0,0,0,0,SPY,SPY,SPY,1,1,1.0,0.0,0.0,3.0531133177191805e-16,6.509259464525837e-17,3.0531133177191805e-16,1,"{""SPY"":0.0454545455,""QQQ"":0.0454545455,""IWM"":0.0454545455,""DIA"":0.0454545455,""EFA"":0.0454545455,""EEM"":0.0454545455,""VEA"":0.0454545455,""VWO"":0.0454545455,""AGG"":0.0454545455,""BND"":0.0454545455,""SHY"":0.0454545455,""IEF"":0.0454545455,""TLT"":0.0454545455,""TIP"":0.0454545455,""LQD"":0.0454545455,""HYG"":0.0454545455,""GLD"":0.0454545455,""SLV"":0.0454545455,""DBC"":0.0454545455,""VNQ"":0.0454545455,""UUP"":0.0454545455,""BIL"":0.0454545455}","{""SPY"":0.0454545455,""QQQ"":0.0454545455,""IWM"":0.0454545455,""DIA"":0.0454545455,""EFA"":0.0454545455,""EEM"":0.0454545455,""VEA"":0.0454545455,""VWO"":0.0454545455,""AGG"":0.0454545455,""BND"":0.0454545455,""SHY"":0.0454545455,""IEF"":0.0454545455,""TLT"":0.0454545455,""TIP"":0.0454545455,""LQD"":0.0454545455,""HYG"":0.0454545455,""GLD"":0.0454545455,""SLV"":0.0454545455,""DBC"":0.0454545455,""VNQ"":0.0454545455,""UUP"":0.0454545455,""BIL"":0.0454545455}","{""SPY"":0.0454545455,""QQQ"":0.0454545455,""IWM"":0.0454545455,""DIA"":0.0454545455,""EFA"":0.0454545455,""EEM"":0.0454545455,""VEA"":0.0454545455,""VWO"":0.0454545455,""AGG"":0.0454545455,""BND"":0.0454545455,""SHY"":0.0454545455,""IEF"":0.0454545455,""TLT"":0.0454545455,""TIP"":0.0454545455,""LQD"":0.0454545455,""HYG"":0.0454545455,""GLD"":0.0454545455,""SLV"":0.0454545455,""DBC"":0.0454545455,""VNQ"":0.0454545455,""UUP"":0.0454545455,""BIL"":0.0454545455}",0,0.9999999999999998,0.045454545454545456,0.045454545454545456,2.220446049250313e-16,0,0,1.0,0.04545454545454547,0.04545454545454547,1,1,1,0,42,cd0f64dceb1fc5ecc675f02b
repeatability_504part,repeatability,repeat_01,llama3.1:8b,P4,,,real_ticker,,2011-03-04,42,10.0,0.6,0.25,16e9a1431605909d,"You are an EQUAL-WEIGHT CONTROL policy profile. Ignore all feature data. Allocate the total portfolio weight equally among all eligible assets. Include every eligible ticker exactly once. Return strictly valid JSON only with a `weights` object whose values are decimals, not percentages.
Hard constraints for the execution layer: long-only weights, weights sum to one, maximum single-asset weight 0.60, and turnover cap 0.25. You propose weights; deterministic projection will enforce final feasibility.

Current Features:
- SPY_r1m: 0.01517362
- SPY_r3m: 0.08654249
- SPY_r12m: 0.18223620
- SPY_vol3m: 0.10207329
- SPY_mdd: -0.01531252
- QQQ_r1m: 0.01773136
- QQQ_r3m: 0.08105181
- QQQ_r12m: 0.25987017
- QQQ_vol3m: 0.12996557
- QQQ_mdd: -0.01545555
- IWM_r1m: 0.03763402
- IWM_r3m: 0.10226650
- IWM_r12m: 0.25340727
- IWM_vol3m: 0.16466202
- IWM_mdd: -0.01091746
- DIA_r1m: 0.01387677
- DIA_r3m: 0.07663437
- DIA_r12m: 0.17986899
- DIA_vol3m: 0.08434247
- DIA_mdd: -0.01723337
- EFA_r1m: 0.00707251
- EFA_r3m: 0.08699084
- EFA_r12m: 0.14382616
- EFA_vol3m: 0.13820400
- EFA_mdd: -0.01114298
- EEM_r1m: 0.00708605
- EEM_r3m: 0.00687216
- EEM_r12m: 0.16253871
- EEM_vol3m: 0.16856106
- EEM_mdd: -0.02938755
- VEA_r1m: 0.00661210
- VEA_r3m: 0.08581901
- VEA_r12m: 0.14380310
- VEA_vol3m: 0.13829285
- VEA_mdd: -0.01117180
- VWO_r1m: 0.00573023
- VWO_r3m: 0.01183871
- VWO_r12m: 0.17423563
- VWO_vol3m: 0.16617888
- VWO_mdd: -0.03048286
- AGG_r1m: 0.00289662
- AGG_r3m: -0.00079924
- AGG_r12m: 0.04358651
- AGG_vol3m: 0.04656496
- AGG_mdd: -0.02209278
- BND_r1m: 0.00289780
- BND_r3m: -0.00255110
- BND_r12m: 0.04461089
- BND_vol3m: 0.04676261
- BND_mdd: -0.02204709
- SHY_r1m: 0.00084695
- SHY_r3m: 0.00032285
- SHY_r12m: 0.01508673
- SHY_vol3m: 0.01421553
- SHY_mdd: -0.00365728
- IEF_r1m: 0.00113151
- IEF_r3m: -0.02496486
- IEF_r12m: 0.06079411
- IEF_vol3m: 0.08944481
- IEF_mdd: -0.06125987
- TLT_r1m: 0.00699561
- TLT_r3m: -0.04081280
- TLT_r12m: 0.04740203
- TLT_vol3m: 0.15195119
- TLT_mdd: -0.14362368
- TIP_r1m: 0.01771971
- TIP_r3m: 0.00709579
- TIP_r12m: 0.07489393
- TIP_vol3m: 0.07092310
- TIP_mdd: -0.02200998
- LQD_r1m: 0.00825904
- LQD_r3m: 0.00219762
- LQD_r12m: 0.07491528
- LQD_vol3m: 0.06449709
- LQD_mdd: -0.02851379
- HYG_r1m: 0.01212987
- HYG_r3m: 0.05048662
- HYG_r12m: 0.13767766
- HYG_vol3m: 0.04517646
- HYG_mdd: -0.00206156
- GLD_r1m: 0.06822545
- GLD_r3m: 0.03069533
- GLD_r12m: 0.25755806
- GLD_vol3m: 0.14785330
- GLD_mdd: -0.00485605
- SLV_r1m: 0.25279877
- SLV_r3m: 0.24203359
- SLV_r12m: 1.03938849
- SLV_vol3m: 0.32828206
- SLV_mdd: 0.00000000
- DBC_r1m: 0.04858715
- DBC_r3m: 0.16903581
- DBC_r12m: 0.27109446
- DBC_vol3m: 0.14295897
- DBC_mdd: 0.00000000
- VNQ_r1m: 0.00889890
- VNQ_r3m: 0.06900642
- VNQ_r12m: 0.29219544
- VNQ_vol3m: 0.15357502
- VNQ_mdd: -0.03407983
- UUP_r1m: -0.01082038
- UUP_r3m: -0.05267690
- UUP_r12m: -0.07151926
- UUP_vol3m: 0.08160896
- UUP_mdd: -0.15060007
- BIL_r1m: 0.00021865
- BIL_r3m: 0.00021865
- BIL_r12m: 0.00043688
- BIL_vol3m: 0.00245348
- BIL_mdd: -0.00021783
- cross_vol: 0.11266126

Assets: SPY, QQQ, IWM, DIA, EFA, EEM, VEA, VWO, AGG, BND, SHY, IEF, TLT, TIP, LQD, HYG, GLD, SLV, DBC, VNQ, UUP, BIL","{
  ""weights"": {
    ""SPY"": 0.0107142857,
    ""QQQ"": 0.0107142857,
    ""IWM"": 0.0107142857,
    ""DIA"": 0.0107142857,
    ""EFA"": 0.0107142857,
    ""EEM"": 0.0107142857,
    ""VEA"": 0.0107142857,
    ""VWO"": 0.0107142857,
    ""AGG"": 0.0107142857,
    ""BND"": 0.0107142857,
    ""SHY"": 0.0107142857,
    ""IEF"": 0.0107142857,
    ""TLT"": 0.0107142857,
    ""TIP"": 0.0107142857,
    ""LQD"": 0.0107142857,
    ""HYG"": 0.0107142857,
    ""GLD"": 0.0107142857,
    ""SLV"": 0.0107142857,
    ""DBC"": 0.0107142857,
    ""VNQ"": 0.0107142857,
    ""UUP"": 0.0107142857,
    ""BIL"": 0.0107142857
  }
}",1,0,0,13.090694875005283,571,1,0,0,0,295,12.844807,1713,stop,[],0,0,0,0,SPY,SPY,SPY,1,1,1.0,0.0,0.0,3.0531133177191805e-16,6.509259464525837e-17,3.0531133177191805e-16,1,"{""SPY"":0.0454545455,""QQQ"":0.0454545455,""IWM"":0.0454545455,""DIA"":0.0454545455,""EFA"":0.0454545455,""EEM"":0.0454545455,""VEA"":0.0454545455,""VWO"":0.0454545455,""AGG"":0.0454545455,""BND"":0.0454545455,""SHY"":0.0454545455,""IEF"":0.0454545455,""TLT"":0.0454545455,""TIP"":0.0454545455,""LQD"":0.0454545455,""HYG"":0.0454545455,""GLD"":0.0454545455,""SLV"":0.0454545455,""DBC"":0.0454545455,""VNQ"":0.0454545455,""UUP"":0.0454545455,""BIL"":0.0454545455}","{""SPY"":0.0454545455,""QQQ"":0.0454545455,""IWM"":0.0454545455,""DIA"":0.0454545455,""EFA"":0.0454545455,""EEM"":0.0454545455,""VEA"":0.0454545455,""VWO"":0.0454545455,""AGG"":0.0454545455,""BND"":0.0454545455,""SHY"":0.0454545455,""IEF"":0.0454545455,""TLT"":0.0454545455,""TIP"":0.0454545455,""LQD"":0.0454545455,""HYG"":0.0454545455,""GLD"":0.0454545455,""SLV"":0.0454545455,""DBC"":0.0454545455,""VNQ"":0.0454545455,""UUP"":0.0454545455,""BIL"":0.0454545455}","{""SPY"":0.0454545455,""QQQ"":0.0454545455,""IWM"":0.0454545455,""DIA"":0.0454545455,""EFA"":0.0454545455,""EEM"":0.0454545455,""VEA"":0.0454545455,""VWO"":0.0454545455,""AGG"":0.0454545455,""BND"":0.0454545455,""SHY"":0.0454545455,""IEF"":0.0454545455,""TLT"":0.0454545455,""TIP"":0.0454545455,""LQD"":0.0454545455,""HYG"":0.0454545455,""GLD"":0.0454545455,""SLV"":0.0454545455,""DBC"":0.0454545455,""VNQ"":0.0454545455,""UUP"":0.0454545455,""BIL"":0.0454545455}",0,0.9999999999999998,0.045454545454545456,0.045454545454545456,2.220446049250313e-16,0,0,1.0,0.04545454545454547,0.04545454545454547,1,1,1,1,43,ea6ad7c1aabe14b9ad53e06b
repeatability_504part,repeatability,repeat_02,llama3.1:8b,P4,,,real_ticker,,2011-03-04,42,10.0,0.6,0.25,16e9a1431605909d,"You are an EQUAL-WEIGHT CONTROL policy profile. Ignore all feature data. Allocate the total portfolio weight equally among all eligible assets. Include every eligible ticker exactly once. Return strictly valid JSON only with a `weights` object whose values are decimals, not percentages.
Hard constraints for the execution layer: long-only weights, weights sum to one, maximum single-asset weight 0.60, and turnover cap 0.25. You propose weights; deterministic projection will enforce final feasibility.

Current Features:
- SPY_r1m: 0.01517362
- SPY_r3m: 0.08654249
- SPY_r12m: 0.18223620
- SPY_vol3m: 0.10207329
- SPY_mdd: -0.01531252
- QQQ_r1m: 0.01773136
- QQQ_r3m: 0.08105181
- QQQ_r12m: 0.25987017
- QQQ_vol3m: 0.12996557
- QQQ_mdd: -0.01545555
- IWM_r1m: 0.03763402
- IWM_r3m: 0.10226650
- IWM_r12m: 0.25340727
- IWM_vol3m: 0.16466202
- IWM_mdd: -0.01091746
- DIA_r1m: 0.01387677
- DIA_r3m: 0.07663437
- DIA_r12m: 0.17986899
- DIA_vol3m: 0.08434247
- DIA_mdd: -0.01723337
- EFA_r1m: 0.00707251
- EFA_r3m: 0.08699084
- EFA_r12m: 0.14382616
- EFA_vol3m: 0.13820400
- EFA_mdd: -0.01114298
- EEM_r1m: 0.00708605
- EEM_r3m: 0.00687216
- EEM_r12m: 0.16253871
- EEM_vol3m: 0.16856106
- EEM_mdd: -0.02938755
- VEA_r1m: 0.00661210
- VEA_r3m: 0.08581901
- VEA_r12m: 0.14380310
- VEA_vol3m: 0.13829285
- VEA_mdd: -0.01117180
- VWO_r1m: 0.00573023
- VWO_r3m: 0.01183871
- VWO_r12m: 0.17423563
- VWO_vol3m: 0.16617888
- VWO_mdd: -0.03048286
- AGG_r1m: 0.00289662
- AGG_r3m: -0.00079924
- AGG_r12m: 0.04358651
- AGG_vol3m: 0.04656496
- AGG_mdd: -0.02209278
- BND_r1m: 0.00289780
- BND_r3m: -0.00255110
- BND_r12m: 0.04461089
- BND_vol3m: 0.04676261
- BND_mdd: -0.02204709
- SHY_r1m: 0.00084695
- SHY_r3m: 0.00032285
- SHY_r12m: 0.01508673
- SHY_vol3m: 0.01421553
- SHY_mdd: -0.00365728
- IEF_r1m: 0.00113151
- IEF_r3m: -0.02496486
- IEF_r12m: 0.06079411
- IEF_vol3m: 0.08944481
- IEF_mdd: -0.06125987
- TLT_r1m: 0.00699561
- TLT_r3m: -0.04081280
- TLT_r12m: 0.04740203
- TLT_vol3m: 0.15195119
- TLT_mdd: -0.14362368
- TIP_r1m: 0.01771971
- TIP_r3m: 0.00709579
- TIP_r12m: 0.07489393
- TIP_vol3m: 0.07092310
- TIP_mdd: -0.02200998
- LQD_r1m: 0.00825904
- LQD_r3m: 0.00219762
- LQD_r12m: 0.07491528
- LQD_vol3m: 0.06449709
- LQD_mdd: -0.02851379
- HYG_r1m: 0.01212987
- HYG_r3m: 0.05048662
- HYG_r12m: 0.13767766
- HYG_vol3m: 0.04517646
- HYG_mdd: -0.00206156
- GLD_r1m: 0.06822545
- GLD_r3m: 0.03069533
- GLD_r12m: 0.25755806
- GLD_vol3m: 0.14785330
- GLD_mdd: -0.00485605
- SLV_r1m: 0.25279877
- SLV_r3m: 0.24203359
- SLV_r12m: 1.03938849
- SLV_vol3m: 0.32828206
- SLV_mdd: 0.00000000
- DBC_r1m: 0.04858715
- DBC_r3m: 0.16903581
- DBC_r12m: 0.27109446
- DBC_vol3m: 0.14295897
- DBC_mdd: 0.00000000
- VNQ_r1m: 0.00889890
- VNQ_r3m: 0.06900642
- VNQ_r12m: 0.29219544
- VNQ_vol3m: 0.15357502
- VNQ_mdd: -0.03407983
- UUP_r1m: -0.01082038
- UUP_r3m: -0.05267690
- UUP_r12m: -0.07151926
- UUP_vol3m: 0.08160896
- UUP_mdd: -0.15060007
- BIL_r1m: 0.00021865
- BIL_r3m: 0.00021865
- BIL_r12m: 0.00043688
- BIL_vol3m: 0.00245348
- BIL_mdd: -0.00021783
- cross_vol: 0.11266126

Assets: SPY, QQQ, IWM, DIA, EFA, EEM, VEA, VWO, AGG, BND, SHY, IEF, TLT, TIP, LQD, HYG, GLD, SLV, DBC, VNQ, UUP, BIL","{
  ""weights"": {
    ""SPY"": 0.0107142857,
    ""QQQ"": 0.0107142857,
    ""IWM"": 0.0107142857,
    ""DIA"": 0.0107142857,
    ""EFA"": 0.0107142857,
    ""EEM"": 0.0107142857,
    ""VEA"": 0.0107142857,
    ""VWO"": 0.0107142857,
    ""AGG"": 0.0107142857,
    ""BND"": 0.0107142857,
    ""SHY"": 0.0107142857,
    ""IEF"": 0.0107142857,
    ""TLT"": 0.0107142857,
    ""TIP"": 0.0107142857,
    ""LQD"": 0.0107142857,
    ""HYG"": 0.0107142857,
    ""GLD"": 0.0107142857,
    ""SLV"": 0.0107142857,
    ""DBC"": 0.0107142857,
    ""VNQ"": 0.0107142857,
    ""UUP"": 0.0107142857,
    ""BIL"": 0.0107142857
  }
}",1,0,0,13.10808191698743,571,1,0,0,0,295,12.860088,1713,stop,[],0,0,0,0,SPY,SPY,SPY,1,1,1.0,0.0,0.0,3.0531133177191805e-16,6.509259464525837e-17,3.0531133177191805e-16,1,"{""SPY"":0.0454545455,""QQQ"":0.0454545455,""IWM"":0.0454545455,""DIA"":0.0454545455,""EFA"":0.0454545455,""EEM"":0.0454545455,""VEA"":0.0454545455,""VWO"":0.0454545455,""AGG"":0.0454545455,""BND"":0.0454545455,""SHY"":0.0454545455,""IEF"":0.0454545455,""TLT"":0.0454545455,""TIP"":0.0454545455,""LQD"":0.0454545455,""HYG"":0.0454545455,""GLD"":0.0454545455,""SLV"":0.0454545455,""DBC"":0.0454545455,""VNQ"":0.0454545455,""UUP"":0.0454545455,""BIL"":0.0454545455}","{""SPY"":0.0454545455,""QQQ"":0.0454545455,""IWM"":0.0454545455,""DIA"":0.0454545455,""EFA"":0.0454545455,""EEM"":0.0454545455,""VEA"":0.0454545455,""VWO"":0.0454545455,""AGG"":0.0454545455,""BND"":0.0454545455,""SHY"":0.0454545455,""IEF"":0.0454545455,""TLT"":0.0454545455,""TIP"":0.0454545455,""LQD"":0.0454545455,""HYG"":0.0454545455,""GLD"":0.0454545455,""SLV"":0.0454545455,""DBC"":0.0454545455,""VNQ"":0.0454545455,""UUP"":0.0454545455,""BIL"":0.0454545455}","{""SPY"":0.0454545455,""QQQ"":0.0454545455,""IWM"":0.0454545455,""DIA"":0.0454545455,""EFA"":0.0454545455,""EEM"":0.0454545455,""VEA"":0.0454545455,""VWO"":0.0454545455,""AGG"":0.0454545455,""BND"":0.0454545455,""SHY"":0.0454545455,""IEF"":0.0454545455,""TLT"":0.0454545455,""TIP"":0.0454545455,""LQD"":0.0454545455,""HYG"":0.0454545455,""GLD"":0.0454545455,""SLV"":0.0454545455,""DBC"":0.0454545455,""VNQ"":0.0454545455,""UUP"":0.0454545455,""BIL"":0.0454545455}",0,0.9999999999999998,0.045454545454545456,0.045454545454545456,2.220446049250313e-16,0,0,1.0,0.04545454545454547,0.04545454545454547,1,1,1,2,44,7ec0c062975c806b65a19a31
repeatability_504part,repeatability,repeat_03,llama3.1:8b,P4,,,real_ticker,,2011-03-04,42,10.0,0.6,0.25,16e9a1431605909d,"You are an EQUAL-WEIGHT CONTROL policy profile. Ignore all feature data. Allocate the total portfolio weight equally among all eligible assets. Include every eligible ticker exactly once. Return strictly valid JSON only with a `weights` object whose values are decimals, not percentages.
Hard constraints for the execution layer: long-only weights, weights sum to one, maximum single-asset weight 0.60, and turnover cap 0.25. You propose weights; deterministic projection will enforce final feasibility.

Current Features:
- SPY_r1m: 0.01517362
- SPY_r3m: 0.08654249
- SPY_r12m: 0.18223620
- SPY_vol3m: 0.10207329
- SPY_mdd: -0.01531252
- QQQ_r1m: 0.01773136
- QQQ_r3m: 0.08105181
- QQQ_r12m: 0.25987017
- QQQ_vol3m: 0.12996557
- QQQ_mdd: -0.01545555
- IWM_r1m: 0.03763402
- IWM_r3m: 0.10226650
- IWM_r12m: 0.25340727
- IWM_vol3m: 0.16466202
- IWM_mdd: -0.01091746
- DIA_r1m: 0.01387677
- DIA_r3m: 0.07663437
- DIA_r12m: 0.17986899
- DIA_vol3m: 0.08434247
- DIA_mdd: -0.01723337
- EFA_r1m: 0.00707251
- EFA_r3m: 0.08699084
- EFA_r12m: 0.14382616
- EFA_vol3m: 0.13820400
- EFA_mdd: -0.01114298
- EEM_r1m: 0.00708605
- EEM_r3m: 0.00687216
- EEM_r12m: 0.16253871
- EEM_vol3m: 0.16856106
- EEM_mdd: -0.02938755
- VEA_r1m: 0.00661210
- VEA_r3m: 0.08581901
- VEA_r12m: 0.14380310
- VEA_vol3m: 0.13829285
- VEA_mdd: -0.01117180
- VWO_r1m: 0.00573023
- VWO_r3m: 0.01183871
- VWO_r12m: 0.17423563
- VWO_vol3m: 0.16617888
- VWO_mdd: -0.03048286
- AGG_r1m: 0.00289662
- AGG_r3m: -0.00079924
- AGG_r12m: 0.04358651
- AGG_vol3m: 0.04656496
- AGG_mdd: -0.02209278
- BND_r1m: 0.00289780
- BND_r3m: -0.00255110
- BND_r12m: 0.04461089
- BND_vol3m: 0.04676261
- BND_mdd: -0.02204709
- SHY_r1m: 0.00084695
- SHY_r3m: 0.00032285
- SHY_r12m: 0.01508673
- SHY_vol3m: 0.01421553
- SHY_mdd: -0.00365728
- IEF_r1m: 0.00113151
- IEF_r3m: -0.02496486
- IEF_r12m: 0.06079411
- IEF_vol3m: 0.08944481
- IEF_mdd: -0.06125987
- TLT_r1m: 0.00699561
- TLT_r3m: -0.04081280
- TLT_r12m: 0.04740203
- TLT_vol3m: 0.15195119
- TLT_mdd: -0.14362368
- TIP_r1m: 0.01771971
- TIP_r3m: 0.00709579
- TIP_r12m: 0.07489393
- TIP_vol3m: 0.07092310
- TIP_mdd: -0.02200998
- LQD_r1m: 0.00825904
- LQD_r3m: 0.00219762
- LQD_r12m: 0.07491528
- LQD_vol3m: 0.06449709
- LQD_mdd: -0.02851379
- HYG_r1m: 0.01212987
- HYG_r3m: 0.05048662
- HYG_r12m: 0.13767766
- HYG_vol3m: 0.04517646
- HYG_mdd: -0.00206156
- GLD_r1m: 0.06822545
- GLD_r3m: 0.03069533
- GLD_r12m: 0.25755806
- GLD_vol3m: 0.14785330
- GLD_mdd: -0.00485605
- SLV_r1m: 0.25279877
- SLV_r3m: 0.24203359
- SLV_r12m: 1.03938849
- SLV_vol3m: 0.32828206
- SLV_mdd: 0.00000000
- DBC_r1m: 0.04858715
- DBC_r3m: 0.16903581
- DBC_r12m: 0.27109446
- DBC_vol3m: 0.14295897
- DBC_mdd: 0.00000000
- VNQ_r1m: 0.00889890
- VNQ_r3m: 0.06900642
- VNQ_r12m: 0.29219544
- VNQ_vol3m: 0.15357502
- VNQ_mdd: -0.03407983
- UUP_r1m: -0.01082038
- UUP_r3m: -0.05267690
- UUP_r12m: -0.07151926
- UUP_vol3m: 0.08160896
- UUP_mdd: -0.15060007
- BIL_r1m: 0.00021865
- BIL_r3m: 0.00021865
- BIL_r12m: 0.00043688
- BIL_vol3m: 0.00245348
- BIL_mdd: -0.00021783
- cross_vol: 0.11266126

Assets: SPY, QQQ, IWM, DIA, EFA, EEM, VEA, VWO, AGG, BND, SHY, IEF, TLT, TIP, LQD, HYG, GLD, SLV, DBC, VNQ, UUP, BIL","{
  ""weights"": {
    ""SPY"": 0.0107142857,
    ""QQQ"": 0.0107142857,
    ""IWM"": 0.0107142857,
    ""DIA"": 0.0107142857,
    ""EFA"": 0.0107142857,
    ""EEM"": 0.0107142857,
    ""VEA"": 0.0107142857,
    ""VWO"": 0.0107142857,
    ""AGG"": 0.0107142857,
    ""BND"": 0.0107142857,
    ""SHY"": 0.0107142857,
    ""IEF"": 0.0107142857,
    ""TLT"": 0.0107142857,
    ""TIP"": 0.0107142857,
    ""LQD"": 0.0107142857,
    ""HYG"": 0.0107142857,
    ""GLD"": 0.0107142857,
    ""SLV"": 0.0107142857,
    ""DBC"": 0.0107142857,
    ""VNQ"": 0.0107142857,
    ""UUP"": 0.0107142857,
    ""BIL"": 0.0107142857
  }
}",1,0,0,13.064078958996106,571,1,0,0,0,295,12.826798,1713,stop,[],0,0,0,0,SPY,SPY,SPY,1,1,1.0,0.0,0.0,3.0531133177191805e-16,6.509259464525837e-17,3.0531133177191805e-16,1,"{""SPY"":0.0454545455,""QQQ"":0.0454545455,""IWM"":0.0454545455,""DIA"":0.0454545455,""EFA"":0.0454545455,""EEM"":0.0454545455,""VEA"":0.0454545455,""VWO"":0.0454545455,""AGG"":0.0454545455,""BND"":0.0454545455,""SHY"":0.0454545455,""IEF"":0.0454545455,""TLT"":0.0454545455,""TIP"":0.0454545455,""LQD"":0.0454545455,""HYG"":0.0454545455,""GLD"":0.0454545455,""SLV"":0.0454545455,""DBC"":0.0454545455,""VNQ"":0.0454545455,""UUP"":0.0454545455,""BIL"":0.0454545455}","{""SPY"":0.0454545455,""QQQ"":0.0454545455,""IWM"":0.0454545455,""DIA"":0.0454545455,""EFA"":0.0454545455,""EEM"":0.0454545455,""VEA"":0.0454545455,""VWO"":0.0454545455,""AGG"":0.0454545455,""BND"":0.0454545455,""SHY"":0.0454545455,""IEF"":0.0454545455,""TLT"":0.0454545455,""TIP"":0.0454545455,""LQD"":0.0454545455,""HYG"":0.0454545455,""GLD"":0.0454545455,""SLV"":0.0454545455,""DBC"":0.0454545455,""VNQ"":0.0454545455,""UUP"":0.0454545455,""BIL"":0.0454545455}","{""SPY"":0.0454545455,""QQQ"":0.0454545455,""IWM"":0.0454545455,""DIA"":0.0454545455,""EFA"":0.0454545455,""EEM"":0.0454545455,""VEA"":0.0454545455,""VWO"":0.0454545455,""AGG"":0.0454545455,""BND"":0.0454545455,""SHY"":0.0454545455,""IEF"":0.0454545455,""TLT"":0.0454545455,""TIP"":0.0454545455,""LQD"":0.0454545455,""HYG"":0.0454545455,""GLD"":0.0454545455,""SLV"":0.0454545455,""DBC"":0.0454545455,""VNQ"":0.0454545455,""UUP"":0.0454545455,""BIL"":0.0454545455}",0,0.9999999999999998,0.045454545454545456,0.045454545454545456,2.220446049250313e-16,0,0,1.0,0.04545454545454547,0.04545454545454547,1,1,1,3,45,ed3cf1ed70d0e5a41efc14c1
repeatability_504part,repeatability,repeat_00,llama3.1:8b,P5,,,real_ticker,,2011-03-04,42,10.0,0.6,0.25,08f73e34959e8d86,"You are a RISK-ADJUSTED RETURN policy profile. Use only the provided feature values. Prefer eligible assets that combine stronger recent returns with lower recent volatility and smaller drawdowns. Assign larger weights to assets that appear to have stronger positive risk-adjusted profiles, smaller weights to middle-ranked assets, and little weight to weak or unstable candidates. Do not default to equal weights unless the provided features show no meaningful distinction across assets. Include every eligible ticker exactly once. Return strictly valid JSON only with a `weights` object whose values are decimals, not percentages.
Hard constraints for the execution layer: long-only weights, weights sum to one, maximum single-asset weight 0.60, and turnover cap 0.25. You propose weights; deterministic projection will enforce final feasibility.

Current Features:
- SPY_r1m: 0.01517362
- SPY_r3m: 0.08654249
- SPY_r12m: 0.18223620
- SPY_vol3m: 0.10207329
- SPY_mdd: -0.01531252
- QQQ_r1m: 0.01773136
- QQQ_r3m: 0.08105181
- QQQ_r12m: 0.25987017
- QQQ_vol3m: 0.12996557
- QQQ_mdd: -0.01545555
- IWM_r1m: 0.03763402
- IWM_r3m: 0.10226650
- IWM_r12m: 0.25340727
- IWM_vol3m: 0.16466202
- IWM_mdd: -0.01091746
- DIA_r1m: 0.01387677
- DIA_r3m: 0.07663437
- DIA_r12m: 0.17986899
- DIA_vol3m: 0.08434247
- DIA_mdd: -0.01723337
- EFA_r1m: 0.00707251
- EFA_r3m: 0.08699084
- EFA_r12m: 0.14382616
- EFA_vol3m: 0.13820400
- EFA_mdd: -0.01114298
- EEM_r1m: 0.00708605
- EEM_r3m: 0.00687216
- EEM_r12m: 0.16253871
- EEM_vol3m: 0.16856106
- EEM_mdd: -0.02938755
- VEA_r1m: 0.00661210
- VEA_r3m: 0.08581901
- VEA_r12m: 0.14380310
- VEA_vol3m: 0.13829285
- VEA_mdd: -0.01117180
- VWO_r1m: 0.00573023
- VWO_r3m: 0.01183871
- VWO_r12m: 0.17423563
- VWO_vol3m: 0.16617888
- VWO_mdd: -0.03048286
- AGG_r1m: 0.00289662
- AGG_r3m: -0.00079924
- AGG_r12m: 0.04358651
- AGG_vol3m: 0.04656496
- AGG_mdd: -0.02209278
- BND_r1m: 0.00289780
- BND_r3m: -0.00255110
- BND_r12m: 0.04461089
- BND_vol3m: 0.04676261
- BND_mdd: -0.02204709
- SHY_r1m: 0.00084695
- SHY_r3m: 0.00032285
- SHY_r12m: 0.01508673
- SHY_vol3m: 0.01421553
- SHY_mdd: -0.00365728
- IEF_r1m: 0.00113151
- IEF_r3m: -0.02496486
- IEF_r12m: 0.06079411
- IEF_vol3m: 0.08944481
- IEF_mdd: -0.06125987
- TLT_r1m: 0.00699561
- TLT_r3m: -0.04081280
- TLT_r12m: 0.04740203
- TLT_vol3m: 0.15195119
- TLT_mdd: -0.14362368
- TIP_r1m: 0.01771971
- TIP_r3m: 0.00709579
- TIP_r12m: 0.07489393
- TIP_vol3m: 0.07092310
- TIP_mdd: -0.02200998
- LQD_r1m: 0.00825904
- LQD_r3m: 0.00219762
- LQD_r12m: 0.07491528
- LQD_vol3m: 0.06449709
- LQD_mdd: -0.02851379
- HYG_r1m: 0.01212987
- HYG_r3m: 0.05048662
- HYG_r12m: 0.13767766
- HYG_vol3m: 0.04517646
- HYG_mdd: -0.00206156
- GLD_r1m: 0.06822545
- GLD_r3m: 0.03069533
- GLD_r12m: 0.25755806
- GLD_vol3m: 0.14785330
- GLD_mdd: -0.00485605
- SLV_r1m: 0.25279877
- SLV_r3m: 0.24203359
- SLV_r12m: 1.03938849
- SLV_vol3m: 0.32828206
- SLV_mdd: 0.00000000
- DBC_r1m: 0.04858715
- DBC_r3m: 0.16903581
- DBC_r12m: 0.27109446
- DBC_vol3m: 0.14295897
- DBC_mdd: 0.00000000
- VNQ_r1m: 0.00889890
- VNQ_r3m: 0.06900642
- VNQ_r12m: 0.29219544
- VNQ_vol3m: 0.15357502
- VNQ_mdd: -0.03407983
- UUP_r1m: -0.01082038
- UUP_r3m: -0.05267690
- UUP_r12m: -0.07151926
- UUP_vol3m: 0.08160896
- UUP_mdd: -0.15060007
- BIL_r1m: 0.00021865
- BIL_r3m: 0.00021865
- BIL_r12m: 0.00043688
- BIL_vol3m: 0.00245348
- BIL_mdd: -0.00021783
- cross_vol: 0.11266126

Assets: SPY, QQQ, IWM, DIA, EFA, EEM, VEA, VWO, AGG, BND, SHY, IEF, TLT, TIP, LQD, HYG, GLD, SLV, DBC, VNQ, UUP, BIL","{
  ""weights"": {
    ""SPY"": 0.23,
    ""QQQ"": 0.21,
    ""IWM"": 0.15,
    ""DIA"": 0.12,
    ""EFA"": 0.08,
    ""EEM"": 0.06,
    ""VEA"": 0.05,
    ""VWO"": 0.04,
    ""AGG"": 0.03,
    ""BND"": 0.02,
    ""SHY"": 0.01,
    ""IEF"": 0.005,
    ""TLT"": 0.005,
    ""TIP"": 0.005,
    ""LQD"": 0.005,
    ""HYG"": 0.005,
    ""GLD"": 0.005,
    ""SLV"": 0.005,
    ""DBC"": 0.005,
    ""VNQ"": 0.005,
    ""UUP"": 0.005,
    ""BIL"": 0
  }
}",1,0,0,17.945942833001027,402,1,0,0,0,227,9.880426,1773,stop,[],0,0,0,0,SLV,SPY,SPY,0,0,0.0,1.3323762574620333,0.39939451073414484,3.9551695252271054e-16,8.652775658021723e-17,1.0779220779220777,0,"{""SPY"":0.219047619,""QQQ"":0.2,""IWM"":0.1428571429,""DIA"":0.1142857143,""EFA"":0.0761904762,""EEM"":0.0571428571,""VEA"":0.0476190476,""VWO"":0.0380952381,""AGG"":0.0285714286,""BND"":0.019047619,""SHY"":0.0095238095,""IEF"":0.0047619048,""TLT"":0.0047619048,""TIP"":0.0047619048,""LQD"":0.0047619048,""HYG"":0.0047619048,""GLD"":0.0047619048,""SLV"":0.0047619048,""DBC"":0.0047619048,""VNQ"":0.0047619048,""UUP"":0.0047619048,""BIL"":0.0}","{""SPY"":0.219047619,""QQQ"":0.2,""IWM"":0.1428571429,""DIA"":0.1142857143,""EFA"":0.0761904762,""EEM"":0.0571428571,""VEA"":0.0476190476,""VWO"":0.0380952381,""AGG"":0.0285714286,""BND"":0.019047619,""SHY"":0.0095238095,""IEF"":0.0047619048,""TLT"":0.0047619048,""TIP"":0.0047619048,""LQD"":0.0047619048,""HYG"":0.0047619048,""GLD"":0.0047619048,""SLV"":0.0047619048,""DBC"":0.0047619048,""VNQ"":0.0047619048,""UUP"":0.0047619048,""BIL"":1.734723476e-17}","{""SPY"":0.042951802,""QQQ"":0.0394201349,""IWM"":0.0660376507,""DIA"":0.0475386163,""EFA"":0.0147862204,""EEM"":0.0121464992,""VEA"":0.0138147833,""VWO"":0.0099632439,""AGG"":0.0179736866,""BND"":0.0179050156,""SHY"":0.0172146633,""IEF"":0.0036551707,""TLT"":0.0133022679,""TIP"":0.0721893572,""LQD"":0.0369993361,""HYG"":0.0775797559,""GLD"":0.133327515,""SLV"":0.2225011345,""DBC"":0.0982006585,""VNQ"":0.0167424985,""UUP"":1.734723476e-18,""BIL"":0.0257499896}",0,1.0,0.21904761904761905,0.0,0.0,0,0,1.0,0.21904761904761907,1.734723475976658e-17,1,1,1,0,42,52fc9cc8b03dca0cd3f7b52d
repeatability_504part,repeatability,repeat_01,llama3.1:8b,P5,,,real_ticker,,2011-03-04,42,10.0,0.6,0.25,08f73e34959e8d86,"You are a RISK-ADJUSTED RETURN policy profile. Use only the provided feature values. Prefer eligible assets that combine stronger recent returns with lower recent volatility and smaller drawdowns. Assign larger weights to assets that appear to have stronger positive risk-adjusted profiles, smaller weights to middle-ranked assets, and little weight to weak or unstable candidates. Do not default to equal weights unless the provided features show no meaningful distinction across assets. Include every eligible ticker exactly once. Return strictly valid JSON only with a `weights` object whose values are decimals, not percentages.
Hard constraints for the execution layer: long-only weights, weights sum to one, maximum single-asset weight 0.60, and turnover cap 0.25. You propose weights; deterministic projection will enforce final feasibility.

Current Features:
- SPY_r1m: 0.01517362
- SPY_r3m: 0.08654249
- SPY_r12m: 0.18223620
- SPY_vol3m: 0.10207329
- SPY_mdd: -0.01531252
- QQQ_r1m: 0.01773136
- QQQ_r3m: 0.08105181
- QQQ_r12m: 0.25987017
- QQQ_vol3m: 0.12996557
- QQQ_mdd: -0.01545555
- IWM_r1m: 0.03763402
- IWM_r3m: 0.10226650
- IWM_r12m: 0.25340727
- IWM_vol3m: 0.16466202
- IWM_mdd: -0.01091746
- DIA_r1m: 0.01387677
- DIA_r3m: 0.07663437
- DIA_r12m: 0.17986899
- DIA_vol3m: 0.08434247
- DIA_mdd: -0.01723337
- EFA_r1m: 0.00707251
- EFA_r3m: 0.08699084
- EFA_r12m: 0.14382616
- EFA_vol3m: 0.13820400
- EFA_mdd: -0.01114298
- EEM_r1m: 0.00708605
- EEM_r3m: 0.00687216
- EEM_r12m: 0.16253871
- EEM_vol3m: 0.16856106
- EEM_mdd: -0.02938755
- VEA_r1m: 0.00661210
- VEA_r3m: 0.08581901
- VEA_r12m: 0.14380310
- VEA_vol3m: 0.13829285
- VEA_mdd: -0.01117180
- VWO_r1m: 0.00573023
- VWO_r3m: 0.01183871
- VWO_r12m: 0.17423563
- VWO_vol3m: 0.16617888
- VWO_mdd: -0.03048286
- AGG_r1m: 0.00289662
- AGG_r3m: -0.00079924
- AGG_r12m: 0.04358651
- AGG_vol3m: 0.04656496
- AGG_mdd: -0.02209278
- BND_r1m: 0.00289780
- BND_r3m: -0.00255110
- BND_r12m: 0.04461089
- BND_vol3m: 0.04676261
- BND_mdd: -0.02204709
- SHY_r1m: 0.00084695
- SHY_r3m: 0.00032285
- SHY_r12m: 0.01508673
- SHY_vol3m: 0.01421553
- SHY_mdd: -0.00365728
- IEF_r1m: 0.00113151
- IEF_r3m: -0.02496486
- IEF_r12m: 0.06079411
- IEF_vol3m: 0.08944481
- IEF_mdd: -0.06125987
- TLT_r1m: 0.00699561
- TLT_r3m: -0.04081280
- TLT_r12m: 0.04740203
- TLT_vol3m: 0.15195119
- TLT_mdd: -0.14362368
- TIP_r1m: 0.01771971
- TIP_r3m: 0.00709579
- TIP_r12m: 0.07489393
- TIP_vol3m: 0.07092310
- TIP_mdd: -0.02200998
- LQD_r1m: 0.00825904
- LQD_r3m: 0.00219762
- LQD_r12m: 0.07491528
- LQD_vol3m: 0.06449709
- LQD_mdd: -0.02851379
- HYG_r1m: 0.01212987
- HYG_r3m: 0.05048662
- HYG_r12m: 0.13767766
- HYG_vol3m: 0.04517646
- HYG_mdd: -0.00206156
- GLD_r1m: 0.06822545
- GLD_r3m: 0.03069533
- GLD_r12m: 0.25755806
- GLD_vol3m: 0.14785330
- GLD_mdd: -0.00485605
- SLV_r1m: 0.25279877
- SLV_r3m: 0.24203359
- SLV_r12m: 1.03938849
- SLV_vol3m: 0.32828206
- SLV_mdd: 0.00000000
- DBC_r1m: 0.04858715
- DBC_r3m: 0.16903581
- DBC_r12m: 0.27109446
- DBC_vol3m: 0.14295897
- DBC_mdd: 0.00000000
- VNQ_r1m: 0.00889890
- VNQ_r3m: 0.06900642
- VNQ_r12m: 0.29219544
- VNQ_vol3m: 0.15357502
- VNQ_mdd: -0.03407983
- UUP_r1m: -0.01082038
- UUP_r3m: -0.05267690
- UUP_r12m: -0.07151926
- UUP_vol3m: 0.08160896
- UUP_mdd: -0.15060007
- BIL_r1m: 0.00021865
- BIL_r3m: 0.00021865
- BIL_r12m: 0.00043688
- BIL_vol3m: 0.00245348
- BIL_mdd: -0.00021783
- cross_vol: 0.11266126

Assets: SPY, QQQ, IWM, DIA, EFA, EEM, VEA, VWO, AGG, BND, SHY, IEF, TLT, TIP, LQD, HYG, GLD, SLV, DBC, VNQ, UUP, BIL","{
  ""weights"": {
    ""SPY"": 0.23,
    ""QQQ"": 0.21,
    ""IWM"": 0.15,
    ""DIA"": 0.12,
    ""EFA"": 0.08,
    ""EEM"": 0.06,
    ""VEA"": 0.05,
    ""VWO"": 0.04,
    ""AGG"": 0.03,
    ""BND"": 0.02,
    ""SHY"": 0.01,
    ""IEF"": 0.005,
    ""TLT"": 0.005,
    ""TIP"": 0.005,
    ""LQD"": 0.005,
    ""HYG"": 0.005,
    ""GLD"": 0.005,
    ""SLV"": 0.005,
    ""DBC"": 0.005,
    ""VNQ"": 0.005,
    ""UUP"": 0.005,
    ""BIL"": 0
  }
}",1,0,0,10.12159845799033,402,1,0,0,0,227,9.879558,1773,stop,[],0,0,0,0,SLV,SPY,SPY,0,0,0.0,1.3323762574620333,0.39939451073414484,3.9551695252271054e-16,8.652775658021723e-17,1.0779220779220777,0,"{""SPY"":0.219047619,""QQQ"":0.2,""IWM"":0.1428571429,""DIA"":0.1142857143,""EFA"":0.0761904762,""EEM"":0.0571428571,""VEA"":0.0476190476,""VWO"":0.0380952381,""AGG"":0.0285714286,""BND"":0.019047619,""SHY"":0.0095238095,""IEF"":0.0047619048,""TLT"":0.0047619048,""TIP"":0.0047619048,""LQD"":0.0047619048,""HYG"":0.0047619048,""GLD"":0.0047619048,""SLV"":0.0047619048,""DBC"":0.0047619048,""VNQ"":0.0047619048,""UUP"":0.0047619048,""BIL"":0.0}","{""SPY"":0.219047619,""QQQ"":0.2,""IWM"":0.1428571429,""DIA"":0.1142857143,""EFA"":0.0761904762,""EEM"":0.0571428571,""VEA"":0.0476190476,""VWO"":0.0380952381,""AGG"":0.0285714286,""BND"":0.019047619,""SHY"":0.0095238095,""IEF"":0.0047619048,""TLT"":0.0047619048,""TIP"":0.0047619048,""LQD"":0.0047619048,""HYG"":0.0047619048,""GLD"":0.0047619048,""SLV"":0.0047619048,""DBC"":0.0047619048,""VNQ"":0.0047619048,""UUP"":0.0047619048,""BIL"":1.734723476e-17}","{""SPY"":0.042951802,""QQQ"":0.0394201349,""IWM"":0.0660376507,""DIA"":0.0475386163,""EFA"":0.0147862204,""EEM"":0.0121464992,""VEA"":0.0138147833,""VWO"":0.0099632439,""AGG"":0.0179736866,""BND"":0.0179050156,""SHY"":0.0172146633,""IEF"":0.0036551707,""TLT"":0.0133022679,""TIP"":0.0721893572,""LQD"":0.0369993361,""HYG"":0.0775797559,""GLD"":0.133327515,""SLV"":0.2225011345,""DBC"":0.0982006585,""VNQ"":0.0167424985,""UUP"":1.734723476e-18,""BIL"":0.0257499896}",0,1.0,0.21904761904761905,0.0,0.0,0,0,1.0,0.21904761904761907,1.734723475976658e-17,1,1,1,1,43,7d1c1f0f6bc5e54bfb1f90af
repeatability_504part,repeatability,repeat_02,llama3.1:8b,P5,,,real_ticker,,2011-03-04,42,10.0,0.6,0.25,08f73e34959e8d86,"You are a RISK-ADJUSTED RETURN policy profile. Use only the provided feature values. Prefer eligible assets that combine stronger recent returns with lower recent volatility and smaller drawdowns. Assign larger weights to assets that appear to have stronger positive risk-adjusted profiles, smaller weights to middle-ranked assets, and little weight to weak or unstable candidates. Do not default to equal weights unless the provided features show no meaningful distinction across assets. Include every eligible ticker exactly once. Return strictly valid JSON only with a `weights` object whose values are decimals, not percentages.
Hard constraints for the execution layer: long-only weights, weights sum to one, maximum single-asset weight 0.60, and turnover cap 0.25. You propose weights; deterministic projection will enforce final feasibility.

Current Features:
- SPY_r1m: 0.01517362
- SPY_r3m: 0.08654249
- SPY_r12m: 0.18223620
- SPY_vol3m: 0.10207329
- SPY_mdd: -0.01531252
- QQQ_r1m: 0.01773136
- QQQ_r3m: 0.08105181
- QQQ_r12m: 0.25987017
- QQQ_vol3m: 0.12996557
- QQQ_mdd: -0.01545555
- IWM_r1m: 0.03763402
- IWM_r3m: 0.10226650
- IWM_r12m: 0.25340727
- IWM_vol3m: 0.16466202
- IWM_mdd: -0.01091746
- DIA_r1m: 0.01387677
- DIA_r3m: 0.07663437
- DIA_r12m: 0.17986899
- DIA_vol3m: 0.08434247
- DIA_mdd: -0.01723337
- EFA_r1m: 0.00707251
- EFA_r3m: 0.08699084
- EFA_r12m: 0.14382616
- EFA_vol3m: 0.13820400
- EFA_mdd: -0.01114298
- EEM_r1m: 0.00708605
- EEM_r3m: 0.00687216
- EEM_r12m: 0.16253871
- EEM_vol3m: 0.16856106
- EEM_mdd: -0.02938755
- VEA_r1m: 0.00661210
- VEA_r3m: 0.08581901
- VEA_r12m: 0.14380310
- VEA_vol3m: 0.13829285
- VEA_mdd: -0.01117180
- VWO_r1m: 0.00573023
- VWO_r3m: 0.01183871
- VWO_r12m: 0.17423563
- VWO_vol3m: 0.16617888
- VWO_mdd: -0.03048286
- AGG_r1m: 0.00289662
- AGG_r3m: -0.00079924
- AGG_r12m: 0.04358651
- AGG_vol3m: 0.04656496
- AGG_mdd: -0.02209278
- BND_r1m: 0.00289780
- BND_r3m: -0.00255110
- BND_r12m: 0.04461089
- BND_vol3m: 0.04676261
- BND_mdd: -0.02204709
- SHY_r1m: 0.00084695
- SHY_r3m: 0.00032285
- SHY_r12m: 0.01508673
- SHY_vol3m: 0.01421553
- SHY_mdd: -0.00365728
- IEF_r1m: 0.00113151
- IEF_r3m: -0.02496486
- IEF_r12m: 0.06079411
- IEF_vol3m: 0.08944481
- IEF_mdd: -0.06125987
- TLT_r1m: 0.00699561
- TLT_r3m: -0.04081280
- TLT_r12m: 0.04740203
- TLT_vol3m: 0.15195119
- TLT_mdd: -0.14362368
- TIP_r1m: 0.01771971
- TIP_r3m: 0.00709579
- TIP_r12m: 0.07489393
- TIP_vol3m: 0.07092310
- TIP_mdd: -0.02200998
- LQD_r1m: 0.00825904
- LQD_r3m: 0.00219762
- LQD_r12m: 0.07491528
- LQD_vol3m: 0.06449709
- LQD_mdd: -0.02851379
- HYG_r1m: 0.01212987
- HYG_r3m: 0.05048662
- HYG_r12m: 0.13767766
- HYG_vol3m: 0.04517646
- HYG_mdd: -0.00206156
- GLD_r1m: 0.06822545
- GLD_r3m: 0.03069533
- GLD_r12m: 0.25755806
- GLD_vol3m: 0.14785330
- GLD_mdd: -0.00485605
- SLV_r1m: 0.25279877
- SLV_r3m: 0.24203359
- SLV_r12m: 1.03938849
- SLV_vol3m: 0.32828206
- SLV_mdd: 0.00000000
- DBC_r1m: 0.04858715
- DBC_r3m: 0.16903581
- DBC_r12m: 0.27109446
- DBC_vol3m: 0.14295897
- DBC_mdd: 0.00000000
- VNQ_r1m: 0.00889890
- VNQ_r3m: 0.06900642
- VNQ_r12m: 0.29219544
- VNQ_vol3m: 0.15357502
- VNQ_mdd: -0.03407983
- UUP_r1m: -0.01082038
- UUP_r3m: -0.05267690
- UUP_r12m: -0.07151926
- UUP_vol3m: 0.08160896
- UUP_mdd: -0.15060007
- BIL_r1m: 0.00021865
- BIL_r3m: 0.00021865
- BIL_r12m: 0.00043688
- BIL_vol3m: 0.00245348
- BIL_mdd: -0.00021783
- cross_vol: 0.11266126

Assets: SPY, QQQ, IWM, DIA, EFA, EEM, VEA, VWO, AGG, BND, SHY, IEF, TLT, TIP, LQD, HYG, GLD, SLV, DBC, VNQ, UUP, BIL","{
  ""weights"": {
    ""SPY"": 0.23,
    ""QQQ"": 0.21,
    ""IWM"": 0.15,
    ""DIA"": 0.12,
    ""EFA"": 0.08,
    ""EEM"": 0.06,
    ""VEA"": 0.05,
    ""VWO"": 0.04,
    ""AGG"": 0.03,
    ""BND"": 0.02,
    ""SHY"": 0.01,
    ""IEF"": 0.005,
    ""TLT"": 0.005,
    ""TIP"": 0.005,
    ""LQD"": 0.005,
    ""HYG"": 0.005,
    ""GLD"": 0.005,
    ""SLV"": 0.005,
    ""DBC"": 0.005,
    ""VNQ"": 0.005,
    ""UUP"": 0.005,
    ""BIL"": 0
  }
}",1,0,0,10.150148792003165,402,1,0,0,0,227,9.904817,1773,stop,[],0,0,0,0,SLV,SPY,SPY,0,0,0.0,1.3323762574620333,0.39939451073414484,3.9551695252271054e-16,8.652775658021723e-17,1.0779220779220777,0,"{""SPY"":0.219047619,""QQQ"":0.2,""IWM"":0.1428571429,""DIA"":0.1142857143,""EFA"":0.0761904762,""EEM"":0.0571428571,""VEA"":0.0476190476,""VWO"":0.0380952381,""AGG"":0.0285714286,""BND"":0.019047619,""SHY"":0.0095238095,""IEF"":0.0047619048,""TLT"":0.0047619048,""TIP"":0.0047619048,""LQD"":0.0047619048,""HYG"":0.0047619048,""GLD"":0.0047619048,""SLV"":0.0047619048,""DBC"":0.0047619048,""VNQ"":0.0047619048,""UUP"":0.0047619048,""BIL"":0.0}","{""SPY"":0.219047619,""QQQ"":0.2,""IWM"":0.1428571429,""DIA"":0.1142857143,""EFA"":0.0761904762,""EEM"":0.0571428571,""VEA"":0.0476190476,""VWO"":0.0380952381,""AGG"":0.0285714286,""BND"":0.019047619,""SHY"":0.0095238095,""IEF"":0.0047619048,""TLT"":0.0047619048,""TIP"":0.0047619048,""LQD"":0.0047619048,""HYG"":0.0047619048,""GLD"":0.0047619048,""SLV"":0.0047619048,""DBC"":0.0047619048,""VNQ"":0.0047619048,""UUP"":0.0047619048,""BIL"":1.734723476e-17}","{""SPY"":0.042951802,""QQQ"":0.0394201349,""IWM"":0.0660376507,""DIA"":0.0475386163,""EFA"":0.0147862204,""EEM"":0.0121464992,""VEA"":0.0138147833,""VWO"":0.0099632439,""AGG"":0.0179736866,""BND"":0.0179050156,""SHY"":0.0172146633,""IEF"":0.0036551707,""TLT"":0.0133022679,""TIP"":0.0721893572,""LQD"":0.0369993361,""HYG"":0.0775797559,""GLD"":0.133327515,""SLV"":0.2225011345,""DBC"":0.0982006585,""VNQ"":0.0167424985,""UUP"":1.734723476e-18,""BIL"":0.0257499896}",0,1.0,0.21904761904761905,0.0,0.0,0,0,1.0,0.21904761904761907,1.734723475976658e-17,1,1,1,2,44,ca9d14a6675b5d628b2cfc44
repeatability_504part,repeatability,repeat_03,llama3.1:8b,P5,,,real_ticker,,2011-03-04,42,10.0,0.6,0.25,08f73e34959e8d86,"You are a RISK-ADJUSTED RETURN policy profile. Use only the provided feature values. Prefer eligible assets that combine stronger recent returns with lower recent volatility and smaller drawdowns. Assign larger weights to assets that appear to have stronger positive risk-adjusted profiles, smaller weights to middle-ranked assets, and little weight to weak or unstable candidates. Do not default to equal weights unless the provided features show no meaningful distinction across assets. Include every eligible ticker exactly once. Return strictly valid JSON only with a `weights` object whose values are decimals, not percentages.
Hard constraints for the execution layer: long-only weights, weights sum to one, maximum single-asset weight 0.60, and turnover cap 0.25. You propose weights; deterministic projection will enforce final feasibility.

Current Features:
- SPY_r1m: 0.01517362
- SPY_r3m: 0.08654249
- SPY_r12m: 0.18223620
- SPY_vol3m: 0.10207329
- SPY_mdd: -0.01531252
- QQQ_r1m: 0.01773136
- QQQ_r3m: 0.08105181
- QQQ_r12m: 0.25987017
- QQQ_vol3m: 0.12996557
- QQQ_mdd: -0.01545555
- IWM_r1m: 0.03763402
- IWM_r3m: 0.10226650
- IWM_r12m: 0.25340727
- IWM_vol3m: 0.16466202
- IWM_mdd: -0.01091746
- DIA_r1m: 0.01387677
- DIA_r3m: 0.07663437
- DIA_r12m: 0.17986899
- DIA_vol3m: 0.08434247
- DIA_mdd: -0.01723337
- EFA_r1m: 0.00707251
- EFA_r3m: 0.08699084
- EFA_r12m: 0.14382616
- EFA_vol3m: 0.13820400
- EFA_mdd: -0.01114298
- EEM_r1m: 0.00708605
- EEM_r3m: 0.00687216
- EEM_r12m: 0.16253871
- EEM_vol3m: 0.16856106
- EEM_mdd: -0.02938755
- VEA_r1m: 0.00661210
- VEA_r3m: 0.08581901
- VEA_r12m: 0.14380310
- VEA_vol3m: 0.13829285
- VEA_mdd: -0.01117180
- VWO_r1m: 0.00573023
- VWO_r3m: 0.01183871
- VWO_r12m: 0.17423563
- VWO_vol3m: 0.16617888
- VWO_mdd: -0.03048286
- AGG_r1m: 0.00289662
- AGG_r3m: -0.00079924
- AGG_r12m: 0.04358651
- AGG_vol3m: 0.04656496
- AGG_mdd: -0.02209278
- BND_r1m: 0.00289780
- BND_r3m: -0.00255110
- BND_r12m: 0.04461089
- BND_vol3m: 0.04676261
- BND_mdd: -0.02204709
- SHY_r1m: 0.00084695
- SHY_r3m: 0.00032285
- SHY_r12m: 0.01508673
- SHY_vol3m: 0.01421553
- SHY_mdd: -0.00365728
- IEF_r1m: 0.00113151
- IEF_r3m: -0.02496486
- IEF_r12m: 0.06079411
- IEF_vol3m: 0.08944481
- IEF_mdd: -0.06125987
- TLT_r1m: 0.00699561
- TLT_r3m: -0.04081280
- TLT_r12m: 0.04740203
- TLT_vol3m: 0.15195119
- TLT_mdd: -0.14362368
- TIP_r1m: 0.01771971
- TIP_r3m: 0.00709579
- TIP_r12m: 0.07489393
- TIP_vol3m: 0.07092310
- TIP_mdd: -0.02200998
- LQD_r1m: 0.00825904
- LQD_r3m: 0.00219762
- LQD_r12m: 0.07491528
- LQD_vol3m: 0.06449709
- LQD_mdd: -0.02851379
- HYG_r1m: 0.01212987
- HYG_r3m: 0.05048662
- HYG_r12m: 0.13767766
- HYG_vol3m: 0.04517646
- HYG_mdd: -0.00206156
- GLD_r1m: 0.06822545
- GLD_r3m: 0.03069533
- GLD_r12m: 0.25755806
- GLD_vol3m: 0.14785330
- GLD_mdd: -0.00485605
- SLV_r1m: 0.25279877
- SLV_r3m: 0.24203359
- SLV_r12m: 1.03938849
- SLV_vol3m: 0.32828206
- SLV_mdd: 0.00000000
- DBC_r1m: 0.04858715
- DBC_r3m: 0.16903581
- DBC_r12m: 0.27109446
- DBC_vol3m: 0.14295897
- DBC_mdd: 0.00000000
- VNQ_r1m: 0.00889890
- VNQ_r3m: 0.06900642
- VNQ_r12m: 0.29219544
- VNQ_vol3m: 0.15357502
- VNQ_mdd: -0.03407983
- UUP_r1m: -0.01082038
- UUP_r3m: -0.05267690
- UUP_r12m: -0.07151926
- UUP_vol3m: 0.08160896
- UUP_mdd: -0.15060007
- BIL_r1m: 0.00021865
- BIL_r3m: 0.00021865
- BIL_r12m: 0.00043688
- BIL_vol3m: 0.00245348
- BIL_mdd: -0.00021783
- cross_vol: 0.11266126

Assets: SPY, QQQ, IWM, DIA, EFA, EEM, VEA, VWO, AGG, BND, SHY, IEF, TLT, TIP, LQD, HYG, GLD, SLV, DBC, VNQ, UUP, BIL","{
  ""weights"": {
    ""SPY"": 0.23,
    ""QQQ"": 0.21,
    ""IWM"": 0.15,
    ""DIA"": 0.12,
    ""EFA"": 0.08,
    ""EEM"": 0.06,
    ""VEA"": 0.05,
    ""VWO"": 0.04,
    ""AGG"": 0.03,
    ""BND"": 0.02,
    ""SHY"": 0.01,
    ""IEF"": 0.005,
    ""TLT"": 0.005,
    ""TIP"": 0.005,
    ""LQD"": 0.005,
    ""HYG"": 0.005,
    ""GLD"": 0.005,
    ""SLV"": 0.005,
    ""DBC"": 0.005,
    ""VNQ"": 0.005,
    ""UUP"": 0.005,
    ""BIL"": 0
  }
}",1,0,0,10.134314250011812,402,1,0,0,0,227,9.88571,1773,stop,[],0,0,0,0,SLV,SPY,SPY,0,0,0.0,1.3323762574620333,0.39939451073414484,3.9551695252271054e-16,8.652775658021723e-17,1.0779220779220777,0,"{""SPY"":0.219047619,""QQQ"":0.2,""IWM"":0.1428571429,""DIA"":0.1142857143,""EFA"":0.0761904762,""EEM"":0.0571428571,""VEA"":0.0476190476,""VWO"":0.0380952381,""AGG"":0.0285714286,""BND"":0.019047619,""SHY"":0.0095238095,""IEF"":0.0047619048,""TLT"":0.0047619048,""TIP"":0.0047619048,""LQD"":0.0047619048,""HYG"":0.0047619048,""GLD"":0.0047619048,""SLV"":0.0047619048,""DBC"":0.0047619048,""VNQ"":0.0047619048,""UUP"":0.0047619048,""BIL"":0.0}","{""SPY"":0.219047619,""QQQ"":0.2,""IWM"":0.1428571429,""DIA"":0.1142857143,""EFA"":0.0761904762,""EEM"":0.0571428571,""VEA"":0.0476190476,""VWO"":0.0380952381,""AGG"":0.0285714286,""BND"":0.019047619,""SHY"":0.0095238095,""IEF"":0.0047619048,""TLT"":0.0047619048,""TIP"":0.0047619048,""LQD"":0.0047619048,""HYG"":0.0047619048,""GLD"":0.0047619048,""SLV"":0.0047619048,""DBC"":0.0047619048,""VNQ"":0.0047619048,""UUP"":0.0047619048,""BIL"":1.734723476e-17}","{""SPY"":0.042951802,""QQQ"":0.0394201349,""IWM"":0.0660376507,""DIA"":0.0475386163,""EFA"":0.0147862204,""EEM"":0.0121464992,""VEA"":0.0138147833,""VWO"":0.0099632439,""AGG"":0.0179736866,""BND"":0.0179050156,""SHY"":0.0172146633,""IEF"":0.0036551707,""TLT"":0.0133022679,""TIP"":0.0721893572,""LQD"":0.0369993361,""HYG"":0.0775797559,""GLD"":0.133327515,""SLV"":0.2225011345,""DBC"":0.0982006585,""VNQ"":0.0167424985,""UUP"":1.734723476e-18,""BIL"":0.0257499896}",0,1.0,0.21904761904761905,0.0,0.0,0,0,1.0,0.21904761904761907,1.734723475976658e-17,1,1,1,3,45,4bcd2d4b7d29c0e9deb78f5e
repeatability_504part,repeatability,repeat_00,llama3.1:8b,P6,,,real_ticker,,2011-03-04,42,10.0,0.6,0.25,bcbe8bdc16e0410f,"You are a HYBRID DEFENSIVE-MOMENTUM policy profile. Use only the supplied feature values. Prefer assets with above-median `_r12m`, but among those candidates favor lower `_vol3m` and smaller drawdowns. Avoid assets with severe drawdowns unless their twelve-month momentum is unusually strong and their volatility is not high. During high cross-sectional volatility, keep at least 20% of the portfolio in bond-like or cash-like ETFs if such assets are present in the provided asset list. Do not allocate more than 40% to any single risky asset as a language-level preference; the deterministic projection layer will enforce final feasibility. Include every eligible ticker exactly once. Return strictly valid JSON only with a `weights` object whose values are decimals, not percentages.
Hard constraints for the execution layer: long-only weights, weights sum to one, maximum single-asset weight 0.60, and turnover cap 0.25. You propose weights; deterministic projection will enforce final feasibility.

Current Features:
- SPY_r1m: 0.01517362
- SPY_r3m: 0.08654249
- SPY_r12m: 0.18223620
- SPY_vol3m: 0.10207329
- SPY_mdd: -0.01531252
- QQQ_r1m: 0.01773136
- QQQ_r3m: 0.08105181
- QQQ_r12m: 0.25987017
- QQQ_vol3m: 0.12996557
- QQQ_mdd: -0.01545555
- IWM_r1m: 0.03763402
- IWM_r3m: 0.10226650
- IWM_r12m: 0.25340727
- IWM_vol3m: 0.16466202
- IWM_mdd: -0.01091746
- DIA_r1m: 0.01387677
- DIA_r3m: 0.07663437
- DIA_r12m: 0.17986899
- DIA_vol3m: 0.08434247
- DIA_mdd: -0.01723337
- EFA_r1m: 0.00707251
- EFA_r3m: 0.08699084
- EFA_r12m: 0.14382616
- EFA_vol3m: 0.13820400
- EFA_mdd: -0.01114298
- EEM_r1m: 0.00708605
- EEM_r3m: 0.00687216
- EEM_r12m: 0.16253871
- EEM_vol3m: 0.16856106
- EEM_mdd: -0.02938755
- VEA_r1m: 0.00661210
- VEA_r3m: 0.08581901
- VEA_r12m: 0.14380310
- VEA_vol3m: 0.13829285
- VEA_mdd: -0.01117180
- VWO_r1m: 0.00573023
- VWO_r3m: 0.01183871
- VWO_r12m: 0.17423563
- VWO_vol3m: 0.16617888
- VWO_mdd: -0.03048286
- AGG_r1m: 0.00289662
- AGG_r3m: -0.00079924
- AGG_r12m: 0.04358651
- AGG_vol3m: 0.04656496
- AGG_mdd: -0.02209278
- BND_r1m: 0.00289780
- BND_r3m: -0.00255110
- BND_r12m: 0.04461089
- BND_vol3m: 0.04676261
- BND_mdd: -0.02204709
- SHY_r1m: 0.00084695
- SHY_r3m: 0.00032285
- SHY_r12m: 0.01508673
- SHY_vol3m: 0.01421553
- SHY_mdd: -0.00365728
- IEF_r1m: 0.00113151
- IEF_r3m: -0.02496486
- IEF_r12m: 0.06079411
- IEF_vol3m: 0.08944481
- IEF_mdd: -0.06125987
- TLT_r1m: 0.00699561
- TLT_r3m: -0.04081280
- TLT_r12m: 0.04740203
- TLT_vol3m: 0.15195119
- TLT_mdd: -0.14362368
- TIP_r1m: 0.01771971
- TIP_r3m: 0.00709579
- TIP_r12m: 0.07489393
- TIP_vol3m: 0.07092310
- TIP_mdd: -0.02200998
- LQD_r1m: 0.00825904
- LQD_r3m: 0.00219762
- LQD_r12m: 0.07491528
- LQD_vol3m: 0.06449709
- LQD_mdd: -0.02851379
- HYG_r1m: 0.01212987
- HYG_r3m: 0.05048662
- HYG_r12m: 0.13767766
- HYG_vol3m: 0.04517646
- HYG_mdd: -0.00206156
- GLD_r1m: 0.06822545
- GLD_r3m: 0.03069533
- GLD_r12m: 0.25755806
- GLD_vol3m: 0.14785330
- GLD_mdd: -0.00485605
- SLV_r1m: 0.25279877
- SLV_r3m: 0.24203359
- SLV_r12m: 1.03938849
- SLV_vol3m: 0.32828206
- SLV_mdd: 0.00000000
- DBC_r1m: 0.04858715
- DBC_r3m: 0.16903581
- DBC_r12m: 0.27109446
- DBC_vol3m: 0.14295897
- DBC_mdd: 0.00000000
- VNQ_r1m: 0.00889890
- VNQ_r3m: 0.06900642
- VNQ_r12m: 0.29219544
- VNQ_vol3m: 0.15357502
- VNQ_mdd: -0.03407983
- UUP_r1m: -0.01082038
- UUP_r3m: -0.05267690
- UUP_r12m: -0.07151926
- UUP_vol3m: 0.08160896
- UUP_mdd: -0.15060007
- BIL_r1m: 0.00021865
- BIL_r3m: 0.00021865
- BIL_r12m: 0.00043688
- BIL_vol3m: 0.00245348
- BIL_mdd: -0.00021783
- cross_vol: 0.11266126

Assets: SPY, QQQ, IWM, DIA, EFA, EEM, VEA, VWO, AGG, BND, SHY, IEF, TLT, TIP, LQD, HYG, GLD, SLV, DBC, VNQ, UUP, BIL","{
  ""weights"": {
    ""SPY"": 0.234,
    ""QQQ"": 0.233,
    ""IWM"": 0.115,
    ""DIA"": 0.092,
    ""EFA"": 0.065,
    ""EEM"": 0.061,
    ""VEA"": 0.058,
    ""VWO"": 0.054,
    ""AGG"": 0.026,
    ""BND"": 0.025,
    ""SHY"": 0.021,
    ""IEF"": 0.019,
    ""TLT"": 0.017,
    ""TIP"": 0.016,
    ""LQD"": 0.015,
    ""HYG"": 0.014,
    ""GLD"": 0.013,
    ""SLV"": 0.012,
    ""DBC"": 0.011,
    ""VNQ"": 0.010,
    ""UUP"": 0.009,
    ""BIL"": 0.008
  }
}",1,0,0,18.14553983299993,417,1,0,0,0,229,9.987507,1821,stop,[],0,0,0,0,SLV,SPY,SPY,0,0,0.0,0.9455730804279854,0.30553119584990235,1.0842021724855044e-16,2.5803100594807277e-17,0.8897485493230173,0,"{""SPY"":0.2074468085,""QQQ"":0.2065602837,""IWM"":0.1019503546,""DIA"":0.0815602837,""EFA"":0.0576241135,""EEM"":0.0540780142,""VEA"":0.0514184397,""VWO"":0.0478723404,""AGG"":0.0230496454,""BND"":0.0221631206,""SHY"":0.0186170213,""IEF"":0.0168439716,""TLT"":0.015070922,""TIP"":0.0141843972,""LQD"":0.0132978723,""HYG"":0.0124113475,""GLD"":0.0115248227,""SLV"":0.0106382979,""DBC"":0.009751773,""VNQ"":0.0088652482,""UUP"":0.0079787234,""BIL"":0.0070921986}","{""SPY"":0.2074468085,""QQQ"":0.2065602837,""IWM"":0.1019503546,""DIA"":0.0815602837,""EFA"":0.0576241135,""EEM"":0.0540780142,""VEA"":0.0514184397,""VWO"":0.0478723404,""AGG"":0.0230496454,""BND"":0.0221631206,""SHY"":0.0186170213,""IEF"":0.0168439716,""TLT"":0.015070922,""TIP"":0.0141843972,""LQD"":0.0132978723,""HYG"":0.0124113475,""GLD"":0.0115248227,""SLV"":0.0106382979,""DBC"":0.009751773,""VNQ"":0.0088652482,""UUP"":0.0079787234,""BIL"":0.0070921986}","{""SPY"":0.0762245484,""QQQ"":0.0729911318,""IWM"":0.0460838264,""DIA"":0.0945065622,""EFA"":0.0403052842,""EEM"":0.0208599271,""VEA"":0.0106043653,""VWO"":0.0224043577,""AGG"":0.0209724508,""BND"":0.0210292314,""SHY"":0.0399657146,""IEF"":0.006333065,""TLT"":0.0006049361,""TIP"":0.0170673788,""LQD"":0.0168146665,""HYG"":0.0465491726,""GLD"":0.0664174746,""SLV"":0.2059331951,""DBC"":0.0824332499,""VNQ"":0.0441520842,""UUP"":0.0008570733,""BIL"":0.0468903041}",0,0.9999999999999999,0.20744680851063832,0.007092198581560284,1.1102230246251565e-16,0,0,1.0,0.20744680851063832,0.0070921985815602905,1,1,1,0,42,a4dc754070bfca7cb1d85b85
repeatability_504part,repeatability,repeat_01,llama3.1:8b,P6,,,real_ticker,,2011-03-04,42,10.0,0.6,0.25,bcbe8bdc16e0410f,"You are a HYBRID DEFENSIVE-MOMENTUM policy profile. Use only the supplied feature values. Prefer assets with above-median `_r12m`, but among those candidates favor lower `_vol3m` and smaller drawdowns. Avoid assets with severe drawdowns unless their twelve-month momentum is unusually strong and their volatility is not high. During high cross-sectional volatility, keep at least 20% of the portfolio in bond-like or cash-like ETFs if such assets are present in the provided asset list. Do not allocate more than 40% to any single risky asset as a language-level preference; the deterministic projection layer will enforce final feasibility. Include every eligible ticker exactly once. Return strictly valid JSON only with a `weights` object whose values are decimals, not percentages.
Hard constraints for the execution layer: long-only weights, weights sum to one, maximum single-asset weight 0.60, and turnover cap 0.25. You propose weights; deterministic projection will enforce final feasibility.

Current Features:
- SPY_r1m: 0.01517362
- SPY_r3m: 0.08654249
- SPY_r12m: 0.18223620
- SPY_vol3m: 0.10207329
- SPY_mdd: -0.01531252
- QQQ_r1m: 0.01773136
- QQQ_r3m: 0.08105181
- QQQ_r12m: 0.25987017
- QQQ_vol3m: 0.12996557
- QQQ_mdd: -0.01545555
- IWM_r1m: 0.03763402
- IWM_r3m: 0.10226650
- IWM_r12m: 0.25340727
- IWM_vol3m: 0.16466202
- IWM_mdd: -0.01091746
- DIA_r1m: 0.01387677
- DIA_r3m: 0.07663437
- DIA_r12m: 0.17986899
- DIA_vol3m: 0.08434247
- DIA_mdd: -0.01723337
- EFA_r1m: 0.00707251
- EFA_r3m: 0.08699084
- EFA_r12m: 0.14382616
- EFA_vol3m: 0.13820400
- EFA_mdd: -0.01114298
- EEM_r1m: 0.00708605
- EEM_r3m: 0.00687216
- EEM_r12m: 0.16253871
- EEM_vol3m: 0.16856106
- EEM_mdd: -0.02938755
- VEA_r1m: 0.00661210
- VEA_r3m: 0.08581901
- VEA_r12m: 0.14380310
- VEA_vol3m: 0.13829285
- VEA_mdd: -0.01117180
- VWO_r1m: 0.00573023
- VWO_r3m: 0.01183871
- VWO_r12m: 0.17423563
- VWO_vol3m: 0.16617888
- VWO_mdd: -0.03048286
- AGG_r1m: 0.00289662
- AGG_r3m: -0.00079924
- AGG_r12m: 0.04358651
- AGG_vol3m: 0.04656496
- AGG_mdd: -0.02209278
- BND_r1m: 0.00289780
- BND_r3m: -0.00255110
- BND_r12m: 0.04461089
- BND_vol3m: 0.04676261
- BND_mdd: -0.02204709
- SHY_r1m: 0.00084695
- SHY_r3m: 0.00032285
- SHY_r12m: 0.01508673
- SHY_vol3m: 0.01421553
- SHY_mdd: -0.00365728
- IEF_r1m: 0.00113151
- IEF_r3m: -0.02496486
- IEF_r12m: 0.06079411
- IEF_vol3m: 0.08944481
- IEF_mdd: -0.06125987
- TLT_r1m: 0.00699561
- TLT_r3m: -0.04081280
- TLT_r12m: 0.04740203
- TLT_vol3m: 0.15195119
- TLT_mdd: -0.14362368
- TIP_r1m: 0.01771971
- TIP_r3m: 0.00709579
- TIP_r12m: 0.07489393
- TIP_vol3m: 0.07092310
- TIP_mdd: -0.02200998
- LQD_r1m: 0.00825904
- LQD_r3m: 0.00219762
- LQD_r12m: 0.07491528
- LQD_vol3m: 0.06449709
- LQD_mdd: -0.02851379
- HYG_r1m: 0.01212987
- HYG_r3m: 0.05048662
- HYG_r12m: 0.13767766
- HYG_vol3m: 0.04517646
- HYG_mdd: -0.00206156
- GLD_r1m: 0.06822545
- GLD_r3m: 0.03069533
- GLD_r12m: 0.25755806
- GLD_vol3m: 0.14785330
- GLD_mdd: -0.00485605
- SLV_r1m: 0.25279877
- SLV_r3m: 0.24203359
- SLV_r12m: 1.03938849
- SLV_vol3m: 0.32828206
- SLV_mdd: 0.00000000
- DBC_r1m: 0.04858715
- DBC_r3m: 0.16903581
- DBC_r12m: 0.27109446
- DBC_vol3m: 0.14295897
- DBC_mdd: 0.00000000
- VNQ_r1m: 0.00889890
- VNQ_r3m: 0.06900642
- VNQ_r12m: 0.29219544
- VNQ_vol3m: 0.15357502
- VNQ_mdd: -0.03407983
- UUP_r1m: -0.01082038
- UUP_r3m: -0.05267690
- UUP_r12m: -0.07151926
- UUP_vol3m: 0.08160896
- UUP_mdd: -0.15060007
- BIL_r1m: 0.00021865
- BIL_r3m: 0.00021865
- BIL_r12m: 0.00043688
- BIL_vol3m: 0.00245348
- BIL_mdd: -0.00021783
- cross_vol: 0.11266126

Assets: SPY, QQQ, IWM, DIA, EFA, EEM, VEA, VWO, AGG, BND, SHY, IEF, TLT, TIP, LQD, HYG, GLD, SLV, DBC, VNQ, UUP, BIL","{
  ""weights"": {
    ""SPY"": 0.234,
    ""QQQ"": 0.233,
    ""IWM"": 0.115,
    ""DIA"": 0.092,
    ""EFA"": 0.065,
    ""EEM"": 0.061,
    ""VEA"": 0.058,
    ""VWO"": 0.054,
    ""AGG"": 0.026,
    ""BND"": 0.025,
    ""SHY"": 0.021,
    ""IEF"": 0.019,
    ""TLT"": 0.017,
    ""TIP"": 0.016,
    ""LQD"": 0.015,
    ""HYG"": 0.014,
    ""GLD"": 0.013,
    ""SLV"": 0.012,
    ""DBC"": 0.011,
    ""VNQ"": 0.010,
    ""UUP"": 0.009,
    ""BIL"": 0.008
  }
}",1,0,0,10.210426250007004,417,1,0,0,0,229,9.982093,1821,stop,[],0,0,0,0,SLV,SPY,SPY,0,0,0.0,0.9455730804279854,0.30553119584990235,1.0842021724855044e-16,2.5803100594807277e-17,0.8897485493230173,0,"{""SPY"":0.2074468085,""QQQ"":0.2065602837,""IWM"":0.1019503546,""DIA"":0.0815602837,""EFA"":0.0576241135,""EEM"":0.0540780142,""VEA"":0.0514184397,""VWO"":0.0478723404,""AGG"":0.0230496454,""BND"":0.0221631206,""SHY"":0.0186170213,""IEF"":0.0168439716,""TLT"":0.015070922,""TIP"":0.0141843972,""LQD"":0.0132978723,""HYG"":0.0124113475,""GLD"":0.0115248227,""SLV"":0.0106382979,""DBC"":0.009751773,""VNQ"":0.0088652482,""UUP"":0.0079787234,""BIL"":0.0070921986}","{""SPY"":0.2074468085,""QQQ"":0.2065602837,""IWM"":0.1019503546,""DIA"":0.0815602837,""EFA"":0.0576241135,""EEM"":0.0540780142,""VEA"":0.0514184397,""VWO"":0.0478723404,""AGG"":0.0230496454,""BND"":0.0221631206,""SHY"":0.0186170213,""IEF"":0.0168439716,""TLT"":0.015070922,""TIP"":0.0141843972,""LQD"":0.0132978723,""HYG"":0.0124113475,""GLD"":0.0115248227,""SLV"":0.0106382979,""DBC"":0.009751773,""VNQ"":0.0088652482,""UUP"":0.0079787234,""BIL"":0.0070921986}","{""SPY"":0.0762245484,""QQQ"":0.0729911318,""IWM"":0.0460838264,""DIA"":0.0945065622,""EFA"":0.0403052842,""EEM"":0.0208599271,""VEA"":0.0106043653,""VWO"":0.0224043577,""AGG"":0.0209724508,""BND"":0.0210292314,""SHY"":0.0399657146,""IEF"":0.006333065,""TLT"":0.0006049361,""TIP"":0.0170673788,""LQD"":0.0168146665,""HYG"":0.0465491726,""GLD"":0.0664174746,""SLV"":0.2059331951,""DBC"":0.0824332499,""VNQ"":0.0441520842,""UUP"":0.0008570733,""BIL"":0.0468903041}",0,0.9999999999999999,0.20744680851063832,0.007092198581560284,1.1102230246251565e-16,0,0,1.0,0.20744680851063832,0.0070921985815602905,1,1,1,1,43,66f71305e3e6a0d426ef8219
repeatability_504part,repeatability,repeat_02,llama3.1:8b,P6,,,real_ticker,,2011-03-04,42,10.0,0.6,0.25,bcbe8bdc16e0410f,"You are a HYBRID DEFENSIVE-MOMENTUM policy profile. Use only the supplied feature values. Prefer assets with above-median `_r12m`, but among those candidates favor lower `_vol3m` and smaller drawdowns. Avoid assets with severe drawdowns unless their twelve-month momentum is unusually strong and their volatility is not high. During high cross-sectional volatility, keep at least 20% of the portfolio in bond-like or cash-like ETFs if such assets are present in the provided asset list. Do not allocate more than 40% to any single risky asset as a language-level preference; the deterministic projection layer will enforce final feasibility. Include every eligible ticker exactly once. Return strictly valid JSON only with a `weights` object whose values are decimals, not percentages.
Hard constraints for the execution layer: long-only weights, weights sum to one, maximum single-asset weight 0.60, and turnover cap 0.25. You propose weights; deterministic projection will enforce final feasibility.

Current Features:
- SPY_r1m: 0.01517362
- SPY_r3m: 0.08654249
- SPY_r12m: 0.18223620
- SPY_vol3m: 0.10207329
- SPY_mdd: -0.01531252
- QQQ_r1m: 0.01773136
- QQQ_r3m: 0.08105181
- QQQ_r12m: 0.25987017
- QQQ_vol3m: 0.12996557
- QQQ_mdd: -0.01545555
- IWM_r1m: 0.03763402
- IWM_r3m: 0.10226650
- IWM_r12m: 0.25340727
- IWM_vol3m: 0.16466202
- IWM_mdd: -0.01091746
- DIA_r1m: 0.01387677
- DIA_r3m: 0.07663437
- DIA_r12m: 0.17986899
- DIA_vol3m: 0.08434247
- DIA_mdd: -0.01723337
- EFA_r1m: 0.00707251
- EFA_r3m: 0.08699084
- EFA_r12m: 0.14382616
- EFA_vol3m: 0.13820400
- EFA_mdd: -0.01114298
- EEM_r1m: 0.00708605
- EEM_r3m: 0.00687216
- EEM_r12m: 0.16253871
- EEM_vol3m: 0.16856106
- EEM_mdd: -0.02938755
- VEA_r1m: 0.00661210
- VEA_r3m: 0.08581901
- VEA_r12m: 0.14380310
- VEA_vol3m: 0.13829285
- VEA_mdd: -0.01117180
- VWO_r1m: 0.00573023
- VWO_r3m: 0.01183871
- VWO_r12m: 0.17423563
- VWO_vol3m: 0.16617888
- VWO_mdd: -0.03048286
- AGG_r1m: 0.00289662
- AGG_r3m: -0.00079924
- AGG_r12m: 0.04358651
- AGG_vol3m: 0.04656496
- AGG_mdd: -0.02209278
- BND_r1m: 0.00289780
- BND_r3m: -0.00255110
- BND_r12m: 0.04461089
- BND_vol3m: 0.04676261
- BND_mdd: -0.02204709
- SHY_r1m: 0.00084695
- SHY_r3m: 0.00032285
- SHY_r12m: 0.01508673
- SHY_vol3m: 0.01421553
- SHY_mdd: -0.00365728
- IEF_r1m: 0.00113151
- IEF_r3m: -0.02496486
- IEF_r12m: 0.06079411
- IEF_vol3m: 0.08944481
- IEF_mdd: -0.06125987
- TLT_r1m: 0.00699561
- TLT_r3m: -0.04081280
- TLT_r12m: 0.04740203
- TLT_vol3m: 0.15195119
- TLT_mdd: -0.14362368
- TIP_r1m: 0.01771971
- TIP_r3m: 0.00709579
- TIP_r12m: 0.07489393
- TIP_vol3m: 0.07092310
- TIP_mdd: -0.02200998
- LQD_r1m: 0.00825904
- LQD_r3m: 0.00219762
- LQD_r12m: 0.07491528
- LQD_vol3m: 0.06449709
- LQD_mdd: -0.02851379
- HYG_r1m: 0.01212987
- HYG_r3m: 0.05048662
- HYG_r12m: 0.13767766
- HYG_vol3m: 0.04517646
- HYG_mdd: -0.00206156
- GLD_r1m: 0.06822545
- GLD_r3m: 0.03069533
- GLD_r12m: 0.25755806
- GLD_vol3m: 0.14785330
- GLD_mdd: -0.00485605
- SLV_r1m: 0.25279877
- SLV_r3m: 0.24203359
- SLV_r12m: 1.03938849
- SLV_vol3m: 0.32828206
- SLV_mdd: 0.00000000
- DBC_r1m: 0.04858715
- DBC_r3m: 0.16903581
- DBC_r12m: 0.27109446
- DBC_vol3m: 0.14295897
- DBC_mdd: 0.00000000
- VNQ_r1m: 0.00889890
- VNQ_r3m: 0.06900642
- VNQ_r12m: 0.29219544
- VNQ_vol3m: 0.15357502
- VNQ_mdd: -0.03407983
- UUP_r1m: -0.01082038
- UUP_r3m: -0.05267690
- UUP_r12m: -0.07151926
- UUP_vol3m: 0.08160896
- UUP_mdd: -0.15060007
- BIL_r1m: 0.00021865
- BIL_r3m: 0.00021865
- BIL_r12m: 0.00043688
- BIL_vol3m: 0.00245348
- BIL_mdd: -0.00021783
- cross_vol: 0.11266126

Assets: SPY, QQQ, IWM, DIA, EFA, EEM, VEA, VWO, AGG, BND, SHY, IEF, TLT, TIP, LQD, HYG, GLD, SLV, DBC, VNQ, UUP, BIL","{
  ""weights"": {
    ""SPY"": 0.234,
    ""QQQ"": 0.233,
    ""IWM"": 0.115,
    ""DIA"": 0.092,
    ""EFA"": 0.065,
    ""EEM"": 0.061,
    ""VEA"": 0.058,
    ""VWO"": 0.054,
    ""AGG"": 0.026,
    ""BND"": 0.025,
    ""SHY"": 0.021,
    ""IEF"": 0.019,
    ""TLT"": 0.017,
    ""TIP"": 0.016,
    ""LQD"": 0.015,
    ""HYG"": 0.014,
    ""GLD"": 0.013,
    ""SLV"": 0.012,
    ""DBC"": 0.011,
    ""VNQ"": 0.010,
    ""UUP"": 0.009,
    ""BIL"": 0.008
  }
}",1,0,0,10.22914724999282,417,1,0,0,0,229,9.979865,1821,stop,[],0,0,0,0,SLV,SPY,SPY,0,0,0.0,0.9455730804279854,0.30553119584990235,1.0842021724855044e-16,2.5803100594807277e-17,0.8897485493230173,0,"{""SPY"":0.2074468085,""QQQ"":0.2065602837,""IWM"":0.1019503546,""DIA"":0.0815602837,""EFA"":0.0576241135,""EEM"":0.0540780142,""VEA"":0.0514184397,""VWO"":0.0478723404,""AGG"":0.0230496454,""BND"":0.0221631206,""SHY"":0.0186170213,""IEF"":0.0168439716,""TLT"":0.015070922,""TIP"":0.0141843972,""LQD"":0.0132978723,""HYG"":0.0124113475,""GLD"":0.0115248227,""SLV"":0.0106382979,""DBC"":0.009751773,""VNQ"":0.0088652482,""UUP"":0.0079787234,""BIL"":0.0070921986}","{""SPY"":0.2074468085,""QQQ"":0.2065602837,""IWM"":0.1019503546,""DIA"":0.0815602837,""EFA"":0.0576241135,""EEM"":0.0540780142,""VEA"":0.0514184397,""VWO"":0.0478723404,""AGG"":0.0230496454,""BND"":0.0221631206,""SHY"":0.0186170213,""IEF"":0.0168439716,""TLT"":0.015070922,""TIP"":0.0141843972,""LQD"":0.0132978723,""HYG"":0.0124113475,""GLD"":0.0115248227,""SLV"":0.0106382979,""DBC"":0.009751773,""VNQ"":0.0088652482,""UUP"":0.0079787234,""BIL"":0.0070921986}","{""SPY"":0.0762245484,""QQQ"":0.0729911318,""IWM"":0.0460838264,""DIA"":0.0945065622,""EFA"":0.0403052842,""EEM"":0.0208599271,""VEA"":0.0106043653,""VWO"":0.0224043577,""AGG"":0.0209724508,""BND"":0.0210292314,""SHY"":0.0399657146,""IEF"":0.006333065,""TLT"":0.0006049361,""TIP"":0.0170673788,""LQD"":0.0168146665,""HYG"":0.0465491726,""GLD"":0.0664174746,""SLV"":0.2059331951,""DBC"":0.0824332499,""VNQ"":0.0441520842,""UUP"":0.0008570733,""BIL"":0.0468903041}",0,0.9999999999999999,0.20744680851063832,0.007092198581560284,1.1102230246251565e-16,0,0,1.0,0.20744680851063832,0.0070921985815602905,1,1,1,2,44,de2486dc5669b7d58daea263
repeatability_504part,repeatability,repeat_03,llama3.1:8b,P6,,,real_ticker,,2011-03-04,42,10.0,0.6,0.25,bcbe8bdc16e0410f,"You are a HYBRID DEFENSIVE-MOMENTUM policy profile. Use only the supplied feature values. Prefer assets with above-median `_r12m`, but among those candidates favor lower `_vol3m` and smaller drawdowns. Avoid assets with severe drawdowns unless their twelve-month momentum is unusually strong and their volatility is not high. During high cross-sectional volatility, keep at least 20% of the portfolio in bond-like or cash-like ETFs if such assets are present in the provided asset list. Do not allocate more than 40% to any single risky asset as a language-level preference; the deterministic projection layer will enforce final feasibility. Include every eligible ticker exactly once. Return strictly valid JSON only with a `weights` object whose values are decimals, not percentages.
Hard constraints for the execution layer: long-only weights, weights sum to one, maximum single-asset weight 0.60, and turnover cap 0.25. You propose weights; deterministic projection will enforce final feasibility.

Current Features:
- SPY_r1m: 0.01517362
- SPY_r3m: 0.08654249
- SPY_r12m: 0.18223620
- SPY_vol3m: 0.10207329
- SPY_mdd: -0.01531252
- QQQ_r1m: 0.01773136
- QQQ_r3m: 0.08105181
- QQQ_r12m: 0.25987017
- QQQ_vol3m: 0.12996557
- QQQ_mdd: -0.01545555
- IWM_r1m: 0.03763402
- IWM_r3m: 0.10226650
- IWM_r12m: 0.25340727
- IWM_vol3m: 0.16466202
- IWM_mdd: -0.01091746
- DIA_r1m: 0.01387677
- DIA_r3m: 0.07663437
- DIA_r12m: 0.17986899
- DIA_vol3m: 0.08434247
- DIA_mdd: -0.01723337
- EFA_r1m: 0.00707251
- EFA_r3m: 0.08699084
- EFA_r12m: 0.14382616
- EFA_vol3m: 0.13820400
- EFA_mdd: -0.01114298
- EEM_r1m: 0.00708605
- EEM_r3m: 0.00687216
- EEM_r12m: 0.16253871
- EEM_vol3m: 0.16856106
- EEM_mdd: -0.02938755
- VEA_r1m: 0.00661210
- VEA_r3m: 0.08581901
- VEA_r12m: 0.14380310
- VEA_vol3m: 0.13829285
- VEA_mdd: -0.01117180
- VWO_r1m: 0.00573023
- VWO_r3m: 0.01183871
- VWO_r12m: 0.17423563
- VWO_vol3m: 0.16617888
- VWO_mdd: -0.03048286
- AGG_r1m: 0.00289662
- AGG_r3m: -0.00079924
- AGG_r12m: 0.04358651
- AGG_vol3m: 0.04656496
- AGG_mdd: -0.02209278
- BND_r1m: 0.00289780
- BND_r3m: -0.00255110
- BND_r12m: 0.04461089
- BND_vol3m: 0.04676261
- BND_mdd: -0.02204709
- SHY_r1m: 0.00084695
- SHY_r3m: 0.00032285
- SHY_r12m: 0.01508673
- SHY_vol3m: 0.01421553
- SHY_mdd: -0.00365728
- IEF_r1m: 0.00113151
- IEF_r3m: -0.02496486
- IEF_r12m: 0.06079411
- IEF_vol3m: 0.08944481
- IEF_mdd: -0.06125987
- TLT_r1m: 0.00699561
- TLT_r3m: -0.04081280
- TLT_r12m: 0.04740203
- TLT_vol3m: 0.15195119
- TLT_mdd: -0.14362368
- TIP_r1m: 0.01771971
- TIP_r3m: 0.00709579
- TIP_r12m: 0.07489393
- TIP_vol3m: 0.07092310
- TIP_mdd: -0.02200998
- LQD_r1m: 0.00825904
- LQD_r3m: 0.00219762
- LQD_r12m: 0.07491528
- LQD_vol3m: 0.06449709
- LQD_mdd: -0.02851379
- HYG_r1m: 0.01212987
- HYG_r3m: 0.05048662
- HYG_r12m: 0.13767766
- HYG_vol3m: 0.04517646
- HYG_mdd: -0.00206156
- GLD_r1m: 0.06822545
- GLD_r3m: 0.03069533
- GLD_r12m: 0.25755806
- GLD_vol3m: 0.14785330
- GLD_mdd: -0.00485605
- SLV_r1m: 0.25279877
- SLV_r3m: 0.24203359
- SLV_r12m: 1.03938849
- SLV_vol3m: 0.32828206
- SLV_mdd: 0.00000000
- DBC_r1m: 0.04858715
- DBC_r3m: 0.16903581
- DBC_r12m: 0.27109446
- DBC_vol3m: 0.14295897
- DBC_mdd: 0.00000000
- VNQ_r1m: 0.00889890
- VNQ_r3m: 0.06900642
- VNQ_r12m: 0.29219544
- VNQ_vol3m: 0.15357502
- VNQ_mdd: -0.03407983
- UUP_r1m: -0.01082038
- UUP_r3m: -0.05267690
- UUP_r12m: -0.07151926
- UUP_vol3m: 0.08160896
- UUP_mdd: -0.15060007
- BIL_r1m: 0.00021865
- BIL_r3m: 0.00021865
- BIL_r12m: 0.00043688
- BIL_vol3m: 0.00245348
- BIL_mdd: -0.00021783
- cross_vol: 0.11266126

Assets: SPY, QQQ, IWM, DIA, EFA, EEM, VEA, VWO, AGG, BND, SHY, IEF, TLT, TIP, LQD, HYG, GLD, SLV, DBC, VNQ, UUP, BIL","{
  ""weights"": {
    ""SPY"": 0.234,
    ""QQQ"": 0.233,
    ""IWM"": 0.115,
    ""DIA"": 0.092,
    ""EFA"": 0.065,
    ""EEM"": 0.061,
    ""VEA"": 0.058,
    ""VWO"": 0.054,
    ""AGG"": 0.026,
    ""BND"": 0.025,
    ""SHY"": 0.021,
    ""IEF"": 0.019,
    ""TLT"": 0.017,
    ""TIP"": 0.016,
    ""LQD"": 0.015,
    ""HYG"": 0.014,
    ""GLD"": 0.013,
    ""SLV"": 0.012,
    ""DBC"": 0.011,
    ""VNQ"": 0.010,
    ""UUP"": 0.009,
    ""BIL"": 0.008
  }
}",1,0,0,10.231755250002607,417,1,0,0,0,229,9.995617,1821,stop,[],0,0,0,0,SLV,SPY,SPY,0,0,0.0,0.9455730804279854,0.30553119584990235,1.0842021724855044e-16,2.5803100594807277e-17,0.8897485493230173,0,"{""SPY"":0.2074468085,""QQQ"":0.2065602837,""IWM"":0.1019503546,""DIA"":0.0815602837,""EFA"":0.0576241135,""EEM"":0.0540780142,""VEA"":0.0514184397,""VWO"":0.0478723404,""AGG"":0.0230496454,""BND"":0.0221631206,""SHY"":0.0186170213,""IEF"":0.0168439716,""TLT"":0.015070922,""TIP"":0.0141843972,""LQD"":0.0132978723,""HYG"":0.0124113475,""GLD"":0.0115248227,""SLV"":0.0106382979,""DBC"":0.009751773,""VNQ"":0.0088652482,""UUP"":0.0079787234,""BIL"":0.0070921986}","{""SPY"":0.2074468085,""QQQ"":0.2065602837,""IWM"":0.1019503546,""DIA"":0.0815602837,""EFA"":0.0576241135,""EEM"":0.0540780142,""VEA"":0.0514184397,""VWO"":0.0478723404,""AGG"":0.0230496454,""BND"":0.0221631206,""SHY"":0.0186170213,""IEF"":0.0168439716,""TLT"":0.015070922,""TIP"":0.0141843972,""LQD"":0.0132978723,""HYG"":0.0124113475,""GLD"":0.0115248227,""SLV"":0.0106382979,""DBC"":0.009751773,""VNQ"":0.0088652482,""UUP"":0.0079787234,""BIL"":0.0070921986}","{""SPY"":0.0762245484,""QQQ"":0.0729911318,""IWM"":0.0460838264,""DIA"":0.0945065622,""EFA"":0.0403052842,""EEM"":0.0208599271,""VEA"":0.0106043653,""VWO"":0.0224043577,""AGG"":0.0209724508,""BND"":0.0210292314,""SHY"":0.0399657146,""IEF"":0.006333065,""TLT"":0.0006049361,""TIP"":0.0170673788,""LQD"":0.0168146665,""HYG"":0.0465491726,""GLD"":0.0664174746,""SLV"":0.2059331951,""DBC"":0.0824332499,""VNQ"":0.0441520842,""UUP"":0.0008570733,""BIL"":0.0468903041}",0,0.9999999999999999,0.20744680851063832,0.007092198581560284,1.1102230246251565e-16,0,0,1.0,0.20744680851063832,0.0070921985815602905,1,1,1,3,45,376a03ee84c7aee357e104b2
repeatability_504part,repeatability,repeat_00,llama3.1:8b,P1,,,real_ticker,,2011-05-04,42,10.0,0.6,0.25,1f5e90e7181f46d1,"You are an AGGRESSIVE MOMENTUM policy profile. Use only the provided feature values. Strongly favor the eligible asset with the highest `_r12m` value. Allocate 60.0% of total portfolio weight to that target asset as the language-level policy target. Distribute the remaining weight equally among all other eligible assets. Include every eligible ticker exactly once. Return strictly valid JSON only with a `weights` object whose values are decimals, not percentages.
Hard constraints for the execution layer: long-only weights, weights sum to one, maximum single-asset weight 0.60, and turnover cap 0.25. You propose weights; deterministic projection will enforce final feasibility.

Current Features:
- SPY_r1m: 0.01178144
- SPY_r3m: 0.03774783
- SPY_r12m: 0.17709098
- SPY_vol3m: 0.12375589
- SPY_mdd: -0.01172787
- QQQ_r1m: 0.02322349
- QQQ_r3m: 0.03024367
- QQQ_r12m: 0.22798957
- QQQ_vol3m: 0.14657511
- QQQ_mdd: -0.01046931
- IWM_r1m: -0.01793927
- IWM_r3m: 0.04951221
- IWM_r12m: 0.20492090
- IWM_vol3m: 0.17441083
- IWM_mdd: -0.03680959
- DIA_r1m: 0.02687429
- DIA_r3m: 0.06279286
- DIA_r12m: 0.19895298
- DIA_vol3m: 0.12039240
- DIA_mdd: -0.00835674
- EFA_r1m: 0.03424981
- EFA_r3m: 0.03305901
- EFA_r12m: 0.24971559
- EFA_vol3m: 0.18728501
- EFA_mdd: -0.01659624
- EEM_r1m: -0.03569240
- EEM_r3m: 0.03263932
- EEM_r12m: 0.23236279
- EEM_vol3m: 0.19696833
- EEM_mdd: -0.04203172
- VEA_r1m: 0.03423530
- VEA_r3m: 0.03101591
- VEA_r12m: 0.25072536
- VEA_vol3m: 0.18904105
- VEA_mdd: -0.01665435
- VWO_r1m: -0.03206525
- VWO_r3m: 0.03140949
- VWO_r12m: 0.24140505
- VWO_vol3m: 0.19272694
- VWO_mdd: -0.04160914
- AGG_r1m: 0.01538010
- AGG_r3m: 0.02243082
- AGG_r12m: 0.05414809
- AGG_vol3m: 0.03148984
- AGG_mdd: -0.00304533
- BND_r1m: 0.01479744
- BND_r3m: 0.02192251
- BND_r12m: 0.05373923
- BND_vol3m: 0.03177888
- BND_mdd: -0.00349558
- SHY_r1m: 0.00496608
- SHY_r3m: 0.00518169
- SHY_r12m: 0.01670200
- SHY_vol3m: 0.01258394
- SHY_mdd: 0.00000000
- IEF_r1m: 0.01891337
- IEF_r3m: 0.02687183
- IEF_r12m: 0.07066975
- IEF_vol3m: 0.06434875
- IEF_mdd: -0.03712371
- TLT_r1m: 0.02930659
- TLT_r3m: 0.05783166
- TLT_r12m: 0.05027193
- TLT_vol3m: 0.12089728
- TLT_mdd: -0.10039133
- TIP_r1m: 0.02081862
- TIP_r3m: 0.05159197
- TIP_r12m: 0.08255954
- TIP_vol3m: 0.05526369
- TIP_mdd: 0.00000000
- LQD_r1m: 0.02127011
- LQD_r3m: 0.03733958
- LQD_r12m: 0.08629304
- LQD_vol3m: 0.04614927
- LQD_mdd: -0.00049387
- HYG_r1m: 0.01037362
- HYG_r3m: 0.02721753
- HYG_r12m: 0.15346286
- HYG_vol3m: 0.05140232
- HYG_mdd: -0.00061772
- GLD_r1m: 0.05642162
- GLD_r3m: 0.13246454
- GLD_r12m: 0.28360414
- GLD_vol3m: 0.12461114
- GLD_mdd: -0.03045219
- SLV_r1m: 0.01836079
- SLV_r3m: 0.38208739
- SLV_r12m: 1.23670363
- SLV_vol3m: 0.40561753
- SLV_mdd: -0.19022425
- DBC_r1m: -0.00806450
- DBC_r3m: 0.05961411
- DBC_r12m: 0.31635270
- DBC_vol3m: 0.17625531
- DBC_mdd: -0.03665408
- VNQ_r1m: 0.04306293
- VNQ_r3m: 0.07284224
- VNQ_r12m: 0.21516831
- VNQ_vol3m: 0.15337400
- VNQ_mdd: -0.01849138
- UUP_r1m: -0.03720713
- UUP_r3m: -0.05500437
- UUP_r12m: -0.14831359
- UUP_vol3m: 0.06616977
- UUP_mdd: -0.18854047
- BIL_r1m: 0.00043658
- BIL_r3m: 0.00043658
- BIL_r12m: 0.00043658
- BIL_vol3m: 0.00256639
- BIL_mdd: 0.00000000
- cross_vol: 0.12153017

Assets: SPY, QQQ, IWM, DIA, EFA, EEM, VEA, VWO, AGG, BND, SHY, IEF, TLT, TIP, LQD, HYG, GLD, SLV, DBC, VNQ, UUP, BIL","{
  ""weights"": {
    ""SPY"": 0.36,
    ""QQQ"": 0.24,
    ""IWM"": 0.20,
    ""DIA"": 0.00,
    ""EFA"": 0.00,
    ""EEM"": 0.00,
    ""VEA"": 0.00,
    ""VWO"": 0.00,
    ""AGG"": 0.00,
    ""BND"": 0.00,
    ""SHY"": 0.00,
    ""IEF"": 0.00,
    ""TLT"": 0.00,
    ""TIP"": 0.00,
    ""LQD"": 0.00,
    ""HYG"": 0.00,
    ""GLD"": 0.00,
    ""SLV"": 0.00,
    ""DBC"": 0.00,
    ""VNQ"": 0.00,
    ""UUP"": 0.00,
    ""BIL"": 0.00
  }
}",1,0,0,17.78813837499183,395,1,0,0,0,229,9.96524,1754,stop,[],0,0,0,0,SLV,SPY,SPY,0,0,0.6666666666666666,1.8857142857142852,0.8273595406616215,2.636779683484738e-16,6.049187461416387e-17,1.7272727272727268,0,"{""SPY"":0.45,""QQQ"":0.3,""IWM"":0.25,""DIA"":0.0,""EFA"":0.0,""EEM"":0.0,""VEA"":0.0,""VWO"":0.0,""AGG"":0.0,""BND"":0.0,""SHY"":0.0,""IEF"":0.0,""TLT"":0.0,""TIP"":0.0,""LQD"":0.0,""HYG"":0.0,""GLD"":0.0,""SLV"":0.0,""DBC"":0.0,""VNQ"":0.0,""UUP"":0.0,""BIL"":0.0}","{""SPY"":0.45,""QQQ"":0.3,""IWM"":0.25,""DIA"":1.387778781e-17,""EFA"":1.387778781e-17,""EEM"":1.387778781e-17,""VEA"":1.387778781e-17,""VWO"":1.387778781e-17,""AGG"":1.387778781e-17,""BND"":1.387778781e-17,""SHY"":1.387778781e-17,""IEF"":1.387778781e-17,""TLT"":1.387778781e-17,""TIP"":1.387778781e-17,""LQD"":1.387778781e-17,""HYG"":1.387778781e-17,""GLD"":1.387778781e-17,""SLV"":1.387778781e-17,""DBC"":1.387778781e-17,""VNQ"":1.387778781e-17,""UUP"":1.387778781e-17,""BIL"":1.387778781e-17}","{""SPY"":0.019047619,""QQQ"":0.019047619,""IWM"":0.019047619,""DIA"":0.019047619,""EFA"":0.019047619,""EEM"":0.019047619,""VEA"":0.019047619,""VWO"":0.019047619,""AGG"":0.019047619,""BND"":0.019047619,""SHY"":0.019047619,""IEF"":0.019047619,""TLT"":0.019047619,""TIP"":0.019047619,""LQD"":0.019047619,""HYG"":0.019047619,""GLD"":0.019047619,""SLV"":0.6,""DBC"":0.019047619,""VNQ"":0.019047619,""UUP"":0.019047619,""BIL"":0.019047619}",0,1.0,0.44999999999999996,0.0,0.0,0,0,1.0,0.44999999999999996,1.387778780781441e-17,1,1,1,0,42,49e54d0c4691d12fbc53ab1f
repeatability_504part,repeatability,repeat_01,llama3.1:8b,P1,,,real_ticker,,2011-05-04,42,10.0,0.6,0.25,1f5e90e7181f46d1,"You are an AGGRESSIVE MOMENTUM policy profile. Use only the provided feature values. Strongly favor the eligible asset with the highest `_r12m` value. Allocate 60.0% of total portfolio weight to that target asset as the language-level policy target. Distribute the remaining weight equally among all other eligible assets. Include every eligible ticker exactly once. Return strictly valid JSON only with a `weights` object whose values are decimals, not percentages.
Hard constraints for the execution layer: long-only weights, weights sum to one, maximum single-asset weight 0.60, and turnover cap 0.25. You propose weights; deterministic projection will enforce final feasibility.

Current Features:
- SPY_r1m: 0.01178144
- SPY_r3m: 0.03774783
- SPY_r12m: 0.17709098
- SPY_vol3m: 0.12375589
- SPY_mdd: -0.01172787
- QQQ_r1m: 0.02322349
- QQQ_r3m: 0.03024367
- QQQ_r12m: 0.22798957
- QQQ_vol3m: 0.14657511
- QQQ_mdd: -0.01046931
- IWM_r1m: -0.01793927
- IWM_r3m: 0.04951221
- IWM_r12m: 0.20492090
- IWM_vol3m: 0.17441083
- IWM_mdd: -0.03680959
- DIA_r1m: 0.02687429
- DIA_r3m: 0.06279286
- DIA_r12m: 0.19895298
- DIA_vol3m: 0.12039240
- DIA_mdd: -0.00835674
- EFA_r1m: 0.03424981
- EFA_r3m: 0.03305901
- EFA_r12m: 0.24971559
- EFA_vol3m: 0.18728501
- EFA_mdd: -0.01659624
- EEM_r1m: -0.03569240
- EEM_r3m: 0.03263932
- EEM_r12m: 0.23236279
- EEM_vol3m: 0.19696833
- EEM_mdd: -0.04203172
- VEA_r1m: 0.03423530
- VEA_r3m: 0.03101591
- VEA_r12m: 0.25072536
- VEA_vol3m: 0.18904105
- VEA_mdd: -0.01665435
- VWO_r1m: -0.03206525
- VWO_r3m: 0.03140949
- VWO_r12m: 0.24140505
- VWO_vol3m: 0.19272694
- VWO_mdd: -0.04160914
- AGG_r1m: 0.01538010
- AGG_r3m: 0.02243082
- AGG_r12m: 0.05414809
- AGG_vol3m: 0.03148984
- AGG_mdd: -0.00304533
- BND_r1m: 0.01479744
- BND_r3m: 0.02192251
- BND_r12m: 0.05373923
- BND_vol3m: 0.03177888
- BND_mdd: -0.00349558
- SHY_r1m: 0.00496608
- SHY_r3m: 0.00518169
- SHY_r12m: 0.01670200
- SHY_vol3m: 0.01258394
- SHY_mdd: 0.00000000
- IEF_r1m: 0.01891337
- IEF_r3m: 0.02687183
- IEF_r12m: 0.07066975
- IEF_vol3m: 0.06434875
- IEF_mdd: -0.03712371
- TLT_r1m: 0.02930659
- TLT_r3m: 0.05783166
- TLT_r12m: 0.05027193
- TLT_vol3m: 0.12089728
- TLT_mdd: -0.10039133
- TIP_r1m: 0.02081862
- TIP_r3m: 0.05159197
- TIP_r12m: 0.08255954
- TIP_vol3m: 0.05526369
- TIP_mdd: 0.00000000
- LQD_r1m: 0.02127011
- LQD_r3m: 0.03733958
- LQD_r12m: 0.08629304
- LQD_vol3m: 0.04614927
- LQD_mdd: -0.00049387
- HYG_r1m: 0.01037362
- HYG_r3m: 0.02721753
- HYG_r12m: 0.15346286
- HYG_vol3m: 0.05140232
- HYG_mdd: -0.00061772
- GLD_r1m: 0.05642162
- GLD_r3m: 0.13246454
- GLD_r12m: 0.28360414
- GLD_vol3m: 0.12461114
- GLD_mdd: -0.03045219
- SLV_r1m: 0.01836079
- SLV_r3m: 0.38208739
- SLV_r12m: 1.23670363
- SLV_vol3m: 0.40561753
- SLV_mdd: -0.19022425
- DBC_r1m: -0.00806450
- DBC_r3m: 0.05961411
- DBC_r12m: 0.31635270
- DBC_vol3m: 0.17625531
- DBC_mdd: -0.03665408
- VNQ_r1m: 0.04306293
- VNQ_r3m: 0.07284224
- VNQ_r12m: 0.21516831
- VNQ_vol3m: 0.15337400
- VNQ_mdd: -0.01849138
- UUP_r1m: -0.03720713
- UUP_r3m: -0.05500437
- UUP_r12m: -0.14831359
- UUP_vol3m: 0.06616977
- UUP_mdd: -0.18854047
- BIL_r1m: 0.00043658
- BIL_r3m: 0.00043658
- BIL_r12m: 0.00043658
- BIL_vol3m: 0.00256639
- BIL_mdd: 0.00000000
- cross_vol: 0.12153017

Assets: SPY, QQQ, IWM, DIA, EFA, EEM, VEA, VWO, AGG, BND, SHY, IEF, TLT, TIP, LQD, HYG, GLD, SLV, DBC, VNQ, UUP, BIL","{
  ""weights"": {
    ""SPY"": 0.36,
    ""QQQ"": 0.24,
    ""IWM"": 0.20,
    ""DIA"": 0.00,
    ""EFA"": 0.00,
    ""EEM"": 0.00,
    ""VEA"": 0.00,
    ""VWO"": 0.00,
    ""AGG"": 0.00,
    ""BND"": 0.00,
    ""SHY"": 0.00,
    ""IEF"": 0.00,
    ""TLT"": 0.00,
    ""TIP"": 0.00,
    ""LQD"": 0.00,
    ""HYG"": 0.00,
    ""GLD"": 0.00,
    ""SLV"": 0.00,
    ""DBC"": 0.00,
    ""VNQ"": 0.00,
    ""UUP"": 0.00,
    ""BIL"": 0.00
  }
}",1,0,0,10.18907662499987,395,1,0,0,0,229,9.954897,1754,stop,[],0,0,0,0,SLV,SPY,SPY,0,0,0.6666666666666666,1.8857142857142852,0.8273595406616215,2.636779683484738e-16,6.049187461416387e-17,1.7272727272727268,0,"{""SPY"":0.45,""QQQ"":0.3,""IWM"":0.25,""DIA"":0.0,""EFA"":0.0,""EEM"":0.0,""VEA"":0.0,""VWO"":0.0,""AGG"":0.0,""BND"":0.0,""SHY"":0.0,""IEF"":0.0,""TLT"":0.0,""TIP"":0.0,""LQD"":0.0,""HYG"":0.0,""GLD"":0.0,""SLV"":0.0,""DBC"":0.0,""VNQ"":0.0,""UUP"":0.0,""BIL"":0.0}","{""SPY"":0.45,""QQQ"":0.3,""IWM"":0.25,""DIA"":1.387778781e-17,""EFA"":1.387778781e-17,""EEM"":1.387778781e-17,""VEA"":1.387778781e-17,""VWO"":1.387778781e-17,""AGG"":1.387778781e-17,""BND"":1.387778781e-17,""SHY"":1.387778781e-17,""IEF"":1.387778781e-17,""TLT"":1.387778781e-17,""TIP"":1.387778781e-17,""LQD"":1.387778781e-17,""HYG"":1.387778781e-17,""GLD"":1.387778781e-17,""SLV"":1.387778781e-17,""DBC"":1.387778781e-17,""VNQ"":1.387778781e-17,""UUP"":1.387778781e-17,""BIL"":1.387778781e-17}","{""SPY"":0.019047619,""QQQ"":0.019047619,""IWM"":0.019047619,""DIA"":0.019047619,""EFA"":0.019047619,""EEM"":0.019047619,""VEA"":0.019047619,""VWO"":0.019047619,""AGG"":0.019047619,""BND"":0.019047619,""SHY"":0.019047619,""IEF"":0.019047619,""TLT"":0.019047619,""TIP"":0.019047619,""LQD"":0.019047619,""HYG"":0.019047619,""GLD"":0.019047619,""SLV"":0.6,""DBC"":0.019047619,""VNQ"":0.019047619,""UUP"":0.019047619,""BIL"":0.019047619}",0,1.0,0.44999999999999996,0.0,0.0,0,0,1.0,0.44999999999999996,1.387778780781441e-17,1,1,1,1,43,37b79d670af1984f9f6d715a
repeatability_504part,repeatability,repeat_02,llama3.1:8b,P1,,,real_ticker,,2011-05-04,42,10.0,0.6,0.25,1f5e90e7181f46d1,"You are an AGGRESSIVE MOMENTUM policy profile. Use only the provided feature values. Strongly favor the eligible asset with the highest `_r12m` value. Allocate 60.0% of total portfolio weight to that target asset as the language-level policy target. Distribute the remaining weight equally among all other eligible assets. Include every eligible ticker exactly once. Return strictly valid JSON only with a `weights` object whose values are decimals, not percentages.
Hard constraints for the execution layer: long-only weights, weights sum to one, maximum single-asset weight 0.60, and turnover cap 0.25. You propose weights; deterministic projection will enforce final feasibility.

Current Features:
- SPY_r1m: 0.01178144
- SPY_r3m: 0.03774783
- SPY_r12m: 0.17709098
- SPY_vol3m: 0.12375589
- SPY_mdd: -0.01172787
- QQQ_r1m: 0.02322349
- QQQ_r3m: 0.03024367
- QQQ_r12m: 0.22798957
- QQQ_vol3m: 0.14657511
- QQQ_mdd: -0.01046931
- IWM_r1m: -0.01793927
- IWM_r3m: 0.04951221
- IWM_r12m: 0.20492090
- IWM_vol3m: 0.17441083
- IWM_mdd: -0.03680959
- DIA_r1m: 0.02687429
- DIA_r3m: 0.06279286
- DIA_r12m: 0.19895298
- DIA_vol3m: 0.12039240
- DIA_mdd: -0.00835674
- EFA_r1m: 0.03424981
- EFA_r3m: 0.03305901
- EFA_r12m: 0.24971559
- EFA_vol3m: 0.18728501
- EFA_mdd: -0.01659624
- EEM_r1m: -0.03569240
- EEM_r3m: 0.03263932
- EEM_r12m: 0.23236279
- EEM_vol3m: 0.19696833
- EEM_mdd: -0.04203172
- VEA_r1m: 0.03423530
- VEA_r3m: 0.03101591
- VEA_r12m: 0.25072536
- VEA_vol3m: 0.18904105
- VEA_mdd: -0.01665435
- VWO_r1m: -0.03206525
- VWO_r3m: 0.03140949
- VWO_r12m: 0.24140505
- VWO_vol3m: 0.19272694
- VWO_mdd: -0.04160914
- AGG_r1m: 0.01538010
- AGG_r3m: 0.02243082
- AGG_r12m: 0.05414809
- AGG_vol3m: 0.03148984
- AGG_mdd: -0.00304533
- BND_r1m: 0.01479744
- BND_r3m: 0.02192251
- BND_r12m: 0.05373923
- BND_vol3m: 0.03177888
- BND_mdd: -0.00349558
- SHY_r1m: 0.00496608
- SHY_r3m: 0.00518169
- SHY_r12m: 0.01670200
- SHY_vol3m: 0.01258394
- SHY_mdd: 0.00000000
- IEF_r1m: 0.01891337
- IEF_r3m: 0.02687183
- IEF_r12m: 0.07066975
- IEF_vol3m: 0.06434875
- IEF_mdd: -0.03712371
- TLT_r1m: 0.02930659
- TLT_r3m: 0.05783166
- TLT_r12m: 0.05027193
- TLT_vol3m: 0.12089728
- TLT_mdd: -0.10039133
- TIP_r1m: 0.02081862
- TIP_r3m: 0.05159197
- TIP_r12m: 0.08255954
- TIP_vol3m: 0.05526369
- TIP_mdd: 0.00000000
- LQD_r1m: 0.02127011
- LQD_r3m: 0.03733958
- LQD_r12m: 0.08629304
- LQD_vol3m: 0.04614927
- LQD_mdd: -0.00049387
- HYG_r1m: 0.01037362
- HYG_r3m: 0.02721753
- HYG_r12m: 0.15346286
- HYG_vol3m: 0.05140232
- HYG_mdd: -0.00061772
- GLD_r1m: 0.05642162
- GLD_r3m: 0.13246454
- GLD_r12m: 0.28360414
- GLD_vol3m: 0.12461114
- GLD_mdd: -0.03045219
- SLV_r1m: 0.01836079
- SLV_r3m: 0.38208739
- SLV_r12m: 1.23670363
- SLV_vol3m: 0.40561753
- SLV_mdd: -0.19022425
- DBC_r1m: -0.00806450
- DBC_r3m: 0.05961411
- DBC_r12m: 0.31635270
- DBC_vol3m: 0.17625531
- DBC_mdd: -0.03665408
- VNQ_r1m: 0.04306293
- VNQ_r3m: 0.07284224
- VNQ_r12m: 0.21516831
- VNQ_vol3m: 0.15337400
- VNQ_mdd: -0.01849138
- UUP_r1m: -0.03720713
- UUP_r3m: -0.05500437
- UUP_r12m: -0.14831359
- UUP_vol3m: 0.06616977
- UUP_mdd: -0.18854047
- BIL_r1m: 0.00043658
- BIL_r3m: 0.00043658
- BIL_r12m: 0.00043658
- BIL_vol3m: 0.00256639
- BIL_mdd: 0.00000000
- cross_vol: 0.12153017

Assets: SPY, QQQ, IWM, DIA, EFA, EEM, VEA, VWO, AGG, BND, SHY, IEF, TLT, TIP, LQD, HYG, GLD, SLV, DBC, VNQ, UUP, BIL","{
  ""weights"": {
    ""SPY"": 0.36,
    ""QQQ"": 0.24,
    ""IWM"": 0.20,
    ""DIA"": 0.00,
    ""EFA"": 0.00,
    ""EEM"": 0.00,
    ""VEA"": 0.00,
    ""VWO"": 0.00,
    ""AGG"": 0.00,
    ""BND"": 0.00,
    ""SHY"": 0.00,
    ""IEF"": 0.00,
    ""TLT"": 0.00,
    ""TIP"": 0.00,
    ""LQD"": 0.00,
    ""HYG"": 0.00,
    ""GLD"": 0.00,
    ""SLV"": 0.00,
    ""DBC"": 0.00,
    ""VNQ"": 0.00,
    ""UUP"": 0.00,
    ""BIL"": 0.00
  }
}",1,0,0,10.233015833000536,395,1,0,0,0,229,9.985066,1754,stop,[],0,0,0,0,SLV,SPY,SPY,0,0,0.6666666666666666,1.8857142857142852,0.8273595406616215,2.636779683484738e-16,6.049187461416387e-17,1.7272727272727268,0,"{""SPY"":0.45,""QQQ"":0.3,""IWM"":0.25,""DIA"":0.0,""EFA"":0.0,""EEM"":0.0,""VEA"":0.0,""VWO"":0.0,""AGG"":0.0,""BND"":0.0,""SHY"":0.0,""IEF"":0.0,""TLT"":0.0,""TIP"":0.0,""LQD"":0.0,""HYG"":0.0,""GLD"":0.0,""SLV"":0.0,""DBC"":0.0,""VNQ"":0.0,""UUP"":0.0,""BIL"":0.0}","{""SPY"":0.45,""QQQ"":0.3,""IWM"":0.25,""DIA"":1.387778781e-17,""EFA"":1.387778781e-17,""EEM"":1.387778781e-17,""VEA"":1.387778781e-17,""VWO"":1.387778781e-17,""AGG"":1.387778781e-17,""BND"":1.387778781e-17,""SHY"":1.387778781e-17,""IEF"":1.387778781e-17,""TLT"":1.387778781e-17,""TIP"":1.387778781e-17,""LQD"":1.387778781e-17,""HYG"":1.387778781e-17,""GLD"":1.387778781e-17,""SLV"":1.387778781e-17,""DBC"":1.387778781e-17,""VNQ"":1.387778781e-17,""UUP"":1.387778781e-17,""BIL"":1.387778781e-17}","{""SPY"":0.019047619,""QQQ"":0.019047619,""IWM"":0.019047619,""DIA"":0.019047619,""EFA"":0.019047619,""EEM"":0.019047619,""VEA"":0.019047619,""VWO"":0.019047619,""AGG"":0.019047619,""BND"":0.019047619,""SHY"":0.019047619,""IEF"":0.019047619,""TLT"":0.019047619,""TIP"":0.019047619,""LQD"":0.019047619,""HYG"":0.019047619,""GLD"":0.019047619,""SLV"":0.6,""DBC"":0.019047619,""VNQ"":0.019047619,""UUP"":0.019047619,""BIL"":0.019047619}",0,1.0,0.44999999999999996,0.0,0.0,0,0,1.0,0.44999999999999996,1.387778780781441e-17,1,1,1,2,44,b109f1aafd4a47fa9e520e47
repeatability_504part,repeatability,repeat_03,llama3.1:8b,P1,,,real_ticker,,2011-05-04,42,10.0,0.6,0.25,1f5e90e7181f46d1,"You are an AGGRESSIVE MOMENTUM policy profile. Use only the provided feature values. Strongly favor the eligible asset with the highest `_r12m` value. Allocate 60.0% of total portfolio weight to that target asset as the language-level policy target. Distribute the remaining weight equally among all other eligible assets. Include every eligible ticker exactly once. Return strictly valid JSON only with a `weights` object whose values are decimals, not percentages.
Hard constraints for the execution layer: long-only weights, weights sum to one, maximum single-asset weight 0.60, and turnover cap 0.25. You propose weights; deterministic projection will enforce final feasibility.

Current Features:
- SPY_r1m: 0.01178144
- SPY_r3m: 0.03774783
- SPY_r12m: 0.17709098
- SPY_vol3m: 0.12375589
- SPY_mdd: -0.01172787
- QQQ_r1m: 0.02322349
- QQQ_r3m: 0.03024367
- QQQ_r12m: 0.22798957
- QQQ_vol3m: 0.14657511
- QQQ_mdd: -0.01046931
- IWM_r1m: -0.01793927
- IWM_r3m: 0.04951221
- IWM_r12m: 0.20492090
- IWM_vol3m: 0.17441083
- IWM_mdd: -0.03680959
- DIA_r1m: 0.02687429
- DIA_r3m: 0.06279286
- DIA_r12m: 0.19895298
- DIA_vol3m: 0.12039240
- DIA_mdd: -0.00835674
- EFA_r1m: 0.03424981
- EFA_r3m: 0.03305901
- EFA_r12m: 0.24971559
- EFA_vol3m: 0.18728501
- EFA_mdd: -0.01659624
- EEM_r1m: -0.03569240
- EEM_r3m: 0.03263932
- EEM_r12m: 0.23236279
- EEM_vol3m: 0.19696833
- EEM_mdd: -0.04203172
- VEA_r1m: 0.03423530
- VEA_r3m: 0.03101591
- VEA_r12m: 0.25072536
- VEA_vol3m: 0.18904105
- VEA_mdd: -0.01665435
- VWO_r1m: -0.03206525
- VWO_r3m: 0.03140949
- VWO_r12m: 0.24140505
- VWO_vol3m: 0.19272694
- VWO_mdd: -0.04160914
- AGG_r1m: 0.01538010
- AGG_r3m: 0.02243082
- AGG_r12m: 0.05414809
- AGG_vol3m: 0.03148984
- AGG_mdd: -0.00304533
- BND_r1m: 0.01479744
- BND_r3m: 0.02192251
- BND_r12m: 0.05373923
- BND_vol3m: 0.03177888
- BND_mdd: -0.00349558
- SHY_r1m: 0.00496608
- SHY_r3m: 0.00518169
- SHY_r12m: 0.01670200
- SHY_vol3m: 0.01258394
- SHY_mdd: 0.00000000
- IEF_r1m: 0.01891337
- IEF_r3m: 0.02687183
- IEF_r12m: 0.07066975
- IEF_vol3m: 0.06434875
- IEF_mdd: -0.03712371
- TLT_r1m: 0.02930659
- TLT_r3m: 0.05783166
- TLT_r12m: 0.05027193
- TLT_vol3m: 0.12089728
- TLT_mdd: -0.10039133
- TIP_r1m: 0.02081862
- TIP_r3m: 0.05159197
- TIP_r12m: 0.08255954
- TIP_vol3m: 0.05526369
- TIP_mdd: 0.00000000
- LQD_r1m: 0.02127011
- LQD_r3m: 0.03733958
- LQD_r12m: 0.08629304
- LQD_vol3m: 0.04614927
- LQD_mdd: -0.00049387
- HYG_r1m: 0.01037362
- HYG_r3m: 0.02721753
- HYG_r12m: 0.15346286
- HYG_vol3m: 0.05140232
- HYG_mdd: -0.00061772
- GLD_r1m: 0.05642162
- GLD_r3m: 0.13246454
- GLD_r12m: 0.28360414
- GLD_vol3m: 0.12461114
- GLD_mdd: -0.03045219
- SLV_r1m: 0.01836079
- SLV_r3m: 0.38208739
- SLV_r12m: 1.23670363
- SLV_vol3m: 0.40561753
- SLV_mdd: -0.19022425
- DBC_r1m: -0.00806450
- DBC_r3m: 0.05961411
- DBC_r12m: 0.31635270
- DBC_vol3m: 0.17625531
- DBC_mdd: -0.03665408
- VNQ_r1m: 0.04306293
- VNQ_r3m: 0.07284224
- VNQ_r12m: 0.21516831
- VNQ_vol3m: 0.15337400
- VNQ_mdd: -0.01849138
- UUP_r1m: -0.03720713
- UUP_r3m: -0.05500437
- UUP_r12m: -0.14831359
- UUP_vol3m: 0.06616977
- UUP_mdd: -0.18854047
- BIL_r1m: 0.00043658
- BIL_r3m: 0.00043658
- BIL_r12m: 0.00043658
- BIL_vol3m: 0.00256639
- BIL_mdd: 0.00000000
- cross_vol: 0.12153017

Assets: SPY, QQQ, IWM, DIA, EFA, EEM, VEA, VWO, AGG, BND, SHY, IEF, TLT, TIP, LQD, HYG, GLD, SLV, DBC, VNQ, UUP, BIL","{
  ""weights"": {
    ""SPY"": 0.36,
    ""QQQ"": 0.24,
    ""IWM"": 0.20,
    ""DIA"": 0.00,
    ""EFA"": 0.00,
    ""EEM"": 0.00,
    ""VEA"": 0.00,
    ""VWO"": 0.00,
    ""AGG"": 0.00,
    ""BND"": 0.00,
    ""SHY"": 0.00,
    ""IEF"": 0.00,
    ""TLT"": 0.00,
    ""TIP"": 0.00,
    ""LQD"": 0.00,
    ""HYG"": 0.00,
    ""GLD"": 0.00,
    ""SLV"": 0.00,
    ""DBC"": 0.00,
    ""VNQ"": 0.00,
    ""UUP"": 0.00,
    ""BIL"": 0.00
  }
}",1,0,0,10.375557041988941,395,1,0,0,0,229,10.125262,1754,stop,[],0,0,0,0,SLV,SPY,SPY,0,0,0.6666666666666666,1.8857142857142852,0.8273595406616215,2.636779683484738e-16,6.049187461416387e-17,1.7272727272727268,0,"{""SPY"":0.45,""QQQ"":0.3,""IWM"":0.25,""DIA"":0.0,""EFA"":0.0,""EEM"":0.0,""VEA"":0.0,""VWO"":0.0,""AGG"":0.0,""BND"":0.0,""SHY"":0.0,""IEF"":0.0,""TLT"":0.0,""TIP"":0.0,""LQD"":0.0,""HYG"":0.0,""GLD"":0.0,""SLV"":0.0,""DBC"":0.0,""VNQ"":0.0,""UUP"":0.0,""BIL"":0.0}","{""SPY"":0.45,""QQQ"":0.3,""IWM"":0.25,""DIA"":1.387778781e-17,""EFA"":1.387778781e-17,""EEM"":1.387778781e-17,""VEA"":1.387778781e-17,""VWO"":1.387778781e-17,""AGG"":1.387778781e-17,""BND"":1.387778781e-17,""SHY"":1.387778781e-17,""IEF"":1.387778781e-17,""TLT"":1.387778781e-17,""TIP"":1.387778781e-17,""LQD"":1.387778781e-17,""HYG"":1.387778781e-17,""GLD"":1.387778781e-17,""SLV"":1.387778781e-17,""DBC"":1.387778781e-17,""VNQ"":1.387778781e-17,""UUP"":1.387778781e-17,""BIL"":1.387778781e-17}","{""SPY"":0.019047619,""QQQ"":0.019047619,""IWM"":0.019047619,""DIA"":0.019047619,""EFA"":0.019047619,""EEM"":0.019047619,""VEA"":0.019047619,""VWO"":0.019047619,""AGG"":0.019047619,""BND"":0.019047619,""SHY"":0.019047619,""IEF"":0.019047619,""TLT"":0.019047619,""TIP"":0.019047619,""LQD"":0.019047619,""HYG"":0.019047619,""GLD"":0.019047619,""SLV"":0.6,""DBC"":0.019047619,""VNQ"":0.019047619,""UUP"":0.019047619,""BIL"":0.019047619}",0,1.0,0.44999999999999996,0.0,0.0,0,0,1.0,0.44999999999999996,1.387778780781441e-17,1,1,1,3,45,f2d65eaf11d2642e7406be23
repeatability_504part,repeatability,repeat_00,llama3.1:8b,P2,,,real_ticker,,2011-05-04,42,10.0,0.6,0.25,a242313c537f475f,"You are a DEFENSIVE LOW-VOLATILITY policy profile. Use only the provided feature values. Strongly favor the eligible asset with the lowest `_vol3m` value. Allocate 60.0% of total portfolio weight to that target asset as the language-level policy target. Distribute the remaining weight equally among all other eligible assets. Include every eligible ticker exactly once. Return strictly valid JSON only with a `weights` object whose values are decimals, not percentages.
Hard constraints for the execution layer: long-only weights, weights sum to one, maximum single-asset weight 0.60, and turnover cap 0.25. You propose weights; deterministic projection will enforce final feasibility.

Current Features:
- SPY_r1m: 0.01178144
- SPY_r3m: 0.03774783
- SPY_r12m: 0.17709098
- SPY_vol3m: 0.12375589
- SPY_mdd: -0.01172787
- QQQ_r1m: 0.02322349
- QQQ_r3m: 0.03024367
- QQQ_r12m: 0.22798957
- QQQ_vol3m: 0.14657511
- QQQ_mdd: -0.01046931
- IWM_r1m: -0.01793927
- IWM_r3m: 0.04951221
- IWM_r12m: 0.20492090
- IWM_vol3m: 0.17441083
- IWM_mdd: -0.03680959
- DIA_r1m: 0.02687429
- DIA_r3m: 0.06279286
- DIA_r12m: 0.19895298
- DIA_vol3m: 0.12039240
- DIA_mdd: -0.00835674
- EFA_r1m: 0.03424981
- EFA_r3m: 0.03305901
- EFA_r12m: 0.24971559
- EFA_vol3m: 0.18728501
- EFA_mdd: -0.01659624
- EEM_r1m: -0.03569240
- EEM_r3m: 0.03263932
- EEM_r12m: 0.23236279
- EEM_vol3m: 0.19696833
- EEM_mdd: -0.04203172
- VEA_r1m: 0.03423530
- VEA_r3m: 0.03101591
- VEA_r12m: 0.25072536
- VEA_vol3m: 0.18904105
- VEA_mdd: -0.01665435
- VWO_r1m: -0.03206525
- VWO_r3m: 0.03140949
- VWO_r12m: 0.24140505
- VWO_vol3m: 0.19272694
- VWO_mdd: -0.04160914
- AGG_r1m: 0.01538010
- AGG_r3m: 0.02243082
- AGG_r12m: 0.05414809
- AGG_vol3m: 0.03148984
- AGG_mdd: -0.00304533
- BND_r1m: 0.01479744
- BND_r3m: 0.02192251
- BND_r12m: 0.05373923
- BND_vol3m: 0.03177888
- BND_mdd: -0.00349558
- SHY_r1m: 0.00496608
- SHY_r3m: 0.00518169
- SHY_r12m: 0.01670200
- SHY_vol3m: 0.01258394
- SHY_mdd: 0.00000000
- IEF_r1m: 0.01891337
- IEF_r3m: 0.02687183
- IEF_r12m: 0.07066975
- IEF_vol3m: 0.06434875
- IEF_mdd: -0.03712371
- TLT_r1m: 0.02930659
- TLT_r3m: 0.05783166
- TLT_r12m: 0.05027193
- TLT_vol3m: 0.12089728
- TLT_mdd: -0.10039133
- TIP_r1m: 0.02081862
- TIP_r3m: 0.05159197
- TIP_r12m: 0.08255954
- TIP_vol3m: 0.05526369
- TIP_mdd: 0.00000000
- LQD_r1m: 0.02127011
- LQD_r3m: 0.03733958
- LQD_r12m: 0.08629304
- LQD_vol3m: 0.04614927
- LQD_mdd: -0.00049387
- HYG_r1m: 0.01037362
- HYG_r3m: 0.02721753
- HYG_r12m: 0.15346286
- HYG_vol3m: 0.05140232
- HYG_mdd: -0.00061772
- GLD_r1m: 0.05642162
- GLD_r3m: 0.13246454
- GLD_r12m: 0.28360414
- GLD_vol3m: 0.12461114
- GLD_mdd: -0.03045219
- SLV_r1m: 0.01836079
- SLV_r3m: 0.38208739
- SLV_r12m: 1.23670363
- SLV_vol3m: 0.40561753
- SLV_mdd: -0.19022425
- DBC_r1m: -0.00806450
- DBC_r3m: 0.05961411
- DBC_r12m: 0.31635270
- DBC_vol3m: 0.17625531
- DBC_mdd: -0.03665408
- VNQ_r1m: 0.04306293
- VNQ_r3m: 0.07284224
- VNQ_r12m: 0.21516831
- VNQ_vol3m: 0.15337400
- VNQ_mdd: -0.01849138
- UUP_r1m: -0.03720713
- UUP_r3m: -0.05500437
- UUP_r12m: -0.14831359
- UUP_vol3m: 0.06616977
- UUP_mdd: -0.18854047
- BIL_r1m: 0.00043658
- BIL_r3m: 0.00043658
- BIL_r12m: 0.00043658
- BIL_vol3m: 0.00256639
- BIL_mdd: 0.00000000
- cross_vol: 0.12153017

Assets: SPY, QQQ, IWM, DIA, EFA, EEM, VEA, VWO, AGG, BND, SHY, IEF, TLT, TIP, LQD, HYG, GLD, SLV, DBC, VNQ, UUP, BIL","{
  ""weights"": {
    ""SPY"": 0.6,
    ""QQQ"": 0.1,
    ""IWM"": 0.1,
    ""DIA"": 0.05,
    ""EFA"": 0.05,
    ""EEM"": 0.05,
    ""VEA"": 0.05,
    ""VWO"": 0.05,
    ""AGG"": 0.025,
    ""BND"": 0.025,
    ""SHY"": 0.0125,
    ""IEF"": 0.0125,
    ""TLT"": 0.0125,
    ""TIP"": 0.0125,
    ""LQD"": 0.0125,
    ""HYG"": 0.0125,
    ""GLD"": 0.0125,
    ""SLV"": 0.0125,
    ""DBC"": 0.0125,
    ""VNQ"": 0.0125,
    ""UUP"": 0.0125,
    ""BIL"": 0.0125
  }
}",1,0,0,17.67551333400479,418,1,0,0,0,241,10.129459,1756,stop,[],0,0,0,0,BIL,SPY,SPY,0,0,0.3333333333333333,1.379047619047619,0.755714735799668,1.8041124150158794e-16,4.0311330796399294e-17,1.0072727272727269,0,"{""SPY"":0.48,""QQQ"":0.08,""IWM"":0.08,""DIA"":0.04,""EFA"":0.04,""EEM"":0.04,""VEA"":0.04,""VWO"":0.04,""AGG"":0.02,""BND"":0.02,""SHY"":0.01,""IEF"":0.01,""TLT"":0.01,""TIP"":0.01,""LQD"":0.01,""HYG"":0.01,""GLD"":0.01,""SLV"":0.01,""DBC"":0.01,""VNQ"":0.01,""UUP"":0.01,""BIL"":0.01}","{""SPY"":0.48,""QQQ"":0.08,""IWM"":0.08,""DIA"":0.04,""EFA"":0.04,""EEM"":0.04,""VEA"":0.04,""VWO"":0.04,""AGG"":0.02,""BND"":0.02,""SHY"":0.01,""IEF"":0.01,""TLT"":0.01,""TIP"":0.01,""LQD"":0.01,""HYG"":0.01,""GLD"":0.01,""SLV"":0.01,""DBC"":0.01,""VNQ"":0.01,""UUP"":0.01,""BIL"":0.01}","{""SPY"":0.019047619,""QQQ"":0.019047619,""IWM"":0.019047619,""DIA"":0.019047619,""EFA"":0.019047619,""EEM"":0.019047619,""VEA"":0.019047619,""VWO"":0.019047619,""AGG"":0.019047619,""BND"":0.019047619,""SHY"":0.019047619,""IEF"":0.019047619,""TLT"":0.019047619,""TIP"":0.019047619,""LQD"":0.019047619,""HYG"":0.019047619,""GLD"":0.019047619,""SLV"":0.019047619,""DBC"":0.019047619,""VNQ"":0.019047619,""UUP"":0.019047619,""BIL"":0.6}",0,1.0,0.48,0.01,0.0,0,0,1.0,0.48,0.010000000000000009,1,1,1,0,42,ffb1c3f3d3cf39a65e45e53e
repeatability_504part,repeatability,repeat_01,llama3.1:8b,P2,,,real_ticker,,2011-05-04,42,10.0,0.6,0.25,a242313c537f475f,"You are a DEFENSIVE LOW-VOLATILITY policy profile. Use only the provided feature values. Strongly favor the eligible asset with the lowest `_vol3m` value. Allocate 60.0% of total portfolio weight to that target asset as the language-level policy target. Distribute the remaining weight equally among all other eligible assets. Include every eligible ticker exactly once. Return strictly valid JSON only with a `weights` object whose values are decimals, not percentages.
Hard constraints for the execution layer: long-only weights, weights sum to one, maximum single-asset weight 0.60, and turnover cap 0.25. You propose weights; deterministic projection will enforce final feasibility.

Current Features:
- SPY_r1m: 0.01178144
- SPY_r3m: 0.03774783
- SPY_r12m: 0.17709098
- SPY_vol3m: 0.12375589
- SPY_mdd: -0.01172787
- QQQ_r1m: 0.02322349
- QQQ_r3m: 0.03024367
- QQQ_r12m: 0.22798957
- QQQ_vol3m: 0.14657511
- QQQ_mdd: -0.01046931
- IWM_r1m: -0.01793927
- IWM_r3m: 0.04951221
- IWM_r12m: 0.20492090
- IWM_vol3m: 0.17441083
- IWM_mdd: -0.03680959
- DIA_r1m: 0.02687429
- DIA_r3m: 0.06279286
- DIA_r12m: 0.19895298
- DIA_vol3m: 0.12039240
- DIA_mdd: -0.00835674
- EFA_r1m: 0.03424981
- EFA_r3m: 0.03305901
- EFA_r12m: 0.24971559
- EFA_vol3m: 0.18728501
- EFA_mdd: -0.01659624
- EEM_r1m: -0.03569240
- EEM_r3m: 0.03263932
- EEM_r12m: 0.23236279
- EEM_vol3m: 0.19696833
- EEM_mdd: -0.04203172
- VEA_r1m: 0.03423530
- VEA_r3m: 0.03101591
- VEA_r12m: 0.25072536
- VEA_vol3m: 0.18904105
- VEA_mdd: -0.01665435
- VWO_r1m: -0.03206525
- VWO_r3m: 0.03140949
- VWO_r12m: 0.24140505
- VWO_vol3m: 0.19272694
- VWO_mdd: -0.04160914
- AGG_r1m: 0.01538010
- AGG_r3m: 0.02243082
- AGG_r12m: 0.05414809
- AGG_vol3m: 0.03148984
- AGG_mdd: -0.00304533
- BND_r1m: 0.01479744
- BND_r3m: 0.02192251
- BND_r12m: 0.05373923
- BND_vol3m: 0.03177888
- BND_mdd: -0.00349558
- SHY_r1m: 0.00496608
- SHY_r3m: 0.00518169
- SHY_r12m: 0.01670200
- SHY_vol3m: 0.01258394
- SHY_mdd: 0.00000000
- IEF_r1m: 0.01891337
- IEF_r3m: 0.02687183
- IEF_r12m: 0.07066975
- IEF_vol3m: 0.06434875
- IEF_mdd: -0.03712371
- TLT_r1m: 0.02930659
- TLT_r3m: 0.05783166
- TLT_r12m: 0.05027193
- TLT_vol3m: 0.12089728
- TLT_mdd: -0.10039133
- TIP_r1m: 0.02081862
- TIP_r3m: 0.05159197
- TIP_r12m: 0.08255954
- TIP_vol3m: 0.05526369
- TIP_mdd: 0.00000000
- LQD_r1m: 0.02127011
- LQD_r3m: 0.03733958
- LQD_r12m: 0.08629304
- LQD_vol3m: 0.04614927
- LQD_mdd: -0.00049387
- HYG_r1m: 0.01037362
- HYG_r3m: 0.02721753
- HYG_r12m: 0.15346286
- HYG_vol3m: 0.05140232
- HYG_mdd: -0.00061772
- GLD_r1m: 0.05642162
- GLD_r3m: 0.13246454
- GLD_r12m: 0.28360414
- GLD_vol3m: 0.12461114
- GLD_mdd: -0.03045219
- SLV_r1m: 0.01836079
- SLV_r3m: 0.38208739
- SLV_r12m: 1.23670363
- SLV_vol3m: 0.40561753
- SLV_mdd: -0.19022425
- DBC_r1m: -0.00806450
- DBC_r3m: 0.05961411
- DBC_r12m: 0.31635270
- DBC_vol3m: 0.17625531
- DBC_mdd: -0.03665408
- VNQ_r1m: 0.04306293
- VNQ_r3m: 0.07284224
- VNQ_r12m: 0.21516831
- VNQ_vol3m: 0.15337400
- VNQ_mdd: -0.01849138
- UUP_r1m: -0.03720713
- UUP_r3m: -0.05500437
- UUP_r12m: -0.14831359
- UUP_vol3m: 0.06616977
- UUP_mdd: -0.18854047
- BIL_r1m: 0.00043658
- BIL_r3m: 0.00043658
- BIL_r12m: 0.00043658
- BIL_vol3m: 0.00256639
- BIL_mdd: 0.00000000
- cross_vol: 0.12153017

Assets: SPY, QQQ, IWM, DIA, EFA, EEM, VEA, VWO, AGG, BND, SHY, IEF, TLT, TIP, LQD, HYG, GLD, SLV, DBC, VNQ, UUP, BIL","{
  ""weights"": {
    ""SPY"": 0.6,
    ""QQQ"": 0.1,
    ""IWM"": 0.1,
    ""DIA"": 0.05,
    ""EFA"": 0.05,
    ""EEM"": 0.05,
    ""VEA"": 0.05,
    ""VWO"": 0.05,
    ""AGG"": 0.025,
    ""BND"": 0.025,
    ""SHY"": 0.0125,
    ""IEF"": 0.0125,
    ""TLT"": 0.0125,
    ""TIP"": 0.0125,
    ""LQD"": 0.0125,
    ""HYG"": 0.0125,
    ""GLD"": 0.0125,
    ""SLV"": 0.0125,
    ""DBC"": 0.0125,
    ""VNQ"": 0.0125,
    ""UUP"": 0.0125,
    ""BIL"": 0.0125
  }
}",1,0,0,10.347393541989732,418,1,0,0,0,241,10.117999,1756,stop,[],0,0,0,0,BIL,SPY,SPY,0,0,0.3333333333333333,1.379047619047619,0.755714735799668,1.8041124150158794e-16,4.0311330796399294e-17,1.0072727272727269,0,"{""SPY"":0.48,""QQQ"":0.08,""IWM"":0.08,""DIA"":0.04,""EFA"":0.04,""EEM"":0.04,""VEA"":0.04,""VWO"":0.04,""AGG"":0.02,""BND"":0.02,""SHY"":0.01,""IEF"":0.01,""TLT"":0.01,""TIP"":0.01,""LQD"":0.01,""HYG"":0.01,""GLD"":0.01,""SLV"":0.01,""DBC"":0.01,""VNQ"":0.01,""UUP"":0.01,""BIL"":0.01}","{""SPY"":0.48,""QQQ"":0.08,""IWM"":0.08,""DIA"":0.04,""EFA"":0.04,""EEM"":0.04,""VEA"":0.04,""VWO"":0.04,""AGG"":0.02,""BND"":0.02,""SHY"":0.01,""IEF"":0.01,""TLT"":0.01,""TIP"":0.01,""LQD"":0.01,""HYG"":0.01,""GLD"":0.01,""SLV"":0.01,""DBC"":0.01,""VNQ"":0.01,""UUP"":0.01,""BIL"":0.01}","{""SPY"":0.019047619,""QQQ"":0.019047619,""IWM"":0.019047619,""DIA"":0.019047619,""EFA"":0.019047619,""EEM"":0.019047619,""VEA"":0.019047619,""VWO"":0.019047619,""AGG"":0.019047619,""BND"":0.019047619,""SHY"":0.019047619,""IEF"":0.019047619,""TLT"":0.019047619,""TIP"":0.019047619,""LQD"":0.019047619,""HYG"":0.019047619,""GLD"":0.019047619,""SLV"":0.019047619,""DBC"":0.019047619,""VNQ"":0.019047619,""UUP"":0.019047619,""BIL"":0.6}",0,1.0,0.48,0.01,0.0,0,0,1.0,0.48,0.010000000000000009,1,1,1,1,43,e042ae49d6155bf4f7ec2ad2
repeatability_504part,repeatability,repeat_02,llama3.1:8b,P2,,,real_ticker,,2011-05-04,42,10.0,0.6,0.25,a242313c537f475f,"You are a DEFENSIVE LOW-VOLATILITY policy profile. Use only the provided feature values. Strongly favor the eligible asset with the lowest `_vol3m` value. Allocate 60.0% of total portfolio weight to that target asset as the language-level policy target. Distribute the remaining weight equally among all other eligible assets. Include every eligible ticker exactly once. Return strictly valid JSON only with a `weights` object whose values are decimals, not percentages.
Hard constraints for the execution layer: long-only weights, weights sum to one, maximum single-asset weight 0.60, and turnover cap 0.25. You propose weights; deterministic projection will enforce final feasibility.

Current Features:
- SPY_r1m: 0.01178144
- SPY_r3m: 0.03774783
- SPY_r12m: 0.17709098
- SPY_vol3m: 0.12375589
- SPY_mdd: -0.01172787
- QQQ_r1m: 0.02322349
- QQQ_r3m: 0.03024367
- QQQ_r12m: 0.22798957
- QQQ_vol3m: 0.14657511
- QQQ_mdd: -0.01046931
- IWM_r1m: -0.01793927
- IWM_r3m: 0.04951221
- IWM_r12m: 0.20492090
- IWM_vol3m: 0.17441083
- IWM_mdd: -0.03680959
- DIA_r1m: 0.02687429
- DIA_r3m: 0.06279286
- DIA_r12m: 0.19895298
- DIA_vol3m: 0.12039240
- DIA_mdd: -0.00835674
- EFA_r1m: 0.03424981
- EFA_r3m: 0.03305901
- EFA_r12m: 0.24971559
- EFA_vol3m: 0.18728501
- EFA_mdd: -0.01659624
- EEM_r1m: -0.03569240
- EEM_r3m: 0.03263932
- EEM_r12m: 0.23236279
- EEM_vol3m: 0.19696833
- EEM_mdd: -0.04203172
- VEA_r1m: 0.03423530
- VEA_r3m: 0.03101591
- VEA_r12m: 0.25072536
- VEA_vol3m: 0.18904105
- VEA_mdd: -0.01665435
- VWO_r1m: -0.03206525
- VWO_r3m: 0.03140949
- VWO_r12m: 0.24140505
- VWO_vol3m: 0.19272694
- VWO_mdd: -0.04160914
- AGG_r1m: 0.01538010
- AGG_r3m: 0.02243082
- AGG_r12m: 0.05414809
- AGG_vol3m: 0.03148984
- AGG_mdd: -0.00304533
- BND_r1m: 0.01479744
- BND_r3m: 0.02192251
- BND_r12m: 0.05373923
- BND_vol3m: 0.03177888
- BND_mdd: -0.00349558
- SHY_r1m: 0.00496608
- SHY_r3m: 0.00518169
- SHY_r12m: 0.01670200
- SHY_vol3m: 0.01258394
- SHY_mdd: 0.00000000
- IEF_r1m: 0.01891337
- IEF_r3m: 0.02687183
- IEF_r12m: 0.07066975
- IEF_vol3m: 0.06434875
- IEF_mdd: -0.03712371
- TLT_r1m: 0.02930659
- TLT_r3m: 0.05783166
- TLT_r12m: 0.05027193
- TLT_vol3m: 0.12089728
- TLT_mdd: -0.10039133
- TIP_r1m: 0.02081862
- TIP_r3m: 0.05159197
- TIP_r12m: 0.08255954
- TIP_vol3m: 0.05526369
- TIP_mdd: 0.00000000
- LQD_r1m: 0.02127011
- LQD_r3m: 0.03733958
- LQD_r12m: 0.08629304
- LQD_vol3m: 0.04614927
- LQD_mdd: -0.00049387
- HYG_r1m: 0.01037362
- HYG_r3m: 0.02721753
- HYG_r12m: 0.15346286
- HYG_vol3m: 0.05140232
- HYG_mdd: -0.00061772
- GLD_r1m: 0.05642162
- GLD_r3m: 0.13246454
- GLD_r12m: 0.28360414
- GLD_vol3m: 0.12461114
- GLD_mdd: -0.03045219
- SLV_r1m: 0.01836079
- SLV_r3m: 0.38208739
- SLV_r12m: 1.23670363
- SLV_vol3m: 0.40561753
- SLV_mdd: -0.19022425
- DBC_r1m: -0.00806450
- DBC_r3m: 0.05961411
- DBC_r12m: 0.31635270
- DBC_vol3m: 0.17625531
- DBC_mdd: -0.03665408
- VNQ_r1m: 0.04306293
- VNQ_r3m: 0.07284224
- VNQ_r12m: 0.21516831
- VNQ_vol3m: 0.15337400
- VNQ_mdd: -0.01849138
- UUP_r1m: -0.03720713
- UUP_r3m: -0.05500437
- UUP_r12m: -0.14831359
- UUP_vol3m: 0.06616977
- UUP_mdd: -0.18854047
- BIL_r1m: 0.00043658
- BIL_r3m: 0.00043658
- BIL_r12m: 0.00043658
- BIL_vol3m: 0.00256639
- BIL_mdd: 0.00000000
- cross_vol: 0.12153017

Assets: SPY, QQQ, IWM, DIA, EFA, EEM, VEA, VWO, AGG, BND, SHY, IEF, TLT, TIP, LQD, HYG, GLD, SLV, DBC, VNQ, UUP, BIL","{
  ""weights"": {
    ""SPY"": 0.6,
    ""QQQ"": 0.1,
    ""IWM"": 0.1,
    ""DIA"": 0.05,
    ""EFA"": 0.05,
    ""EEM"": 0.05,
    ""VEA"": 0.05,
    ""VWO"": 0.05,
    ""AGG"": 0.025,
    ""BND"": 0.025,
    ""SHY"": 0.0125,
    ""IEF"": 0.0125,
    ""TLT"": 0.0125,
    ""TIP"": 0.0125,
    ""LQD"": 0.0125,
    ""HYG"": 0.0125,
    ""GLD"": 0.0125,
    ""SLV"": 0.0125,
    ""DBC"": 0.0125,
    ""VNQ"": 0.0125,
    ""UUP"": 0.0125,
    ""BIL"": 0.0125
  }
}",1,0,0,10.420974042004673,418,1,0,0,0,241,10.184414,1756,stop,[],0,0,0,0,BIL,SPY,SPY,0,0,0.3333333333333333,1.379047619047619,0.755714735799668,1.8041124150158794e-16,4.0311330796399294e-17,1.0072727272727269,0,"{""SPY"":0.48,""QQQ"":0.08,""IWM"":0.08,""DIA"":0.04,""EFA"":0.04,""EEM"":0.04,""VEA"":0.04,""VWO"":0.04,""AGG"":0.02,""BND"":0.02,""SHY"":0.01,""IEF"":0.01,""TLT"":0.01,""TIP"":0.01,""LQD"":0.01,""HYG"":0.01,""GLD"":0.01,""SLV"":0.01,""DBC"":0.01,""VNQ"":0.01,""UUP"":0.01,""BIL"":0.01}","{""SPY"":0.48,""QQQ"":0.08,""IWM"":0.08,""DIA"":0.04,""EFA"":0.04,""EEM"":0.04,""VEA"":0.04,""VWO"":0.04,""AGG"":0.02,""BND"":0.02,""SHY"":0.01,""IEF"":0.01,""TLT"":0.01,""TIP"":0.01,""LQD"":0.01,""HYG"":0.01,""GLD"":0.01,""SLV"":0.01,""DBC"":0.01,""VNQ"":0.01,""UUP"":0.01,""BIL"":0.01}","{""SPY"":0.019047619,""QQQ"":0.019047619,""IWM"":0.019047619,""DIA"":0.019047619,""EFA"":0.019047619,""EEM"":0.019047619,""VEA"":0.019047619,""VWO"":0.019047619,""AGG"":0.019047619,""BND"":0.019047619,""SHY"":0.019047619,""IEF"":0.019047619,""TLT"":0.019047619,""TIP"":0.019047619,""LQD"":0.019047619,""HYG"":0.019047619,""GLD"":0.019047619,""SLV"":0.019047619,""DBC"":0.019047619,""VNQ"":0.019047619,""UUP"":0.019047619,""BIL"":0.6}",0,1.0,0.48,0.01,0.0,0,0,1.0,0.48,0.010000000000000009,1,1,1,2,44,5cdbb6e1c231df8af9159b1e
repeatability_504part,repeatability,repeat_03,llama3.1:8b,P2,,,real_ticker,,2011-05-04,42,10.0,0.6,0.25,a242313c537f475f,"You are a DEFENSIVE LOW-VOLATILITY policy profile. Use only the provided feature values. Strongly favor the eligible asset with the lowest `_vol3m` value. Allocate 60.0% of total portfolio weight to that target asset as the language-level policy target. Distribute the remaining weight equally among all other eligible assets. Include every eligible ticker exactly once. Return strictly valid JSON only with a `weights` object whose values are decimals, not percentages.
Hard constraints for the execution layer: long-only weights, weights sum to one, maximum single-asset weight 0.60, and turnover cap 0.25. You propose weights; deterministic projection will enforce final feasibility.

Current Features:
- SPY_r1m: 0.01178144
- SPY_r3m: 0.03774783
- SPY_r12m: 0.17709098
- SPY_vol3m: 0.12375589
- SPY_mdd: -0.01172787
- QQQ_r1m: 0.02322349
- QQQ_r3m: 0.03024367
- QQQ_r12m: 0.22798957
- QQQ_vol3m: 0.14657511
- QQQ_mdd: -0.01046931
- IWM_r1m: -0.01793927
- IWM_r3m: 0.04951221
- IWM_r12m: 0.20492090
- IWM_vol3m: 0.17441083
- IWM_mdd: -0.03680959
- DIA_r1m: 0.02687429
- DIA_r3m: 0.06279286
- DIA_r12m: 0.19895298
- DIA_vol3m: 0.12039240
- DIA_mdd: -0.00835674
- EFA_r1m: 0.03424981
- EFA_r3m: 0.03305901
- EFA_r12m: 0.24971559
- EFA_vol3m: 0.18728501
- EFA_mdd: -0.01659624
- EEM_r1m: -0.03569240
- EEM_r3m: 0.03263932
- EEM_r12m: 0.23236279
- EEM_vol3m: 0.19696833
- EEM_mdd: -0.04203172
- VEA_r1m: 0.03423530
- VEA_r3m: 0.03101591
- VEA_r12m: 0.25072536
- VEA_vol3m: 0.18904105
- VEA_mdd: -0.01665435
- VWO_r1m: -0.03206525
- VWO_r3m: 0.03140949
- VWO_r12m: 0.24140505
- VWO_vol3m: 0.19272694
- VWO_mdd: -0.04160914
- AGG_r1m: 0.01538010
- AGG_r3m: 0.02243082
- AGG_r12m: 0.05414809
- AGG_vol3m: 0.03148984
- AGG_mdd: -0.00304533
- BND_r1m: 0.01479744
- BND_r3m: 0.02192251
- BND_r12m: 0.05373923
- BND_vol3m: 0.03177888
- BND_mdd: -0.00349558
- SHY_r1m: 0.00496608
- SHY_r3m: 0.00518169
- SHY_r12m: 0.01670200
- SHY_vol3m: 0.01258394
- SHY_mdd: 0.00000000
- IEF_r1m: 0.01891337
- IEF_r3m: 0.02687183
- IEF_r12m: 0.07066975
- IEF_vol3m: 0.06434875
- IEF_mdd: -0.03712371
- TLT_r1m: 0.02930659
- TLT_r3m: 0.05783166
- TLT_r12m: 0.05027193
- TLT_vol3m: 0.12089728
- TLT_mdd: -0.10039133
- TIP_r1m: 0.02081862
- TIP_r3m: 0.05159197
- TIP_r12m: 0.08255954
- TIP_vol3m: 0.05526369
- TIP_mdd: 0.00000000
- LQD_r1m: 0.02127011
- LQD_r3m: 0.03733958
- LQD_r12m: 0.08629304
- LQD_vol3m: 0.04614927
- LQD_mdd: -0.00049387
- HYG_r1m: 0.01037362
- HYG_r3m: 0.02721753
- HYG_r12m: 0.15346286
- HYG_vol3m: 0.05140232
- HYG_mdd: -0.00061772
- GLD_r1m: 0.05642162
- GLD_r3m: 0.13246454
- GLD_r12m: 0.28360414
- GLD_vol3m: 0.12461114
- GLD_mdd: -0.03045219
- SLV_r1m: 0.01836079
- SLV_r3m: 0.38208739
- SLV_r12m: 1.23670363
- SLV_vol3m: 0.40561753
- SLV_mdd: -0.19022425
- DBC_r1m: -0.00806450
- DBC_r3m: 0.05961411
- DBC_r12m: 0.31635270
- DBC_vol3m: 0.17625531
- DBC_mdd: -0.03665408
- VNQ_r1m: 0.04306293
- VNQ_r3m: 0.07284224
- VNQ_r12m: 0.21516831
- VNQ_vol3m: 0.15337400
- VNQ_mdd: -0.01849138
- UUP_r1m: -0.03720713
- UUP_r3m: -0.05500437
- UUP_r12m: -0.14831359
- UUP_vol3m: 0.06616977
- UUP_mdd: -0.18854047
- BIL_r1m: 0.00043658
- BIL_r3m: 0.00043658
- BIL_r12m: 0.00043658
- BIL_vol3m: 0.00256639
- BIL_mdd: 0.00000000
- cross_vol: 0.12153017

Assets: SPY, QQQ, IWM, DIA, EFA, EEM, VEA, VWO, AGG, BND, SHY, IEF, TLT, TIP, LQD, HYG, GLD, SLV, DBC, VNQ, UUP, BIL","{
  ""weights"": {
    ""SPY"": 0.6,
    ""QQQ"": 0.1,
    ""IWM"": 0.1,
    ""DIA"": 0.05,
    ""EFA"": 0.05,
    ""EEM"": 0.05,
    ""VEA"": 0.05,
    ""VWO"": 0.05,
    ""AGG"": 0.025,
    ""BND"": 0.025,
    ""SHY"": 0.0125,
    ""IEF"": 0.0125,
    ""TLT"": 0.0125,
    ""TIP"": 0.0125,
    ""LQD"": 0.0125,
    ""HYG"": 0.0125,
    ""GLD"": 0.0125,
    ""SLV"": 0.0125,
    ""DBC"": 0.0125,
    ""VNQ"": 0.0125,
    ""UUP"": 0.0125,
    ""BIL"": 0.0125
  }
}",1,0,0,10.42073558300035,418,1,0,0,0,241,10.179063,1756,stop,[],0,0,0,0,BIL,SPY,SPY,0,0,0.3333333333333333,1.379047619047619,0.755714735799668,1.8041124150158794e-16,4.0311330796399294e-17,1.0072727272727269,0,"{""SPY"":0.48,""QQQ"":0.08,""IWM"":0.08,""DIA"":0.04,""EFA"":0.04,""EEM"":0.04,""VEA"":0.04,""VWO"":0.04,""AGG"":0.02,""BND"":0.02,""SHY"":0.01,""IEF"":0.01,""TLT"":0.01,""TIP"":0.01,""LQD"":0.01,""HYG"":0.01,""GLD"":0.01,""SLV"":0.01,""DBC"":0.01,""VNQ"":0.01,""UUP"":0.01,""BIL"":0.01}","{""SPY"":0.48,""QQQ"":0.08,""IWM"":0.08,""DIA"":0.04,""EFA"":0.04,""EEM"":0.04,""VEA"":0.04,""VWO"":0.04,""AGG"":0.02,""BND"":0.02,""SHY"":0.01,""IEF"":0.01,""TLT"":0.01,""TIP"":0.01,""LQD"":0.01,""HYG"":0.01,""GLD"":0.01,""SLV"":0.01,""DBC"":0.01,""VNQ"":0.01,""UUP"":0.01,""BIL"":0.01}","{""SPY"":0.019047619,""QQQ"":0.019047619,""IWM"":0.019047619,""DIA"":0.019047619,""EFA"":0.019047619,""EEM"":0.019047619,""VEA"":0.019047619,""VWO"":0.019047619,""AGG"":0.019047619,""BND"":0.019047619,""SHY"":0.019047619,""IEF"":0.019047619,""TLT"":0.019047619,""TIP"":0.019047619,""LQD"":0.019047619,""HYG"":0.019047619,""GLD"":0.019047619,""SLV"":0.019047619,""DBC"":0.019047619,""VNQ"":0.019047619,""UUP"":0.019047619,""BIL"":0.6}",0,1.0,0.48,0.01,0.0,0,0,1.0,0.48,0.010000000000000009,1,1,1,3,45,16d99ca9fcacc936d854fe9c
repeatability_504part,repeatability,repeat_00,llama3.1:8b,P3,,,real_ticker,,2011-05-04,42,10.0,0.6,0.25,08e4d55fc7bb7983,"You are a CONTRARIAN MEAN-REVERSION policy profile. Use only the provided feature values. Strongly favor the eligible asset with the lowest `_r3m` value, reflecting recent underperformance. Allocate 60.0% of total portfolio weight to that target asset as the language-level policy target. Distribute the remaining weight equally among all other eligible assets. Include every eligible ticker exactly once. Return strictly valid JSON only with a `weights` object whose values are decimals, not percentages.
Hard constraints for the execution layer: long-only weights, weights sum to one, maximum single-asset weight 0.60, and turnover cap 0.25. You propose weights; deterministic projection will enforce final feasibility.

Current Features:
- SPY_r1m: 0.01178144
- SPY_r3m: 0.03774783
- SPY_r12m: 0.17709098
- SPY_vol3m: 0.12375589
- SPY_mdd: -0.01172787
- QQQ_r1m: 0.02322349
- QQQ_r3m: 0.03024367
- QQQ_r12m: 0.22798957
- QQQ_vol3m: 0.14657511
- QQQ_mdd: -0.01046931
- IWM_r1m: -0.01793927
- IWM_r3m: 0.04951221
- IWM_r12m: 0.20492090
- IWM_vol3m: 0.17441083
- IWM_mdd: -0.03680959
- DIA_r1m: 0.02687429
- DIA_r3m: 0.06279286
- DIA_r12m: 0.19895298
- DIA_vol3m: 0.12039240
- DIA_mdd: -0.00835674
- EFA_r1m: 0.03424981
- EFA_r3m: 0.03305901
- EFA_r12m: 0.24971559
- EFA_vol3m: 0.18728501
- EFA_mdd: -0.01659624
- EEM_r1m: -0.03569240
- EEM_r3m: 0.03263932
- EEM_r12m: 0.23236279
- EEM_vol3m: 0.19696833
- EEM_mdd: -0.04203172
- VEA_r1m: 0.03423530
- VEA_r3m: 0.03101591
- VEA_r12m: 0.25072536
- VEA_vol3m: 0.18904105
- VEA_mdd: -0.01665435
- VWO_r1m: -0.03206525
- VWO_r3m: 0.03140949
- VWO_r12m: 0.24140505
- VWO_vol3m: 0.19272694
- VWO_mdd: -0.04160914
- AGG_r1m: 0.01538010
- AGG_r3m: 0.02243082
- AGG_r12m: 0.05414809
- AGG_vol3m: 0.03148984
- AGG_mdd: -0.00304533
- BND_r1m: 0.01479744
- BND_r3m: 0.02192251
- BND_r12m: 0.05373923
- BND_vol3m: 0.03177888
- BND_mdd: -0.00349558
- SHY_r1m: 0.00496608
- SHY_r3m: 0.00518169
- SHY_r12m: 0.01670200
- SHY_vol3m: 0.01258394
- SHY_mdd: 0.00000000
- IEF_r1m: 0.01891337
- IEF_r3m: 0.02687183
- IEF_r12m: 0.07066975
- IEF_vol3m: 0.06434875
- IEF_mdd: -0.03712371
- TLT_r1m: 0.02930659
- TLT_r3m: 0.05783166
- TLT_r12m: 0.05027193
- TLT_vol3m: 0.12089728
- TLT_mdd: -0.10039133
- TIP_r1m: 0.02081862
- TIP_r3m: 0.05159197
- TIP_r12m: 0.08255954
- TIP_vol3m: 0.05526369
- TIP_mdd: 0.00000000
- LQD_r1m: 0.02127011
- LQD_r3m: 0.03733958
- LQD_r12m: 0.08629304
- LQD_vol3m: 0.04614927
- LQD_mdd: -0.00049387
- HYG_r1m: 0.01037362
- HYG_r3m: 0.02721753
- HYG_r12m: 0.15346286
- HYG_vol3m: 0.05140232
- HYG_mdd: -0.00061772
- GLD_r1m: 0.05642162
- GLD_r3m: 0.13246454
- GLD_r12m: 0.28360414
- GLD_vol3m: 0.12461114
- GLD_mdd: -0.03045219
- SLV_r1m: 0.01836079
- SLV_r3m: 0.38208739
- SLV_r12m: 1.23670363
- SLV_vol3m: 0.40561753
- SLV_mdd: -0.19022425
- DBC_r1m: -0.00806450
- DBC_r3m: 0.05961411
- DBC_r12m: 0.31635270
- DBC_vol3m: 0.17625531
- DBC_mdd: -0.03665408
- VNQ_r1m: 0.04306293
- VNQ_r3m: 0.07284224
- VNQ_r12m: 0.21516831
- VNQ_vol3m: 0.15337400
- VNQ_mdd: -0.01849138
- UUP_r1m: -0.03720713
- UUP_r3m: -0.05500437
- UUP_r12m: -0.14831359
- UUP_vol3m: 0.06616977
- UUP_mdd: -0.18854047
- BIL_r1m: 0.00043658
- BIL_r3m: 0.00043658
- BIL_r12m: 0.00043658
- BIL_vol3m: 0.00256639
- BIL_mdd: 0.00000000
- cross_vol: 0.12153017

Assets: SPY, QQQ, IWM, DIA, EFA, EEM, VEA, VWO, AGG, BND, SHY, IEF, TLT, TIP, LQD, HYG, GLD, SLV, DBC, VNQ, UUP, BIL","{
  ""weights"": {
    ""SPY"": 0.6,
    ""QQQ"": 0.1,
    ""IWM"": 0.1,
    ""DIA"": 0.05,
    ""EFA"": 0.05,
    ""EEM"": 0.05,
    ""VEA"": 0.05,
    ""VWO"": 0.05,
    ""AGG"": 0.025,
    ""BND"": 0.025,
    ""SHY"": 0.0125,
    ""IEF"": 0.0125,
    ""TLT"": 0.0125,
    ""TIP"": 0.0125,
    ""LQD"": 0.0125,
    ""HYG"": 0.00625,
    ""GLD"": 0.00625,
    ""SLV"": 0.00625,
    ""DBC"": 0.00625,
    ""VNQ"": 0.00625,
    ""UUP"": 0.00625,
    ""BIL"": 0.00625
  }
}",1,0,0,18.737300125008915,425,1,0,0,0,241,10.42991,1761,stop,[],0,0,0,0,UUP,SPY,SPY,0,0,0.6666666666666666,1.4428818159388106,0.7712585304870279,4.2500725161431774e-17,1.1474117277250403e-17,1.0536975977390486,0,"{""SPY"":0.4974093264,""QQQ"":0.0829015544,""IWM"":0.0829015544,""DIA"":0.0414507772,""EFA"":0.0414507772,""EEM"":0.0414507772,""VEA"":0.0414507772,""VWO"":0.0414507772,""AGG"":0.0207253886,""BND"":0.0207253886,""SHY"":0.0103626943,""IEF"":0.0103626943,""TLT"":0.0103626943,""TIP"":0.0103626943,""LQD"":0.0103626943,""HYG"":0.0051813472,""GLD"":0.0051813472,""SLV"":0.0051813472,""DBC"":0.0051813472,""VNQ"":0.0051813472,""UUP"":0.0051813472,""BIL"":0.0051813472}","{""SPY"":0.4974093264,""QQQ"":0.0829015544,""IWM"":0.0829015544,""DIA"":0.0414507772,""EFA"":0.0414507772,""EEM"":0.0414507772,""VEA"":0.0414507772,""VWO"":0.0414507772,""AGG"":0.0207253886,""BND"":0.0207253886,""SHY"":0.0103626943,""IEF"":0.0103626943,""TLT"":0.0103626943,""TIP"":0.0103626943,""LQD"":0.0103626943,""HYG"":0.0051813472,""GLD"":0.0051813472,""SLV"":0.0051813472,""DBC"":0.0051813472,""VNQ"":0.0051813472,""UUP"":0.0051813472,""BIL"":0.0051813472}","{""SPY"":0.019047619,""QQQ"":0.019047619,""IWM"":0.019047619,""DIA"":0.019047619,""EFA"":0.019047619,""EEM"":0.019047619,""VEA"":0.019047619,""VWO"":0.019047619,""AGG"":0.019047619,""BND"":0.019047619,""SHY"":0.019047619,""IEF"":0.019047619,""TLT"":0.019047619,""TIP"":0.019047619,""LQD"":0.019047619,""HYG"":0.019047619,""GLD"":0.019047619,""SLV"":0.019047619,""DBC"":0.019047619,""VNQ"":0.019047619,""UUP"":0.6,""BIL"":0.019047619}",0,1.0000000000000002,0.49740932642487046,0.0051813471502590676,2.220446049250313e-16,0,0,1.0,0.49740932642487046,0.005181347150259065,1,1,1,0,42,9400a3f4caafa72ee1d4595e
repeatability_504part,repeatability,repeat_01,llama3.1:8b,P3,,,real_ticker,,2011-05-04,42,10.0,0.6,0.25,08e4d55fc7bb7983,"You are a CONTRARIAN MEAN-REVERSION policy profile. Use only the provided feature values. Strongly favor the eligible asset with the lowest `_r3m` value, reflecting recent underperformance. Allocate 60.0% of total portfolio weight to that target asset as the language-level policy target. Distribute the remaining weight equally among all other eligible assets. Include every eligible ticker exactly once. Return strictly valid JSON only with a `weights` object whose values are decimals, not percentages.
Hard constraints for the execution layer: long-only weights, weights sum to one, maximum single-asset weight 0.60, and turnover cap 0.25. You propose weights; deterministic projection will enforce final feasibility.

Current Features:
- SPY_r1m: 0.01178144
- SPY_r3m: 0.03774783
- SPY_r12m: 0.17709098
- SPY_vol3m: 0.12375589
- SPY_mdd: -0.01172787
- QQQ_r1m: 0.02322349
- QQQ_r3m: 0.03024367
- QQQ_r12m: 0.22798957
- QQQ_vol3m: 0.14657511
- QQQ_mdd: -0.01046931
- IWM_r1m: -0.01793927
- IWM_r3m: 0.04951221
- IWM_r12m: 0.20492090
- IWM_vol3m: 0.17441083
- IWM_mdd: -0.03680959
- DIA_r1m: 0.02687429
- DIA_r3m: 0.06279286
- DIA_r12m: 0.19895298
- DIA_vol3m: 0.12039240
- DIA_mdd: -0.00835674
- EFA_r1m: 0.03424981
- EFA_r3m: 0.03305901
- EFA_r12m: 0.24971559
- EFA_vol3m: 0.18728501
- EFA_mdd: -0.01659624
- EEM_r1m: -0.03569240
- EEM_r3m: 0.03263932
- EEM_r12m: 0.23236279
- EEM_vol3m: 0.19696833
- EEM_mdd: -0.04203172
- VEA_r1m: 0.03423530
- VEA_r3m: 0.03101591
- VEA_r12m: 0.25072536
- VEA_vol3m: 0.18904105
- VEA_mdd: -0.01665435
- VWO_r1m: -0.03206525
- VWO_r3m: 0.03140949
- VWO_r12m: 0.24140505
- VWO_vol3m: 0.19272694
- VWO_mdd: -0.04160914
- AGG_r1m: 0.01538010
- AGG_r3m: 0.02243082
- AGG_r12m: 0.05414809
- AGG_vol3m: 0.03148984
- AGG_mdd: -0.00304533
- BND_r1m: 0.01479744
- BND_r3m: 0.02192251
- BND_r12m: 0.05373923
- BND_vol3m: 0.03177888
- BND_mdd: -0.00349558
- SHY_r1m: 0.00496608
- SHY_r3m: 0.00518169
- SHY_r12m: 0.01670200
- SHY_vol3m: 0.01258394
- SHY_mdd: 0.00000000
- IEF_r1m: 0.01891337
- IEF_r3m: 0.02687183
- IEF_r12m: 0.07066975
- IEF_vol3m: 0.06434875
- IEF_mdd: -0.03712371
- TLT_r1m: 0.02930659
- TLT_r3m: 0.05783166
- TLT_r12m: 0.05027193
- TLT_vol3m: 0.12089728
- TLT_mdd: -0.10039133
- TIP_r1m: 0.02081862
- TIP_r3m: 0.05159197
- TIP_r12m: 0.08255954
- TIP_vol3m: 0.05526369
- TIP_mdd: 0.00000000
- LQD_r1m: 0.02127011
- LQD_r3m: 0.03733958
- LQD_r12m: 0.08629304
- LQD_vol3m: 0.04614927
- LQD_mdd: -0.00049387
- HYG_r1m: 0.01037362
- HYG_r3m: 0.02721753
- HYG_r12m: 0.15346286
- HYG_vol3m: 0.05140232
- HYG_mdd: -0.00061772
- GLD_r1m: 0.05642162
- GLD_r3m: 0.13246454
- GLD_r12m: 0.28360414
- GLD_vol3m: 0.12461114
- GLD_mdd: -0.03045219
- SLV_r1m: 0.01836079
- SLV_r3m: 0.38208739
- SLV_r12m: 1.23670363
- SLV_vol3m: 0.40561753
- SLV_mdd: -0.19022425
- DBC_r1m: -0.00806450
- DBC_r3m: 0.05961411
- DBC_r12m: 0.31635270
- DBC_vol3m: 0.17625531
- DBC_mdd: -0.03665408
- VNQ_r1m: 0.04306293
- VNQ_r3m: 0.07284224
- VNQ_r12m: 0.21516831
- VNQ_vol3m: 0.15337400
- VNQ_mdd: -0.01849138
- UUP_r1m: -0.03720713
- UUP_r3m: -0.05500437
- UUP_r12m: -0.14831359
- UUP_vol3m: 0.06616977
- UUP_mdd: -0.18854047
- BIL_r1m: 0.00043658
- BIL_r3m: 0.00043658
- BIL_r12m: 0.00043658
- BIL_vol3m: 0.00256639
- BIL_mdd: 0.00000000
- cross_vol: 0.12153017

Assets: SPY, QQQ, IWM, DIA, EFA, EEM, VEA, VWO, AGG, BND, SHY, IEF, TLT, TIP, LQD, HYG, GLD, SLV, DBC, VNQ, UUP, BIL","{
  ""weights"": {
    ""SPY"": 0.6,
    ""QQQ"": 0.1,
    ""IWM"": 0.1,
    ""DIA"": 0.05,
    ""EFA"": 0.05,
    ""EEM"": 0.05,
    ""VEA"": 0.05,
    ""VWO"": 0.05,
    ""AGG"": 0.025,
    ""BND"": 0.025,
    ""SHY"": 0.0125,
    ""IEF"": 0.0125,
    ""TLT"": 0.0125,
    ""TIP"": 0.0125,
    ""LQD"": 0.0125,
    ""HYG"": 0.00625,
    ""GLD"": 0.00625,
    ""SLV"": 0.00625,
    ""DBC"": 0.00625,
    ""VNQ"": 0.00625,
    ""UUP"": 0.00625,
    ""BIL"": 0.00625
  }
}",1,0,0,10.80842745800328,425,1,0,0,0,241,10.553112,1761,stop,[],0,0,0,0,UUP,SPY,SPY,0,0,0.6666666666666666,1.4428818159388106,0.7712585304870279,4.2500725161431774e-17,1.1474117277250403e-17,1.0536975977390486,0,"{""SPY"":0.4974093264,""QQQ"":0.0829015544,""IWM"":0.0829015544,""DIA"":0.0414507772,""EFA"":0.0414507772,""EEM"":0.0414507772,""VEA"":0.0414507772,""VWO"":0.0414507772,""AGG"":0.0207253886,""BND"":0.0207253886,""SHY"":0.0103626943,""IEF"":0.0103626943,""TLT"":0.0103626943,""TIP"":0.0103626943,""LQD"":0.0103626943,""HYG"":0.0051813472,""GLD"":0.0051813472,""SLV"":0.0051813472,""DBC"":0.0051813472,""VNQ"":0.0051813472,""UUP"":0.0051813472,""BIL"":0.0051813472}","{""SPY"":0.4974093264,""QQQ"":0.0829015544,""IWM"":0.0829015544,""DIA"":0.0414507772,""EFA"":0.0414507772,""EEM"":0.0414507772,""VEA"":0.0414507772,""VWO"":0.0414507772,""AGG"":0.0207253886,""BND"":0.0207253886,""SHY"":0.0103626943,""IEF"":0.0103626943,""TLT"":0.0103626943,""TIP"":0.0103626943,""LQD"":0.0103626943,""HYG"":0.0051813472,""GLD"":0.0051813472,""SLV"":0.0051813472,""DBC"":0.0051813472,""VNQ"":0.0051813472,""UUP"":0.0051813472,""BIL"":0.0051813472}","{""SPY"":0.019047619,""QQQ"":0.019047619,""IWM"":0.019047619,""DIA"":0.019047619,""EFA"":0.019047619,""EEM"":0.019047619,""VEA"":0.019047619,""VWO"":0.019047619,""AGG"":0.019047619,""BND"":0.019047619,""SHY"":0.019047619,""IEF"":0.019047619,""TLT"":0.019047619,""TIP"":0.019047619,""LQD"":0.019047619,""HYG"":0.019047619,""GLD"":0.019047619,""SLV"":0.019047619,""DBC"":0.019047619,""VNQ"":0.019047619,""UUP"":0.6,""BIL"":0.019047619}",0,1.0000000000000002,0.49740932642487046,0.0051813471502590676,2.220446049250313e-16,0,0,1.0,0.49740932642487046,0.005181347150259065,1,1,1,1,43,55e9429d14954698a280adf6
repeatability_504part,repeatability,repeat_02,llama3.1:8b,P3,,,real_ticker,,2011-05-04,42,10.0,0.6,0.25,08e4d55fc7bb7983,"You are a CONTRARIAN MEAN-REVERSION policy profile. Use only the provided feature values. Strongly favor the eligible asset with the lowest `_r3m` value, reflecting recent underperformance. Allocate 60.0% of total portfolio weight to that target asset as the language-level policy target. Distribute the remaining weight equally among all other eligible assets. Include every eligible ticker exactly once. Return strictly valid JSON only with a `weights` object whose values are decimals, not percentages.
Hard constraints for the execution layer: long-only weights, weights sum to one, maximum single-asset weight 0.60, and turnover cap 0.25. You propose weights; deterministic projection will enforce final feasibility.

Current Features:
- SPY_r1m: 0.01178144
- SPY_r3m: 0.03774783
- SPY_r12m: 0.17709098
- SPY_vol3m: 0.12375589
- SPY_mdd: -0.01172787
- QQQ_r1m: 0.02322349
- QQQ_r3m: 0.03024367
- QQQ_r12m: 0.22798957
- QQQ_vol3m: 0.14657511
- QQQ_mdd: -0.01046931
- IWM_r1m: -0.01793927
- IWM_r3m: 0.04951221
- IWM_r12m: 0.20492090
- IWM_vol3m: 0.17441083
- IWM_mdd: -0.03680959
- DIA_r1m: 0.02687429
- DIA_r3m: 0.06279286
- DIA_r12m: 0.19895298
- DIA_vol3m: 0.12039240
- DIA_mdd: -0.00835674
- EFA_r1m: 0.03424981
- EFA_r3m: 0.03305901
- EFA_r12m: 0.24971559
- EFA_vol3m: 0.18728501
- EFA_mdd: -0.01659624
- EEM_r1m: -0.03569240
- EEM_r3m: 0.03263932
- EEM_r12m: 0.23236279
- EEM_vol3m: 0.19696833
- EEM_mdd: -0.04203172
- VEA_r1m: 0.03423530
- VEA_r3m: 0.03101591
- VEA_r12m: 0.25072536
- VEA_vol3m: 0.18904105
- VEA_mdd: -0.01665435
- VWO_r1m: -0.03206525
- VWO_r3m: 0.03140949
- VWO_r12m: 0.24140505
- VWO_vol3m: 0.19272694
- VWO_mdd: -0.04160914
- AGG_r1m: 0.01538010
- AGG_r3m: 0.02243082
- AGG_r12m: 0.05414809
- AGG_vol3m: 0.03148984
- AGG_mdd: -0.00304533
- BND_r1m: 0.01479744
- BND_r3m: 0.02192251
- BND_r12m: 0.05373923
- BND_vol3m: 0.03177888
- BND_mdd: -0.00349558
- SHY_r1m: 0.00496608
- SHY_r3m: 0.00518169
- SHY_r12m: 0.01670200
- SHY_vol3m: 0.01258394
- SHY_mdd: 0.00000000
- IEF_r1m: 0.01891337
- IEF_r3m: 0.02687183
- IEF_r12m: 0.07066975
- IEF_vol3m: 0.06434875
- IEF_mdd: -0.03712371
- TLT_r1m: 0.02930659
- TLT_r3m: 0.05783166
- TLT_r12m: 0.05027193
- TLT_vol3m: 0.12089728
- TLT_mdd: -0.10039133
- TIP_r1m: 0.02081862
- TIP_r3m: 0.05159197
- TIP_r12m: 0.08255954
- TIP_vol3m: 0.05526369
- TIP_mdd: 0.00000000
- LQD_r1m: 0.02127011
- LQD_r3m: 0.03733958
- LQD_r12m: 0.08629304
- LQD_vol3m: 0.04614927
- LQD_mdd: -0.00049387
- HYG_r1m: 0.01037362
- HYG_r3m: 0.02721753
- HYG_r12m: 0.15346286
- HYG_vol3m: 0.05140232
- HYG_mdd: -0.00061772
- GLD_r1m: 0.05642162
- GLD_r3m: 0.13246454
- GLD_r12m: 0.28360414
- GLD_vol3m: 0.12461114
- GLD_mdd: -0.03045219
- SLV_r1m: 0.01836079
- SLV_r3m: 0.38208739
- SLV_r12m: 1.23670363
- SLV_vol3m: 0.40561753
- SLV_mdd: -0.19022425
- DBC_r1m: -0.00806450
- DBC_r3m: 0.05961411
- DBC_r12m: 0.31635270
- DBC_vol3m: 0.17625531
- DBC_mdd: -0.03665408
- VNQ_r1m: 0.04306293
- VNQ_r3m: 0.07284224
- VNQ_r12m: 0.21516831
- VNQ_vol3m: 0.15337400
- VNQ_mdd: -0.01849138
- UUP_r1m: -0.03720713
- UUP_r3m: -0.05500437
- UUP_r12m: -0.14831359
- UUP_vol3m: 0.06616977
- UUP_mdd: -0.18854047
- BIL_r1m: 0.00043658
- BIL_r3m: 0.00043658
- BIL_r12m: 0.00043658
- BIL_vol3m: 0.00256639
- BIL_mdd: 0.00000000
- cross_vol: 0.12153017

Assets: SPY, QQQ, IWM, DIA, EFA, EEM, VEA, VWO, AGG, BND, SHY, IEF, TLT, TIP, LQD, HYG, GLD, SLV, DBC, VNQ, UUP, BIL","{
  ""weights"": {
    ""SPY"": 0.6,
    ""QQQ"": 0.1,
    ""IWM"": 0.1,
    ""DIA"": 0.05,
    ""EFA"": 0.05,
    ""EEM"": 0.05,
    ""VEA"": 0.05,
    ""VWO"": 0.05,
    ""AGG"": 0.025,
    ""BND"": 0.025,
    ""SHY"": 0.0125,
    ""IEF"": 0.0125,
    ""TLT"": 0.0125,
    ""TIP"": 0.0125,
    ""LQD"": 0.0125,
    ""HYG"": 0.00625,
    ""GLD"": 0.00625,
    ""SLV"": 0.00625,
    ""DBC"": 0.00625,
    ""VNQ"": 0.00625,
    ""UUP"": 0.00625,
    ""BIL"": 0.00625
  }
}",1,0,0,10.693242833993281,425,1,0,0,0,241,10.448264,1761,stop,[],0,0,0,0,UUP,SPY,SPY,0,0,0.6666666666666666,1.4428818159388106,0.7712585304870279,4.2500725161431774e-17,1.1474117277250403e-17,1.0536975977390486,0,"{""SPY"":0.4974093264,""QQQ"":0.0829015544,""IWM"":0.0829015544,""DIA"":0.0414507772,""EFA"":0.0414507772,""EEM"":0.0414507772,""VEA"":0.0414507772,""VWO"":0.0414507772,""AGG"":0.0207253886,""BND"":0.0207253886,""SHY"":0.0103626943,""IEF"":0.0103626943,""TLT"":0.0103626943,""TIP"":0.0103626943,""LQD"":0.0103626943,""HYG"":0.0051813472,""GLD"":0.0051813472,""SLV"":0.0051813472,""DBC"":0.0051813472,""VNQ"":0.0051813472,""UUP"":0.0051813472,""BIL"":0.0051813472}","{""SPY"":0.4974093264,""QQQ"":0.0829015544,""IWM"":0.0829015544,""DIA"":0.0414507772,""EFA"":0.0414507772,""EEM"":0.0414507772,""VEA"":0.0414507772,""VWO"":0.0414507772,""AGG"":0.0207253886,""BND"":0.0207253886,""SHY"":0.0103626943,""IEF"":0.0103626943,""TLT"":0.0103626943,""TIP"":0.0103626943,""LQD"":0.0103626943,""HYG"":0.0051813472,""GLD"":0.0051813472,""SLV"":0.0051813472,""DBC"":0.0051813472,""VNQ"":0.0051813472,""UUP"":0.0051813472,""BIL"":0.0051813472}","{""SPY"":0.019047619,""QQQ"":0.019047619,""IWM"":0.019047619,""DIA"":0.019047619,""EFA"":0.019047619,""EEM"":0.019047619,""VEA"":0.019047619,""VWO"":0.019047619,""AGG"":0.019047619,""BND"":0.019047619,""SHY"":0.019047619,""IEF"":0.019047619,""TLT"":0.019047619,""TIP"":0.019047619,""LQD"":0.019047619,""HYG"":0.019047619,""GLD"":0.019047619,""SLV"":0.019047619,""DBC"":0.019047619,""VNQ"":0.019047619,""UUP"":0.6,""BIL"":0.019047619}",0,1.0000000000000002,0.49740932642487046,0.0051813471502590676,2.220446049250313e-16,0,0,1.0,0.49740932642487046,0.005181347150259065,1,1,1,2,44,61ed9510c7cb8c76e5171640
repeatability_504part,repeatability,repeat_03,llama3.1:8b,P3,,,real_ticker,,2011-05-04,42,10.0,0.6,0.25,08e4d55fc7bb7983,"You are a CONTRARIAN MEAN-REVERSION policy profile. Use only the provided feature values. Strongly favor the eligible asset with the lowest `_r3m` value, reflecting recent underperformance. Allocate 60.0% of total portfolio weight to that target asset as the language-level policy target. Distribute the remaining weight equally among all other eligible assets. Include every eligible ticker exactly once. Return strictly valid JSON only with a `weights` object whose values are decimals, not percentages.
Hard constraints for the execution layer: long-only weights, weights sum to one, maximum single-asset weight 0.60, and turnover cap 0.25. You propose weights; deterministic projection will enforce final feasibility.

Current Features:
- SPY_r1m: 0.01178144
- SPY_r3m: 0.03774783
- SPY_r12m: 0.17709098
- SPY_vol3m: 0.12375589
- SPY_mdd: -0.01172787
- QQQ_r1m: 0.02322349
- QQQ_r3m: 0.03024367
- QQQ_r12m: 0.22798957
- QQQ_vol3m: 0.14657511
- QQQ_mdd: -0.01046931
- IWM_r1m: -0.01793927
- IWM_r3m: 0.04951221
- IWM_r12m: 0.20492090
- IWM_vol3m: 0.17441083
- IWM_mdd: -0.03680959
- DIA_r1m: 0.02687429
- DIA_r3m: 0.06279286
- DIA_r12m: 0.19895298
- DIA_vol3m: 0.12039240
- DIA_mdd: -0.00835674
- EFA_r1m: 0.03424981
- EFA_r3m: 0.03305901
- EFA_r12m: 0.24971559
- EFA_vol3m: 0.18728501
- EFA_mdd: -0.01659624
- EEM_r1m: -0.03569240
- EEM_r3m: 0.03263932
- EEM_r12m: 0.23236279
- EEM_vol3m: 0.19696833
- EEM_mdd: -0.04203172
- VEA_r1m: 0.03423530
- VEA_r3m: 0.03101591
- VEA_r12m: 0.25072536
- VEA_vol3m: 0.18904105
- VEA_mdd: -0.01665435
- VWO_r1m: -0.03206525
- VWO_r3m: 0.03140949
- VWO_r12m: 0.24140505
- VWO_vol3m: 0.19272694
- VWO_mdd: -0.04160914
- AGG_r1m: 0.01538010
- AGG_r3m: 0.02243082
- AGG_r12m: 0.05414809
- AGG_vol3m: 0.03148984
- AGG_mdd: -0.00304533
- BND_r1m: 0.01479744
- BND_r3m: 0.02192251
- BND_r12m: 0.05373923
- BND_vol3m: 0.03177888
- BND_mdd: -0.00349558
- SHY_r1m: 0.00496608
- SHY_r3m: 0.00518169
- SHY_r12m: 0.01670200
- SHY_vol3m: 0.01258394
- SHY_mdd: 0.00000000
- IEF_r1m: 0.01891337
- IEF_r3m: 0.02687183
- IEF_r12m: 0.07066975
- IEF_vol3m: 0.06434875
- IEF_mdd: -0.03712371
- TLT_r1m: 0.02930659
- TLT_r3m: 0.05783166
- TLT_r12m: 0.05027193
- TLT_vol3m: 0.12089728
- TLT_mdd: -0.10039133
- TIP_r1m: 0.02081862
- TIP_r3m: 0.05159197
- TIP_r12m: 0.08255954
- TIP_vol3m: 0.05526369
- TIP_mdd: 0.00000000
- LQD_r1m: 0.02127011
- LQD_r3m: 0.03733958
- LQD_r12m: 0.08629304
- LQD_vol3m: 0.04614927
- LQD_mdd: -0.00049387
- HYG_r1m: 0.01037362
- HYG_r3m: 0.02721753
- HYG_r12m: 0.15346286
- HYG_vol3m: 0.05140232
- HYG_mdd: -0.00061772
- GLD_r1m: 0.05642162
- GLD_r3m: 0.13246454
- GLD_r12m: 0.28360414
- GLD_vol3m: 0.12461114
- GLD_mdd: -0.03045219
- SLV_r1m: 0.01836079
- SLV_r3m: 0.38208739
- SLV_r12m: 1.23670363
- SLV_vol3m: 0.40561753
- SLV_mdd: -0.19022425
- DBC_r1m: -0.00806450
- DBC_r3m: 0.05961411
- DBC_r12m: 0.31635270
- DBC_vol3m: 0.17625531
- DBC_mdd: -0.03665408
- VNQ_r1m: 0.04306293
- VNQ_r3m: 0.07284224
- VNQ_r12m: 0.21516831
- VNQ_vol3m: 0.15337400
- VNQ_mdd: -0.01849138
- UUP_r1m: -0.03720713
- UUP_r3m: -0.05500437
- UUP_r12m: -0.14831359
- UUP_vol3m: 0.06616977
- UUP_mdd: -0.18854047
- BIL_r1m: 0.00043658
- BIL_r3m: 0.00043658
- BIL_r12m: 0.00043658
- BIL_vol3m: 0.00256639
- BIL_mdd: 0.00000000
- cross_vol: 0.12153017

Assets: SPY, QQQ, IWM, DIA, EFA, EEM, VEA, VWO, AGG, BND, SHY, IEF, TLT, TIP, LQD, HYG, GLD, SLV, DBC, VNQ, UUP, BIL","{
  ""weights"": {
    ""SPY"": 0.6,
    ""QQQ"": 0.1,
    ""IWM"": 0.1,
    ""DIA"": 0.05,
    ""EFA"": 0.05,
    ""EEM"": 0.05,
    ""VEA"": 0.05,
    ""VWO"": 0.05,
    ""AGG"": 0.025,
    ""BND"": 0.025,
    ""SHY"": 0.0125,
    ""IEF"": 0.0125,
    ""TLT"": 0.0125,
    ""TIP"": 0.0125,
    ""LQD"": 0.0125,
    ""HYG"": 0.00625,
    ""GLD"": 0.00625,
    ""SLV"": 0.00625,
    ""DBC"": 0.00625,
    ""VNQ"": 0.00625,
    ""UUP"": 0.00625,
    ""BIL"": 0.00625
  }
}",1,0,0,10.691390082996804,425,1,0,0,0,241,10.44306,1761,stop,[],0,0,0,0,UUP,SPY,SPY,0,0,0.6666666666666666,1.4428818159388106,0.7712585304870279,4.2500725161431774e-17,1.1474117277250403e-17,1.0536975977390486,0,"{""SPY"":0.4974093264,""QQQ"":0.0829015544,""IWM"":0.0829015544,""DIA"":0.0414507772,""EFA"":0.0414507772,""EEM"":0.0414507772,""VEA"":0.0414507772,""VWO"":0.0414507772,""AGG"":0.0207253886,""BND"":0.0207253886,""SHY"":0.0103626943,""IEF"":0.0103626943,""TLT"":0.0103626943,""TIP"":0.0103626943,""LQD"":0.0103626943,""HYG"":0.0051813472,""GLD"":0.0051813472,""SLV"":0.0051813472,""DBC"":0.0051813472,""VNQ"":0.0051813472,""UUP"":0.0051813472,""BIL"":0.0051813472}","{""SPY"":0.4974093264,""QQQ"":0.0829015544,""IWM"":0.0829015544,""DIA"":0.0414507772,""EFA"":0.0414507772,""EEM"":0.0414507772,""VEA"":0.0414507772,""VWO"":0.0414507772,""AGG"":0.0207253886,""BND"":0.0207253886,""SHY"":0.0103626943,""IEF"":0.0103626943,""TLT"":0.0103626943,""TIP"":0.0103626943,""LQD"":0.0103626943,""HYG"":0.0051813472,""GLD"":0.0051813472,""SLV"":0.0051813472,""DBC"":0.0051813472,""VNQ"":0.0051813472,""UUP"":0.0051813472,""BIL"":0.0051813472}","{""SPY"":0.019047619,""QQQ"":0.019047619,""IWM"":0.019047619,""DIA"":0.019047619,""EFA"":0.019047619,""EEM"":0.019047619,""VEA"":0.019047619,""VWO"":0.019047619,""AGG"":0.019047619,""BND"":0.019047619,""SHY"":0.019047619,""IEF"":0.019047619,""TLT"":0.019047619,""TIP"":0.019047619,""LQD"":0.019047619,""HYG"":0.019047619,""GLD"":0.019047619,""SLV"":0.019047619,""DBC"":0.019047619,""VNQ"":0.019047619,""UUP"":0.6,""BIL"":0.019047619}",0,1.0000000000000002,0.49740932642487046,0.0051813471502590676,2.220446049250313e-16,0,0,1.0,0.49740932642487046,0.005181347150259065,1,1,1,3,45,f89f0a5cd3542b1089a6aeec
repeatability_504part,repeatability,repeat_00,llama3.1:8b,P4,,,real_ticker,,2011-05-04,42,10.0,0.6,0.25,7a2f2d5dc98042cf,"You are an EQUAL-WEIGHT CONTROL policy profile. Ignore all feature data. Allocate the total portfolio weight equally among all eligible assets. Include every eligible ticker exactly once. Return strictly valid JSON only with a `weights` object whose values are decimals, not percentages.
Hard constraints for the execution layer: long-only weights, weights sum to one, maximum single-asset weight 0.60, and turnover cap 0.25. You propose weights; deterministic projection will enforce final feasibility.

Current Features:
- SPY_r1m: 0.01178144
- SPY_r3m: 0.03774783
- SPY_r12m: 0.17709098
- SPY_vol3m: 0.12375589
- SPY_mdd: -0.01172787
- QQQ_r1m: 0.02322349
- QQQ_r3m: 0.03024367
- QQQ_r12m: 0.22798957
- QQQ_vol3m: 0.14657511
- QQQ_mdd: -0.01046931
- IWM_r1m: -0.01793927
- IWM_r3m: 0.04951221
- IWM_r12m: 0.20492090
- IWM_vol3m: 0.17441083
- IWM_mdd: -0.03680959
- DIA_r1m: 0.02687429
- DIA_r3m: 0.06279286
- DIA_r12m: 0.19895298
- DIA_vol3m: 0.12039240
- DIA_mdd: -0.00835674
- EFA_r1m: 0.03424981
- EFA_r3m: 0.03305901
- EFA_r12m: 0.24971559
- EFA_vol3m: 0.18728501
- EFA_mdd: -0.01659624
- EEM_r1m: -0.03569240
- EEM_r3m: 0.03263932
- EEM_r12m: 0.23236279
- EEM_vol3m: 0.19696833
- EEM_mdd: -0.04203172
- VEA_r1m: 0.03423530
- VEA_r3m: 0.03101591
- VEA_r12m: 0.25072536
- VEA_vol3m: 0.18904105
- VEA_mdd: -0.01665435
- VWO_r1m: -0.03206525
- VWO_r3m: 0.03140949
- VWO_r12m: 0.24140505
- VWO_vol3m: 0.19272694
- VWO_mdd: -0.04160914
- AGG_r1m: 0.01538010
- AGG_r3m: 0.02243082
- AGG_r12m: 0.05414809
- AGG_vol3m: 0.03148984
- AGG_mdd: -0.00304533
- BND_r1m: 0.01479744
- BND_r3m: 0.02192251
- BND_r12m: 0.05373923
- BND_vol3m: 0.03177888
- BND_mdd: -0.00349558
- SHY_r1m: 0.00496608
- SHY_r3m: 0.00518169
- SHY_r12m: 0.01670200
- SHY_vol3m: 0.01258394
- SHY_mdd: 0.00000000
- IEF_r1m: 0.01891337
- IEF_r3m: 0.02687183
- IEF_r12m: 0.07066975
- IEF_vol3m: 0.06434875
- IEF_mdd: -0.03712371
- TLT_r1m: 0.02930659
- TLT_r3m: 0.05783166
- TLT_r12m: 0.05027193
- TLT_vol3m: 0.12089728
- TLT_mdd: -0.10039133
- TIP_r1m: 0.02081862
- TIP_r3m: 0.05159197
- TIP_r12m: 0.08255954
- TIP_vol3m: 0.05526369
- TIP_mdd: 0.00000000
- LQD_r1m: 0.02127011
- LQD_r3m: 0.03733958
- LQD_r12m: 0.08629304
- LQD_vol3m: 0.04614927
- LQD_mdd: -0.00049387
- HYG_r1m: 0.01037362
- HYG_r3m: 0.02721753
- HYG_r12m: 0.15346286
- HYG_vol3m: 0.05140232
- HYG_mdd: -0.00061772
- GLD_r1m: 0.05642162
- GLD_r3m: 0.13246454
- GLD_r12m: 0.28360414
- GLD_vol3m: 0.12461114
- GLD_mdd: -0.03045219
- SLV_r1m: 0.01836079
- SLV_r3m: 0.38208739
- SLV_r12m: 1.23670363
- SLV_vol3m: 0.40561753
- SLV_mdd: -0.19022425
- DBC_r1m: -0.00806450
- DBC_r3m: 0.05961411
- DBC_r12m: 0.31635270
- DBC_vol3m: 0.17625531
- DBC_mdd: -0.03665408
- VNQ_r1m: 0.04306293
- VNQ_r3m: 0.07284224
- VNQ_r12m: 0.21516831
- VNQ_vol3m: 0.15337400
- VNQ_mdd: -0.01849138
- UUP_r1m: -0.03720713
- UUP_r3m: -0.05500437
- UUP_r12m: -0.14831359
- UUP_vol3m: 0.06616977
- UUP_mdd: -0.18854047
- BIL_r1m: 0.00043658
- BIL_r3m: 0.00043658
- BIL_r12m: 0.00043658
- BIL_vol3m: 0.00256639
- BIL_mdd: 0.00000000
- cross_vol: 0.12153017

Assets: SPY, QQQ, IWM, DIA, EFA, EEM, VEA, VWO, AGG, BND, SHY, IEF, TLT, TIP, LQD, HYG, GLD, SLV, DBC, VNQ, UUP, BIL","{
  ""weights"": {
    ""SPY"": 0.0107142857,
    ""QQQ"": 0.0107142857,
    ""IWM"": 0.0107142857,
    ""DIA"": 0.0107142857,
    ""EFA"": 0.0107142857,
    ""EEM"": 0.0107142857,
    ""VEA"": 0.0107142857,
    ""VWO"": 0.0107142857,
    ""AGG"": 0.0107142857,
    ""BND"": 0.0107142857,
    ""SHY"": 0.0107142857,
    ""IEF"": 0.0107142857,
    ""TLT"": 0.0107142857,
    ""TIP"": 0.0107142857,
    ""LQD"": 0.0107142857,
    ""HYG"": 0.0107142857,
    ""GLD"": 0.0107142857,
    ""SLV"": 0.0107142857,
    ""DBC"": 0.0107142857,
    ""VNQ"": 0.0107142857,
    ""UUP"": 0.0107142857,
    ""BIL"": 0.0107142857
  }
}",1,0,0,20.44791879199329,571,1,0,0,0,295,12.781866,1713,stop,[],0,0,0,0,SPY,SPY,SPY,1,1,1.0,0.0,0.0,3.0531133177191805e-16,6.509259464525837e-17,3.0531133177191805e-16,1,"{""SPY"":0.0454545455,""QQQ"":0.0454545455,""IWM"":0.0454545455,""DIA"":0.0454545455,""EFA"":0.0454545455,""EEM"":0.0454545455,""VEA"":0.0454545455,""VWO"":0.0454545455,""AGG"":0.0454545455,""BND"":0.0454545455,""SHY"":0.0454545455,""IEF"":0.0454545455,""TLT"":0.0454545455,""TIP"":0.0454545455,""LQD"":0.0454545455,""HYG"":0.0454545455,""GLD"":0.0454545455,""SLV"":0.0454545455,""DBC"":0.0454545455,""VNQ"":0.0454545455,""UUP"":0.0454545455,""BIL"":0.0454545455}","{""SPY"":0.0454545455,""QQQ"":0.0454545455,""IWM"":0.0454545455,""DIA"":0.0454545455,""EFA"":0.0454545455,""EEM"":0.0454545455,""VEA"":0.0454545455,""VWO"":0.0454545455,""AGG"":0.0454545455,""BND"":0.0454545455,""SHY"":0.0454545455,""IEF"":0.0454545455,""TLT"":0.0454545455,""TIP"":0.0454545455,""LQD"":0.0454545455,""HYG"":0.0454545455,""GLD"":0.0454545455,""SLV"":0.0454545455,""DBC"":0.0454545455,""VNQ"":0.0454545455,""UUP"":0.0454545455,""BIL"":0.0454545455}","{""SPY"":0.0454545455,""QQQ"":0.0454545455,""IWM"":0.0454545455,""DIA"":0.0454545455,""EFA"":0.0454545455,""EEM"":0.0454545455,""VEA"":0.0454545455,""VWO"":0.0454545455,""AGG"":0.0454545455,""BND"":0.0454545455,""SHY"":0.0454545455,""IEF"":0.0454545455,""TLT"":0.0454545455,""TIP"":0.0454545455,""LQD"":0.0454545455,""HYG"":0.0454545455,""GLD"":0.0454545455,""SLV"":0.0454545455,""DBC"":0.0454545455,""VNQ"":0.0454545455,""UUP"":0.0454545455,""BIL"":0.0454545455}",0,0.9999999999999998,0.045454545454545456,0.045454545454545456,2.220446049250313e-16,0,0,1.0,0.04545454545454547,0.04545454545454547,1,1,1,0,42,4330cbc31de557589cfd01f0
repeatability_504part,repeatability,repeat_01,llama3.1:8b,P4,,,real_ticker,,2011-05-04,42,10.0,0.6,0.25,7a2f2d5dc98042cf,"You are an EQUAL-WEIGHT CONTROL policy profile. Ignore all feature data. Allocate the total portfolio weight equally among all eligible assets. Include every eligible ticker exactly once. Return strictly valid JSON only with a `weights` object whose values are decimals, not percentages.
Hard constraints for the execution layer: long-only weights, weights sum to one, maximum single-asset weight 0.60, and turnover cap 0.25. You propose weights; deterministic projection will enforce final feasibility.

Current Features:
- SPY_r1m: 0.01178144
- SPY_r3m: 0.03774783
- SPY_r12m: 0.17709098
- SPY_vol3m: 0.12375589
- SPY_mdd: -0.01172787
- QQQ_r1m: 0.02322349
- QQQ_r3m: 0.03024367
- QQQ_r12m: 0.22798957
- QQQ_vol3m: 0.14657511
- QQQ_mdd: -0.01046931
- IWM_r1m: -0.01793927
- IWM_r3m: 0.04951221
- IWM_r12m: 0.20492090
- IWM_vol3m: 0.17441083
- IWM_mdd: -0.03680959
- DIA_r1m: 0.02687429
- DIA_r3m: 0.06279286
- DIA_r12m: 0.19895298
- DIA_vol3m: 0.12039240
- DIA_mdd: -0.00835674
- EFA_r1m: 0.03424981
- EFA_r3m: 0.03305901
- EFA_r12m: 0.24971559
- EFA_vol3m: 0.18728501
- EFA_mdd: -0.01659624
- EEM_r1m: -0.03569240
- EEM_r3m: 0.03263932
- EEM_r12m: 0.23236279
- EEM_vol3m: 0.19696833
- EEM_mdd: -0.04203172
- VEA_r1m: 0.03423530
- VEA_r3m: 0.03101591
- VEA_r12m: 0.25072536
- VEA_vol3m: 0.18904105
- VEA_mdd: -0.01665435
- VWO_r1m: -0.03206525
- VWO_r3m: 0.03140949
- VWO_r12m: 0.24140505
- VWO_vol3m: 0.19272694
- VWO_mdd: -0.04160914
- AGG_r1m: 0.01538010
- AGG_r3m: 0.02243082
- AGG_r12m: 0.05414809
- AGG_vol3m: 0.03148984
- AGG_mdd: -0.00304533
- BND_r1m: 0.01479744
- BND_r3m: 0.02192251
- BND_r12m: 0.05373923
- BND_vol3m: 0.03177888
- BND_mdd: -0.00349558
- SHY_r1m: 0.00496608
- SHY_r3m: 0.00518169
- SHY_r12m: 0.01670200
- SHY_vol3m: 0.01258394
- SHY_mdd: 0.00000000
- IEF_r1m: 0.01891337
- IEF_r3m: 0.02687183
- IEF_r12m: 0.07066975
- IEF_vol3m: 0.06434875
- IEF_mdd: -0.03712371
- TLT_r1m: 0.02930659
- TLT_r3m: 0.05783166
- TLT_r12m: 0.05027193
- TLT_vol3m: 0.12089728
- TLT_mdd: -0.10039133
- TIP_r1m: 0.02081862
- TIP_r3m: 0.05159197
- TIP_r12m: 0.08255954
- TIP_vol3m: 0.05526369
- TIP_mdd: 0.00000000
- LQD_r1m: 0.02127011
- LQD_r3m: 0.03733958
- LQD_r12m: 0.08629304
- LQD_vol3m: 0.04614927
- LQD_mdd: -0.00049387
- HYG_r1m: 0.01037362
- HYG_r3m: 0.02721753
- HYG_r12m: 0.15346286
- HYG_vol3m: 0.05140232
- HYG_mdd: -0.00061772
- GLD_r1m: 0.05642162
- GLD_r3m: 0.13246454
- GLD_r12m: 0.28360414
- GLD_vol3m: 0.12461114
- GLD_mdd: -0.03045219
- SLV_r1m: 0.01836079
- SLV_r3m: 0.38208739
- SLV_r12m: 1.23670363
- SLV_vol3m: 0.40561753
- SLV_mdd: -0.19022425
- DBC_r1m: -0.00806450
- DBC_r3m: 0.05961411
- DBC_r12m: 0.31635270
- DBC_vol3m: 0.17625531
- DBC_mdd: -0.03665408
- VNQ_r1m: 0.04306293
- VNQ_r3m: 0.07284224
- VNQ_r12m: 0.21516831
- VNQ_vol3m: 0.15337400
- VNQ_mdd: -0.01849138
- UUP_r1m: -0.03720713
- UUP_r3m: -0.05500437
- UUP_r12m: -0.14831359
- UUP_vol3m: 0.06616977
- UUP_mdd: -0.18854047
- BIL_r1m: 0.00043658
- BIL_r3m: 0.00043658
- BIL_r12m: 0.00043658
- BIL_vol3m: 0.00256639
- BIL_mdd: 0.00000000
- cross_vol: 0.12153017

Assets: SPY, QQQ, IWM, DIA, EFA, EEM, VEA, VWO, AGG, BND, SHY, IEF, TLT, TIP, LQD, HYG, GLD, SLV, DBC, VNQ, UUP, BIL","{
  ""weights"": {
    ""SPY"": 0.0107142857,
    ""QQQ"": 0.0107142857,
    ""IWM"": 0.0107142857,
    ""DIA"": 0.0107142857,
    ""EFA"": 0.0107142857,
    ""EEM"": 0.0107142857,
    ""VEA"": 0.0107142857,
    ""VWO"": 0.0107142857,
    ""AGG"": 0.0107142857,
    ""BND"": 0.0107142857,
    ""SHY"": 0.0107142857,
    ""IEF"": 0.0107142857,
    ""TLT"": 0.0107142857,
    ""TIP"": 0.0107142857,
    ""LQD"": 0.0107142857,
    ""HYG"": 0.0107142857,
    ""GLD"": 0.0107142857,
    ""SLV"": 0.0107142857,
    ""DBC"": 0.0107142857,
    ""VNQ"": 0.0107142857,
    ""UUP"": 0.0107142857,
    ""BIL"": 0.0107142857
  }
}",1,0,0,13.020961792004528,571,1,0,0,0,295,12.775498,1713,stop,[],0,0,0,0,SPY,SPY,SPY,1,1,1.0,0.0,0.0,3.0531133177191805e-16,6.509259464525837e-17,3.0531133177191805e-16,1,"{""SPY"":0.0454545455,""QQQ"":0.0454545455,""IWM"":0.0454545455,""DIA"":0.0454545455,""EFA"":0.0454545455,""EEM"":0.0454545455,""VEA"":0.0454545455,""VWO"":0.0454545455,""AGG"":0.0454545455,""BND"":0.0454545455,""SHY"":0.0454545455,""IEF"":0.0454545455,""TLT"":0.0454545455,""TIP"":0.0454545455,""LQD"":0.0454545455,""HYG"":0.0454545455,""GLD"":0.0454545455,""SLV"":0.0454545455,""DBC"":0.0454545455,""VNQ"":0.0454545455,""UUP"":0.0454545455,""BIL"":0.0454545455}","{""SPY"":0.0454545455,""QQQ"":0.0454545455,""IWM"":0.0454545455,""DIA"":0.0454545455,""EFA"":0.0454545455,""EEM"":0.0454545455,""VEA"":0.0454545455,""VWO"":0.0454545455,""AGG"":0.0454545455,""BND"":0.0454545455,""SHY"":0.0454545455,""IEF"":0.0454545455,""TLT"":0.0454545455,""TIP"":0.0454545455,""LQD"":0.0454545455,""HYG"":0.0454545455,""GLD"":0.0454545455,""SLV"":0.0454545455,""DBC"":0.0454545455,""VNQ"":0.0454545455,""UUP"":0.0454545455,""BIL"":0.0454545455}","{""SPY"":0.0454545455,""QQQ"":0.0454545455,""IWM"":0.0454545455,""DIA"":0.0454545455,""EFA"":0.0454545455,""EEM"":0.0454545455,""VEA"":0.0454545455,""VWO"":0.0454545455,""AGG"":0.0454545455,""BND"":0.0454545455,""SHY"":0.0454545455,""IEF"":0.0454545455,""TLT"":0.0454545455,""TIP"":0.0454545455,""LQD"":0.0454545455,""HYG"":0.0454545455,""GLD"":0.0454545455,""SLV"":0.0454545455,""DBC"":0.0454545455,""VNQ"":0.0454545455,""UUP"":0.0454545455,""BIL"":0.0454545455}",0,0.9999999999999998,0.045454545454545456,0.045454545454545456,2.220446049250313e-16,0,0,1.0,0.04545454545454547,0.04545454545454547,1,1,1,1,43,cd89e66a64a069ef76307476
repeatability_504part,repeatability,repeat_02,llama3.1:8b,P4,,,real_ticker,,2011-05-04,42,10.0,0.6,0.25,7a2f2d5dc98042cf,"You are an EQUAL-WEIGHT CONTROL policy profile. Ignore all feature data. Allocate the total portfolio weight equally among all eligible assets. Include every eligible ticker exactly once. Return strictly valid JSON only with a `weights` object whose values are decimals, not percentages.
Hard constraints for the execution layer: long-only weights, weights sum to one, maximum single-asset weight 0.60, and turnover cap 0.25. You propose weights; deterministic projection will enforce final feasibility.

Current Features:
- SPY_r1m: 0.01178144
- SPY_r3m: 0.03774783
- SPY_r12m: 0.17709098
- SPY_vol3m: 0.12375589
- SPY_mdd: -0.01172787
- QQQ_r1m: 0.02322349
- QQQ_r3m: 0.03024367
- QQQ_r12m: 0.22798957
- QQQ_vol3m: 0.14657511
- QQQ_mdd: -0.01046931
- IWM_r1m: -0.01793927
- IWM_r3m: 0.04951221
- IWM_r12m: 0.20492090
- IWM_vol3m: 0.17441083
- IWM_mdd: -0.03680959
- DIA_r1m: 0.02687429
- DIA_r3m: 0.06279286
- DIA_r12m: 0.19895298
- DIA_vol3m: 0.12039240
- DIA_mdd: -0.00835674
- EFA_r1m: 0.03424981
- EFA_r3m: 0.03305901
- EFA_r12m: 0.24971559
- EFA_vol3m: 0.18728501
- EFA_mdd: -0.01659624
- EEM_r1m: -0.03569240
- EEM_r3m: 0.03263932
- EEM_r12m: 0.23236279
- EEM_vol3m: 0.19696833
- EEM_mdd: -0.04203172
- VEA_r1m: 0.03423530
- VEA_r3m: 0.03101591
- VEA_r12m: 0.25072536
- VEA_vol3m: 0.18904105
- VEA_mdd: -0.01665435
- VWO_r1m: -0.03206525
- VWO_r3m: 0.03140949
- VWO_r12m: 0.24140505
- VWO_vol3m: 0.19272694
- VWO_mdd: -0.04160914
- AGG_r1m: 0.01538010
- AGG_r3m: 0.02243082
- AGG_r12m: 0.05414809
- AGG_vol3m: 0.03148984
- AGG_mdd: -0.00304533
- BND_r1m: 0.01479744
- BND_r3m: 0.02192251
- BND_r12m: 0.05373923
- BND_vol3m: 0.03177888
- BND_mdd: -0.00349558
- SHY_r1m: 0.00496608
- SHY_r3m: 0.00518169
- SHY_r12m: 0.01670200
- SHY_vol3m: 0.01258394
- SHY_mdd: 0.00000000
- IEF_r1m: 0.01891337
- IEF_r3m: 0.02687183
- IEF_r12m: 0.07066975
- IEF_vol3m: 0.06434875
- IEF_mdd: -0.03712371
- TLT_r1m: 0.02930659
- TLT_r3m: 0.05783166
- TLT_r12m: 0.05027193
- TLT_vol3m: 0.12089728
- TLT_mdd: -0.10039133
- TIP_r1m: 0.02081862
- TIP_r3m: 0.05159197
- TIP_r12m: 0.08255954
- TIP_vol3m: 0.05526369
- TIP_mdd: 0.00000000
- LQD_r1m: 0.02127011
- LQD_r3m: 0.03733958
- LQD_r12m: 0.08629304
- LQD_vol3m: 0.04614927
- LQD_mdd: -0.00049387
- HYG_r1m: 0.01037362
- HYG_r3m: 0.02721753
- HYG_r12m: 0.15346286
- HYG_vol3m: 0.05140232
- HYG_mdd: -0.00061772
- GLD_r1m: 0.05642162
- GLD_r3m: 0.13246454
- GLD_r12m: 0.28360414
- GLD_vol3m: 0.12461114
- GLD_mdd: -0.03045219
- SLV_r1m: 0.01836079
- SLV_r3m: 0.38208739
- SLV_r12m: 1.23670363
- SLV_vol3m: 0.40561753
- SLV_mdd: -0.19022425
- DBC_r1m: -0.00806450
- DBC_r3m: 0.05961411
- DBC_r12m: 0.31635270
- DBC_vol3m: 0.17625531
- DBC_mdd: -0.03665408
- VNQ_r1m: 0.04306293
- VNQ_r3m: 0.07284224
- VNQ_r12m: 0.21516831
- VNQ_vol3m: 0.15337400
- VNQ_mdd: -0.01849138
- UUP_r1m: -0.03720713
- UUP_r3m: -0.05500437
- UUP_r12m: -0.14831359
- UUP_vol3m: 0.06616977
- UUP_mdd: -0.18854047
- BIL_r1m: 0.00043658
- BIL_r3m: 0.00043658
- BIL_r12m: 0.00043658
- BIL_vol3m: 0.00256639
- BIL_mdd: 0.00000000
- cross_vol: 0.12153017

Assets: SPY, QQQ, IWM, DIA, EFA, EEM, VEA, VWO, AGG, BND, SHY, IEF, TLT, TIP, LQD, HYG, GLD, SLV, DBC, VNQ, UUP, BIL","{
  ""weights"": {
    ""SPY"": 0.0107142857,
    ""QQQ"": 0.0107142857,
    ""IWM"": 0.0107142857,
    ""DIA"": 0.0107142857,
    ""EFA"": 0.0107142857,
    ""EEM"": 0.0107142857,
    ""VEA"": 0.0107142857,
    ""VWO"": 0.0107142857,
    ""AGG"": 0.0107142857,
    ""BND"": 0.0107142857,
    ""SHY"": 0.0107142857,
    ""IEF"": 0.0107142857,
    ""TLT"": 0.0107142857,
    ""TIP"": 0.0107142857,
    ""LQD"": 0.0107142857,
    ""HYG"": 0.0107142857,
    ""GLD"": 0.0107142857,
    ""SLV"": 0.0107142857,
    ""DBC"": 0.0107142857,
    ""VNQ"": 0.0107142857,
    ""UUP"": 0.0107142857,
    ""BIL"": 0.0107142857
  }
}",1,0,0,13.037811917005456,571,1,0,0,0,295,12.782196,1713,stop,[],0,0,0,0,SPY,SPY,SPY,1,1,1.0,0.0,0.0,3.0531133177191805e-16,6.509259464525837e-17,3.0531133177191805e-16,1,"{""SPY"":0.0454545455,""QQQ"":0.0454545455,""IWM"":0.0454545455,""DIA"":0.0454545455,""EFA"":0.0454545455,""EEM"":0.0454545455,""VEA"":0.0454545455,""VWO"":0.0454545455,""AGG"":0.0454545455,""BND"":0.0454545455,""SHY"":0.0454545455,""IEF"":0.0454545455,""TLT"":0.0454545455,""TIP"":0.0454545455,""LQD"":0.0454545455,""HYG"":0.0454545455,""GLD"":0.0454545455,""SLV"":0.0454545455,""DBC"":0.0454545455,""VNQ"":0.0454545455,""UUP"":0.0454545455,""BIL"":0.0454545455}","{""SPY"":0.0454545455,""QQQ"":0.0454545455,""IWM"":0.0454545455,""DIA"":0.0454545455,""EFA"":0.0454545455,""EEM"":0.0454545455,""VEA"":0.0454545455,""VWO"":0.0454545455,""AGG"":0.0454545455,""BND"":0.0454545455,""SHY"":0.0454545455,""IEF"":0.0454545455,""TLT"":0.0454545455,""TIP"":0.0454545455,""LQD"":0.0454545455,""HYG"":0.0454545455,""GLD"":0.0454545455,""SLV"":0.0454545455,""DBC"":0.0454545455,""VNQ"":0.0454545455,""UUP"":0.0454545455,""BIL"":0.0454545455}","{""SPY"":0.0454545455,""QQQ"":0.0454545455,""IWM"":0.0454545455,""DIA"":0.0454545455,""EFA"":0.0454545455,""EEM"":0.0454545455,""VEA"":0.0454545455,""VWO"":0.0454545455,""AGG"":0.0454545455,""BND"":0.0454545455,""SHY"":0.0454545455,""IEF"":0.0454545455,""TLT"":0.0454545455,""TIP"":0.0454545455,""LQD"":0.0454545455,""HYG"":0.0454545455,""GLD"":0.0454545455,""SLV"":0.0454545455,""DBC"":0.0454545455,""VNQ"":0.0454545455,""UUP"":0.0454545455,""BIL"":0.0454545455}",0,0.9999999999999998,0.045454545454545456,0.045454545454545456,2.220446049250313e-16,0,0,1.0,0.04545454545454547,0.04545454545454547,1,1,1,2,44,b741322d49659f24f320ed07
repeatability_504part,repeatability,repeat_03,llama3.1:8b,P4,,,real_ticker,,2011-05-04,42,10.0,0.6,0.25,7a2f2d5dc98042cf,"You are an EQUAL-WEIGHT CONTROL policy profile. Ignore all feature data. Allocate the total portfolio weight equally among all eligible assets. Include every eligible ticker exactly once. Return strictly valid JSON only with a `weights` object whose values are decimals, not percentages.
Hard constraints for the execution layer: long-only weights, weights sum to one, maximum single-asset weight 0.60, and turnover cap 0.25. You propose weights; deterministic projection will enforce final feasibility.

Current Features:
- SPY_r1m: 0.01178144
- SPY_r3m: 0.03774783
- SPY_r12m: 0.17709098
- SPY_vol3m: 0.12375589
- SPY_mdd: -0.01172787
- QQQ_r1m: 0.02322349
- QQQ_r3m: 0.03024367
- QQQ_r12m: 0.22798957
- QQQ_vol3m: 0.14657511
- QQQ_mdd: -0.01046931
- IWM_r1m: -0.01793927
- IWM_r3m: 0.04951221
- IWM_r12m: 0.20492090
- IWM_vol3m: 0.17441083
- IWM_mdd: -0.03680959
- DIA_r1m: 0.02687429
- DIA_r3m: 0.06279286
- DIA_r12m: 0.19895298
- DIA_vol3m: 0.12039240
- DIA_mdd: -0.00835674
- EFA_r1m: 0.03424981
- EFA_r3m: 0.03305901
- EFA_r12m: 0.24971559
- EFA_vol3m: 0.18728501
- EFA_mdd: -0.01659624
- EEM_r1m: -0.03569240
- EEM_r3m: 0.03263932
- EEM_r12m: 0.23236279
- EEM_vol3m: 0.19696833
- EEM_mdd: -0.04203172
- VEA_r1m: 0.03423530
- VEA_r3m: 0.03101591
- VEA_r12m: 0.25072536
- VEA_vol3m: 0.18904105
- VEA_mdd: -0.01665435
- VWO_r1m: -0.03206525
- VWO_r3m: 0.03140949
- VWO_r12m: 0.24140505
- VWO_vol3m: 0.19272694
- VWO_mdd: -0.04160914
- AGG_r1m: 0.01538010
- AGG_r3m: 0.02243082
- AGG_r12m: 0.05414809
- AGG_vol3m: 0.03148984
- AGG_mdd: -0.00304533
- BND_r1m: 0.01479744
- BND_r3m: 0.02192251
- BND_r12m: 0.05373923
- BND_vol3m: 0.03177888
- BND_mdd: -0.00349558
- SHY_r1m: 0.00496608
- SHY_r3m: 0.00518169
- SHY_r12m: 0.01670200
- SHY_vol3m: 0.01258394
- SHY_mdd: 0.00000000
- IEF_r1m: 0.01891337
- IEF_r3m: 0.02687183
- IEF_r12m: 0.07066975
- IEF_vol3m: 0.06434875
- IEF_mdd: -0.03712371
- TLT_r1m: 0.02930659
- TLT_r3m: 0.05783166
- TLT_r12m: 0.05027193
- TLT_vol3m: 0.12089728
- TLT_mdd: -0.10039133
- TIP_r1m: 0.02081862
- TIP_r3m: 0.05159197
- TIP_r12m: 0.08255954
- TIP_vol3m: 0.05526369
- TIP_mdd: 0.00000000
- LQD_r1m: 0.02127011
- LQD_r3m: 0.03733958
- LQD_r12m: 0.08629304
- LQD_vol3m: 0.04614927
- LQD_mdd: -0.00049387
- HYG_r1m: 0.01037362
- HYG_r3m: 0.02721753
- HYG_r12m: 0.15346286
- HYG_vol3m: 0.05140232
- HYG_mdd: -0.00061772
- GLD_r1m: 0.05642162
- GLD_r3m: 0.13246454
- GLD_r12m: 0.28360414
- GLD_vol3m: 0.12461114
- GLD_mdd: -0.03045219
- SLV_r1m: 0.01836079
- SLV_r3m: 0.38208739
- SLV_r12m: 1.23670363
- SLV_vol3m: 0.40561753
- SLV_mdd: -0.19022425
- DBC_r1m: -0.00806450
- DBC_r3m: 0.05961411
- DBC_r12m: 0.31635270
- DBC_vol3m: 0.17625531
- DBC_mdd: -0.03665408
- VNQ_r1m: 0.04306293
- VNQ_r3m: 0.07284224
- VNQ_r12m: 0.21516831
- VNQ_vol3m: 0.15337400
- VNQ_mdd: -0.01849138
- UUP_r1m: -0.03720713
- UUP_r3m: -0.05500437
- UUP_r12m: -0.14831359
- UUP_vol3m: 0.06616977
- UUP_mdd: -0.18854047
- BIL_r1m: 0.00043658
- BIL_r3m: 0.00043658
- BIL_r12m: 0.00043658
- BIL_vol3m: 0.00256639
- BIL_mdd: 0.00000000
- cross_vol: 0.12153017

Assets: SPY, QQQ, IWM, DIA, EFA, EEM, VEA, VWO, AGG, BND, SHY, IEF, TLT, TIP, LQD, HYG, GLD, SLV, DBC, VNQ, UUP, BIL","{
  ""weights"": {
    ""SPY"": 0.0107142857,
    ""QQQ"": 0.0107142857,
    ""IWM"": 0.0107142857,
    ""DIA"": 0.0107142857,
    ""EFA"": 0.0107142857,
    ""EEM"": 0.0107142857,
    ""VEA"": 0.0107142857,
    ""VWO"": 0.0107142857,
    ""AGG"": 0.0107142857,
    ""BND"": 0.0107142857,
    ""SHY"": 0.0107142857,
    ""IEF"": 0.0107142857,
    ""TLT"": 0.0107142857,
    ""TIP"": 0.0107142857,
    ""LQD"": 0.0107142857,
    ""HYG"": 0.0107142857,
    ""GLD"": 0.0107142857,
    ""SLV"": 0.0107142857,
    ""DBC"": 0.0107142857,
    ""VNQ"": 0.0107142857,
    ""UUP"": 0.0107142857,
    ""BIL"": 0.0107142857
  }
}",1,0,0,13.024212290998548,571,1,0,0,0,295,12.776322,1713,stop,[],0,0,0,0,SPY,SPY,SPY,1,1,1.0,0.0,0.0,3.0531133177191805e-16,6.509259464525837e-17,3.0531133177191805e-16,1,"{""SPY"":0.0454545455,""QQQ"":0.0454545455,""IWM"":0.0454545455,""DIA"":0.0454545455,""EFA"":0.0454545455,""EEM"":0.0454545455,""VEA"":0.0454545455,""VWO"":0.0454545455,""AGG"":0.0454545455,""BND"":0.0454545455,""SHY"":0.0454545455,""IEF"":0.0454545455,""TLT"":0.0454545455,""TIP"":0.0454545455,""LQD"":0.0454545455,""HYG"":0.0454545455,""GLD"":0.0454545455,""SLV"":0.0454545455,""DBC"":0.0454545455,""VNQ"":0.0454545455,""UUP"":0.0454545455,""BIL"":0.0454545455}","{""SPY"":0.0454545455,""QQQ"":0.0454545455,""IWM"":0.0454545455,""DIA"":0.0454545455,""EFA"":0.0454545455,""EEM"":0.0454545455,""VEA"":0.0454545455,""VWO"":0.0454545455,""AGG"":0.0454545455,""BND"":0.0454545455,""SHY"":0.0454545455,""IEF"":0.0454545455,""TLT"":0.0454545455,""TIP"":0.0454545455,""LQD"":0.0454545455,""HYG"":0.0454545455,""GLD"":0.0454545455,""SLV"":0.0454545455,""DBC"":0.0454545455,""VNQ"":0.0454545455,""UUP"":0.0454545455,""BIL"":0.0454545455}","{""SPY"":0.0454545455,""QQQ"":0.0454545455,""IWM"":0.0454545455,""DIA"":0.0454545455,""EFA"":0.0454545455,""EEM"":0.0454545455,""VEA"":0.0454545455,""VWO"":0.0454545455,""AGG"":0.0454545455,""BND"":0.0454545455,""SHY"":0.0454545455,""IEF"":0.0454545455,""TLT"":0.0454545455,""TIP"":0.0454545455,""LQD"":0.0454545455,""HYG"":0.0454545455,""GLD"":0.0454545455,""SLV"":0.0454545455,""DBC"":0.0454545455,""VNQ"":0.0454545455,""UUP"":0.0454545455,""BIL"":0.0454545455}",0,0.9999999999999998,0.045454545454545456,0.045454545454545456,2.220446049250313e-16,0,0,1.0,0.04545454545454547,0.04545454545454547,1,1,1,3,45,febec9f022de81bb01c0e2c2
repeatability_504part,repeatability,repeat_00,llama3.1:8b,P5,,,real_ticker,,2011-05-04,42,10.0,0.6,0.25,96804a25c44cf10c,"You are a RISK-ADJUSTED RETURN policy profile. Use only the provided feature values. Prefer eligible assets that combine stronger recent returns with lower recent volatility and smaller drawdowns. Assign larger weights to assets that appear to have stronger positive risk-adjusted profiles, smaller weights to middle-ranked assets, and little weight to weak or unstable candidates. Do not default to equal weights unless the provided features show no meaningful distinction across assets. Include every eligible ticker exactly once. Return strictly valid JSON only with a `weights` object whose values are decimals, not percentages.
Hard constraints for the execution layer: long-only weights, weights sum to one, maximum single-asset weight 0.60, and turnover cap 0.25. You propose weights; deterministic projection will enforce final feasibility.

Current Features:
- SPY_r1m: 0.01178144
- SPY_r3m: 0.03774783
- SPY_r12m: 0.17709098
- SPY_vol3m: 0.12375589
- SPY_mdd: -0.01172787
- QQQ_r1m: 0.02322349
- QQQ_r3m: 0.03024367
- QQQ_r12m: 0.22798957
- QQQ_vol3m: 0.14657511
- QQQ_mdd: -0.01046931
- IWM_r1m: -0.01793927
- IWM_r3m: 0.04951221
- IWM_r12m: 0.20492090
- IWM_vol3m: 0.17441083
- IWM_mdd: -0.03680959
- DIA_r1m: 0.02687429
- DIA_r3m: 0.06279286
- DIA_r12m: 0.19895298
- DIA_vol3m: 0.12039240
- DIA_mdd: -0.00835674
- EFA_r1m: 0.03424981
- EFA_r3m: 0.03305901
- EFA_r12m: 0.24971559
- EFA_vol3m: 0.18728501
- EFA_mdd: -0.01659624
- EEM_r1m: -0.03569240
- EEM_r3m: 0.03263932
- EEM_r12m: 0.23236279
- EEM_vol3m: 0.19696833
- EEM_mdd: -0.04203172
- VEA_r1m: 0.03423530
- VEA_r3m: 0.03101591
- VEA_r12m: 0.25072536
- VEA_vol3m: 0.18904105
- VEA_mdd: -0.01665435
- VWO_r1m: -0.03206525
- VWO_r3m: 0.03140949
- VWO_r12m: 0.24140505
- VWO_vol3m: 0.19272694
- VWO_mdd: -0.04160914
- AGG_r1m: 0.01538010
- AGG_r3m: 0.02243082
- AGG_r12m: 0.05414809
- AGG_vol3m: 0.03148984
- AGG_mdd: -0.00304533
- BND_r1m: 0.01479744
- BND_r3m: 0.02192251
- BND_r12m: 0.05373923
- BND_vol3m: 0.03177888
- BND_mdd: -0.00349558
- SHY_r1m: 0.00496608
- SHY_r3m: 0.00518169
- SHY_r12m: 0.01670200
- SHY_vol3m: 0.01258394
- SHY_mdd: 0.00000000
- IEF_r1m: 0.01891337
- IEF_r3m: 0.02687183
- IEF_r12m: 0.07066975
- IEF_vol3m: 0.06434875
- IEF_mdd: -0.03712371
- TLT_r1m: 0.02930659
- TLT_r3m: 0.05783166
- TLT_r12m: 0.05027193
- TLT_vol3m: 0.12089728
- TLT_mdd: -0.10039133
- TIP_r1m: 0.02081862
- TIP_r3m: 0.05159197
- TIP_r12m: 0.08255954
- TIP_vol3m: 0.05526369
- TIP_mdd: 0.00000000
- LQD_r1m: 0.02127011
- LQD_r3m: 0.03733958
- LQD_r12m: 0.08629304
- LQD_vol3m: 0.04614927
- LQD_mdd: -0.00049387
- HYG_r1m: 0.01037362
- HYG_r3m: 0.02721753
- HYG_r12m: 0.15346286
- HYG_vol3m: 0.05140232
- HYG_mdd: -0.00061772
- GLD_r1m: 0.05642162
- GLD_r3m: 0.13246454
- GLD_r12m: 0.28360414
- GLD_vol3m: 0.12461114
- GLD_mdd: -0.03045219
- SLV_r1m: 0.01836079
- SLV_r3m: 0.38208739
- SLV_r12m: 1.23670363
- SLV_vol3m: 0.40561753
- SLV_mdd: -0.19022425
- DBC_r1m: -0.00806450
- DBC_r3m: 0.05961411
- DBC_r12m: 0.31635270
- DBC_vol3m: 0.17625531
- DBC_mdd: -0.03665408
- VNQ_r1m: 0.04306293
- VNQ_r3m: 0.07284224
- VNQ_r12m: 0.21516831
- VNQ_vol3m: 0.15337400
- VNQ_mdd: -0.01849138
- UUP_r1m: -0.03720713
- UUP_r3m: -0.05500437
- UUP_r12m: -0.14831359
- UUP_vol3m: 0.06616977
- UUP_mdd: -0.18854047
- BIL_r1m: 0.00043658
- BIL_r3m: 0.00043658
- BIL_r12m: 0.00043658
- BIL_vol3m: 0.00256639
- BIL_mdd: 0.00000000
- cross_vol: 0.12153017

Assets: SPY, QQQ, IWM, DIA, EFA, EEM, VEA, VWO, AGG, BND, SHY, IEF, TLT, TIP, LQD, HYG, GLD, SLV, DBC, VNQ, UUP, BIL","{
  ""weights"": {
    ""SPY"": 0.23,
    ""QQQ"": 0.21,
    ""IWM"": 0.15,
    ""DIA"": 0.12,
    ""EFA"": 0.11,
    ""EEM"": 0.08,
    ""VEA"": 0.07,
    ""VWO"": 0.06,
    ""AGG"": 0.05,
    ""BND"": 0.04,
    ""SHY"": 0.03,
    ""IEF"": 0.02,
    ""TLT"": 0.01,
    ""TIP"": 0.01,
    ""LQD"": 0.01,
    ""HYG"": 0.01,
    ""GLD"": 0.005,
    ""SLV"": 0.005,
    ""DBC"": 0.005,
    ""VNQ"": 0.005,
    ""UUP"": 0.005,
    ""BIL"": 0.0005
  }
}",1,0,0,17.926546500006225,402,1,0,0,0,230,9.964634,1773,stop,[],0,0,0,0,AGG,SPY,SPY,0,0,0.0,1.326804393258255,0.34056670839381503,1.6653345369377348e-16,3.925231146709438e-17,0.940068430153416,0,"{""SPY"":0.1861594496,""QQQ"":0.1699716714,""IWM"":0.1214083367,""DIA"":0.0971266694,""EFA"":0.0890327803,""EEM"":0.0647511129,""VEA"":0.0566572238,""VWO"":0.0485633347,""AGG"":0.0404694456,""BND"":0.0323755565,""SHY"":0.0242816673,""IEF"":0.0161877782,""TLT"":0.0080938891,""TIP"":0.0080938891,""LQD"":0.0080938891,""HYG"":0.0080938891,""GLD"":0.0040469446,""SLV"":0.0040469446,""DBC"":0.0040469446,""VNQ"":0.0040469446,""UUP"":0.0040469446,""BIL"":0.0004046945}","{""SPY"":0.1861594496,""QQQ"":0.1699716714,""IWM"":0.1214083367,""DIA"":0.0971266694,""EFA"":0.0890327803,""EEM"":0.0647511129,""VEA"":0.0566572238,""VWO"":0.0485633347,""AGG"":0.0404694456,""BND"":0.0323755565,""SHY"":0.0242816673,""IEF"":0.0161877782,""TLT"":0.0080938891,""TIP"":0.0080938891,""LQD"":0.0080938891,""HYG"":0.0080938891,""GLD"":0.0040469446,""SLV"":0.0040469446,""DBC"":0.0040469446,""VNQ"":0.0040469446,""UUP"":0.0040469446,""BIL"":0.0004046945}","{""SPY"":0.0201940527,""QQQ"":0.0336091964,""IWM"":6.938893904e-18,""DIA"":0.0473509696,""EFA"":0.0387923413,""EEM"":6.938893904e-18,""VEA"":0.0384157113,""VWO"":6.938893904e-18,""AGG"":0.1036046958,""BND"":0.0987731303,""SHY"":0.0837120385,""IEF"":0.0623475822,""TLT"":0.0514208972,""TIP"":0.0799103485,""LQD"":0.0977677973,""HYG"":0.0428093327,""GLD"":0.096046064,""SLV"":0.0096020862,""DBC"":6.938893904e-18,""VNQ"":0.0595583581,""UUP"":6.938893904e-18,""BIL"":0.036085398}",0,1.0000000000000002,0.18615944961554026,0.0004046944556859571,2.220446049250313e-16,0,0,1.0,0.18615944961554026,0.00040469445568595017,1,1,1,0,42,afbfa3012d3131cc0158de5d
repeatability_504part,repeatability,repeat_01,llama3.1:8b,P5,,,real_ticker,,2011-05-04,42,10.0,0.6,0.25,96804a25c44cf10c,"You are a RISK-ADJUSTED RETURN policy profile. Use only the provided feature values. Prefer eligible assets that combine stronger recent returns with lower recent volatility and smaller drawdowns. Assign larger weights to assets that appear to have stronger positive risk-adjusted profiles, smaller weights to middle-ranked assets, and little weight to weak or unstable candidates. Do not default to equal weights unless the provided features show no meaningful distinction across assets. Include every eligible ticker exactly once. Return strictly valid JSON only with a `weights` object whose values are decimals, not percentages.
Hard constraints for the execution layer: long-only weights, weights sum to one, maximum single-asset weight 0.60, and turnover cap 0.25. You propose weights; deterministic projection will enforce final feasibility.

Current Features:
- SPY_r1m: 0.01178144
- SPY_r3m: 0.03774783
- SPY_r12m: 0.17709098
- SPY_vol3m: 0.12375589
- SPY_mdd: -0.01172787
- QQQ_r1m: 0.02322349
- QQQ_r3m: 0.03024367
- QQQ_r12m: 0.22798957
- QQQ_vol3m: 0.14657511
- QQQ_mdd: -0.01046931
- IWM_r1m: -0.01793927
- IWM_r3m: 0.04951221
- IWM_r12m: 0.20492090
- IWM_vol3m: 0.17441083
- IWM_mdd: -0.03680959
- DIA_r1m: 0.02687429
- DIA_r3m: 0.06279286
- DIA_r12m: 0.19895298
- DIA_vol3m: 0.12039240
- DIA_mdd: -0.00835674
- EFA_r1m: 0.03424981
- EFA_r3m: 0.03305901
- EFA_r12m: 0.24971559
- EFA_vol3m: 0.18728501
- EFA_mdd: -0.01659624
- EEM_r1m: -0.03569240
- EEM_r3m: 0.03263932
- EEM_r12m: 0.23236279
- EEM_vol3m: 0.19696833
- EEM_mdd: -0.04203172
- VEA_r1m: 0.03423530
- VEA_r3m: 0.03101591
- VEA_r12m: 0.25072536
- VEA_vol3m: 0.18904105
- VEA_mdd: -0.01665435
- VWO_r1m: -0.03206525
- VWO_r3m: 0.03140949
- VWO_r12m: 0.24140505
- VWO_vol3m: 0.19272694
- VWO_mdd: -0.04160914
- AGG_r1m: 0.01538010
- AGG_r3m: 0.02243082
- AGG_r12m: 0.05414809
- AGG_vol3m: 0.03148984
- AGG_mdd: -0.00304533
- BND_r1m: 0.01479744
- BND_r3m: 0.02192251
- BND_r12m: 0.05373923
- BND_vol3m: 0.03177888
- BND_mdd: -0.00349558
- SHY_r1m: 0.00496608
- SHY_r3m: 0.00518169
- SHY_r12m: 0.01670200
- SHY_vol3m: 0.01258394
- SHY_mdd: 0.00000000
- IEF_r1m: 0.01891337
- IEF_r3m: 0.02687183
- IEF_r12m: 0.07066975
- IEF_vol3m: 0.06434875
- IEF_mdd: -0.03712371
- TLT_r1m: 0.02930659
- TLT_r3m: 0.05783166
- TLT_r12m: 0.05027193
- TLT_vol3m: 0.12089728
- TLT_mdd: -0.10039133
- TIP_r1m: 0.02081862
- TIP_r3m: 0.05159197
- TIP_r12m: 0.08255954
- TIP_vol3m: 0.05526369
- TIP_mdd: 0.00000000
- LQD_r1m: 0.02127011
- LQD_r3m: 0.03733958
- LQD_r12m: 0.08629304
- LQD_vol3m: 0.04614927
- LQD_mdd: -0.00049387
- HYG_r1m: 0.01037362
- HYG_r3m: 0.02721753
- HYG_r12m: 0.15346286
- HYG_vol3m: 0.05140232
- HYG_mdd: -0.00061772
- GLD_r1m: 0.05642162
- GLD_r3m: 0.13246454
- GLD_r12m: 0.28360414
- GLD_vol3m: 0.12461114
- GLD_mdd: -0.03045219
- SLV_r1m: 0.01836079
- SLV_r3m: 0.38208739
- SLV_r12m: 1.23670363
- SLV_vol3m: 0.40561753
- SLV_mdd: -0.19022425
- DBC_r1m: -0.00806450
- DBC_r3m: 0.05961411
- DBC_r12m: 0.31635270
- DBC_vol3m: 0.17625531
- DBC_mdd: -0.03665408
- VNQ_r1m: 0.04306293
- VNQ_r3m: 0.07284224
- VNQ_r12m: 0.21516831
- VNQ_vol3m: 0.15337400
- VNQ_mdd: -0.01849138
- UUP_r1m: -0.03720713
- UUP_r3m: -0.05500437
- UUP_r12m: -0.14831359
- UUP_vol3m: 0.06616977
- UUP_mdd: -0.18854047
- BIL_r1m: 0.00043658
- BIL_r3m: 0.00043658
- BIL_r12m: 0.00043658
- BIL_vol3m: 0.00256639
- BIL_mdd: 0.00000000
- cross_vol: 0.12153017

Assets: SPY, QQQ, IWM, DIA, EFA, EEM, VEA, VWO, AGG, BND, SHY, IEF, TLT, TIP, LQD, HYG, GLD, SLV, DBC, VNQ, UUP, BIL","{
  ""weights"": {
    ""SPY"": 0.23,
    ""QQQ"": 0.21,
    ""IWM"": 0.15,
    ""DIA"": 0.12,
    ""EFA"": 0.11,
    ""EEM"": 0.08,
    ""VEA"": 0.07,
    ""VWO"": 0.06,
    ""AGG"": 0.05,
    ""BND"": 0.04,
    ""SHY"": 0.03,
    ""IEF"": 0.02,
    ""TLT"": 0.01,
    ""TIP"": 0.01,
    ""LQD"": 0.01,
    ""HYG"": 0.01,
    ""GLD"": 0.005,
    ""SLV"": 0.005,
    ""DBC"": 0.005,
    ""VNQ"": 0.005,
    ""UUP"": 0.005,
    ""BIL"": 0.0005
  }
}",1,0,0,10.21403074999398,402,1,0,0,0,230,9.95531,1773,stop,[],0,0,0,0,AGG,SPY,SPY,0,0,0.0,1.326804393258255,0.34056670839381503,1.6653345369377348e-16,3.925231146709438e-17,0.940068430153416,0,"{""SPY"":0.1861594496,""QQQ"":0.1699716714,""IWM"":0.1214083367,""DIA"":0.0971266694,""EFA"":0.0890327803,""EEM"":0.0647511129,""VEA"":0.0566572238,""VWO"":0.0485633347,""AGG"":0.0404694456,""BND"":0.0323755565,""SHY"":0.0242816673,""IEF"":0.0161877782,""TLT"":0.0080938891,""TIP"":0.0080938891,""LQD"":0.0080938891,""HYG"":0.0080938891,""GLD"":0.0040469446,""SLV"":0.0040469446,""DBC"":0.0040469446,""VNQ"":0.0040469446,""UUP"":0.0040469446,""BIL"":0.0004046945}","{""SPY"":0.1861594496,""QQQ"":0.1699716714,""IWM"":0.1214083367,""DIA"":0.0971266694,""EFA"":0.0890327803,""EEM"":0.0647511129,""VEA"":0.0566572238,""VWO"":0.0485633347,""AGG"":0.0404694456,""BND"":0.0323755565,""SHY"":0.0242816673,""IEF"":0.0161877782,""TLT"":0.0080938891,""TIP"":0.0080938891,""LQD"":0.0080938891,""HYG"":0.0080938891,""GLD"":0.0040469446,""SLV"":0.0040469446,""DBC"":0.0040469446,""VNQ"":0.0040469446,""UUP"":0.0040469446,""BIL"":0.0004046945}","{""SPY"":0.0201940527,""QQQ"":0.0336091964,""IWM"":6.938893904e-18,""DIA"":0.0473509696,""EFA"":0.0387923413,""EEM"":6.938893904e-18,""VEA"":0.0384157113,""VWO"":6.938893904e-18,""AGG"":0.1036046958,""BND"":0.0987731303,""SHY"":0.0837120385,""IEF"":0.0623475822,""TLT"":0.0514208972,""TIP"":0.0799103485,""LQD"":0.0977677973,""HYG"":0.0428093327,""GLD"":0.096046064,""SLV"":0.0096020862,""DBC"":6.938893904e-18,""VNQ"":0.0595583581,""UUP"":6.938893904e-18,""BIL"":0.036085398}",0,1.0000000000000002,0.18615944961554026,0.0004046944556859571,2.220446049250313e-16,0,0,1.0,0.18615944961554026,0.00040469445568595017,1,1,1,1,43,75b1672af76dfcbd10fb852a
repeatability_504part,repeatability,repeat_02,llama3.1:8b,P5,,,real_ticker,,2011-05-04,42,10.0,0.6,0.25,96804a25c44cf10c,"You are a RISK-ADJUSTED RETURN policy profile. Use only the provided feature values. Prefer eligible assets that combine stronger recent returns with lower recent volatility and smaller drawdowns. Assign larger weights to assets that appear to have stronger positive risk-adjusted profiles, smaller weights to middle-ranked assets, and little weight to weak or unstable candidates. Do not default to equal weights unless the provided features show no meaningful distinction across assets. Include every eligible ticker exactly once. Return strictly valid JSON only with a `weights` object whose values are decimals, not percentages.
Hard constraints for the execution layer: long-only weights, weights sum to one, maximum single-asset weight 0.60, and turnover cap 0.25. You propose weights; deterministic projection will enforce final feasibility.

Current Features:
- SPY_r1m: 0.01178144
- SPY_r3m: 0.03774783
- SPY_r12m: 0.17709098
- SPY_vol3m: 0.12375589
- SPY_mdd: -0.01172787
- QQQ_r1m: 0.02322349
- QQQ_r3m: 0.03024367
- QQQ_r12m: 0.22798957
- QQQ_vol3m: 0.14657511
- QQQ_mdd: -0.01046931
- IWM_r1m: -0.01793927
- IWM_r3m: 0.04951221
- IWM_r12m: 0.20492090
- IWM_vol3m: 0.17441083
- IWM_mdd: -0.03680959
- DIA_r1m: 0.02687429
- DIA_r3m: 0.06279286
- DIA_r12m: 0.19895298
- DIA_vol3m: 0.12039240
- DIA_mdd: -0.00835674
- EFA_r1m: 0.03424981
- EFA_r3m: 0.03305901
- EFA_r12m: 0.24971559
- EFA_vol3m: 0.18728501
- EFA_mdd: -0.01659624
- EEM_r1m: -0.03569240
- EEM_r3m: 0.03263932
- EEM_r12m: 0.23236279
- EEM_vol3m: 0.19696833
- EEM_mdd: -0.04203172
- VEA_r1m: 0.03423530
- VEA_r3m: 0.03101591
- VEA_r12m: 0.25072536
- VEA_vol3m: 0.18904105
- VEA_mdd: -0.01665435
- VWO_r1m: -0.03206525
- VWO_r3m: 0.03140949
- VWO_r12m: 0.24140505
- VWO_vol3m: 0.19272694
- VWO_mdd: -0.04160914
- AGG_r1m: 0.01538010
- AGG_r3m: 0.02243082
- AGG_r12m: 0.05414809
- AGG_vol3m: 0.03148984
- AGG_mdd: -0.00304533
- BND_r1m: 0.01479744
- BND_r3m: 0.02192251
- BND_r12m: 0.05373923
- BND_vol3m: 0.03177888
- BND_mdd: -0.00349558
- SHY_r1m: 0.00496608
- SHY_r3m: 0.00518169
- SHY_r12m: 0.01670200
- SHY_vol3m: 0.01258394
- SHY_mdd: 0.00000000
- IEF_r1m: 0.01891337
- IEF_r3m: 0.02687183
- IEF_r12m: 0.07066975
- IEF_vol3m: 0.06434875
- IEF_mdd: -0.03712371
- TLT_r1m: 0.02930659
- TLT_r3m: 0.05783166
- TLT_r12m: 0.05027193
- TLT_vol3m: 0.12089728
- TLT_mdd: -0.10039133
- TIP_r1m: 0.02081862
- TIP_r3m: 0.05159197
- TIP_r12m: 0.08255954
- TIP_vol3m: 0.05526369
- TIP_mdd: 0.00000000
- LQD_r1m: 0.02127011
- LQD_r3m: 0.03733958
- LQD_r12m: 0.08629304
- LQD_vol3m: 0.04614927
- LQD_mdd: -0.00049387
- HYG_r1m: 0.01037362
- HYG_r3m: 0.02721753
- HYG_r12m: 0.15346286
- HYG_vol3m: 0.05140232
- HYG_mdd: -0.00061772
- GLD_r1m: 0.05642162
- GLD_r3m: 0.13246454
- GLD_r12m: 0.28360414
- GLD_vol3m: 0.12461114
- GLD_mdd: -0.03045219
- SLV_r1m: 0.01836079
- SLV_r3m: 0.38208739
- SLV_r12m: 1.23670363
- SLV_vol3m: 0.40561753
- SLV_mdd: -0.19022425
- DBC_r1m: -0.00806450
- DBC_r3m: 0.05961411
- DBC_r12m: 0.31635270
- DBC_vol3m: 0.17625531
- DBC_mdd: -0.03665408
- VNQ_r1m: 0.04306293
- VNQ_r3m: 0.07284224
- VNQ_r12m: 0.21516831
- VNQ_vol3m: 0.15337400
- VNQ_mdd: -0.01849138
- UUP_r1m: -0.03720713
- UUP_r3m: -0.05500437
- UUP_r12m: -0.14831359
- UUP_vol3m: 0.06616977
- UUP_mdd: -0.18854047
- BIL_r1m: 0.00043658
- BIL_r3m: 0.00043658
- BIL_r12m: 0.00043658
- BIL_vol3m: 0.00256639
- BIL_mdd: 0.00000000
- cross_vol: 0.12153017

Assets: SPY, QQQ, IWM, DIA, EFA, EEM, VEA, VWO, AGG, BND, SHY, IEF, TLT, TIP, LQD, HYG, GLD, SLV, DBC, VNQ, UUP, BIL","{
  ""weights"": {
    ""SPY"": 0.23,
    ""QQQ"": 0.21,
    ""IWM"": 0.15,
    ""DIA"": 0.12,
    ""EFA"": 0.11,
    ""EEM"": 0.08,
    ""VEA"": 0.07,
    ""VWO"": 0.06,
    ""AGG"": 0.05,
    ""BND"": 0.04,
    ""SHY"": 0.03,
    ""IEF"": 0.02,
    ""TLT"": 0.01,
    ""TIP"": 0.01,
    ""LQD"": 0.01,
    ""HYG"": 0.01,
    ""GLD"": 0.005,
    ""SLV"": 0.005,
    ""DBC"": 0.005,
    ""VNQ"": 0.005,
    ""UUP"": 0.005,
    ""BIL"": 0.0005
  }
}",1,0,0,10.201352957999916,402,1,0,0,0,230,9.958659,1773,stop,[],0,0,0,0,AGG,SPY,SPY,0,0,0.0,1.326804393258255,0.34056670839381503,1.6653345369377348e-16,3.925231146709438e-17,0.940068430153416,0,"{""SPY"":0.1861594496,""QQQ"":0.1699716714,""IWM"":0.1214083367,""DIA"":0.0971266694,""EFA"":0.0890327803,""EEM"":0.0647511129,""VEA"":0.0566572238,""VWO"":0.0485633347,""AGG"":0.0404694456,""BND"":0.0323755565,""SHY"":0.0242816673,""IEF"":0.0161877782,""TLT"":0.0080938891,""TIP"":0.0080938891,""LQD"":0.0080938891,""HYG"":0.0080938891,""GLD"":0.0040469446,""SLV"":0.0040469446,""DBC"":0.0040469446,""VNQ"":0.0040469446,""UUP"":0.0040469446,""BIL"":0.0004046945}","{""SPY"":0.1861594496,""QQQ"":0.1699716714,""IWM"":0.1214083367,""DIA"":0.0971266694,""EFA"":0.0890327803,""EEM"":0.0647511129,""VEA"":0.0566572238,""VWO"":0.0485633347,""AGG"":0.0404694456,""BND"":0.0323755565,""SHY"":0.0242816673,""IEF"":0.0161877782,""TLT"":0.0080938891,""TIP"":0.0080938891,""LQD"":0.0080938891,""HYG"":0.0080938891,""GLD"":0.0040469446,""SLV"":0.0040469446,""DBC"":0.0040469446,""VNQ"":0.0040469446,""UUP"":0.0040469446,""BIL"":0.0004046945}","{""SPY"":0.0201940527,""QQQ"":0.0336091964,""IWM"":6.938893904e-18,""DIA"":0.0473509696,""EFA"":0.0387923413,""EEM"":6.938893904e-18,""VEA"":0.0384157113,""VWO"":6.938893904e-18,""AGG"":0.1036046958,""BND"":0.0987731303,""SHY"":0.0837120385,""IEF"":0.0623475822,""TLT"":0.0514208972,""TIP"":0.0799103485,""LQD"":0.0977677973,""HYG"":0.0428093327,""GLD"":0.096046064,""SLV"":0.0096020862,""DBC"":6.938893904e-18,""VNQ"":0.0595583581,""UUP"":6.938893904e-18,""BIL"":0.036085398}",0,1.0000000000000002,0.18615944961554026,0.0004046944556859571,2.220446049250313e-16,0,0,1.0,0.18615944961554026,0.00040469445568595017,1,1,1,2,44,9247704a5f3850e6f12f6091
repeatability_504part,repeatability,repeat_03,llama3.1:8b,P5,,,real_ticker,,2011-05-04,42,10.0,0.6,0.25,96804a25c44cf10c,"You are a RISK-ADJUSTED RETURN policy profile. Use only the provided feature values. Prefer eligible assets that combine stronger recent returns with lower recent volatility and smaller drawdowns. Assign larger weights to assets that appear to have stronger positive risk-adjusted profiles, smaller weights to middle-ranked assets, and little weight to weak or unstable candidates. Do not default to equal weights unless the provided features show no meaningful distinction across assets. Include every eligible ticker exactly once. Return strictly valid JSON only with a `weights` object whose values are decimals, not percentages.
Hard constraints for the execution layer: long-only weights, weights sum to one, maximum single-asset weight 0.60, and turnover cap 0.25. You propose weights; deterministic projection will enforce final feasibility.

Current Features:
- SPY_r1m: 0.01178144
- SPY_r3m: 0.03774783
- SPY_r12m: 0.17709098
- SPY_vol3m: 0.12375589
- SPY_mdd: -0.01172787
- QQQ_r1m: 0.02322349
- QQQ_r3m: 0.03024367
- QQQ_r12m: 0.22798957
- QQQ_vol3m: 0.14657511
- QQQ_mdd: -0.01046931
- IWM_r1m: -0.01793927
- IWM_r3m: 0.04951221
- IWM_r12m: 0.20492090
- IWM_vol3m: 0.17441083
- IWM_mdd: -0.03680959
- DIA_r1m: 0.02687429
- DIA_r3m: 0.06279286
- DIA_r12m: 0.19895298
- DIA_vol3m: 0.12039240
- DIA_mdd: -0.00835674
- EFA_r1m: 0.03424981
- EFA_r3m: 0.03305901
- EFA_r12m: 0.24971559
- EFA_vol3m: 0.18728501
- EFA_mdd: -0.01659624
- EEM_r1m: -0.03569240
- EEM_r3m: 0.03263932
- EEM_r12m: 0.23236279
- EEM_vol3m: 0.19696833
- EEM_mdd: -0.04203172
- VEA_r1m: 0.03423530
- VEA_r3m: 0.03101591
- VEA_r12m: 0.25072536
- VEA_vol3m: 0.18904105
- VEA_mdd: -0.01665435
- VWO_r1m: -0.03206525
- VWO_r3m: 0.03140949
- VWO_r12m: 0.24140505
- VWO_vol3m: 0.19272694
- VWO_mdd: -0.04160914
- AGG_r1m: 0.01538010
- AGG_r3m: 0.02243082
- AGG_r12m: 0.05414809
- AGG_vol3m: 0.03148984
- AGG_mdd: -0.00304533
- BND_r1m: 0.01479744
- BND_r3m: 0.02192251
- BND_r12m: 0.05373923
- BND_vol3m: 0.03177888
- BND_mdd: -0.00349558
- SHY_r1m: 0.00496608
- SHY_r3m: 0.00518169
- SHY_r12m: 0.01670200
- SHY_vol3m: 0.01258394
- SHY_mdd: 0.00000000
- IEF_r1m: 0.01891337
- IEF_r3m: 0.02687183
- IEF_r12m: 0.07066975
- IEF_vol3m: 0.06434875
- IEF_mdd: -0.03712371
- TLT_r1m: 0.02930659
- TLT_r3m: 0.05783166
- TLT_r12m: 0.05027193
- TLT_vol3m: 0.12089728
- TLT_mdd: -0.10039133
- TIP_r1m: 0.02081862
- TIP_r3m: 0.05159197
- TIP_r12m: 0.08255954
- TIP_vol3m: 0.05526369
- TIP_mdd: 0.00000000
- LQD_r1m: 0.02127011
- LQD_r3m: 0.03733958
- LQD_r12m: 0.08629304
- LQD_vol3m: 0.04614927
- LQD_mdd: -0.00049387
- HYG_r1m: 0.01037362
- HYG_r3m: 0.02721753
- HYG_r12m: 0.15346286
- HYG_vol3m: 0.05140232
- HYG_mdd: -0.00061772
- GLD_r1m: 0.05642162
- GLD_r3m: 0.13246454
- GLD_r12m: 0.28360414
- GLD_vol3m: 0.12461114
- GLD_mdd: -0.03045219
- SLV_r1m: 0.01836079
- SLV_r3m: 0.38208739
- SLV_r12m: 1.23670363
- SLV_vol3m: 0.40561753
- SLV_mdd: -0.19022425
- DBC_r1m: -0.00806450
- DBC_r3m: 0.05961411
- DBC_r12m: 0.31635270
- DBC_vol3m: 0.17625531
- DBC_mdd: -0.03665408
- VNQ_r1m: 0.04306293
- VNQ_r3m: 0.07284224
- VNQ_r12m: 0.21516831
- VNQ_vol3m: 0.15337400
- VNQ_mdd: -0.01849138
- UUP_r1m: -0.03720713
- UUP_r3m: -0.05500437
- UUP_r12m: -0.14831359
- UUP_vol3m: 0.06616977
- UUP_mdd: -0.18854047
- BIL_r1m: 0.00043658
- BIL_r3m: 0.00043658
- BIL_r12m: 0.00043658
- BIL_vol3m: 0.00256639
- BIL_mdd: 0.00000000
- cross_vol: 0.12153017

Assets: SPY, QQQ, IWM, DIA, EFA, EEM, VEA, VWO, AGG, BND, SHY, IEF, TLT, TIP, LQD, HYG, GLD, SLV, DBC, VNQ, UUP, BIL","{
  ""weights"": {
    ""SPY"": 0.23,
    ""QQQ"": 0.21,
    ""IWM"": 0.15,
    ""DIA"": 0.12,
    ""EFA"": 0.11,
    ""EEM"": 0.08,
    ""VEA"": 0.07,
    ""VWO"": 0.06,
    ""AGG"": 0.05,
    ""BND"": 0.04,
    ""SHY"": 0.03,
    ""IEF"": 0.02,
    ""TLT"": 0.01,
    ""TIP"": 0.01,
    ""LQD"": 0.01,
    ""HYG"": 0.01,
    ""GLD"": 0.005,
    ""SLV"": 0.005,
    ""DBC"": 0.005,
    ""VNQ"": 0.005,
    ""UUP"": 0.005,
    ""BIL"": 0.0005
  }
}",1,0,0,10.205770125001436,402,1,0,0,0,230,9.949231,1773,stop,[],0,0,0,0,AGG,SPY,SPY,0,0,0.0,1.326804393258255,0.34056670839381503,1.6653345369377348e-16,3.925231146709438e-17,0.940068430153416,0,"{""SPY"":0.1861594496,""QQQ"":0.1699716714,""IWM"":0.1214083367,""DIA"":0.0971266694,""EFA"":0.0890327803,""EEM"":0.0647511129,""VEA"":0.0566572238,""VWO"":0.0485633347,""AGG"":0.0404694456,""BND"":0.0323755565,""SHY"":0.0242816673,""IEF"":0.0161877782,""TLT"":0.0080938891,""TIP"":0.0080938891,""LQD"":0.0080938891,""HYG"":0.0080938891,""GLD"":0.0040469446,""SLV"":0.0040469446,""DBC"":0.0040469446,""VNQ"":0.0040469446,""UUP"":0.0040469446,""BIL"":0.0004046945}","{""SPY"":0.1861594496,""QQQ"":0.1699716714,""IWM"":0.1214083367,""DIA"":0.0971266694,""EFA"":0.0890327803,""EEM"":0.0647511129,""VEA"":0.0566572238,""VWO"":0.0485633347,""AGG"":0.0404694456,""BND"":0.0323755565,""SHY"":0.0242816673,""IEF"":0.0161877782,""TLT"":0.0080938891,""TIP"":0.0080938891,""LQD"":0.0080938891,""HYG"":0.0080938891,""GLD"":0.0040469446,""SLV"":0.0040469446,""DBC"":0.0040469446,""VNQ"":0.0040469446,""UUP"":0.0040469446,""BIL"":0.0004046945}","{""SPY"":0.0201940527,""QQQ"":0.0336091964,""IWM"":6.938893904e-18,""DIA"":0.0473509696,""EFA"":0.0387923413,""EEM"":6.938893904e-18,""VEA"":0.0384157113,""VWO"":6.938893904e-18,""AGG"":0.1036046958,""BND"":0.0987731303,""SHY"":0.0837120385,""IEF"":0.0623475822,""TLT"":0.0514208972,""TIP"":0.0799103485,""LQD"":0.0977677973,""HYG"":0.0428093327,""GLD"":0.096046064,""SLV"":0.0096020862,""DBC"":6.938893904e-18,""VNQ"":0.0595583581,""UUP"":6.938893904e-18,""BIL"":0.036085398}",0,1.0000000000000002,0.18615944961554026,0.0004046944556859571,2.220446049250313e-16,0,0,1.0,0.18615944961554026,0.00040469445568595017,1,1,1,3,45,e496a456772e6e29922f4881
repeatability_504part,repeatability,repeat_00,llama3.1:8b,P6,,,real_ticker,,2011-05-04,42,10.0,0.6,0.25,3ad786c1db4f4acb,"You are a HYBRID DEFENSIVE-MOMENTUM policy profile. Use only the supplied feature values. Prefer assets with above-median `_r12m`, but among those candidates favor lower `_vol3m` and smaller drawdowns. Avoid assets with severe drawdowns unless their twelve-month momentum is unusually strong and their volatility is not high. During high cross-sectional volatility, keep at least 20% of the portfolio in bond-like or cash-like ETFs if such assets are present in the provided asset list. Do not allocate more than 40% to any single risky asset as a language-level preference; the deterministic projection layer will enforce final feasibility. Include every eligible ticker exactly once. Return strictly valid JSON only with a `weights` object whose values are decimals, not percentages.
Hard constraints for the execution layer: long-only weights, weights sum to one, maximum single-asset weight 0.60, and turnover cap 0.25. You propose weights; deterministic projection will enforce final feasibility.

Current Features:
- SPY_r1m: 0.01178144
- SPY_r3m: 0.03774783
- SPY_r12m: 0.17709098
- SPY_vol3m: 0.12375589
- SPY_mdd: -0.01172787
- QQQ_r1m: 0.02322349
- QQQ_r3m: 0.03024367
- QQQ_r12m: 0.22798957
- QQQ_vol3m: 0.14657511
- QQQ_mdd: -0.01046931
- IWM_r1m: -0.01793927
- IWM_r3m: 0.04951221
- IWM_r12m: 0.20492090
- IWM_vol3m: 0.17441083
- IWM_mdd: -0.03680959
- DIA_r1m: 0.02687429
- DIA_r3m: 0.06279286
- DIA_r12m: 0.19895298
- DIA_vol3m: 0.12039240
- DIA_mdd: -0.00835674
- EFA_r1m: 0.03424981
- EFA_r3m: 0.03305901
- EFA_r12m: 0.24971559
- EFA_vol3m: 0.18728501
- EFA_mdd: -0.01659624
- EEM_r1m: -0.03569240
- EEM_r3m: 0.03263932
- EEM_r12m: 0.23236279
- EEM_vol3m: 0.19696833
- EEM_mdd: -0.04203172
- VEA_r1m: 0.03423530
- VEA_r3m: 0.03101591
- VEA_r12m: 0.25072536
- VEA_vol3m: 0.18904105
- VEA_mdd: -0.01665435
- VWO_r1m: -0.03206525
- VWO_r3m: 0.03140949
- VWO_r12m: 0.24140505
- VWO_vol3m: 0.19272694
- VWO_mdd: -0.04160914
- AGG_r1m: 0.01538010
- AGG_r3m: 0.02243082
- AGG_r12m: 0.05414809
- AGG_vol3m: 0.03148984
- AGG_mdd: -0.00304533
- BND_r1m: 0.01479744
- BND_r3m: 0.02192251
- BND_r12m: 0.05373923
- BND_vol3m: 0.03177888
- BND_mdd: -0.00349558
- SHY_r1m: 0.00496608
- SHY_r3m: 0.00518169
- SHY_r12m: 0.01670200
- SHY_vol3m: 0.01258394
- SHY_mdd: 0.00000000
- IEF_r1m: 0.01891337
- IEF_r3m: 0.02687183
- IEF_r12m: 0.07066975
- IEF_vol3m: 0.06434875
- IEF_mdd: -0.03712371
- TLT_r1m: 0.02930659
- TLT_r3m: 0.05783166
- TLT_r12m: 0.05027193
- TLT_vol3m: 0.12089728
- TLT_mdd: -0.10039133
- TIP_r1m: 0.02081862
- TIP_r3m: 0.05159197
- TIP_r12m: 0.08255954
- TIP_vol3m: 0.05526369
- TIP_mdd: 0.00000000
- LQD_r1m: 0.02127011
- LQD_r3m: 0.03733958
- LQD_r12m: 0.08629304
- LQD_vol3m: 0.04614927
- LQD_mdd: -0.00049387
- HYG_r1m: 0.01037362
- HYG_r3m: 0.02721753
- HYG_r12m: 0.15346286
- HYG_vol3m: 0.05140232
- HYG_mdd: -0.00061772
- GLD_r1m: 0.05642162
- GLD_r3m: 0.13246454
- GLD_r12m: 0.28360414
- GLD_vol3m: 0.12461114
- GLD_mdd: -0.03045219
- SLV_r1m: 0.01836079
- SLV_r3m: 0.38208739
- SLV_r12m: 1.23670363
- SLV_vol3m: 0.40561753
- SLV_mdd: -0.19022425
- DBC_r1m: -0.00806450
- DBC_r3m: 0.05961411
- DBC_r12m: 0.31635270
- DBC_vol3m: 0.17625531
- DBC_mdd: -0.03665408
- VNQ_r1m: 0.04306293
- VNQ_r3m: 0.07284224
- VNQ_r12m: 0.21516831
- VNQ_vol3m: 0.15337400
- VNQ_mdd: -0.01849138
- UUP_r1m: -0.03720713
- UUP_r3m: -0.05500437
- UUP_r12m: -0.14831359
- UUP_vol3m: 0.06616977
- UUP_mdd: -0.18854047
- BIL_r1m: 0.00043658
- BIL_r3m: 0.00043658
- BIL_r12m: 0.00043658
- BIL_vol3m: 0.00256639
- BIL_mdd: 0.00000000
- cross_vol: 0.12153017

Assets: SPY, QQQ, IWM, DIA, EFA, EEM, VEA, VWO, AGG, BND, SHY, IEF, TLT, TIP, LQD, HYG, GLD, SLV, DBC, VNQ, UUP, BIL","{
  ""weights"": {
    ""SPY"": 0.1,
    ""QQQ"": 0.2,
    ""IWM"": 0.15,
    ""DIA"": 0.05,
    ""EFA"": 0.1,
    ""EEM"": 0.05,
    ""VEA"": 0.075,
    ""VWO"": 0.025,
    ""AGG"": 0.2,
    ""BND"": 0.15,
    ""SHY"": 0.05,
    ""IEF"": 0.1,
    ""TLT"": 0.075,
    ""TIP"": 0.025,
    ""LQD"": 0.1,
    ""HYG"": 0.05,
    ""GLD"": 0.025,
    ""SLV"": 0.025,
    ""DBC"": 0.025,
    ""VNQ"": 0.075,
    ""UUP"": 0.025,
    ""BIL"": 0.1
  }
}",1,0,0,18.18252487499558,397,1,0,0,0,229,9.959327,1821,stop,[],0,0,0,0,GLD,QQQ,QQQ,0,0,0.3333333333333333,0.6680911763367824,0.17635353508175303,2.1510571102112408e-16,4.7316947918797145e-17,0.5339308578745198,0,"{""SPY"":0.0563380282,""QQQ"":0.1126760563,""IWM"":0.0845070423,""DIA"":0.0281690141,""EFA"":0.0563380282,""EEM"":0.0281690141,""VEA"":0.0422535211,""VWO"":0.014084507,""AGG"":0.1126760563,""BND"":0.0845070423,""SHY"":0.0281690141,""IEF"":0.0563380282,""TLT"":0.0422535211,""TIP"":0.014084507,""LQD"":0.0563380282,""HYG"":0.0281690141,""GLD"":0.014084507,""SLV"":0.014084507,""DBC"":0.014084507,""VNQ"":0.0422535211,""UUP"":0.014084507,""BIL"":0.0563380282}","{""SPY"":0.0563380282,""QQQ"":0.1126760563,""IWM"":0.0845070423,""DIA"":0.0281690141,""EFA"":0.0563380282,""EEM"":0.0281690141,""VEA"":0.0422535211,""VWO"":0.014084507,""AGG"":0.1126760563,""BND"":0.0845070423,""SHY"":0.0281690141,""IEF"":0.0563380282,""TLT"":0.0422535211,""TIP"":0.014084507,""LQD"":0.0563380282,""HYG"":0.0281690141,""GLD"":0.014084507,""SLV"":0.014084507,""DBC"":0.014084507,""VNQ"":0.0422535211,""UUP"":0.014084507,""BIL"":0.0563380282}","{""SPY"":0.0221385759,""QQQ"":0.080548556,""IWM"":0.0386238285,""DIA"":0.099204445,""EFA"":0.0512632481,""EEM"":0.031235668,""VEA"":0.0504175408,""VWO"":0.0341452292,""AGG"":0.0431807928,""BND"":0.0427295735,""SHY"":0.047925848,""IEF"":0.0207685098,""TLT"":0.0045870078,""TIP"":0.0383289941,""LQD"":0.0428664934,""HYG"":0.0525844751,""GLD"":0.1003215875,""SLV"":0.0244806604,""DBC"":0.0588622866,""VNQ"":0.0641444872,""UUP"":0.0012966489,""BIL"":0.0503455435}",0,0.9999999999999998,0.11267605633802817,0.014084507042253521,2.220446049250313e-16,0,0,1.0,0.11267605633802819,0.014084507042253532,1,1,1,0,42,e485b2106f5104a1e4ed0d52
repeatability_504part,repeatability,repeat_01,llama3.1:8b,P6,,,real_ticker,,2011-05-04,42,10.0,0.6,0.25,3ad786c1db4f4acb,"You are a HYBRID DEFENSIVE-MOMENTUM policy profile. Use only the supplied feature values. Prefer assets with above-median `_r12m`, but among those candidates favor lower `_vol3m` and smaller drawdowns. Avoid assets with severe drawdowns unless their twelve-month momentum is unusually strong and their volatility is not high. During high cross-sectional volatility, keep at least 20% of the portfolio in bond-like or cash-like ETFs if such assets are present in the provided asset list. Do not allocate more than 40% to any single risky asset as a language-level preference; the deterministic projection layer will enforce final feasibility. Include every eligible ticker exactly once. Return strictly valid JSON only with a `weights` object whose values are decimals, not percentages.
Hard constraints for the execution layer: long-only weights, weights sum to one, maximum single-asset weight 0.60, and turnover cap 0.25. You propose weights; deterministic projection will enforce final feasibility.

Current Features:
- SPY_r1m: 0.01178144
- SPY_r3m: 0.03774783
- SPY_r12m: 0.17709098
- SPY_vol3m: 0.12375589
- SPY_mdd: -0.01172787
- QQQ_r1m: 0.02322349
- QQQ_r3m: 0.03024367
- QQQ_r12m: 0.22798957
- QQQ_vol3m: 0.14657511
- QQQ_mdd: -0.01046931
- IWM_r1m: -0.01793927
- IWM_r3m: 0.04951221
- IWM_r12m: 0.20492090
- IWM_vol3m: 0.17441083
- IWM_mdd: -0.03680959
- DIA_r1m: 0.02687429
- DIA_r3m: 0.06279286
- DIA_r12m: 0.19895298
- DIA_vol3m: 0.12039240
- DIA_mdd: -0.00835674
- EFA_r1m: 0.03424981
- EFA_r3m: 0.03305901
- EFA_r12m: 0.24971559
- EFA_vol3m: 0.18728501
- EFA_mdd: -0.01659624
- EEM_r1m: -0.03569240
- EEM_r3m: 0.03263932
- EEM_r12m: 0.23236279
- EEM_vol3m: 0.19696833
- EEM_mdd: -0.04203172
- VEA_r1m: 0.03423530
- VEA_r3m: 0.03101591
- VEA_r12m: 0.25072536
- VEA_vol3m: 0.18904105
- VEA_mdd: -0.01665435
- VWO_r1m: -0.03206525
- VWO_r3m: 0.03140949
- VWO_r12m: 0.24140505
- VWO_vol3m: 0.19272694
- VWO_mdd: -0.04160914
- AGG_r1m: 0.01538010
- AGG_r3m: 0.02243082
- AGG_r12m: 0.05414809
- AGG_vol3m: 0.03148984
- AGG_mdd: -0.00304533
- BND_r1m: 0.01479744
- BND_r3m: 0.02192251
- BND_r12m: 0.05373923
- BND_vol3m: 0.03177888
- BND_mdd: -0.00349558
- SHY_r1m: 0.00496608
- SHY_r3m: 0.00518169
- SHY_r12m: 0.01670200
- SHY_vol3m: 0.01258394
- SHY_mdd: 0.00000000
- IEF_r1m: 0.01891337
- IEF_r3m: 0.02687183
- IEF_r12m: 0.07066975
- IEF_vol3m: 0.06434875
- IEF_mdd: -0.03712371
- TLT_r1m: 0.02930659
- TLT_r3m: 0.05783166
- TLT_r12m: 0.05027193
- TLT_vol3m: 0.12089728
- TLT_mdd: -0.10039133
- TIP_r1m: 0.02081862
- TIP_r3m: 0.05159197
- TIP_r12m: 0.08255954
- TIP_vol3m: 0.05526369
- TIP_mdd: 0.00000000
- LQD_r1m: 0.02127011
- LQD_r3m: 0.03733958
- LQD_r12m: 0.08629304
- LQD_vol3m: 0.04614927
- LQD_mdd: -0.00049387
- HYG_r1m: 0.01037362
- HYG_r3m: 0.02721753
- HYG_r12m: 0.15346286
- HYG_vol3m: 0.05140232
- HYG_mdd: -0.00061772
- GLD_r1m: 0.05642162
- GLD_r3m: 0.13246454
- GLD_r12m: 0.28360414
- GLD_vol3m: 0.12461114
- GLD_mdd: -0.03045219
- SLV_r1m: 0.01836079
- SLV_r3m: 0.38208739
- SLV_r12m: 1.23670363
- SLV_vol3m: 0.40561753
- SLV_mdd: -0.19022425
- DBC_r1m: -0.00806450
- DBC_r3m: 0.05961411
- DBC_r12m: 0.31635270
- DBC_vol3m: 0.17625531
- DBC_mdd: -0.03665408
- VNQ_r1m: 0.04306293
- VNQ_r3m: 0.07284224
- VNQ_r12m: 0.21516831
- VNQ_vol3m: 0.15337400
- VNQ_mdd: -0.01849138
- UUP_r1m: -0.03720713
- UUP_r3m: -0.05500437
- UUP_r12m: -0.14831359
- UUP_vol3m: 0.06616977
- UUP_mdd: -0.18854047
- BIL_r1m: 0.00043658
- BIL_r3m: 0.00043658
- BIL_r12m: 0.00043658
- BIL_vol3m: 0.00256639
- BIL_mdd: 0.00000000
- cross_vol: 0.12153017

Assets: SPY, QQQ, IWM, DIA, EFA, EEM, VEA, VWO, AGG, BND, SHY, IEF, TLT, TIP, LQD, HYG, GLD, SLV, DBC, VNQ, UUP, BIL","{
  ""weights"": {
    ""SPY"": 0.1,
    ""QQQ"": 0.2,
    ""IWM"": 0.15,
    ""DIA"": 0.05,
    ""EFA"": 0.1,
    ""EEM"": 0.05,
    ""VEA"": 0.075,
    ""VWO"": 0.025,
    ""AGG"": 0.2,
    ""BND"": 0.15,
    ""SHY"": 0.05,
    ""IEF"": 0.1,
    ""TLT"": 0.075,
    ""TIP"": 0.025,
    ""LQD"": 0.1,
    ""HYG"": 0.05,
    ""GLD"": 0.025,
    ""SLV"": 0.025,
    ""DBC"": 0.025,
    ""VNQ"": 0.075,
    ""UUP"": 0.025,
    ""BIL"": 0.1
  }
}",1,0,0,10.231786207994446,397,1,0,0,0,229,9.974972,1821,stop,[],0,0,0,0,GLD,QQQ,QQQ,0,0,0.3333333333333333,0.6680911763367824,0.17635353508175303,2.1510571102112408e-16,4.7316947918797145e-17,0.5339308578745198,0,"{""SPY"":0.0563380282,""QQQ"":0.1126760563,""IWM"":0.0845070423,""DIA"":0.0281690141,""EFA"":0.0563380282,""EEM"":0.0281690141,""VEA"":0.0422535211,""VWO"":0.014084507,""AGG"":0.1126760563,""BND"":0.0845070423,""SHY"":0.0281690141,""IEF"":0.0563380282,""TLT"":0.0422535211,""TIP"":0.014084507,""LQD"":0.0563380282,""HYG"":0.0281690141,""GLD"":0.014084507,""SLV"":0.014084507,""DBC"":0.014084507,""VNQ"":0.0422535211,""UUP"":0.014084507,""BIL"":0.0563380282}","{""SPY"":0.0563380282,""QQQ"":0.1126760563,""IWM"":0.0845070423,""DIA"":0.0281690141,""EFA"":0.0563380282,""EEM"":0.0281690141,""VEA"":0.0422535211,""VWO"":0.014084507,""AGG"":0.1126760563,""BND"":0.0845070423,""SHY"":0.0281690141,""IEF"":0.0563380282,""TLT"":0.0422535211,""TIP"":0.014084507,""LQD"":0.0563380282,""HYG"":0.0281690141,""GLD"":0.014084507,""SLV"":0.014084507,""DBC"":0.014084507,""VNQ"":0.0422535211,""UUP"":0.014084507,""BIL"":0.0563380282}","{""SPY"":0.0221385759,""QQQ"":0.080548556,""IWM"":0.0386238285,""DIA"":0.099204445,""EFA"":0.0512632481,""EEM"":0.031235668,""VEA"":0.0504175408,""VWO"":0.0341452292,""AGG"":0.0431807928,""BND"":0.0427295735,""SHY"":0.047925848,""IEF"":0.0207685098,""TLT"":0.0045870078,""TIP"":0.0383289941,""LQD"":0.0428664934,""HYG"":0.0525844751,""GLD"":0.1003215875,""SLV"":0.0244806604,""DBC"":0.0588622866,""VNQ"":0.0641444872,""UUP"":0.0012966489,""BIL"":0.0503455435}",0,0.9999999999999998,0.11267605633802817,0.014084507042253521,2.220446049250313e-16,0,0,1.0,0.11267605633802819,0.014084507042253532,1,1,1,1,43,f5ab2beb4ec9c0858471d7ef
repeatability_504part,repeatability,repeat_02,llama3.1:8b,P6,,,real_ticker,,2011-05-04,42,10.0,0.6,0.25,3ad786c1db4f4acb,"You are a HYBRID DEFENSIVE-MOMENTUM policy profile. Use only the supplied feature values. Prefer assets with above-median `_r12m`, but among those candidates favor lower `_vol3m` and smaller drawdowns. Avoid assets with severe drawdowns unless their twelve-month momentum is unusually strong and their volatility is not high. During high cross-sectional volatility, keep at least 20% of the portfolio in bond-like or cash-like ETFs if such assets are present in the provided asset list. Do not allocate more than 40% to any single risky asset as a language-level preference; the deterministic projection layer will enforce final feasibility. Include every eligible ticker exactly once. Return strictly valid JSON only with a `weights` object whose values are decimals, not percentages.
Hard constraints for the execution layer: long-only weights, weights sum to one, maximum single-asset weight 0.60, and turnover cap 0.25. You propose weights; deterministic projection will enforce final feasibility.

Current Features:
- SPY_r1m: 0.01178144
- SPY_r3m: 0.03774783
- SPY_r12m: 0.17709098
- SPY_vol3m: 0.12375589
- SPY_mdd: -0.01172787
- QQQ_r1m: 0.02322349
- QQQ_r3m: 0.03024367
- QQQ_r12m: 0.22798957
- QQQ_vol3m: 0.14657511
- QQQ_mdd: -0.01046931
- IWM_r1m: -0.01793927
- IWM_r3m: 0.04951221
- IWM_r12m: 0.20492090
- IWM_vol3m: 0.17441083
- IWM_mdd: -0.03680959
- DIA_r1m: 0.02687429
- DIA_r3m: 0.06279286
- DIA_r12m: 0.19895298
- DIA_vol3m: 0.12039240
- DIA_mdd: -0.00835674
- EFA_r1m: 0.03424981
- EFA_r3m: 0.03305901
- EFA_r12m: 0.24971559
- EFA_vol3m: 0.18728501
- EFA_mdd: -0.01659624
- EEM_r1m: -0.03569240
- EEM_r3m: 0.03263932
- EEM_r12m: 0.23236279
- EEM_vol3m: 0.19696833
- EEM_mdd: -0.04203172
- VEA_r1m: 0.03423530
- VEA_r3m: 0.03101591
- VEA_r12m: 0.25072536
- VEA_vol3m: 0.18904105
- VEA_mdd: -0.01665435
- VWO_r1m: -0.03206525
- VWO_r3m: 0.03140949
- VWO_r12m: 0.24140505
- VWO_vol3m: 0.19272694
- VWO_mdd: -0.04160914
- AGG_r1m: 0.01538010
- AGG_r3m: 0.02243082
- AGG_r12m: 0.05414809
- AGG_vol3m: 0.03148984
- AGG_mdd: -0.00304533
- BND_r1m: 0.01479744
- BND_r3m: 0.02192251
- BND_r12m: 0.05373923
- BND_vol3m: 0.03177888
- BND_mdd: -0.00349558
- SHY_r1m: 0.00496608
- SHY_r3m: 0.00518169
- SHY_r12m: 0.01670200
- SHY_vol3m: 0.01258394
- SHY_mdd: 0.00000000
- IEF_r1m: 0.01891337
- IEF_r3m: 0.02687183
- IEF_r12m: 0.07066975
- IEF_vol3m: 0.06434875
- IEF_mdd: -0.03712371
- TLT_r1m: 0.02930659
- TLT_r3m: 0.05783166
- TLT_r12m: 0.05027193
- TLT_vol3m: 0.12089728
- TLT_mdd: -0.10039133
- TIP_r1m: 0.02081862
- TIP_r3m: 0.05159197
- TIP_r12m: 0.08255954
- TIP_vol3m: 0.05526369
- TIP_mdd: 0.00000000
- LQD_r1m: 0.02127011
- LQD_r3m: 0.03733958
- LQD_r12m: 0.08629304
- LQD_vol3m: 0.04614927
- LQD_mdd: -0.00049387
- HYG_r1m: 0.01037362
- HYG_r3m: 0.02721753
- HYG_r12m: 0.15346286
- HYG_vol3m: 0.05140232
- HYG_mdd: -0.00061772
- GLD_r1m: 0.05642162
- GLD_r3m: 0.13246454
- GLD_r12m: 0.28360414
- GLD_vol3m: 0.12461114
- GLD_mdd: -0.03045219
- SLV_r1m: 0.01836079
- SLV_r3m: 0.38208739
- SLV_r12m: 1.23670363
- SLV_vol3m: 0.40561753
- SLV_mdd: -0.19022425
- DBC_r1m: -0.00806450
- DBC_r3m: 0.05961411
- DBC_r12m: 0.31635270
- DBC_vol3m: 0.17625531
- DBC_mdd: -0.03665408
- VNQ_r1m: 0.04306293
- VNQ_r3m: 0.07284224
- VNQ_r12m: 0.21516831
- VNQ_vol3m: 0.15337400
- VNQ_mdd: -0.01849138
- UUP_r1m: -0.03720713
- UUP_r3m: -0.05500437
- UUP_r12m: -0.14831359
- UUP_vol3m: 0.06616977
- UUP_mdd: -0.18854047
- BIL_r1m: 0.00043658
- BIL_r3m: 0.00043658
- BIL_r12m: 0.00043658
- BIL_vol3m: 0.00256639
- BIL_mdd: 0.00000000
- cross_vol: 0.12153017

Assets: SPY, QQQ, IWM, DIA, EFA, EEM, VEA, VWO, AGG, BND, SHY, IEF, TLT, TIP, LQD, HYG, GLD, SLV, DBC, VNQ, UUP, BIL","{
  ""weights"": {
    ""SPY"": 0.1,
    ""QQQ"": 0.2,
    ""IWM"": 0.15,
    ""DIA"": 0.05,
    ""EFA"": 0.1,
    ""EEM"": 0.05,
    ""VEA"": 0.075,
    ""VWO"": 0.025,
    ""AGG"": 0.2,
    ""BND"": 0.15,
    ""SHY"": 0.05,
    ""IEF"": 0.1,
    ""TLT"": 0.075,
    ""TIP"": 0.025,
    ""LQD"": 0.1,
    ""HYG"": 0.05,
    ""GLD"": 0.025,
    ""SLV"": 0.025,
    ""DBC"": 0.025,
    ""VNQ"": 0.075,
    ""UUP"": 0.025,
    ""BIL"": 0.1
  }
}",1,0,0,10.19782554100675,397,1,0,0,0,229,9.972354,1821,stop,[],0,0,0,0,GLD,QQQ,QQQ,0,0,0.3333333333333333,0.6680911763367824,0.17635353508175303,2.1510571102112408e-16,4.7316947918797145e-17,0.5339308578745198,0,"{""SPY"":0.0563380282,""QQQ"":0.1126760563,""IWM"":0.0845070423,""DIA"":0.0281690141,""EFA"":0.0563380282,""EEM"":0.0281690141,""VEA"":0.0422535211,""VWO"":0.014084507,""AGG"":0.1126760563,""BND"":0.0845070423,""SHY"":0.0281690141,""IEF"":0.0563380282,""TLT"":0.0422535211,""TIP"":0.014084507,""LQD"":0.0563380282,""HYG"":0.0281690141,""GLD"":0.014084507,""SLV"":0.014084507,""DBC"":0.014084507,""VNQ"":0.0422535211,""UUP"":0.014084507,""BIL"":0.0563380282}","{""SPY"":0.0563380282,""QQQ"":0.1126760563,""IWM"":0.0845070423,""DIA"":0.0281690141,""EFA"":0.0563380282,""EEM"":0.0281690141,""VEA"":0.0422535211,""VWO"":0.014084507,""AGG"":0.1126760563,""BND"":0.0845070423,""SHY"":0.0281690141,""IEF"":0.0563380282,""TLT"":0.0422535211,""TIP"":0.014084507,""LQD"":0.0563380282,""HYG"":0.0281690141,""GLD"":0.014084507,""SLV"":0.014084507,""DBC"":0.014084507,""VNQ"":0.0422535211,""UUP"":0.014084507,""BIL"":0.0563380282}","{""SPY"":0.0221385759,""QQQ"":0.080548556,""IWM"":0.0386238285,""DIA"":0.099204445,""EFA"":0.0512632481,""EEM"":0.031235668,""VEA"":0.0504175408,""VWO"":0.0341452292,""AGG"":0.0431807928,""BND"":0.0427295735,""SHY"":0.047925848,""IEF"":0.0207685098,""TLT"":0.0045870078,""TIP"":0.0383289941,""LQD"":0.0428664934,""HYG"":0.0525844751,""GLD"":0.1003215875,""SLV"":0.0244806604,""DBC"":0.0588622866,""VNQ"":0.0641444872,""UUP"":0.0012966489,""BIL"":0.0503455435}",0,0.9999999999999998,0.11267605633802817,0.014084507042253521,2.220446049250313e-16,0,0,1.0,0.11267605633802819,0.014084507042253532,1,1,1,2,44,0a861e4276f449ecc3c72b8a
repeatability_504part,repeatability,repeat_03,llama3.1:8b,P6,,,real_ticker,,2011-05-04,42,10.0,0.6,0.25,3ad786c1db4f4acb,"You are a HYBRID DEFENSIVE-MOMENTUM policy profile. Use only the supplied feature values. Prefer assets with above-median `_r12m`, but among those candidates favor lower `_vol3m` and smaller drawdowns. Avoid assets with severe drawdowns unless their twelve-month momentum is unusually strong and their volatility is not high. During high cross-sectional volatility, keep at least 20% of the portfolio in bond-like or cash-like ETFs if such assets are present in the provided asset list. Do not allocate more than 40% to any single risky asset as a language-level preference; the deterministic projection layer will enforce final feasibility. Include every eligible ticker exactly once. Return strictly valid JSON only with a `weights` object whose values are decimals, not percentages.
Hard constraints for the execution layer: long-only weights, weights sum to one, maximum single-asset weight 0.60, and turnover cap 0.25. You propose weights; deterministic projection will enforce final feasibility.

Current Features:
- SPY_r1m: 0.01178144
- SPY_r3m: 0.03774783
- SPY_r12m: 0.17709098
- SPY_vol3m: 0.12375589
- SPY_mdd: -0.01172787
- QQQ_r1m: 0.02322349
- QQQ_r3m: 0.03024367
- QQQ_r12m: 0.22798957
- QQQ_vol3m: 0.14657511
- QQQ_mdd: -0.01046931
- IWM_r1m: -0.01793927
- IWM_r3m: 0.04951221
- IWM_r12m: 0.20492090
- IWM_vol3m: 0.17441083
- IWM_mdd: -0.03680959
- DIA_r1m: 0.02687429
- DIA_r3m: 0.06279286
- DIA_r12m: 0.19895298
- DIA_vol3m: 0.12039240
- DIA_mdd: -0.00835674
- EFA_r1m: 0.03424981
- EFA_r3m: 0.03305901
- EFA_r12m: 0.24971559
- EFA_vol3m: 0.18728501
- EFA_mdd: -0.01659624
- EEM_r1m: -0.03569240
- EEM_r3m: 0.03263932
- EEM_r12m: 0.23236279
- EEM_vol3m: 0.19696833
- EEM_mdd: -0.04203172
- VEA_r1m: 0.03423530
- VEA_r3m: 0.03101591
- VEA_r12m: 0.25072536
- VEA_vol3m: 0.18904105
- VEA_mdd: -0.01665435
- VWO_r1m: -0.03206525
- VWO_r3m: 0.03140949
- VWO_r12m: 0.24140505
- VWO_vol3m: 0.19272694
- VWO_mdd: -0.04160914
- AGG_r1m: 0.01538010
- AGG_r3m: 0.02243082
- AGG_r12m: 0.05414809
- AGG_vol3m: 0.03148984
- AGG_mdd: -0.00304533
- BND_r1m: 0.01479744
- BND_r3m: 0.02192251
- BND_r12m: 0.05373923
- BND_vol3m: 0.03177888
- BND_mdd: -0.00349558
- SHY_r1m: 0.00496608
- SHY_r3m: 0.00518169
- SHY_r12m: 0.01670200
- SHY_vol3m: 0.01258394
- SHY_mdd: 0.00000000
- IEF_r1m: 0.01891337
- IEF_r3m: 0.02687183
- IEF_r12m: 0.07066975
- IEF_vol3m: 0.06434875
- IEF_mdd: -0.03712371
- TLT_r1m: 0.02930659
- TLT_r3m: 0.05783166
- TLT_r12m: 0.05027193
- TLT_vol3m: 0.12089728
- TLT_mdd: -0.10039133
- TIP_r1m: 0.02081862
- TIP_r3m: 0.05159197
- TIP_r12m: 0.08255954
- TIP_vol3m: 0.05526369
- TIP_mdd: 0.00000000
- LQD_r1m: 0.02127011
- LQD_r3m: 0.03733958
- LQD_r12m: 0.08629304
- LQD_vol3m: 0.04614927
- LQD_mdd: -0.00049387
- HYG_r1m: 0.01037362
- HYG_r3m: 0.02721753
- HYG_r12m: 0.15346286
- HYG_vol3m: 0.05140232
- HYG_mdd: -0.00061772
- GLD_r1m: 0.05642162
- GLD_r3m: 0.13246454
- GLD_r12m: 0.28360414
- GLD_vol3m: 0.12461114
- GLD_mdd: -0.03045219
- SLV_r1m: 0.01836079
- SLV_r3m: 0.38208739
- SLV_r12m: 1.23670363
- SLV_vol3m: 0.40561753
- SLV_mdd: -0.19022425
- DBC_r1m: -0.00806450
- DBC_r3m: 0.05961411
- DBC_r12m: 0.31635270
- DBC_vol3m: 0.17625531
- DBC_mdd: -0.03665408
- VNQ_r1m: 0.04306293
- VNQ_r3m: 0.07284224
- VNQ_r12m: 0.21516831
- VNQ_vol3m: 0.15337400
- VNQ_mdd: -0.01849138
- UUP_r1m: -0.03720713
- UUP_r3m: -0.05500437
- UUP_r12m: -0.14831359
- UUP_vol3m: 0.06616977
- UUP_mdd: -0.18854047
- BIL_r1m: 0.00043658
- BIL_r3m: 0.00043658
- BIL_r12m: 0.00043658
- BIL_vol3m: 0.00256639
- BIL_mdd: 0.00000000
- cross_vol: 0.12153017

Assets: SPY, QQQ, IWM, DIA, EFA, EEM, VEA, VWO, AGG, BND, SHY, IEF, TLT, TIP, LQD, HYG, GLD, SLV, DBC, VNQ, UUP, BIL","{
  ""weights"": {
    ""SPY"": 0.1,
    ""QQQ"": 0.2,
    ""IWM"": 0.15,
    ""DIA"": 0.05,
    ""EFA"": 0.1,
    ""EEM"": 0.05,
    ""VEA"": 0.075,
    ""VWO"": 0.025,
    ""AGG"": 0.2,
    ""BND"": 0.15,
    ""SHY"": 0.05,
    ""IEF"": 0.1,
    ""TLT"": 0.075,
    ""TIP"": 0.025,
    ""LQD"": 0.1,
    ""HYG"": 0.05,
    ""GLD"": 0.025,
    ""SLV"": 0.025,
    ""DBC"": 0.025,
    ""VNQ"": 0.075,
    ""UUP"": 0.025,
    ""BIL"": 0.1
  }
}",1,0,0,10.267136458001914,397,1,0,0,0,229,10.033936,1821,stop,[],0,0,0,0,GLD,QQQ,QQQ,0,0,0.3333333333333333,0.6680911763367824,0.17635353508175303,2.1510571102112408e-16,4.7316947918797145e-17,0.5339308578745198,0,"{""SPY"":0.0563380282,""QQQ"":0.1126760563,""IWM"":0.0845070423,""DIA"":0.0281690141,""EFA"":0.0563380282,""EEM"":0.0281690141,""VEA"":0.0422535211,""VWO"":0.014084507,""AGG"":0.1126760563,""BND"":0.0845070423,""SHY"":0.0281690141,""IEF"":0.0563380282,""TLT"":0.0422535211,""TIP"":0.014084507,""LQD"":0.0563380282,""HYG"":0.0281690141,""GLD"":0.014084507,""SLV"":0.014084507,""DBC"":0.014084507,""VNQ"":0.0422535211,""UUP"":0.014084507,""BIL"":0.0563380282}","{""SPY"":0.0563380282,""QQQ"":0.1126760563,""IWM"":0.0845070423,""DIA"":0.0281690141,""EFA"":0.0563380282,""EEM"":0.0281690141,""VEA"":0.0422535211,""VWO"":0.014084507,""AGG"":0.1126760563,""BND"":0.0845070423,""SHY"":0.0281690141,""IEF"":0.0563380282,""TLT"":0.0422535211,""TIP"":0.014084507,""LQD"":0.0563380282,""HYG"":0.0281690141,""GLD"":0.014084507,""SLV"":0.014084507,""DBC"":0.014084507,""VNQ"":0.0422535211,""UUP"":0.014084507,""BIL"":0.0563380282}","{""SPY"":0.0221385759,""QQQ"":0.080548556,""IWM"":0.0386238285,""DIA"":0.099204445,""EFA"":0.0512632481,""EEM"":0.031235668,""VEA"":0.0504175408,""VWO"":0.0341452292,""AGG"":0.0431807928,""BND"":0.0427295735,""SHY"":0.047925848,""IEF"":0.0207685098,""TLT"":0.0045870078,""TIP"":0.0383289941,""LQD"":0.0428664934,""HYG"":0.0525844751,""GLD"":0.1003215875,""SLV"":0.0244806604,""DBC"":0.0588622866,""VNQ"":0.0641444872,""UUP"":0.0012966489,""BIL"":0.0503455435}",0,0.9999999999999998,0.11267605633802817,0.014084507042253521,2.220446049250313e-16,0,0,1.0,0.11267605633802819,0.014084507042253532,1,1,1,3,45,cc3969d08c0f61348edc78cb
repeatability_504part,repeatability,repeat_00,llama3.1:8b,P1,,,real_ticker,,2011-07-05,42,10.0,0.6,0.25,4d1dced8440a753b,"You are an AGGRESSIVE MOMENTUM policy profile. Use only the provided feature values. Strongly favor the eligible asset with the highest `_r12m` value. Allocate 60.0% of total portfolio weight to that target asset as the language-level policy target. Distribute the remaining weight equally among all other eligible assets. Include every eligible ticker exactly once. Return strictly valid JSON only with a `weights` object whose values are decimals, not percentages.
Hard constraints for the execution layer: long-only weights, weights sum to one, maximum single-asset weight 0.60, and turnover cap 0.25. You propose weights; deterministic projection will enforce final feasibility.

Current Features:
- SPY_r1m: 0.03107944
- SPY_r3m: 0.00910545
- SPY_r12m: 0.32686599
- SPY_vol3m: 0.12806713
- SPY_mdd: -0.01434168
- QQQ_r1m: 0.03514703
- QQQ_r3m: 0.01851812
- QQQ_r12m: 0.37712886
- QQQ_vol3m: 0.15353815
- QQQ_mdd: -0.01501974
- IWM_r1m: 0.04219409
- IWM_r3m: -0.00516231
- IWM_r12m: 0.44078983
- IWM_vol3m: 0.18515131
- IWM_mdd: -0.02427814
- DIA_r1m: 0.03617496
- DIA_r3m: 0.02002857
- DIA_r12m: 0.32225385
- DIA_vol3m: 0.12210614
- DIA_mdd: -0.01496760
- EFA_r1m: 0.01123303
- EFA_r3m: 0.01456344
- EFA_r12m: 0.29490668
- EFA_vol3m: 0.19467101
- EFA_mdd: -0.03531478
- EEM_r1m: 0.01569691
- EEM_r3m: -0.02503661
- EEM_r12m: 0.27512729
- EEM_vol3m: 0.19259094
- EEM_mdd: -0.03144599
- VEA_r1m: 0.00870930
- VEA_r3m: 0.01433059
- VEA_r12m: 0.30163912
- VEA_vol3m: 0.19629802
- VEA_mdd: -0.03557965
- VWO_r1m: 0.01092334
- VWO_r3m: -0.02310290
- VWO_r12m: 0.28087819
- VWO_vol3m: 0.18180937
- VWO_mdd: -0.03273516
- AGG_r1m: -0.00190774
- AGG_r3m: 0.02490282
- AGG_r12m: 0.03454985
- AGG_vol3m: 0.03028003
- AGG_mdd: -0.00570679
- BND_r1m: -0.00247534
- BND_r3m: 0.02409753
- BND_r12m: 0.03704242
- BND_vol3m: 0.03061050
- BND_mdd: -0.00709452
- SHY_r1m: 0.00036785
- SHY_r3m: 0.00875466
- SHY_r12m: 0.01296555
- SHY_vol3m: 0.01036963
- SHY_mdd: -0.00199884
- IEF_r1m: -0.00740785
- IEF_r3m: 0.03801946
- IEF_r12m: 0.03634232
- IEF_vol3m: 0.06379805
- IEF_mdd: -0.01906839
- TLT_r1m: -0.02252416
- TLT_r3m: 0.02837370
- TLT_r12m: -0.03671872
- TLT_vol3m: 0.12085054
- TLT_mdd: -0.10120667
- TIP_r1m: 0.00468117
- TIP_r3m: 0.02923953
- TIP_r12m: 0.08286608
- TIP_vol3m: 0.04401142
- TIP_mdd: -0.00523298
- LQD_r1m: -0.00245947
- LQD_r3m: 0.02627115
- LQD_r12m: 0.06541992
- LQD_vol3m: 0.04344639
- LQD_mdd: -0.00934377
- HYG_r1m: 0.01139852
- HYG_r3m: 0.01324857
- HYG_r12m: 0.15648313
- HYG_vol3m: 0.07136542
- HYG_mdd: -0.00180901
- GLD_r1m: -0.01724135
- GLD_r3m: 0.05570658
- GLD_r12m: 0.26710156
- GLD_vol3m: 0.14053817
- GLD_mdd: -0.03110842
- SLV_r1m: -0.02009052
- SLV_r3m: -0.07849922
- SLV_r12m: 0.99022999
- SLV_vol3m: 0.55099117
- SLV_mdd: -0.26724498
- DBC_r1m: -0.02842980
- DBC_r3m: -0.05193556
- DBC_r12m: 0.38240813
- DBC_vol3m: 0.23895745
- DBC_mdd: -0.07926068
- VNQ_r1m: 0.02380981
- VNQ_r3m: 0.06159981
- VNQ_r12m: 0.43668797
- VNQ_vol3m: 0.16341808
- VNQ_mdd: -0.00885751
- UUP_r1m: 0.00900910
- UUP_r3m: -0.02250800
- UUP_r12m: -0.13107378
- UUP_vol3m: 0.08741327
- UUP_mdd: -0.17615178
- BIL_r1m: -0.00000000
- BIL_r3m: -0.00000000
- BIL_r12m: -0.00000000
- BIL_vol3m: 0.00233068
- BIL_mdd: -0.00043639
- cross_vol: 0.13420968

Assets: SPY, QQQ, IWM, DIA, EFA, EEM, VEA, VWO, AGG, BND, SHY, IEF, TLT, TIP, LQD, HYG, GLD, SLV, DBC, VNQ, UUP, BIL","{
  ""weights"": {
    ""SPY"": 0.36,
    ""QQQ"": 0.24,
    ""IWM"": 0.2,
    ""DIA"": 0.1,
    ""EFA"": 0.05,
    ""EEM"": 0.05,
    ""VEA"": 0.025,
    ""VWO"": 0.025,
    ""AGG"": 0.0125,
    ""BND"": 0.0125,
    ""SHY"": 0.00625,
    ""IEF"": 0.00625,
    ""TLT"": 0.003125,
    ""TIP"": 0.003125,
    ""LQD"": 0.0015625,
    ""HYG"": 0.0015625,
    ""GLD"": 0.00078125,
    ""SLV"": 0.00078125,
    ""DBC"": 0.000390625,
    ""VNQ"": 0.000390625,
    ""UUP"": 0.0001953125,
    ""BIL"": 0
  }
}",1,0,0,18.857639624999138,454,1,0,0,0,248,10.861546,1754,stop,[],0,0,0,0,SLV,SPY,SPY,0,0,0.6666666666666666,1.605346462621289,0.7283238865752533,1.0495077029659624e-16,2.487529349119012e-17,1.2736962806246868,0,"{""SPY"":0.3274471487,""QQQ"":0.2182980991,""IWM"":0.1819150826,""DIA"":0.0909575413,""EFA"":0.0454787707,""EEM"":0.0454787707,""VEA"":0.0227393853,""VWO"":0.0227393853,""AGG"":0.0113696927,""BND"":0.0113696927,""SHY"":0.0056848463,""IEF"":0.0056848463,""TLT"":0.0028424232,""TIP"":0.0028424232,""LQD"":0.0014212116,""HYG"":0.0014212116,""GLD"":0.0007106058,""SLV"":0.0007106058,""DBC"":0.0003553029,""VNQ"":0.0003553029,""UUP"":0.0001776514,""BIL"":0.0}","{""SPY"":0.3274471487,""QQQ"":0.2182980991,""IWM"":0.1819150826,""DIA"":0.0909575413,""EFA"":0.0454787707,""EEM"":0.0454787707,""VEA"":0.0227393853,""VWO"":0.0227393853,""AGG"":0.0113696927,""BND"":0.0113696927,""SHY"":0.0056848463,""IEF"":0.0056848463,""TLT"":0.0028424232,""TIP"":0.0028424232,""LQD"":0.0014212116,""HYG"":0.0014212116,""GLD"":0.0007106058,""SLV"":0.0007106058,""DBC"":0.0003553029,""VNQ"":0.0003553029,""UUP"":0.0001776514,""BIL"":5.637851297e-18}","{""SPY"":0.019047619,""QQQ"":0.019047619,""IWM"":0.019047619,""DIA"":0.019047619,""EFA"":0.019047619,""EEM"":0.019047619,""VEA"":0.019047619,""VWO"":0.019047619,""AGG"":0.019047619,""BND"":0.019047619,""SHY"":0.019047619,""IEF"":0.019047619,""TLT"":0.019047619,""TIP"":0.019047619,""LQD"":0.019047619,""HYG"":0.019047619,""GLD"":0.019047619,""SLV"":0.6,""DBC"":0.019047619,""VNQ"":0.019047619,""UUP"":0.019047619,""BIL"":0.019047619}",0,1.0,0.32744714869426184,0.0,0.0,0,0,1.0,0.32744714869426184,5.6378512969240314e-18,1,1,1,0,42,818e0a02831285a1662a78d4
repeatability_504part,repeatability,repeat_01,llama3.1:8b,P1,,,real_ticker,,2011-07-05,42,10.0,0.6,0.25,4d1dced8440a753b,"You are an AGGRESSIVE MOMENTUM policy profile. Use only the provided feature values. Strongly favor the eligible asset with the highest `_r12m` value. Allocate 60.0% of total portfolio weight to that target asset as the language-level policy target. Distribute the remaining weight equally among all other eligible assets. Include every eligible ticker exactly once. Return strictly valid JSON only with a `weights` object whose values are decimals, not percentages.
Hard constraints for the execution layer: long-only weights, weights sum to one, maximum single-asset weight 0.60, and turnover cap 0.25. You propose weights; deterministic projection will enforce final feasibility.

Current Features:
- SPY_r1m: 0.03107944
- SPY_r3m: 0.00910545
- SPY_r12m: 0.32686599
- SPY_vol3m: 0.12806713
- SPY_mdd: -0.01434168
- QQQ_r1m: 0.03514703
- QQQ_r3m: 0.01851812
- QQQ_r12m: 0.37712886
- QQQ_vol3m: 0.15353815
- QQQ_mdd: -0.01501974
- IWM_r1m: 0.04219409
- IWM_r3m: -0.00516231
- IWM_r12m: 0.44078983
- IWM_vol3m: 0.18515131
- IWM_mdd: -0.02427814
- DIA_r1m: 0.03617496
- DIA_r3m: 0.02002857
- DIA_r12m: 0.32225385
- DIA_vol3m: 0.12210614
- DIA_mdd: -0.01496760
- EFA_r1m: 0.01123303
- EFA_r3m: 0.01456344
- EFA_r12m: 0.29490668
- EFA_vol3m: 0.19467101
- EFA_mdd: -0.03531478
- EEM_r1m: 0.01569691
- EEM_r3m: -0.02503661
- EEM_r12m: 0.27512729
- EEM_vol3m: 0.19259094
- EEM_mdd: -0.03144599
- VEA_r1m: 0.00870930
- VEA_r3m: 0.01433059
- VEA_r12m: 0.30163912
- VEA_vol3m: 0.19629802
- VEA_mdd: -0.03557965
- VWO_r1m: 0.01092334
- VWO_r3m: -0.02310290
- VWO_r12m: 0.28087819
- VWO_vol3m: 0.18180937
- VWO_mdd: -0.03273516
- AGG_r1m: -0.00190774
- AGG_r3m: 0.02490282
- AGG_r12m: 0.03454985
- AGG_vol3m: 0.03028003
- AGG_mdd: -0.00570679
- BND_r1m: -0.00247534
- BND_r3m: 0.02409753
- BND_r12m: 0.03704242
- BND_vol3m: 0.03061050
- BND_mdd: -0.00709452
- SHY_r1m: 0.00036785
- SHY_r3m: 0.00875466
- SHY_r12m: 0.01296555
- SHY_vol3m: 0.01036963
- SHY_mdd: -0.00199884
- IEF_r1m: -0.00740785
- IEF_r3m: 0.03801946
- IEF_r12m: 0.03634232
- IEF_vol3m: 0.06379805
- IEF_mdd: -0.01906839
- TLT_r1m: -0.02252416
- TLT_r3m: 0.02837370
- TLT_r12m: -0.03671872
- TLT_vol3m: 0.12085054
- TLT_mdd: -0.10120667
- TIP_r1m: 0.00468117
- TIP_r3m: 0.02923953
- TIP_r12m: 0.08286608
- TIP_vol3m: 0.04401142
- TIP_mdd: -0.00523298
- LQD_r1m: -0.00245947
- LQD_r3m: 0.02627115
- LQD_r12m: 0.06541992
- LQD_vol3m: 0.04344639
- LQD_mdd: -0.00934377
- HYG_r1m: 0.01139852
- HYG_r3m: 0.01324857
- HYG_r12m: 0.15648313
- HYG_vol3m: 0.07136542
- HYG_mdd: -0.00180901
- GLD_r1m: -0.01724135
- GLD_r3m: 0.05570658
- GLD_r12m: 0.26710156
- GLD_vol3m: 0.14053817
- GLD_mdd: -0.03110842
- SLV_r1m: -0.02009052
- SLV_r3m: -0.07849922
- SLV_r12m: 0.99022999
- SLV_vol3m: 0.55099117
- SLV_mdd: -0.26724498
- DBC_r1m: -0.02842980
- DBC_r3m: -0.05193556
- DBC_r12m: 0.38240813
- DBC_vol3m: 0.23895745
- DBC_mdd: -0.07926068
- VNQ_r1m: 0.02380981
- VNQ_r3m: 0.06159981
- VNQ_r12m: 0.43668797
- VNQ_vol3m: 0.16341808
- VNQ_mdd: -0.00885751
- UUP_r1m: 0.00900910
- UUP_r3m: -0.02250800
- UUP_r12m: -0.13107378
- UUP_vol3m: 0.08741327
- UUP_mdd: -0.17615178
- BIL_r1m: -0.00000000
- BIL_r3m: -0.00000000
- BIL_r12m: -0.00000000
- BIL_vol3m: 0.00233068
- BIL_mdd: -0.00043639
- cross_vol: 0.13420968

Assets: SPY, QQQ, IWM, DIA, EFA, EEM, VEA, VWO, AGG, BND, SHY, IEF, TLT, TIP, LQD, HYG, GLD, SLV, DBC, VNQ, UUP, BIL","{
  ""weights"": {
    ""SPY"": 0.36,
    ""QQQ"": 0.24,
    ""IWM"": 0.2,
    ""DIA"": 0.1,
    ""EFA"": 0.05,
    ""EEM"": 0.05,
    ""VEA"": 0.025,
    ""VWO"": 0.025,
    ""AGG"": 0.0125,
    ""BND"": 0.0125,
    ""SHY"": 0.00625,
    ""IEF"": 0.00625,
    ""TLT"": 0.003125,
    ""TIP"": 0.003125,
    ""LQD"": 0.0015625,
    ""HYG"": 0.0015625,
    ""GLD"": 0.00078125,
    ""SLV"": 0.00078125,
    ""DBC"": 0.000390625,
    ""VNQ"": 0.000390625,
    ""UUP"": 0.0001953125,
    ""BIL"": 0
  }
}",1,0,0,11.020157000006293,454,1,0,0,0,248,10.770261,1754,stop,[],0,0,0,0,SLV,SPY,SPY,0,0,0.6666666666666666,1.605346462621289,0.7283238865752533,1.0495077029659624e-16,2.487529349119012e-17,1.2736962806246868,0,"{""SPY"":0.3274471487,""QQQ"":0.2182980991,""IWM"":0.1819150826,""DIA"":0.0909575413,""EFA"":0.0454787707,""EEM"":0.0454787707,""VEA"":0.0227393853,""VWO"":0.0227393853,""AGG"":0.0113696927,""BND"":0.0113696927,""SHY"":0.0056848463,""IEF"":0.0056848463,""TLT"":0.0028424232,""TIP"":0.0028424232,""LQD"":0.0014212116,""HYG"":0.0014212116,""GLD"":0.0007106058,""SLV"":0.0007106058,""DBC"":0.0003553029,""VNQ"":0.0003553029,""UUP"":0.0001776514,""BIL"":0.0}","{""SPY"":0.3274471487,""QQQ"":0.2182980991,""IWM"":0.1819150826,""DIA"":0.0909575413,""EFA"":0.0454787707,""EEM"":0.0454787707,""VEA"":0.0227393853,""VWO"":0.0227393853,""AGG"":0.0113696927,""BND"":0.0113696927,""SHY"":0.0056848463,""IEF"":0.0056848463,""TLT"":0.0028424232,""TIP"":0.0028424232,""LQD"":0.0014212116,""HYG"":0.0014212116,""GLD"":0.0007106058,""SLV"":0.0007106058,""DBC"":0.0003553029,""VNQ"":0.0003553029,""UUP"":0.0001776514,""BIL"":5.637851297e-18}","{""SPY"":0.019047619,""QQQ"":0.019047619,""IWM"":0.019047619,""DIA"":0.019047619,""EFA"":0.019047619,""EEM"":0.019047619,""VEA"":0.019047619,""VWO"":0.019047619,""AGG"":0.019047619,""BND"":0.019047619,""SHY"":0.019047619,""IEF"":0.019047619,""TLT"":0.019047619,""TIP"":0.019047619,""LQD"":0.019047619,""HYG"":0.019047619,""GLD"":0.019047619,""SLV"":0.6,""DBC"":0.019047619,""VNQ"":0.019047619,""UUP"":0.019047619,""BIL"":0.019047619}",0,1.0,0.32744714869426184,0.0,0.0,0,0,1.0,0.32744714869426184,5.6378512969240314e-18,1,1,1,1,43,9551c004b9d69a052c38b105
repeatability_504part,repeatability,repeat_02,llama3.1:8b,P1,,,real_ticker,,2011-07-05,42,10.0,0.6,0.25,4d1dced8440a753b,"You are an AGGRESSIVE MOMENTUM policy profile. Use only the provided feature values. Strongly favor the eligible asset with the highest `_r12m` value. Allocate 60.0% of total portfolio weight to that target asset as the language-level policy target. Distribute the remaining weight equally among all other eligible assets. Include every eligible ticker exactly once. Return strictly valid JSON only with a `weights` object whose values are decimals, not percentages.
Hard constraints for the execution layer: long-only weights, weights sum to one, maximum single-asset weight 0.60, and turnover cap 0.25. You propose weights; deterministic projection will enforce final feasibility.

Current Features:
- SPY_r1m: 0.03107944
- SPY_r3m: 0.00910545
- SPY_r12m: 0.32686599
- SPY_vol3m: 0.12806713
- SPY_mdd: -0.01434168
- QQQ_r1m: 0.03514703
- QQQ_r3m: 0.01851812
- QQQ_r12m: 0.37712886
- QQQ_vol3m: 0.15353815
- QQQ_mdd: -0.01501974
- IWM_r1m: 0.04219409
- IWM_r3m: -0.00516231
- IWM_r12m: 0.44078983
- IWM_vol3m: 0.18515131
- IWM_mdd: -0.02427814
- DIA_r1m: 0.03617496
- DIA_r3m: 0.02002857
- DIA_r12m: 0.32225385
- DIA_vol3m: 0.12210614
- DIA_mdd: -0.01496760
- EFA_r1m: 0.01123303
- EFA_r3m: 0.01456344
- EFA_r12m: 0.29490668
- EFA_vol3m: 0.19467101
- EFA_mdd: -0.03531478
- EEM_r1m: 0.01569691
- EEM_r3m: -0.02503661
- EEM_r12m: 0.27512729
- EEM_vol3m: 0.19259094
- EEM_mdd: -0.03144599
- VEA_r1m: 0.00870930
- VEA_r3m: 0.01433059
- VEA_r12m: 0.30163912
- VEA_vol3m: 0.19629802
- VEA_mdd: -0.03557965
- VWO_r1m: 0.01092334
- VWO_r3m: -0.02310290
- VWO_r12m: 0.28087819
- VWO_vol3m: 0.18180937
- VWO_mdd: -0.03273516
- AGG_r1m: -0.00190774
- AGG_r3m: 0.02490282
- AGG_r12m: 0.03454985
- AGG_vol3m: 0.03028003
- AGG_mdd: -0.00570679
- BND_r1m: -0.00247534
- BND_r3m: 0.02409753
- BND_r12m: 0.03704242
- BND_vol3m: 0.03061050
- BND_mdd: -0.00709452
- SHY_r1m: 0.00036785
- SHY_r3m: 0.00875466
- SHY_r12m: 0.01296555
- SHY_vol3m: 0.01036963
- SHY_mdd: -0.00199884
- IEF_r1m: -0.00740785
- IEF_r3m: 0.03801946
- IEF_r12m: 0.03634232
- IEF_vol3m: 0.06379805
- IEF_mdd: -0.01906839
- TLT_r1m: -0.02252416
- TLT_r3m: 0.02837370
- TLT_r12m: -0.03671872
- TLT_vol3m: 0.12085054
- TLT_mdd: -0.10120667
- TIP_r1m: 0.00468117
- TIP_r3m: 0.02923953
- TIP_r12m: 0.08286608
- TIP_vol3m: 0.04401142
- TIP_mdd: -0.00523298
- LQD_r1m: -0.00245947
- LQD_r3m: 0.02627115
- LQD_r12m: 0.06541992
- LQD_vol3m: 0.04344639
- LQD_mdd: -0.00934377
- HYG_r1m: 0.01139852
- HYG_r3m: 0.01324857
- HYG_r12m: 0.15648313
- HYG_vol3m: 0.07136542
- HYG_mdd: -0.00180901
- GLD_r1m: -0.01724135
- GLD_r3m: 0.05570658
- GLD_r12m: 0.26710156
- GLD_vol3m: 0.14053817
- GLD_mdd: -0.03110842
- SLV_r1m: -0.02009052
- SLV_r3m: -0.07849922
- SLV_r12m: 0.99022999
- SLV_vol3m: 0.55099117
- SLV_mdd: -0.26724498
- DBC_r1m: -0.02842980
- DBC_r3m: -0.05193556
- DBC_r12m: 0.38240813
- DBC_vol3m: 0.23895745
- DBC_mdd: -0.07926068
- VNQ_r1m: 0.02380981
- VNQ_r3m: 0.06159981
- VNQ_r12m: 0.43668797
- VNQ_vol3m: 0.16341808
- VNQ_mdd: -0.00885751
- UUP_r1m: 0.00900910
- UUP_r3m: -0.02250800
- UUP_r12m: -0.13107378
- UUP_vol3m: 0.08741327
- UUP_mdd: -0.17615178
- BIL_r1m: -0.00000000
- BIL_r3m: -0.00000000
- BIL_r12m: -0.00000000
- BIL_vol3m: 0.00233068
- BIL_mdd: -0.00043639
- cross_vol: 0.13420968

Assets: SPY, QQQ, IWM, DIA, EFA, EEM, VEA, VWO, AGG, BND, SHY, IEF, TLT, TIP, LQD, HYG, GLD, SLV, DBC, VNQ, UUP, BIL","{
  ""weights"": {
    ""SPY"": 0.36,
    ""QQQ"": 0.24,
    ""IWM"": 0.2,
    ""DIA"": 0.1,
    ""EFA"": 0.05,
    ""EEM"": 0.05,
    ""VEA"": 0.025,
    ""VWO"": 0.025,
    ""AGG"": 0.0125,
    ""BND"": 0.0125,
    ""SHY"": 0.00625,
    ""IEF"": 0.00625,
    ""TLT"": 0.003125,
    ""TIP"": 0.003125,
    ""LQD"": 0.0015625,
    ""HYG"": 0.0015625,
    ""GLD"": 0.00078125,
    ""SLV"": 0.00078125,
    ""DBC"": 0.000390625,
    ""VNQ"": 0.000390625,
    ""UUP"": 0.0001953125,
    ""BIL"": 0
  }
}",1,0,0,11.183874124995782,454,1,0,0,0,248,10.926038,1754,stop,[],0,0,0,0,SLV,SPY,SPY,0,0,0.6666666666666666,1.605346462621289,0.7283238865752533,1.0495077029659624e-16,2.487529349119012e-17,1.2736962806246868,0,"{""SPY"":0.3274471487,""QQQ"":0.2182980991,""IWM"":0.1819150826,""DIA"":0.0909575413,""EFA"":0.0454787707,""EEM"":0.0454787707,""VEA"":0.0227393853,""VWO"":0.0227393853,""AGG"":0.0113696927,""BND"":0.0113696927,""SHY"":0.0056848463,""IEF"":0.0056848463,""TLT"":0.0028424232,""TIP"":0.0028424232,""LQD"":0.0014212116,""HYG"":0.0014212116,""GLD"":0.0007106058,""SLV"":0.0007106058,""DBC"":0.0003553029,""VNQ"":0.0003553029,""UUP"":0.0001776514,""BIL"":0.0}","{""SPY"":0.3274471487,""QQQ"":0.2182980991,""IWM"":0.1819150826,""DIA"":0.0909575413,""EFA"":0.0454787707,""EEM"":0.0454787707,""VEA"":0.0227393853,""VWO"":0.0227393853,""AGG"":0.0113696927,""BND"":0.0113696927,""SHY"":0.0056848463,""IEF"":0.0056848463,""TLT"":0.0028424232,""TIP"":0.0028424232,""LQD"":0.0014212116,""HYG"":0.0014212116,""GLD"":0.0007106058,""SLV"":0.0007106058,""DBC"":0.0003553029,""VNQ"":0.0003553029,""UUP"":0.0001776514,""BIL"":5.637851297e-18}","{""SPY"":0.019047619,""QQQ"":0.019047619,""IWM"":0.019047619,""DIA"":0.019047619,""EFA"":0.019047619,""EEM"":0.019047619,""VEA"":0.019047619,""VWO"":0.019047619,""AGG"":0.019047619,""BND"":0.019047619,""SHY"":0.019047619,""IEF"":0.019047619,""TLT"":0.019047619,""TIP"":0.019047619,""LQD"":0.019047619,""HYG"":0.019047619,""GLD"":0.019047619,""SLV"":0.6,""DBC"":0.019047619,""VNQ"":0.019047619,""UUP"":0.019047619,""BIL"":0.019047619}",0,1.0,0.32744714869426184,0.0,0.0,0,0,1.0,0.32744714869426184,5.6378512969240314e-18,1,1,1,2,44,06e10f50798c6f94926d3939
repeatability_504part,repeatability,repeat_03,llama3.1:8b,P1,,,real_ticker,,2011-07-05,42,10.0,0.6,0.25,4d1dced8440a753b,"You are an AGGRESSIVE MOMENTUM policy profile. Use only the provided feature values. Strongly favor the eligible asset with the highest `_r12m` value. Allocate 60.0% of total portfolio weight to that target asset as the language-level policy target. Distribute the remaining weight equally among all other eligible assets. Include every eligible ticker exactly once. Return strictly valid JSON only with a `weights` object whose values are decimals, not percentages.
Hard constraints for the execution layer: long-only weights, weights sum to one, maximum single-asset weight 0.60, and turnover cap 0.25. You propose weights; deterministic projection will enforce final feasibility.

Current Features:
- SPY_r1m: 0.03107944
- SPY_r3m: 0.00910545
- SPY_r12m: 0.32686599
- SPY_vol3m: 0.12806713
- SPY_mdd: -0.01434168
- QQQ_r1m: 0.03514703
- QQQ_r3m: 0.01851812
- QQQ_r12m: 0.37712886
- QQQ_vol3m: 0.15353815
- QQQ_mdd: -0.01501974
- IWM_r1m: 0.04219409
- IWM_r3m: -0.00516231
- IWM_r12m: 0.44078983
- IWM_vol3m: 0.18515131
- IWM_mdd: -0.02427814
- DIA_r1m: 0.03617496
- DIA_r3m: 0.02002857
- DIA_r12m: 0.32225385
- DIA_vol3m: 0.12210614
- DIA_mdd: -0.01496760
- EFA_r1m: 0.01123303
- EFA_r3m: 0.01456344
- EFA_r12m: 0.29490668
- EFA_vol3m: 0.19467101
- EFA_mdd: -0.03531478
- EEM_r1m: 0.01569691
- EEM_r3m: -0.02503661
- EEM_r12m: 0.27512729
- EEM_vol3m: 0.19259094
- EEM_mdd: -0.03144599
- VEA_r1m: 0.00870930
- VEA_r3m: 0.01433059
- VEA_r12m: 0.30163912
- VEA_vol3m: 0.19629802
- VEA_mdd: -0.03557965
- VWO_r1m: 0.01092334
- VWO_r3m: -0.02310290
- VWO_r12m: 0.28087819
- VWO_vol3m: 0.18180937
- VWO_mdd: -0.03273516
- AGG_r1m: -0.00190774
- AGG_r3m: 0.02490282
- AGG_r12m: 0.03454985
- AGG_vol3m: 0.03028003
- AGG_mdd: -0.00570679
- BND_r1m: -0.00247534
- BND_r3m: 0.02409753
- BND_r12m: 0.03704242
- BND_vol3m: 0.03061050
- BND_mdd: -0.00709452
- SHY_r1m: 0.00036785
- SHY_r3m: 0.00875466
- SHY_r12m: 0.01296555
- SHY_vol3m: 0.01036963
- SHY_mdd: -0.00199884
- IEF_r1m: -0.00740785
- IEF_r3m: 0.03801946
- IEF_r12m: 0.03634232
- IEF_vol3m: 0.06379805
- IEF_mdd: -0.01906839
- TLT_r1m: -0.02252416
- TLT_r3m: 0.02837370
- TLT_r12m: -0.03671872
- TLT_vol3m: 0.12085054
- TLT_mdd: -0.10120667
- TIP_r1m: 0.00468117
- TIP_r3m: 0.02923953
- TIP_r12m: 0.08286608
- TIP_vol3m: 0.04401142
- TIP_mdd: -0.00523298
- LQD_r1m: -0.00245947
- LQD_r3m: 0.02627115
- LQD_r12m: 0.06541992
- LQD_vol3m: 0.04344639
- LQD_mdd: -0.00934377
- HYG_r1m: 0.01139852
- HYG_r3m: 0.01324857
- HYG_r12m: 0.15648313
- HYG_vol3m: 0.07136542
- HYG_mdd: -0.00180901
- GLD_r1m: -0.01724135
- GLD_r3m: 0.05570658
- GLD_r12m: 0.26710156
- GLD_vol3m: 0.14053817
- GLD_mdd: -0.03110842
- SLV_r1m: -0.02009052
- SLV_r3m: -0.07849922
- SLV_r12m: 0.99022999
- SLV_vol3m: 0.55099117
- SLV_mdd: -0.26724498
- DBC_r1m: -0.02842980
- DBC_r3m: -0.05193556
- DBC_r12m: 0.38240813
- DBC_vol3m: 0.23895745
- DBC_mdd: -0.07926068
- VNQ_r1m: 0.02380981
- VNQ_r3m: 0.06159981
- VNQ_r12m: 0.43668797
- VNQ_vol3m: 0.16341808
- VNQ_mdd: -0.00885751
- UUP_r1m: 0.00900910
- UUP_r3m: -0.02250800
- UUP_r12m: -0.13107378
- UUP_vol3m: 0.08741327
- UUP_mdd: -0.17615178
- BIL_r1m: -0.00000000
- BIL_r3m: -0.00000000
- BIL_r12m: -0.00000000
- BIL_vol3m: 0.00233068
- BIL_mdd: -0.00043639
- cross_vol: 0.13420968

Assets: SPY, QQQ, IWM, DIA, EFA, EEM, VEA, VWO, AGG, BND, SHY, IEF, TLT, TIP, LQD, HYG, GLD, SLV, DBC, VNQ, UUP, BIL","{
  ""weights"": {
    ""SPY"": 0.36,
    ""QQQ"": 0.24,
    ""IWM"": 0.2,
    ""DIA"": 0.1,
    ""EFA"": 0.05,
    ""EEM"": 0.05,
    ""VEA"": 0.025,
    ""VWO"": 0.025,
    ""AGG"": 0.0125,
    ""BND"": 0.0125,
    ""SHY"": 0.00625,
    ""IEF"": 0.00625,
    ""TLT"": 0.003125,
    ""TIP"": 0.003125,
    ""LQD"": 0.0015625,
    ""HYG"": 0.0015625,
    ""GLD"": 0.00078125,
    ""SLV"": 0.00078125,
    ""DBC"": 0.000390625,
    ""VNQ"": 0.000390625,
    ""UUP"": 0.0001953125,
    ""BIL"": 0
  }
}",1,0,0,10.62400537499343,454,1,0,0,0,248,10.364615,1754,stop,[],0,0,0,0,SLV,SPY,SPY,0,0,0.6666666666666666,1.605346462621289,0.7283238865752533,1.0495077029659624e-16,2.487529349119012e-17,1.2736962806246868,0,"{""SPY"":0.3274471487,""QQQ"":0.2182980991,""IWM"":0.1819150826,""DIA"":0.0909575413,""EFA"":0.0454787707,""EEM"":0.0454787707,""VEA"":0.0227393853,""VWO"":0.0227393853,""AGG"":0.0113696927,""BND"":0.0113696927,""SHY"":0.0056848463,""IEF"":0.0056848463,""TLT"":0.0028424232,""TIP"":0.0028424232,""LQD"":0.0014212116,""HYG"":0.0014212116,""GLD"":0.0007106058,""SLV"":0.0007106058,""DBC"":0.0003553029,""VNQ"":0.0003553029,""UUP"":0.0001776514,""BIL"":0.0}","{""SPY"":0.3274471487,""QQQ"":0.2182980991,""IWM"":0.1819150826,""DIA"":0.0909575413,""EFA"":0.0454787707,""EEM"":0.0454787707,""VEA"":0.0227393853,""VWO"":0.0227393853,""AGG"":0.0113696927,""BND"":0.0113696927,""SHY"":0.0056848463,""IEF"":0.0056848463,""TLT"":0.0028424232,""TIP"":0.0028424232,""LQD"":0.0014212116,""HYG"":0.0014212116,""GLD"":0.0007106058,""SLV"":0.0007106058,""DBC"":0.0003553029,""VNQ"":0.0003553029,""UUP"":0.0001776514,""BIL"":5.637851297e-18}","{""SPY"":0.019047619,""QQQ"":0.019047619,""IWM"":0.019047619,""DIA"":0.019047619,""EFA"":0.019047619,""EEM"":0.019047619,""VEA"":0.019047619,""VWO"":0.019047619,""AGG"":0.019047619,""BND"":0.019047619,""SHY"":0.019047619,""IEF"":0.019047619,""TLT"":0.019047619,""TIP"":0.019047619,""LQD"":0.019047619,""HYG"":0.019047619,""GLD"":0.019047619,""SLV"":0.6,""DBC"":0.019047619,""VNQ"":0.019047619,""UUP"":0.019047619,""BIL"":0.019047619}",0,1.0,0.32744714869426184,0.0,0.0,0,0,1.0,0.32744714869426184,5.6378512969240314e-18,1,1,1,3,45,06e0aea6e6c2e4fee1635fe2
repeatability_504part,repeatability,repeat_00,llama3.1:8b,P2,,,real_ticker,,2011-07-05,42,10.0,0.6,0.25,19ffbf7d0587800e,"You are a DEFENSIVE LOW-VOLATILITY policy profile. Use only the provided feature values. Strongly favor the eligible asset with the lowest `_vol3m` value. Allocate 60.0% of total portfolio weight to that target asset as the language-level policy target. Distribute the remaining weight equally among all other eligible assets. Include every eligible ticker exactly once. Return strictly valid JSON only with a `weights` object whose values are decimals, not percentages.
Hard constraints for the execution layer: long-only weights, weights sum to one, maximum single-asset weight 0.60, and turnover cap 0.25. You propose weights; deterministic projection will enforce final feasibility.

Current Features:
- SPY_r1m: 0.03107944
- SPY_r3m: 0.00910545
- SPY_r12m: 0.32686599
- SPY_vol3m: 0.12806713
- SPY_mdd: -0.01434168
- QQQ_r1m: 0.03514703
- QQQ_r3m: 0.01851812
- QQQ_r12m: 0.37712886
- QQQ_vol3m: 0.15353815
- QQQ_mdd: -0.01501974
- IWM_r1m: 0.04219409
- IWM_r3m: -0.00516231
- IWM_r12m: 0.44078983
- IWM_vol3m: 0.18515131
- IWM_mdd: -0.02427814
- DIA_r1m: 0.03617496
- DIA_r3m: 0.02002857
- DIA_r12m: 0.32225385
- DIA_vol3m: 0.12210614
- DIA_mdd: -0.01496760
- EFA_r1m: 0.01123303
- EFA_r3m: 0.01456344
- EFA_r12m: 0.29490668
- EFA_vol3m: 0.19467101
- EFA_mdd: -0.03531478
- EEM_r1m: 0.01569691
- EEM_r3m: -0.02503661
- EEM_r12m: 0.27512729
- EEM_vol3m: 0.19259094
- EEM_mdd: -0.03144599
- VEA_r1m: 0.00870930
- VEA_r3m: 0.01433059
- VEA_r12m: 0.30163912
- VEA_vol3m: 0.19629802
- VEA_mdd: -0.03557965
- VWO_r1m: 0.01092334
- VWO_r3m: -0.02310290
- VWO_r12m: 0.28087819
- VWO_vol3m: 0.18180937
- VWO_mdd: -0.03273516
- AGG_r1m: -0.00190774
- AGG_r3m: 0.02490282
- AGG_r12m: 0.03454985
- AGG_vol3m: 0.03028003
- AGG_mdd: -0.00570679
- BND_r1m: -0.00247534
- BND_r3m: 0.02409753
- BND_r12m: 0.03704242
- BND_vol3m: 0.03061050
- BND_mdd: -0.00709452
- SHY_r1m: 0.00036785
- SHY_r3m: 0.00875466
- SHY_r12m: 0.01296555
- SHY_vol3m: 0.01036963
- SHY_mdd: -0.00199884
- IEF_r1m: -0.00740785
- IEF_r3m: 0.03801946
- IEF_r12m: 0.03634232
- IEF_vol3m: 0.06379805
- IEF_mdd: -0.01906839
- TLT_r1m: -0.02252416
- TLT_r3m: 0.02837370
- TLT_r12m: -0.03671872
- TLT_vol3m: 0.12085054
- TLT_mdd: -0.10120667
- TIP_r1m: 0.00468117
- TIP_r3m: 0.02923953
- TIP_r12m: 0.08286608
- TIP_vol3m: 0.04401142
- TIP_mdd: -0.00523298
- LQD_r1m: -0.00245947
- LQD_r3m: 0.02627115
- LQD_r12m: 0.06541992
- LQD_vol3m: 0.04344639
- LQD_mdd: -0.00934377
- HYG_r1m: 0.01139852
- HYG_r3m: 0.01324857
- HYG_r12m: 0.15648313
- HYG_vol3m: 0.07136542
- HYG_mdd: -0.00180901
- GLD_r1m: -0.01724135
- GLD_r3m: 0.05570658
- GLD_r12m: 0.26710156
- GLD_vol3m: 0.14053817
- GLD_mdd: -0.03110842
- SLV_r1m: -0.02009052
- SLV_r3m: -0.07849922
- SLV_r12m: 0.99022999
- SLV_vol3m: 0.55099117
- SLV_mdd: -0.26724498
- DBC_r1m: -0.02842980
- DBC_r3m: -0.05193556
- DBC_r12m: 0.38240813
- DBC_vol3m: 0.23895745
- DBC_mdd: -0.07926068
- VNQ_r1m: 0.02380981
- VNQ_r3m: 0.06159981
- VNQ_r12m: 0.43668797
- VNQ_vol3m: 0.16341808
- VNQ_mdd: -0.00885751
- UUP_r1m: 0.00900910
- UUP_r3m: -0.02250800
- UUP_r12m: -0.13107378
- UUP_vol3m: 0.08741327
- UUP_mdd: -0.17615178
- BIL_r1m: -0.00000000
- BIL_r3m: -0.00000000
- BIL_r12m: -0.00000000
- BIL_vol3m: 0.00233068
- BIL_mdd: -0.00043639
- cross_vol: 0.13420968

Assets: SPY, QQQ, IWM, DIA, EFA, EEM, VEA, VWO, AGG, BND, SHY, IEF, TLT, TIP, LQD, HYG, GLD, SLV, DBC, VNQ, UUP, BIL","{
  ""weights"": {
    ""SPY"": 0.6,
    ""QQQ"": 0.2,
    ""IWM"": 0.1,
    ""DIA"": 0.05,
    ""EFA"": 0.025,
    ""EEM"": 0.025,
    ""VEA"": 0.025,
    ""VWO"": 0.025,
    ""AGG"": 0.0125,
    ""BND"": 0.0125,
    ""SHY"": 0.00625,
    ""IEF"": 0.00625,
    ""TLT"": 0.00625,
    ""TIP"": 0.00625,
    ""LQD"": 0.003125,
    ""HYG"": 0.003125,
    ""GLD"": 0.003125,
    ""SLV"": 0.003125,
    ""DBC"": 0.003125,
    ""VNQ"": 0.003125,
    ""UUP"": 0.003125,
    ""BIL"": 0
  }
}",1,0,0,17.53558912499284,437,1,0,0,0,240,10.016282,1756,stop,[],0,0,0,0,BIL,SPY,SPY,0,0,0.3333333333333333,1.567104390502719,0.8122075389896463,2.0816681711721596e-16,4.680539831836133e-17,1.331729551785262,0,"{""SPY"":0.5348189415,""QQQ"":0.1782729805,""IWM"":0.0891364903,""DIA"":0.0445682451,""EFA"":0.0222841226,""EEM"":0.0222841226,""VEA"":0.0222841226,""VWO"":0.0222841226,""AGG"":0.0111420613,""BND"":0.0111420613,""SHY"":0.0055710306,""IEF"":0.0055710306,""TLT"":0.0055710306,""TIP"":0.0055710306,""LQD"":0.0027855153,""HYG"":0.0027855153,""GLD"":0.0027855153,""SLV"":0.0027855153,""DBC"":0.0027855153,""VNQ"":0.0027855153,""UUP"":0.0027855153,""BIL"":0.0}","{""SPY"":0.5348189415,""QQQ"":0.1782729805,""IWM"":0.0891364903,""DIA"":0.0445682451,""EFA"":0.0222841226,""EEM"":0.0222841226,""VEA"":0.0222841226,""VWO"":0.0222841226,""AGG"":0.0111420613,""BND"":0.0111420613,""SHY"":0.0055710306,""IEF"":0.0055710306,""TLT"":0.0055710306,""TIP"":0.0055710306,""LQD"":0.0027855153,""HYG"":0.0027855153,""GLD"":0.0027855153,""SLV"":0.0027855153,""DBC"":0.0027855153,""VNQ"":0.0027855153,""UUP"":0.0027855153,""BIL"":1.040834086e-17}","{""SPY"":0.019047619,""QQQ"":0.019047619,""IWM"":0.019047619,""DIA"":0.019047619,""EFA"":0.019047619,""EEM"":0.019047619,""VEA"":0.019047619,""VWO"":0.019047619,""AGG"":0.019047619,""BND"":0.019047619,""SHY"":0.019047619,""IEF"":0.019047619,""TLT"":0.019047619,""TIP"":0.019047619,""LQD"":0.019047619,""HYG"":0.019047619,""GLD"":0.019047619,""SLV"":0.019047619,""DBC"":0.019047619,""VNQ"":0.019047619,""UUP"":0.019047619,""BIL"":0.6}",0,1.0,0.5348189415041783,0.0,0.0,0,0,1.0,0.5348189415041783,1.0408340855859946e-17,1,1,1,0,42,96a1920a8c3e1decd79e2ab8
repeatability_504part,repeatability,repeat_01,llama3.1:8b,P2,,,real_ticker,,2011-07-05,42,10.0,0.6,0.25,19ffbf7d0587800e,"You are a DEFENSIVE LOW-VOLATILITY policy profile. Use only the provided feature values. Strongly favor the eligible asset with the lowest `_vol3m` value. Allocate 60.0% of total portfolio weight to that target asset as the language-level policy target. Distribute the remaining weight equally among all other eligible assets. Include every eligible ticker exactly once. Return strictly valid JSON only with a `weights` object whose values are decimals, not percentages.
Hard constraints for the execution layer: long-only weights, weights sum to one, maximum single-asset weight 0.60, and turnover cap 0.25. You propose weights; deterministic projection will enforce final feasibility.

Current Features:
- SPY_r1m: 0.03107944
- SPY_r3m: 0.00910545
- SPY_r12m: 0.32686599
- SPY_vol3m: 0.12806713
- SPY_mdd: -0.01434168
- QQQ_r1m: 0.03514703
- QQQ_r3m: 0.01851812
- QQQ_r12m: 0.37712886
- QQQ_vol3m: 0.15353815
- QQQ_mdd: -0.01501974
- IWM_r1m: 0.04219409
- IWM_r3m: -0.00516231
- IWM_r12m: 0.44078983
- IWM_vol3m: 0.18515131
- IWM_mdd: -0.02427814
- DIA_r1m: 0.03617496
- DIA_r3m: 0.02002857
- DIA_r12m: 0.32225385
- DIA_vol3m: 0.12210614
- DIA_mdd: -0.01496760
- EFA_r1m: 0.01123303
- EFA_r3m: 0.01456344
- EFA_r12m: 0.29490668
- EFA_vol3m: 0.19467101
- EFA_mdd: -0.03531478
- EEM_r1m: 0.01569691
- EEM_r3m: -0.02503661
- EEM_r12m: 0.27512729
- EEM_vol3m: 0.19259094
- EEM_mdd: -0.03144599
- VEA_r1m: 0.00870930
- VEA_r3m: 0.01433059
- VEA_r12m: 0.30163912
- VEA_vol3m: 0.19629802
- VEA_mdd: -0.03557965
- VWO_r1m: 0.01092334
- VWO_r3m: -0.02310290
- VWO_r12m: 0.28087819
- VWO_vol3m: 0.18180937
- VWO_mdd: -0.03273516
- AGG_r1m: -0.00190774
- AGG_r3m: 0.02490282
- AGG_r12m: 0.03454985
- AGG_vol3m: 0.03028003
- AGG_mdd: -0.00570679
- BND_r1m: -0.00247534
- BND_r3m: 0.02409753
- BND_r12m: 0.03704242
- BND_vol3m: 0.03061050
- BND_mdd: -0.00709452
- SHY_r1m: 0.00036785
- SHY_r3m: 0.00875466
- SHY_r12m: 0.01296555
- SHY_vol3m: 0.01036963
- SHY_mdd: -0.00199884
- IEF_r1m: -0.00740785
- IEF_r3m: 0.03801946
- IEF_r12m: 0.03634232
- IEF_vol3m: 0.06379805
- IEF_mdd: -0.01906839
- TLT_r1m: -0.02252416
- TLT_r3m: 0.02837370
- TLT_r12m: -0.03671872
- TLT_vol3m: 0.12085054
- TLT_mdd: -0.10120667
- TIP_r1m: 0.00468117
- TIP_r3m: 0.02923953
- TIP_r12m: 0.08286608
- TIP_vol3m: 0.04401142
- TIP_mdd: -0.00523298
- LQD_r1m: -0.00245947
- LQD_r3m: 0.02627115
- LQD_r12m: 0.06541992
- LQD_vol3m: 0.04344639
- LQD_mdd: -0.00934377
- HYG_r1m: 0.01139852
- HYG_r3m: 0.01324857
- HYG_r12m: 0.15648313
- HYG_vol3m: 0.07136542
- HYG_mdd: -0.00180901
- GLD_r1m: -0.01724135
- GLD_r3m: 0.05570658
- GLD_r12m: 0.26710156
- GLD_vol3m: 0.14053817
- GLD_mdd: -0.03110842
- SLV_r1m: -0.02009052
- SLV_r3m: -0.07849922
- SLV_r12m: 0.99022999
- SLV_vol3m: 0.55099117
- SLV_mdd: -0.26724498
- DBC_r1m: -0.02842980
- DBC_r3m: -0.05193556
- DBC_r12m: 0.38240813
- DBC_vol3m: 0.23895745
- DBC_mdd: -0.07926068
- VNQ_r1m: 0.02380981
- VNQ_r3m: 0.06159981
- VNQ_r12m: 0.43668797
- VNQ_vol3m: 0.16341808
- VNQ_mdd: -0.00885751
- UUP_r1m: 0.00900910
- UUP_r3m: -0.02250800
- UUP_r12m: -0.13107378
- UUP_vol3m: 0.08741327
- UUP_mdd: -0.17615178
- BIL_r1m: -0.00000000
- BIL_r3m: -0.00000000
- BIL_r12m: -0.00000000
- BIL_vol3m: 0.00233068
- BIL_mdd: -0.00043639
- cross_vol: 0.13420968

Assets: SPY, QQQ, IWM, DIA, EFA, EEM, VEA, VWO, AGG, BND, SHY, IEF, TLT, TIP, LQD, HYG, GLD, SLV, DBC, VNQ, UUP, BIL","{
  ""weights"": {
    ""SPY"": 0.6,
    ""QQQ"": 0.2,
    ""IWM"": 0.1,
    ""DIA"": 0.05,
    ""EFA"": 0.025,
    ""EEM"": 0.025,
    ""VEA"": 0.025,
    ""VWO"": 0.025,
    ""AGG"": 0.0125,
    ""BND"": 0.0125,
    ""SHY"": 0.00625,
    ""IEF"": 0.00625,
    ""TLT"": 0.00625,
    ""TIP"": 0.00625,
    ""LQD"": 0.003125,
    ""HYG"": 0.003125,
    ""GLD"": 0.003125,
    ""SLV"": 0.003125,
    ""DBC"": 0.003125,
    ""VNQ"": 0.003125,
    ""UUP"": 0.003125,
    ""BIL"": 0
  }
}",1,0,0,10.243919749991619,437,1,0,0,0,240,9.998221,1756,stop,[],0,0,0,0,BIL,SPY,SPY,0,0,0.3333333333333333,1.567104390502719,0.8122075389896463,2.0816681711721596e-16,4.680539831836133e-17,1.331729551785262,0,"{""SPY"":0.5348189415,""QQQ"":0.1782729805,""IWM"":0.0891364903,""DIA"":0.0445682451,""EFA"":0.0222841226,""EEM"":0.0222841226,""VEA"":0.0222841226,""VWO"":0.0222841226,""AGG"":0.0111420613,""BND"":0.0111420613,""SHY"":0.0055710306,""IEF"":0.0055710306,""TLT"":0.0055710306,""TIP"":0.0055710306,""LQD"":0.0027855153,""HYG"":0.0027855153,""GLD"":0.0027855153,""SLV"":0.0027855153,""DBC"":0.0027855153,""VNQ"":0.0027855153,""UUP"":0.0027855153,""BIL"":0.0}","{""SPY"":0.5348189415,""QQQ"":0.1782729805,""IWM"":0.0891364903,""DIA"":0.0445682451,""EFA"":0.0222841226,""EEM"":0.0222841226,""VEA"":0.0222841226,""VWO"":0.0222841226,""AGG"":0.0111420613,""BND"":0.0111420613,""SHY"":0.0055710306,""IEF"":0.0055710306,""TLT"":0.0055710306,""TIP"":0.0055710306,""LQD"":0.0027855153,""HYG"":0.0027855153,""GLD"":0.0027855153,""SLV"":0.0027855153,""DBC"":0.0027855153,""VNQ"":0.0027855153,""UUP"":0.0027855153,""BIL"":1.040834086e-17}","{""SPY"":0.019047619,""QQQ"":0.019047619,""IWM"":0.019047619,""DIA"":0.019047619,""EFA"":0.019047619,""EEM"":0.019047619,""VEA"":0.019047619,""VWO"":0.019047619,""AGG"":0.019047619,""BND"":0.019047619,""SHY"":0.019047619,""IEF"":0.019047619,""TLT"":0.019047619,""TIP"":0.019047619,""LQD"":0.019047619,""HYG"":0.019047619,""GLD"":0.019047619,""SLV"":0.019047619,""DBC"":0.019047619,""VNQ"":0.019047619,""UUP"":0.019047619,""BIL"":0.6}",0,1.0,0.5348189415041783,0.0,0.0,0,0,1.0,0.5348189415041783,1.0408340855859946e-17,1,1,1,1,43,23e3ed09ae32d55c51cb4f25
repeatability_504part,repeatability,repeat_02,llama3.1:8b,P2,,,real_ticker,,2011-07-05,42,10.0,0.6,0.25,19ffbf7d0587800e,"You are a DEFENSIVE LOW-VOLATILITY policy profile. Use only the provided feature values. Strongly favor the eligible asset with the lowest `_vol3m` value. Allocate 60.0% of total portfolio weight to that target asset as the language-level policy target. Distribute the remaining weight equally among all other eligible assets. Include every eligible ticker exactly once. Return strictly valid JSON only with a `weights` object whose values are decimals, not percentages.
Hard constraints for the execution layer: long-only weights, weights sum to one, maximum single-asset weight 0.60, and turnover cap 0.25. You propose weights; deterministic projection will enforce final feasibility.

Current Features:
- SPY_r1m: 0.03107944
- SPY_r3m: 0.00910545
- SPY_r12m: 0.32686599
- SPY_vol3m: 0.12806713
- SPY_mdd: -0.01434168
- QQQ_r1m: 0.03514703
- QQQ_r3m: 0.01851812
- QQQ_r12m: 0.37712886
- QQQ_vol3m: 0.15353815
- QQQ_mdd: -0.01501974
- IWM_r1m: 0.04219409
- IWM_r3m: -0.00516231
- IWM_r12m: 0.44078983
- IWM_vol3m: 0.18515131
- IWM_mdd: -0.02427814
- DIA_r1m: 0.03617496
- DIA_r3m: 0.02002857
- DIA_r12m: 0.32225385
- DIA_vol3m: 0.12210614
- DIA_mdd: -0.01496760
- EFA_r1m: 0.01123303
- EFA_r3m: 0.01456344
- EFA_r12m: 0.29490668
- EFA_vol3m: 0.19467101
- EFA_mdd: -0.03531478
- EEM_r1m: 0.01569691
- EEM_r3m: -0.02503661
- EEM_r12m: 0.27512729
- EEM_vol3m: 0.19259094
- EEM_mdd: -0.03144599
- VEA_r1m: 0.00870930
- VEA_r3m: 0.01433059
- VEA_r12m: 0.30163912
- VEA_vol3m: 0.19629802
- VEA_mdd: -0.03557965
- VWO_r1m: 0.01092334
- VWO_r3m: -0.02310290
- VWO_r12m: 0.28087819
- VWO_vol3m: 0.18180937
- VWO_mdd: -0.03273516
- AGG_r1m: -0.00190774
- AGG_r3m: 0.02490282
- AGG_r12m: 0.03454985
- AGG_vol3m: 0.03028003
- AGG_mdd: -0.00570679
- BND_r1m: -0.00247534
- BND_r3m: 0.02409753
- BND_r12m: 0.03704242
- BND_vol3m: 0.03061050
- BND_mdd: -0.00709452
- SHY_r1m: 0.00036785
- SHY_r3m: 0.00875466
- SHY_r12m: 0.01296555
- SHY_vol3m: 0.01036963
- SHY_mdd: -0.00199884
- IEF_r1m: -0.00740785
- IEF_r3m: 0.03801946
- IEF_r12m: 0.03634232
- IEF_vol3m: 0.06379805
- IEF_mdd: -0.01906839
- TLT_r1m: -0.02252416
- TLT_r3m: 0.02837370
- TLT_r12m: -0.03671872
- TLT_vol3m: 0.12085054
- TLT_mdd: -0.10120667
- TIP_r1m: 0.00468117
- TIP_r3m: 0.02923953
- TIP_r12m: 0.08286608
- TIP_vol3m: 0.04401142
- TIP_mdd: -0.00523298
- LQD_r1m: -0.00245947
- LQD_r3m: 0.02627115
- LQD_r12m: 0.06541992
- LQD_vol3m: 0.04344639
- LQD_mdd: -0.00934377
- HYG_r1m: 0.01139852
- HYG_r3m: 0.01324857
- HYG_r12m: 0.15648313
- HYG_vol3m: 0.07136542
- HYG_mdd: -0.00180901
- GLD_r1m: -0.01724135
- GLD_r3m: 0.05570658
- GLD_r12m: 0.26710156
- GLD_vol3m: 0.14053817
- GLD_mdd: -0.03110842
- SLV_r1m: -0.02009052
- SLV_r3m: -0.07849922
- SLV_r12m: 0.99022999
- SLV_vol3m: 0.55099117
- SLV_mdd: -0.26724498
- DBC_r1m: -0.02842980
- DBC_r3m: -0.05193556
- DBC_r12m: 0.38240813
- DBC_vol3m: 0.23895745
- DBC_mdd: -0.07926068
- VNQ_r1m: 0.02380981
- VNQ_r3m: 0.06159981
- VNQ_r12m: 0.43668797
- VNQ_vol3m: 0.16341808
- VNQ_mdd: -0.00885751
- UUP_r1m: 0.00900910
- UUP_r3m: -0.02250800
- UUP_r12m: -0.13107378
- UUP_vol3m: 0.08741327
- UUP_mdd: -0.17615178
- BIL_r1m: -0.00000000
- BIL_r3m: -0.00000000
- BIL_r12m: -0.00000000
- BIL_vol3m: 0.00233068
- BIL_mdd: -0.00043639
- cross_vol: 0.13420968

Assets: SPY, QQQ, IWM, DIA, EFA, EEM, VEA, VWO, AGG, BND, SHY, IEF, TLT, TIP, LQD, HYG, GLD, SLV, DBC, VNQ, UUP, BIL","{
  ""weights"": {
    ""SPY"": 0.6,
    ""QQQ"": 0.2,
    ""IWM"": 0.1,
    ""DIA"": 0.05,
    ""EFA"": 0.025,
    ""EEM"": 0.025,
    ""VEA"": 0.025,
    ""VWO"": 0.025,
    ""AGG"": 0.0125,
    ""BND"": 0.0125,
    ""SHY"": 0.00625,
    ""IEF"": 0.00625,
    ""TLT"": 0.00625,
    ""TIP"": 0.00625,
    ""LQD"": 0.003125,
    ""HYG"": 0.003125,
    ""GLD"": 0.003125,
    ""SLV"": 0.003125,
    ""DBC"": 0.003125,
    ""VNQ"": 0.003125,
    ""UUP"": 0.003125,
    ""BIL"": 0
  }
}",1,0,0,10.235316875012359,437,1,0,0,0,240,9.997914,1756,stop,[],0,0,0,0,BIL,SPY,SPY,0,0,0.3333333333333333,1.567104390502719,0.8122075389896463,2.0816681711721596e-16,4.680539831836133e-17,1.331729551785262,0,"{""SPY"":0.5348189415,""QQQ"":0.1782729805,""IWM"":0.0891364903,""DIA"":0.0445682451,""EFA"":0.0222841226,""EEM"":0.0222841226,""VEA"":0.0222841226,""VWO"":0.0222841226,""AGG"":0.0111420613,""BND"":0.0111420613,""SHY"":0.0055710306,""IEF"":0.0055710306,""TLT"":0.0055710306,""TIP"":0.0055710306,""LQD"":0.0027855153,""HYG"":0.0027855153,""GLD"":0.0027855153,""SLV"":0.0027855153,""DBC"":0.0027855153,""VNQ"":0.0027855153,""UUP"":0.0027855153,""BIL"":0.0}","{""SPY"":0.5348189415,""QQQ"":0.1782729805,""IWM"":0.0891364903,""DIA"":0.0445682451,""EFA"":0.0222841226,""EEM"":0.0222841226,""VEA"":0.0222841226,""VWO"":0.0222841226,""AGG"":0.0111420613,""BND"":0.0111420613,""SHY"":0.0055710306,""IEF"":0.0055710306,""TLT"":0.0055710306,""TIP"":0.0055710306,""LQD"":0.0027855153,""HYG"":0.0027855153,""GLD"":0.0027855153,""SLV"":0.0027855153,""DBC"":0.0027855153,""VNQ"":0.0027855153,""UUP"":0.0027855153,""BIL"":1.040834086e-17}","{""SPY"":0.019047619,""QQQ"":0.019047619,""IWM"":0.019047619,""DIA"":0.019047619,""EFA"":0.019047619,""EEM"":0.019047619,""VEA"":0.019047619,""VWO"":0.019047619,""AGG"":0.019047619,""BND"":0.019047619,""SHY"":0.019047619,""IEF"":0.019047619,""TLT"":0.019047619,""TIP"":0.019047619,""LQD"":0.019047619,""HYG"":0.019047619,""GLD"":0.019047619,""SLV"":0.019047619,""DBC"":0.019047619,""VNQ"":0.019047619,""UUP"":0.019047619,""BIL"":0.6}",0,1.0,0.5348189415041783,0.0,0.0,0,0,1.0,0.5348189415041783,1.0408340855859946e-17,1,1,1,2,44,8f4d3022a7177e93229896cd
repeatability_504part,repeatability,repeat_03,llama3.1:8b,P2,,,real_ticker,,2011-07-05,42,10.0,0.6,0.25,19ffbf7d0587800e,"You are a DEFENSIVE LOW-VOLATILITY policy profile. Use only the provided feature values. Strongly favor the eligible asset with the lowest `_vol3m` value. Allocate 60.0% of total portfolio weight to that target asset as the language-level policy target. Distribute the remaining weight equally among all other eligible assets. Include every eligible ticker exactly once. Return strictly valid JSON only with a `weights` object whose values are decimals, not percentages.
Hard constraints for the execution layer: long-only weights, weights sum to one, maximum single-asset weight 0.60, and turnover cap 0.25. You propose weights; deterministic projection will enforce final feasibility.

Current Features:
- SPY_r1m: 0.03107944
- SPY_r3m: 0.00910545
- SPY_r12m: 0.32686599
- SPY_vol3m: 0.12806713
- SPY_mdd: -0.01434168
- QQQ_r1m: 0.03514703
- QQQ_r3m: 0.01851812
- QQQ_r12m: 0.37712886
- QQQ_vol3m: 0.15353815
- QQQ_mdd: -0.01501974
- IWM_r1m: 0.04219409
- IWM_r3m: -0.00516231
- IWM_r12m: 0.44078983
- IWM_vol3m: 0.18515131
- IWM_mdd: -0.02427814
- DIA_r1m: 0.03617496
- DIA_r3m: 0.02002857
- DIA_r12m: 0.32225385
- DIA_vol3m: 0.12210614
- DIA_mdd: -0.01496760
- EFA_r1m: 0.01123303
- EFA_r3m: 0.01456344
- EFA_r12m: 0.29490668
- EFA_vol3m: 0.19467101
- EFA_mdd: -0.03531478
- EEM_r1m: 0.01569691
- EEM_r3m: -0.02503661
- EEM_r12m: 0.27512729
- EEM_vol3m: 0.19259094
- EEM_mdd: -0.03144599
- VEA_r1m: 0.00870930
- VEA_r3m: 0.01433059
- VEA_r12m: 0.30163912
- VEA_vol3m: 0.19629802
- VEA_mdd: -0.03557965
- VWO_r1m: 0.01092334
- VWO_r3m: -0.02310290
- VWO_r12m: 0.28087819
- VWO_vol3m: 0.18180937
- VWO_mdd: -0.03273516
- AGG_r1m: -0.00190774
- AGG_r3m: 0.02490282
- AGG_r12m: 0.03454985
- AGG_vol3m: 0.03028003
- AGG_mdd: -0.00570679
- BND_r1m: -0.00247534
- BND_r3m: 0.02409753
- BND_r12m: 0.03704242
- BND_vol3m: 0.03061050
- BND_mdd: -0.00709452
- SHY_r1m: 0.00036785
- SHY_r3m: 0.00875466
- SHY_r12m: 0.01296555
- SHY_vol3m: 0.01036963
- SHY_mdd: -0.00199884
- IEF_r1m: -0.00740785
- IEF_r3m: 0.03801946
- IEF_r12m: 0.03634232
- IEF_vol3m: 0.06379805
- IEF_mdd: -0.01906839
- TLT_r1m: -0.02252416
- TLT_r3m: 0.02837370
- TLT_r12m: -0.03671872
- TLT_vol3m: 0.12085054
- TLT_mdd: -0.10120667
- TIP_r1m: 0.00468117
- TIP_r3m: 0.02923953
- TIP_r12m: 0.08286608
- TIP_vol3m: 0.04401142
- TIP_mdd: -0.00523298
- LQD_r1m: -0.00245947
- LQD_r3m: 0.02627115
- LQD_r12m: 0.06541992
- LQD_vol3m: 0.04344639
- LQD_mdd: -0.00934377
- HYG_r1m: 0.01139852
- HYG_r3m: 0.01324857
- HYG_r12m: 0.15648313
- HYG_vol3m: 0.07136542
- HYG_mdd: -0.00180901
- GLD_r1m: -0.01724135
- GLD_r3m: 0.05570658
- GLD_r12m: 0.26710156
- GLD_vol3m: 0.14053817
- GLD_mdd: -0.03110842
- SLV_r1m: -0.02009052
- SLV_r3m: -0.07849922
- SLV_r12m: 0.99022999
- SLV_vol3m: 0.55099117
- SLV_mdd: -0.26724498
- DBC_r1m: -0.02842980
- DBC_r3m: -0.05193556
- DBC_r12m: 0.38240813
- DBC_vol3m: 0.23895745
- DBC_mdd: -0.07926068
- VNQ_r1m: 0.02380981
- VNQ_r3m: 0.06159981
- VNQ_r12m: 0.43668797
- VNQ_vol3m: 0.16341808
- VNQ_mdd: -0.00885751
- UUP_r1m: 0.00900910
- UUP_r3m: -0.02250800
- UUP_r12m: -0.13107378
- UUP_vol3m: 0.08741327
- UUP_mdd: -0.17615178
- BIL_r1m: -0.00000000
- BIL_r3m: -0.00000000
- BIL_r12m: -0.00000000
- BIL_vol3m: 0.00233068
- BIL_mdd: -0.00043639
- cross_vol: 0.13420968

Assets: SPY, QQQ, IWM, DIA, EFA, EEM, VEA, VWO, AGG, BND, SHY, IEF, TLT, TIP, LQD, HYG, GLD, SLV, DBC, VNQ, UUP, BIL","{
  ""weights"": {
    ""SPY"": 0.6,
    ""QQQ"": 0.2,
    ""IWM"": 0.1,
    ""DIA"": 0.05,
    ""EFA"": 0.025,
    ""EEM"": 0.025,
    ""VEA"": 0.025,
    ""VWO"": 0.025,
    ""AGG"": 0.0125,
    ""BND"": 0.0125,
    ""SHY"": 0.00625,
    ""IEF"": 0.00625,
    ""TLT"": 0.00625,
    ""TIP"": 0.00625,
    ""LQD"": 0.003125,
    ""HYG"": 0.003125,
    ""GLD"": 0.003125,
    ""SLV"": 0.003125,
    ""DBC"": 0.003125,
    ""VNQ"": 0.003125,
    ""UUP"": 0.003125,
    ""BIL"": 0
  }
}",1,0,0,10.245540542004164,437,1,0,0,0,240,9.999152,1756,stop,[],0,0,0,0,BIL,SPY,SPY,0,0,0.3333333333333333,1.567104390502719,0.8122075389896463,2.0816681711721596e-16,4.680539831836133e-17,1.331729551785262,0,"{""SPY"":0.5348189415,""QQQ"":0.1782729805,""IWM"":0.0891364903,""DIA"":0.0445682451,""EFA"":0.0222841226,""EEM"":0.0222841226,""VEA"":0.0222841226,""VWO"":0.0222841226,""AGG"":0.0111420613,""BND"":0.0111420613,""SHY"":0.0055710306,""IEF"":0.0055710306,""TLT"":0.0055710306,""TIP"":0.0055710306,""LQD"":0.0027855153,""HYG"":0.0027855153,""GLD"":0.0027855153,""SLV"":0.0027855153,""DBC"":0.0027855153,""VNQ"":0.0027855153,""UUP"":0.0027855153,""BIL"":0.0}","{""SPY"":0.5348189415,""QQQ"":0.1782729805,""IWM"":0.0891364903,""DIA"":0.0445682451,""EFA"":0.0222841226,""EEM"":0.0222841226,""VEA"":0.0222841226,""VWO"":0.0222841226,""AGG"":0.0111420613,""BND"":0.0111420613,""SHY"":0.0055710306,""IEF"":0.0055710306,""TLT"":0.0055710306,""TIP"":0.0055710306,""LQD"":0.0027855153,""HYG"":0.0027855153,""GLD"":0.0027855153,""SLV"":0.0027855153,""DBC"":0.0027855153,""VNQ"":0.0027855153,""UUP"":0.0027855153,""BIL"":1.040834086e-17}","{""SPY"":0.019047619,""QQQ"":0.019047619,""IWM"":0.019047619,""DIA"":0.019047619,""EFA"":0.019047619,""EEM"":0.019047619,""VEA"":0.019047619,""VWO"":0.019047619,""AGG"":0.019047619,""BND"":0.019047619,""SHY"":0.019047619,""IEF"":0.019047619,""TLT"":0.019047619,""TIP"":0.019047619,""LQD"":0.019047619,""HYG"":0.019047619,""GLD"":0.019047619,""SLV"":0.019047619,""DBC"":0.019047619,""VNQ"":0.019047619,""UUP"":0.019047619,""BIL"":0.6}",0,1.0,0.5348189415041783,0.0,0.0,0,0,1.0,0.5348189415041783,1.0408340855859946e-17,1,1,1,3,45,8e092aefce38c447ab68088d
repeatability_504part,repeatability,repeat_00,llama3.1:8b,P3,,,real_ticker,,2011-07-05,42,10.0,0.6,0.25,aa5c0e3aaf963b49,"You are a CONTRARIAN MEAN-REVERSION policy profile. Use only the provided feature values. Strongly favor the eligible asset with the lowest `_r3m` value, reflecting recent underperformance. Allocate 60.0% of total portfolio weight to that target asset as the language-level policy target. Distribute the remaining weight equally among all other eligible assets. Include every eligible ticker exactly once. Return strictly valid JSON only with a `weights` object whose values are decimals, not percentages.
Hard constraints for the execution layer: long-only weights, weights sum to one, maximum single-asset weight 0.60, and turnover cap 0.25. You propose weights; deterministic projection will enforce final feasibility.

Current Features:
- SPY_r1m: 0.03107944
- SPY_r3m: 0.00910545
- SPY_r12m: 0.32686599
- SPY_vol3m: 0.12806713
- SPY_mdd: -0.01434168
- QQQ_r1m: 0.03514703
- QQQ_r3m: 0.01851812
- QQQ_r12m: 0.37712886
- QQQ_vol3m: 0.15353815
- QQQ_mdd: -0.01501974
- IWM_r1m: 0.04219409
- IWM_r3m: -0.00516231
- IWM_r12m: 0.44078983
- IWM_vol3m: 0.18515131
- IWM_mdd: -0.02427814
- DIA_r1m: 0.03617496
- DIA_r3m: 0.02002857
- DIA_r12m: 0.32225385
- DIA_vol3m: 0.12210614
- DIA_mdd: -0.01496760
- EFA_r1m: 0.01123303
- EFA_r3m: 0.01456344
- EFA_r12m: 0.29490668
- EFA_vol3m: 0.19467101
- EFA_mdd: -0.03531478
- EEM_r1m: 0.01569691
- EEM_r3m: -0.02503661
- EEM_r12m: 0.27512729
- EEM_vol3m: 0.19259094
- EEM_mdd: -0.03144599
- VEA_r1m: 0.00870930
- VEA_r3m: 0.01433059
- VEA_r12m: 0.30163912
- VEA_vol3m: 0.19629802
- VEA_mdd: -0.03557965
- VWO_r1m: 0.01092334
- VWO_r3m: -0.02310290
- VWO_r12m: 0.28087819
- VWO_vol3m: 0.18180937
- VWO_mdd: -0.03273516
- AGG_r1m: -0.00190774
- AGG_r3m: 0.02490282
- AGG_r12m: 0.03454985
- AGG_vol3m: 0.03028003
- AGG_mdd: -0.00570679
- BND_r1m: -0.00247534
- BND_r3m: 0.02409753
- BND_r12m: 0.03704242
- BND_vol3m: 0.03061050
- BND_mdd: -0.00709452
- SHY_r1m: 0.00036785
- SHY_r3m: 0.00875466
- SHY_r12m: 0.01296555
- SHY_vol3m: 0.01036963
- SHY_mdd: -0.00199884
- IEF_r1m: -0.00740785
- IEF_r3m: 0.03801946
- IEF_r12m: 0.03634232
- IEF_vol3m: 0.06379805
- IEF_mdd: -0.01906839
- TLT_r1m: -0.02252416
- TLT_r3m: 0.02837370
- TLT_r12m: -0.03671872
- TLT_vol3m: 0.12085054
- TLT_mdd: -0.10120667
- TIP_r1m: 0.00468117
- TIP_r3m: 0.02923953
- TIP_r12m: 0.08286608
- TIP_vol3m: 0.04401142
- TIP_mdd: -0.00523298
- LQD_r1m: -0.00245947
- LQD_r3m: 0.02627115
- LQD_r12m: 0.06541992
- LQD_vol3m: 0.04344639
- LQD_mdd: -0.00934377
- HYG_r1m: 0.01139852
- HYG_r3m: 0.01324857
- HYG_r12m: 0.15648313
- HYG_vol3m: 0.07136542
- HYG_mdd: -0.00180901
- GLD_r1m: -0.01724135
- GLD_r3m: 0.05570658
- GLD_r12m: 0.26710156
- GLD_vol3m: 0.14053817
- GLD_mdd: -0.03110842
- SLV_r1m: -0.02009052
- SLV_r3m: -0.07849922
- SLV_r12m: 0.99022999
- SLV_vol3m: 0.55099117
- SLV_mdd: -0.26724498
- DBC_r1m: -0.02842980
- DBC_r3m: -0.05193556
- DBC_r12m: 0.38240813
- DBC_vol3m: 0.23895745
- DBC_mdd: -0.07926068
- VNQ_r1m: 0.02380981
- VNQ_r3m: 0.06159981
- VNQ_r12m: 0.43668797
- VNQ_vol3m: 0.16341808
- VNQ_mdd: -0.00885751
- UUP_r1m: 0.00900910
- UUP_r3m: -0.02250800
- UUP_r12m: -0.13107378
- UUP_vol3m: 0.08741327
- UUP_mdd: -0.17615178
- BIL_r1m: -0.00000000
- BIL_r3m: -0.00000000
- BIL_r12m: -0.00000000
- BIL_vol3m: 0.00233068
- BIL_mdd: -0.00043639
- cross_vol: 0.13420968

Assets: SPY, QQQ, IWM, DIA, EFA, EEM, VEA, VWO, AGG, BND, SHY, IEF, TLT, TIP, LQD, HYG, GLD, SLV, DBC, VNQ, UUP, BIL","{
  ""weights"": {
    ""SPY"": 0.6,
    ""QQQ"": 0.1,
    ""IWM"": 0.1,
    ""DIA"": 0.05,
    ""EFA"": 0.05,
    ""EEM"": 0.05,
    ""VEA"": 0.05,
    ""VWO"": 0.05,
    ""AGG"": 0.025,
    ""BND"": 0.025,
    ""SHY"": 0.025,
    ""IEF"": 0.025,
    ""TLT"": 0.025,
    ""TIP"": 0.025,
    ""LQD"": 0.025,
    ""HYG"": 0.025,
    ""GLD"": 0.025,
    ""SLV"": 0.025,
    ""DBC"": 0.025,
    ""VNQ"": 0.025,
    ""UUP"": 0.025,
    ""BIL"": 0.025
  }
}",1,0,0,17.134054084002855,406,1,0,0,0,229,9.566267,1761,stop,[],0,0,0,0,SLV,SPY,SPY,0,0,0.6666666666666666,1.1952380952380952,0.7165855831365738,2.0816681711721685e-16,4.628819572127218e-17,0.8701298701298703,0,"{""SPY"":0.4285714286,""QQQ"":0.0714285714,""IWM"":0.0714285714,""DIA"":0.0357142857,""EFA"":0.0357142857,""EEM"":0.0357142857,""VEA"":0.0357142857,""VWO"":0.0357142857,""AGG"":0.0178571429,""BND"":0.0178571429,""SHY"":0.0178571429,""IEF"":0.0178571429,""TLT"":0.0178571429,""TIP"":0.0178571429,""LQD"":0.0178571429,""HYG"":0.0178571429,""GLD"":0.0178571429,""SLV"":0.0178571429,""DBC"":0.0178571429,""VNQ"":0.0178571429,""UUP"":0.0178571429,""BIL"":0.0178571429}","{""SPY"":0.4285714286,""QQQ"":0.0714285714,""IWM"":0.0714285714,""DIA"":0.0357142857,""EFA"":0.0357142857,""EEM"":0.0357142857,""VEA"":0.0357142857,""VWO"":0.0357142857,""AGG"":0.0178571429,""BND"":0.0178571429,""SHY"":0.0178571429,""IEF"":0.0178571429,""TLT"":0.0178571429,""TIP"":0.0178571429,""LQD"":0.0178571429,""HYG"":0.0178571429,""GLD"":0.0178571429,""SLV"":0.0178571429,""DBC"":0.0178571429,""VNQ"":0.0178571429,""UUP"":0.0178571429,""BIL"":0.0178571429}","{""SPY"":0.019047619,""QQQ"":0.019047619,""IWM"":0.019047619,""DIA"":0.019047619,""EFA"":0.019047619,""EEM"":0.019047619,""VEA"":0.019047619,""VWO"":0.019047619,""AGG"":0.019047619,""BND"":0.019047619,""SHY"":0.019047619,""IEF"":0.019047619,""TLT"":0.019047619,""TIP"":0.019047619,""LQD"":0.019047619,""HYG"":0.019047619,""GLD"":0.019047619,""SLV"":0.6,""DBC"":0.019047619,""VNQ"":0.019047619,""UUP"":0.019047619,""BIL"":0.019047619}",0,1.0000000000000004,0.4285714285714286,0.01785714285714286,4.440892098500626e-16,0,0,0.9999999999999996,0.4285714285714286,0.01785714285714285,1,1,1,0,42,86cf7ae60e95cfa2f38d798d
repeatability_504part,repeatability,repeat_01,llama3.1:8b,P3,,,real_ticker,,2011-07-05,42,10.0,0.6,0.25,aa5c0e3aaf963b49,"You are a CONTRARIAN MEAN-REVERSION policy profile. Use only the provided feature values. Strongly favor the eligible asset with the lowest `_r3m` value, reflecting recent underperformance. Allocate 60.0% of total portfolio weight to that target asset as the language-level policy target. Distribute the remaining weight equally among all other eligible assets. Include every eligible ticker exactly once. Return strictly valid JSON only with a `weights` object whose values are decimals, not percentages.
Hard constraints for the execution layer: long-only weights, weights sum to one, maximum single-asset weight 0.60, and turnover cap 0.25. You propose weights; deterministic projection will enforce final feasibility.

Current Features:
- SPY_r1m: 0.03107944
- SPY_r3m: 0.00910545
- SPY_r12m: 0.32686599
- SPY_vol3m: 0.12806713
- SPY_mdd: -0.01434168
- QQQ_r1m: 0.03514703
- QQQ_r3m: 0.01851812
- QQQ_r12m: 0.37712886
- QQQ_vol3m: 0.15353815
- QQQ_mdd: -0.01501974
- IWM_r1m: 0.04219409
- IWM_r3m: -0.00516231
- IWM_r12m: 0.44078983
- IWM_vol3m: 0.18515131
- IWM_mdd: -0.02427814
- DIA_r1m: 0.03617496
- DIA_r3m: 0.02002857
- DIA_r12m: 0.32225385
- DIA_vol3m: 0.12210614
- DIA_mdd: -0.01496760
- EFA_r1m: 0.01123303
- EFA_r3m: 0.01456344
- EFA_r12m: 0.29490668
- EFA_vol3m: 0.19467101
- EFA_mdd: -0.03531478
- EEM_r1m: 0.01569691
- EEM_r3m: -0.02503661
- EEM_r12m: 0.27512729
- EEM_vol3m: 0.19259094
- EEM_mdd: -0.03144599
- VEA_r1m: 0.00870930
- VEA_r3m: 0.01433059
- VEA_r12m: 0.30163912
- VEA_vol3m: 0.19629802
- VEA_mdd: -0.03557965
- VWO_r1m: 0.01092334
- VWO_r3m: -0.02310290
- VWO_r12m: 0.28087819
- VWO_vol3m: 0.18180937
- VWO_mdd: -0.03273516
- AGG_r1m: -0.00190774
- AGG_r3m: 0.02490282
- AGG_r12m: 0.03454985
- AGG_vol3m: 0.03028003
- AGG_mdd: -0.00570679
- BND_r1m: -0.00247534
- BND_r3m: 0.02409753
- BND_r12m: 0.03704242
- BND_vol3m: 0.03061050
- BND_mdd: -0.00709452
- SHY_r1m: 0.00036785
- SHY_r3m: 0.00875466
- SHY_r12m: 0.01296555
- SHY_vol3m: 0.01036963
- SHY_mdd: -0.00199884
- IEF_r1m: -0.00740785
- IEF_r3m: 0.03801946
- IEF_r12m: 0.03634232
- IEF_vol3m: 0.06379805
- IEF_mdd: -0.01906839
- TLT_r1m: -0.02252416
- TLT_r3m: 0.02837370
- TLT_r12m: -0.03671872
- TLT_vol3m: 0.12085054
- TLT_mdd: -0.10120667
- TIP_r1m: 0.00468117
- TIP_r3m: 0.02923953
- TIP_r12m: 0.08286608
- TIP_vol3m: 0.04401142
- TIP_mdd: -0.00523298
- LQD_r1m: -0.00245947
- LQD_r3m: 0.02627115
- LQD_r12m: 0.06541992
- LQD_vol3m: 0.04344639
- LQD_mdd: -0.00934377
- HYG_r1m: 0.01139852
- HYG_r3m: 0.01324857
- HYG_r12m: 0.15648313
- HYG_vol3m: 0.07136542
- HYG_mdd: -0.00180901
- GLD_r1m: -0.01724135
- GLD_r3m: 0.05570658
- GLD_r12m: 0.26710156
- GLD_vol3m: 0.14053817
- GLD_mdd: -0.03110842
- SLV_r1m: -0.02009052
- SLV_r3m: -0.07849922
- SLV_r12m: 0.99022999
- SLV_vol3m: 0.55099117
- SLV_mdd: -0.26724498
- DBC_r1m: -0.02842980
- DBC_r3m: -0.05193556
- DBC_r12m: 0.38240813
- DBC_vol3m: 0.23895745
- DBC_mdd: -0.07926068
- VNQ_r1m: 0.02380981
- VNQ_r3m: 0.06159981
- VNQ_r12m: 0.43668797
- VNQ_vol3m: 0.16341808
- VNQ_mdd: -0.00885751
- UUP_r1m: 0.00900910
- UUP_r3m: -0.02250800
- UUP_r12m: -0.13107378
- UUP_vol3m: 0.08741327
- UUP_mdd: -0.17615178
- BIL_r1m: -0.00000000
- BIL_r3m: -0.00000000
- BIL_r12m: -0.00000000
- BIL_vol3m: 0.00233068
- BIL_mdd: -0.00043639
- cross_vol: 0.13420968

Assets: SPY, QQQ, IWM, DIA, EFA, EEM, VEA, VWO, AGG, BND, SHY, IEF, TLT, TIP, LQD, HYG, GLD, SLV, DBC, VNQ, UUP, BIL","{
  ""weights"": {
    ""SPY"": 0.6,
    ""QQQ"": 0.1,
    ""IWM"": 0.1,
    ""DIA"": 0.05,
    ""EFA"": 0.05,
    ""EEM"": 0.05,
    ""VEA"": 0.05,
    ""VWO"": 0.05,
    ""AGG"": 0.025,
    ""BND"": 0.025,
    ""SHY"": 0.025,
    ""IEF"": 0.025,
    ""TLT"": 0.025,
    ""TIP"": 0.025,
    ""LQD"": 0.025,
    ""HYG"": 0.025,
    ""GLD"": 0.025,
    ""SLV"": 0.025,
    ""DBC"": 0.025,
    ""VNQ"": 0.025,
    ""UUP"": 0.025,
    ""BIL"": 0.025
  }
}",1,0,0,9.852663917001337,406,1,0,0,0,229,9.616535,1761,stop,[],0,0,0,0,SLV,SPY,SPY,0,0,0.6666666666666666,1.1952380952380952,0.7165855831365738,2.0816681711721685e-16,4.628819572127218e-17,0.8701298701298703,0,"{""SPY"":0.4285714286,""QQQ"":0.0714285714,""IWM"":0.0714285714,""DIA"":0.0357142857,""EFA"":0.0357142857,""EEM"":0.0357142857,""VEA"":0.0357142857,""VWO"":0.0357142857,""AGG"":0.0178571429,""BND"":0.0178571429,""SHY"":0.0178571429,""IEF"":0.0178571429,""TLT"":0.0178571429,""TIP"":0.0178571429,""LQD"":0.0178571429,""HYG"":0.0178571429,""GLD"":0.0178571429,""SLV"":0.0178571429,""DBC"":0.0178571429,""VNQ"":0.0178571429,""UUP"":0.0178571429,""BIL"":0.0178571429}","{""SPY"":0.4285714286,""QQQ"":0.0714285714,""IWM"":0.0714285714,""DIA"":0.0357142857,""EFA"":0.0357142857,""EEM"":0.0357142857,""VEA"":0.0357142857,""VWO"":0.0357142857,""AGG"":0.0178571429,""BND"":0.0178571429,""SHY"":0.0178571429,""IEF"":0.0178571429,""TLT"":0.0178571429,""TIP"":0.0178571429,""LQD"":0.0178571429,""HYG"":0.0178571429,""GLD"":0.0178571429,""SLV"":0.0178571429,""DBC"":0.0178571429,""VNQ"":0.0178571429,""UUP"":0.0178571429,""BIL"":0.0178571429}","{""SPY"":0.019047619,""QQQ"":0.019047619,""IWM"":0.019047619,""DIA"":0.019047619,""EFA"":0.019047619,""EEM"":0.019047619,""VEA"":0.019047619,""VWO"":0.019047619,""AGG"":0.019047619,""BND"":0.019047619,""SHY"":0.019047619,""IEF"":0.019047619,""TLT"":0.019047619,""TIP"":0.019047619,""LQD"":0.019047619,""HYG"":0.019047619,""GLD"":0.019047619,""SLV"":0.6,""DBC"":0.019047619,""VNQ"":0.019047619,""UUP"":0.019047619,""BIL"":0.019047619}",0,1.0000000000000004,0.4285714285714286,0.01785714285714286,4.440892098500626e-16,0,0,0.9999999999999996,0.4285714285714286,0.01785714285714285,1,1,1,1,43,4185cde9a58587b79b4be25c
repeatability_504part,repeatability,repeat_02,llama3.1:8b,P3,,,real_ticker,,2011-07-05,42,10.0,0.6,0.25,aa5c0e3aaf963b49,"You are a CONTRARIAN MEAN-REVERSION policy profile. Use only the provided feature values. Strongly favor the eligible asset with the lowest `_r3m` value, reflecting recent underperformance. Allocate 60.0% of total portfolio weight to that target asset as the language-level policy target. Distribute the remaining weight equally among all other eligible assets. Include every eligible ticker exactly once. Return strictly valid JSON only with a `weights` object whose values are decimals, not percentages.
Hard constraints for the execution layer: long-only weights, weights sum to one, maximum single-asset weight 0.60, and turnover cap 0.25. You propose weights; deterministic projection will enforce final feasibility.

Current Features:
- SPY_r1m: 0.03107944
- SPY_r3m: 0.00910545
- SPY_r12m: 0.32686599
- SPY_vol3m: 0.12806713
- SPY_mdd: -0.01434168
- QQQ_r1m: 0.03514703
- QQQ_r3m: 0.01851812
- QQQ_r12m: 0.37712886
- QQQ_vol3m: 0.15353815
- QQQ_mdd: -0.01501974
- IWM_r1m: 0.04219409
- IWM_r3m: -0.00516231
- IWM_r12m: 0.44078983
- IWM_vol3m: 0.18515131
- IWM_mdd: -0.02427814
- DIA_r1m: 0.03617496
- DIA_r3m: 0.02002857
- DIA_r12m: 0.32225385
- DIA_vol3m: 0.12210614
- DIA_mdd: -0.01496760
- EFA_r1m: 0.01123303
- EFA_r3m: 0.01456344
- EFA_r12m: 0.29490668
- EFA_vol3m: 0.19467101
- EFA_mdd: -0.03531478
- EEM_r1m: 0.01569691
- EEM_r3m: -0.02503661
- EEM_r12m: 0.27512729
- EEM_vol3m: 0.19259094
- EEM_mdd: -0.03144599
- VEA_r1m: 0.00870930
- VEA_r3m: 0.01433059
- VEA_r12m: 0.30163912
- VEA_vol3m: 0.19629802
- VEA_mdd: -0.03557965
- VWO_r1m: 0.01092334
- VWO_r3m: -0.02310290
- VWO_r12m: 0.28087819
- VWO_vol3m: 0.18180937
- VWO_mdd: -0.03273516
- AGG_r1m: -0.00190774
- AGG_r3m: 0.02490282
- AGG_r12m: 0.03454985
- AGG_vol3m: 0.03028003
- AGG_mdd: -0.00570679
- BND_r1m: -0.00247534
- BND_r3m: 0.02409753
- BND_r12m: 0.03704242
- BND_vol3m: 0.03061050
- BND_mdd: -0.00709452
- SHY_r1m: 0.00036785
- SHY_r3m: 0.00875466
- SHY_r12m: 0.01296555
- SHY_vol3m: 0.01036963
- SHY_mdd: -0.00199884
- IEF_r1m: -0.00740785
- IEF_r3m: 0.03801946
- IEF_r12m: 0.03634232
- IEF_vol3m: 0.06379805
- IEF_mdd: -0.01906839
- TLT_r1m: -0.02252416
- TLT_r3m: 0.02837370
- TLT_r12m: -0.03671872
- TLT_vol3m: 0.12085054
- TLT_mdd: -0.10120667
- TIP_r1m: 0.00468117
- TIP_r3m: 0.02923953
- TIP_r12m: 0.08286608
- TIP_vol3m: 0.04401142
- TIP_mdd: -0.00523298
- LQD_r1m: -0.00245947
- LQD_r3m: 0.02627115
- LQD_r12m: 0.06541992
- LQD_vol3m: 0.04344639
- LQD_mdd: -0.00934377
- HYG_r1m: 0.01139852
- HYG_r3m: 0.01324857
- HYG_r12m: 0.15648313
- HYG_vol3m: 0.07136542
- HYG_mdd: -0.00180901
- GLD_r1m: -0.01724135
- GLD_r3m: 0.05570658
- GLD_r12m: 0.26710156
- GLD_vol3m: 0.14053817
- GLD_mdd: -0.03110842
- SLV_r1m: -0.02009052
- SLV_r3m: -0.07849922
- SLV_r12m: 0.99022999
- SLV_vol3m: 0.55099117
- SLV_mdd: -0.26724498
- DBC_r1m: -0.02842980
- DBC_r3m: -0.05193556
- DBC_r12m: 0.38240813
- DBC_vol3m: 0.23895745
- DBC_mdd: -0.07926068
- VNQ_r1m: 0.02380981
- VNQ_r3m: 0.06159981
- VNQ_r12m: 0.43668797
- VNQ_vol3m: 0.16341808
- VNQ_mdd: -0.00885751
- UUP_r1m: 0.00900910
- UUP_r3m: -0.02250800
- UUP_r12m: -0.13107378
- UUP_vol3m: 0.08741327
- UUP_mdd: -0.17615178
- BIL_r1m: -0.00000000
- BIL_r3m: -0.00000000
- BIL_r12m: -0.00000000
- BIL_vol3m: 0.00233068
- BIL_mdd: -0.00043639
- cross_vol: 0.13420968

Assets: SPY, QQQ, IWM, DIA, EFA, EEM, VEA, VWO, AGG, BND, SHY, IEF, TLT, TIP, LQD, HYG, GLD, SLV, DBC, VNQ, UUP, BIL","{
  ""weights"": {
    ""SPY"": 0.6,
    ""QQQ"": 0.1,
    ""IWM"": 0.1,
    ""DIA"": 0.05,
    ""EFA"": 0.05,
    ""EEM"": 0.05,
    ""VEA"": 0.05,
    ""VWO"": 0.05,
    ""AGG"": 0.025,
    ""BND"": 0.025,
    ""SHY"": 0.025,
    ""IEF"": 0.025,
    ""TLT"": 0.025,
    ""TIP"": 0.025,
    ""LQD"": 0.025,
    ""HYG"": 0.025,
    ""GLD"": 0.025,
    ""SLV"": 0.025,
    ""DBC"": 0.025,
    ""VNQ"": 0.025,
    ""UUP"": 0.025,
    ""BIL"": 0.025
  }
}",1,0,0,9.871079040996847,406,1,0,0,0,229,9.606351,1761,stop,[],0,0,0,0,SLV,SPY,SPY,0,0,0.6666666666666666,1.1952380952380952,0.7165855831365738,2.0816681711721685e-16,4.628819572127218e-17,0.8701298701298703,0,"{""SPY"":0.4285714286,""QQQ"":0.0714285714,""IWM"":0.0714285714,""DIA"":0.0357142857,""EFA"":0.0357142857,""EEM"":0.0357142857,""VEA"":0.0357142857,""VWO"":0.0357142857,""AGG"":0.0178571429,""BND"":0.0178571429,""SHY"":0.0178571429,""IEF"":0.0178571429,""TLT"":0.0178571429,""TIP"":0.0178571429,""LQD"":0.0178571429,""HYG"":0.0178571429,""GLD"":0.0178571429,""SLV"":0.0178571429,""DBC"":0.0178571429,""VNQ"":0.0178571429,""UUP"":0.0178571429,""BIL"":0.0178571429}","{""SPY"":0.4285714286,""QQQ"":0.0714285714,""IWM"":0.0714285714,""DIA"":0.0357142857,""EFA"":0.0357142857,""EEM"":0.0357142857,""VEA"":0.0357142857,""VWO"":0.0357142857,""AGG"":0.0178571429,""BND"":0.0178571429,""SHY"":0.0178571429,""IEF"":0.0178571429,""TLT"":0.0178571429,""TIP"":0.0178571429,""LQD"":0.0178571429,""HYG"":0.0178571429,""GLD"":0.0178571429,""SLV"":0.0178571429,""DBC"":0.0178571429,""VNQ"":0.0178571429,""UUP"":0.0178571429,""BIL"":0.0178571429}","{""SPY"":0.019047619,""QQQ"":0.019047619,""IWM"":0.019047619,""DIA"":0.019047619,""EFA"":0.019047619,""EEM"":0.019047619,""VEA"":0.019047619,""VWO"":0.019047619,""AGG"":0.019047619,""BND"":0.019047619,""SHY"":0.019047619,""IEF"":0.019047619,""TLT"":0.019047619,""TIP"":0.019047619,""LQD"":0.019047619,""HYG"":0.019047619,""GLD"":0.019047619,""SLV"":0.6,""DBC"":0.019047619,""VNQ"":0.019047619,""UUP"":0.019047619,""BIL"":0.019047619}",0,1.0000000000000004,0.4285714285714286,0.01785714285714286,4.440892098500626e-16,0,0,0.9999999999999996,0.4285714285714286,0.01785714285714285,1,1,1,2,44,f05180339ce25ea5255e9ff7
repeatability_504part,repeatability,repeat_03,llama3.1:8b,P3,,,real_ticker,,2011-07-05,42,10.0,0.6,0.25,aa5c0e3aaf963b49,"You are a CONTRARIAN MEAN-REVERSION policy profile. Use only the provided feature values. Strongly favor the eligible asset with the lowest `_r3m` value, reflecting recent underperformance. Allocate 60.0% of total portfolio weight to that target asset as the language-level policy target. Distribute the remaining weight equally among all other eligible assets. Include every eligible ticker exactly once. Return strictly valid JSON only with a `weights` object whose values are decimals, not percentages.
Hard constraints for the execution layer: long-only weights, weights sum to one, maximum single-asset weight 0.60, and turnover cap 0.25. You propose weights; deterministic projection will enforce final feasibility.

Current Features:
- SPY_r1m: 0.03107944
- SPY_r3m: 0.00910545
- SPY_r12m: 0.32686599
- SPY_vol3m: 0.12806713
- SPY_mdd: -0.01434168
- QQQ_r1m: 0.03514703
- QQQ_r3m: 0.01851812
- QQQ_r12m: 0.37712886
- QQQ_vol3m: 0.15353815
- QQQ_mdd: -0.01501974
- IWM_r1m: 0.04219409
- IWM_r3m: -0.00516231
- IWM_r12m: 0.44078983
- IWM_vol3m: 0.18515131
- IWM_mdd: -0.02427814
- DIA_r1m: 0.03617496
- DIA_r3m: 0.02002857
- DIA_r12m: 0.32225385
- DIA_vol3m: 0.12210614
- DIA_mdd: -0.01496760
- EFA_r1m: 0.01123303
- EFA_r3m: 0.01456344
- EFA_r12m: 0.29490668
- EFA_vol3m: 0.19467101
- EFA_mdd: -0.03531478
- EEM_r1m: 0.01569691
- EEM_r3m: -0.02503661
- EEM_r12m: 0.27512729
- EEM_vol3m: 0.19259094
- EEM_mdd: -0.03144599
- VEA_r1m: 0.00870930
- VEA_r3m: 0.01433059
- VEA_r12m: 0.30163912
- VEA_vol3m: 0.19629802
- VEA_mdd: -0.03557965
- VWO_r1m: 0.01092334
- VWO_r3m: -0.02310290
- VWO_r12m: 0.28087819
- VWO_vol3m: 0.18180937
- VWO_mdd: -0.03273516
- AGG_r1m: -0.00190774
- AGG_r3m: 0.02490282
- AGG_r12m: 0.03454985
- AGG_vol3m: 0.03028003
- AGG_mdd: -0.00570679
- BND_r1m: -0.00247534
- BND_r3m: 0.02409753
- BND_r12m: 0.03704242
- BND_vol3m: 0.03061050
- BND_mdd: -0.00709452
- SHY_r1m: 0.00036785
- SHY_r3m: 0.00875466
- SHY_r12m: 0.01296555
- SHY_vol3m: 0.01036963
- SHY_mdd: -0.00199884
- IEF_r1m: -0.00740785
- IEF_r3m: 0.03801946
- IEF_r12m: 0.03634232
- IEF_vol3m: 0.06379805
- IEF_mdd: -0.01906839
- TLT_r1m: -0.02252416
- TLT_r3m: 0.02837370
- TLT_r12m: -0.03671872
- TLT_vol3m: 0.12085054
- TLT_mdd: -0.10120667
- TIP_r1m: 0.00468117
- TIP_r3m: 0.02923953
- TIP_r12m: 0.08286608
- TIP_vol3m: 0.04401142
- TIP_mdd: -0.00523298
- LQD_r1m: -0.00245947
- LQD_r3m: 0.02627115
- LQD_r12m: 0.06541992
- LQD_vol3m: 0.04344639
- LQD_mdd: -0.00934377
- HYG_r1m: 0.01139852
- HYG_r3m: 0.01324857
- HYG_r12m: 0.15648313
- HYG_vol3m: 0.07136542
- HYG_mdd: -0.00180901
- GLD_r1m: -0.01724135
- GLD_r3m: 0.05570658
- GLD_r12m: 0.26710156
- GLD_vol3m: 0.14053817
- GLD_mdd: -0.03110842
- SLV_r1m: -0.02009052
- SLV_r3m: -0.07849922
- SLV_r12m: 0.99022999
- SLV_vol3m: 0.55099117
- SLV_mdd: -0.26724498
- DBC_r1m: -0.02842980
- DBC_r3m: -0.05193556
- DBC_r12m: 0.38240813
- DBC_vol3m: 0.23895745
- DBC_mdd: -0.07926068
- VNQ_r1m: 0.02380981
- VNQ_r3m: 0.06159981
- VNQ_r12m: 0.43668797
- VNQ_vol3m: 0.16341808
- VNQ_mdd: -0.00885751
- UUP_r1m: 0.00900910
- UUP_r3m: -0.02250800
- UUP_r12m: -0.13107378
- UUP_vol3m: 0.08741327
- UUP_mdd: -0.17615178
- BIL_r1m: -0.00000000
- BIL_r3m: -0.00000000
- BIL_r12m: -0.00000000
- BIL_vol3m: 0.00233068
- BIL_mdd: -0.00043639
- cross_vol: 0.13420968

Assets: SPY, QQQ, IWM, DIA, EFA, EEM, VEA, VWO, AGG, BND, SHY, IEF, TLT, TIP, LQD, HYG, GLD, SLV, DBC, VNQ, UUP, BIL","{
  ""weights"": {
    ""SPY"": 0.6,
    ""QQQ"": 0.1,
    ""IWM"": 0.1,
    ""DIA"": 0.05,
    ""EFA"": 0.05,
    ""EEM"": 0.05,
    ""VEA"": 0.05,
    ""VWO"": 0.05,
    ""AGG"": 0.025,
    ""BND"": 0.025,
    ""SHY"": 0.025,
    ""IEF"": 0.025,
    ""TLT"": 0.025,
    ""TIP"": 0.025,
    ""LQD"": 0.025,
    ""HYG"": 0.025,
    ""GLD"": 0.025,
    ""SLV"": 0.025,
    ""DBC"": 0.025,
    ""VNQ"": 0.025,
    ""UUP"": 0.025,
    ""BIL"": 0.025
  }
}",1,0,0,9.808540124999126,406,1,0,0,0,229,9.571835,1761,stop,[],0,0,0,0,SLV,SPY,SPY,0,0,0.6666666666666666,1.1952380952380952,0.7165855831365738,2.0816681711721685e-16,4.628819572127218e-17,0.8701298701298703,0,"{""SPY"":0.4285714286,""QQQ"":0.0714285714,""IWM"":0.0714285714,""DIA"":0.0357142857,""EFA"":0.0357142857,""EEM"":0.0357142857,""VEA"":0.0357142857,""VWO"":0.0357142857,""AGG"":0.0178571429,""BND"":0.0178571429,""SHY"":0.0178571429,""IEF"":0.0178571429,""TLT"":0.0178571429,""TIP"":0.0178571429,""LQD"":0.0178571429,""HYG"":0.0178571429,""GLD"":0.0178571429,""SLV"":0.0178571429,""DBC"":0.0178571429,""VNQ"":0.0178571429,""UUP"":0.0178571429,""BIL"":0.0178571429}","{""SPY"":0.4285714286,""QQQ"":0.0714285714,""IWM"":0.0714285714,""DIA"":0.0357142857,""EFA"":0.0357142857,""EEM"":0.0357142857,""VEA"":0.0357142857,""VWO"":0.0357142857,""AGG"":0.0178571429,""BND"":0.0178571429,""SHY"":0.0178571429,""IEF"":0.0178571429,""TLT"":0.0178571429,""TIP"":0.0178571429,""LQD"":0.0178571429,""HYG"":0.0178571429,""GLD"":0.0178571429,""SLV"":0.0178571429,""DBC"":0.0178571429,""VNQ"":0.0178571429,""UUP"":0.0178571429,""BIL"":0.0178571429}","{""SPY"":0.019047619,""QQQ"":0.019047619,""IWM"":0.019047619,""DIA"":0.019047619,""EFA"":0.019047619,""EEM"":0.019047619,""VEA"":0.019047619,""VWO"":0.019047619,""AGG"":0.019047619,""BND"":0.019047619,""SHY"":0.019047619,""IEF"":0.019047619,""TLT"":0.019047619,""TIP"":0.019047619,""LQD"":0.019047619,""HYG"":0.019047619,""GLD"":0.019047619,""SLV"":0.6,""DBC"":0.019047619,""VNQ"":0.019047619,""UUP"":0.019047619,""BIL"":0.019047619}",0,1.0000000000000004,0.4285714285714286,0.01785714285714286,4.440892098500626e-16,0,0,0.9999999999999996,0.4285714285714286,0.01785714285714285,1,1,1,3,45,f8c77e8d8bedfd9ebf62aa92
repeatability_504part,repeatability,repeat_00,llama3.1:8b,P4,,,real_ticker,,2011-07-05,42,10.0,0.6,0.25,1005b80be6879850,"You are an EQUAL-WEIGHT CONTROL policy profile. Ignore all feature data. Allocate the total portfolio weight equally among all eligible assets. Include every eligible ticker exactly once. Return strictly valid JSON only with a `weights` object whose values are decimals, not percentages.
Hard constraints for the execution layer: long-only weights, weights sum to one, maximum single-asset weight 0.60, and turnover cap 0.25. You propose weights; deterministic projection will enforce final feasibility.

Current Features:
- SPY_r1m: 0.03107944
- SPY_r3m: 0.00910545
- SPY_r12m: 0.32686599
- SPY_vol3m: 0.12806713
- SPY_mdd: -0.01434168
- QQQ_r1m: 0.03514703
- QQQ_r3m: 0.01851812
- QQQ_r12m: 0.37712886
- QQQ_vol3m: 0.15353815
- QQQ_mdd: -0.01501974
- IWM_r1m: 0.04219409
- IWM_r3m: -0.00516231
- IWM_r12m: 0.44078983
- IWM_vol3m: 0.18515131
- IWM_mdd: -0.02427814
- DIA_r1m: 0.03617496
- DIA_r3m: 0.02002857
- DIA_r12m: 0.32225385
- DIA_vol3m: 0.12210614
- DIA_mdd: -0.01496760
- EFA_r1m: 0.01123303
- EFA_r3m: 0.01456344
- EFA_r12m: 0.29490668
- EFA_vol3m: 0.19467101
- EFA_mdd: -0.03531478
- EEM_r1m: 0.01569691
- EEM_r3m: -0.02503661
- EEM_r12m: 0.27512729
- EEM_vol3m: 0.19259094
- EEM_mdd: -0.03144599
- VEA_r1m: 0.00870930
- VEA_r3m: 0.01433059
- VEA_r12m: 0.30163912
- VEA_vol3m: 0.19629802
- VEA_mdd: -0.03557965
- VWO_r1m: 0.01092334
- VWO_r3m: -0.02310290
- VWO_r12m: 0.28087819
- VWO_vol3m: 0.18180937
- VWO_mdd: -0.03273516
- AGG_r1m: -0.00190774
- AGG_r3m: 0.02490282
- AGG_r12m: 0.03454985
- AGG_vol3m: 0.03028003
- AGG_mdd: -0.00570679
- BND_r1m: -0.00247534
- BND_r3m: 0.02409753
- BND_r12m: 0.03704242
- BND_vol3m: 0.03061050
- BND_mdd: -0.00709452
- SHY_r1m: 0.00036785
- SHY_r3m: 0.00875466
- SHY_r12m: 0.01296555
- SHY_vol3m: 0.01036963
- SHY_mdd: -0.00199884
- IEF_r1m: -0.00740785
- IEF_r3m: 0.03801946
- IEF_r12m: 0.03634232
- IEF_vol3m: 0.06379805
- IEF_mdd: -0.01906839
- TLT_r1m: -0.02252416
- TLT_r3m: 0.02837370
- TLT_r12m: -0.03671872
- TLT_vol3m: 0.12085054
- TLT_mdd: -0.10120667
- TIP_r1m: 0.00468117
- TIP_r3m: 0.02923953
- TIP_r12m: 0.08286608
- TIP_vol3m: 0.04401142
- TIP_mdd: -0.00523298
- LQD_r1m: -0.00245947
- LQD_r3m: 0.02627115
- LQD_r12m: 0.06541992
- LQD_vol3m: 0.04344639
- LQD_mdd: -0.00934377
- HYG_r1m: 0.01139852
- HYG_r3m: 0.01324857
- HYG_r12m: 0.15648313
- HYG_vol3m: 0.07136542
- HYG_mdd: -0.00180901
- GLD_r1m: -0.01724135
- GLD_r3m: 0.05570658
- GLD_r12m: 0.26710156
- GLD_vol3m: 0.14053817
- GLD_mdd: -0.03110842
- SLV_r1m: -0.02009052
- SLV_r3m: -0.07849922
- SLV_r12m: 0.99022999
- SLV_vol3m: 0.55099117
- SLV_mdd: -0.26724498
- DBC_r1m: -0.02842980
- DBC_r3m: -0.05193556
- DBC_r12m: 0.38240813
- DBC_vol3m: 0.23895745
- DBC_mdd: -0.07926068
- VNQ_r1m: 0.02380981
- VNQ_r3m: 0.06159981
- VNQ_r12m: 0.43668797
- VNQ_vol3m: 0.16341808
- VNQ_mdd: -0.00885751
- UUP_r1m: 0.00900910
- UUP_r3m: -0.02250800
- UUP_r12m: -0.13107378
- UUP_vol3m: 0.08741327
- UUP_mdd: -0.17615178
- BIL_r1m: -0.00000000
- BIL_r3m: -0.00000000
- BIL_r12m: -0.00000000
- BIL_vol3m: 0.00233068
- BIL_mdd: -0.00043639
- cross_vol: 0.13420968

Assets: SPY, QQQ, IWM, DIA, EFA, EEM, VEA, VWO, AGG, BND, SHY, IEF, TLT, TIP, LQD, HYG, GLD, SLV, DBC, VNQ, UUP, BIL","{
  ""weights"": {
    ""SPY"": 0.0107142857,
    ""QQQ"": 0.0107142857,
    ""IWM"": 0.0107142857,
    ""DIA"": 0.0107142857,
    ""EFA"": 0.0107142857,
    ""EEM"": 0.0107142857,
    ""VEA"": 0.0107142857,
    ""VWO"": 0.0107142857,
    ""AGG"": 0.0107142857,
    ""BND"": 0.0107142857,
    ""SHY"": 0.0107142857,
    ""IEF"": 0.0107142857,
    ""TLT"": 0.0107142857,
    ""TIP"": 0.0107142857,
    ""LQD"": 0.0107142857,
    ""HYG"": 0.0107142857,
    ""GLD"": 0.0107142857,
    ""SLV"": 0.0107142857,
    ""DBC"": 0.0107142857,
    ""VNQ"": 0.0107142857,
    ""UUP"": 0.0107142857,
    ""BIL"": 0.0107142857
  }
}",1,0,0,19.900257874993258,571,1,0,0,0,295,12.464816,1713,stop,[],0,0,0,0,SPY,SPY,SPY,1,1,1.0,0.0,0.0,3.0531133177191805e-16,6.509259464525837e-17,3.0531133177191805e-16,1,"{""SPY"":0.0454545455,""QQQ"":0.0454545455,""IWM"":0.0454545455,""DIA"":0.0454545455,""EFA"":0.0454545455,""EEM"":0.0454545455,""VEA"":0.0454545455,""VWO"":0.0454545455,""AGG"":0.0454545455,""BND"":0.0454545455,""SHY"":0.0454545455,""IEF"":0.0454545455,""TLT"":0.0454545455,""TIP"":0.0454545455,""LQD"":0.0454545455,""HYG"":0.0454545455,""GLD"":0.0454545455,""SLV"":0.0454545455,""DBC"":0.0454545455,""VNQ"":0.0454545455,""UUP"":0.0454545455,""BIL"":0.0454545455}","{""SPY"":0.0454545455,""QQQ"":0.0454545455,""IWM"":0.0454545455,""DIA"":0.0454545455,""EFA"":0.0454545455,""EEM"":0.0454545455,""VEA"":0.0454545455,""VWO"":0.0454545455,""AGG"":0.0454545455,""BND"":0.0454545455,""SHY"":0.0454545455,""IEF"":0.0454545455,""TLT"":0.0454545455,""TIP"":0.0454545455,""LQD"":0.0454545455,""HYG"":0.0454545455,""GLD"":0.0454545455,""SLV"":0.0454545455,""DBC"":0.0454545455,""VNQ"":0.0454545455,""UUP"":0.0454545455,""BIL"":0.0454545455}","{""SPY"":0.0454545455,""QQQ"":0.0454545455,""IWM"":0.0454545455,""DIA"":0.0454545455,""EFA"":0.0454545455,""EEM"":0.0454545455,""VEA"":0.0454545455,""VWO"":0.0454545455,""AGG"":0.0454545455,""BND"":0.0454545455,""SHY"":0.0454545455,""IEF"":0.0454545455,""TLT"":0.0454545455,""TIP"":0.0454545455,""LQD"":0.0454545455,""HYG"":0.0454545455,""GLD"":0.0454545455,""SLV"":0.0454545455,""DBC"":0.0454545455,""VNQ"":0.0454545455,""UUP"":0.0454545455,""BIL"":0.0454545455}",0,0.9999999999999998,0.045454545454545456,0.045454545454545456,2.220446049250313e-16,0,0,1.0,0.04545454545454547,0.04545454545454547,1,1,1,0,42,34954359587d0d22476d5761
repeatability_504part,repeatability,repeat_01,llama3.1:8b,P4,,,real_ticker,,2011-07-05,42,10.0,0.6,0.25,1005b80be6879850,"You are an EQUAL-WEIGHT CONTROL policy profile. Ignore all feature data. Allocate the total portfolio weight equally among all eligible assets. Include every eligible ticker exactly once. Return strictly valid JSON only with a `weights` object whose values are decimals, not percentages.
Hard constraints for the execution layer: long-only weights, weights sum to one, maximum single-asset weight 0.60, and turnover cap 0.25. You propose weights; deterministic projection will enforce final feasibility.

Current Features:
- SPY_r1m: 0.03107944
- SPY_r3m: 0.00910545
- SPY_r12m: 0.32686599
- SPY_vol3m: 0.12806713
- SPY_mdd: -0.01434168
- QQQ_r1m: 0.03514703
- QQQ_r3m: 0.01851812
- QQQ_r12m: 0.37712886
- QQQ_vol3m: 0.15353815
- QQQ_mdd: -0.01501974
- IWM_r1m: 0.04219409
- IWM_r3m: -0.00516231
- IWM_r12m: 0.44078983
- IWM_vol3m: 0.18515131
- IWM_mdd: -0.02427814
- DIA_r1m: 0.03617496
- DIA_r3m: 0.02002857
- DIA_r12m: 0.32225385
- DIA_vol3m: 0.12210614
- DIA_mdd: -0.01496760
- EFA_r1m: 0.01123303
- EFA_r3m: 0.01456344
- EFA_r12m: 0.29490668
- EFA_vol3m: 0.19467101
- EFA_mdd: -0.03531478
- EEM_r1m: 0.01569691
- EEM_r3m: -0.02503661
- EEM_r12m: 0.27512729
- EEM_vol3m: 0.19259094
- EEM_mdd: -0.03144599
- VEA_r1m: 0.00870930
- VEA_r3m: 0.01433059
- VEA_r12m: 0.30163912
- VEA_vol3m: 0.19629802
- VEA_mdd: -0.03557965
- VWO_r1m: 0.01092334
- VWO_r3m: -0.02310290
- VWO_r12m: 0.28087819
- VWO_vol3m: 0.18180937
- VWO_mdd: -0.03273516
- AGG_r1m: -0.00190774
- AGG_r3m: 0.02490282
- AGG_r12m: 0.03454985
- AGG_vol3m: 0.03028003
- AGG_mdd: -0.00570679
- BND_r1m: -0.00247534
- BND_r3m: 0.02409753
- BND_r12m: 0.03704242
- BND_vol3m: 0.03061050
- BND_mdd: -0.00709452
- SHY_r1m: 0.00036785
- SHY_r3m: 0.00875466
- SHY_r12m: 0.01296555
- SHY_vol3m: 0.01036963
- SHY_mdd: -0.00199884
- IEF_r1m: -0.00740785
- IEF_r3m: 0.03801946
- IEF_r12m: 0.03634232
- IEF_vol3m: 0.06379805
- IEF_mdd: -0.01906839
- TLT_r1m: -0.02252416
- TLT_r3m: 0.02837370
- TLT_r12m: -0.03671872
- TLT_vol3m: 0.12085054
- TLT_mdd: -0.10120667
- TIP_r1m: 0.00468117
- TIP_r3m: 0.02923953
- TIP_r12m: 0.08286608
- TIP_vol3m: 0.04401142
- TIP_mdd: -0.00523298
- LQD_r1m: -0.00245947
- LQD_r3m: 0.02627115
- LQD_r12m: 0.06541992
- LQD_vol3m: 0.04344639
- LQD_mdd: -0.00934377
- HYG_r1m: 0.01139852
- HYG_r3m: 0.01324857
- HYG_r12m: 0.15648313
- HYG_vol3m: 0.07136542
- HYG_mdd: -0.00180901
- GLD_r1m: -0.01724135
- GLD_r3m: 0.05570658
- GLD_r12m: 0.26710156
- GLD_vol3m: 0.14053817
- GLD_mdd: -0.03110842
- SLV_r1m: -0.02009052
- SLV_r3m: -0.07849922
- SLV_r12m: 0.99022999
- SLV_vol3m: 0.55099117
- SLV_mdd: -0.26724498
- DBC_r1m: -0.02842980
- DBC_r3m: -0.05193556
- DBC_r12m: 0.38240813
- DBC_vol3m: 0.23895745
- DBC_mdd: -0.07926068
- VNQ_r1m: 0.02380981
- VNQ_r3m: 0.06159981
- VNQ_r12m: 0.43668797
- VNQ_vol3m: 0.16341808
- VNQ_mdd: -0.00885751
- UUP_r1m: 0.00900910
- UUP_r3m: -0.02250800
- UUP_r12m: -0.13107378
- UUP_vol3m: 0.08741327
- UUP_mdd: -0.17615178
- BIL_r1m: -0.00000000
- BIL_r3m: -0.00000000
- BIL_r12m: -0.00000000
- BIL_vol3m: 0.00233068
- BIL_mdd: -0.00043639
- cross_vol: 0.13420968

Assets: SPY, QQQ, IWM, DIA, EFA, EEM, VEA, VWO, AGG, BND, SHY, IEF, TLT, TIP, LQD, HYG, GLD, SLV, DBC, VNQ, UUP, BIL","{
  ""weights"": {
    ""SPY"": 0.0107142857,
    ""QQQ"": 0.0107142857,
    ""IWM"": 0.0107142857,
    ""DIA"": 0.0107142857,
    ""EFA"": 0.0107142857,
    ""EEM"": 0.0107142857,
    ""VEA"": 0.0107142857,
    ""VWO"": 0.0107142857,
    ""AGG"": 0.0107142857,
    ""BND"": 0.0107142857,
    ""SHY"": 0.0107142857,
    ""IEF"": 0.0107142857,
    ""TLT"": 0.0107142857,
    ""TIP"": 0.0107142857,
    ""LQD"": 0.0107142857,
    ""HYG"": 0.0107142857,
    ""GLD"": 0.0107142857,
    ""SLV"": 0.0107142857,
    ""DBC"": 0.0107142857,
    ""VNQ"": 0.0107142857,
    ""UUP"": 0.0107142857,
    ""BIL"": 0.0107142857
  }
}",1,0,0,12.560632666994934,571,1,0,0,0,295,12.307701,1713,stop,[],0,0,0,0,SPY,SPY,SPY,1,1,1.0,0.0,0.0,3.0531133177191805e-16,6.509259464525837e-17,3.0531133177191805e-16,1,"{""SPY"":0.0454545455,""QQQ"":0.0454545455,""IWM"":0.0454545455,""DIA"":0.0454545455,""EFA"":0.0454545455,""EEM"":0.0454545455,""VEA"":0.0454545455,""VWO"":0.0454545455,""AGG"":0.0454545455,""BND"":0.0454545455,""SHY"":0.0454545455,""IEF"":0.0454545455,""TLT"":0.0454545455,""TIP"":0.0454545455,""LQD"":0.0454545455,""HYG"":0.0454545455,""GLD"":0.0454545455,""SLV"":0.0454545455,""DBC"":0.0454545455,""VNQ"":0.0454545455,""UUP"":0.0454545455,""BIL"":0.0454545455}","{""SPY"":0.0454545455,""QQQ"":0.0454545455,""IWM"":0.0454545455,""DIA"":0.0454545455,""EFA"":0.0454545455,""EEM"":0.0454545455,""VEA"":0.0454545455,""VWO"":0.0454545455,""AGG"":0.0454545455,""BND"":0.0454545455,""SHY"":0.0454545455,""IEF"":0.0454545455,""TLT"":0.0454545455,""TIP"":0.0454545455,""LQD"":0.0454545455,""HYG"":0.0454545455,""GLD"":0.0454545455,""SLV"":0.0454545455,""DBC"":0.0454545455,""VNQ"":0.0454545455,""UUP"":0.0454545455,""BIL"":0.0454545455}","{""SPY"":0.0454545455,""QQQ"":0.0454545455,""IWM"":0.0454545455,""DIA"":0.0454545455,""EFA"":0.0454545455,""EEM"":0.0454545455,""VEA"":0.0454545455,""VWO"":0.0454545455,""AGG"":0.0454545455,""BND"":0.0454545455,""SHY"":0.0454545455,""IEF"":0.0454545455,""TLT"":0.0454545455,""TIP"":0.0454545455,""LQD"":0.0454545455,""HYG"":0.0454545455,""GLD"":0.0454545455,""SLV"":0.0454545455,""DBC"":0.0454545455,""VNQ"":0.0454545455,""UUP"":0.0454545455,""BIL"":0.0454545455}",0,0.9999999999999998,0.045454545454545456,0.045454545454545456,2.220446049250313e-16,0,0,1.0,0.04545454545454547,0.04545454545454547,1,1,1,1,43,8f0b93dc48a0565e2a7fae3f
repeatability_504part,repeatability,repeat_02,llama3.1:8b,P4,,,real_ticker,,2011-07-05,42,10.0,0.6,0.25,1005b80be6879850,"You are an EQUAL-WEIGHT CONTROL policy profile. Ignore all feature data. Allocate the total portfolio weight equally among all eligible assets. Include every eligible ticker exactly once. Return strictly valid JSON only with a `weights` object whose values are decimals, not percentages.
Hard constraints for the execution layer: long-only weights, weights sum to one, maximum single-asset weight 0.60, and turnover cap 0.25. You propose weights; deterministic projection will enforce final feasibility.

Current Features:
- SPY_r1m: 0.03107944
- SPY_r3m: 0.00910545
- SPY_r12m: 0.32686599
- SPY_vol3m: 0.12806713
- SPY_mdd: -0.01434168
- QQQ_r1m: 0.03514703
- QQQ_r3m: 0.01851812
- QQQ_r12m: 0.37712886
- QQQ_vol3m: 0.15353815
- QQQ_mdd: -0.01501974
- IWM_r1m: 0.04219409
- IWM_r3m: -0.00516231
- IWM_r12m: 0.44078983
- IWM_vol3m: 0.18515131
- IWM_mdd: -0.02427814
- DIA_r1m: 0.03617496
- DIA_r3m: 0.02002857
- DIA_r12m: 0.32225385
- DIA_vol3m: 0.12210614
- DIA_mdd: -0.01496760
- EFA_r1m: 0.01123303
- EFA_r3m: 0.01456344
- EFA_r12m: 0.29490668
- EFA_vol3m: 0.19467101
- EFA_mdd: -0.03531478
- EEM_r1m: 0.01569691
- EEM_r3m: -0.02503661
- EEM_r12m: 0.27512729
- EEM_vol3m: 0.19259094
- EEM_mdd: -0.03144599
- VEA_r1m: 0.00870930
- VEA_r3m: 0.01433059
- VEA_r12m: 0.30163912
- VEA_vol3m: 0.19629802
- VEA_mdd: -0.03557965
- VWO_r1m: 0.01092334
- VWO_r3m: -0.02310290
- VWO_r12m: 0.28087819
- VWO_vol3m: 0.18180937
- VWO_mdd: -0.03273516
- AGG_r1m: -0.00190774
- AGG_r3m: 0.02490282
- AGG_r12m: 0.03454985
- AGG_vol3m: 0.03028003
- AGG_mdd: -0.00570679
- BND_r1m: -0.00247534
- BND_r3m: 0.02409753
- BND_r12m: 0.03704242
- BND_vol3m: 0.03061050
- BND_mdd: -0.00709452
- SHY_r1m: 0.00036785
- SHY_r3m: 0.00875466
- SHY_r12m: 0.01296555
- SHY_vol3m: 0.01036963
- SHY_mdd: -0.00199884
- IEF_r1m: -0.00740785
- IEF_r3m: 0.03801946
- IEF_r12m: 0.03634232
- IEF_vol3m: 0.06379805
- IEF_mdd: -0.01906839
- TLT_r1m: -0.02252416
- TLT_r3m: 0.02837370
- TLT_r12m: -0.03671872
- TLT_vol3m: 0.12085054
- TLT_mdd: -0.10120667
- TIP_r1m: 0.00468117
- TIP_r3m: 0.02923953
- TIP_r12m: 0.08286608
- TIP_vol3m: 0.04401142
- TIP_mdd: -0.00523298
- LQD_r1m: -0.00245947
- LQD_r3m: 0.02627115
- LQD_r12m: 0.06541992
- LQD_vol3m: 0.04344639
- LQD_mdd: -0.00934377
- HYG_r1m: 0.01139852
- HYG_r3m: 0.01324857
- HYG_r12m: 0.15648313
- HYG_vol3m: 0.07136542
- HYG_mdd: -0.00180901
- GLD_r1m: -0.01724135
- GLD_r3m: 0.05570658
- GLD_r12m: 0.26710156
- GLD_vol3m: 0.14053817
- GLD_mdd: -0.03110842
- SLV_r1m: -0.02009052
- SLV_r3m: -0.07849922
- SLV_r12m: 0.99022999
- SLV_vol3m: 0.55099117
- SLV_mdd: -0.26724498
- DBC_r1m: -0.02842980
- DBC_r3m: -0.05193556
- DBC_r12m: 0.38240813
- DBC_vol3m: 0.23895745
- DBC_mdd: -0.07926068
- VNQ_r1m: 0.02380981
- VNQ_r3m: 0.06159981
- VNQ_r12m: 0.43668797
- VNQ_vol3m: 0.16341808
- VNQ_mdd: -0.00885751
- UUP_r1m: 0.00900910
- UUP_r3m: -0.02250800
- UUP_r12m: -0.13107378
- UUP_vol3m: 0.08741327
- UUP_mdd: -0.17615178
- BIL_r1m: -0.00000000
- BIL_r3m: -0.00000000
- BIL_r12m: -0.00000000
- BIL_vol3m: 0.00233068
- BIL_mdd: -0.00043639
- cross_vol: 0.13420968

Assets: SPY, QQQ, IWM, DIA, EFA, EEM, VEA, VWO, AGG, BND, SHY, IEF, TLT, TIP, LQD, HYG, GLD, SLV, DBC, VNQ, UUP, BIL","{
  ""weights"": {
    ""SPY"": 0.0107142857,
    ""QQQ"": 0.0107142857,
    ""IWM"": 0.0107142857,
    ""DIA"": 0.0107142857,
    ""EFA"": 0.0107142857,
    ""EEM"": 0.0107142857,
    ""VEA"": 0.0107142857,
    ""VWO"": 0.0107142857,
    ""AGG"": 0.0107142857,
    ""BND"": 0.0107142857,
    ""SHY"": 0.0107142857,
    ""IEF"": 0.0107142857,
    ""TLT"": 0.0107142857,
    ""TIP"": 0.0107142857,
    ""LQD"": 0.0107142857,
    ""HYG"": 0.0107142857,
    ""GLD"": 0.0107142857,
    ""SLV"": 0.0107142857,
    ""DBC"": 0.0107142857,
    ""VNQ"": 0.0107142857,
    ""UUP"": 0.0107142857,
    ""BIL"": 0.0107142857
  }
}",1,0,0,12.552564790996257,571,1,0,0,0,295,12.310725,1713,stop,[],0,0,0,0,SPY,SPY,SPY,1,1,1.0,0.0,0.0,3.0531133177191805e-16,6.509259464525837e-17,3.0531133177191805e-16,1,"{""SPY"":0.0454545455,""QQQ"":0.0454545455,""IWM"":0.0454545455,""DIA"":0.0454545455,""EFA"":0.0454545455,""EEM"":0.0454545455,""VEA"":0.0454545455,""VWO"":0.0454545455,""AGG"":0.0454545455,""BND"":0.0454545455,""SHY"":0.0454545455,""IEF"":0.0454545455,""TLT"":0.0454545455,""TIP"":0.0454545455,""LQD"":0.0454545455,""HYG"":0.0454545455,""GLD"":0.0454545455,""SLV"":0.0454545455,""DBC"":0.0454545455,""VNQ"":0.0454545455,""UUP"":0.0454545455,""BIL"":0.0454545455}","{""SPY"":0.0454545455,""QQQ"":0.0454545455,""IWM"":0.0454545455,""DIA"":0.0454545455,""EFA"":0.0454545455,""EEM"":0.0454545455,""VEA"":0.0454545455,""VWO"":0.0454545455,""AGG"":0.0454545455,""BND"":0.0454545455,""SHY"":0.0454545455,""IEF"":0.0454545455,""TLT"":0.0454545455,""TIP"":0.0454545455,""LQD"":0.0454545455,""HYG"":0.0454545455,""GLD"":0.0454545455,""SLV"":0.0454545455,""DBC"":0.0454545455,""VNQ"":0.0454545455,""UUP"":0.0454545455,""BIL"":0.0454545455}","{""SPY"":0.0454545455,""QQQ"":0.0454545455,""IWM"":0.0454545455,""DIA"":0.0454545455,""EFA"":0.0454545455,""EEM"":0.0454545455,""VEA"":0.0454545455,""VWO"":0.0454545455,""AGG"":0.0454545455,""BND"":0.0454545455,""SHY"":0.0454545455,""IEF"":0.0454545455,""TLT"":0.0454545455,""TIP"":0.0454545455,""LQD"":0.0454545455,""HYG"":0.0454545455,""GLD"":0.0454545455,""SLV"":0.0454545455,""DBC"":0.0454545455,""VNQ"":0.0454545455,""UUP"":0.0454545455,""BIL"":0.0454545455}",0,0.9999999999999998,0.045454545454545456,0.045454545454545456,2.220446049250313e-16,0,0,1.0,0.04545454545454547,0.04545454545454547,1,1,1,2,44,26e89c3b225df3fec360d860
repeatability_504part,repeatability,repeat_03,llama3.1:8b,P4,,,real_ticker,,2011-07-05,42,10.0,0.6,0.25,1005b80be6879850,"You are an EQUAL-WEIGHT CONTROL policy profile. Ignore all feature data. Allocate the total portfolio weight equally among all eligible assets. Include every eligible ticker exactly once. Return strictly valid JSON only with a `weights` object whose values are decimals, not percentages.
Hard constraints for the execution layer: long-only weights, weights sum to one, maximum single-asset weight 0.60, and turnover cap 0.25. You propose weights; deterministic projection will enforce final feasibility.

Current Features:
- SPY_r1m: 0.03107944
- SPY_r3m: 0.00910545
- SPY_r12m: 0.32686599
- SPY_vol3m: 0.12806713
- SPY_mdd: -0.01434168
- QQQ_r1m: 0.03514703
- QQQ_r3m: 0.01851812
- QQQ_r12m: 0.37712886
- QQQ_vol3m: 0.15353815
- QQQ_mdd: -0.01501974
- IWM_r1m: 0.04219409
- IWM_r3m: -0.00516231
- IWM_r12m: 0.44078983
- IWM_vol3m: 0.18515131
- IWM_mdd: -0.02427814
- DIA_r1m: 0.03617496
- DIA_r3m: 0.02002857
- DIA_r12m: 0.32225385
- DIA_vol3m: 0.12210614
- DIA_mdd: -0.01496760
- EFA_r1m: 0.01123303
- EFA_r3m: 0.01456344
- EFA_r12m: 0.29490668
- EFA_vol3m: 0.19467101
- EFA_mdd: -0.03531478
- EEM_r1m: 0.01569691
- EEM_r3m: -0.02503661
- EEM_r12m: 0.27512729
- EEM_vol3m: 0.19259094
- EEM_mdd: -0.03144599
- VEA_r1m: 0.00870930
- VEA_r3m: 0.01433059
- VEA_r12m: 0.30163912
- VEA_vol3m: 0.19629802
- VEA_mdd: -0.03557965
- VWO_r1m: 0.01092334
- VWO_r3m: -0.02310290
- VWO_r12m: 0.28087819
- VWO_vol3m: 0.18180937
- VWO_mdd: -0.03273516
- AGG_r1m: -0.00190774
- AGG_r3m: 0.02490282
- AGG_r12m: 0.03454985
- AGG_vol3m: 0.03028003
- AGG_mdd: -0.00570679
- BND_r1m: -0.00247534
- BND_r3m: 0.02409753
- BND_r12m: 0.03704242
- BND_vol3m: 0.03061050
- BND_mdd: -0.00709452
- SHY_r1m: 0.00036785
- SHY_r3m: 0.00875466
- SHY_r12m: 0.01296555
- SHY_vol3m: 0.01036963
- SHY_mdd: -0.00199884
- IEF_r1m: -0.00740785
- IEF_r3m: 0.03801946
- IEF_r12m: 0.03634232
- IEF_vol3m: 0.06379805
- IEF_mdd: -0.01906839
- TLT_r1m: -0.02252416
- TLT_r3m: 0.02837370
- TLT_r12m: -0.03671872
- TLT_vol3m: 0.12085054
- TLT_mdd: -0.10120667
- TIP_r1m: 0.00468117
- TIP_r3m: 0.02923953
- TIP_r12m: 0.08286608
- TIP_vol3m: 0.04401142
- TIP_mdd: -0.00523298
- LQD_r1m: -0.00245947
- LQD_r3m: 0.02627115
- LQD_r12m: 0.06541992
- LQD_vol3m: 0.04344639
- LQD_mdd: -0.00934377
- HYG_r1m: 0.01139852
- HYG_r3m: 0.01324857
- HYG_r12m: 0.15648313
- HYG_vol3m: 0.07136542
- HYG_mdd: -0.00180901
- GLD_r1m: -0.01724135
- GLD_r3m: 0.05570658
- GLD_r12m: 0.26710156
- GLD_vol3m: 0.14053817
- GLD_mdd: -0.03110842
- SLV_r1m: -0.02009052
- SLV_r3m: -0.07849922
- SLV_r12m: 0.99022999
- SLV_vol3m: 0.55099117
- SLV_mdd: -0.26724498
- DBC_r1m: -0.02842980
- DBC_r3m: -0.05193556
- DBC_r12m: 0.38240813
- DBC_vol3m: 0.23895745
- DBC_mdd: -0.07926068
- VNQ_r1m: 0.02380981
- VNQ_r3m: 0.06159981
- VNQ_r12m: 0.43668797
- VNQ_vol3m: 0.16341808
- VNQ_mdd: -0.00885751
- UUP_r1m: 0.00900910
- UUP_r3m: -0.02250800
- UUP_r12m: -0.13107378
- UUP_vol3m: 0.08741327
- UUP_mdd: -0.17615178
- BIL_r1m: -0.00000000
- BIL_r3m: -0.00000000
- BIL_r12m: -0.00000000
- BIL_vol3m: 0.00233068
- BIL_mdd: -0.00043639
- cross_vol: 0.13420968

Assets: SPY, QQQ, IWM, DIA, EFA, EEM, VEA, VWO, AGG, BND, SHY, IEF, TLT, TIP, LQD, HYG, GLD, SLV, DBC, VNQ, UUP, BIL","{
  ""weights"": {
    ""SPY"": 0.0107142857,
    ""QQQ"": 0.0107142857,
    ""IWM"": 0.0107142857,
    ""DIA"": 0.0107142857,
    ""EFA"": 0.0107142857,
    ""EEM"": 0.0107142857,
    ""VEA"": 0.0107142857,
    ""VWO"": 0.0107142857,
    ""AGG"": 0.0107142857,
    ""BND"": 0.0107142857,
    ""SHY"": 0.0107142857,
    ""IEF"": 0.0107142857,
    ""TLT"": 0.0107142857,
    ""TIP"": 0.0107142857,
    ""LQD"": 0.0107142857,
    ""HYG"": 0.0107142857,
    ""GLD"": 0.0107142857,
    ""SLV"": 0.0107142857,
    ""DBC"": 0.0107142857,
    ""VNQ"": 0.0107142857,
    ""UUP"": 0.0107142857,
    ""BIL"": 0.0107142857
  }
}",1,0,0,12.584705832996406,571,1,0,0,0,295,12.348506,1713,stop,[],0,0,0,0,SPY,SPY,SPY,1,1,1.0,0.0,0.0,3.0531133177191805e-16,6.509259464525837e-17,3.0531133177191805e-16,1,"{""SPY"":0.0454545455,""QQQ"":0.0454545455,""IWM"":0.0454545455,""DIA"":0.0454545455,""EFA"":0.0454545455,""EEM"":0.0454545455,""VEA"":0.0454545455,""VWO"":0.0454545455,""AGG"":0.0454545455,""BND"":0.0454545455,""SHY"":0.0454545455,""IEF"":0.0454545455,""TLT"":0.0454545455,""TIP"":0.0454545455,""LQD"":0.0454545455,""HYG"":0.0454545455,""GLD"":0.0454545455,""SLV"":0.0454545455,""DBC"":0.0454545455,""VNQ"":0.0454545455,""UUP"":0.0454545455,""BIL"":0.0454545455}","{""SPY"":0.0454545455,""QQQ"":0.0454545455,""IWM"":0.0454545455,""DIA"":0.0454545455,""EFA"":0.0454545455,""EEM"":0.0454545455,""VEA"":0.0454545455,""VWO"":0.0454545455,""AGG"":0.0454545455,""BND"":0.0454545455,""SHY"":0.0454545455,""IEF"":0.0454545455,""TLT"":0.0454545455,""TIP"":0.0454545455,""LQD"":0.0454545455,""HYG"":0.0454545455,""GLD"":0.0454545455,""SLV"":0.0454545455,""DBC"":0.0454545455,""VNQ"":0.0454545455,""UUP"":0.0454545455,""BIL"":0.0454545455}","{""SPY"":0.0454545455,""QQQ"":0.0454545455,""IWM"":0.0454545455,""DIA"":0.0454545455,""EFA"":0.0454545455,""EEM"":0.0454545455,""VEA"":0.0454545455,""VWO"":0.0454545455,""AGG"":0.0454545455,""BND"":0.0454545455,""SHY"":0.0454545455,""IEF"":0.0454545455,""TLT"":0.0454545455,""TIP"":0.0454545455,""LQD"":0.0454545455,""HYG"":0.0454545455,""GLD"":0.0454545455,""SLV"":0.0454545455,""DBC"":0.0454545455,""VNQ"":0.0454545455,""UUP"":0.0454545455,""BIL"":0.0454545455}",0,0.9999999999999998,0.045454545454545456,0.045454545454545456,2.220446049250313e-16,0,0,1.0,0.04545454545454547,0.04545454545454547,1,1,1,3,45,2cfbf4beeca90ca17d0d31be
repeatability_504part,repeatability,repeat_00,llama3.1:8b,P5,,,real_ticker,,2011-07-05,42,10.0,0.6,0.25,29823d3bb957ad1c,"You are a RISK-ADJUSTED RETURN policy profile. Use only the provided feature values. Prefer eligible assets that combine stronger recent returns with lower recent volatility and smaller drawdowns. Assign larger weights to assets that appear to have stronger positive risk-adjusted profiles, smaller weights to middle-ranked assets, and little weight to weak or unstable candidates. Do not default to equal weights unless the provided features show no meaningful distinction across assets. Include every eligible ticker exactly once. Return strictly valid JSON only with a `weights` object whose values are decimals, not percentages.
Hard constraints for the execution layer: long-only weights, weights sum to one, maximum single-asset weight 0.60, and turnover cap 0.25. You propose weights; deterministic projection will enforce final feasibility.

Current Features:
- SPY_r1m: 0.03107944
- SPY_r3m: 0.00910545
- SPY_r12m: 0.32686599
- SPY_vol3m: 0.12806713
- SPY_mdd: -0.01434168
- QQQ_r1m: 0.03514703
- QQQ_r3m: 0.01851812
- QQQ_r12m: 0.37712886
- QQQ_vol3m: 0.15353815
- QQQ_mdd: -0.01501974
- IWM_r1m: 0.04219409
- IWM_r3m: -0.00516231
- IWM_r12m: 0.44078983
- IWM_vol3m: 0.18515131
- IWM_mdd: -0.02427814
- DIA_r1m: 0.03617496
- DIA_r3m: 0.02002857
- DIA_r12m: 0.32225385
- DIA_vol3m: 0.12210614
- DIA_mdd: -0.01496760
- EFA_r1m: 0.01123303
- EFA_r3m: 0.01456344
- EFA_r12m: 0.29490668
- EFA_vol3m: 0.19467101
- EFA_mdd: -0.03531478
- EEM_r1m: 0.01569691
- EEM_r3m: -0.02503661
- EEM_r12m: 0.27512729
- EEM_vol3m: 0.19259094
- EEM_mdd: -0.03144599
- VEA_r1m: 0.00870930
- VEA_r3m: 0.01433059
- VEA_r12m: 0.30163912
- VEA_vol3m: 0.19629802
- VEA_mdd: -0.03557965
- VWO_r1m: 0.01092334
- VWO_r3m: -0.02310290
- VWO_r12m: 0.28087819
- VWO_vol3m: 0.18180937
- VWO_mdd: -0.03273516
- AGG_r1m: -0.00190774
- AGG_r3m: 0.02490282
- AGG_r12m: 0.03454985
- AGG_vol3m: 0.03028003
- AGG_mdd: -0.00570679
- BND_r1m: -0.00247534
- BND_r3m: 0.02409753
- BND_r12m: 0.03704242
- BND_vol3m: 0.03061050
- BND_mdd: -0.00709452
- SHY_r1m: 0.00036785
- SHY_r3m: 0.00875466
- SHY_r12m: 0.01296555
- SHY_vol3m: 0.01036963
- SHY_mdd: -0.00199884
- IEF_r1m: -0.00740785
- IEF_r3m: 0.03801946
- IEF_r12m: 0.03634232
- IEF_vol3m: 0.06379805
- IEF_mdd: -0.01906839
- TLT_r1m: -0.02252416
- TLT_r3m: 0.02837370
- TLT_r12m: -0.03671872
- TLT_vol3m: 0.12085054
- TLT_mdd: -0.10120667
- TIP_r1m: 0.00468117
- TIP_r3m: 0.02923953
- TIP_r12m: 0.08286608
- TIP_vol3m: 0.04401142
- TIP_mdd: -0.00523298
- LQD_r1m: -0.00245947
- LQD_r3m: 0.02627115
- LQD_r12m: 0.06541992
- LQD_vol3m: 0.04344639
- LQD_mdd: -0.00934377
- HYG_r1m: 0.01139852
- HYG_r3m: 0.01324857
- HYG_r12m: 0.15648313
- HYG_vol3m: 0.07136542
- HYG_mdd: -0.00180901
- GLD_r1m: -0.01724135
- GLD_r3m: 0.05570658
- GLD_r12m: 0.26710156
- GLD_vol3m: 0.14053817
- GLD_mdd: -0.03110842
- SLV_r1m: -0.02009052
- SLV_r3m: -0.07849922
- SLV_r12m: 0.99022999
- SLV_vol3m: 0.55099117
- SLV_mdd: -0.26724498
- DBC_r1m: -0.02842980
- DBC_r3m: -0.05193556
- DBC_r12m: 0.38240813
- DBC_vol3m: 0.23895745
- DBC_mdd: -0.07926068
- VNQ_r1m: 0.02380981
- VNQ_r3m: 0.06159981
- VNQ_r12m: 0.43668797
- VNQ_vol3m: 0.16341808
- VNQ_mdd: -0.00885751
- UUP_r1m: 0.00900910
- UUP_r3m: -0.02250800
- UUP_r12m: -0.13107378
- UUP_vol3m: 0.08741327
- UUP_mdd: -0.17615178
- BIL_r1m: -0.00000000
- BIL_r3m: -0.00000000
- BIL_r12m: -0.00000000
- BIL_vol3m: 0.00233068
- BIL_mdd: -0.00043639
- cross_vol: 0.13420968

Assets: SPY, QQQ, IWM, DIA, EFA, EEM, VEA, VWO, AGG, BND, SHY, IEF, TLT, TIP, LQD, HYG, GLD, SLV, DBC, VNQ, UUP, BIL","{
  ""weights"": {
    ""SPY"": 0.23,
    ""QQQ"": 0.21,
    ""IWM"": 0.19,
    ""DIA"": 0.15,
    ""EFA"": 0.11,
    ""EEM"": 0.08,
    ""VEA"": 0.06,
    ""VWO"": 0.05,
    ""AGG"": 0.04,
    ""BND"": 0.03,
    ""SHY"": 0.02,
    ""IEF"": 0.01,
    ""TLT"": 0.005,
    ""TIP"": 0.005,
    ""LQD"": 0.005,
    ""HYG"": 0.005,
    ""GLD"": 0.005,
    ""SLV"": 0.005,
    ""DBC"": 0.005,
    ""VNQ"": 0.005,
    ""UUP"": 0.005,
    ""BIL"": 0
  }
}",1,0,0,17.293532208001125,401,1,0,0,0,227,9.5117,1773,stop,[],0,0,0,0,DIA,SPY,SPY,0,0,0.6666666666666666,0.6358417197842071,0.18046977252055849,1.457167719820518e-16,3.6055550369691825e-17,1.0452690166975882,0,"{""SPY"":0.187755102,""QQQ"":0.1714285714,""IWM"":0.1551020408,""DIA"":0.1224489796,""EFA"":0.0897959184,""EEM"":0.0653061224,""VEA"":0.0489795918,""VWO"":0.0408163265,""AGG"":0.0326530612,""BND"":0.0244897959,""SHY"":0.0163265306,""IEF"":0.0081632653,""TLT"":0.0040816327,""TIP"":0.0040816327,""LQD"":0.0040816327,""HYG"":0.0040816327,""GLD"":0.0040816327,""SLV"":0.0040816327,""DBC"":0.0040816327,""VNQ"":0.0040816327,""UUP"":0.0040816327,""BIL"":0.0}","{""SPY"":0.187755102,""QQQ"":0.1714285714,""IWM"":0.1551020408,""DIA"":0.1224489796,""EFA"":0.0897959184,""EEM"":0.0653061224,""VEA"":0.0489795918,""VWO"":0.0408163265,""AGG"":0.0326530612,""BND"":0.0244897959,""SHY"":0.0163265306,""IEF"":0.0081632653,""TLT"":0.0040816327,""TIP"":0.0040816327,""LQD"":0.0040816327,""HYG"":0.0040816327,""GLD"":0.0040816327,""SLV"":0.0040816327,""DBC"":0.0040816327,""VNQ"":0.0040816327,""UUP"":0.0040816327,""BIL"":0.0}","{""SPY"":0.1355972974,""QQQ"":0.1279051029,""IWM"":0.1273328202,""DIA"":0.1655335862,""EFA"":0.0322411858,""EEM"":0.0455400714,""VEA"":0.0247903679,""VWO"":0.0335702536,""AGG"":2.428612866e-17,""BND"":2.428612866e-17,""SHY"":0.0198208376,""IEF"":2.428612866e-17,""TLT"":2.428612866e-17,""TIP"":0.0594298993,""LQD"":2.428612866e-17,""HYG"":0.0892434472,""GLD"":2.428612866e-17,""SLV"":2.428612866e-17,""DBC"":2.428612866e-17,""VNQ"":0.0814087964,""UUP"":0.057586334,""BIL"":2.428612866e-17}",0,1.0000000000000004,0.18775510204081636,0.0,4.440892098500626e-16,0,0,1.0,0.18775510204081636,0.0,1,1,1,0,42,f40e07d966adec290db14715
repeatability_504part,repeatability,repeat_01,llama3.1:8b,P5,,,real_ticker,,2011-07-05,42,10.0,0.6,0.25,29823d3bb957ad1c,"You are a RISK-ADJUSTED RETURN policy profile. Use only the provided feature values. Prefer eligible assets that combine stronger recent returns with lower recent volatility and smaller drawdowns. Assign larger weights to assets that appear to have stronger positive risk-adjusted profiles, smaller weights to middle-ranked assets, and little weight to weak or unstable candidates. Do not default to equal weights unless the provided features show no meaningful distinction across assets. Include every eligible ticker exactly once. Return strictly valid JSON only with a `weights` object whose values are decimals, not percentages.
Hard constraints for the execution layer: long-only weights, weights sum to one, maximum single-asset weight 0.60, and turnover cap 0.25. You propose weights; deterministic projection will enforce final feasibility.

Current Features:
- SPY_r1m: 0.03107944
- SPY_r3m: 0.00910545
- SPY_r12m: 0.32686599
- SPY_vol3m: 0.12806713
- SPY_mdd: -0.01434168
- QQQ_r1m: 0.03514703
- QQQ_r3m: 0.01851812
- QQQ_r12m: 0.37712886
- QQQ_vol3m: 0.15353815
- QQQ_mdd: -0.01501974
- IWM_r1m: 0.04219409
- IWM_r3m: -0.00516231
- IWM_r12m: 0.44078983
- IWM_vol3m: 0.18515131
- IWM_mdd: -0.02427814
- DIA_r1m: 0.03617496
- DIA_r3m: 0.02002857
- DIA_r12m: 0.32225385
- DIA_vol3m: 0.12210614
- DIA_mdd: -0.01496760
- EFA_r1m: 0.01123303
- EFA_r3m: 0.01456344
- EFA_r12m: 0.29490668
- EFA_vol3m: 0.19467101
- EFA_mdd: -0.03531478
- EEM_r1m: 0.01569691
- EEM_r3m: -0.02503661
- EEM_r12m: 0.27512729
- EEM_vol3m: 0.19259094
- EEM_mdd: -0.03144599
- VEA_r1m: 0.00870930
- VEA_r3m: 0.01433059
- VEA_r12m: 0.30163912
- VEA_vol3m: 0.19629802
- VEA_mdd: -0.03557965
- VWO_r1m: 0.01092334
- VWO_r3m: -0.02310290
- VWO_r12m: 0.28087819
- VWO_vol3m: 0.18180937
- VWO_mdd: -0.03273516
- AGG_r1m: -0.00190774
- AGG_r3m: 0.02490282
- AGG_r12m: 0.03454985
- AGG_vol3m: 0.03028003
- AGG_mdd: -0.00570679
- BND_r1m: -0.00247534
- BND_r3m: 0.02409753
- BND_r12m: 0.03704242
- BND_vol3m: 0.03061050
- BND_mdd: -0.00709452
- SHY_r1m: 0.00036785
- SHY_r3m: 0.00875466
- SHY_r12m: 0.01296555
- SHY_vol3m: 0.01036963
- SHY_mdd: -0.00199884
- IEF_r1m: -0.00740785
- IEF_r3m: 0.03801946
- IEF_r12m: 0.03634232
- IEF_vol3m: 0.06379805
- IEF_mdd: -0.01906839
- TLT_r1m: -0.02252416
- TLT_r3m: 0.02837370
- TLT_r12m: -0.03671872
- TLT_vol3m: 0.12085054
- TLT_mdd: -0.10120667
- TIP_r1m: 0.00468117
- TIP_r3m: 0.02923953
- TIP_r12m: 0.08286608
- TIP_vol3m: 0.04401142
- TIP_mdd: -0.00523298
- LQD_r1m: -0.00245947
- LQD_r3m: 0.02627115
- LQD_r12m: 0.06541992
- LQD_vol3m: 0.04344639
- LQD_mdd: -0.00934377
- HYG_r1m: 0.01139852
- HYG_r3m: 0.01324857
- HYG_r12m: 0.15648313
- HYG_vol3m: 0.07136542
- HYG_mdd: -0.00180901
- GLD_r1m: -0.01724135
- GLD_r3m: 0.05570658
- GLD_r12m: 0.26710156
- GLD_vol3m: 0.14053817
- GLD_mdd: -0.03110842
- SLV_r1m: -0.02009052
- SLV_r3m: -0.07849922
- SLV_r12m: 0.99022999
- SLV_vol3m: 0.55099117
- SLV_mdd: -0.26724498
- DBC_r1m: -0.02842980
- DBC_r3m: -0.05193556
- DBC_r12m: 0.38240813
- DBC_vol3m: 0.23895745
- DBC_mdd: -0.07926068
- VNQ_r1m: 0.02380981
- VNQ_r3m: 0.06159981
- VNQ_r12m: 0.43668797
- VNQ_vol3m: 0.16341808
- VNQ_mdd: -0.00885751
- UUP_r1m: 0.00900910
- UUP_r3m: -0.02250800
- UUP_r12m: -0.13107378
- UUP_vol3m: 0.08741327
- UUP_mdd: -0.17615178
- BIL_r1m: -0.00000000
- BIL_r3m: -0.00000000
- BIL_r12m: -0.00000000
- BIL_vol3m: 0.00233068
- BIL_mdd: -0.00043639
- cross_vol: 0.13420968

Assets: SPY, QQQ, IWM, DIA, EFA, EEM, VEA, VWO, AGG, BND, SHY, IEF, TLT, TIP, LQD, HYG, GLD, SLV, DBC, VNQ, UUP, BIL","{
  ""weights"": {
    ""SPY"": 0.23,
    ""QQQ"": 0.21,
    ""IWM"": 0.19,
    ""DIA"": 0.15,
    ""EFA"": 0.11,
    ""EEM"": 0.08,
    ""VEA"": 0.06,
    ""VWO"": 0.05,
    ""AGG"": 0.04,
    ""BND"": 0.03,
    ""SHY"": 0.02,
    ""IEF"": 0.01,
    ""TLT"": 0.005,
    ""TIP"": 0.005,
    ""LQD"": 0.005,
    ""HYG"": 0.005,
    ""GLD"": 0.005,
    ""SLV"": 0.005,
    ""DBC"": 0.005,
    ""VNQ"": 0.005,
    ""UUP"": 0.005,
    ""BIL"": 0
  }
}",1,0,0,9.744266417008475,401,1,0,0,0,227,9.520107,1773,stop,[],0,0,0,0,DIA,SPY,SPY,0,0,0.6666666666666666,0.6358417197842071,0.18046977252055849,1.457167719820518e-16,3.6055550369691825e-17,1.0452690166975882,0,"{""SPY"":0.187755102,""QQQ"":0.1714285714,""IWM"":0.1551020408,""DIA"":0.1224489796,""EFA"":0.0897959184,""EEM"":0.0653061224,""VEA"":0.0489795918,""VWO"":0.0408163265,""AGG"":0.0326530612,""BND"":0.0244897959,""SHY"":0.0163265306,""IEF"":0.0081632653,""TLT"":0.0040816327,""TIP"":0.0040816327,""LQD"":0.0040816327,""HYG"":0.0040816327,""GLD"":0.0040816327,""SLV"":0.0040816327,""DBC"":0.0040816327,""VNQ"":0.0040816327,""UUP"":0.0040816327,""BIL"":0.0}","{""SPY"":0.187755102,""QQQ"":0.1714285714,""IWM"":0.1551020408,""DIA"":0.1224489796,""EFA"":0.0897959184,""EEM"":0.0653061224,""VEA"":0.0489795918,""VWO"":0.0408163265,""AGG"":0.0326530612,""BND"":0.0244897959,""SHY"":0.0163265306,""IEF"":0.0081632653,""TLT"":0.0040816327,""TIP"":0.0040816327,""LQD"":0.0040816327,""HYG"":0.0040816327,""GLD"":0.0040816327,""SLV"":0.0040816327,""DBC"":0.0040816327,""VNQ"":0.0040816327,""UUP"":0.0040816327,""BIL"":0.0}","{""SPY"":0.1355972974,""QQQ"":0.1279051029,""IWM"":0.1273328202,""DIA"":0.1655335862,""EFA"":0.0322411858,""EEM"":0.0455400714,""VEA"":0.0247903679,""VWO"":0.0335702536,""AGG"":2.428612866e-17,""BND"":2.428612866e-17,""SHY"":0.0198208376,""IEF"":2.428612866e-17,""TLT"":2.428612866e-17,""TIP"":0.0594298993,""LQD"":2.428612866e-17,""HYG"":0.0892434472,""GLD"":2.428612866e-17,""SLV"":2.428612866e-17,""DBC"":2.428612866e-17,""VNQ"":0.0814087964,""UUP"":0.057586334,""BIL"":2.428612866e-17}",0,1.0000000000000004,0.18775510204081636,0.0,4.440892098500626e-16,0,0,1.0,0.18775510204081636,0.0,1,1,1,1,43,027565a6e96c4b297b34f3e5
repeatability_504part,repeatability,repeat_02,llama3.1:8b,P5,,,real_ticker,,2011-07-05,42,10.0,0.6,0.25,29823d3bb957ad1c,"You are a RISK-ADJUSTED RETURN policy profile. Use only the provided feature values. Prefer eligible assets that combine stronger recent returns with lower recent volatility and smaller drawdowns. Assign larger weights to assets that appear to have stronger positive risk-adjusted profiles, smaller weights to middle-ranked assets, and little weight to weak or unstable candidates. Do not default to equal weights unless the provided features show no meaningful distinction across assets. Include every eligible ticker exactly once. Return strictly valid JSON only with a `weights` object whose values are decimals, not percentages.
Hard constraints for the execution layer: long-only weights, weights sum to one, maximum single-asset weight 0.60, and turnover cap 0.25. You propose weights; deterministic projection will enforce final feasibility.

Current Features:
- SPY_r1m: 0.03107944
- SPY_r3m: 0.00910545
- SPY_r12m: 0.32686599
- SPY_vol3m: 0.12806713
- SPY_mdd: -0.01434168
- QQQ_r1m: 0.03514703
- QQQ_r3m: 0.01851812
- QQQ_r12m: 0.37712886
- QQQ_vol3m: 0.15353815
- QQQ_mdd: -0.01501974
- IWM_r1m: 0.04219409
- IWM_r3m: -0.00516231
- IWM_r12m: 0.44078983
- IWM_vol3m: 0.18515131
- IWM_mdd: -0.02427814
- DIA_r1m: 0.03617496
- DIA_r3m: 0.02002857
- DIA_r12m: 0.32225385
- DIA_vol3m: 0.12210614
- DIA_mdd: -0.01496760
- EFA_r1m: 0.01123303
- EFA_r3m: 0.01456344
- EFA_r12m: 0.29490668
- EFA_vol3m: 0.19467101
- EFA_mdd: -0.03531478
- EEM_r1m: 0.01569691
- EEM_r3m: -0.02503661
- EEM_r12m: 0.27512729
- EEM_vol3m: 0.19259094
- EEM_mdd: -0.03144599
- VEA_r1m: 0.00870930
- VEA_r3m: 0.01433059
- VEA_r12m: 0.30163912
- VEA_vol3m: 0.19629802
- VEA_mdd: -0.03557965
- VWO_r1m: 0.01092334
- VWO_r3m: -0.02310290
- VWO_r12m: 0.28087819
- VWO_vol3m: 0.18180937
- VWO_mdd: -0.03273516
- AGG_r1m: -0.00190774
- AGG_r3m: 0.02490282
- AGG_r12m: 0.03454985
- AGG_vol3m: 0.03028003
- AGG_mdd: -0.00570679
- BND_r1m: -0.00247534
- BND_r3m: 0.02409753
- BND_r12m: 0.03704242
- BND_vol3m: 0.03061050
- BND_mdd: -0.00709452
- SHY_r1m: 0.00036785
- SHY_r3m: 0.00875466
- SHY_r12m: 0.01296555
- SHY_vol3m: 0.01036963
- SHY_mdd: -0.00199884
- IEF_r1m: -0.00740785
- IEF_r3m: 0.03801946
- IEF_r12m: 0.03634232
- IEF_vol3m: 0.06379805
- IEF_mdd: -0.01906839
- TLT_r1m: -0.02252416
- TLT_r3m: 0.02837370
- TLT_r12m: -0.03671872
- TLT_vol3m: 0.12085054
- TLT_mdd: -0.10120667
- TIP_r1m: 0.00468117
- TIP_r3m: 0.02923953
- TIP_r12m: 0.08286608
- TIP_vol3m: 0.04401142
- TIP_mdd: -0.00523298
- LQD_r1m: -0.00245947
- LQD_r3m: 0.02627115
- LQD_r12m: 0.06541992
- LQD_vol3m: 0.04344639
- LQD_mdd: -0.00934377
- HYG_r1m: 0.01139852
- HYG_r3m: 0.01324857
- HYG_r12m: 0.15648313
- HYG_vol3m: 0.07136542
- HYG_mdd: -0.00180901
- GLD_r1m: -0.01724135
- GLD_r3m: 0.05570658
- GLD_r12m: 0.26710156
- GLD_vol3m: 0.14053817
- GLD_mdd: -0.03110842
- SLV_r1m: -0.02009052
- SLV_r3m: -0.07849922
- SLV_r12m: 0.99022999
- SLV_vol3m: 0.55099117
- SLV_mdd: -0.26724498
- DBC_r1m: -0.02842980
- DBC_r3m: -0.05193556
- DBC_r12m: 0.38240813
- DBC_vol3m: 0.23895745
- DBC_mdd: -0.07926068
- VNQ_r1m: 0.02380981
- VNQ_r3m: 0.06159981
- VNQ_r12m: 0.43668797
- VNQ_vol3m: 0.16341808
- VNQ_mdd: -0.00885751
- UUP_r1m: 0.00900910
- UUP_r3m: -0.02250800
- UUP_r12m: -0.13107378
- UUP_vol3m: 0.08741327
- UUP_mdd: -0.17615178
- BIL_r1m: -0.00000000
- BIL_r3m: -0.00000000
- BIL_r12m: -0.00000000
- BIL_vol3m: 0.00233068
- BIL_mdd: -0.00043639
- cross_vol: 0.13420968

Assets: SPY, QQQ, IWM, DIA, EFA, EEM, VEA, VWO, AGG, BND, SHY, IEF, TLT, TIP, LQD, HYG, GLD, SLV, DBC, VNQ, UUP, BIL","{
  ""weights"": {
    ""SPY"": 0.23,
    ""QQQ"": 0.21,
    ""IWM"": 0.19,
    ""DIA"": 0.15,
    ""EFA"": 0.11,
    ""EEM"": 0.08,
    ""VEA"": 0.06,
    ""VWO"": 0.05,
    ""AGG"": 0.04,
    ""BND"": 0.03,
    ""SHY"": 0.02,
    ""IEF"": 0.01,
    ""TLT"": 0.005,
    ""TIP"": 0.005,
    ""LQD"": 0.005,
    ""HYG"": 0.005,
    ""GLD"": 0.005,
    ""SLV"": 0.005,
    ""DBC"": 0.005,
    ""VNQ"": 0.005,
    ""UUP"": 0.005,
    ""BIL"": 0
  }
}",1,0,0,9.709578584006522,401,1,0,0,0,227,9.464222,1773,stop,[],0,0,0,0,DIA,SPY,SPY,0,0,0.6666666666666666,0.6358417197842071,0.18046977252055849,1.457167719820518e-16,3.6055550369691825e-17,1.0452690166975882,0,"{""SPY"":0.187755102,""QQQ"":0.1714285714,""IWM"":0.1551020408,""DIA"":0.1224489796,""EFA"":0.0897959184,""EEM"":0.0653061224,""VEA"":0.0489795918,""VWO"":0.0408163265,""AGG"":0.0326530612,""BND"":0.0244897959,""SHY"":0.0163265306,""IEF"":0.0081632653,""TLT"":0.0040816327,""TIP"":0.0040816327,""LQD"":0.0040816327,""HYG"":0.0040816327,""GLD"":0.0040816327,""SLV"":0.0040816327,""DBC"":0.0040816327,""VNQ"":0.0040816327,""UUP"":0.0040816327,""BIL"":0.0}","{""SPY"":0.187755102,""QQQ"":0.1714285714,""IWM"":0.1551020408,""DIA"":0.1224489796,""EFA"":0.0897959184,""EEM"":0.0653061224,""VEA"":0.0489795918,""VWO"":0.0408163265,""AGG"":0.0326530612,""BND"":0.0244897959,""SHY"":0.0163265306,""IEF"":0.0081632653,""TLT"":0.0040816327,""TIP"":0.0040816327,""LQD"":0.0040816327,""HYG"":0.0040816327,""GLD"":0.0040816327,""SLV"":0.0040816327,""DBC"":0.0040816327,""VNQ"":0.0040816327,""UUP"":0.0040816327,""BIL"":0.0}","{""SPY"":0.1355972974,""QQQ"":0.1279051029,""IWM"":0.1273328202,""DIA"":0.1655335862,""EFA"":0.0322411858,""EEM"":0.0455400714,""VEA"":0.0247903679,""VWO"":0.0335702536,""AGG"":2.428612866e-17,""BND"":2.428612866e-17,""SHY"":0.0198208376,""IEF"":2.428612866e-17,""TLT"":2.428612866e-17,""TIP"":0.0594298993,""LQD"":2.428612866e-17,""HYG"":0.0892434472,""GLD"":2.428612866e-17,""SLV"":2.428612866e-17,""DBC"":2.428612866e-17,""VNQ"":0.0814087964,""UUP"":0.057586334,""BIL"":2.428612866e-17}",0,1.0000000000000004,0.18775510204081636,0.0,4.440892098500626e-16,0,0,1.0,0.18775510204081636,0.0,1,1,1,2,44,3c1e12fe5128ed730879a1f2
repeatability_504part,repeatability,repeat_03,llama3.1:8b,P5,,,real_ticker,,2011-07-05,42,10.0,0.6,0.25,29823d3bb957ad1c,"You are a RISK-ADJUSTED RETURN policy profile. Use only the provided feature values. Prefer eligible assets that combine stronger recent returns with lower recent volatility and smaller drawdowns. Assign larger weights to assets that appear to have stronger positive risk-adjusted profiles, smaller weights to middle-ranked assets, and little weight to weak or unstable candidates. Do not default to equal weights unless the provided features show no meaningful distinction across assets. Include every eligible ticker exactly once. Return strictly valid JSON only with a `weights` object whose values are decimals, not percentages.
Hard constraints for the execution layer: long-only weights, weights sum to one, maximum single-asset weight 0.60, and turnover cap 0.25. You propose weights; deterministic projection will enforce final feasibility.

Current Features:
- SPY_r1m: 0.03107944
- SPY_r3m: 0.00910545
- SPY_r12m: 0.32686599
- SPY_vol3m: 0.12806713
- SPY_mdd: -0.01434168
- QQQ_r1m: 0.03514703
- QQQ_r3m: 0.01851812
- QQQ_r12m: 0.37712886
- QQQ_vol3m: 0.15353815
- QQQ_mdd: -0.01501974
- IWM_r1m: 0.04219409
- IWM_r3m: -0.00516231
- IWM_r12m: 0.44078983
- IWM_vol3m: 0.18515131
- IWM_mdd: -0.02427814
- DIA_r1m: 0.03617496
- DIA_r3m: 0.02002857
- DIA_r12m: 0.32225385
- DIA_vol3m: 0.12210614
- DIA_mdd: -0.01496760
- EFA_r1m: 0.01123303
- EFA_r3m: 0.01456344
- EFA_r12m: 0.29490668
- EFA_vol3m: 0.19467101
- EFA_mdd: -0.03531478
- EEM_r1m: 0.01569691
- EEM_r3m: -0.02503661
- EEM_r12m: 0.27512729
- EEM_vol3m: 0.19259094
- EEM_mdd: -0.03144599
- VEA_r1m: 0.00870930
- VEA_r3m: 0.01433059
- VEA_r12m: 0.30163912
- VEA_vol3m: 0.19629802
- VEA_mdd: -0.03557965
- VWO_r1m: 0.01092334
- VWO_r3m: -0.02310290
- VWO_r12m: 0.28087819
- VWO_vol3m: 0.18180937
- VWO_mdd: -0.03273516
- AGG_r1m: -0.00190774
- AGG_r3m: 0.02490282
- AGG_r12m: 0.03454985
- AGG_vol3m: 0.03028003
- AGG_mdd: -0.00570679
- BND_r1m: -0.00247534
- BND_r3m: 0.02409753
- BND_r12m: 0.03704242
- BND_vol3m: 0.03061050
- BND_mdd: -0.00709452
- SHY_r1m: 0.00036785
- SHY_r3m: 0.00875466
- SHY_r12m: 0.01296555
- SHY_vol3m: 0.01036963
- SHY_mdd: -0.00199884
- IEF_r1m: -0.00740785
- IEF_r3m: 0.03801946
- IEF_r12m: 0.03634232
- IEF_vol3m: 0.06379805
- IEF_mdd: -0.01906839
- TLT_r1m: -0.02252416
- TLT_r3m: 0.02837370
- TLT_r12m: -0.03671872
- TLT_vol3m: 0.12085054
- TLT_mdd: -0.10120667
- TIP_r1m: 0.00468117
- TIP_r3m: 0.02923953
- TIP_r12m: 0.08286608
- TIP_vol3m: 0.04401142
- TIP_mdd: -0.00523298
- LQD_r1m: -0.00245947
- LQD_r3m: 0.02627115
- LQD_r12m: 0.06541992
- LQD_vol3m: 0.04344639
- LQD_mdd: -0.00934377
- HYG_r1m: 0.01139852
- HYG_r3m: 0.01324857
- HYG_r12m: 0.15648313
- HYG_vol3m: 0.07136542
- HYG_mdd: -0.00180901
- GLD_r1m: -0.01724135
- GLD_r3m: 0.05570658
- GLD_r12m: 0.26710156
- GLD_vol3m: 0.14053817
- GLD_mdd: -0.03110842
- SLV_r1m: -0.02009052
- SLV_r3m: -0.07849922
- SLV_r12m: 0.99022999
- SLV_vol3m: 0.55099117
- SLV_mdd: -0.26724498
- DBC_r1m: -0.02842980
- DBC_r3m: -0.05193556
- DBC_r12m: 0.38240813
- DBC_vol3m: 0.23895745
- DBC_mdd: -0.07926068
- VNQ_r1m: 0.02380981
- VNQ_r3m: 0.06159981
- VNQ_r12m: 0.43668797
- VNQ_vol3m: 0.16341808
- VNQ_mdd: -0.00885751
- UUP_r1m: 0.00900910
- UUP_r3m: -0.02250800
- UUP_r12m: -0.13107378
- UUP_vol3m: 0.08741327
- UUP_mdd: -0.17615178
- BIL_r1m: -0.00000000
- BIL_r3m: -0.00000000
- BIL_r12m: -0.00000000
- BIL_vol3m: 0.00233068
- BIL_mdd: -0.00043639
- cross_vol: 0.13420968

Assets: SPY, QQQ, IWM, DIA, EFA, EEM, VEA, VWO, AGG, BND, SHY, IEF, TLT, TIP, LQD, HYG, GLD, SLV, DBC, VNQ, UUP, BIL","{
  ""weights"": {
    ""SPY"": 0.23,
    ""QQQ"": 0.21,
    ""IWM"": 0.19,
    ""DIA"": 0.15,
    ""EFA"": 0.11,
    ""EEM"": 0.08,
    ""VEA"": 0.06,
    ""VWO"": 0.05,
    ""AGG"": 0.04,
    ""BND"": 0.03,
    ""SHY"": 0.02,
    ""IEF"": 0.01,
    ""TLT"": 0.005,
    ""TIP"": 0.005,
    ""LQD"": 0.005,
    ""HYG"": 0.005,
    ""GLD"": 0.005,
    ""SLV"": 0.005,
    ""DBC"": 0.005,
    ""VNQ"": 0.005,
    ""UUP"": 0.005,
    ""BIL"": 0
  }
}",1,0,0,9.718247083001188,401,1,0,0,0,227,9.47385,1773,stop,[],0,0,0,0,DIA,SPY,SPY,0,0,0.6666666666666666,0.6358417197842071,0.18046977252055849,1.457167719820518e-16,3.6055550369691825e-17,1.0452690166975882,0,"{""SPY"":0.187755102,""QQQ"":0.1714285714,""IWM"":0.1551020408,""DIA"":0.1224489796,""EFA"":0.0897959184,""EEM"":0.0653061224,""VEA"":0.0489795918,""VWO"":0.0408163265,""AGG"":0.0326530612,""BND"":0.0244897959,""SHY"":0.0163265306,""IEF"":0.0081632653,""TLT"":0.0040816327,""TIP"":0.0040816327,""LQD"":0.0040816327,""HYG"":0.0040816327,""GLD"":0.0040816327,""SLV"":0.0040816327,""DBC"":0.0040816327,""VNQ"":0.0040816327,""UUP"":0.0040816327,""BIL"":0.0}","{""SPY"":0.187755102,""QQQ"":0.1714285714,""IWM"":0.1551020408,""DIA"":0.1224489796,""EFA"":0.0897959184,""EEM"":0.0653061224,""VEA"":0.0489795918,""VWO"":0.0408163265,""AGG"":0.0326530612,""BND"":0.0244897959,""SHY"":0.0163265306,""IEF"":0.0081632653,""TLT"":0.0040816327,""TIP"":0.0040816327,""LQD"":0.0040816327,""HYG"":0.0040816327,""GLD"":0.0040816327,""SLV"":0.0040816327,""DBC"":0.0040816327,""VNQ"":0.0040816327,""UUP"":0.0040816327,""BIL"":0.0}","{""SPY"":0.1355972974,""QQQ"":0.1279051029,""IWM"":0.1273328202,""DIA"":0.1655335862,""EFA"":0.0322411858,""EEM"":0.0455400714,""VEA"":0.0247903679,""VWO"":0.0335702536,""AGG"":2.428612866e-17,""BND"":2.428612866e-17,""SHY"":0.0198208376,""IEF"":2.428612866e-17,""TLT"":2.428612866e-17,""TIP"":0.0594298993,""LQD"":2.428612866e-17,""HYG"":0.0892434472,""GLD"":2.428612866e-17,""SLV"":2.428612866e-17,""DBC"":2.428612866e-17,""VNQ"":0.0814087964,""UUP"":0.057586334,""BIL"":2.428612866e-17}",0,1.0000000000000004,0.18775510204081636,0.0,4.440892098500626e-16,0,0,1.0,0.18775510204081636,0.0,1,1,1,3,45,90cffd386f9d0df879c31e9c
repeatability_504part,repeatability,repeat_00,llama3.1:8b,P6,,,real_ticker,,2011-07-05,42,10.0,0.6,0.25,9895db325a1dff38,"You are a HYBRID DEFENSIVE-MOMENTUM policy profile. Use only the supplied feature values. Prefer assets with above-median `_r12m`, but among those candidates favor lower `_vol3m` and smaller drawdowns. Avoid assets with severe drawdowns unless their twelve-month momentum is unusually strong and their volatility is not high. During high cross-sectional volatility, keep at least 20% of the portfolio in bond-like or cash-like ETFs if such assets are present in the provided asset list. Do not allocate more than 40% to any single risky asset as a language-level preference; the deterministic projection layer will enforce final feasibility. Include every eligible ticker exactly once. Return strictly valid JSON only with a `weights` object whose values are decimals, not percentages.
Hard constraints for the execution layer: long-only weights, weights sum to one, maximum single-asset weight 0.60, and turnover cap 0.25. You propose weights; deterministic projection will enforce final feasibility.

Current Features:
- SPY_r1m: 0.03107944
- SPY_r3m: 0.00910545
- SPY_r12m: 0.32686599
- SPY_vol3m: 0.12806713
- SPY_mdd: -0.01434168
- QQQ_r1m: 0.03514703
- QQQ_r3m: 0.01851812
- QQQ_r12m: 0.37712886
- QQQ_vol3m: 0.15353815
- QQQ_mdd: -0.01501974
- IWM_r1m: 0.04219409
- IWM_r3m: -0.00516231
- IWM_r12m: 0.44078983
- IWM_vol3m: 0.18515131
- IWM_mdd: -0.02427814
- DIA_r1m: 0.03617496
- DIA_r3m: 0.02002857
- DIA_r12m: 0.32225385
- DIA_vol3m: 0.12210614
- DIA_mdd: -0.01496760
- EFA_r1m: 0.01123303
- EFA_r3m: 0.01456344
- EFA_r12m: 0.29490668
- EFA_vol3m: 0.19467101
- EFA_mdd: -0.03531478
- EEM_r1m: 0.01569691
- EEM_r3m: -0.02503661
- EEM_r12m: 0.27512729
- EEM_vol3m: 0.19259094
- EEM_mdd: -0.03144599
- VEA_r1m: 0.00870930
- VEA_r3m: 0.01433059
- VEA_r12m: 0.30163912
- VEA_vol3m: 0.19629802
- VEA_mdd: -0.03557965
- VWO_r1m: 0.01092334
- VWO_r3m: -0.02310290
- VWO_r12m: 0.28087819
- VWO_vol3m: 0.18180937
- VWO_mdd: -0.03273516
- AGG_r1m: -0.00190774
- AGG_r3m: 0.02490282
- AGG_r12m: 0.03454985
- AGG_vol3m: 0.03028003
- AGG_mdd: -0.00570679
- BND_r1m: -0.00247534
- BND_r3m: 0.02409753
- BND_r12m: 0.03704242
- BND_vol3m: 0.03061050
- BND_mdd: -0.00709452
- SHY_r1m: 0.00036785
- SHY_r3m: 0.00875466
- SHY_r12m: 0.01296555
- SHY_vol3m: 0.01036963
- SHY_mdd: -0.00199884
- IEF_r1m: -0.00740785
- IEF_r3m: 0.03801946
- IEF_r12m: 0.03634232
- IEF_vol3m: 0.06379805
- IEF_mdd: -0.01906839
- TLT_r1m: -0.02252416
- TLT_r3m: 0.02837370
- TLT_r12m: -0.03671872
- TLT_vol3m: 0.12085054
- TLT_mdd: -0.10120667
- TIP_r1m: 0.00468117
- TIP_r3m: 0.02923953
- TIP_r12m: 0.08286608
- TIP_vol3m: 0.04401142
- TIP_mdd: -0.00523298
- LQD_r1m: -0.00245947
- LQD_r3m: 0.02627115
- LQD_r12m: 0.06541992
- LQD_vol3m: 0.04344639
- LQD_mdd: -0.00934377
- HYG_r1m: 0.01139852
- HYG_r3m: 0.01324857
- HYG_r12m: 0.15648313
- HYG_vol3m: 0.07136542
- HYG_mdd: -0.00180901
- GLD_r1m: -0.01724135
- GLD_r3m: 0.05570658
- GLD_r12m: 0.26710156
- GLD_vol3m: 0.14053817
- GLD_mdd: -0.03110842
- SLV_r1m: -0.02009052
- SLV_r3m: -0.07849922
- SLV_r12m: 0.99022999
- SLV_vol3m: 0.55099117
- SLV_mdd: -0.26724498
- DBC_r1m: -0.02842980
- DBC_r3m: -0.05193556
- DBC_r12m: 0.38240813
- DBC_vol3m: 0.23895745
- DBC_mdd: -0.07926068
- VNQ_r1m: 0.02380981
- VNQ_r3m: 0.06159981
- VNQ_r12m: 0.43668797
- VNQ_vol3m: 0.16341808
- VNQ_mdd: -0.00885751
- UUP_r1m: 0.00900910
- UUP_r3m: -0.02250800
- UUP_r12m: -0.13107378
- UUP_vol3m: 0.08741327
- UUP_mdd: -0.17615178
- BIL_r1m: -0.00000000
- BIL_r3m: -0.00000000
- BIL_r12m: -0.00000000
- BIL_vol3m: 0.00233068
- BIL_mdd: -0.00043639
- cross_vol: 0.13420968

Assets: SPY, QQQ, IWM, DIA, EFA, EEM, VEA, VWO, AGG, BND, SHY, IEF, TLT, TIP, LQD, HYG, GLD, SLV, DBC, VNQ, UUP, BIL","{
  ""weights"": {
    ""SPY"": 0.2,
    ""QQQ"": 0.15,
    ""IWM"": 0.1,
    ""DIA"": 0.05,
    ""EFA"": 0.025,
    ""EEM"": 0.025,
    ""VEA"": 0.025,
    ""VWO"": 0.025,
    ""AGG"": 0.2,
    ""BND"": 0.15,
    ""SHY"": 0.1,
    ""IEF"": 0.05,
    ""TLT"": 0.025,
    ""TIP"": 0.025,
    ""LQD"": 0.025,
    ""HYG"": 0.025,
    ""GLD"": 0.025,
    ""SLV"": 0.025,
    ""DBC"": 0.025,
    ""VNQ"": 0.025,
    ""UUP"": 0.025,
    ""BIL"": 0.2
  }
}",1,0,0,17.32693075000134,403,1,0,0,0,229,9.5827,1821,stop,[],0,0,0,0,VNQ,SPY,SPY,0,0,0.3333333333333333,0.8199301394133947,0.2436170144450935,1.0408340855860843e-16,2.6874220530932865e-17,0.8062593144560354,0,"{""SPY"":0.131147541,""QQQ"":0.0983606557,""IWM"":0.0655737705,""DIA"":0.0327868852,""EFA"":0.0163934426,""EEM"":0.0163934426,""VEA"":0.0163934426,""VWO"":0.0163934426,""AGG"":0.131147541,""BND"":0.0983606557,""SHY"":0.0655737705,""IEF"":0.0327868852,""TLT"":0.0163934426,""TIP"":0.0163934426,""LQD"":0.0163934426,""HYG"":0.0163934426,""GLD"":0.0163934426,""SLV"":0.0163934426,""DBC"":0.0163934426,""VNQ"":0.0163934426,""UUP"":0.0163934426,""BIL"":0.131147541}","{""SPY"":0.131147541,""QQQ"":0.0983606557,""IWM"":0.0655737705,""DIA"":0.0327868852,""EFA"":0.0163934426,""EEM"":0.0163934426,""VEA"":0.0163934426,""VWO"":0.0163934426,""AGG"":0.131147541,""BND"":0.0983606557,""SHY"":0.0655737705,""IEF"":0.0327868852,""TLT"":0.0163934426,""TIP"":0.0163934426,""LQD"":0.0163934426,""HYG"":0.0163934426,""GLD"":0.0163934426,""SLV"":0.0163934426,""DBC"":0.0163934426,""VNQ"":0.0163934426,""UUP"":0.0163934426,""BIL"":0.131147541}","{""SPY"":0.1140005596,""QQQ"":0.1120577862,""IWM"":0.1009320382,""DIA"":0.1170305116,""EFA"":0.0443733802,""EEM"":0.0432682771,""VEA"":0.0448900627,""VWO"":0.0480993605,""AGG"":0.0223988402,""BND"":0.0222446487,""SHY"":0.0253146675,""IEF"":0.0145963856,""TLT"":0.0027229368,""TIP"":0.0245084564,""LQD"":0.0218966017,""HYG"":0.0273303825,""GLD"":0.0174916084,""SLV"":0.0008537621,""DBC"":0.0274573523,""VNQ"":0.1412849897,""UUP"":0.0011100141,""BIL"":0.026137378}",0,1.0,0.13114754098360656,0.01639344262295082,0.0,0,0,1.0,0.13114754098360656,0.016393442622950827,1,1,1,0,42,1308a6dcc34461cdf7cd8b04
repeatability_504part,repeatability,repeat_01,llama3.1:8b,P6,,,real_ticker,,2011-07-05,42,10.0,0.6,0.25,9895db325a1dff38,"You are a HYBRID DEFENSIVE-MOMENTUM policy profile. Use only the supplied feature values. Prefer assets with above-median `_r12m`, but among those candidates favor lower `_vol3m` and smaller drawdowns. Avoid assets with severe drawdowns unless their twelve-month momentum is unusually strong and their volatility is not high. During high cross-sectional volatility, keep at least 20% of the portfolio in bond-like or cash-like ETFs if such assets are present in the provided asset list. Do not allocate more than 40% to any single risky asset as a language-level preference; the deterministic projection layer will enforce final feasibility. Include every eligible ticker exactly once. Return strictly valid JSON only with a `weights` object whose values are decimals, not percentages.
Hard constraints for the execution layer: long-only weights, weights sum to one, maximum single-asset weight 0.60, and turnover cap 0.25. You propose weights; deterministic projection will enforce final feasibility.

Current Features:
- SPY_r1m: 0.03107944
- SPY_r3m: 0.00910545
- SPY_r12m: 0.32686599
- SPY_vol3m: 0.12806713
- SPY_mdd: -0.01434168
- QQQ_r1m: 0.03514703
- QQQ_r3m: 0.01851812
- QQQ_r12m: 0.37712886
- QQQ_vol3m: 0.15353815
- QQQ_mdd: -0.01501974
- IWM_r1m: 0.04219409
- IWM_r3m: -0.00516231
- IWM_r12m: 0.44078983
- IWM_vol3m: 0.18515131
- IWM_mdd: -0.02427814
- DIA_r1m: 0.03617496
- DIA_r3m: 0.02002857
- DIA_r12m: 0.32225385
- DIA_vol3m: 0.12210614
- DIA_mdd: -0.01496760
- EFA_r1m: 0.01123303
- EFA_r3m: 0.01456344
- EFA_r12m: 0.29490668
- EFA_vol3m: 0.19467101
- EFA_mdd: -0.03531478
- EEM_r1m: 0.01569691
- EEM_r3m: -0.02503661
- EEM_r12m: 0.27512729
- EEM_vol3m: 0.19259094
- EEM_mdd: -0.03144599
- VEA_r1m: 0.00870930
- VEA_r3m: 0.01433059
- VEA_r12m: 0.30163912
- VEA_vol3m: 0.19629802
- VEA_mdd: -0.03557965
- VWO_r1m: 0.01092334
- VWO_r3m: -0.02310290
- VWO_r12m: 0.28087819
- VWO_vol3m: 0.18180937
- VWO_mdd: -0.03273516
- AGG_r1m: -0.00190774
- AGG_r3m: 0.02490282
- AGG_r12m: 0.03454985
- AGG_vol3m: 0.03028003
- AGG_mdd: -0.00570679
- BND_r1m: -0.00247534
- BND_r3m: 0.02409753
- BND_r12m: 0.03704242
- BND_vol3m: 0.03061050
- BND_mdd: -0.00709452
- SHY_r1m: 0.00036785
- SHY_r3m: 0.00875466
- SHY_r12m: 0.01296555
- SHY_vol3m: 0.01036963
- SHY_mdd: -0.00199884
- IEF_r1m: -0.00740785
- IEF_r3m: 0.03801946
- IEF_r12m: 0.03634232
- IEF_vol3m: 0.06379805
- IEF_mdd: -0.01906839
- TLT_r1m: -0.02252416
- TLT_r3m: 0.02837370
- TLT_r12m: -0.03671872
- TLT_vol3m: 0.12085054
- TLT_mdd: -0.10120667
- TIP_r1m: 0.00468117
- TIP_r3m: 0.02923953
- TIP_r12m: 0.08286608
- TIP_vol3m: 0.04401142
- TIP_mdd: -0.00523298
- LQD_r1m: -0.00245947
- LQD_r3m: 0.02627115
- LQD_r12m: 0.06541992
- LQD_vol3m: 0.04344639
- LQD_mdd: -0.00934377
- HYG_r1m: 0.01139852
- HYG_r3m: 0.01324857
- HYG_r12m: 0.15648313
- HYG_vol3m: 0.07136542
- HYG_mdd: -0.00180901
- GLD_r1m: -0.01724135
- GLD_r3m: 0.05570658
- GLD_r12m: 0.26710156
- GLD_vol3m: 0.14053817
- GLD_mdd: -0.03110842
- SLV_r1m: -0.02009052
- SLV_r3m: -0.07849922
- SLV_r12m: 0.99022999
- SLV_vol3m: 0.55099117
- SLV_mdd: -0.26724498
- DBC_r1m: -0.02842980
- DBC_r3m: -0.05193556
- DBC_r12m: 0.38240813
- DBC_vol3m: 0.23895745
- DBC_mdd: -0.07926068
- VNQ_r1m: 0.02380981
- VNQ_r3m: 0.06159981
- VNQ_r12m: 0.43668797
- VNQ_vol3m: 0.16341808
- VNQ_mdd: -0.00885751
- UUP_r1m: 0.00900910
- UUP_r3m: -0.02250800
- UUP_r12m: -0.13107378
- UUP_vol3m: 0.08741327
- UUP_mdd: -0.17615178
- BIL_r1m: -0.00000000
- BIL_r3m: -0.00000000
- BIL_r12m: -0.00000000
- BIL_vol3m: 0.00233068
- BIL_mdd: -0.00043639
- cross_vol: 0.13420968

Assets: SPY, QQQ, IWM, DIA, EFA, EEM, VEA, VWO, AGG, BND, SHY, IEF, TLT, TIP, LQD, HYG, GLD, SLV, DBC, VNQ, UUP, BIL","{
  ""weights"": {
    ""SPY"": 0.2,
    ""QQQ"": 0.15,
    ""IWM"": 0.1,
    ""DIA"": 0.05,
    ""EFA"": 0.025,
    ""EEM"": 0.025,
    ""VEA"": 0.025,
    ""VWO"": 0.025,
    ""AGG"": 0.2,
    ""BND"": 0.15,
    ""SHY"": 0.1,
    ""IEF"": 0.05,
    ""TLT"": 0.025,
    ""TIP"": 0.025,
    ""LQD"": 0.025,
    ""HYG"": 0.025,
    ""GLD"": 0.025,
    ""SLV"": 0.025,
    ""DBC"": 0.025,
    ""VNQ"": 0.025,
    ""UUP"": 0.025,
    ""BIL"": 0.2
  }
}",1,0,0,9.811986457993044,403,1,0,0,0,229,9.560556,1821,stop,[],0,0,0,0,VNQ,SPY,SPY,0,0,0.3333333333333333,0.8199301394133947,0.2436170144450935,1.0408340855860843e-16,2.6874220530932865e-17,0.8062593144560354,0,"{""SPY"":0.131147541,""QQQ"":0.0983606557,""IWM"":0.0655737705,""DIA"":0.0327868852,""EFA"":0.0163934426,""EEM"":0.0163934426,""VEA"":0.0163934426,""VWO"":0.0163934426,""AGG"":0.131147541,""BND"":0.0983606557,""SHY"":0.0655737705,""IEF"":0.0327868852,""TLT"":0.0163934426,""TIP"":0.0163934426,""LQD"":0.0163934426,""HYG"":0.0163934426,""GLD"":0.0163934426,""SLV"":0.0163934426,""DBC"":0.0163934426,""VNQ"":0.0163934426,""UUP"":0.0163934426,""BIL"":0.131147541}","{""SPY"":0.131147541,""QQQ"":0.0983606557,""IWM"":0.0655737705,""DIA"":0.0327868852,""EFA"":0.0163934426,""EEM"":0.0163934426,""VEA"":0.0163934426,""VWO"":0.0163934426,""AGG"":0.131147541,""BND"":0.0983606557,""SHY"":0.0655737705,""IEF"":0.0327868852,""TLT"":0.0163934426,""TIP"":0.0163934426,""LQD"":0.0163934426,""HYG"":0.0163934426,""GLD"":0.0163934426,""SLV"":0.0163934426,""DBC"":0.0163934426,""VNQ"":0.0163934426,""UUP"":0.0163934426,""BIL"":0.131147541}","{""SPY"":0.1140005596,""QQQ"":0.1120577862,""IWM"":0.1009320382,""DIA"":0.1170305116,""EFA"":0.0443733802,""EEM"":0.0432682771,""VEA"":0.0448900627,""VWO"":0.0480993605,""AGG"":0.0223988402,""BND"":0.0222446487,""SHY"":0.0253146675,""IEF"":0.0145963856,""TLT"":0.0027229368,""TIP"":0.0245084564,""LQD"":0.0218966017,""HYG"":0.0273303825,""GLD"":0.0174916084,""SLV"":0.0008537621,""DBC"":0.0274573523,""VNQ"":0.1412849897,""UUP"":0.0011100141,""BIL"":0.026137378}",0,1.0,0.13114754098360656,0.01639344262295082,0.0,0,0,1.0,0.13114754098360656,0.016393442622950827,1,1,1,1,43,abcc1db462427426ecc28d70
repeatability_504part,repeatability,repeat_02,llama3.1:8b,P6,,,real_ticker,,2011-07-05,42,10.0,0.6,0.25,9895db325a1dff38,"You are a HYBRID DEFENSIVE-MOMENTUM policy profile. Use only the supplied feature values. Prefer assets with above-median `_r12m`, but among those candidates favor lower `_vol3m` and smaller drawdowns. Avoid assets with severe drawdowns unless their twelve-month momentum is unusually strong and their volatility is not high. During high cross-sectional volatility, keep at least 20% of the portfolio in bond-like or cash-like ETFs if such assets are present in the provided asset list. Do not allocate more than 40% to any single risky asset as a language-level preference; the deterministic projection layer will enforce final feasibility. Include every eligible ticker exactly once. Return strictly valid JSON only with a `weights` object whose values are decimals, not percentages.
Hard constraints for the execution layer: long-only weights, weights sum to one, maximum single-asset weight 0.60, and turnover cap 0.25. You propose weights; deterministic projection will enforce final feasibility.

Current Features:
- SPY_r1m: 0.03107944
- SPY_r3m: 0.00910545
- SPY_r12m: 0.32686599
- SPY_vol3m: 0.12806713
- SPY_mdd: -0.01434168
- QQQ_r1m: 0.03514703
- QQQ_r3m: 0.01851812
- QQQ_r12m: 0.37712886
- QQQ_vol3m: 0.15353815
- QQQ_mdd: -0.01501974
- IWM_r1m: 0.04219409
- IWM_r3m: -0.00516231
- IWM_r12m: 0.44078983
- IWM_vol3m: 0.18515131
- IWM_mdd: -0.02427814
- DIA_r1m: 0.03617496
- DIA_r3m: 0.02002857
- DIA_r12m: 0.32225385
- DIA_vol3m: 0.12210614
- DIA_mdd: -0.01496760
- EFA_r1m: 0.01123303
- EFA_r3m: 0.01456344
- EFA_r12m: 0.29490668
- EFA_vol3m: 0.19467101
- EFA_mdd: -0.03531478
- EEM_r1m: 0.01569691
- EEM_r3m: -0.02503661
- EEM_r12m: 0.27512729
- EEM_vol3m: 0.19259094
- EEM_mdd: -0.03144599
- VEA_r1m: 0.00870930
- VEA_r3m: 0.01433059
- VEA_r12m: 0.30163912
- VEA_vol3m: 0.19629802
- VEA_mdd: -0.03557965
- VWO_r1m: 0.01092334
- VWO_r3m: -0.02310290
- VWO_r12m: 0.28087819
- VWO_vol3m: 0.18180937
- VWO_mdd: -0.03273516
- AGG_r1m: -0.00190774
- AGG_r3m: 0.02490282
- AGG_r12m: 0.03454985
- AGG_vol3m: 0.03028003
- AGG_mdd: -0.00570679
- BND_r1m: -0.00247534
- BND_r3m: 0.02409753
- BND_r12m: 0.03704242
- BND_vol3m: 0.03061050
- BND_mdd: -0.00709452
- SHY_r1m: 0.00036785
- SHY_r3m: 0.00875466
- SHY_r12m: 0.01296555
- SHY_vol3m: 0.01036963
- SHY_mdd: -0.00199884
- IEF_r1m: -0.00740785
- IEF_r3m: 0.03801946
- IEF_r12m: 0.03634232
- IEF_vol3m: 0.06379805
- IEF_mdd: -0.01906839
- TLT_r1m: -0.02252416
- TLT_r3m: 0.02837370
- TLT_r12m: -0.03671872
- TLT_vol3m: 0.12085054
- TLT_mdd: -0.10120667
- TIP_r1m: 0.00468117
- TIP_r3m: 0.02923953
- TIP_r12m: 0.08286608
- TIP_vol3m: 0.04401142
- TIP_mdd: -0.00523298
- LQD_r1m: -0.00245947
- LQD_r3m: 0.02627115
- LQD_r12m: 0.06541992
- LQD_vol3m: 0.04344639
- LQD_mdd: -0.00934377
- HYG_r1m: 0.01139852
- HYG_r3m: 0.01324857
- HYG_r12m: 0.15648313
- HYG_vol3m: 0.07136542
- HYG_mdd: -0.00180901
- GLD_r1m: -0.01724135
- GLD_r3m: 0.05570658
- GLD_r12m: 0.26710156
- GLD_vol3m: 0.14053817
- GLD_mdd: -0.03110842
- SLV_r1m: -0.02009052
- SLV_r3m: -0.07849922
- SLV_r12m: 0.99022999
- SLV_vol3m: 0.55099117
- SLV_mdd: -0.26724498
- DBC_r1m: -0.02842980
- DBC_r3m: -0.05193556
- DBC_r12m: 0.38240813
- DBC_vol3m: 0.23895745
- DBC_mdd: -0.07926068
- VNQ_r1m: 0.02380981
- VNQ_r3m: 0.06159981
- VNQ_r12m: 0.43668797
- VNQ_vol3m: 0.16341808
- VNQ_mdd: -0.00885751
- UUP_r1m: 0.00900910
- UUP_r3m: -0.02250800
- UUP_r12m: -0.13107378
- UUP_vol3m: 0.08741327
- UUP_mdd: -0.17615178
- BIL_r1m: -0.00000000
- BIL_r3m: -0.00000000
- BIL_r12m: -0.00000000
- BIL_vol3m: 0.00233068
- BIL_mdd: -0.00043639
- cross_vol: 0.13420968

Assets: SPY, QQQ, IWM, DIA, EFA, EEM, VEA, VWO, AGG, BND, SHY, IEF, TLT, TIP, LQD, HYG, GLD, SLV, DBC, VNQ, UUP, BIL","{
  ""weights"": {
    ""SPY"": 0.2,
    ""QQQ"": 0.15,
    ""IWM"": 0.1,
    ""DIA"": 0.05,
    ""EFA"": 0.025,
    ""EEM"": 0.025,
    ""VEA"": 0.025,
    ""VWO"": 0.025,
    ""AGG"": 0.2,
    ""BND"": 0.15,
    ""SHY"": 0.1,
    ""IEF"": 0.05,
    ""TLT"": 0.025,
    ""TIP"": 0.025,
    ""LQD"": 0.025,
    ""HYG"": 0.025,
    ""GLD"": 0.025,
    ""SLV"": 0.025,
    ""DBC"": 0.025,
    ""VNQ"": 0.025,
    ""UUP"": 0.025,
    ""BIL"": 0.2
  }
}",1,0,0,9.898065875007887,403,1,0,0,0,229,9.650172,1821,stop,[],0,0,0,0,VNQ,SPY,SPY,0,0,0.3333333333333333,0.8199301394133947,0.2436170144450935,1.0408340855860843e-16,2.6874220530932865e-17,0.8062593144560354,0,"{""SPY"":0.131147541,""QQQ"":0.0983606557,""IWM"":0.0655737705,""DIA"":0.0327868852,""EFA"":0.0163934426,""EEM"":0.0163934426,""VEA"":0.0163934426,""VWO"":0.0163934426,""AGG"":0.131147541,""BND"":0.0983606557,""SHY"":0.0655737705,""IEF"":0.0327868852,""TLT"":0.0163934426,""TIP"":0.0163934426,""LQD"":0.0163934426,""HYG"":0.0163934426,""GLD"":0.0163934426,""SLV"":0.0163934426,""DBC"":0.0163934426,""VNQ"":0.0163934426,""UUP"":0.0163934426,""BIL"":0.131147541}","{""SPY"":0.131147541,""QQQ"":0.0983606557,""IWM"":0.0655737705,""DIA"":0.0327868852,""EFA"":0.0163934426,""EEM"":0.0163934426,""VEA"":0.0163934426,""VWO"":0.0163934426,""AGG"":0.131147541,""BND"":0.0983606557,""SHY"":0.0655737705,""IEF"":0.0327868852,""TLT"":0.0163934426,""TIP"":0.0163934426,""LQD"":0.0163934426,""HYG"":0.0163934426,""GLD"":0.0163934426,""SLV"":0.0163934426,""DBC"":0.0163934426,""VNQ"":0.0163934426,""UUP"":0.0163934426,""BIL"":0.131147541}","{""SPY"":0.1140005596,""QQQ"":0.1120577862,""IWM"":0.1009320382,""DIA"":0.1170305116,""EFA"":0.0443733802,""EEM"":0.0432682771,""VEA"":0.0448900627,""VWO"":0.0480993605,""AGG"":0.0223988402,""BND"":0.0222446487,""SHY"":0.0253146675,""IEF"":0.0145963856,""TLT"":0.0027229368,""TIP"":0.0245084564,""LQD"":0.0218966017,""HYG"":0.0273303825,""GLD"":0.0174916084,""SLV"":0.0008537621,""DBC"":0.0274573523,""VNQ"":0.1412849897,""UUP"":0.0011100141,""BIL"":0.026137378}",0,1.0,0.13114754098360656,0.01639344262295082,0.0,0,0,1.0,0.13114754098360656,0.016393442622950827,1,1,1,2,44,5df7b55ac7ca1e88b017551b
repeatability_504part,repeatability,repeat_03,llama3.1:8b,P6,,,real_ticker,,2011-07-05,42,10.0,0.6,0.25,9895db325a1dff38,"You are a HYBRID DEFENSIVE-MOMENTUM policy profile. Use only the supplied feature values. Prefer assets with above-median `_r12m`, but among those candidates favor lower `_vol3m` and smaller drawdowns. Avoid assets with severe drawdowns unless their twelve-month momentum is unusually strong and their volatility is not high. During high cross-sectional volatility, keep at least 20% of the portfolio in bond-like or cash-like ETFs if such assets are present in the provided asset list. Do not allocate more than 40% to any single risky asset as a language-level preference; the deterministic projection layer will enforce final feasibility. Include every eligible ticker exactly once. Return strictly valid JSON only with a `weights` object whose values are decimals, not percentages.
Hard constraints for the execution layer: long-only weights, weights sum to one, maximum single-asset weight 0.60, and turnover cap 0.25. You propose weights; deterministic projection will enforce final feasibility.

Current Features:
- SPY_r1m: 0.03107944
- SPY_r3m: 0.00910545
- SPY_r12m: 0.32686599
- SPY_vol3m: 0.12806713
- SPY_mdd: -0.01434168
- QQQ_r1m: 0.03514703
- QQQ_r3m: 0.01851812
- QQQ_r12m: 0.37712886
- QQQ_vol3m: 0.15353815
- QQQ_mdd: -0.01501974
- IWM_r1m: 0.04219409
- IWM_r3m: -0.00516231
- IWM_r12m: 0.44078983
- IWM_vol3m: 0.18515131
- IWM_mdd: -0.02427814
- DIA_r1m: 0.03617496
- DIA_r3m: 0.02002857
- DIA_r12m: 0.32225385
- DIA_vol3m: 0.12210614
- DIA_mdd: -0.01496760
- EFA_r1m: 0.01123303
- EFA_r3m: 0.01456344
- EFA_r12m: 0.29490668
- EFA_vol3m: 0.19467101
- EFA_mdd: -0.03531478
- EEM_r1m: 0.01569691
- EEM_r3m: -0.02503661
- EEM_r12m: 0.27512729
- EEM_vol3m: 0.19259094
- EEM_mdd: -0.03144599
- VEA_r1m: 0.00870930
- VEA_r3m: 0.01433059
- VEA_r12m: 0.30163912
- VEA_vol3m: 0.19629802
- VEA_mdd: -0.03557965
- VWO_r1m: 0.01092334
- VWO_r3m: -0.02310290
- VWO_r12m: 0.28087819
- VWO_vol3m: 0.18180937
- VWO_mdd: -0.03273516
- AGG_r1m: -0.00190774
- AGG_r3m: 0.02490282
- AGG_r12m: 0.03454985
- AGG_vol3m: 0.03028003
- AGG_mdd: -0.00570679
- BND_r1m: -0.00247534
- BND_r3m: 0.02409753
- BND_r12m: 0.03704242
- BND_vol3m: 0.03061050
- BND_mdd: -0.00709452
- SHY_r1m: 0.00036785
- SHY_r3m: 0.00875466
- SHY_r12m: 0.01296555
- SHY_vol3m: 0.01036963
- SHY_mdd: -0.00199884
- IEF_r1m: -0.00740785
- IEF_r3m: 0.03801946
- IEF_r12m: 0.03634232
- IEF_vol3m: 0.06379805
- IEF_mdd: -0.01906839
- TLT_r1m: -0.02252416
- TLT_r3m: 0.02837370
- TLT_r12m: -0.03671872
- TLT_vol3m: 0.12085054
- TLT_mdd: -0.10120667
- TIP_r1m: 0.00468117
- TIP_r3m: 0.02923953
- TIP_r12m: 0.08286608
- TIP_vol3m: 0.04401142
- TIP_mdd: -0.00523298
- LQD_r1m: -0.00245947
- LQD_r3m: 0.02627115
- LQD_r12m: 0.06541992
- LQD_vol3m: 0.04344639
- LQD_mdd: -0.00934377
- HYG_r1m: 0.01139852
- HYG_r3m: 0.01324857
- HYG_r12m: 0.15648313
- HYG_vol3m: 0.07136542
- HYG_mdd: -0.00180901
- GLD_r1m: -0.01724135
- GLD_r3m: 0.05570658
- GLD_r12m: 0.26710156
- GLD_vol3m: 0.14053817
- GLD_mdd: -0.03110842
- SLV_r1m: -0.02009052
- SLV_r3m: -0.07849922
- SLV_r12m: 0.99022999
- SLV_vol3m: 0.55099117
- SLV_mdd: -0.26724498
- DBC_r1m: -0.02842980
- DBC_r3m: -0.05193556
- DBC_r12m: 0.38240813
- DBC_vol3m: 0.23895745
- DBC_mdd: -0.07926068
- VNQ_r1m: 0.02380981
- VNQ_r3m: 0.06159981
- VNQ_r12m: 0.43668797
- VNQ_vol3m: 0.16341808
- VNQ_mdd: -0.00885751
- UUP_r1m: 0.00900910
- UUP_r3m: -0.02250800
- UUP_r12m: -0.13107378
- UUP_vol3m: 0.08741327
- UUP_mdd: -0.17615178
- BIL_r1m: -0.00000000
- BIL_r3m: -0.00000000
- BIL_r12m: -0.00000000
- BIL_vol3m: 0.00233068
- BIL_mdd: -0.00043639
- cross_vol: 0.13420968

Assets: SPY, QQQ, IWM, DIA, EFA, EEM, VEA, VWO, AGG, BND, SHY, IEF, TLT, TIP, LQD, HYG, GLD, SLV, DBC, VNQ, UUP, BIL","{
  ""weights"": {
    ""SPY"": 0.2,
    ""QQQ"": 0.15,
    ""IWM"": 0.1,
    ""DIA"": 0.05,
    ""EFA"": 0.025,
    ""EEM"": 0.025,
    ""VEA"": 0.025,
    ""VWO"": 0.025,
    ""AGG"": 0.2,
    ""BND"": 0.15,
    ""SHY"": 0.1,
    ""IEF"": 0.05,
    ""TLT"": 0.025,
    ""TIP"": 0.025,
    ""LQD"": 0.025,
    ""HYG"": 0.025,
    ""GLD"": 0.025,
    ""SLV"": 0.025,
    ""DBC"": 0.025,
    ""VNQ"": 0.025,
    ""UUP"": 0.025,
    ""BIL"": 0.2
  }
}",1,0,0,9.831836666999152,403,1,0,0,0,229,9.604833,1821,stop,[],0,0,0,0,VNQ,SPY,SPY,0,0,0.3333333333333333,0.8199301394133947,0.2436170144450935,1.0408340855860843e-16,2.6874220530932865e-17,0.8062593144560354,0,"{""SPY"":0.131147541,""QQQ"":0.0983606557,""IWM"":0.0655737705,""DIA"":0.0327868852,""EFA"":0.0163934426,""EEM"":0.0163934426,""VEA"":0.0163934426,""VWO"":0.0163934426,""AGG"":0.131147541,""BND"":0.0983606557,""SHY"":0.0655737705,""IEF"":0.0327868852,""TLT"":0.0163934426,""TIP"":0.0163934426,""LQD"":0.0163934426,""HYG"":0.0163934426,""GLD"":0.0163934426,""SLV"":0.0163934426,""DBC"":0.0163934426,""VNQ"":0.0163934426,""UUP"":0.0163934426,""BIL"":0.131147541}","{""SPY"":0.131147541,""QQQ"":0.0983606557,""IWM"":0.0655737705,""DIA"":0.0327868852,""EFA"":0.0163934426,""EEM"":0.0163934426,""VEA"":0.0163934426,""VWO"":0.0163934426,""AGG"":0.131147541,""BND"":0.0983606557,""SHY"":0.0655737705,""IEF"":0.0327868852,""TLT"":0.0163934426,""TIP"":0.0163934426,""LQD"":0.0163934426,""HYG"":0.0163934426,""GLD"":0.0163934426,""SLV"":0.0163934426,""DBC"":0.0163934426,""VNQ"":0.0163934426,""UUP"":0.0163934426,""BIL"":0.131147541}","{""SPY"":0.1140005596,""QQQ"":0.1120577862,""IWM"":0.1009320382,""DIA"":0.1170305116,""EFA"":0.0443733802,""EEM"":0.0432682771,""VEA"":0.0448900627,""VWO"":0.0480993605,""AGG"":0.0223988402,""BND"":0.0222446487,""SHY"":0.0253146675,""IEF"":0.0145963856,""TLT"":0.0027229368,""TIP"":0.0245084564,""LQD"":0.0218966017,""HYG"":0.0273303825,""GLD"":0.0174916084,""SLV"":0.0008537621,""DBC"":0.0274573523,""VNQ"":0.1412849897,""UUP"":0.0011100141,""BIL"":0.026137378}",0,1.0,0.13114754098360656,0.01639344262295082,0.0,0,0,1.0,0.13114754098360656,0.016393442622950827,1,1,1,3,45,7a98759c64f4860c47640f13
repeatability_504part,repeatability,repeat_00,llama3.1:8b,P1,,,real_ticker,,2011-09-01,42,10.0,0.6,0.25,f2cbbd1a9cf9db7c,"You are an AGGRESSIVE MOMENTUM policy profile. Use only the provided feature values. Strongly favor the eligible asset with the highest `_r12m` value. Allocate 60.0% of total portfolio weight to that target asset as the language-level policy target. Distribute the remaining weight equally among all other eligible assets. Include every eligible ticker exactly once. Return strictly valid JSON only with a `weights` object whose values are decimals, not percentages.
Hard constraints for the execution layer: long-only weights, weights sum to one, maximum single-asset weight 0.60, and turnover cap 0.25. You propose weights; deterministic projection will enforce final feasibility.

Current Features:
- SPY_r1m: -0.04145217
- SPY_r3m: -0.06809073
- SPY_r12m: 0.12694338
- SPY_vol3m: 0.29992438
- SPY_mdd: -0.10914321
- QQQ_r1m: -0.03960545
- QQQ_r3m: -0.02959439
- QQQ_r12m: 0.21512526
- QQQ_vol3m: 0.31433276
- QQQ_mdd: -0.08502449
- IWM_r1m: -0.07985992
- IWM_r3m: -0.11840092
- IWM_r12m: 0.13855131
- IWM_vol3m: 0.39700562
- IWM_mdd: -0.17463024
- DIA_r1m: -0.02938616
- DIA_r3m: -0.04703114
- DIA_r12m: 0.14212925
- DIA_vol3m: 0.26558884
- DIA_mdd: -0.09406690
- EFA_r1m: -0.06799350
- EFA_r3m: -0.11475256
- EFA_r12m: 0.04683321
- EFA_vol3m: 0.38187404
- EFA_mdd: -0.15550116
- EEM_r1m: -0.06467189
- EEM_r3m: -0.10287823
- EEM_r12m: 0.04248693
- EEM_vol3m: 0.36238961
- EEM_mdd: -0.14451754
- VEA_r1m: -0.06642583
- VEA_r3m: -0.11348623
- VEA_r12m: 0.05107236
- VEA_vol3m: 0.38408050
- VEA_mdd: -0.15241000
- VWO_r1m: -0.06300942
- VWO_r3m: -0.09892864
- VWO_r12m: 0.05453459
- VWO_vol3m: 0.35066474
- VWO_mdd: -0.13784298
- AGG_r1m: 0.01069817
- AGG_r3m: 0.02938080
- AGG_r12m: 0.04930302
- AGG_vol3m: 0.05125268
- AGG_mdd: -0.00251691
- BND_r1m: 0.01262163
- BND_r3m: 0.03103601
- BND_r12m: 0.05426405
- BND_vol3m: 0.05137177
- BND_mdd: -0.00304762
- SHY_r1m: 0.00288725
- SHY_r3m: 0.00612544
- SHY_r12m: 0.01491642
- SHY_vol3m: 0.00971695
- SHY_mdd: 0.00000000
- IEF_r1m: 0.04060210
- IEF_r3m: 0.07616358
- IEF_r12m: 0.08987935
- IEF_vol3m: 0.10055456
- IEF_mdd: -0.00268129
- TLT_r1m: 0.07429601
- TLT_r3m: 0.14229213
- TLT_r12m: 0.08397209
- TLT_vol3m: 0.24222071
- TLT_mdd: -0.01709705
- TIP_r1m: 0.01246321
- TIP_r3m: 0.05777659
- TIP_r12m: 0.12068825
- TIP_vol3m: 0.09872892
- TIP_mdd: -0.02320022
- LQD_r1m: -0.00677436
- LQD_r3m: 0.02232995
- LQD_r12m: 0.05135169
- LQD_vol3m: 0.08858932
- LQD_mdd: -0.01391923
- HYG_r1m: -0.01739459
- HYG_r3m: -0.01984997
- HYG_r12m: 0.07705932
- HYG_vol3m: 0.16675853
- HYG_mdd: -0.03627721
- GLD_r1m: 0.10143036
- GLD_r3m: 0.18406333
- GLD_r12m: 0.45449337
- GLD_vol3m: 0.21799847
- GLD_mdd: -0.03640501
- SLV_r1m: -0.00073980
- SLV_r3m: 0.14657613
- SLV_r12m: 1.10165970
- SLV_vol3m: 0.41756202
- SLV_mdd: -0.14261528
- DBC_r1m: 0.00402277
- DBC_r3m: -0.00991737
- DBC_r12m: 0.31359669
- DBC_vol3m: 0.19655787
- DBC_mdd: -0.06171679
- VNQ_r1m: -0.01628532
- VNQ_r3m: -0.05629971
- VNQ_r12m: 0.11858279
- VNQ_vol3m: 0.37675320
- VNQ_mdd: -0.10129792
- UUP_r1m: 0.00427168
- UUP_r3m: 0.00331929
- UUP_r12m: -0.11501447
- UUP_vol3m: 0.09281107
- UUP_mdd: -0.18079746
- BIL_r1m: 0.00000000
- BIL_r3m: 0.00021865
- BIL_r12m: -0.00000000
- BIL_vol3m: 0.00281969
- BIL_mdd: -0.00021783
- cross_vol: 0.22134346

Assets: SPY, QQQ, IWM, DIA, EFA, EEM, VEA, VWO, AGG, BND, SHY, IEF, TLT, TIP, LQD, HYG, GLD, SLV, DBC, VNQ, UUP, BIL","{
  ""weights"": {
    ""SPY"": 0.6,
    ""QQQ"": 0.2,
    ""IWM"": 0.1,
    ""DIA"": 0.05,
    ""EFA"": 0.025,
    ""EEM"": 0.025,
    ""VEA"": 0.025,
    ""VWO"": 0.025,
    ""AGG"": 0.0125,
    ""BND"": 0.0125,
    ""SHY"": 0.00625,
    ""IEF"": 0.00625,
    ""TLT"": 0.00625,
    ""TIP"": 0.00625,
    ""LQD"": 0.003125,
    ""HYG"": 0.003125,
    ""GLD"": 0.0015625,
    ""SLV"": 0.0015625,
    ""DBC"": 0.0015625,
    ""VNQ"": 0.0015625,
    ""UUP"": 0.0015625,
    ""BIL"": 0
  }
}",1,0,0,17.84312420801143,442,1,0,0,0,245,10.222264,1754,stop,[],0,0,0,0,SLV,SPY,SPY,0,0,0.6666666666666666,1.5802310826153738,0.8140446875110685,7.285838599102402e-17,1.7040954328532286e-17,1.3429810021675375,0,"{""SPY"":0.538569425,""QQQ"":0.1795231417,""IWM"":0.0897615708,""DIA"":0.0448807854,""EFA"":0.0224403927,""EEM"":0.0224403927,""VEA"":0.0224403927,""VWO"":0.0224403927,""AGG"":0.0112201964,""BND"":0.0112201964,""SHY"":0.0056100982,""IEF"":0.0056100982,""TLT"":0.0056100982,""TIP"":0.0056100982,""LQD"":0.0028050491,""HYG"":0.0028050491,""GLD"":0.0014025245,""SLV"":0.0014025245,""DBC"":0.0014025245,""VNQ"":0.0014025245,""UUP"":0.0014025245,""BIL"":0.0}","{""SPY"":0.538569425,""QQQ"":0.1795231417,""IWM"":0.0897615708,""DIA"":0.0448807854,""EFA"":0.0224403927,""EEM"":0.0224403927,""VEA"":0.0224403927,""VWO"":0.0224403927,""AGG"":0.0112201964,""BND"":0.0112201964,""SHY"":0.0056100982,""IEF"":0.0056100982,""TLT"":0.0056100982,""TIP"":0.0056100982,""LQD"":0.0028050491,""HYG"":0.0028050491,""GLD"":0.0014025245,""SLV"":0.0014025245,""DBC"":0.0014025245,""VNQ"":0.0014025245,""UUP"":0.0014025245,""BIL"":3.903127821e-18}","{""SPY"":0.019047619,""QQQ"":0.019047619,""IWM"":0.019047619,""DIA"":0.019047619,""EFA"":0.019047619,""EEM"":0.019047619,""VEA"":0.019047619,""VWO"":0.019047619,""AGG"":0.019047619,""BND"":0.019047619,""SHY"":0.019047619,""IEF"":0.019047619,""TLT"":0.019047619,""TIP"":0.019047619,""LQD"":0.019047619,""HYG"":0.019047619,""GLD"":0.019047619,""SLV"":0.6,""DBC"":0.019047619,""VNQ"":0.019047619,""UUP"":0.019047619,""BIL"":0.019047619}",0,1.0,0.5385694249649369,0.0,0.0,0,0,1.0,0.5385694249649369,3.903127820945938e-18,1,1,1,0,42,04191bf89395e62a564a202f
repeatability_504part,repeatability,repeat_01,llama3.1:8b,P1,,,real_ticker,,2011-09-01,42,10.0,0.6,0.25,f2cbbd1a9cf9db7c,"You are an AGGRESSIVE MOMENTUM policy profile. Use only the provided feature values. Strongly favor the eligible asset with the highest `_r12m` value. Allocate 60.0% of total portfolio weight to that target asset as the language-level policy target. Distribute the remaining weight equally among all other eligible assets. Include every eligible ticker exactly once. Return strictly valid JSON only with a `weights` object whose values are decimals, not percentages.
Hard constraints for the execution layer: long-only weights, weights sum to one, maximum single-asset weight 0.60, and turnover cap 0.25. You propose weights; deterministic projection will enforce final feasibility.

Current Features:
- SPY_r1m: -0.04145217
- SPY_r3m: -0.06809073
- SPY_r12m: 0.12694338
- SPY_vol3m: 0.29992438
- SPY_mdd: -0.10914321
- QQQ_r1m: -0.03960545
- QQQ_r3m: -0.02959439
- QQQ_r12m: 0.21512526
- QQQ_vol3m: 0.31433276
- QQQ_mdd: -0.08502449
- IWM_r1m: -0.07985992
- IWM_r3m: -0.11840092
- IWM_r12m: 0.13855131
- IWM_vol3m: 0.39700562
- IWM_mdd: -0.17463024
- DIA_r1m: -0.02938616
- DIA_r3m: -0.04703114
- DIA_r12m: 0.14212925
- DIA_vol3m: 0.26558884
- DIA_mdd: -0.09406690
- EFA_r1m: -0.06799350
- EFA_r3m: -0.11475256
- EFA_r12m: 0.04683321
- EFA_vol3m: 0.38187404
- EFA_mdd: -0.15550116
- EEM_r1m: -0.06467189
- EEM_r3m: -0.10287823
- EEM_r12m: 0.04248693
- EEM_vol3m: 0.36238961
- EEM_mdd: -0.14451754
- VEA_r1m: -0.06642583
- VEA_r3m: -0.11348623
- VEA_r12m: 0.05107236
- VEA_vol3m: 0.38408050
- VEA_mdd: -0.15241000
- VWO_r1m: -0.06300942
- VWO_r3m: -0.09892864
- VWO_r12m: 0.05453459
- VWO_vol3m: 0.35066474
- VWO_mdd: -0.13784298
- AGG_r1m: 0.01069817
- AGG_r3m: 0.02938080
- AGG_r12m: 0.04930302
- AGG_vol3m: 0.05125268
- AGG_mdd: -0.00251691
- BND_r1m: 0.01262163
- BND_r3m: 0.03103601
- BND_r12m: 0.05426405
- BND_vol3m: 0.05137177
- BND_mdd: -0.00304762
- SHY_r1m: 0.00288725
- SHY_r3m: 0.00612544
- SHY_r12m: 0.01491642
- SHY_vol3m: 0.00971695
- SHY_mdd: 0.00000000
- IEF_r1m: 0.04060210
- IEF_r3m: 0.07616358
- IEF_r12m: 0.08987935
- IEF_vol3m: 0.10055456
- IEF_mdd: -0.00268129
- TLT_r1m: 0.07429601
- TLT_r3m: 0.14229213
- TLT_r12m: 0.08397209
- TLT_vol3m: 0.24222071
- TLT_mdd: -0.01709705
- TIP_r1m: 0.01246321
- TIP_r3m: 0.05777659
- TIP_r12m: 0.12068825
- TIP_vol3m: 0.09872892
- TIP_mdd: -0.02320022
- LQD_r1m: -0.00677436
- LQD_r3m: 0.02232995
- LQD_r12m: 0.05135169
- LQD_vol3m: 0.08858932
- LQD_mdd: -0.01391923
- HYG_r1m: -0.01739459
- HYG_r3m: -0.01984997
- HYG_r12m: 0.07705932
- HYG_vol3m: 0.16675853
- HYG_mdd: -0.03627721
- GLD_r1m: 0.10143036
- GLD_r3m: 0.18406333
- GLD_r12m: 0.45449337
- GLD_vol3m: 0.21799847
- GLD_mdd: -0.03640501
- SLV_r1m: -0.00073980
- SLV_r3m: 0.14657613
- SLV_r12m: 1.10165970
- SLV_vol3m: 0.41756202
- SLV_mdd: -0.14261528
- DBC_r1m: 0.00402277
- DBC_r3m: -0.00991737
- DBC_r12m: 0.31359669
- DBC_vol3m: 0.19655787
- DBC_mdd: -0.06171679
- VNQ_r1m: -0.01628532
- VNQ_r3m: -0.05629971
- VNQ_r12m: 0.11858279
- VNQ_vol3m: 0.37675320
- VNQ_mdd: -0.10129792
- UUP_r1m: 0.00427168
- UUP_r3m: 0.00331929
- UUP_r12m: -0.11501447
- UUP_vol3m: 0.09281107
- UUP_mdd: -0.18079746
- BIL_r1m: 0.00000000
- BIL_r3m: 0.00021865
- BIL_r12m: -0.00000000
- BIL_vol3m: 0.00281969
- BIL_mdd: -0.00021783
- cross_vol: 0.22134346

Assets: SPY, QQQ, IWM, DIA, EFA, EEM, VEA, VWO, AGG, BND, SHY, IEF, TLT, TIP, LQD, HYG, GLD, SLV, DBC, VNQ, UUP, BIL","{
  ""weights"": {
    ""SPY"": 0.6,
    ""QQQ"": 0.2,
    ""IWM"": 0.1,
    ""DIA"": 0.05,
    ""EFA"": 0.025,
    ""EEM"": 0.025,
    ""VEA"": 0.025,
    ""VWO"": 0.025,
    ""AGG"": 0.0125,
    ""BND"": 0.0125,
    ""SHY"": 0.00625,
    ""IEF"": 0.00625,
    ""TLT"": 0.00625,
    ""TIP"": 0.00625,
    ""LQD"": 0.003125,
    ""HYG"": 0.003125,
    ""GLD"": 0.0015625,
    ""SLV"": 0.0015625,
    ""DBC"": 0.0015625,
    ""VNQ"": 0.0015625,
    ""UUP"": 0.0015625,
    ""BIL"": 0
  }
}",1,0,0,10.550238958006958,442,1,0,0,0,245,10.27424,1754,stop,[],0,0,0,0,SLV,SPY,SPY,0,0,0.6666666666666666,1.5802310826153738,0.8140446875110685,7.285838599102402e-17,1.7040954328532286e-17,1.3429810021675375,0,"{""SPY"":0.538569425,""QQQ"":0.1795231417,""IWM"":0.0897615708,""DIA"":0.0448807854,""EFA"":0.0224403927,""EEM"":0.0224403927,""VEA"":0.0224403927,""VWO"":0.0224403927,""AGG"":0.0112201964,""BND"":0.0112201964,""SHY"":0.0056100982,""IEF"":0.0056100982,""TLT"":0.0056100982,""TIP"":0.0056100982,""LQD"":0.0028050491,""HYG"":0.0028050491,""GLD"":0.0014025245,""SLV"":0.0014025245,""DBC"":0.0014025245,""VNQ"":0.0014025245,""UUP"":0.0014025245,""BIL"":0.0}","{""SPY"":0.538569425,""QQQ"":0.1795231417,""IWM"":0.0897615708,""DIA"":0.0448807854,""EFA"":0.0224403927,""EEM"":0.0224403927,""VEA"":0.0224403927,""VWO"":0.0224403927,""AGG"":0.0112201964,""BND"":0.0112201964,""SHY"":0.0056100982,""IEF"":0.0056100982,""TLT"":0.0056100982,""TIP"":0.0056100982,""LQD"":0.0028050491,""HYG"":0.0028050491,""GLD"":0.0014025245,""SLV"":0.0014025245,""DBC"":0.0014025245,""VNQ"":0.0014025245,""UUP"":0.0014025245,""BIL"":3.903127821e-18}","{""SPY"":0.019047619,""QQQ"":0.019047619,""IWM"":0.019047619,""DIA"":0.019047619,""EFA"":0.019047619,""EEM"":0.019047619,""VEA"":0.019047619,""VWO"":0.019047619,""AGG"":0.019047619,""BND"":0.019047619,""SHY"":0.019047619,""IEF"":0.019047619,""TLT"":0.019047619,""TIP"":0.019047619,""LQD"":0.019047619,""HYG"":0.019047619,""GLD"":0.019047619,""SLV"":0.6,""DBC"":0.019047619,""VNQ"":0.019047619,""UUP"":0.019047619,""BIL"":0.019047619}",0,1.0,0.5385694249649369,0.0,0.0,0,0,1.0,0.5385694249649369,3.903127820945938e-18,1,1,1,1,43,471534eafd690816bba03337
repeatability_504part,repeatability,repeat_02,llama3.1:8b,P1,,,real_ticker,,2011-09-01,42,10.0,0.6,0.25,f2cbbd1a9cf9db7c,"You are an AGGRESSIVE MOMENTUM policy profile. Use only the provided feature values. Strongly favor the eligible asset with the highest `_r12m` value. Allocate 60.0% of total portfolio weight to that target asset as the language-level policy target. Distribute the remaining weight equally among all other eligible assets. Include every eligible ticker exactly once. Return strictly valid JSON only with a `weights` object whose values are decimals, not percentages.
Hard constraints for the execution layer: long-only weights, weights sum to one, maximum single-asset weight 0.60, and turnover cap 0.25. You propose weights; deterministic projection will enforce final feasibility.

Current Features:
- SPY_r1m: -0.04145217
- SPY_r3m: -0.06809073
- SPY_r12m: 0.12694338
- SPY_vol3m: 0.29992438
- SPY_mdd: -0.10914321
- QQQ_r1m: -0.03960545
- QQQ_r3m: -0.02959439
- QQQ_r12m: 0.21512526
- QQQ_vol3m: 0.31433276
- QQQ_mdd: -0.08502449
- IWM_r1m: -0.07985992
- IWM_r3m: -0.11840092
- IWM_r12m: 0.13855131
- IWM_vol3m: 0.39700562
- IWM_mdd: -0.17463024
- DIA_r1m: -0.02938616
- DIA_r3m: -0.04703114
- DIA_r12m: 0.14212925
- DIA_vol3m: 0.26558884
- DIA_mdd: -0.09406690
- EFA_r1m: -0.06799350
- EFA_r3m: -0.11475256
- EFA_r12m: 0.04683321
- EFA_vol3m: 0.38187404
- EFA_mdd: -0.15550116
- EEM_r1m: -0.06467189
- EEM_r3m: -0.10287823
- EEM_r12m: 0.04248693
- EEM_vol3m: 0.36238961
- EEM_mdd: -0.14451754
- VEA_r1m: -0.06642583
- VEA_r3m: -0.11348623
- VEA_r12m: 0.05107236
- VEA_vol3m: 0.38408050
- VEA_mdd: -0.15241000
- VWO_r1m: -0.06300942
- VWO_r3m: -0.09892864
- VWO_r12m: 0.05453459
- VWO_vol3m: 0.35066474
- VWO_mdd: -0.13784298
- AGG_r1m: 0.01069817
- AGG_r3m: 0.02938080
- AGG_r12m: 0.04930302
- AGG_vol3m: 0.05125268
- AGG_mdd: -0.00251691
- BND_r1m: 0.01262163
- BND_r3m: 0.03103601
- BND_r12m: 0.05426405
- BND_vol3m: 0.05137177
- BND_mdd: -0.00304762
- SHY_r1m: 0.00288725
- SHY_r3m: 0.00612544
- SHY_r12m: 0.01491642
- SHY_vol3m: 0.00971695
- SHY_mdd: 0.00000000
- IEF_r1m: 0.04060210
- IEF_r3m: 0.07616358
- IEF_r12m: 0.08987935
- IEF_vol3m: 0.10055456
- IEF_mdd: -0.00268129
- TLT_r1m: 0.07429601
- TLT_r3m: 0.14229213
- TLT_r12m: 0.08397209
- TLT_vol3m: 0.24222071
- TLT_mdd: -0.01709705
- TIP_r1m: 0.01246321
- TIP_r3m: 0.05777659
- TIP_r12m: 0.12068825
- TIP_vol3m: 0.09872892
- TIP_mdd: -0.02320022
- LQD_r1m: -0.00677436
- LQD_r3m: 0.02232995
- LQD_r12m: 0.05135169
- LQD_vol3m: 0.08858932
- LQD_mdd: -0.01391923
- HYG_r1m: -0.01739459
- HYG_r3m: -0.01984997
- HYG_r12m: 0.07705932
- HYG_vol3m: 0.16675853
- HYG_mdd: -0.03627721
- GLD_r1m: 0.10143036
- GLD_r3m: 0.18406333
- GLD_r12m: 0.45449337
- GLD_vol3m: 0.21799847
- GLD_mdd: -0.03640501
- SLV_r1m: -0.00073980
- SLV_r3m: 0.14657613
- SLV_r12m: 1.10165970
- SLV_vol3m: 0.41756202
- SLV_mdd: -0.14261528
- DBC_r1m: 0.00402277
- DBC_r3m: -0.00991737
- DBC_r12m: 0.31359669
- DBC_vol3m: 0.19655787
- DBC_mdd: -0.06171679
- VNQ_r1m: -0.01628532
- VNQ_r3m: -0.05629971
- VNQ_r12m: 0.11858279
- VNQ_vol3m: 0.37675320
- VNQ_mdd: -0.10129792
- UUP_r1m: 0.00427168
- UUP_r3m: 0.00331929
- UUP_r12m: -0.11501447
- UUP_vol3m: 0.09281107
- UUP_mdd: -0.18079746
- BIL_r1m: 0.00000000
- BIL_r3m: 0.00021865
- BIL_r12m: -0.00000000
- BIL_vol3m: 0.00281969
- BIL_mdd: -0.00021783
- cross_vol: 0.22134346

Assets: SPY, QQQ, IWM, DIA, EFA, EEM, VEA, VWO, AGG, BND, SHY, IEF, TLT, TIP, LQD, HYG, GLD, SLV, DBC, VNQ, UUP, BIL","{
  ""weights"": {
    ""SPY"": 0.6,
    ""QQQ"": 0.2,
    ""IWM"": 0.1,
    ""DIA"": 0.05,
    ""EFA"": 0.025,
    ""EEM"": 0.025,
    ""VEA"": 0.025,
    ""VWO"": 0.025,
    ""AGG"": 0.0125,
    ""BND"": 0.0125,
    ""SHY"": 0.00625,
    ""IEF"": 0.00625,
    ""TLT"": 0.00625,
    ""TIP"": 0.00625,
    ""LQD"": 0.003125,
    ""HYG"": 0.003125,
    ""GLD"": 0.0015625,
    ""SLV"": 0.0015625,
    ""DBC"": 0.0015625,
    ""VNQ"": 0.0015625,
    ""UUP"": 0.0015625,
    ""BIL"": 0
  }
}",1,0,0,10.682740666001337,442,1,0,0,0,245,10.436405,1754,stop,[],0,0,0,0,SLV,SPY,SPY,0,0,0.6666666666666666,1.5802310826153738,0.8140446875110685,7.285838599102402e-17,1.7040954328532286e-17,1.3429810021675375,0,"{""SPY"":0.538569425,""QQQ"":0.1795231417,""IWM"":0.0897615708,""DIA"":0.0448807854,""EFA"":0.0224403927,""EEM"":0.0224403927,""VEA"":0.0224403927,""VWO"":0.0224403927,""AGG"":0.0112201964,""BND"":0.0112201964,""SHY"":0.0056100982,""IEF"":0.0056100982,""TLT"":0.0056100982,""TIP"":0.0056100982,""LQD"":0.0028050491,""HYG"":0.0028050491,""GLD"":0.0014025245,""SLV"":0.0014025245,""DBC"":0.0014025245,""VNQ"":0.0014025245,""UUP"":0.0014025245,""BIL"":0.0}","{""SPY"":0.538569425,""QQQ"":0.1795231417,""IWM"":0.0897615708,""DIA"":0.0448807854,""EFA"":0.0224403927,""EEM"":0.0224403927,""VEA"":0.0224403927,""VWO"":0.0224403927,""AGG"":0.0112201964,""BND"":0.0112201964,""SHY"":0.0056100982,""IEF"":0.0056100982,""TLT"":0.0056100982,""TIP"":0.0056100982,""LQD"":0.0028050491,""HYG"":0.0028050491,""GLD"":0.0014025245,""SLV"":0.0014025245,""DBC"":0.0014025245,""VNQ"":0.0014025245,""UUP"":0.0014025245,""BIL"":3.903127821e-18}","{""SPY"":0.019047619,""QQQ"":0.019047619,""IWM"":0.019047619,""DIA"":0.019047619,""EFA"":0.019047619,""EEM"":0.019047619,""VEA"":0.019047619,""VWO"":0.019047619,""AGG"":0.019047619,""BND"":0.019047619,""SHY"":0.019047619,""IEF"":0.019047619,""TLT"":0.019047619,""TIP"":0.019047619,""LQD"":0.019047619,""HYG"":0.019047619,""GLD"":0.019047619,""SLV"":0.6,""DBC"":0.019047619,""VNQ"":0.019047619,""UUP"":0.019047619,""BIL"":0.019047619}",0,1.0,0.5385694249649369,0.0,0.0,0,0,1.0,0.5385694249649369,3.903127820945938e-18,1,1,1,2,44,18b0bbae3ddd38d615653eaa
repeatability_504part,repeatability,repeat_03,llama3.1:8b,P1,,,real_ticker,,2011-09-01,42,10.0,0.6,0.25,f2cbbd1a9cf9db7c,"You are an AGGRESSIVE MOMENTUM policy profile. Use only the provided feature values. Strongly favor the eligible asset with the highest `_r12m` value. Allocate 60.0% of total portfolio weight to that target asset as the language-level policy target. Distribute the remaining weight equally among all other eligible assets. Include every eligible ticker exactly once. Return strictly valid JSON only with a `weights` object whose values are decimals, not percentages.
Hard constraints for the execution layer: long-only weights, weights sum to one, maximum single-asset weight 0.60, and turnover cap 0.25. You propose weights; deterministic projection will enforce final feasibility.

Current Features:
- SPY_r1m: -0.04145217
- SPY_r3m: -0.06809073
- SPY_r12m: 0.12694338
- SPY_vol3m: 0.29992438
- SPY_mdd: -0.10914321
- QQQ_r1m: -0.03960545
- QQQ_r3m: -0.02959439
- QQQ_r12m: 0.21512526
- QQQ_vol3m: 0.31433276
- QQQ_mdd: -0.08502449
- IWM_r1m: -0.07985992
- IWM_r3m: -0.11840092
- IWM_r12m: 0.13855131
- IWM_vol3m: 0.39700562
- IWM_mdd: -0.17463024
- DIA_r1m: -0.02938616
- DIA_r3m: -0.04703114
- DIA_r12m: 0.14212925
- DIA_vol3m: 0.26558884
- DIA_mdd: -0.09406690
- EFA_r1m: -0.06799350
- EFA_r3m: -0.11475256
- EFA_r12m: 0.04683321
- EFA_vol3m: 0.38187404
- EFA_mdd: -0.15550116
- EEM_r1m: -0.06467189
- EEM_r3m: -0.10287823
- EEM_r12m: 0.04248693
- EEM_vol3m: 0.36238961
- EEM_mdd: -0.14451754
- VEA_r1m: -0.06642583
- VEA_r3m: -0.11348623
- VEA_r12m: 0.05107236
- VEA_vol3m: 0.38408050
- VEA_mdd: -0.15241000
- VWO_r1m: -0.06300942
- VWO_r3m: -0.09892864
- VWO_r12m: 0.05453459
- VWO_vol3m: 0.35066474
- VWO_mdd: -0.13784298
- AGG_r1m: 0.01069817
- AGG_r3m: 0.02938080
- AGG_r12m: 0.04930302
- AGG_vol3m: 0.05125268
- AGG_mdd: -0.00251691
- BND_r1m: 0.01262163
- BND_r3m: 0.03103601
- BND_r12m: 0.05426405
- BND_vol3m: 0.05137177
- BND_mdd: -0.00304762
- SHY_r1m: 0.00288725
- SHY_r3m: 0.00612544
- SHY_r12m: 0.01491642
- SHY_vol3m: 0.00971695
- SHY_mdd: 0.00000000
- IEF_r1m: 0.04060210
- IEF_r3m: 0.07616358
- IEF_r12m: 0.08987935
- IEF_vol3m: 0.10055456
- IEF_mdd: -0.00268129
- TLT_r1m: 0.07429601
- TLT_r3m: 0.14229213
- TLT_r12m: 0.08397209
- TLT_vol3m: 0.24222071
- TLT_mdd: -0.01709705
- TIP_r1m: 0.01246321
- TIP_r3m: 0.05777659
- TIP_r12m: 0.12068825
- TIP_vol3m: 0.09872892
- TIP_mdd: -0.02320022
- LQD_r1m: -0.00677436
- LQD_r3m: 0.02232995
- LQD_r12m: 0.05135169
- LQD_vol3m: 0.08858932
- LQD_mdd: -0.01391923
- HYG_r1m: -0.01739459
- HYG_r3m: -0.01984997
- HYG_r12m: 0.07705932
- HYG_vol3m: 0.16675853
- HYG_mdd: -0.03627721
- GLD_r1m: 0.10143036
- GLD_r3m: 0.18406333
- GLD_r12m: 0.45449337
- GLD_vol3m: 0.21799847
- GLD_mdd: -0.03640501
- SLV_r1m: -0.00073980
- SLV_r3m: 0.14657613
- SLV_r12m: 1.10165970
- SLV_vol3m: 0.41756202
- SLV_mdd: -0.14261528
- DBC_r1m: 0.00402277
- DBC_r3m: -0.00991737
- DBC_r12m: 0.31359669
- DBC_vol3m: 0.19655787
- DBC_mdd: -0.06171679
- VNQ_r1m: -0.01628532
- VNQ_r3m: -0.05629971
- VNQ_r12m: 0.11858279
- VNQ_vol3m: 0.37675320
- VNQ_mdd: -0.10129792
- UUP_r1m: 0.00427168
- UUP_r3m: 0.00331929
- UUP_r12m: -0.11501447
- UUP_vol3m: 0.09281107
- UUP_mdd: -0.18079746
- BIL_r1m: 0.00000000
- BIL_r3m: 0.00021865
- BIL_r12m: -0.00000000
- BIL_vol3m: 0.00281969
- BIL_mdd: -0.00021783
- cross_vol: 0.22134346

Assets: SPY, QQQ, IWM, DIA, EFA, EEM, VEA, VWO, AGG, BND, SHY, IEF, TLT, TIP, LQD, HYG, GLD, SLV, DBC, VNQ, UUP, BIL","{
  ""weights"": {
    ""SPY"": 0.6,
    ""QQQ"": 0.2,
    ""IWM"": 0.1,
    ""DIA"": 0.05,
    ""EFA"": 0.025,
    ""EEM"": 0.025,
    ""VEA"": 0.025,
    ""VWO"": 0.025,
    ""AGG"": 0.0125,
    ""BND"": 0.0125,
    ""SHY"": 0.00625,
    ""IEF"": 0.00625,
    ""TLT"": 0.00625,
    ""TIP"": 0.00625,
    ""LQD"": 0.003125,
    ""HYG"": 0.003125,
    ""GLD"": 0.0015625,
    ""SLV"": 0.0015625,
    ""DBC"": 0.0015625,
    ""VNQ"": 0.0015625,
    ""UUP"": 0.0015625,
    ""BIL"": 0
  }
}",1,0,0,10.59657816599065,442,1,0,0,0,245,10.357545,1754,stop,[],0,0,0,0,SLV,SPY,SPY,0,0,0.6666666666666666,1.5802310826153738,0.8140446875110685,7.285838599102402e-17,1.7040954328532286e-17,1.3429810021675375,0,"{""SPY"":0.538569425,""QQQ"":0.1795231417,""IWM"":0.0897615708,""DIA"":0.0448807854,""EFA"":0.0224403927,""EEM"":0.0224403927,""VEA"":0.0224403927,""VWO"":0.0224403927,""AGG"":0.0112201964,""BND"":0.0112201964,""SHY"":0.0056100982,""IEF"":0.0056100982,""TLT"":0.0056100982,""TIP"":0.0056100982,""LQD"":0.0028050491,""HYG"":0.0028050491,""GLD"":0.0014025245,""SLV"":0.0014025245,""DBC"":0.0014025245,""VNQ"":0.0014025245,""UUP"":0.0014025245,""BIL"":0.0}","{""SPY"":0.538569425,""QQQ"":0.1795231417,""IWM"":0.0897615708,""DIA"":0.0448807854,""EFA"":0.0224403927,""EEM"":0.0224403927,""VEA"":0.0224403927,""VWO"":0.0224403927,""AGG"":0.0112201964,""BND"":0.0112201964,""SHY"":0.0056100982,""IEF"":0.0056100982,""TLT"":0.0056100982,""TIP"":0.0056100982,""LQD"":0.0028050491,""HYG"":0.0028050491,""GLD"":0.0014025245,""SLV"":0.0014025245,""DBC"":0.0014025245,""VNQ"":0.0014025245,""UUP"":0.0014025245,""BIL"":3.903127821e-18}","{""SPY"":0.019047619,""QQQ"":0.019047619,""IWM"":0.019047619,""DIA"":0.019047619,""EFA"":0.019047619,""EEM"":0.019047619,""VEA"":0.019047619,""VWO"":0.019047619,""AGG"":0.019047619,""BND"":0.019047619,""SHY"":0.019047619,""IEF"":0.019047619,""TLT"":0.019047619,""TIP"":0.019047619,""LQD"":0.019047619,""HYG"":0.019047619,""GLD"":0.019047619,""SLV"":0.6,""DBC"":0.019047619,""VNQ"":0.019047619,""UUP"":0.019047619,""BIL"":0.019047619}",0,1.0,0.5385694249649369,0.0,0.0,0,0,1.0,0.5385694249649369,3.903127820945938e-18,1,1,1,3,45,c64b35e37ff875eb041fd81c
repeatability_504part,repeatability,repeat_00,llama3.1:8b,P2,,,real_ticker,,2011-09-01,42,10.0,0.6,0.25,3e609c741e890585,"You are a DEFENSIVE LOW-VOLATILITY policy profile. Use only the provided feature values. Strongly favor the eligible asset with the lowest `_vol3m` value. Allocate 60.0% of total portfolio weight to that target asset as the language-level policy target. Distribute the remaining weight equally among all other eligible assets. Include every eligible ticker exactly once. Return strictly valid JSON only with a `weights` object whose values are decimals, not percentages.
Hard constraints for the execution layer: long-only weights, weights sum to one, maximum single-asset weight 0.60, and turnover cap 0.25. You propose weights; deterministic projection will enforce final feasibility.

Current Features:
- SPY_r1m: -0.04145217
- SPY_r3m: -0.06809073
- SPY_r12m: 0.12694338
- SPY_vol3m: 0.29992438
- SPY_mdd: -0.10914321
- QQQ_r1m: -0.03960545
- QQQ_r3m: -0.02959439
- QQQ_r12m: 0.21512526
- QQQ_vol3m: 0.31433276
- QQQ_mdd: -0.08502449
- IWM_r1m: -0.07985992
- IWM_r3m: -0.11840092
- IWM_r12m: 0.13855131
- IWM_vol3m: 0.39700562
- IWM_mdd: -0.17463024
- DIA_r1m: -0.02938616
- DIA_r3m: -0.04703114
- DIA_r12m: 0.14212925
- DIA_vol3m: 0.26558884
- DIA_mdd: -0.09406690
- EFA_r1m: -0.06799350
- EFA_r3m: -0.11475256
- EFA_r12m: 0.04683321
- EFA_vol3m: 0.38187404
- EFA_mdd: -0.15550116
- EEM_r1m: -0.06467189
- EEM_r3m: -0.10287823
- EEM_r12m: 0.04248693
- EEM_vol3m: 0.36238961
- EEM_mdd: -0.14451754
- VEA_r1m: -0.06642583
- VEA_r3m: -0.11348623
- VEA_r12m: 0.05107236
- VEA_vol3m: 0.38408050
- VEA_mdd: -0.15241000
- VWO_r1m: -0.06300942
- VWO_r3m: -0.09892864
- VWO_r12m: 0.05453459
- VWO_vol3m: 0.35066474
- VWO_mdd: -0.13784298
- AGG_r1m: 0.01069817
- AGG_r3m: 0.02938080
- AGG_r12m: 0.04930302
- AGG_vol3m: 0.05125268
- AGG_mdd: -0.00251691
- BND_r1m: 0.01262163
- BND_r3m: 0.03103601
- BND_r12m: 0.05426405
- BND_vol3m: 0.05137177
- BND_mdd: -0.00304762
- SHY_r1m: 0.00288725
- SHY_r3m: 0.00612544
- SHY_r12m: 0.01491642
- SHY_vol3m: 0.00971695
- SHY_mdd: 0.00000000
- IEF_r1m: 0.04060210
- IEF_r3m: 0.07616358
- IEF_r12m: 0.08987935
- IEF_vol3m: 0.10055456
- IEF_mdd: -0.00268129
- TLT_r1m: 0.07429601
- TLT_r3m: 0.14229213
- TLT_r12m: 0.08397209
- TLT_vol3m: 0.24222071
- TLT_mdd: -0.01709705
- TIP_r1m: 0.01246321
- TIP_r3m: 0.05777659
- TIP_r12m: 0.12068825
- TIP_vol3m: 0.09872892
- TIP_mdd: -0.02320022
- LQD_r1m: -0.00677436
- LQD_r3m: 0.02232995
- LQD_r12m: 0.05135169
- LQD_vol3m: 0.08858932
- LQD_mdd: -0.01391923
- HYG_r1m: -0.01739459
- HYG_r3m: -0.01984997
- HYG_r12m: 0.07705932
- HYG_vol3m: 0.16675853
- HYG_mdd: -0.03627721
- GLD_r1m: 0.10143036
- GLD_r3m: 0.18406333
- GLD_r12m: 0.45449337
- GLD_vol3m: 0.21799847
- GLD_mdd: -0.03640501
- SLV_r1m: -0.00073980
- SLV_r3m: 0.14657613
- SLV_r12m: 1.10165970
- SLV_vol3m: 0.41756202
- SLV_mdd: -0.14261528
- DBC_r1m: 0.00402277
- DBC_r3m: -0.00991737
- DBC_r12m: 0.31359669
- DBC_vol3m: 0.19655787
- DBC_mdd: -0.06171679
- VNQ_r1m: -0.01628532
- VNQ_r3m: -0.05629971
- VNQ_r12m: 0.11858279
- VNQ_vol3m: 0.37675320
- VNQ_mdd: -0.10129792
- UUP_r1m: 0.00427168
- UUP_r3m: 0.00331929
- UUP_r12m: -0.11501447
- UUP_vol3m: 0.09281107
- UUP_mdd: -0.18079746
- BIL_r1m: 0.00000000
- BIL_r3m: 0.00021865
- BIL_r12m: -0.00000000
- BIL_vol3m: 0.00281969
- BIL_mdd: -0.00021783
- cross_vol: 0.22134346

Assets: SPY, QQQ, IWM, DIA, EFA, EEM, VEA, VWO, AGG, BND, SHY, IEF, TLT, TIP, LQD, HYG, GLD, SLV, DBC, VNQ, UUP, BIL","{
  ""weights"": {
    ""SPY"": 0.6,
    ""QQQ"": 0.2,
    ""IWM"": 0.1,
    ""DIA"": 0.05,
    ""EFA"": 0.025,
    ""EEM"": 0.025,
    ""VEA"": 0.025,
    ""VWO"": 0.025,
    ""AGG"": 0.0125,
    ""BND"": 0.0125,
    ""SHY"": 0.00625,
    ""IEF"": 0.00625,
    ""TLT"": 0.00625,
    ""TIP"": 0.00625,
    ""LQD"": 0.003125,
    ""HYG"": 0.003125,
    ""GLD"": 0.003125,
    ""SLV"": 0.003125,
    ""DBC"": 0.0015625,
    ""VNQ"": 0.0015625,
    ""UUP"": 0.0015625,
    ""BIL"": 0.00078125
  }
}",1,0,0,17.883766625003773,449,1,0,0,0,247,10.328492,1756,stop,[],0,0,0,0,BIL,SPY,SPY,0,0,0.3333333333333333,1.5736448038334832,0.8131194567742529,2.0816681711721685e-16,4.6805398318361535e-17,1.3373356203544884,0,"{""SPY"":0.536687631,""QQQ"":0.178895877,""IWM"":0.0894479385,""DIA"":0.0447239693,""EFA"":0.0223619846,""EEM"":0.0223619846,""VEA"":0.0223619846,""VWO"":0.0223619846,""AGG"":0.0111809923,""BND"":0.0111809923,""SHY"":0.0055904962,""IEF"":0.0055904962,""TLT"":0.0055904962,""TIP"":0.0055904962,""LQD"":0.0027952481,""HYG"":0.0027952481,""GLD"":0.0027952481,""SLV"":0.0027952481,""DBC"":0.001397624,""VNQ"":0.001397624,""UUP"":0.001397624,""BIL"":0.000698812}","{""SPY"":0.536687631,""QQQ"":0.178895877,""IWM"":0.0894479385,""DIA"":0.0447239693,""EFA"":0.0223619846,""EEM"":0.0223619846,""VEA"":0.0223619846,""VWO"":0.0223619846,""AGG"":0.0111809923,""BND"":0.0111809923,""SHY"":0.0055904962,""IEF"":0.0055904962,""TLT"":0.0055904962,""TIP"":0.0055904962,""LQD"":0.0027952481,""HYG"":0.0027952481,""GLD"":0.0027952481,""SLV"":0.0027952481,""DBC"":0.001397624,""VNQ"":0.001397624,""UUP"":0.001397624,""BIL"":0.000698812}","{""SPY"":0.019047619,""QQQ"":0.019047619,""IWM"":0.019047619,""DIA"":0.019047619,""EFA"":0.019047619,""EEM"":0.019047619,""VEA"":0.019047619,""VWO"":0.019047619,""AGG"":0.019047619,""BND"":0.019047619,""SHY"":0.019047619,""IEF"":0.019047619,""TLT"":0.019047619,""TIP"":0.019047619,""LQD"":0.019047619,""HYG"":0.019047619,""GLD"":0.019047619,""SLV"":0.019047619,""DBC"":0.019047619,""VNQ"":0.019047619,""UUP"":0.019047619,""BIL"":0.6}",0,1.0,0.5366876310272537,0.0006988120195667366,0.0,0,0,1.0,0.5366876310272537,0.000698812019566747,1,1,1,0,42,ae58f5d6170741559f590cc3
repeatability_504part,repeatability,repeat_01,llama3.1:8b,P2,,,real_ticker,,2011-09-01,42,10.0,0.6,0.25,3e609c741e890585,"You are a DEFENSIVE LOW-VOLATILITY policy profile. Use only the provided feature values. Strongly favor the eligible asset with the lowest `_vol3m` value. Allocate 60.0% of total portfolio weight to that target asset as the language-level policy target. Distribute the remaining weight equally among all other eligible assets. Include every eligible ticker exactly once. Return strictly valid JSON only with a `weights` object whose values are decimals, not percentages.
Hard constraints for the execution layer: long-only weights, weights sum to one, maximum single-asset weight 0.60, and turnover cap 0.25. You propose weights; deterministic projection will enforce final feasibility.

Current Features:
- SPY_r1m: -0.04145217
- SPY_r3m: -0.06809073
- SPY_r12m: 0.12694338
- SPY_vol3m: 0.29992438
- SPY_mdd: -0.10914321
- QQQ_r1m: -0.03960545
- QQQ_r3m: -0.02959439
- QQQ_r12m: 0.21512526
- QQQ_vol3m: 0.31433276
- QQQ_mdd: -0.08502449
- IWM_r1m: -0.07985992
- IWM_r3m: -0.11840092
- IWM_r12m: 0.13855131
- IWM_vol3m: 0.39700562
- IWM_mdd: -0.17463024
- DIA_r1m: -0.02938616
- DIA_r3m: -0.04703114
- DIA_r12m: 0.14212925
- DIA_vol3m: 0.26558884
- DIA_mdd: -0.09406690
- EFA_r1m: -0.06799350
- EFA_r3m: -0.11475256
- EFA_r12m: 0.04683321
- EFA_vol3m: 0.38187404
- EFA_mdd: -0.15550116
- EEM_r1m: -0.06467189
- EEM_r3m: -0.10287823
- EEM_r12m: 0.04248693
- EEM_vol3m: 0.36238961
- EEM_mdd: -0.14451754
- VEA_r1m: -0.06642583
- VEA_r3m: -0.11348623
- VEA_r12m: 0.05107236
- VEA_vol3m: 0.38408050
- VEA_mdd: -0.15241000
- VWO_r1m: -0.06300942
- VWO_r3m: -0.09892864
- VWO_r12m: 0.05453459
- VWO_vol3m: 0.35066474
- VWO_mdd: -0.13784298
- AGG_r1m: 0.01069817
- AGG_r3m: 0.02938080
- AGG_r12m: 0.04930302
- AGG_vol3m: 0.05125268
- AGG_mdd: -0.00251691
- BND_r1m: 0.01262163
- BND_r3m: 0.03103601
- BND_r12m: 0.05426405
- BND_vol3m: 0.05137177
- BND_mdd: -0.00304762
- SHY_r1m: 0.00288725
- SHY_r3m: 0.00612544
- SHY_r12m: 0.01491642
- SHY_vol3m: 0.00971695
- SHY_mdd: 0.00000000
- IEF_r1m: 0.04060210
- IEF_r3m: 0.07616358
- IEF_r12m: 0.08987935
- IEF_vol3m: 0.10055456
- IEF_mdd: -0.00268129
- TLT_r1m: 0.07429601
- TLT_r3m: 0.14229213
- TLT_r12m: 0.08397209
- TLT_vol3m: 0.24222071
- TLT_mdd: -0.01709705
- TIP_r1m: 0.01246321
- TIP_r3m: 0.05777659
- TIP_r12m: 0.12068825
- TIP_vol3m: 0.09872892
- TIP_mdd: -0.02320022
- LQD_r1m: -0.00677436
- LQD_r3m: 0.02232995
- LQD_r12m: 0.05135169
- LQD_vol3m: 0.08858932
- LQD_mdd: -0.01391923
- HYG_r1m: -0.01739459
- HYG_r3m: -0.01984997
- HYG_r12m: 0.07705932
- HYG_vol3m: 0.16675853
- HYG_mdd: -0.03627721
- GLD_r1m: 0.10143036
- GLD_r3m: 0.18406333
- GLD_r12m: 0.45449337
- GLD_vol3m: 0.21799847
- GLD_mdd: -0.03640501
- SLV_r1m: -0.00073980
- SLV_r3m: 0.14657613
- SLV_r12m: 1.10165970
- SLV_vol3m: 0.41756202
- SLV_mdd: -0.14261528
- DBC_r1m: 0.00402277
- DBC_r3m: -0.00991737
- DBC_r12m: 0.31359669
- DBC_vol3m: 0.19655787
- DBC_mdd: -0.06171679
- VNQ_r1m: -0.01628532
- VNQ_r3m: -0.05629971
- VNQ_r12m: 0.11858279
- VNQ_vol3m: 0.37675320
- VNQ_mdd: -0.10129792
- UUP_r1m: 0.00427168
- UUP_r3m: 0.00331929
- UUP_r12m: -0.11501447
- UUP_vol3m: 0.09281107
- UUP_mdd: -0.18079746
- BIL_r1m: 0.00000000
- BIL_r3m: 0.00021865
- BIL_r12m: -0.00000000
- BIL_vol3m: 0.00281969
- BIL_mdd: -0.00021783
- cross_vol: 0.22134346

Assets: SPY, QQQ, IWM, DIA, EFA, EEM, VEA, VWO, AGG, BND, SHY, IEF, TLT, TIP, LQD, HYG, GLD, SLV, DBC, VNQ, UUP, BIL","{
  ""weights"": {
    ""SPY"": 0.6,
    ""QQQ"": 0.2,
    ""IWM"": 0.1,
    ""DIA"": 0.05,
    ""EFA"": 0.025,
    ""EEM"": 0.025,
    ""VEA"": 0.025,
    ""VWO"": 0.025,
    ""AGG"": 0.0125,
    ""BND"": 0.0125,
    ""SHY"": 0.00625,
    ""IEF"": 0.00625,
    ""TLT"": 0.00625,
    ""TIP"": 0.00625,
    ""LQD"": 0.003125,
    ""HYG"": 0.003125,
    ""GLD"": 0.003125,
    ""SLV"": 0.003125,
    ""DBC"": 0.0015625,
    ""VNQ"": 0.0015625,
    ""UUP"": 0.0015625,
    ""BIL"": 0.00078125
  }
}",1,0,0,10.78926620799757,449,1,0,0,0,247,10.548353,1756,stop,[],0,0,0,0,BIL,SPY,SPY,0,0,0.3333333333333333,1.5736448038334832,0.8131194567742529,2.0816681711721685e-16,4.6805398318361535e-17,1.3373356203544884,0,"{""SPY"":0.536687631,""QQQ"":0.178895877,""IWM"":0.0894479385,""DIA"":0.0447239693,""EFA"":0.0223619846,""EEM"":0.0223619846,""VEA"":0.0223619846,""VWO"":0.0223619846,""AGG"":0.0111809923,""BND"":0.0111809923,""SHY"":0.0055904962,""IEF"":0.0055904962,""TLT"":0.0055904962,""TIP"":0.0055904962,""LQD"":0.0027952481,""HYG"":0.0027952481,""GLD"":0.0027952481,""SLV"":0.0027952481,""DBC"":0.001397624,""VNQ"":0.001397624,""UUP"":0.001397624,""BIL"":0.000698812}","{""SPY"":0.536687631,""QQQ"":0.178895877,""IWM"":0.0894479385,""DIA"":0.0447239693,""EFA"":0.0223619846,""EEM"":0.0223619846,""VEA"":0.0223619846,""VWO"":0.0223619846,""AGG"":0.0111809923,""BND"":0.0111809923,""SHY"":0.0055904962,""IEF"":0.0055904962,""TLT"":0.0055904962,""TIP"":0.0055904962,""LQD"":0.0027952481,""HYG"":0.0027952481,""GLD"":0.0027952481,""SLV"":0.0027952481,""DBC"":0.001397624,""VNQ"":0.001397624,""UUP"":0.001397624,""BIL"":0.000698812}","{""SPY"":0.019047619,""QQQ"":0.019047619,""IWM"":0.019047619,""DIA"":0.019047619,""EFA"":0.019047619,""EEM"":0.019047619,""VEA"":0.019047619,""VWO"":0.019047619,""AGG"":0.019047619,""BND"":0.019047619,""SHY"":0.019047619,""IEF"":0.019047619,""TLT"":0.019047619,""TIP"":0.019047619,""LQD"":0.019047619,""HYG"":0.019047619,""GLD"":0.019047619,""SLV"":0.019047619,""DBC"":0.019047619,""VNQ"":0.019047619,""UUP"":0.019047619,""BIL"":0.6}",0,1.0,0.5366876310272537,0.0006988120195667366,0.0,0,0,1.0,0.5366876310272537,0.000698812019566747,1,1,1,1,43,48b3fcc89e59734290fe1765
repeatability_504part,repeatability,repeat_02,llama3.1:8b,P2,,,real_ticker,,2011-09-01,42,10.0,0.6,0.25,3e609c741e890585,"You are a DEFENSIVE LOW-VOLATILITY policy profile. Use only the provided feature values. Strongly favor the eligible asset with the lowest `_vol3m` value. Allocate 60.0% of total portfolio weight to that target asset as the language-level policy target. Distribute the remaining weight equally among all other eligible assets. Include every eligible ticker exactly once. Return strictly valid JSON only with a `weights` object whose values are decimals, not percentages.
Hard constraints for the execution layer: long-only weights, weights sum to one, maximum single-asset weight 0.60, and turnover cap 0.25. You propose weights; deterministic projection will enforce final feasibility.

Current Features:
- SPY_r1m: -0.04145217
- SPY_r3m: -0.06809073
- SPY_r12m: 0.12694338
- SPY_vol3m: 0.29992438
- SPY_mdd: -0.10914321
- QQQ_r1m: -0.03960545
- QQQ_r3m: -0.02959439
- QQQ_r12m: 0.21512526
- QQQ_vol3m: 0.31433276
- QQQ_mdd: -0.08502449
- IWM_r1m: -0.07985992
- IWM_r3m: -0.11840092
- IWM_r12m: 0.13855131
- IWM_vol3m: 0.39700562
- IWM_mdd: -0.17463024
- DIA_r1m: -0.02938616
- DIA_r3m: -0.04703114
- DIA_r12m: 0.14212925
- DIA_vol3m: 0.26558884
- DIA_mdd: -0.09406690
- EFA_r1m: -0.06799350
- EFA_r3m: -0.11475256
- EFA_r12m: 0.04683321
- EFA_vol3m: 0.38187404
- EFA_mdd: -0.15550116
- EEM_r1m: -0.06467189
- EEM_r3m: -0.10287823
- EEM_r12m: 0.04248693
- EEM_vol3m: 0.36238961
- EEM_mdd: -0.14451754
- VEA_r1m: -0.06642583
- VEA_r3m: -0.11348623
- VEA_r12m: 0.05107236
- VEA_vol3m: 0.38408050
- VEA_mdd: -0.15241000
- VWO_r1m: -0.06300942
- VWO_r3m: -0.09892864
- VWO_r12m: 0.05453459
- VWO_vol3m: 0.35066474
- VWO_mdd: -0.13784298
- AGG_r1m: 0.01069817
- AGG_r3m: 0.02938080
- AGG_r12m: 0.04930302
- AGG_vol3m: 0.05125268
- AGG_mdd: -0.00251691
- BND_r1m: 0.01262163
- BND_r3m: 0.03103601
- BND_r12m: 0.05426405
- BND_vol3m: 0.05137177
- BND_mdd: -0.00304762
- SHY_r1m: 0.00288725
- SHY_r3m: 0.00612544
- SHY_r12m: 0.01491642
- SHY_vol3m: 0.00971695
- SHY_mdd: 0.00000000
- IEF_r1m: 0.04060210
- IEF_r3m: 0.07616358
- IEF_r12m: 0.08987935
- IEF_vol3m: 0.10055456
- IEF_mdd: -0.00268129
- TLT_r1m: 0.07429601
- TLT_r3m: 0.14229213
- TLT_r12m: 0.08397209
- TLT_vol3m: 0.24222071
- TLT_mdd: -0.01709705
- TIP_r1m: 0.01246321
- TIP_r3m: 0.05777659
- TIP_r12m: 0.12068825
- TIP_vol3m: 0.09872892
- TIP_mdd: -0.02320022
- LQD_r1m: -0.00677436
- LQD_r3m: 0.02232995
- LQD_r12m: 0.05135169
- LQD_vol3m: 0.08858932
- LQD_mdd: -0.01391923
- HYG_r1m: -0.01739459
- HYG_r3m: -0.01984997
- HYG_r12m: 0.07705932
- HYG_vol3m: 0.16675853
- HYG_mdd: -0.03627721
- GLD_r1m: 0.10143036
- GLD_r3m: 0.18406333
- GLD_r12m: 0.45449337
- GLD_vol3m: 0.21799847
- GLD_mdd: -0.03640501
- SLV_r1m: -0.00073980
- SLV_r3m: 0.14657613
- SLV_r12m: 1.10165970
- SLV_vol3m: 0.41756202
- SLV_mdd: -0.14261528
- DBC_r1m: 0.00402277
- DBC_r3m: -0.00991737
- DBC_r12m: 0.31359669
- DBC_vol3m: 0.19655787
- DBC_mdd: -0.06171679
- VNQ_r1m: -0.01628532
- VNQ_r3m: -0.05629971
- VNQ_r12m: 0.11858279
- VNQ_vol3m: 0.37675320
- VNQ_mdd: -0.10129792
- UUP_r1m: 0.00427168
- UUP_r3m: 0.00331929
- UUP_r12m: -0.11501447
- UUP_vol3m: 0.09281107
- UUP_mdd: -0.18079746
- BIL_r1m: 0.00000000
- BIL_r3m: 0.00021865
- BIL_r12m: -0.00000000
- BIL_vol3m: 0.00281969
- BIL_mdd: -0.00021783
- cross_vol: 0.22134346

Assets: SPY, QQQ, IWM, DIA, EFA, EEM, VEA, VWO, AGG, BND, SHY, IEF, TLT, TIP, LQD, HYG, GLD, SLV, DBC, VNQ, UUP, BIL","{
  ""weights"": {
    ""SPY"": 0.6,
    ""QQQ"": 0.2,
    ""IWM"": 0.1,
    ""DIA"": 0.05,
    ""EFA"": 0.025,
    ""EEM"": 0.025,
    ""VEA"": 0.025,
    ""VWO"": 0.025,
    ""AGG"": 0.0125,
    ""BND"": 0.0125,
    ""SHY"": 0.00625,
    ""IEF"": 0.00625,
    ""TLT"": 0.00625,
    ""TIP"": 0.00625,
    ""LQD"": 0.003125,
    ""HYG"": 0.003125,
    ""GLD"": 0.003125,
    ""SLV"": 0.003125,
    ""DBC"": 0.0015625,
    ""VNQ"": 0.0015625,
    ""UUP"": 0.0015625,
    ""BIL"": 0.00078125
  }
}",1,0,0,10.755323542005499,449,1,0,0,0,247,10.509354,1756,stop,[],0,0,0,0,BIL,SPY,SPY,0,0,0.3333333333333333,1.5736448038334832,0.8131194567742529,2.0816681711721685e-16,4.6805398318361535e-17,1.3373356203544884,0,"{""SPY"":0.536687631,""QQQ"":0.178895877,""IWM"":0.0894479385,""DIA"":0.0447239693,""EFA"":0.0223619846,""EEM"":0.0223619846,""VEA"":0.0223619846,""VWO"":0.0223619846,""AGG"":0.0111809923,""BND"":0.0111809923,""SHY"":0.0055904962,""IEF"":0.0055904962,""TLT"":0.0055904962,""TIP"":0.0055904962,""LQD"":0.0027952481,""HYG"":0.0027952481,""GLD"":0.0027952481,""SLV"":0.0027952481,""DBC"":0.001397624,""VNQ"":0.001397624,""UUP"":0.001397624,""BIL"":0.000698812}","{""SPY"":0.536687631,""QQQ"":0.178895877,""IWM"":0.0894479385,""DIA"":0.0447239693,""EFA"":0.0223619846,""EEM"":0.0223619846,""VEA"":0.0223619846,""VWO"":0.0223619846,""AGG"":0.0111809923,""BND"":0.0111809923,""SHY"":0.0055904962,""IEF"":0.0055904962,""TLT"":0.0055904962,""TIP"":0.0055904962,""LQD"":0.0027952481,""HYG"":0.0027952481,""GLD"":0.0027952481,""SLV"":0.0027952481,""DBC"":0.001397624,""VNQ"":0.001397624,""UUP"":0.001397624,""BIL"":0.000698812}","{""SPY"":0.019047619,""QQQ"":0.019047619,""IWM"":0.019047619,""DIA"":0.019047619,""EFA"":0.019047619,""EEM"":0.019047619,""VEA"":0.019047619,""VWO"":0.019047619,""AGG"":0.019047619,""BND"":0.019047619,""SHY"":0.019047619,""IEF"":0.019047619,""TLT"":0.019047619,""TIP"":0.019047619,""LQD"":0.019047619,""HYG"":0.019047619,""GLD"":0.019047619,""SLV"":0.019047619,""DBC"":0.019047619,""VNQ"":0.019047619,""UUP"":0.019047619,""BIL"":0.6}",0,1.0,0.5366876310272537,0.0006988120195667366,0.0,0,0,1.0,0.5366876310272537,0.000698812019566747,1,1,1,2,44,0e6d30c061be3f168f231219
repeatability_504part,repeatability,repeat_03,llama3.1:8b,P2,,,real_ticker,,2011-09-01,42,10.0,0.6,0.25,3e609c741e890585,"You are a DEFENSIVE LOW-VOLATILITY policy profile. Use only the provided feature values. Strongly favor the eligible asset with the lowest `_vol3m` value. Allocate 60.0% of total portfolio weight to that target asset as the language-level policy target. Distribute the remaining weight equally among all other eligible assets. Include every eligible ticker exactly once. Return strictly valid JSON only with a `weights` object whose values are decimals, not percentages.
Hard constraints for the execution layer: long-only weights, weights sum to one, maximum single-asset weight 0.60, and turnover cap 0.25. You propose weights; deterministic projection will enforce final feasibility.

Current Features:
- SPY_r1m: -0.04145217
- SPY_r3m: -0.06809073
- SPY_r12m: 0.12694338
- SPY_vol3m: 0.29992438
- SPY_mdd: -0.10914321
- QQQ_r1m: -0.03960545
- QQQ_r3m: -0.02959439
- QQQ_r12m: 0.21512526
- QQQ_vol3m: 0.31433276
- QQQ_mdd: -0.08502449
- IWM_r1m: -0.07985992
- IWM_r3m: -0.11840092
- IWM_r12m: 0.13855131
- IWM_vol3m: 0.39700562
- IWM_mdd: -0.17463024
- DIA_r1m: -0.02938616
- DIA_r3m: -0.04703114
- DIA_r12m: 0.14212925
- DIA_vol3m: 0.26558884
- DIA_mdd: -0.09406690
- EFA_r1m: -0.06799350
- EFA_r3m: -0.11475256
- EFA_r12m: 0.04683321
- EFA_vol3m: 0.38187404
- EFA_mdd: -0.15550116
- EEM_r1m: -0.06467189
- EEM_r3m: -0.10287823
- EEM_r12m: 0.04248693
- EEM_vol3m: 0.36238961
- EEM_mdd: -0.14451754
- VEA_r1m: -0.06642583
- VEA_r3m: -0.11348623
- VEA_r12m: 0.05107236
- VEA_vol3m: 0.38408050
- VEA_mdd: -0.15241000
- VWO_r1m: -0.06300942
- VWO_r3m: -0.09892864
- VWO_r12m: 0.05453459
- VWO_vol3m: 0.35066474
- VWO_mdd: -0.13784298
- AGG_r1m: 0.01069817
- AGG_r3m: 0.02938080
- AGG_r12m: 0.04930302
- AGG_vol3m: 0.05125268
- AGG_mdd: -0.00251691
- BND_r1m: 0.01262163
- BND_r3m: 0.03103601
- BND_r12m: 0.05426405
- BND_vol3m: 0.05137177
- BND_mdd: -0.00304762
- SHY_r1m: 0.00288725
- SHY_r3m: 0.00612544
- SHY_r12m: 0.01491642
- SHY_vol3m: 0.00971695
- SHY_mdd: 0.00000000
- IEF_r1m: 0.04060210
- IEF_r3m: 0.07616358
- IEF_r12m: 0.08987935
- IEF_vol3m: 0.10055456
- IEF_mdd: -0.00268129
- TLT_r1m: 0.07429601
- TLT_r3m: 0.14229213
- TLT_r12m: 0.08397209
- TLT_vol3m: 0.24222071
- TLT_mdd: -0.01709705
- TIP_r1m: 0.01246321
- TIP_r3m: 0.05777659
- TIP_r12m: 0.12068825
- TIP_vol3m: 0.09872892
- TIP_mdd: -0.02320022
- LQD_r1m: -0.00677436
- LQD_r3m: 0.02232995
- LQD_r12m: 0.05135169
- LQD_vol3m: 0.08858932
- LQD_mdd: -0.01391923
- HYG_r1m: -0.01739459
- HYG_r3m: -0.01984997
- HYG_r12m: 0.07705932
- HYG_vol3m: 0.16675853
- HYG_mdd: -0.03627721
- GLD_r1m: 0.10143036
- GLD_r3m: 0.18406333
- GLD_r12m: 0.45449337
- GLD_vol3m: 0.21799847
- GLD_mdd: -0.03640501
- SLV_r1m: -0.00073980
- SLV_r3m: 0.14657613
- SLV_r12m: 1.10165970
- SLV_vol3m: 0.41756202
- SLV_mdd: -0.14261528
- DBC_r1m: 0.00402277
- DBC_r3m: -0.00991737
- DBC_r12m: 0.31359669
- DBC_vol3m: 0.19655787
- DBC_mdd: -0.06171679
- VNQ_r1m: -0.01628532
- VNQ_r3m: -0.05629971
- VNQ_r12m: 0.11858279
- VNQ_vol3m: 0.37675320
- VNQ_mdd: -0.10129792
- UUP_r1m: 0.00427168
- UUP_r3m: 0.00331929
- UUP_r12m: -0.11501447
- UUP_vol3m: 0.09281107
- UUP_mdd: -0.18079746
- BIL_r1m: 0.00000000
- BIL_r3m: 0.00021865
- BIL_r12m: -0.00000000
- BIL_vol3m: 0.00281969
- BIL_mdd: -0.00021783
- cross_vol: 0.22134346

Assets: SPY, QQQ, IWM, DIA, EFA, EEM, VEA, VWO, AGG, BND, SHY, IEF, TLT, TIP, LQD, HYG, GLD, SLV, DBC, VNQ, UUP, BIL","{
  ""weights"": {
    ""SPY"": 0.6,
    ""QQQ"": 0.2,
    ""IWM"": 0.1,
    ""DIA"": 0.05,
    ""EFA"": 0.025,
    ""EEM"": 0.025,
    ""VEA"": 0.025,
    ""VWO"": 0.025,
    ""AGG"": 0.0125,
    ""BND"": 0.0125,
    ""SHY"": 0.00625,
    ""IEF"": 0.00625,
    ""TLT"": 0.00625,
    ""TIP"": 0.00625,
    ""LQD"": 0.003125,
    ""HYG"": 0.003125,
    ""GLD"": 0.003125,
    ""SLV"": 0.003125,
    ""DBC"": 0.0015625,
    ""VNQ"": 0.0015625,
    ""UUP"": 0.0015625,
    ""BIL"": 0.00078125
  }
}",1,0,0,10.5680093330011,449,1,0,0,0,247,10.313625,1756,stop,[],0,0,0,0,BIL,SPY,SPY,0,0,0.3333333333333333,1.5736448038334832,0.8131194567742529,2.0816681711721685e-16,4.6805398318361535e-17,1.3373356203544884,0,"{""SPY"":0.536687631,""QQQ"":0.178895877,""IWM"":0.0894479385,""DIA"":0.0447239693,""EFA"":0.0223619846,""EEM"":0.0223619846,""VEA"":0.0223619846,""VWO"":0.0223619846,""AGG"":0.0111809923,""BND"":0.0111809923,""SHY"":0.0055904962,""IEF"":0.0055904962,""TLT"":0.0055904962,""TIP"":0.0055904962,""LQD"":0.0027952481,""HYG"":0.0027952481,""GLD"":0.0027952481,""SLV"":0.0027952481,""DBC"":0.001397624,""VNQ"":0.001397624,""UUP"":0.001397624,""BIL"":0.000698812}","{""SPY"":0.536687631,""QQQ"":0.178895877,""IWM"":0.0894479385,""DIA"":0.0447239693,""EFA"":0.0223619846,""EEM"":0.0223619846,""VEA"":0.0223619846,""VWO"":0.0223619846,""AGG"":0.0111809923,""BND"":0.0111809923,""SHY"":0.0055904962,""IEF"":0.0055904962,""TLT"":0.0055904962,""TIP"":0.0055904962,""LQD"":0.0027952481,""HYG"":0.0027952481,""GLD"":0.0027952481,""SLV"":0.0027952481,""DBC"":0.001397624,""VNQ"":0.001397624,""UUP"":0.001397624,""BIL"":0.000698812}","{""SPY"":0.019047619,""QQQ"":0.019047619,""IWM"":0.019047619,""DIA"":0.019047619,""EFA"":0.019047619,""EEM"":0.019047619,""VEA"":0.019047619,""VWO"":0.019047619,""AGG"":0.019047619,""BND"":0.019047619,""SHY"":0.019047619,""IEF"":0.019047619,""TLT"":0.019047619,""TIP"":0.019047619,""LQD"":0.019047619,""HYG"":0.019047619,""GLD"":0.019047619,""SLV"":0.019047619,""DBC"":0.019047619,""VNQ"":0.019047619,""UUP"":0.019047619,""BIL"":0.6}",0,1.0,0.5366876310272537,0.0006988120195667366,0.0,0,0,1.0,0.5366876310272537,0.000698812019566747,1,1,1,3,45,9384b222ebe46587e89b5d2a
repeatability_504part,repeatability,repeat_00,llama3.1:8b,P3,,,real_ticker,,2011-09-01,42,10.0,0.6,0.25,3d8ec9a57d82b90c,"You are a CONTRARIAN MEAN-REVERSION policy profile. Use only the provided feature values. Strongly favor the eligible asset with the lowest `_r3m` value, reflecting recent underperformance. Allocate 60.0% of total portfolio weight to that target asset as the language-level policy target. Distribute the remaining weight equally among all other eligible assets. Include every eligible ticker exactly once. Return strictly valid JSON only with a `weights` object whose values are decimals, not percentages.
Hard constraints for the execution layer: long-only weights, weights sum to one, maximum single-asset weight 0.60, and turnover cap 0.25. You propose weights; deterministic projection will enforce final feasibility.

Current Features:
- SPY_r1m: -0.04145217
- SPY_r3m: -0.06809073
- SPY_r12m: 0.12694338
- SPY_vol3m: 0.29992438
- SPY_mdd: -0.10914321
- QQQ_r1m: -0.03960545
- QQQ_r3m: -0.02959439
- QQQ_r12m: 0.21512526
- QQQ_vol3m: 0.31433276
- QQQ_mdd: -0.08502449
- IWM_r1m: -0.07985992
- IWM_r3m: -0.11840092
- IWM_r12m: 0.13855131
- IWM_vol3m: 0.39700562
- IWM_mdd: -0.17463024
- DIA_r1m: -0.02938616
- DIA_r3m: -0.04703114
- DIA_r12m: 0.14212925
- DIA_vol3m: 0.26558884
- DIA_mdd: -0.09406690
- EFA_r1m: -0.06799350
- EFA_r3m: -0.11475256
- EFA_r12m: 0.04683321
- EFA_vol3m: 0.38187404
- EFA_mdd: -0.15550116
- EEM_r1m: -0.06467189
- EEM_r3m: -0.10287823
- EEM_r12m: 0.04248693
- EEM_vol3m: 0.36238961
- EEM_mdd: -0.14451754
- VEA_r1m: -0.06642583
- VEA_r3m: -0.11348623
- VEA_r12m: 0.05107236
- VEA_vol3m: 0.38408050
- VEA_mdd: -0.15241000
- VWO_r1m: -0.06300942
- VWO_r3m: -0.09892864
- VWO_r12m: 0.05453459
- VWO_vol3m: 0.35066474
- VWO_mdd: -0.13784298
- AGG_r1m: 0.01069817
- AGG_r3m: 0.02938080
- AGG_r12m: 0.04930302
- AGG_vol3m: 0.05125268
- AGG_mdd: -0.00251691
- BND_r1m: 0.01262163
- BND_r3m: 0.03103601
- BND_r12m: 0.05426405
- BND_vol3m: 0.05137177
- BND_mdd: -0.00304762
- SHY_r1m: 0.00288725
- SHY_r3m: 0.00612544
- SHY_r12m: 0.01491642
- SHY_vol3m: 0.00971695
- SHY_mdd: 0.00000000
- IEF_r1m: 0.04060210
- IEF_r3m: 0.07616358
- IEF_r12m: 0.08987935
- IEF_vol3m: 0.10055456
- IEF_mdd: -0.00268129
- TLT_r1m: 0.07429601
- TLT_r3m: 0.14229213
- TLT_r12m: 0.08397209
- TLT_vol3m: 0.24222071
- TLT_mdd: -0.01709705
- TIP_r1m: 0.01246321
- TIP_r3m: 0.05777659
- TIP_r12m: 0.12068825
- TIP_vol3m: 0.09872892
- TIP_mdd: -0.02320022
- LQD_r1m: -0.00677436
- LQD_r3m: 0.02232995
- LQD_r12m: 0.05135169
- LQD_vol3m: 0.08858932
- LQD_mdd: -0.01391923
- HYG_r1m: -0.01739459
- HYG_r3m: -0.01984997
- HYG_r12m: 0.07705932
- HYG_vol3m: 0.16675853
- HYG_mdd: -0.03627721
- GLD_r1m: 0.10143036
- GLD_r3m: 0.18406333
- GLD_r12m: 0.45449337
- GLD_vol3m: 0.21799847
- GLD_mdd: -0.03640501
- SLV_r1m: -0.00073980
- SLV_r3m: 0.14657613
- SLV_r12m: 1.10165970
- SLV_vol3m: 0.41756202
- SLV_mdd: -0.14261528
- DBC_r1m: 0.00402277
- DBC_r3m: -0.00991737
- DBC_r12m: 0.31359669
- DBC_vol3m: 0.19655787
- DBC_mdd: -0.06171679
- VNQ_r1m: -0.01628532
- VNQ_r3m: -0.05629971
- VNQ_r12m: 0.11858279
- VNQ_vol3m: 0.37675320
- VNQ_mdd: -0.10129792
- UUP_r1m: 0.00427168
- UUP_r3m: 0.00331929
- UUP_r12m: -0.11501447
- UUP_vol3m: 0.09281107
- UUP_mdd: -0.18079746
- BIL_r1m: 0.00000000
- BIL_r3m: 0.00021865
- BIL_r12m: -0.00000000
- BIL_vol3m: 0.00281969
- BIL_mdd: -0.00021783
- cross_vol: 0.22134346

Assets: SPY, QQQ, IWM, DIA, EFA, EEM, VEA, VWO, AGG, BND, SHY, IEF, TLT, TIP, LQD, HYG, GLD, SLV, DBC, VNQ, UUP, BIL","{
  ""weights"": {
    ""SPY"": 0.6,
    ""QQQ"": 0.2,
    ""IWM"": 0.1,
    ""DIA"": 0.05,
    ""EFA"": 0.05,
    ""EEM"": 0.05,
    ""VEA"": 0.05,
    ""VWO"": 0.05,
    ""AGG"": 0.025,
    ""BND"": 0.025,
    ""SHY"": 0.0125,
    ""IEF"": 0.0125,
    ""TLT"": 0.0125,
    ""TIP"": 0.0125,
    ""LQD"": 0.0125,
    ""HYG"": 0.0125,
    ""GLD"": 0.0125,
    ""SLV"": 0.0125,
    ""DBC"": 0.0125,
    ""VNQ"": 0.0125,
    ""UUP"": 0.0125,
    ""BIL"": 0.00625
  }
}",1,0,0,17.77371508300712,419,1,0,0,0,241,10.155489,1761,stop,[],0,0,0,0,IWM,SPY,SPY,0,0,0.6666666666666666,1.2961240310077518,0.6918874056007204,2.7755575615628914e-16,6.206335383118183e-17,1.0668076109936573,0,"{""SPY"":0.4465116279,""QQQ"":0.1488372093,""IWM"":0.0744186047,""DIA"":0.0372093023,""EFA"":0.0372093023,""EEM"":0.0372093023,""VEA"":0.0372093023,""VWO"":0.0372093023,""AGG"":0.0186046512,""BND"":0.0186046512,""SHY"":0.0093023256,""IEF"":0.0093023256,""TLT"":0.0093023256,""TIP"":0.0093023256,""LQD"":0.0093023256,""HYG"":0.0093023256,""GLD"":0.0093023256,""SLV"":0.0093023256,""DBC"":0.0093023256,""VNQ"":0.0093023256,""UUP"":0.0093023256,""BIL"":0.0046511628}","{""SPY"":0.4465116279,""QQQ"":0.1488372093,""IWM"":0.0744186047,""DIA"":0.0372093023,""EFA"":0.0372093023,""EEM"":0.0372093023,""VEA"":0.0372093023,""VWO"":0.0372093023,""AGG"":0.0186046512,""BND"":0.0186046512,""SHY"":0.0093023256,""IEF"":0.0093023256,""TLT"":0.0093023256,""TIP"":0.0093023256,""LQD"":0.0093023256,""HYG"":0.0093023256,""GLD"":0.0093023256,""SLV"":0.0093023256,""DBC"":0.0093023256,""VNQ"":0.0093023256,""UUP"":0.0093023256,""BIL"":0.0046511628}","{""SPY"":0.019047619,""QQQ"":0.019047619,""IWM"":0.6,""DIA"":0.019047619,""EFA"":0.019047619,""EEM"":0.019047619,""VEA"":0.019047619,""VWO"":0.019047619,""AGG"":0.019047619,""BND"":0.019047619,""SHY"":0.019047619,""IEF"":0.019047619,""TLT"":0.019047619,""TIP"":0.019047619,""LQD"":0.019047619,""HYG"":0.019047619,""GLD"":0.019047619,""SLV"":0.019047619,""DBC"":0.019047619,""VNQ"":0.019047619,""UUP"":0.019047619,""BIL"":0.019047619}",0,0.9999999999999998,0.44651162790697674,0.004651162790697674,2.220446049250313e-16,0,0,1.0,0.44651162790697674,0.004651162790697688,1,1,1,0,42,9cf1d4dafe07d3716af66cc7
repeatability_504part,repeatability,repeat_01,llama3.1:8b,P3,,,real_ticker,,2011-09-01,42,10.0,0.6,0.25,3d8ec9a57d82b90c,"You are a CONTRARIAN MEAN-REVERSION policy profile. Use only the provided feature values. Strongly favor the eligible asset with the lowest `_r3m` value, reflecting recent underperformance. Allocate 60.0% of total portfolio weight to that target asset as the language-level policy target. Distribute the remaining weight equally among all other eligible assets. Include every eligible ticker exactly once. Return strictly valid JSON only with a `weights` object whose values are decimals, not percentages.
Hard constraints for the execution layer: long-only weights, weights sum to one, maximum single-asset weight 0.60, and turnover cap 0.25. You propose weights; deterministic projection will enforce final feasibility.

Current Features:
- SPY_r1m: -0.04145217
- SPY_r3m: -0.06809073
- SPY_r12m: 0.12694338
- SPY_vol3m: 0.29992438
- SPY_mdd: -0.10914321
- QQQ_r1m: -0.03960545
- QQQ_r3m: -0.02959439
- QQQ_r12m: 0.21512526
- QQQ_vol3m: 0.31433276
- QQQ_mdd: -0.08502449
- IWM_r1m: -0.07985992
- IWM_r3m: -0.11840092
- IWM_r12m: 0.13855131
- IWM_vol3m: 0.39700562
- IWM_mdd: -0.17463024
- DIA_r1m: -0.02938616
- DIA_r3m: -0.04703114
- DIA_r12m: 0.14212925
- DIA_vol3m: 0.26558884
- DIA_mdd: -0.09406690
- EFA_r1m: -0.06799350
- EFA_r3m: -0.11475256
- EFA_r12m: 0.04683321
- EFA_vol3m: 0.38187404
- EFA_mdd: -0.15550116
- EEM_r1m: -0.06467189
- EEM_r3m: -0.10287823
- EEM_r12m: 0.04248693
- EEM_vol3m: 0.36238961
- EEM_mdd: -0.14451754
- VEA_r1m: -0.06642583
- VEA_r3m: -0.11348623
- VEA_r12m: 0.05107236
- VEA_vol3m: 0.38408050
- VEA_mdd: -0.15241000
- VWO_r1m: -0.06300942
- VWO_r3m: -0.09892864
- VWO_r12m: 0.05453459
- VWO_vol3m: 0.35066474
- VWO_mdd: -0.13784298
- AGG_r1m: 0.01069817
- AGG_r3m: 0.02938080
- AGG_r12m: 0.04930302
- AGG_vol3m: 0.05125268
- AGG_mdd: -0.00251691
- BND_r1m: 0.01262163
- BND_r3m: 0.03103601
- BND_r12m: 0.05426405
- BND_vol3m: 0.05137177
- BND_mdd: -0.00304762
- SHY_r1m: 0.00288725
- SHY_r3m: 0.00612544
- SHY_r12m: 0.01491642
- SHY_vol3m: 0.00971695
- SHY_mdd: 0.00000000
- IEF_r1m: 0.04060210
- IEF_r3m: 0.07616358
- IEF_r12m: 0.08987935
- IEF_vol3m: 0.10055456
- IEF_mdd: -0.00268129
- TLT_r1m: 0.07429601
- TLT_r3m: 0.14229213
- TLT_r12m: 0.08397209
- TLT_vol3m: 0.24222071
- TLT_mdd: -0.01709705
- TIP_r1m: 0.01246321
- TIP_r3m: 0.05777659
- TIP_r12m: 0.12068825
- TIP_vol3m: 0.09872892
- TIP_mdd: -0.02320022
- LQD_r1m: -0.00677436
- LQD_r3m: 0.02232995
- LQD_r12m: 0.05135169
- LQD_vol3m: 0.08858932
- LQD_mdd: -0.01391923
- HYG_r1m: -0.01739459
- HYG_r3m: -0.01984997
- HYG_r12m: 0.07705932
- HYG_vol3m: 0.16675853
- HYG_mdd: -0.03627721
- GLD_r1m: 0.10143036
- GLD_r3m: 0.18406333
- GLD_r12m: 0.45449337
- GLD_vol3m: 0.21799847
- GLD_mdd: -0.03640501
- SLV_r1m: -0.00073980
- SLV_r3m: 0.14657613
- SLV_r12m: 1.10165970
- SLV_vol3m: 0.41756202
- SLV_mdd: -0.14261528
- DBC_r1m: 0.00402277
- DBC_r3m: -0.00991737
- DBC_r12m: 0.31359669
- DBC_vol3m: 0.19655787
- DBC_mdd: -0.06171679
- VNQ_r1m: -0.01628532
- VNQ_r3m: -0.05629971
- VNQ_r12m: 0.11858279
- VNQ_vol3m: 0.37675320
- VNQ_mdd: -0.10129792
- UUP_r1m: 0.00427168
- UUP_r3m: 0.00331929
- UUP_r12m: -0.11501447
- UUP_vol3m: 0.09281107
- UUP_mdd: -0.18079746
- BIL_r1m: 0.00000000
- BIL_r3m: 0.00021865
- BIL_r12m: -0.00000000
- BIL_vol3m: 0.00281969
- BIL_mdd: -0.00021783
- cross_vol: 0.22134346

Assets: SPY, QQQ, IWM, DIA, EFA, EEM, VEA, VWO, AGG, BND, SHY, IEF, TLT, TIP, LQD, HYG, GLD, SLV, DBC, VNQ, UUP, BIL","{
  ""weights"": {
    ""SPY"": 0.6,
    ""QQQ"": 0.2,
    ""IWM"": 0.1,
    ""DIA"": 0.05,
    ""EFA"": 0.05,
    ""EEM"": 0.05,
    ""VEA"": 0.05,
    ""VWO"": 0.05,
    ""AGG"": 0.025,
    ""BND"": 0.025,
    ""SHY"": 0.0125,
    ""IEF"": 0.0125,
    ""TLT"": 0.0125,
    ""TIP"": 0.0125,
    ""LQD"": 0.0125,
    ""HYG"": 0.0125,
    ""GLD"": 0.0125,
    ""SLV"": 0.0125,
    ""DBC"": 0.0125,
    ""VNQ"": 0.0125,
    ""UUP"": 0.0125,
    ""BIL"": 0.00625
  }
}",1,0,0,10.347027374999016,419,1,0,0,0,241,10.102955,1761,stop,[],0,0,0,0,IWM,SPY,SPY,0,0,0.6666666666666666,1.2961240310077518,0.6918874056007204,2.7755575615628914e-16,6.206335383118183e-17,1.0668076109936573,0,"{""SPY"":0.4465116279,""QQQ"":0.1488372093,""IWM"":0.0744186047,""DIA"":0.0372093023,""EFA"":0.0372093023,""EEM"":0.0372093023,""VEA"":0.0372093023,""VWO"":0.0372093023,""AGG"":0.0186046512,""BND"":0.0186046512,""SHY"":0.0093023256,""IEF"":0.0093023256,""TLT"":0.0093023256,""TIP"":0.0093023256,""LQD"":0.0093023256,""HYG"":0.0093023256,""GLD"":0.0093023256,""SLV"":0.0093023256,""DBC"":0.0093023256,""VNQ"":0.0093023256,""UUP"":0.0093023256,""BIL"":0.0046511628}","{""SPY"":0.4465116279,""QQQ"":0.1488372093,""IWM"":0.0744186047,""DIA"":0.0372093023,""EFA"":0.0372093023,""EEM"":0.0372093023,""VEA"":0.0372093023,""VWO"":0.0372093023,""AGG"":0.0186046512,""BND"":0.0186046512,""SHY"":0.0093023256,""IEF"":0.0093023256,""TLT"":0.0093023256,""TIP"":0.0093023256,""LQD"":0.0093023256,""HYG"":0.0093023256,""GLD"":0.0093023256,""SLV"":0.0093023256,""DBC"":0.0093023256,""VNQ"":0.0093023256,""UUP"":0.0093023256,""BIL"":0.0046511628}","{""SPY"":0.019047619,""QQQ"":0.019047619,""IWM"":0.6,""DIA"":0.019047619,""EFA"":0.019047619,""EEM"":0.019047619,""VEA"":0.019047619,""VWO"":0.019047619,""AGG"":0.019047619,""BND"":0.019047619,""SHY"":0.019047619,""IEF"":0.019047619,""TLT"":0.019047619,""TIP"":0.019047619,""LQD"":0.019047619,""HYG"":0.019047619,""GLD"":0.019047619,""SLV"":0.019047619,""DBC"":0.019047619,""VNQ"":0.019047619,""UUP"":0.019047619,""BIL"":0.019047619}",0,0.9999999999999998,0.44651162790697674,0.004651162790697674,2.220446049250313e-16,0,0,1.0,0.44651162790697674,0.004651162790697688,1,1,1,1,43,35638ec9cddfe53dddd37398
repeatability_504part,repeatability,repeat_02,llama3.1:8b,P3,,,real_ticker,,2011-09-01,42,10.0,0.6,0.25,3d8ec9a57d82b90c,"You are a CONTRARIAN MEAN-REVERSION policy profile. Use only the provided feature values. Strongly favor the eligible asset with the lowest `_r3m` value, reflecting recent underperformance. Allocate 60.0% of total portfolio weight to that target asset as the language-level policy target. Distribute the remaining weight equally among all other eligible assets. Include every eligible ticker exactly once. Return strictly valid JSON only with a `weights` object whose values are decimals, not percentages.
Hard constraints for the execution layer: long-only weights, weights sum to one, maximum single-asset weight 0.60, and turnover cap 0.25. You propose weights; deterministic projection will enforce final feasibility.

Current Features:
- SPY_r1m: -0.04145217
- SPY_r3m: -0.06809073
- SPY_r12m: 0.12694338
- SPY_vol3m: 0.29992438
- SPY_mdd: -0.10914321
- QQQ_r1m: -0.03960545
- QQQ_r3m: -0.02959439
- QQQ_r12m: 0.21512526
- QQQ_vol3m: 0.31433276
- QQQ_mdd: -0.08502449
- IWM_r1m: -0.07985992
- IWM_r3m: -0.11840092
- IWM_r12m: 0.13855131
- IWM_vol3m: 0.39700562
- IWM_mdd: -0.17463024
- DIA_r1m: -0.02938616
- DIA_r3m: -0.04703114
- DIA_r12m: 0.14212925
- DIA_vol3m: 0.26558884
- DIA_mdd: -0.09406690
- EFA_r1m: -0.06799350
- EFA_r3m: -0.11475256
- EFA_r12m: 0.04683321
- EFA_vol3m: 0.38187404
- EFA_mdd: -0.15550116
- EEM_r1m: -0.06467189
- EEM_r3m: -0.10287823
- EEM_r12m: 0.04248693
- EEM_vol3m: 0.36238961
- EEM_mdd: -0.14451754
- VEA_r1m: -0.06642583
- VEA_r3m: -0.11348623
- VEA_r12m: 0.05107236
- VEA_vol3m: 0.38408050
- VEA_mdd: -0.15241000
- VWO_r1m: -0.06300942
- VWO_r3m: -0.09892864
- VWO_r12m: 0.05453459
- VWO_vol3m: 0.35066474
- VWO_mdd: -0.13784298
- AGG_r1m: 0.01069817
- AGG_r3m: 0.02938080
- AGG_r12m: 0.04930302
- AGG_vol3m: 0.05125268
- AGG_mdd: -0.00251691
- BND_r1m: 0.01262163
- BND_r3m: 0.03103601
- BND_r12m: 0.05426405
- BND_vol3m: 0.05137177
- BND_mdd: -0.00304762
- SHY_r1m: 0.00288725
- SHY_r3m: 0.00612544
- SHY_r12m: 0.01491642
- SHY_vol3m: 0.00971695
- SHY_mdd: 0.00000000
- IEF_r1m: 0.04060210
- IEF_r3m: 0.07616358
- IEF_r12m: 0.08987935
- IEF_vol3m: 0.10055456
- IEF_mdd: -0.00268129
- TLT_r1m: 0.07429601
- TLT_r3m: 0.14229213
- TLT_r12m: 0.08397209
- TLT_vol3m: 0.24222071
- TLT_mdd: -0.01709705
- TIP_r1m: 0.01246321
- TIP_r3m: 0.05777659
- TIP_r12m: 0.12068825
- TIP_vol3m: 0.09872892
- TIP_mdd: -0.02320022
- LQD_r1m: -0.00677436
- LQD_r3m: 0.02232995
- LQD_r12m: 0.05135169
- LQD_vol3m: 0.08858932
- LQD_mdd: -0.01391923
- HYG_r1m: -0.01739459
- HYG_r3m: -0.01984997
- HYG_r12m: 0.07705932
- HYG_vol3m: 0.16675853
- HYG_mdd: -0.03627721
- GLD_r1m: 0.10143036
- GLD_r3m: 0.18406333
- GLD_r12m: 0.45449337
- GLD_vol3m: 0.21799847
- GLD_mdd: -0.03640501
- SLV_r1m: -0.00073980
- SLV_r3m: 0.14657613
- SLV_r12m: 1.10165970
- SLV_vol3m: 0.41756202
- SLV_mdd: -0.14261528
- DBC_r1m: 0.00402277
- DBC_r3m: -0.00991737
- DBC_r12m: 0.31359669
- DBC_vol3m: 0.19655787
- DBC_mdd: -0.06171679
- VNQ_r1m: -0.01628532
- VNQ_r3m: -0.05629971
- VNQ_r12m: 0.11858279
- VNQ_vol3m: 0.37675320
- VNQ_mdd: -0.10129792
- UUP_r1m: 0.00427168
- UUP_r3m: 0.00331929
- UUP_r12m: -0.11501447
- UUP_vol3m: 0.09281107
- UUP_mdd: -0.18079746
- BIL_r1m: 0.00000000
- BIL_r3m: 0.00021865
- BIL_r12m: -0.00000000
- BIL_vol3m: 0.00281969
- BIL_mdd: -0.00021783
- cross_vol: 0.22134346

Assets: SPY, QQQ, IWM, DIA, EFA, EEM, VEA, VWO, AGG, BND, SHY, IEF, TLT, TIP, LQD, HYG, GLD, SLV, DBC, VNQ, UUP, BIL","{
  ""weights"": {
    ""SPY"": 0.6,
    ""QQQ"": 0.2,
    ""IWM"": 0.1,
    ""DIA"": 0.05,
    ""EFA"": 0.05,
    ""EEM"": 0.05,
    ""VEA"": 0.05,
    ""VWO"": 0.05,
    ""AGG"": 0.025,
    ""BND"": 0.025,
    ""SHY"": 0.0125,
    ""IEF"": 0.0125,
    ""TLT"": 0.0125,
    ""TIP"": 0.0125,
    ""LQD"": 0.0125,
    ""HYG"": 0.0125,
    ""GLD"": 0.0125,
    ""SLV"": 0.0125,
    ""DBC"": 0.0125,
    ""VNQ"": 0.0125,
    ""UUP"": 0.0125,
    ""BIL"": 0.00625
  }
}",1,0,0,10.318006292000064,419,1,0,0,0,241,10.07687,1761,stop,[],0,0,0,0,IWM,SPY,SPY,0,0,0.6666666666666666,1.2961240310077518,0.6918874056007204,2.7755575615628914e-16,6.206335383118183e-17,1.0668076109936573,0,"{""SPY"":0.4465116279,""QQQ"":0.1488372093,""IWM"":0.0744186047,""DIA"":0.0372093023,""EFA"":0.0372093023,""EEM"":0.0372093023,""VEA"":0.0372093023,""VWO"":0.0372093023,""AGG"":0.0186046512,""BND"":0.0186046512,""SHY"":0.0093023256,""IEF"":0.0093023256,""TLT"":0.0093023256,""TIP"":0.0093023256,""LQD"":0.0093023256,""HYG"":0.0093023256,""GLD"":0.0093023256,""SLV"":0.0093023256,""DBC"":0.0093023256,""VNQ"":0.0093023256,""UUP"":0.0093023256,""BIL"":0.0046511628}","{""SPY"":0.4465116279,""QQQ"":0.1488372093,""IWM"":0.0744186047,""DIA"":0.0372093023,""EFA"":0.0372093023,""EEM"":0.0372093023,""VEA"":0.0372093023,""VWO"":0.0372093023,""AGG"":0.0186046512,""BND"":0.0186046512,""SHY"":0.0093023256,""IEF"":0.0093023256,""TLT"":0.0093023256,""TIP"":0.0093023256,""LQD"":0.0093023256,""HYG"":0.0093023256,""GLD"":0.0093023256,""SLV"":0.0093023256,""DBC"":0.0093023256,""VNQ"":0.0093023256,""UUP"":0.0093023256,""BIL"":0.0046511628}","{""SPY"":0.019047619,""QQQ"":0.019047619,""IWM"":0.6,""DIA"":0.019047619,""EFA"":0.019047619,""EEM"":0.019047619,""VEA"":0.019047619,""VWO"":0.019047619,""AGG"":0.019047619,""BND"":0.019047619,""SHY"":0.019047619,""IEF"":0.019047619,""TLT"":0.019047619,""TIP"":0.019047619,""LQD"":0.019047619,""HYG"":0.019047619,""GLD"":0.019047619,""SLV"":0.019047619,""DBC"":0.019047619,""VNQ"":0.019047619,""UUP"":0.019047619,""BIL"":0.019047619}",0,0.9999999999999998,0.44651162790697674,0.004651162790697674,2.220446049250313e-16,0,0,1.0,0.44651162790697674,0.004651162790697688,1,1,1,2,44,61a6f3ae949085289cecb853
repeatability_504part,repeatability,repeat_03,llama3.1:8b,P3,,,real_ticker,,2011-09-01,42,10.0,0.6,0.25,3d8ec9a57d82b90c,"You are a CONTRARIAN MEAN-REVERSION policy profile. Use only the provided feature values. Strongly favor the eligible asset with the lowest `_r3m` value, reflecting recent underperformance. Allocate 60.0% of total portfolio weight to that target asset as the language-level policy target. Distribute the remaining weight equally among all other eligible assets. Include every eligible ticker exactly once. Return strictly valid JSON only with a `weights` object whose values are decimals, not percentages.
Hard constraints for the execution layer: long-only weights, weights sum to one, maximum single-asset weight 0.60, and turnover cap 0.25. You propose weights; deterministic projection will enforce final feasibility.

Current Features:
- SPY_r1m: -0.04145217
- SPY_r3m: -0.06809073
- SPY_r12m: 0.12694338
- SPY_vol3m: 0.29992438
- SPY_mdd: -0.10914321
- QQQ_r1m: -0.03960545
- QQQ_r3m: -0.02959439
- QQQ_r12m: 0.21512526
- QQQ_vol3m: 0.31433276
- QQQ_mdd: -0.08502449
- IWM_r1m: -0.07985992
- IWM_r3m: -0.11840092
- IWM_r12m: 0.13855131
- IWM_vol3m: 0.39700562
- IWM_mdd: -0.17463024
- DIA_r1m: -0.02938616
- DIA_r3m: -0.04703114
- DIA_r12m: 0.14212925
- DIA_vol3m: 0.26558884
- DIA_mdd: -0.09406690
- EFA_r1m: -0.06799350
- EFA_r3m: -0.11475256
- EFA_r12m: 0.04683321
- EFA_vol3m: 0.38187404
- EFA_mdd: -0.15550116
- EEM_r1m: -0.06467189
- EEM_r3m: -0.10287823
- EEM_r12m: 0.04248693
- EEM_vol3m: 0.36238961
- EEM_mdd: -0.14451754
- VEA_r1m: -0.06642583
- VEA_r3m: -0.11348623
- VEA_r12m: 0.05107236
- VEA_vol3m: 0.38408050
- VEA_mdd: -0.15241000
- VWO_r1m: -0.06300942
- VWO_r3m: -0.09892864
- VWO_r12m: 0.05453459
- VWO_vol3m: 0.35066474
- VWO_mdd: -0.13784298
- AGG_r1m: 0.01069817
- AGG_r3m: 0.02938080
- AGG_r12m: 0.04930302
- AGG_vol3m: 0.05125268
- AGG_mdd: -0.00251691
- BND_r1m: 0.01262163
- BND_r3m: 0.03103601
- BND_r12m: 0.05426405
- BND_vol3m: 0.05137177
- BND_mdd: -0.00304762
- SHY_r1m: 0.00288725
- SHY_r3m: 0.00612544
- SHY_r12m: 0.01491642
- SHY_vol3m: 0.00971695
- SHY_mdd: 0.00000000
- IEF_r1m: 0.04060210
- IEF_r3m: 0.07616358
- IEF_r12m: 0.08987935
- IEF_vol3m: 0.10055456
- IEF_mdd: -0.00268129
- TLT_r1m: 0.07429601
- TLT_r3m: 0.14229213
- TLT_r12m: 0.08397209
- TLT_vol3m: 0.24222071
- TLT_mdd: -0.01709705
- TIP_r1m: 0.01246321
- TIP_r3m: 0.05777659
- TIP_r12m: 0.12068825
- TIP_vol3m: 0.09872892
- TIP_mdd: -0.02320022
- LQD_r1m: -0.00677436
- LQD_r3m: 0.02232995
- LQD_r12m: 0.05135169
- LQD_vol3m: 0.08858932
- LQD_mdd: -0.01391923
- HYG_r1m: -0.01739459
- HYG_r3m: -0.01984997
- HYG_r12m: 0.07705932
- HYG_vol3m: 0.16675853
- HYG_mdd: -0.03627721
- GLD_r1m: 0.10143036
- GLD_r3m: 0.18406333
- GLD_r12m: 0.45449337
- GLD_vol3m: 0.21799847
- GLD_mdd: -0.03640501
- SLV_r1m: -0.00073980
- SLV_r3m: 0.14657613
- SLV_r12m: 1.10165970
- SLV_vol3m: 0.41756202
- SLV_mdd: -0.14261528
- DBC_r1m: 0.00402277
- DBC_r3m: -0.00991737
- DBC_r12m: 0.31359669
- DBC_vol3m: 0.19655787
- DBC_mdd: -0.06171679
- VNQ_r1m: -0.01628532
- VNQ_r3m: -0.05629971
- VNQ_r12m: 0.11858279
- VNQ_vol3m: 0.37675320
- VNQ_mdd: -0.10129792
- UUP_r1m: 0.00427168
- UUP_r3m: 0.00331929
- UUP_r12m: -0.11501447
- UUP_vol3m: 0.09281107
- UUP_mdd: -0.18079746
- BIL_r1m: 0.00000000
- BIL_r3m: 0.00021865
- BIL_r12m: -0.00000000
- BIL_vol3m: 0.00281969
- BIL_mdd: -0.00021783
- cross_vol: 0.22134346

Assets: SPY, QQQ, IWM, DIA, EFA, EEM, VEA, VWO, AGG, BND, SHY, IEF, TLT, TIP, LQD, HYG, GLD, SLV, DBC, VNQ, UUP, BIL","{
  ""weights"": {
    ""SPY"": 0.6,
    ""QQQ"": 0.2,
    ""IWM"": 0.1,
    ""DIA"": 0.05,
    ""EFA"": 0.05,
    ""EEM"": 0.05,
    ""VEA"": 0.05,
    ""VWO"": 0.05,
    ""AGG"": 0.025,
    ""BND"": 0.025,
    ""SHY"": 0.0125,
    ""IEF"": 0.0125,
    ""TLT"": 0.0125,
    ""TIP"": 0.0125,
    ""LQD"": 0.0125,
    ""HYG"": 0.0125,
    ""GLD"": 0.0125,
    ""SLV"": 0.0125,
    ""DBC"": 0.0125,
    ""VNQ"": 0.0125,
    ""UUP"": 0.0125,
    ""BIL"": 0.00625
  }
}",1,0,0,10.333915791998152,419,1,0,0,0,241,10.080207,1761,stop,[],0,0,0,0,IWM,SPY,SPY,0,0,0.6666666666666666,1.2961240310077518,0.6918874056007204,2.7755575615628914e-16,6.206335383118183e-17,1.0668076109936573,0,"{""SPY"":0.4465116279,""QQQ"":0.1488372093,""IWM"":0.0744186047,""DIA"":0.0372093023,""EFA"":0.0372093023,""EEM"":0.0372093023,""VEA"":0.0372093023,""VWO"":0.0372093023,""AGG"":0.0186046512,""BND"":0.0186046512,""SHY"":0.0093023256,""IEF"":0.0093023256,""TLT"":0.0093023256,""TIP"":0.0093023256,""LQD"":0.0093023256,""HYG"":0.0093023256,""GLD"":0.0093023256,""SLV"":0.0093023256,""DBC"":0.0093023256,""VNQ"":0.0093023256,""UUP"":0.0093023256,""BIL"":0.0046511628}","{""SPY"":0.4465116279,""QQQ"":0.1488372093,""IWM"":0.0744186047,""DIA"":0.0372093023,""EFA"":0.0372093023,""EEM"":0.0372093023,""VEA"":0.0372093023,""VWO"":0.0372093023,""AGG"":0.0186046512,""BND"":0.0186046512,""SHY"":0.0093023256,""IEF"":0.0093023256,""TLT"":0.0093023256,""TIP"":0.0093023256,""LQD"":0.0093023256,""HYG"":0.0093023256,""GLD"":0.0093023256,""SLV"":0.0093023256,""DBC"":0.0093023256,""VNQ"":0.0093023256,""UUP"":0.0093023256,""BIL"":0.0046511628}","{""SPY"":0.019047619,""QQQ"":0.019047619,""IWM"":0.6,""DIA"":0.019047619,""EFA"":0.019047619,""EEM"":0.019047619,""VEA"":0.019047619,""VWO"":0.019047619,""AGG"":0.019047619,""BND"":0.019047619,""SHY"":0.019047619,""IEF"":0.019047619,""TLT"":0.019047619,""TIP"":0.019047619,""LQD"":0.019047619,""HYG"":0.019047619,""GLD"":0.019047619,""SLV"":0.019047619,""DBC"":0.019047619,""VNQ"":0.019047619,""UUP"":0.019047619,""BIL"":0.019047619}",0,0.9999999999999998,0.44651162790697674,0.004651162790697674,2.220446049250313e-16,0,0,1.0,0.44651162790697674,0.004651162790697688,1,1,1,3,45,5f8ee34477f0e61f890208e9
repeatability_504part,repeatability,repeat_00,llama3.1:8b,P4,,,real_ticker,,2011-09-01,42,10.0,0.6,0.25,143cb8a53dad094f,"You are an EQUAL-WEIGHT CONTROL policy profile. Ignore all feature data. Allocate the total portfolio weight equally among all eligible assets. Include every eligible ticker exactly once. Return strictly valid JSON only with a `weights` object whose values are decimals, not percentages.
Hard constraints for the execution layer: long-only weights, weights sum to one, maximum single-asset weight 0.60, and turnover cap 0.25. You propose weights; deterministic projection will enforce final feasibility.

Current Features:
- SPY_r1m: -0.04145217
- SPY_r3m: -0.06809073
- SPY_r12m: 0.12694338
- SPY_vol3m: 0.29992438
- SPY_mdd: -0.10914321
- QQQ_r1m: -0.03960545
- QQQ_r3m: -0.02959439
- QQQ_r12m: 0.21512526
- QQQ_vol3m: 0.31433276
- QQQ_mdd: -0.08502449
- IWM_r1m: -0.07985992
- IWM_r3m: -0.11840092
- IWM_r12m: 0.13855131
- IWM_vol3m: 0.39700562
- IWM_mdd: -0.17463024
- DIA_r1m: -0.02938616
- DIA_r3m: -0.04703114
- DIA_r12m: 0.14212925
- DIA_vol3m: 0.26558884
- DIA_mdd: -0.09406690
- EFA_r1m: -0.06799350
- EFA_r3m: -0.11475256
- EFA_r12m: 0.04683321
- EFA_vol3m: 0.38187404
- EFA_mdd: -0.15550116
- EEM_r1m: -0.06467189
- EEM_r3m: -0.10287823
- EEM_r12m: 0.04248693
- EEM_vol3m: 0.36238961
- EEM_mdd: -0.14451754
- VEA_r1m: -0.06642583
- VEA_r3m: -0.11348623
- VEA_r12m: 0.05107236
- VEA_vol3m: 0.38408050
- VEA_mdd: -0.15241000
- VWO_r1m: -0.06300942
- VWO_r3m: -0.09892864
- VWO_r12m: 0.05453459
- VWO_vol3m: 0.35066474
- VWO_mdd: -0.13784298
- AGG_r1m: 0.01069817
- AGG_r3m: 0.02938080
- AGG_r12m: 0.04930302
- AGG_vol3m: 0.05125268
- AGG_mdd: -0.00251691
- BND_r1m: 0.01262163
- BND_r3m: 0.03103601
- BND_r12m: 0.05426405
- BND_vol3m: 0.05137177
- BND_mdd: -0.00304762
- SHY_r1m: 0.00288725
- SHY_r3m: 0.00612544
- SHY_r12m: 0.01491642
- SHY_vol3m: 0.00971695
- SHY_mdd: 0.00000000
- IEF_r1m: 0.04060210
- IEF_r3m: 0.07616358
- IEF_r12m: 0.08987935
- IEF_vol3m: 0.10055456
- IEF_mdd: -0.00268129
- TLT_r1m: 0.07429601
- TLT_r3m: 0.14229213
- TLT_r12m: 0.08397209
- TLT_vol3m: 0.24222071
- TLT_mdd: -0.01709705
- TIP_r1m: 0.01246321
- TIP_r3m: 0.05777659
- TIP_r12m: 0.12068825
- TIP_vol3m: 0.09872892
- TIP_mdd: -0.02320022
- LQD_r1m: -0.00677436
- LQD_r3m: 0.02232995
- LQD_r12m: 0.05135169
- LQD_vol3m: 0.08858932
- LQD_mdd: -0.01391923
- HYG_r1m: -0.01739459
- HYG_r3m: -0.01984997
- HYG_r12m: 0.07705932
- HYG_vol3m: 0.16675853
- HYG_mdd: -0.03627721
- GLD_r1m: 0.10143036
- GLD_r3m: 0.18406333
- GLD_r12m: 0.45449337
- GLD_vol3m: 0.21799847
- GLD_mdd: -0.03640501
- SLV_r1m: -0.00073980
- SLV_r3m: 0.14657613
- SLV_r12m: 1.10165970
- SLV_vol3m: 0.41756202
- SLV_mdd: -0.14261528
- DBC_r1m: 0.00402277
- DBC_r3m: -0.00991737
- DBC_r12m: 0.31359669
- DBC_vol3m: 0.19655787
- DBC_mdd: -0.06171679
- VNQ_r1m: -0.01628532
- VNQ_r3m: -0.05629971
- VNQ_r12m: 0.11858279
- VNQ_vol3m: 0.37675320
- VNQ_mdd: -0.10129792
- UUP_r1m: 0.00427168
- UUP_r3m: 0.00331929
- UUP_r12m: -0.11501447
- UUP_vol3m: 0.09281107
- UUP_mdd: -0.18079746
- BIL_r1m: 0.00000000
- BIL_r3m: 0.00021865
- BIL_r12m: -0.00000000
- BIL_vol3m: 0.00281969
- BIL_mdd: -0.00021783
- cross_vol: 0.22134346

Assets: SPY, QQQ, IWM, DIA, EFA, EEM, VEA, VWO, AGG, BND, SHY, IEF, TLT, TIP, LQD, HYG, GLD, SLV, DBC, VNQ, UUP, BIL","{
  ""weights"": {
    ""SPY"": 0.01428571,
    ""QQQ"": 0.01428571,
    ""IWM"": 0.01428571,
    ""DIA"": 0.01428571,
    ""EFA"": 0.01428571,
    ""EEM"": 0.01428571,
    ""VEA"": 0.01428571,
    ""VWO"": 0.01428571,
    ""AGG"": 0.01428571,
    ""BND"": 0.01428571,
    ""SHY"": 0.01428571,
    ""IEF"": 0.01428571,
    ""TLT"": 0.01428571,
    ""TIP"": 0.01428571,
    ""LQD"": 0.01428571,
    ""HYG"": 0.01428571,
    ""GLD"": 0.01428571,
    ""SLV"": 0.01428571,
    ""DBC"": 0.01428571,
    ""VNQ"": 0.01428571,
    ""UUP"": 0.01428571,
    ""BIL"": 0.00000000
  }
}",1,0,0,18.919718791003106,527,1,0,0,0,273,11.504174,1713,stop,[],0,0,0,0,SPY,SPY,SPY,1,1,1.0,0.0,0.0,3.0531133177191805e-16,6.509259464525837e-17,3.0531133177191805e-16,1,"{""SPY"":0.0454545455,""QQQ"":0.0454545455,""IWM"":0.0454545455,""DIA"":0.0454545455,""EFA"":0.0454545455,""EEM"":0.0454545455,""VEA"":0.0454545455,""VWO"":0.0454545455,""AGG"":0.0454545455,""BND"":0.0454545455,""SHY"":0.0454545455,""IEF"":0.0454545455,""TLT"":0.0454545455,""TIP"":0.0454545455,""LQD"":0.0454545455,""HYG"":0.0454545455,""GLD"":0.0454545455,""SLV"":0.0454545455,""DBC"":0.0454545455,""VNQ"":0.0454545455,""UUP"":0.0454545455,""BIL"":0.0454545455}","{""SPY"":0.0454545455,""QQQ"":0.0454545455,""IWM"":0.0454545455,""DIA"":0.0454545455,""EFA"":0.0454545455,""EEM"":0.0454545455,""VEA"":0.0454545455,""VWO"":0.0454545455,""AGG"":0.0454545455,""BND"":0.0454545455,""SHY"":0.0454545455,""IEF"":0.0454545455,""TLT"":0.0454545455,""TIP"":0.0454545455,""LQD"":0.0454545455,""HYG"":0.0454545455,""GLD"":0.0454545455,""SLV"":0.0454545455,""DBC"":0.0454545455,""VNQ"":0.0454545455,""UUP"":0.0454545455,""BIL"":0.0454545455}","{""SPY"":0.0454545455,""QQQ"":0.0454545455,""IWM"":0.0454545455,""DIA"":0.0454545455,""EFA"":0.0454545455,""EEM"":0.0454545455,""VEA"":0.0454545455,""VWO"":0.0454545455,""AGG"":0.0454545455,""BND"":0.0454545455,""SHY"":0.0454545455,""IEF"":0.0454545455,""TLT"":0.0454545455,""TIP"":0.0454545455,""LQD"":0.0454545455,""HYG"":0.0454545455,""GLD"":0.0454545455,""SLV"":0.0454545455,""DBC"":0.0454545455,""VNQ"":0.0454545455,""UUP"":0.0454545455,""BIL"":0.0454545455}",0,0.9999999999999998,0.045454545454545456,0.045454545454545456,2.220446049250313e-16,0,0,1.0,0.04545454545454547,0.04545454545454547,1,1,1,0,42,b4580e7149d9087049c72460
repeatability_504part,repeatability,repeat_01,llama3.1:8b,P4,,,real_ticker,,2011-09-01,42,10.0,0.6,0.25,143cb8a53dad094f,"You are an EQUAL-WEIGHT CONTROL policy profile. Ignore all feature data. Allocate the total portfolio weight equally among all eligible assets. Include every eligible ticker exactly once. Return strictly valid JSON only with a `weights` object whose values are decimals, not percentages.
Hard constraints for the execution layer: long-only weights, weights sum to one, maximum single-asset weight 0.60, and turnover cap 0.25. You propose weights; deterministic projection will enforce final feasibility.

Current Features:
- SPY_r1m: -0.04145217
- SPY_r3m: -0.06809073
- SPY_r12m: 0.12694338
- SPY_vol3m: 0.29992438
- SPY_mdd: -0.10914321
- QQQ_r1m: -0.03960545
- QQQ_r3m: -0.02959439
- QQQ_r12m: 0.21512526
- QQQ_vol3m: 0.31433276
- QQQ_mdd: -0.08502449
- IWM_r1m: -0.07985992
- IWM_r3m: -0.11840092
- IWM_r12m: 0.13855131
- IWM_vol3m: 0.39700562
- IWM_mdd: -0.17463024
- DIA_r1m: -0.02938616
- DIA_r3m: -0.04703114
- DIA_r12m: 0.14212925
- DIA_vol3m: 0.26558884
- DIA_mdd: -0.09406690
- EFA_r1m: -0.06799350
- EFA_r3m: -0.11475256
- EFA_r12m: 0.04683321
- EFA_vol3m: 0.38187404
- EFA_mdd: -0.15550116
- EEM_r1m: -0.06467189
- EEM_r3m: -0.10287823
- EEM_r12m: 0.04248693
- EEM_vol3m: 0.36238961
- EEM_mdd: -0.14451754
- VEA_r1m: -0.06642583
- VEA_r3m: -0.11348623
- VEA_r12m: 0.05107236
- VEA_vol3m: 0.38408050
- VEA_mdd: -0.15241000
- VWO_r1m: -0.06300942
- VWO_r3m: -0.09892864
- VWO_r12m: 0.05453459
- VWO_vol3m: 0.35066474
- VWO_mdd: -0.13784298
- AGG_r1m: 0.01069817
- AGG_r3m: 0.02938080
- AGG_r12m: 0.04930302
- AGG_vol3m: 0.05125268
- AGG_mdd: -0.00251691
- BND_r1m: 0.01262163
- BND_r3m: 0.03103601
- BND_r12m: 0.05426405
- BND_vol3m: 0.05137177
- BND_mdd: -0.00304762
- SHY_r1m: 0.00288725
- SHY_r3m: 0.00612544
- SHY_r12m: 0.01491642
- SHY_vol3m: 0.00971695
- SHY_mdd: 0.00000000
- IEF_r1m: 0.04060210
- IEF_r3m: 0.07616358
- IEF_r12m: 0.08987935
- IEF_vol3m: 0.10055456
- IEF_mdd: -0.00268129
- TLT_r1m: 0.07429601
- TLT_r3m: 0.14229213
- TLT_r12m: 0.08397209
- TLT_vol3m: 0.24222071
- TLT_mdd: -0.01709705
- TIP_r1m: 0.01246321
- TIP_r3m: 0.05777659
- TIP_r12m: 0.12068825
- TIP_vol3m: 0.09872892
- TIP_mdd: -0.02320022
- LQD_r1m: -0.00677436
- LQD_r3m: 0.02232995
- LQD_r12m: 0.05135169
- LQD_vol3m: 0.08858932
- LQD_mdd: -0.01391923
- HYG_r1m: -0.01739459
- HYG_r3m: -0.01984997
- HYG_r12m: 0.07705932
- HYG_vol3m: 0.16675853
- HYG_mdd: -0.03627721
- GLD_r1m: 0.10143036
- GLD_r3m: 0.18406333
- GLD_r12m: 0.45449337
- GLD_vol3m: 0.21799847
- GLD_mdd: -0.03640501
- SLV_r1m: -0.00073980
- SLV_r3m: 0.14657613
- SLV_r12m: 1.10165970
- SLV_vol3m: 0.41756202
- SLV_mdd: -0.14261528
- DBC_r1m: 0.00402277
- DBC_r3m: -0.00991737
- DBC_r12m: 0.31359669
- DBC_vol3m: 0.19655787
- DBC_mdd: -0.06171679
- VNQ_r1m: -0.01628532
- VNQ_r3m: -0.05629971
- VNQ_r12m: 0.11858279
- VNQ_vol3m: 0.37675320
- VNQ_mdd: -0.10129792
- UUP_r1m: 0.00427168
- UUP_r3m: 0.00331929
- UUP_r12m: -0.11501447
- UUP_vol3m: 0.09281107
- UUP_mdd: -0.18079746
- BIL_r1m: 0.00000000
- BIL_r3m: 0.00021865
- BIL_r12m: -0.00000000
- BIL_vol3m: 0.00281969
- BIL_mdd: -0.00021783
- cross_vol: 0.22134346

Assets: SPY, QQQ, IWM, DIA, EFA, EEM, VEA, VWO, AGG, BND, SHY, IEF, TLT, TIP, LQD, HYG, GLD, SLV, DBC, VNQ, UUP, BIL","{
  ""weights"": {
    ""SPY"": 0.01428571,
    ""QQQ"": 0.01428571,
    ""IWM"": 0.01428571,
    ""DIA"": 0.01428571,
    ""EFA"": 0.01428571,
    ""EEM"": 0.01428571,
    ""VEA"": 0.01428571,
    ""VWO"": 0.01428571,
    ""AGG"": 0.01428571,
    ""BND"": 0.01428571,
    ""SHY"": 0.01428571,
    ""IEF"": 0.01428571,
    ""TLT"": 0.01428571,
    ""TIP"": 0.01428571,
    ""LQD"": 0.01428571,
    ""HYG"": 0.01428571,
    ""GLD"": 0.01428571,
    ""SLV"": 0.01428571,
    ""DBC"": 0.01428571,
    ""VNQ"": 0.01428571,
    ""UUP"": 0.01428571,
    ""BIL"": 0.00000000
  }
}",1,0,0,11.66052791698894,527,1,0,0,0,273,11.416858,1713,stop,[],0,0,0,0,SPY,SPY,SPY,1,1,1.0,0.0,0.0,3.0531133177191805e-16,6.509259464525837e-17,3.0531133177191805e-16,1,"{""SPY"":0.0454545455,""QQQ"":0.0454545455,""IWM"":0.0454545455,""DIA"":0.0454545455,""EFA"":0.0454545455,""EEM"":0.0454545455,""VEA"":0.0454545455,""VWO"":0.0454545455,""AGG"":0.0454545455,""BND"":0.0454545455,""SHY"":0.0454545455,""IEF"":0.0454545455,""TLT"":0.0454545455,""TIP"":0.0454545455,""LQD"":0.0454545455,""HYG"":0.0454545455,""GLD"":0.0454545455,""SLV"":0.0454545455,""DBC"":0.0454545455,""VNQ"":0.0454545455,""UUP"":0.0454545455,""BIL"":0.0454545455}","{""SPY"":0.0454545455,""QQQ"":0.0454545455,""IWM"":0.0454545455,""DIA"":0.0454545455,""EFA"":0.0454545455,""EEM"":0.0454545455,""VEA"":0.0454545455,""VWO"":0.0454545455,""AGG"":0.0454545455,""BND"":0.0454545455,""SHY"":0.0454545455,""IEF"":0.0454545455,""TLT"":0.0454545455,""TIP"":0.0454545455,""LQD"":0.0454545455,""HYG"":0.0454545455,""GLD"":0.0454545455,""SLV"":0.0454545455,""DBC"":0.0454545455,""VNQ"":0.0454545455,""UUP"":0.0454545455,""BIL"":0.0454545455}","{""SPY"":0.0454545455,""QQQ"":0.0454545455,""IWM"":0.0454545455,""DIA"":0.0454545455,""EFA"":0.0454545455,""EEM"":0.0454545455,""VEA"":0.0454545455,""VWO"":0.0454545455,""AGG"":0.0454545455,""BND"":0.0454545455,""SHY"":0.0454545455,""IEF"":0.0454545455,""TLT"":0.0454545455,""TIP"":0.0454545455,""LQD"":0.0454545455,""HYG"":0.0454545455,""GLD"":0.0454545455,""SLV"":0.0454545455,""DBC"":0.0454545455,""VNQ"":0.0454545455,""UUP"":0.0454545455,""BIL"":0.0454545455}",0,0.9999999999999998,0.045454545454545456,0.045454545454545456,2.220446049250313e-16,0,0,1.0,0.04545454545454547,0.04545454545454547,1,1,1,1,43,2efb08d9fd0e021df09a0d61
repeatability_504part,repeatability,repeat_02,llama3.1:8b,P4,,,real_ticker,,2011-09-01,42,10.0,0.6,0.25,143cb8a53dad094f,"You are an EQUAL-WEIGHT CONTROL policy profile. Ignore all feature data. Allocate the total portfolio weight equally among all eligible assets. Include every eligible ticker exactly once. Return strictly valid JSON only with a `weights` object whose values are decimals, not percentages.
Hard constraints for the execution layer: long-only weights, weights sum to one, maximum single-asset weight 0.60, and turnover cap 0.25. You propose weights; deterministic projection will enforce final feasibility.

Current Features:
- SPY_r1m: -0.04145217
- SPY_r3m: -0.06809073
- SPY_r12m: 0.12694338
- SPY_vol3m: 0.29992438
- SPY_mdd: -0.10914321
- QQQ_r1m: -0.03960545
- QQQ_r3m: -0.02959439
- QQQ_r12m: 0.21512526
- QQQ_vol3m: 0.31433276
- QQQ_mdd: -0.08502449
- IWM_r1m: -0.07985992
- IWM_r3m: -0.11840092
- IWM_r12m: 0.13855131
- IWM_vol3m: 0.39700562
- IWM_mdd: -0.17463024
- DIA_r1m: -0.02938616
- DIA_r3m: -0.04703114
- DIA_r12m: 0.14212925
- DIA_vol3m: 0.26558884
- DIA_mdd: -0.09406690
- EFA_r1m: -0.06799350
- EFA_r3m: -0.11475256
- EFA_r12m: 0.04683321
- EFA_vol3m: 0.38187404
- EFA_mdd: -0.15550116
- EEM_r1m: -0.06467189
- EEM_r3m: -0.10287823
- EEM_r12m: 0.04248693
- EEM_vol3m: 0.36238961
- EEM_mdd: -0.14451754
- VEA_r1m: -0.06642583
- VEA_r3m: -0.11348623
- VEA_r12m: 0.05107236
- VEA_vol3m: 0.38408050
- VEA_mdd: -0.15241000
- VWO_r1m: -0.06300942
- VWO_r3m: -0.09892864
- VWO_r12m: 0.05453459
- VWO_vol3m: 0.35066474
- VWO_mdd: -0.13784298
- AGG_r1m: 0.01069817
- AGG_r3m: 0.02938080
- AGG_r12m: 0.04930302
- AGG_vol3m: 0.05125268
- AGG_mdd: -0.00251691
- BND_r1m: 0.01262163
- BND_r3m: 0.03103601
- BND_r12m: 0.05426405
- BND_vol3m: 0.05137177
- BND_mdd: -0.00304762
- SHY_r1m: 0.00288725
- SHY_r3m: 0.00612544
- SHY_r12m: 0.01491642
- SHY_vol3m: 0.00971695
- SHY_mdd: 0.00000000
- IEF_r1m: 0.04060210
- IEF_r3m: 0.07616358
- IEF_r12m: 0.08987935
- IEF_vol3m: 0.10055456
- IEF_mdd: -0.00268129
- TLT_r1m: 0.07429601
- TLT_r3m: 0.14229213
- TLT_r12m: 0.08397209
- TLT_vol3m: 0.24222071
- TLT_mdd: -0.01709705
- TIP_r1m: 0.01246321
- TIP_r3m: 0.05777659
- TIP_r12m: 0.12068825
- TIP_vol3m: 0.09872892
- TIP_mdd: -0.02320022
- LQD_r1m: -0.00677436
- LQD_r3m: 0.02232995
- LQD_r12m: 0.05135169
- LQD_vol3m: 0.08858932
- LQD_mdd: -0.01391923
- HYG_r1m: -0.01739459
- HYG_r3m: -0.01984997
- HYG_r12m: 0.07705932
- HYG_vol3m: 0.16675853
- HYG_mdd: -0.03627721
- GLD_r1m: 0.10143036
- GLD_r3m: 0.18406333
- GLD_r12m: 0.45449337
- GLD_vol3m: 0.21799847
- GLD_mdd: -0.03640501
- SLV_r1m: -0.00073980
- SLV_r3m: 0.14657613
- SLV_r12m: 1.10165970
- SLV_vol3m: 0.41756202
- SLV_mdd: -0.14261528
- DBC_r1m: 0.00402277
- DBC_r3m: -0.00991737
- DBC_r12m: 0.31359669
- DBC_vol3m: 0.19655787
- DBC_mdd: -0.06171679
- VNQ_r1m: -0.01628532
- VNQ_r3m: -0.05629971
- VNQ_r12m: 0.11858279
- VNQ_vol3m: 0.37675320
- VNQ_mdd: -0.10129792
- UUP_r1m: 0.00427168
- UUP_r3m: 0.00331929
- UUP_r12m: -0.11501447
- UUP_vol3m: 0.09281107
- UUP_mdd: -0.18079746
- BIL_r1m: 0.00000000
- BIL_r3m: 0.00021865
- BIL_r12m: -0.00000000
- BIL_vol3m: 0.00281969
- BIL_mdd: -0.00021783
- cross_vol: 0.22134346

Assets: SPY, QQQ, IWM, DIA, EFA, EEM, VEA, VWO, AGG, BND, SHY, IEF, TLT, TIP, LQD, HYG, GLD, SLV, DBC, VNQ, UUP, BIL","{
  ""weights"": {
    ""SPY"": 0.01428571,
    ""QQQ"": 0.01428571,
    ""IWM"": 0.01428571,
    ""DIA"": 0.01428571,
    ""EFA"": 0.01428571,
    ""EEM"": 0.01428571,
    ""VEA"": 0.01428571,
    ""VWO"": 0.01428571,
    ""AGG"": 0.01428571,
    ""BND"": 0.01428571,
    ""SHY"": 0.01428571,
    ""IEF"": 0.01428571,
    ""TLT"": 0.01428571,
    ""TIP"": 0.01428571,
    ""LQD"": 0.01428571,
    ""HYG"": 0.01428571,
    ""GLD"": 0.01428571,
    ""SLV"": 0.01428571,
    ""DBC"": 0.01428571,
    ""VNQ"": 0.01428571,
    ""UUP"": 0.01428571,
    ""BIL"": 0.00000000
  }
}",1,0,0,11.647031707994756,527,1,0,0,0,273,11.407326,1713,stop,[],0,0,0,0,SPY,SPY,SPY,1,1,1.0,0.0,0.0,3.0531133177191805e-16,6.509259464525837e-17,3.0531133177191805e-16,1,"{""SPY"":0.0454545455,""QQQ"":0.0454545455,""IWM"":0.0454545455,""DIA"":0.0454545455,""EFA"":0.0454545455,""EEM"":0.0454545455,""VEA"":0.0454545455,""VWO"":0.0454545455,""AGG"":0.0454545455,""BND"":0.0454545455,""SHY"":0.0454545455,""IEF"":0.0454545455,""TLT"":0.0454545455,""TIP"":0.0454545455,""LQD"":0.0454545455,""HYG"":0.0454545455,""GLD"":0.0454545455,""SLV"":0.0454545455,""DBC"":0.0454545455,""VNQ"":0.0454545455,""UUP"":0.0454545455,""BIL"":0.0454545455}","{""SPY"":0.0454545455,""QQQ"":0.0454545455,""IWM"":0.0454545455,""DIA"":0.0454545455,""EFA"":0.0454545455,""EEM"":0.0454545455,""VEA"":0.0454545455,""VWO"":0.0454545455,""AGG"":0.0454545455,""BND"":0.0454545455,""SHY"":0.0454545455,""IEF"":0.0454545455,""TLT"":0.0454545455,""TIP"":0.0454545455,""LQD"":0.0454545455,""HYG"":0.0454545455,""GLD"":0.0454545455,""SLV"":0.0454545455,""DBC"":0.0454545455,""VNQ"":0.0454545455,""UUP"":0.0454545455,""BIL"":0.0454545455}","{""SPY"":0.0454545455,""QQQ"":0.0454545455,""IWM"":0.0454545455,""DIA"":0.0454545455,""EFA"":0.0454545455,""EEM"":0.0454545455,""VEA"":0.0454545455,""VWO"":0.0454545455,""AGG"":0.0454545455,""BND"":0.0454545455,""SHY"":0.0454545455,""IEF"":0.0454545455,""TLT"":0.0454545455,""TIP"":0.0454545455,""LQD"":0.0454545455,""HYG"":0.0454545455,""GLD"":0.0454545455,""SLV"":0.0454545455,""DBC"":0.0454545455,""VNQ"":0.0454545455,""UUP"":0.0454545455,""BIL"":0.0454545455}",0,0.9999999999999998,0.045454545454545456,0.045454545454545456,2.220446049250313e-16,0,0,1.0,0.04545454545454547,0.04545454545454547,1,1,1,2,44,65af1a75152714a2926344a1
repeatability_504part,repeatability,repeat_03,llama3.1:8b,P4,,,real_ticker,,2011-09-01,42,10.0,0.6,0.25,143cb8a53dad094f,"You are an EQUAL-WEIGHT CONTROL policy profile. Ignore all feature data. Allocate the total portfolio weight equally among all eligible assets. Include every eligible ticker exactly once. Return strictly valid JSON only with a `weights` object whose values are decimals, not percentages.
Hard constraints for the execution layer: long-only weights, weights sum to one, maximum single-asset weight 0.60, and turnover cap 0.25. You propose weights; deterministic projection will enforce final feasibility.

Current Features:
- SPY_r1m: -0.04145217
- SPY_r3m: -0.06809073
- SPY_r12m: 0.12694338
- SPY_vol3m: 0.29992438
- SPY_mdd: -0.10914321
- QQQ_r1m: -0.03960545
- QQQ_r3m: -0.02959439
- QQQ_r12m: 0.21512526
- QQQ_vol3m: 0.31433276
- QQQ_mdd: -0.08502449
- IWM_r1m: -0.07985992
- IWM_r3m: -0.11840092
- IWM_r12m: 0.13855131
- IWM_vol3m: 0.39700562
- IWM_mdd: -0.17463024
- DIA_r1m: -0.02938616
- DIA_r3m: -0.04703114
- DIA_r12m: 0.14212925
- DIA_vol3m: 0.26558884
- DIA_mdd: -0.09406690
- EFA_r1m: -0.06799350
- EFA_r3m: -0.11475256
- EFA_r12m: 0.04683321
- EFA_vol3m: 0.38187404
- EFA_mdd: -0.15550116
- EEM_r1m: -0.06467189
- EEM_r3m: -0.10287823
- EEM_r12m: 0.04248693
- EEM_vol3m: 0.36238961
- EEM_mdd: -0.14451754
- VEA_r1m: -0.06642583
- VEA_r3m: -0.11348623
- VEA_r12m: 0.05107236
- VEA_vol3m: 0.38408050
- VEA_mdd: -0.15241000
- VWO_r1m: -0.06300942
- VWO_r3m: -0.09892864
- VWO_r12m: 0.05453459
- VWO_vol3m: 0.35066474
- VWO_mdd: -0.13784298
- AGG_r1m: 0.01069817
- AGG_r3m: 0.02938080
- AGG_r12m: 0.04930302
- AGG_vol3m: 0.05125268
- AGG_mdd: -0.00251691
- BND_r1m: 0.01262163
- BND_r3m: 0.03103601
- BND_r12m: 0.05426405
- BND_vol3m: 0.05137177
- BND_mdd: -0.00304762
- SHY_r1m: 0.00288725
- SHY_r3m: 0.00612544
- SHY_r12m: 0.01491642
- SHY_vol3m: 0.00971695
- SHY_mdd: 0.00000000
- IEF_r1m: 0.04060210
- IEF_r3m: 0.07616358
- IEF_r12m: 0.08987935
- IEF_vol3m: 0.10055456
- IEF_mdd: -0.00268129
- TLT_r1m: 0.07429601
- TLT_r3m: 0.14229213
- TLT_r12m: 0.08397209
- TLT_vol3m: 0.24222071
- TLT_mdd: -0.01709705
- TIP_r1m: 0.01246321
- TIP_r3m: 0.05777659
- TIP_r12m: 0.12068825
- TIP_vol3m: 0.09872892
- TIP_mdd: -0.02320022
- LQD_r1m: -0.00677436
- LQD_r3m: 0.02232995
- LQD_r12m: 0.05135169
- LQD_vol3m: 0.08858932
- LQD_mdd: -0.01391923
- HYG_r1m: -0.01739459
- HYG_r3m: -0.01984997
- HYG_r12m: 0.07705932
- HYG_vol3m: 0.16675853
- HYG_mdd: -0.03627721
- GLD_r1m: 0.10143036
- GLD_r3m: 0.18406333
- GLD_r12m: 0.45449337
- GLD_vol3m: 0.21799847
- GLD_mdd: -0.03640501
- SLV_r1m: -0.00073980
- SLV_r3m: 0.14657613
- SLV_r12m: 1.10165970
- SLV_vol3m: 0.41756202
- SLV_mdd: -0.14261528
- DBC_r1m: 0.00402277
- DBC_r3m: -0.00991737
- DBC_r12m: 0.31359669
- DBC_vol3m: 0.19655787
- DBC_mdd: -0.06171679
- VNQ_r1m: -0.01628532
- VNQ_r3m: -0.05629971
- VNQ_r12m: 0.11858279
- VNQ_vol3m: 0.37675320
- VNQ_mdd: -0.10129792
- UUP_r1m: 0.00427168
- UUP_r3m: 0.00331929
- UUP_r12m: -0.11501447
- UUP_vol3m: 0.09281107
- UUP_mdd: -0.18079746
- BIL_r1m: 0.00000000
- BIL_r3m: 0.00021865
- BIL_r12m: -0.00000000
- BIL_vol3m: 0.00281969
- BIL_mdd: -0.00021783
- cross_vol: 0.22134346

Assets: SPY, QQQ, IWM, DIA, EFA, EEM, VEA, VWO, AGG, BND, SHY, IEF, TLT, TIP, LQD, HYG, GLD, SLV, DBC, VNQ, UUP, BIL","{
  ""weights"": {
    ""SPY"": 0.01428571,
    ""QQQ"": 0.01428571,
    ""IWM"": 0.01428571,
    ""DIA"": 0.01428571,
    ""EFA"": 0.01428571,
    ""EEM"": 0.01428571,
    ""VEA"": 0.01428571,
    ""VWO"": 0.01428571,
    ""AGG"": 0.01428571,
    ""BND"": 0.01428571,
    ""SHY"": 0.01428571,
    ""IEF"": 0.01428571,
    ""TLT"": 0.01428571,
    ""TIP"": 0.01428571,
    ""LQD"": 0.01428571,
    ""HYG"": 0.01428571,
    ""GLD"": 0.01428571,
    ""SLV"": 0.01428571,
    ""DBC"": 0.01428571,
    ""VNQ"": 0.01428571,
    ""UUP"": 0.01428571,
    ""BIL"": 0.00000000
  }
}",1,0,0,11.63317108299816,527,1,0,0,0,273,11.393884,1713,stop,[],0,0,0,0,SPY,SPY,SPY,1,1,1.0,0.0,0.0,3.0531133177191805e-16,6.509259464525837e-17,3.0531133177191805e-16,1,"{""SPY"":0.0454545455,""QQQ"":0.0454545455,""IWM"":0.0454545455,""DIA"":0.0454545455,""EFA"":0.0454545455,""EEM"":0.0454545455,""VEA"":0.0454545455,""VWO"":0.0454545455,""AGG"":0.0454545455,""BND"":0.0454545455,""SHY"":0.0454545455,""IEF"":0.0454545455,""TLT"":0.0454545455,""TIP"":0.0454545455,""LQD"":0.0454545455,""HYG"":0.0454545455,""GLD"":0.0454545455,""SLV"":0.0454545455,""DBC"":0.0454545455,""VNQ"":0.0454545455,""UUP"":0.0454545455,""BIL"":0.0454545455}","{""SPY"":0.0454545455,""QQQ"":0.0454545455,""IWM"":0.0454545455,""DIA"":0.0454545455,""EFA"":0.0454545455,""EEM"":0.0454545455,""VEA"":0.0454545455,""VWO"":0.0454545455,""AGG"":0.0454545455,""BND"":0.0454545455,""SHY"":0.0454545455,""IEF"":0.0454545455,""TLT"":0.0454545455,""TIP"":0.0454545455,""LQD"":0.0454545455,""HYG"":0.0454545455,""GLD"":0.0454545455,""SLV"":0.0454545455,""DBC"":0.0454545455,""VNQ"":0.0454545455,""UUP"":0.0454545455,""BIL"":0.0454545455}","{""SPY"":0.0454545455,""QQQ"":0.0454545455,""IWM"":0.0454545455,""DIA"":0.0454545455,""EFA"":0.0454545455,""EEM"":0.0454545455,""VEA"":0.0454545455,""VWO"":0.0454545455,""AGG"":0.0454545455,""BND"":0.0454545455,""SHY"":0.0454545455,""IEF"":0.0454545455,""TLT"":0.0454545455,""TIP"":0.0454545455,""LQD"":0.0454545455,""HYG"":0.0454545455,""GLD"":0.0454545455,""SLV"":0.0454545455,""DBC"":0.0454545455,""VNQ"":0.0454545455,""UUP"":0.0454545455,""BIL"":0.0454545455}",0,0.9999999999999998,0.045454545454545456,0.045454545454545456,2.220446049250313e-16,0,0,1.0,0.04545454545454547,0.04545454545454547,1,1,1,3,45,b90da3da9c1a7fd5b8e3d2f1
repeatability_504part,repeatability,repeat_00,llama3.1:8b,P5,,,real_ticker,,2011-09-01,42,10.0,0.6,0.25,87155a2da9f907f2,"You are a RISK-ADJUSTED RETURN policy profile. Use only the provided feature values. Prefer eligible assets that combine stronger recent returns with lower recent volatility and smaller drawdowns. Assign larger weights to assets that appear to have stronger positive risk-adjusted profiles, smaller weights to middle-ranked assets, and little weight to weak or unstable candidates. Do not default to equal weights unless the provided features show no meaningful distinction across assets. Include every eligible ticker exactly once. Return strictly valid JSON only with a `weights` object whose values are decimals, not percentages.
Hard constraints for the execution layer: long-only weights, weights sum to one, maximum single-asset weight 0.60, and turnover cap 0.25. You propose weights; deterministic projection will enforce final feasibility.

Current Features:
- SPY_r1m: -0.04145217
- SPY_r3m: -0.06809073
- SPY_r12m: 0.12694338
- SPY_vol3m: 0.29992438
- SPY_mdd: -0.10914321
- QQQ_r1m: -0.03960545
- QQQ_r3m: -0.02959439
- QQQ_r12m: 0.21512526
- QQQ_vol3m: 0.31433276
- QQQ_mdd: -0.08502449
- IWM_r1m: -0.07985992
- IWM_r3m: -0.11840092
- IWM_r12m: 0.13855131
- IWM_vol3m: 0.39700562
- IWM_mdd: -0.17463024
- DIA_r1m: -0.02938616
- DIA_r3m: -0.04703114
- DIA_r12m: 0.14212925
- DIA_vol3m: 0.26558884
- DIA_mdd: -0.09406690
- EFA_r1m: -0.06799350
- EFA_r3m: -0.11475256
- EFA_r12m: 0.04683321
- EFA_vol3m: 0.38187404
- EFA_mdd: -0.15550116
- EEM_r1m: -0.06467189
- EEM_r3m: -0.10287823
- EEM_r12m: 0.04248693
- EEM_vol3m: 0.36238961
- EEM_mdd: -0.14451754
- VEA_r1m: -0.06642583
- VEA_r3m: -0.11348623
- VEA_r12m: 0.05107236
- VEA_vol3m: 0.38408050
- VEA_mdd: -0.15241000
- VWO_r1m: -0.06300942
- VWO_r3m: -0.09892864
- VWO_r12m: 0.05453459
- VWO_vol3m: 0.35066474
- VWO_mdd: -0.13784298
- AGG_r1m: 0.01069817
- AGG_r3m: 0.02938080
- AGG_r12m: 0.04930302
- AGG_vol3m: 0.05125268
- AGG_mdd: -0.00251691
- BND_r1m: 0.01262163
- BND_r3m: 0.03103601
- BND_r12m: 0.05426405
- BND_vol3m: 0.05137177
- BND_mdd: -0.00304762
- SHY_r1m: 0.00288725
- SHY_r3m: 0.00612544
- SHY_r12m: 0.01491642
- SHY_vol3m: 0.00971695
- SHY_mdd: 0.00000000
- IEF_r1m: 0.04060210
- IEF_r3m: 0.07616358
- IEF_r12m: 0.08987935
- IEF_vol3m: 0.10055456
- IEF_mdd: -0.00268129
- TLT_r1m: 0.07429601
- TLT_r3m: 0.14229213
- TLT_r12m: 0.08397209
- TLT_vol3m: 0.24222071
- TLT_mdd: -0.01709705
- TIP_r1m: 0.01246321
- TIP_r3m: 0.05777659
- TIP_r12m: 0.12068825
- TIP_vol3m: 0.09872892
- TIP_mdd: -0.02320022
- LQD_r1m: -0.00677436
- LQD_r3m: 0.02232995
- LQD_r12m: 0.05135169
- LQD_vol3m: 0.08858932
- LQD_mdd: -0.01391923
- HYG_r1m: -0.01739459
- HYG_r3m: -0.01984997
- HYG_r12m: 0.07705932
- HYG_vol3m: 0.16675853
- HYG_mdd: -0.03627721
- GLD_r1m: 0.10143036
- GLD_r3m: 0.18406333
- GLD_r12m: 0.45449337
- GLD_vol3m: 0.21799847
- GLD_mdd: -0.03640501
- SLV_r1m: -0.00073980
- SLV_r3m: 0.14657613
- SLV_r12m: 1.10165970
- SLV_vol3m: 0.41756202
- SLV_mdd: -0.14261528
- DBC_r1m: 0.00402277
- DBC_r3m: -0.00991737
- DBC_r12m: 0.31359669
- DBC_vol3m: 0.19655787
- DBC_mdd: -0.06171679
- VNQ_r1m: -0.01628532
- VNQ_r3m: -0.05629971
- VNQ_r12m: 0.11858279
- VNQ_vol3m: 0.37675320
- VNQ_mdd: -0.10129792
- UUP_r1m: 0.00427168
- UUP_r3m: 0.00331929
- UUP_r12m: -0.11501447
- UUP_vol3m: 0.09281107
- UUP_mdd: -0.18079746
- BIL_r1m: 0.00000000
- BIL_r3m: 0.00021865
- BIL_r12m: -0.00000000
- BIL_vol3m: 0.00281969
- BIL_mdd: -0.00021783
- cross_vol: 0.22134346

Assets: SPY, QQQ, IWM, DIA, EFA, EEM, VEA, VWO, AGG, BND, SHY, IEF, TLT, TIP, LQD, HYG, GLD, SLV, DBC, VNQ, UUP, BIL","{
  ""weights"": {
    ""SPY"": 0.12,
    ""QQQ"": 0.15,
    ""IWM"": 0.08,
    ""DIA"": 0.10,
    ""EFA"": 0.05,
    ""EEM"": 0.07,
    ""VEA"": 0.06,
    ""VWO"": 0.09,
    ""AGG"": 0.20,
    ""BND"": 0.18,
    ""SHY"": 0.04,
    ""IEF"": 0.11,
    ""TLT"": 0.13,
    ""TIP"": 0.16,
    ""LQD"": 0.14,
    ""HYG"": 0.03,
    ""GLD"": 0.22,
    ""SLV"": 0.21,
    ""DBC"": 0.01,
    ""VNQ"": 0.12,
    ""UUP"": 0.02,
    ""BIL"": 0.00
  }
}",1,0,0,17.292034500002046,395,1,0,0,0,229,9.568729,1773,stop,[],0,0,0,0,GLD,GLD,GLD,1,1,0.3333333333333333,1.0861534966324737,0.29828988716420635,2.2204460492503025e-16,4.9065389333867744e-17,0.5196506550218342,0,"{""SPY"":0.0524017467,""QQQ"":0.0655021834,""IWM"":0.0349344978,""DIA"":0.0436681223,""EFA"":0.0218340611,""EEM"":0.0305676856,""VEA"":0.0262008734,""VWO"":0.03930131,""AGG"":0.0873362445,""BND"":0.0786026201,""SHY"":0.0174672489,""IEF"":0.0480349345,""TLT"":0.056768559,""TIP"":0.0698689956,""LQD"":0.0611353712,""HYG"":0.0131004367,""GLD"":0.096069869,""SLV"":0.0917030568,""DBC"":0.0043668122,""VNQ"":0.0524017467,""UUP"":0.0087336245,""BIL"":0.0}","{""SPY"":0.0524017467,""QQQ"":0.0655021834,""IWM"":0.0349344978,""DIA"":0.0436681223,""EFA"":0.0218340611,""EEM"":0.0305676856,""VEA"":0.0262008734,""VWO"":0.03930131,""AGG"":0.0873362445,""BND"":0.0786026201,""SHY"":0.0174672489,""IEF"":0.0480349345,""TLT"":0.056768559,""TIP"":0.0698689956,""LQD"":0.0611353712,""HYG"":0.0131004367,""GLD"":0.096069869,""SLV"":0.0917030568,""DBC"":0.0043668122,""VNQ"":0.0524017467,""UUP"":0.0087336245,""BIL"":1.040834086e-17}","{""SPY"":1.387778781e-17,""QQQ"":1.387778781e-17,""IWM"":1.387778781e-17,""DIA"":1.387778781e-17,""EFA"":1.387778781e-17,""EEM"":1.387778781e-17,""VEA"":1.387778781e-17,""VWO"":1.387778781e-17,""AGG"":0.098455684,""BND"":0.1158880424,""SHY"":0.1401528396,""IEF"":0.1904559582,""TLT"":0.1446778386,""TIP"":0.059543339,""LQD"":1.387778781e-17,""HYG"":1.387778781e-17,""GLD"":0.2194635136,""SLV"":1.387778781e-17,""DBC"":0.0096534511,""VNQ"":1.387778781e-17,""UUP"":0.0217093333,""BIL"":1.387778781e-17}",0,1.0,0.09606986899563319,0.0,0.0,0,0,1.0,0.0960698689956332,1.0408340855859781e-17,1,1,1,0,42,87047c60c3750799e6b56125
repeatability_504part,repeatability,repeat_01,llama3.1:8b,P5,,,real_ticker,,2011-09-01,42,10.0,0.6,0.25,87155a2da9f907f2,"You are a RISK-ADJUSTED RETURN policy profile. Use only the provided feature values. Prefer eligible assets that combine stronger recent returns with lower recent volatility and smaller drawdowns. Assign larger weights to assets that appear to have stronger positive risk-adjusted profiles, smaller weights to middle-ranked assets, and little weight to weak or unstable candidates. Do not default to equal weights unless the provided features show no meaningful distinction across assets. Include every eligible ticker exactly once. Return strictly valid JSON only with a `weights` object whose values are decimals, not percentages.
Hard constraints for the execution layer: long-only weights, weights sum to one, maximum single-asset weight 0.60, and turnover cap 0.25. You propose weights; deterministic projection will enforce final feasibility.

Current Features:
- SPY_r1m: -0.04145217
- SPY_r3m: -0.06809073
- SPY_r12m: 0.12694338
- SPY_vol3m: 0.29992438
- SPY_mdd: -0.10914321
- QQQ_r1m: -0.03960545
- QQQ_r3m: -0.02959439
- QQQ_r12m: 0.21512526
- QQQ_vol3m: 0.31433276
- QQQ_mdd: -0.08502449
- IWM_r1m: -0.07985992
- IWM_r3m: -0.11840092
- IWM_r12m: 0.13855131
- IWM_vol3m: 0.39700562
- IWM_mdd: -0.17463024
- DIA_r1m: -0.02938616
- DIA_r3m: -0.04703114
- DIA_r12m: 0.14212925
- DIA_vol3m: 0.26558884
- DIA_mdd: -0.09406690
- EFA_r1m: -0.06799350
- EFA_r3m: -0.11475256
- EFA_r12m: 0.04683321
- EFA_vol3m: 0.38187404
- EFA_mdd: -0.15550116
- EEM_r1m: -0.06467189
- EEM_r3m: -0.10287823
- EEM_r12m: 0.04248693
- EEM_vol3m: 0.36238961
- EEM_mdd: -0.14451754
- VEA_r1m: -0.06642583
- VEA_r3m: -0.11348623
- VEA_r12m: 0.05107236
- VEA_vol3m: 0.38408050
- VEA_mdd: -0.15241000
- VWO_r1m: -0.06300942
- VWO_r3m: -0.09892864
- VWO_r12m: 0.05453459
- VWO_vol3m: 0.35066474
- VWO_mdd: -0.13784298
- AGG_r1m: 0.01069817
- AGG_r3m: 0.02938080
- AGG_r12m: 0.04930302
- AGG_vol3m: 0.05125268
- AGG_mdd: -0.00251691
- BND_r1m: 0.01262163
- BND_r3m: 0.03103601
- BND_r12m: 0.05426405
- BND_vol3m: 0.05137177
- BND_mdd: -0.00304762
- SHY_r1m: 0.00288725
- SHY_r3m: 0.00612544
- SHY_r12m: 0.01491642
- SHY_vol3m: 0.00971695
- SHY_mdd: 0.00000000
- IEF_r1m: 0.04060210
- IEF_r3m: 0.07616358
- IEF_r12m: 0.08987935
- IEF_vol3m: 0.10055456
- IEF_mdd: -0.00268129
- TLT_r1m: 0.07429601
- TLT_r3m: 0.14229213
- TLT_r12m: 0.08397209
- TLT_vol3m: 0.24222071
- TLT_mdd: -0.01709705
- TIP_r1m: 0.01246321
- TIP_r3m: 0.05777659
- TIP_r12m: 0.12068825
- TIP_vol3m: 0.09872892
- TIP_mdd: -0.02320022
- LQD_r1m: -0.00677436
- LQD_r3m: 0.02232995
- LQD_r12m: 0.05135169
- LQD_vol3m: 0.08858932
- LQD_mdd: -0.01391923
- HYG_r1m: -0.01739459
- HYG_r3m: -0.01984997
- HYG_r12m: 0.07705932
- HYG_vol3m: 0.16675853
- HYG_mdd: -0.03627721
- GLD_r1m: 0.10143036
- GLD_r3m: 0.18406333
- GLD_r12m: 0.45449337
- GLD_vol3m: 0.21799847
- GLD_mdd: -0.03640501
- SLV_r1m: -0.00073980
- SLV_r3m: 0.14657613
- SLV_r12m: 1.10165970
- SLV_vol3m: 0.41756202
- SLV_mdd: -0.14261528
- DBC_r1m: 0.00402277
- DBC_r3m: -0.00991737
- DBC_r12m: 0.31359669
- DBC_vol3m: 0.19655787
- DBC_mdd: -0.06171679
- VNQ_r1m: -0.01628532
- VNQ_r3m: -0.05629971
- VNQ_r12m: 0.11858279
- VNQ_vol3m: 0.37675320
- VNQ_mdd: -0.10129792
- UUP_r1m: 0.00427168
- UUP_r3m: 0.00331929
- UUP_r12m: -0.11501447
- UUP_vol3m: 0.09281107
- UUP_mdd: -0.18079746
- BIL_r1m: 0.00000000
- BIL_r3m: 0.00021865
- BIL_r12m: -0.00000000
- BIL_vol3m: 0.00281969
- BIL_mdd: -0.00021783
- cross_vol: 0.22134346

Assets: SPY, QQQ, IWM, DIA, EFA, EEM, VEA, VWO, AGG, BND, SHY, IEF, TLT, TIP, LQD, HYG, GLD, SLV, DBC, VNQ, UUP, BIL","{
  ""weights"": {
    ""SPY"": 0.12,
    ""QQQ"": 0.15,
    ""IWM"": 0.08,
    ""DIA"": 0.10,
    ""EFA"": 0.05,
    ""EEM"": 0.07,
    ""VEA"": 0.06,
    ""VWO"": 0.09,
    ""AGG"": 0.20,
    ""BND"": 0.18,
    ""SHY"": 0.04,
    ""IEF"": 0.11,
    ""TLT"": 0.13,
    ""TIP"": 0.16,
    ""LQD"": 0.14,
    ""HYG"": 0.03,
    ""GLD"": 0.22,
    ""SLV"": 0.21,
    ""DBC"": 0.01,
    ""VNQ"": 0.12,
    ""UUP"": 0.02,
    ""BIL"": 0.00
  }
}",1,0,0,9.813273624997237,395,1,0,0,0,229,9.566047,1773,stop,[],0,0,0,0,GLD,GLD,GLD,1,1,0.3333333333333333,1.0861534966324737,0.29828988716420635,2.2204460492503025e-16,4.9065389333867744e-17,0.5196506550218342,0,"{""SPY"":0.0524017467,""QQQ"":0.0655021834,""IWM"":0.0349344978,""DIA"":0.0436681223,""EFA"":0.0218340611,""EEM"":0.0305676856,""VEA"":0.0262008734,""VWO"":0.03930131,""AGG"":0.0873362445,""BND"":0.0786026201,""SHY"":0.0174672489,""IEF"":0.0480349345,""TLT"":0.056768559,""TIP"":0.0698689956,""LQD"":0.0611353712,""HYG"":0.0131004367,""GLD"":0.096069869,""SLV"":0.0917030568,""DBC"":0.0043668122,""VNQ"":0.0524017467,""UUP"":0.0087336245,""BIL"":0.0}","{""SPY"":0.0524017467,""QQQ"":0.0655021834,""IWM"":0.0349344978,""DIA"":0.0436681223,""EFA"":0.0218340611,""EEM"":0.0305676856,""VEA"":0.0262008734,""VWO"":0.03930131,""AGG"":0.0873362445,""BND"":0.0786026201,""SHY"":0.0174672489,""IEF"":0.0480349345,""TLT"":0.056768559,""TIP"":0.0698689956,""LQD"":0.0611353712,""HYG"":0.0131004367,""GLD"":0.096069869,""SLV"":0.0917030568,""DBC"":0.0043668122,""VNQ"":0.0524017467,""UUP"":0.0087336245,""BIL"":1.040834086e-17}","{""SPY"":1.387778781e-17,""QQQ"":1.387778781e-17,""IWM"":1.387778781e-17,""DIA"":1.387778781e-17,""EFA"":1.387778781e-17,""EEM"":1.387778781e-17,""VEA"":1.387778781e-17,""VWO"":1.387778781e-17,""AGG"":0.098455684,""BND"":0.1158880424,""SHY"":0.1401528396,""IEF"":0.1904559582,""TLT"":0.1446778386,""TIP"":0.059543339,""LQD"":1.387778781e-17,""HYG"":1.387778781e-17,""GLD"":0.2194635136,""SLV"":1.387778781e-17,""DBC"":0.0096534511,""VNQ"":1.387778781e-17,""UUP"":0.0217093333,""BIL"":1.387778781e-17}",0,1.0,0.09606986899563319,0.0,0.0,0,0,1.0,0.0960698689956332,1.0408340855859781e-17,1,1,1,1,43,639103a601609f45124f97c2
repeatability_504part,repeatability,repeat_02,llama3.1:8b,P5,,,real_ticker,,2011-09-01,42,10.0,0.6,0.25,87155a2da9f907f2,"You are a RISK-ADJUSTED RETURN policy profile. Use only the provided feature values. Prefer eligible assets that combine stronger recent returns with lower recent volatility and smaller drawdowns. Assign larger weights to assets that appear to have stronger positive risk-adjusted profiles, smaller weights to middle-ranked assets, and little weight to weak or unstable candidates. Do not default to equal weights unless the provided features show no meaningful distinction across assets. Include every eligible ticker exactly once. Return strictly valid JSON only with a `weights` object whose values are decimals, not percentages.
Hard constraints for the execution layer: long-only weights, weights sum to one, maximum single-asset weight 0.60, and turnover cap 0.25. You propose weights; deterministic projection will enforce final feasibility.

Current Features:
- SPY_r1m: -0.04145217
- SPY_r3m: -0.06809073
- SPY_r12m: 0.12694338
- SPY_vol3m: 0.29992438
- SPY_mdd: -0.10914321
- QQQ_r1m: -0.03960545
- QQQ_r3m: -0.02959439
- QQQ_r12m: 0.21512526
- QQQ_vol3m: 0.31433276
- QQQ_mdd: -0.08502449
- IWM_r1m: -0.07985992
- IWM_r3m: -0.11840092
- IWM_r12m: 0.13855131
- IWM_vol3m: 0.39700562
- IWM_mdd: -0.17463024
- DIA_r1m: -0.02938616
- DIA_r3m: -0.04703114
- DIA_r12m: 0.14212925
- DIA_vol3m: 0.26558884
- DIA_mdd: -0.09406690
- EFA_r1m: -0.06799350
- EFA_r3m: -0.11475256
- EFA_r12m: 0.04683321
- EFA_vol3m: 0.38187404
- EFA_mdd: -0.15550116
- EEM_r1m: -0.06467189
- EEM_r3m: -0.10287823
- EEM_r12m: 0.04248693
- EEM_vol3m: 0.36238961
- EEM_mdd: -0.14451754
- VEA_r1m: -0.06642583
- VEA_r3m: -0.11348623
- VEA_r12m: 0.05107236
- VEA_vol3m: 0.38408050
- VEA_mdd: -0.15241000
- VWO_r1m: -0.06300942
- VWO_r3m: -0.09892864
- VWO_r12m: 0.05453459
- VWO_vol3m: 0.35066474
- VWO_mdd: -0.13784298
- AGG_r1m: 0.01069817
- AGG_r3m: 0.02938080
- AGG_r12m: 0.04930302
- AGG_vol3m: 0.05125268
- AGG_mdd: -0.00251691
- BND_r1m: 0.01262163
- BND_r3m: 0.03103601
- BND_r12m: 0.05426405
- BND_vol3m: 0.05137177
- BND_mdd: -0.00304762
- SHY_r1m: 0.00288725
- SHY_r3m: 0.00612544
- SHY_r12m: 0.01491642
- SHY_vol3m: 0.00971695
- SHY_mdd: 0.00000000
- IEF_r1m: 0.04060210
- IEF_r3m: 0.07616358
- IEF_r12m: 0.08987935
- IEF_vol3m: 0.10055456
- IEF_mdd: -0.00268129
- TLT_r1m: 0.07429601
- TLT_r3m: 0.14229213
- TLT_r12m: 0.08397209
- TLT_vol3m: 0.24222071
- TLT_mdd: -0.01709705
- TIP_r1m: 0.01246321
- TIP_r3m: 0.05777659
- TIP_r12m: 0.12068825
- TIP_vol3m: 0.09872892
- TIP_mdd: -0.02320022
- LQD_r1m: -0.00677436
- LQD_r3m: 0.02232995
- LQD_r12m: 0.05135169
- LQD_vol3m: 0.08858932
- LQD_mdd: -0.01391923
- HYG_r1m: -0.01739459
- HYG_r3m: -0.01984997
- HYG_r12m: 0.07705932
- HYG_vol3m: 0.16675853
- HYG_mdd: -0.03627721
- GLD_r1m: 0.10143036
- GLD_r3m: 0.18406333
- GLD_r12m: 0.45449337
- GLD_vol3m: 0.21799847
- GLD_mdd: -0.03640501
- SLV_r1m: -0.00073980
- SLV_r3m: 0.14657613
- SLV_r12m: 1.10165970
- SLV_vol3m: 0.41756202
- SLV_mdd: -0.14261528
- DBC_r1m: 0.00402277
- DBC_r3m: -0.00991737
- DBC_r12m: 0.31359669
- DBC_vol3m: 0.19655787
- DBC_mdd: -0.06171679
- VNQ_r1m: -0.01628532
- VNQ_r3m: -0.05629971
- VNQ_r12m: 0.11858279
- VNQ_vol3m: 0.37675320
- VNQ_mdd: -0.10129792
- UUP_r1m: 0.00427168
- UUP_r3m: 0.00331929
- UUP_r12m: -0.11501447
- UUP_vol3m: 0.09281107
- UUP_mdd: -0.18079746
- BIL_r1m: 0.00000000
- BIL_r3m: 0.00021865
- BIL_r12m: -0.00000000
- BIL_vol3m: 0.00281969
- BIL_mdd: -0.00021783
- cross_vol: 0.22134346

Assets: SPY, QQQ, IWM, DIA, EFA, EEM, VEA, VWO, AGG, BND, SHY, IEF, TLT, TIP, LQD, HYG, GLD, SLV, DBC, VNQ, UUP, BIL","{
  ""weights"": {
    ""SPY"": 0.12,
    ""QQQ"": 0.15,
    ""IWM"": 0.08,
    ""DIA"": 0.10,
    ""EFA"": 0.05,
    ""EEM"": 0.07,
    ""VEA"": 0.06,
    ""VWO"": 0.09,
    ""AGG"": 0.20,
    ""BND"": 0.18,
    ""SHY"": 0.04,
    ""IEF"": 0.11,
    ""TLT"": 0.13,
    ""TIP"": 0.16,
    ""LQD"": 0.14,
    ""HYG"": 0.03,
    ""GLD"": 0.22,
    ""SLV"": 0.21,
    ""DBC"": 0.01,
    ""VNQ"": 0.12,
    ""UUP"": 0.02,
    ""BIL"": 0.00
  }
}",1,0,0,9.78717854199931,395,1,0,0,0,229,9.568397,1773,stop,[],0,0,0,0,GLD,GLD,GLD,1,1,0.3333333333333333,1.0861534966324737,0.29828988716420635,2.2204460492503025e-16,4.9065389333867744e-17,0.5196506550218342,0,"{""SPY"":0.0524017467,""QQQ"":0.0655021834,""IWM"":0.0349344978,""DIA"":0.0436681223,""EFA"":0.0218340611,""EEM"":0.0305676856,""VEA"":0.0262008734,""VWO"":0.03930131,""AGG"":0.0873362445,""BND"":0.0786026201,""SHY"":0.0174672489,""IEF"":0.0480349345,""TLT"":0.056768559,""TIP"":0.0698689956,""LQD"":0.0611353712,""HYG"":0.0131004367,""GLD"":0.096069869,""SLV"":0.0917030568,""DBC"":0.0043668122,""VNQ"":0.0524017467,""UUP"":0.0087336245,""BIL"":0.0}","{""SPY"":0.0524017467,""QQQ"":0.0655021834,""IWM"":0.0349344978,""DIA"":0.0436681223,""EFA"":0.0218340611,""EEM"":0.0305676856,""VEA"":0.0262008734,""VWO"":0.03930131,""AGG"":0.0873362445,""BND"":0.0786026201,""SHY"":0.0174672489,""IEF"":0.0480349345,""TLT"":0.056768559,""TIP"":0.0698689956,""LQD"":0.0611353712,""HYG"":0.0131004367,""GLD"":0.096069869,""SLV"":0.0917030568,""DBC"":0.0043668122,""VNQ"":0.0524017467,""UUP"":0.0087336245,""BIL"":1.040834086e-17}","{""SPY"":1.387778781e-17,""QQQ"":1.387778781e-17,""IWM"":1.387778781e-17,""DIA"":1.387778781e-17,""EFA"":1.387778781e-17,""EEM"":1.387778781e-17,""VEA"":1.387778781e-17,""VWO"":1.387778781e-17,""AGG"":0.098455684,""BND"":0.1158880424,""SHY"":0.1401528396,""IEF"":0.1904559582,""TLT"":0.1446778386,""TIP"":0.059543339,""LQD"":1.387778781e-17,""HYG"":1.387778781e-17,""GLD"":0.2194635136,""SLV"":1.387778781e-17,""DBC"":0.0096534511,""VNQ"":1.387778781e-17,""UUP"":0.0217093333,""BIL"":1.387778781e-17}",0,1.0,0.09606986899563319,0.0,0.0,0,0,1.0,0.0960698689956332,1.0408340855859781e-17,1,1,1,2,44,590df771d37309f162dee674
repeatability_504part,repeatability,repeat_03,llama3.1:8b,P5,,,real_ticker,,2011-09-01,42,10.0,0.6,0.25,87155a2da9f907f2,"You are a RISK-ADJUSTED RETURN policy profile. Use only the provided feature values. Prefer eligible assets that combine stronger recent returns with lower recent volatility and smaller drawdowns. Assign larger weights to assets that appear to have stronger positive risk-adjusted profiles, smaller weights to middle-ranked assets, and little weight to weak or unstable candidates. Do not default to equal weights unless the provided features show no meaningful distinction across assets. Include every eligible ticker exactly once. Return strictly valid JSON only with a `weights` object whose values are decimals, not percentages.
Hard constraints for the execution layer: long-only weights, weights sum to one, maximum single-asset weight 0.60, and turnover cap 0.25. You propose weights; deterministic projection will enforce final feasibility.

Current Features:
- SPY_r1m: -0.04145217
- SPY_r3m: -0.06809073
- SPY_r12m: 0.12694338
- SPY_vol3m: 0.29992438
- SPY_mdd: -0.10914321
- QQQ_r1m: -0.03960545
- QQQ_r3m: -0.02959439
- QQQ_r12m: 0.21512526
- QQQ_vol3m: 0.31433276
- QQQ_mdd: -0.08502449
- IWM_r1m: -0.07985992
- IWM_r3m: -0.11840092
- IWM_r12m: 0.13855131
- IWM_vol3m: 0.39700562
- IWM_mdd: -0.17463024
- DIA_r1m: -0.02938616
- DIA_r3m: -0.04703114
- DIA_r12m: 0.14212925
- DIA_vol3m: 0.26558884
- DIA_mdd: -0.09406690
- EFA_r1m: -0.06799350
- EFA_r3m: -0.11475256
- EFA_r12m: 0.04683321
- EFA_vol3m: 0.38187404
- EFA_mdd: -0.15550116
- EEM_r1m: -0.06467189
- EEM_r3m: -0.10287823
- EEM_r12m: 0.04248693
- EEM_vol3m: 0.36238961
- EEM_mdd: -0.14451754
- VEA_r1m: -0.06642583
- VEA_r3m: -0.11348623
- VEA_r12m: 0.05107236
- VEA_vol3m: 0.38408050
- VEA_mdd: -0.15241000
- VWO_r1m: -0.06300942
- VWO_r3m: -0.09892864
- VWO_r12m: 0.05453459
- VWO_vol3m: 0.35066474
- VWO_mdd: -0.13784298
- AGG_r1m: 0.01069817
- AGG_r3m: 0.02938080
- AGG_r12m: 0.04930302
- AGG_vol3m: 0.05125268
- AGG_mdd: -0.00251691
- BND_r1m: 0.01262163
- BND_r3m: 0.03103601
- BND_r12m: 0.05426405
- BND_vol3m: 0.05137177
- BND_mdd: -0.00304762
- SHY_r1m: 0.00288725
- SHY_r3m: 0.00612544
- SHY_r12m: 0.01491642
- SHY_vol3m: 0.00971695
- SHY_mdd: 0.00000000
- IEF_r1m: 0.04060210
- IEF_r3m: 0.07616358
- IEF_r12m: 0.08987935
- IEF_vol3m: 0.10055456
- IEF_mdd: -0.00268129
- TLT_r1m: 0.07429601
- TLT_r3m: 0.14229213
- TLT_r12m: 0.08397209
- TLT_vol3m: 0.24222071
- TLT_mdd: -0.01709705
- TIP_r1m: 0.01246321
- TIP_r3m: 0.05777659
- TIP_r12m: 0.12068825
- TIP_vol3m: 0.09872892
- TIP_mdd: -0.02320022
- LQD_r1m: -0.00677436
- LQD_r3m: 0.02232995
- LQD_r12m: 0.05135169
- LQD_vol3m: 0.08858932
- LQD_mdd: -0.01391923
- HYG_r1m: -0.01739459
- HYG_r3m: -0.01984997
- HYG_r12m: 0.07705932
- HYG_vol3m: 0.16675853
- HYG_mdd: -0.03627721
- GLD_r1m: 0.10143036
- GLD_r3m: 0.18406333
- GLD_r12m: 0.45449337
- GLD_vol3m: 0.21799847
- GLD_mdd: -0.03640501
- SLV_r1m: -0.00073980
- SLV_r3m: 0.14657613
- SLV_r12m: 1.10165970
- SLV_vol3m: 0.41756202
- SLV_mdd: -0.14261528
- DBC_r1m: 0.00402277
- DBC_r3m: -0.00991737
- DBC_r12m: 0.31359669
- DBC_vol3m: 0.19655787
- DBC_mdd: -0.06171679
- VNQ_r1m: -0.01628532
- VNQ_r3m: -0.05629971
- VNQ_r12m: 0.11858279
- VNQ_vol3m: 0.37675320
- VNQ_mdd: -0.10129792
- UUP_r1m: 0.00427168
- UUP_r3m: 0.00331929
- UUP_r12m: -0.11501447
- UUP_vol3m: 0.09281107
- UUP_mdd: -0.18079746
- BIL_r1m: 0.00000000
- BIL_r3m: 0.00021865
- BIL_r12m: -0.00000000
- BIL_vol3m: 0.00281969
- BIL_mdd: -0.00021783
- cross_vol: 0.22134346

Assets: SPY, QQQ, IWM, DIA, EFA, EEM, VEA, VWO, AGG, BND, SHY, IEF, TLT, TIP, LQD, HYG, GLD, SLV, DBC, VNQ, UUP, BIL","{
  ""weights"": {
    ""SPY"": 0.12,
    ""QQQ"": 0.15,
    ""IWM"": 0.08,
    ""DIA"": 0.10,
    ""EFA"": 0.05,
    ""EEM"": 0.07,
    ""VEA"": 0.06,
    ""VWO"": 0.09,
    ""AGG"": 0.20,
    ""BND"": 0.18,
    ""SHY"": 0.04,
    ""IEF"": 0.11,
    ""TLT"": 0.13,
    ""TIP"": 0.16,
    ""LQD"": 0.14,
    ""HYG"": 0.03,
    ""GLD"": 0.22,
    ""SLV"": 0.21,
    ""DBC"": 0.01,
    ""VNQ"": 0.12,
    ""UUP"": 0.02,
    ""BIL"": 0.00
  }
}",1,0,0,9.82022512498952,395,1,0,0,0,229,9.563156,1773,stop,[],0,0,0,0,GLD,GLD,GLD,1,1,0.3333333333333333,1.0861534966324737,0.29828988716420635,2.2204460492503025e-16,4.9065389333867744e-17,0.5196506550218342,0,"{""SPY"":0.0524017467,""QQQ"":0.0655021834,""IWM"":0.0349344978,""DIA"":0.0436681223,""EFA"":0.0218340611,""EEM"":0.0305676856,""VEA"":0.0262008734,""VWO"":0.03930131,""AGG"":0.0873362445,""BND"":0.0786026201,""SHY"":0.0174672489,""IEF"":0.0480349345,""TLT"":0.056768559,""TIP"":0.0698689956,""LQD"":0.0611353712,""HYG"":0.0131004367,""GLD"":0.096069869,""SLV"":0.0917030568,""DBC"":0.0043668122,""VNQ"":0.0524017467,""UUP"":0.0087336245,""BIL"":0.0}","{""SPY"":0.0524017467,""QQQ"":0.0655021834,""IWM"":0.0349344978,""DIA"":0.0436681223,""EFA"":0.0218340611,""EEM"":0.0305676856,""VEA"":0.0262008734,""VWO"":0.03930131,""AGG"":0.0873362445,""BND"":0.0786026201,""SHY"":0.0174672489,""IEF"":0.0480349345,""TLT"":0.056768559,""TIP"":0.0698689956,""LQD"":0.0611353712,""HYG"":0.0131004367,""GLD"":0.096069869,""SLV"":0.0917030568,""DBC"":0.0043668122,""VNQ"":0.0524017467,""UUP"":0.0087336245,""BIL"":1.040834086e-17}","{""SPY"":1.387778781e-17,""QQQ"":1.387778781e-17,""IWM"":1.387778781e-17,""DIA"":1.387778781e-17,""EFA"":1.387778781e-17,""EEM"":1.387778781e-17,""VEA"":1.387778781e-17,""VWO"":1.387778781e-17,""AGG"":0.098455684,""BND"":0.1158880424,""SHY"":0.1401528396,""IEF"":0.1904559582,""TLT"":0.1446778386,""TIP"":0.059543339,""LQD"":1.387778781e-17,""HYG"":1.387778781e-17,""GLD"":0.2194635136,""SLV"":1.387778781e-17,""DBC"":0.0096534511,""VNQ"":1.387778781e-17,""UUP"":0.0217093333,""BIL"":1.387778781e-17}",0,1.0,0.09606986899563319,0.0,0.0,0,0,1.0,0.0960698689956332,1.0408340855859781e-17,1,1,1,3,45,d95efc11d79d26f5fdc3b9f9
repeatability_504part,repeatability,repeat_00,llama3.1:8b,P6,,,real_ticker,,2011-09-01,42,10.0,0.6,0.25,f3fca3b992612f02,"You are a HYBRID DEFENSIVE-MOMENTUM policy profile. Use only the supplied feature values. Prefer assets with above-median `_r12m`, but among those candidates favor lower `_vol3m` and smaller drawdowns. Avoid assets with severe drawdowns unless their twelve-month momentum is unusually strong and their volatility is not high. During high cross-sectional volatility, keep at least 20% of the portfolio in bond-like or cash-like ETFs if such assets are present in the provided asset list. Do not allocate more than 40% to any single risky asset as a language-level preference; the deterministic projection layer will enforce final feasibility. Include every eligible ticker exactly once. Return strictly valid JSON only with a `weights` object whose values are decimals, not percentages.
Hard constraints for the execution layer: long-only weights, weights sum to one, maximum single-asset weight 0.60, and turnover cap 0.25. You propose weights; deterministic projection will enforce final feasibility.

Current Features:
- SPY_r1m: -0.04145217
- SPY_r3m: -0.06809073
- SPY_r12m: 0.12694338
- SPY_vol3m: 0.29992438
- SPY_mdd: -0.10914321
- QQQ_r1m: -0.03960545
- QQQ_r3m: -0.02959439
- QQQ_r12m: 0.21512526
- QQQ_vol3m: 0.31433276
- QQQ_mdd: -0.08502449
- IWM_r1m: -0.07985992
- IWM_r3m: -0.11840092
- IWM_r12m: 0.13855131
- IWM_vol3m: 0.39700562
- IWM_mdd: -0.17463024
- DIA_r1m: -0.02938616
- DIA_r3m: -0.04703114
- DIA_r12m: 0.14212925
- DIA_vol3m: 0.26558884
- DIA_mdd: -0.09406690
- EFA_r1m: -0.06799350
- EFA_r3m: -0.11475256
- EFA_r12m: 0.04683321
- EFA_vol3m: 0.38187404
- EFA_mdd: -0.15550116
- EEM_r1m: -0.06467189
- EEM_r3m: -0.10287823
- EEM_r12m: 0.04248693
- EEM_vol3m: 0.36238961
- EEM_mdd: -0.14451754
- VEA_r1m: -0.06642583
- VEA_r3m: -0.11348623
- VEA_r12m: 0.05107236
- VEA_vol3m: 0.38408050
- VEA_mdd: -0.15241000
- VWO_r1m: -0.06300942
- VWO_r3m: -0.09892864
- VWO_r12m: 0.05453459
- VWO_vol3m: 0.35066474
- VWO_mdd: -0.13784298
- AGG_r1m: 0.01069817
- AGG_r3m: 0.02938080
- AGG_r12m: 0.04930302
- AGG_vol3m: 0.05125268
- AGG_mdd: -0.00251691
- BND_r1m: 0.01262163
- BND_r3m: 0.03103601
- BND_r12m: 0.05426405
- BND_vol3m: 0.05137177
- BND_mdd: -0.00304762
- SHY_r1m: 0.00288725
- SHY_r3m: 0.00612544
- SHY_r12m: 0.01491642
- SHY_vol3m: 0.00971695
- SHY_mdd: 0.00000000
- IEF_r1m: 0.04060210
- IEF_r3m: 0.07616358
- IEF_r12m: 0.08987935
- IEF_vol3m: 0.10055456
- IEF_mdd: -0.00268129
- TLT_r1m: 0.07429601
- TLT_r3m: 0.14229213
- TLT_r12m: 0.08397209
- TLT_vol3m: 0.24222071
- TLT_mdd: -0.01709705
- TIP_r1m: 0.01246321
- TIP_r3m: 0.05777659
- TIP_r12m: 0.12068825
- TIP_vol3m: 0.09872892
- TIP_mdd: -0.02320022
- LQD_r1m: -0.00677436
- LQD_r3m: 0.02232995
- LQD_r12m: 0.05135169
- LQD_vol3m: 0.08858932
- LQD_mdd: -0.01391923
- HYG_r1m: -0.01739459
- HYG_r3m: -0.01984997
- HYG_r12m: 0.07705932
- HYG_vol3m: 0.16675853
- HYG_mdd: -0.03627721
- GLD_r1m: 0.10143036
- GLD_r3m: 0.18406333
- GLD_r12m: 0.45449337
- GLD_vol3m: 0.21799847
- GLD_mdd: -0.03640501
- SLV_r1m: -0.00073980
- SLV_r3m: 0.14657613
- SLV_r12m: 1.10165970
- SLV_vol3m: 0.41756202
- SLV_mdd: -0.14261528
- DBC_r1m: 0.00402277
- DBC_r3m: -0.00991737
- DBC_r12m: 0.31359669
- DBC_vol3m: 0.19655787
- DBC_mdd: -0.06171679
- VNQ_r1m: -0.01628532
- VNQ_r3m: -0.05629971
- VNQ_r12m: 0.11858279
- VNQ_vol3m: 0.37675320
- VNQ_mdd: -0.10129792
- UUP_r1m: 0.00427168
- UUP_r3m: 0.00331929
- UUP_r12m: -0.11501447
- UUP_vol3m: 0.09281107
- UUP_mdd: -0.18079746
- BIL_r1m: 0.00000000
- BIL_r3m: 0.00021865
- BIL_r12m: -0.00000000
- BIL_vol3m: 0.00281969
- BIL_mdd: -0.00021783
- cross_vol: 0.22134346

Assets: SPY, QQQ, IWM, DIA, EFA, EEM, VEA, VWO, AGG, BND, SHY, IEF, TLT, TIP, LQD, HYG, GLD, SLV, DBC, VNQ, UUP, BIL","{
  ""weights"": {
    ""SPY"": 0.2,
    ""QQQ"": 0.15,
    ""IWM"": 0.1,
    ""DIA"": 0.05,
    ""EFA"": 0.025,
    ""EEM"": 0.025,
    ""VEA"": 0.025,
    ""VWO"": 0.025,
    ""AGG"": 0.2,
    ""BND"": 0.15,
    ""SHY"": 0.1,
    ""IEF"": 0.05,
    ""TLT"": 0.025,
    ""TIP"": 0.025,
    ""LQD"": 0.025,
    ""HYG"": 0.025,
    ""GLD"": 0.2,
    ""SLV"": 0.15,
    ""DBC"": 0.1,
    ""VNQ"": 0.05,
    ""UUP"": 0.025,
    ""BIL"": 0.2
  }
}",1,0,0,17.43083920799836,397,1,0,0,0,229,9.584854,1821,stop,[],0,0,0,0,SLV,SPY,SPY,0,0,0.3333333333333333,0.9132869695172917,0.2569617536807465,1.5612511283791264e-17,5.204170427930421e-18,0.7012987012987011,0,"{""SPY"":0.1038961039,""QQQ"":0.0779220779,""IWM"":0.0519480519,""DIA"":0.025974026,""EFA"":0.012987013,""EEM"":0.012987013,""VEA"":0.012987013,""VWO"":0.012987013,""AGG"":0.1038961039,""BND"":0.0779220779,""SHY"":0.0519480519,""IEF"":0.025974026,""TLT"":0.012987013,""TIP"":0.012987013,""LQD"":0.012987013,""HYG"":0.012987013,""GLD"":0.1038961039,""SLV"":0.0779220779,""DBC"":0.0519480519,""VNQ"":0.025974026,""UUP"":0.012987013,""BIL"":0.1038961039}","{""SPY"":0.1038961039,""QQQ"":0.0779220779,""IWM"":0.0519480519,""DIA"":0.025974026,""EFA"":0.012987013,""EEM"":0.012987013,""VEA"":0.012987013,""VWO"":0.012987013,""AGG"":0.1038961039,""BND"":0.0779220779,""SHY"":0.0519480519,""IEF"":0.025974026,""TLT"":0.012987013,""TIP"":0.012987013,""LQD"":0.012987013,""HYG"":0.012987013,""GLD"":0.1038961039,""SLV"":0.0779220779,""DBC"":0.0519480519,""VNQ"":0.025974026,""UUP"":0.012987013,""BIL"":0.1038961039}","{""SPY"":0.0109446819,""QQQ"":0.0184394983,""IWM"":0.0028603485,""DIA"":0.0175394583,""EFA"":0.0006972705,""EEM"":0.0008847673,""VEA"":0.0007216215,""VWO"":0.0010872707,""AGG"":0.03860743,""BND"":0.0391747792,""SHY"":0.0463275073,""IEF"":0.1213853538,""TLT"":0.0363907037,""TIP"":0.1130371525,""LQD"":0.0263523261,""HYG"":0.0131788811,""GLD"":0.1702597608,""SLV"":0.2037164985,""DBC"":0.08401112,""VNQ"":0.0065654832,""UUP"":0.0021980072,""BIL"":0.0456200799}",0,1.0,0.1038961038961039,0.012987012987012988,0.0,0,0,1.0,0.1038961038961039,0.01298701298701299,1,1,1,0,42,3642438f047f6648363adcd3
repeatability_504part,repeatability,repeat_01,llama3.1:8b,P6,,,real_ticker,,2011-09-01,42,10.0,0.6,0.25,f3fca3b992612f02,"You are a HYBRID DEFENSIVE-MOMENTUM policy profile. Use only the supplied feature values. Prefer assets with above-median `_r12m`, but among those candidates favor lower `_vol3m` and smaller drawdowns. Avoid assets with severe drawdowns unless their twelve-month momentum is unusually strong and their volatility is not high. During high cross-sectional volatility, keep at least 20% of the portfolio in bond-like or cash-like ETFs if such assets are present in the provided asset list. Do not allocate more than 40% to any single risky asset as a language-level preference; the deterministic projection layer will enforce final feasibility. Include every eligible ticker exactly once. Return strictly valid JSON only with a `weights` object whose values are decimals, not percentages.
Hard constraints for the execution layer: long-only weights, weights sum to one, maximum single-asset weight 0.60, and turnover cap 0.25. You propose weights; deterministic projection will enforce final feasibility.

Current Features:
- SPY_r1m: -0.04145217
- SPY_r3m: -0.06809073
- SPY_r12m: 0.12694338
- SPY_vol3m: 0.29992438
- SPY_mdd: -0.10914321
- QQQ_r1m: -0.03960545
- QQQ_r3m: -0.02959439
- QQQ_r12m: 0.21512526
- QQQ_vol3m: 0.31433276
- QQQ_mdd: -0.08502449
- IWM_r1m: -0.07985992
- IWM_r3m: -0.11840092
- IWM_r12m: 0.13855131
- IWM_vol3m: 0.39700562
- IWM_mdd: -0.17463024
- DIA_r1m: -0.02938616
- DIA_r3m: -0.04703114
- DIA_r12m: 0.14212925
- DIA_vol3m: 0.26558884
- DIA_mdd: -0.09406690
- EFA_r1m: -0.06799350
- EFA_r3m: -0.11475256
- EFA_r12m: 0.04683321
- EFA_vol3m: 0.38187404
- EFA_mdd: -0.15550116
- EEM_r1m: -0.06467189
- EEM_r3m: -0.10287823
- EEM_r12m: 0.04248693
- EEM_vol3m: 0.36238961
- EEM_mdd: -0.14451754
- VEA_r1m: -0.06642583
- VEA_r3m: -0.11348623
- VEA_r12m: 0.05107236
- VEA_vol3m: 0.38408050
- VEA_mdd: -0.15241000
- VWO_r1m: -0.06300942
- VWO_r3m: -0.09892864
- VWO_r12m: 0.05453459
- VWO_vol3m: 0.35066474
- VWO_mdd: -0.13784298
- AGG_r1m: 0.01069817
- AGG_r3m: 0.02938080
- AGG_r12m: 0.04930302
- AGG_vol3m: 0.05125268
- AGG_mdd: -0.00251691
- BND_r1m: 0.01262163
- BND_r3m: 0.03103601
- BND_r12m: 0.05426405
- BND_vol3m: 0.05137177
- BND_mdd: -0.00304762
- SHY_r1m: 0.00288725
- SHY_r3m: 0.00612544
- SHY_r12m: 0.01491642
- SHY_vol3m: 0.00971695
- SHY_mdd: 0.00000000
- IEF_r1m: 0.04060210
- IEF_r3m: 0.07616358
- IEF_r12m: 0.08987935
- IEF_vol3m: 0.10055456
- IEF_mdd: -0.00268129
- TLT_r1m: 0.07429601
- TLT_r3m: 0.14229213
- TLT_r12m: 0.08397209
- TLT_vol3m: 0.24222071
- TLT_mdd: -0.01709705
- TIP_r1m: 0.01246321
- TIP_r3m: 0.05777659
- TIP_r12m: 0.12068825
- TIP_vol3m: 0.09872892
- TIP_mdd: -0.02320022
- LQD_r1m: -0.00677436
- LQD_r3m: 0.02232995
- LQD_r12m: 0.05135169
- LQD_vol3m: 0.08858932
- LQD_mdd: -0.01391923
- HYG_r1m: -0.01739459
- HYG_r3m: -0.01984997
- HYG_r12m: 0.07705932
- HYG_vol3m: 0.16675853
- HYG_mdd: -0.03627721
- GLD_r1m: 0.10143036
- GLD_r3m: 0.18406333
- GLD_r12m: 0.45449337
- GLD_vol3m: 0.21799847
- GLD_mdd: -0.03640501
- SLV_r1m: -0.00073980
- SLV_r3m: 0.14657613
- SLV_r12m: 1.10165970
- SLV_vol3m: 0.41756202
- SLV_mdd: -0.14261528
- DBC_r1m: 0.00402277
- DBC_r3m: -0.00991737
- DBC_r12m: 0.31359669
- DBC_vol3m: 0.19655787
- DBC_mdd: -0.06171679
- VNQ_r1m: -0.01628532
- VNQ_r3m: -0.05629971
- VNQ_r12m: 0.11858279
- VNQ_vol3m: 0.37675320
- VNQ_mdd: -0.10129792
- UUP_r1m: 0.00427168
- UUP_r3m: 0.00331929
- UUP_r12m: -0.11501447
- UUP_vol3m: 0.09281107
- UUP_mdd: -0.18079746
- BIL_r1m: 0.00000000
- BIL_r3m: 0.00021865
- BIL_r12m: -0.00000000
- BIL_vol3m: 0.00281969
- BIL_mdd: -0.00021783
- cross_vol: 0.22134346

Assets: SPY, QQQ, IWM, DIA, EFA, EEM, VEA, VWO, AGG, BND, SHY, IEF, TLT, TIP, LQD, HYG, GLD, SLV, DBC, VNQ, UUP, BIL","{
  ""weights"": {
    ""SPY"": 0.2,
    ""QQQ"": 0.15,
    ""IWM"": 0.1,
    ""DIA"": 0.05,
    ""EFA"": 0.025,
    ""EEM"": 0.025,
    ""VEA"": 0.025,
    ""VWO"": 0.025,
    ""AGG"": 0.2,
    ""BND"": 0.15,
    ""SHY"": 0.1,
    ""IEF"": 0.05,
    ""TLT"": 0.025,
    ""TIP"": 0.025,
    ""LQD"": 0.025,
    ""HYG"": 0.025,
    ""GLD"": 0.2,
    ""SLV"": 0.15,
    ""DBC"": 0.1,
    ""VNQ"": 0.05,
    ""UUP"": 0.025,
    ""BIL"": 0.2
  }
}",1,0,0,9.83496725000441,397,1,0,0,0,229,9.58881,1821,stop,[],0,0,0,0,SLV,SPY,SPY,0,0,0.3333333333333333,0.9132869695172917,0.2569617536807465,1.5612511283791264e-17,5.204170427930421e-18,0.7012987012987011,0,"{""SPY"":0.1038961039,""QQQ"":0.0779220779,""IWM"":0.0519480519,""DIA"":0.025974026,""EFA"":0.012987013,""EEM"":0.012987013,""VEA"":0.012987013,""VWO"":0.012987013,""AGG"":0.1038961039,""BND"":0.0779220779,""SHY"":0.0519480519,""IEF"":0.025974026,""TLT"":0.012987013,""TIP"":0.012987013,""LQD"":0.012987013,""HYG"":0.012987013,""GLD"":0.1038961039,""SLV"":0.0779220779,""DBC"":0.0519480519,""VNQ"":0.025974026,""UUP"":0.012987013,""BIL"":0.1038961039}","{""SPY"":0.1038961039,""QQQ"":0.0779220779,""IWM"":0.0519480519,""DIA"":0.025974026,""EFA"":0.012987013,""EEM"":0.012987013,""VEA"":0.012987013,""VWO"":0.012987013,""AGG"":0.1038961039,""BND"":0.0779220779,""SHY"":0.0519480519,""IEF"":0.025974026,""TLT"":0.012987013,""TIP"":0.012987013,""LQD"":0.012987013,""HYG"":0.012987013,""GLD"":0.1038961039,""SLV"":0.0779220779,""DBC"":0.0519480519,""VNQ"":0.025974026,""UUP"":0.012987013,""BIL"":0.1038961039}","{""SPY"":0.0109446819,""QQQ"":0.0184394983,""IWM"":0.0028603485,""DIA"":0.0175394583,""EFA"":0.0006972705,""EEM"":0.0008847673,""VEA"":0.0007216215,""VWO"":0.0010872707,""AGG"":0.03860743,""BND"":0.0391747792,""SHY"":0.0463275073,""IEF"":0.1213853538,""TLT"":0.0363907037,""TIP"":0.1130371525,""LQD"":0.0263523261,""HYG"":0.0131788811,""GLD"":0.1702597608,""SLV"":0.2037164985,""DBC"":0.08401112,""VNQ"":0.0065654832,""UUP"":0.0021980072,""BIL"":0.0456200799}",0,1.0,0.1038961038961039,0.012987012987012988,0.0,0,0,1.0,0.1038961038961039,0.01298701298701299,1,1,1,1,43,6b9277cb253ac30ad204f4f9
repeatability_504part,repeatability,repeat_02,llama3.1:8b,P6,,,real_ticker,,2011-09-01,42,10.0,0.6,0.25,f3fca3b992612f02,"You are a HYBRID DEFENSIVE-MOMENTUM policy profile. Use only the supplied feature values. Prefer assets with above-median `_r12m`, but among those candidates favor lower `_vol3m` and smaller drawdowns. Avoid assets with severe drawdowns unless their twelve-month momentum is unusually strong and their volatility is not high. During high cross-sectional volatility, keep at least 20% of the portfolio in bond-like or cash-like ETFs if such assets are present in the provided asset list. Do not allocate more than 40% to any single risky asset as a language-level preference; the deterministic projection layer will enforce final feasibility. Include every eligible ticker exactly once. Return strictly valid JSON only with a `weights` object whose values are decimals, not percentages.
Hard constraints for the execution layer: long-only weights, weights sum to one, maximum single-asset weight 0.60, and turnover cap 0.25. You propose weights; deterministic projection will enforce final feasibility.

Current Features:
- SPY_r1m: -0.04145217
- SPY_r3m: -0.06809073
- SPY_r12m: 0.12694338
- SPY_vol3m: 0.29992438
- SPY_mdd: -0.10914321
- QQQ_r1m: -0.03960545
- QQQ_r3m: -0.02959439
- QQQ_r12m: 0.21512526
- QQQ_vol3m: 0.31433276
- QQQ_mdd: -0.08502449
- IWM_r1m: -0.07985992
- IWM_r3m: -0.11840092
- IWM_r12m: 0.13855131
- IWM_vol3m: 0.39700562
- IWM_mdd: -0.17463024
- DIA_r1m: -0.02938616
- DIA_r3m: -0.04703114
- DIA_r12m: 0.14212925
- DIA_vol3m: 0.26558884
- DIA_mdd: -0.09406690
- EFA_r1m: -0.06799350
- EFA_r3m: -0.11475256
- EFA_r12m: 0.04683321
- EFA_vol3m: 0.38187404
- EFA_mdd: -0.15550116
- EEM_r1m: -0.06467189
- EEM_r3m: -0.10287823
- EEM_r12m: 0.04248693
- EEM_vol3m: 0.36238961
- EEM_mdd: -0.14451754
- VEA_r1m: -0.06642583
- VEA_r3m: -0.11348623
- VEA_r12m: 0.05107236
- VEA_vol3m: 0.38408050
- VEA_mdd: -0.15241000
- VWO_r1m: -0.06300942
- VWO_r3m: -0.09892864
- VWO_r12m: 0.05453459
- VWO_vol3m: 0.35066474
- VWO_mdd: -0.13784298
- AGG_r1m: 0.01069817
- AGG_r3m: 0.02938080
- AGG_r12m: 0.04930302
- AGG_vol3m: 0.05125268
- AGG_mdd: -0.00251691
- BND_r1m: 0.01262163
- BND_r3m: 0.03103601
- BND_r12m: 0.05426405
- BND_vol3m: 0.05137177
- BND_mdd: -0.00304762
- SHY_r1m: 0.00288725
- SHY_r3m: 0.00612544
- SHY_r12m: 0.01491642
- SHY_vol3m: 0.00971695
- SHY_mdd: 0.00000000
- IEF_r1m: 0.04060210
- IEF_r3m: 0.07616358
- IEF_r12m: 0.08987935
- IEF_vol3m: 0.10055456
- IEF_mdd: -0.00268129
- TLT_r1m: 0.07429601
- TLT_r3m: 0.14229213
- TLT_r12m: 0.08397209
- TLT_vol3m: 0.24222071
- TLT_mdd: -0.01709705
- TIP_r1m: 0.01246321
- TIP_r3m: 0.05777659
- TIP_r12m: 0.12068825
- TIP_vol3m: 0.09872892
- TIP_mdd: -0.02320022
- LQD_r1m: -0.00677436
- LQD_r3m: 0.02232995
- LQD_r12m: 0.05135169
- LQD_vol3m: 0.08858932
- LQD_mdd: -0.01391923
- HYG_r1m: -0.01739459
- HYG_r3m: -0.01984997
- HYG_r12m: 0.07705932
- HYG_vol3m: 0.16675853
- HYG_mdd: -0.03627721
- GLD_r1m: 0.10143036
- GLD_r3m: 0.18406333
- GLD_r12m: 0.45449337
- GLD_vol3m: 0.21799847
- GLD_mdd: -0.03640501
- SLV_r1m: -0.00073980
- SLV_r3m: 0.14657613
- SLV_r12m: 1.10165970
- SLV_vol3m: 0.41756202
- SLV_mdd: -0.14261528
- DBC_r1m: 0.00402277
- DBC_r3m: -0.00991737
- DBC_r12m: 0.31359669
- DBC_vol3m: 0.19655787
- DBC_mdd: -0.06171679
- VNQ_r1m: -0.01628532
- VNQ_r3m: -0.05629971
- VNQ_r12m: 0.11858279
- VNQ_vol3m: 0.37675320
- VNQ_mdd: -0.10129792
- UUP_r1m: 0.00427168
- UUP_r3m: 0.00331929
- UUP_r12m: -0.11501447
- UUP_vol3m: 0.09281107
- UUP_mdd: -0.18079746
- BIL_r1m: 0.00000000
- BIL_r3m: 0.00021865
- BIL_r12m: -0.00000000
- BIL_vol3m: 0.00281969
- BIL_mdd: -0.00021783
- cross_vol: 0.22134346

Assets: SPY, QQQ, IWM, DIA, EFA, EEM, VEA, VWO, AGG, BND, SHY, IEF, TLT, TIP, LQD, HYG, GLD, SLV, DBC, VNQ, UUP, BIL","{
  ""weights"": {
    ""SPY"": 0.2,
    ""QQQ"": 0.15,
    ""IWM"": 0.1,
    ""DIA"": 0.05,
    ""EFA"": 0.025,
    ""EEM"": 0.025,
    ""VEA"": 0.025,
    ""VWO"": 0.025,
    ""AGG"": 0.2,
    ""BND"": 0.15,
    ""SHY"": 0.1,
    ""IEF"": 0.05,
    ""TLT"": 0.025,
    ""TIP"": 0.025,
    ""LQD"": 0.025,
    ""HYG"": 0.025,
    ""GLD"": 0.2,
    ""SLV"": 0.15,
    ""DBC"": 0.1,
    ""VNQ"": 0.05,
    ""UUP"": 0.025,
    ""BIL"": 0.2
  }
}",1,0,0,9.840733958000783,397,1,0,0,0,229,9.590329,1821,stop,[],0,0,0,0,SLV,SPY,SPY,0,0,0.3333333333333333,0.9132869695172917,0.2569617536807465,1.5612511283791264e-17,5.204170427930421e-18,0.7012987012987011,0,"{""SPY"":0.1038961039,""QQQ"":0.0779220779,""IWM"":0.0519480519,""DIA"":0.025974026,""EFA"":0.012987013,""EEM"":0.012987013,""VEA"":0.012987013,""VWO"":0.012987013,""AGG"":0.1038961039,""BND"":0.0779220779,""SHY"":0.0519480519,""IEF"":0.025974026,""TLT"":0.012987013,""TIP"":0.012987013,""LQD"":0.012987013,""HYG"":0.012987013,""GLD"":0.1038961039,""SLV"":0.0779220779,""DBC"":0.0519480519,""VNQ"":0.025974026,""UUP"":0.012987013,""BIL"":0.1038961039}","{""SPY"":0.1038961039,""QQQ"":0.0779220779,""IWM"":0.0519480519,""DIA"":0.025974026,""EFA"":0.012987013,""EEM"":0.012987013,""VEA"":0.012987013,""VWO"":0.012987013,""AGG"":0.1038961039,""BND"":0.0779220779,""SHY"":0.0519480519,""IEF"":0.025974026,""TLT"":0.012987013,""TIP"":0.012987013,""LQD"":0.012987013,""HYG"":0.012987013,""GLD"":0.1038961039,""SLV"":0.0779220779,""DBC"":0.0519480519,""VNQ"":0.025974026,""UUP"":0.012987013,""BIL"":0.1038961039}","{""SPY"":0.0109446819,""QQQ"":0.0184394983,""IWM"":0.0028603485,""DIA"":0.0175394583,""EFA"":0.0006972705,""EEM"":0.0008847673,""VEA"":0.0007216215,""VWO"":0.0010872707,""AGG"":0.03860743,""BND"":0.0391747792,""SHY"":0.0463275073,""IEF"":0.1213853538,""TLT"":0.0363907037,""TIP"":0.1130371525,""LQD"":0.0263523261,""HYG"":0.0131788811,""GLD"":0.1702597608,""SLV"":0.2037164985,""DBC"":0.08401112,""VNQ"":0.0065654832,""UUP"":0.0021980072,""BIL"":0.0456200799}",0,1.0,0.1038961038961039,0.012987012987012988,0.0,0,0,1.0,0.1038961038961039,0.01298701298701299,1,1,1,2,44,d7ee7e0208e1a81c9d340ecc
repeatability_504part,repeatability,repeat_03,llama3.1:8b,P6,,,real_ticker,,2011-09-01,42,10.0,0.6,0.25,f3fca3b992612f02,"You are a HYBRID DEFENSIVE-MOMENTUM policy profile. Use only the supplied feature values. Prefer assets with above-median `_r12m`, but among those candidates favor lower `_vol3m` and smaller drawdowns. Avoid assets with severe drawdowns unless their twelve-month momentum is unusually strong and their volatility is not high. During high cross-sectional volatility, keep at least 20% of the portfolio in bond-like or cash-like ETFs if such assets are present in the provided asset list. Do not allocate more than 40% to any single risky asset as a language-level preference; the deterministic projection layer will enforce final feasibility. Include every eligible ticker exactly once. Return strictly valid JSON only with a `weights` object whose values are decimals, not percentages.
Hard constraints for the execution layer: long-only weights, weights sum to one, maximum single-asset weight 0.60, and turnover cap 0.25. You propose weights; deterministic projection will enforce final feasibility.

Current Features:
- SPY_r1m: -0.04145217
- SPY_r3m: -0.06809073
- SPY_r12m: 0.12694338
- SPY_vol3m: 0.29992438
- SPY_mdd: -0.10914321
- QQQ_r1m: -0.03960545
- QQQ_r3m: -0.02959439
- QQQ_r12m: 0.21512526
- QQQ_vol3m: 0.31433276
- QQQ_mdd: -0.08502449
- IWM_r1m: -0.07985992
- IWM_r3m: -0.11840092
- IWM_r12m: 0.13855131
- IWM_vol3m: 0.39700562
- IWM_mdd: -0.17463024
- DIA_r1m: -0.02938616
- DIA_r3m: -0.04703114
- DIA_r12m: 0.14212925
- DIA_vol3m: 0.26558884
- DIA_mdd: -0.09406690
- EFA_r1m: -0.06799350
- EFA_r3m: -0.11475256
- EFA_r12m: 0.04683321
- EFA_vol3m: 0.38187404
- EFA_mdd: -0.15550116
- EEM_r1m: -0.06467189
- EEM_r3m: -0.10287823
- EEM_r12m: 0.04248693
- EEM_vol3m: 0.36238961
- EEM_mdd: -0.14451754
- VEA_r1m: -0.06642583
- VEA_r3m: -0.11348623
- VEA_r12m: 0.05107236
- VEA_vol3m: 0.38408050
- VEA_mdd: -0.15241000
- VWO_r1m: -0.06300942
- VWO_r3m: -0.09892864
- VWO_r12m: 0.05453459
- VWO_vol3m: 0.35066474
- VWO_mdd: -0.13784298
- AGG_r1m: 0.01069817
- AGG_r3m: 0.02938080
- AGG_r12m: 0.04930302
- AGG_vol3m: 0.05125268
- AGG_mdd: -0.00251691
- BND_r1m: 0.01262163
- BND_r3m: 0.03103601
- BND_r12m: 0.05426405
- BND_vol3m: 0.05137177
- BND_mdd: -0.00304762
- SHY_r1m: 0.00288725
- SHY_r3m: 0.00612544
- SHY_r12m: 0.01491642
- SHY_vol3m: 0.00971695
- SHY_mdd: 0.00000000
- IEF_r1m: 0.04060210
- IEF_r3m: 0.07616358
- IEF_r12m: 0.08987935
- IEF_vol3m: 0.10055456
- IEF_mdd: -0.00268129
- TLT_r1m: 0.07429601
- TLT_r3m: 0.14229213
- TLT_r12m: 0.08397209
- TLT_vol3m: 0.24222071
- TLT_mdd: -0.01709705
- TIP_r1m: 0.01246321
- TIP_r3m: 0.05777659
- TIP_r12m: 0.12068825
- TIP_vol3m: 0.09872892
- TIP_mdd: -0.02320022
- LQD_r1m: -0.00677436
- LQD_r3m: 0.02232995
- LQD_r12m: 0.05135169
- LQD_vol3m: 0.08858932
- LQD_mdd: -0.01391923
- HYG_r1m: -0.01739459
- HYG_r3m: -0.01984997
- HYG_r12m: 0.07705932
- HYG_vol3m: 0.16675853
- HYG_mdd: -0.03627721
- GLD_r1m: 0.10143036
- GLD_r3m: 0.18406333
- GLD_r12m: 0.45449337
- GLD_vol3m: 0.21799847
- GLD_mdd: -0.03640501
- SLV_r1m: -0.00073980
- SLV_r3m: 0.14657613
- SLV_r12m: 1.10165970
- SLV_vol3m: 0.41756202
- SLV_mdd: -0.14261528
- DBC_r1m: 0.00402277
- DBC_r3m: -0.00991737
- DBC_r12m: 0.31359669
- DBC_vol3m: 0.19655787
- DBC_mdd: -0.06171679
- VNQ_r1m: -0.01628532
- VNQ_r3m: -0.05629971
- VNQ_r12m: 0.11858279
- VNQ_vol3m: 0.37675320
- VNQ_mdd: -0.10129792
- UUP_r1m: 0.00427168
- UUP_r3m: 0.00331929
- UUP_r12m: -0.11501447
- UUP_vol3m: 0.09281107
- UUP_mdd: -0.18079746
- BIL_r1m: 0.00000000
- BIL_r3m: 0.00021865
- BIL_r12m: -0.00000000
- BIL_vol3m: 0.00281969
- BIL_mdd: -0.00021783
- cross_vol: 0.22134346

Assets: SPY, QQQ, IWM, DIA, EFA, EEM, VEA, VWO, AGG, BND, SHY, IEF, TLT, TIP, LQD, HYG, GLD, SLV, DBC, VNQ, UUP, BIL","{
  ""weights"": {
    ""SPY"": 0.2,
    ""QQQ"": 0.15,
    ""IWM"": 0.1,
    ""DIA"": 0.05,
    ""EFA"": 0.025,
    ""EEM"": 0.025,
    ""VEA"": 0.025,
    ""VWO"": 0.025,
    ""AGG"": 0.2,
    ""BND"": 0.15,
    ""SHY"": 0.1,
    ""IEF"": 0.05,
    ""TLT"": 0.025,
    ""TIP"": 0.025,
    ""LQD"": 0.025,
    ""HYG"": 0.025,
    ""GLD"": 0.2,
    ""SLV"": 0.15,
    ""DBC"": 0.1,
    ""VNQ"": 0.05,
    ""UUP"": 0.025,
    ""BIL"": 0.2
  }
}",1,0,0,9.83217604100355,397,1,0,0,0,229,9.591629,1821,stop,[],0,0,0,0,SLV,SPY,SPY,0,0,0.3333333333333333,0.9132869695172917,0.2569617536807465,1.5612511283791264e-17,5.204170427930421e-18,0.7012987012987011,0,"{""SPY"":0.1038961039,""QQQ"":0.0779220779,""IWM"":0.0519480519,""DIA"":0.025974026,""EFA"":0.012987013,""EEM"":0.012987013,""VEA"":0.012987013,""VWO"":0.012987013,""AGG"":0.1038961039,""BND"":0.0779220779,""SHY"":0.0519480519,""IEF"":0.025974026,""TLT"":0.012987013,""TIP"":0.012987013,""LQD"":0.012987013,""HYG"":0.012987013,""GLD"":0.1038961039,""SLV"":0.0779220779,""DBC"":0.0519480519,""VNQ"":0.025974026,""UUP"":0.012987013,""BIL"":0.1038961039}","{""SPY"":0.1038961039,""QQQ"":0.0779220779,""IWM"":0.0519480519,""DIA"":0.025974026,""EFA"":0.012987013,""EEM"":0.012987013,""VEA"":0.012987013,""VWO"":0.012987013,""AGG"":0.1038961039,""BND"":0.0779220779,""SHY"":0.0519480519,""IEF"":0.025974026,""TLT"":0.012987013,""TIP"":0.012987013,""LQD"":0.012987013,""HYG"":0.012987013,""GLD"":0.1038961039,""SLV"":0.0779220779,""DBC"":0.0519480519,""VNQ"":0.025974026,""UUP"":0.012987013,""BIL"":0.1038961039}","{""SPY"":0.0109446819,""QQQ"":0.0184394983,""IWM"":0.0028603485,""DIA"":0.0175394583,""EFA"":0.0006972705,""EEM"":0.0008847673,""VEA"":0.0007216215,""VWO"":0.0010872707,""AGG"":0.03860743,""BND"":0.0391747792,""SHY"":0.0463275073,""IEF"":0.1213853538,""TLT"":0.0363907037,""TIP"":0.1130371525,""LQD"":0.0263523261,""HYG"":0.0131788811,""GLD"":0.1702597608,""SLV"":0.2037164985,""DBC"":0.08401112,""VNQ"":0.0065654832,""UUP"":0.0021980072,""BIL"":0.0456200799}",0,1.0,0.1038961038961039,0.012987012987012988,0.0,0,0,1.0,0.1038961038961039,0.01298701298701299,1,1,1,3,45,41489a48a54a15ad93293beb
repeatability_504part,repeatability,repeat_00,llama3.1:8b,P1,,,real_ticker,,2011-11-01,42,10.0,0.6,0.25,c8949fb84cd466c4,"You are an AGGRESSIVE MOMENTUM policy profile. Use only the provided feature values. Strongly favor the eligible asset with the highest `_r12m` value. Allocate 60.0% of total portfolio weight to that target asset as the language-level policy target. Distribute the remaining weight equally among all other eligible assets. Include every eligible ticker exactly once. Return strictly valid JSON only with a `weights` object whose values are decimals, not percentages.
Hard constraints for the execution layer: long-only weights, weights sum to one, maximum single-asset weight 0.60, and turnover cap 0.25. You propose weights; deterministic projection will enforce final feasibility.

Current Features:
- SPY_r1m: 0.10979675
- SPY_r3m: -0.02804838
- SPY_r12m: 0.04147860
- SPY_vol3m: 0.36458587
- SPY_mdd: -0.09668597
- QQQ_r1m: 0.10363714
- QQQ_r3m: -0.00467032
- QQQ_r12m: 0.07737668
- QQQ_vol3m: 0.35524372
- QQQ_mdd: -0.05174151
- IWM_r1m: 0.17051980
- IWM_r3m: -0.07239432
- IWM_r12m: 0.01527215
- IWM_vol3m: 0.50594415
- IWM_mdd: -0.16793357
- DIA_r1m: 0.09596693
- DIA_r3m: -0.01323298
- DIA_r12m: 0.06905861
- DIA_vol3m: 0.32896344
- DIA_mdd: -0.07899015
- EFA_r1m: 0.09071359
- EFA_r3m: -0.10621813
- EFA_r12m: -0.09572579
- EFA_vol3m: 0.45579183
- EFA_mdd: -0.19013681
- EEM_r1m: 0.15890576
- EEM_r3m: -0.12406493
- EEM_r12m: -0.14096475
- EEM_vol3m: 0.49073124
- EEM_mdd: -0.19884040
- VEA_r1m: 0.08889620
- VEA_r3m: -0.11145110
- VEA_r12m: -0.09841911
- VEA_vol3m: 0.45691326
- VEA_mdd: -0.19328834
- VWO_r1m: 0.15369267
- VWO_r3m: -0.12966155
- VWO_r12m: -0.13780868
- VWO_vol3m: 0.47672691
- VWO_mdd: -0.19917188
- AGG_r1m: 0.00197956
- AGG_r3m: 0.02138165
- AGG_r12m: 0.05365894
- AGG_vol3m: 0.05401121
- AGG_mdd: -0.00019193
- BND_r1m: 0.00287609
- BND_r3m: 0.02374117
- BND_r12m: 0.05528798
- BND_vol3m: 0.05482070
- BND_mdd: 0.00000000
- SHY_r1m: 0.00021379
- SHY_r3m: 0.00202385
- SHY_r12m: 0.00993948
- SHY_vol3m: 0.00683057
- SHY_mdd: -0.00121571
- IEF_r1m: -0.01018997
- IEF_r3m: 0.05438799
- IEF_r12m: 0.09007691
- IEF_vol3m: 0.11224347
- IEF_mdd: -0.01360442
- TLT_r1m: -0.03271919
- TLT_r3m: 0.18365944
- TLT_r12m: 0.23191169
- TLT_vol3m: 0.31316442
- TLT_mdd: -0.03271919
- TIP_r1m: 0.02311898
- TIP_r3m: 0.03654125
- TIP_r12m: 0.09974184
- TIP_vol3m: 0.10593659
- TIP_mdd: 0.00000000
- LQD_r1m: 0.02831421
- LQD_r3m: 0.02607916
- LQD_r12m: 0.06993632
- LQD_vol3m: 0.08806179
- LQD_mdd: 0.00000000
- HYG_r1m: 0.07855700
- HYG_r3m: -0.00784048
- HYG_r12m: 0.03990031
- HYG_vol3m: 0.20581203
- HYG_mdd: -0.02990737
- GLD_r1m: 0.03988567
- GLD_r3m: 0.03647284
- GLD_r12m: 0.26334061
- GLD_vol3m: 0.30118397
- GLD_mdd: -0.09323361
- SLV_r1m: 0.09630390
- SLV_r3m: -0.20271264
- SLV_r12m: 0.32990549
- SLV_vol3m: 0.57404358
- SLV_mdd: -0.31591191
- DBC_r1m: 0.06908670
- DBC_r3m: -0.08179686
- DBC_r12m: 0.07117715
- DBC_vol3m: 0.23667164
- DBC_mdd: -0.14191728
- VNQ_r1m: 0.16092418
- VNQ_r3m: -0.01565462
- VNQ_r12m: 0.05324871
- VNQ_vol3m: 0.46952002
- VNQ_mdd: -0.10072173
- UUP_r1m: -0.03154151
- UUP_r3m: 0.03464652
- UUP_r12m: -0.02022475
- UUP_vol3m: 0.11121946
- UUP_mdd: -0.15602015
- BIL_r1m: -0.00000000
- BIL_r3m: -0.00021861
- BIL_r12m: 0.00021818
- BIL_vol3m: 0.00307964
- BIL_mdd: -0.00043639
- cross_vol: 0.27597725

Assets: SPY, QQQ, IWM, DIA, EFA, EEM, VEA, VWO, AGG, BND, SHY, IEF, TLT, TIP, LQD, HYG, GLD, SLV, DBC, VNQ, UUP, BIL","{
  ""weights"": {
    ""SPY"": 0.6,
    ""QQQ"": 0.2,
    ""IWM"": 0.1,
    ""DIA"": 0.05,
    ""EFA"": 0.025,
    ""EEM"": 0.025,
    ""VEA"": 0.025,
    ""VWO"": 0.025,
    ""AGG"": 0.0125,
    ""BND"": 0.0125,
    ""SHY"": 0.00625,
    ""IEF"": 0.00625,
    ""TLT"": 0.00625,
    ""TIP"": 0.00625,
    ""LQD"": 0.003125,
    ""HYG"": 0.003125,
    ""GLD"": 0.003125,
    ""SLV"": 0.003125,
    ""DBC"": 0.0015625,
    ""VNQ"": 0.0015625,
    ""UUP"": 0.0015625,
    ""BIL"": 0.00078125
  }
}",1,0,0,17.895671542006312,449,1,0,0,0,247,10.330188,1754,stop,[],0,0,0,0,SLV,SPY,SPY,0,0,0.6666666666666666,1.5736448038334832,0.8116202264268823,2.0816681711721685e-16,4.6805398318361535e-17,1.3373356203544884,0,"{""SPY"":0.536687631,""QQQ"":0.178895877,""IWM"":0.0894479385,""DIA"":0.0447239693,""EFA"":0.0223619846,""EEM"":0.0223619846,""VEA"":0.0223619846,""VWO"":0.0223619846,""AGG"":0.0111809923,""BND"":0.0111809923,""SHY"":0.0055904962,""IEF"":0.0055904962,""TLT"":0.0055904962,""TIP"":0.0055904962,""LQD"":0.0027952481,""HYG"":0.0027952481,""GLD"":0.0027952481,""SLV"":0.0027952481,""DBC"":0.001397624,""VNQ"":0.001397624,""UUP"":0.001397624,""BIL"":0.000698812}","{""SPY"":0.536687631,""QQQ"":0.178895877,""IWM"":0.0894479385,""DIA"":0.0447239693,""EFA"":0.0223619846,""EEM"":0.0223619846,""VEA"":0.0223619846,""VWO"":0.0223619846,""AGG"":0.0111809923,""BND"":0.0111809923,""SHY"":0.0055904962,""IEF"":0.0055904962,""TLT"":0.0055904962,""TIP"":0.0055904962,""LQD"":0.0027952481,""HYG"":0.0027952481,""GLD"":0.0027952481,""SLV"":0.0027952481,""DBC"":0.001397624,""VNQ"":0.001397624,""UUP"":0.001397624,""BIL"":0.000698812}","{""SPY"":0.019047619,""QQQ"":0.019047619,""IWM"":0.019047619,""DIA"":0.019047619,""EFA"":0.019047619,""EEM"":0.019047619,""VEA"":0.019047619,""VWO"":0.019047619,""AGG"":0.019047619,""BND"":0.019047619,""SHY"":0.019047619,""IEF"":0.019047619,""TLT"":0.019047619,""TIP"":0.019047619,""LQD"":0.019047619,""HYG"":0.019047619,""GLD"":0.019047619,""SLV"":0.6,""DBC"":0.019047619,""VNQ"":0.019047619,""UUP"":0.019047619,""BIL"":0.019047619}",0,1.0,0.5366876310272537,0.0006988120195667366,0.0,0,0,1.0,0.5366876310272537,0.000698812019566747,1,1,1,0,42,345e487319a7e496a6464135
repeatability_504part,repeatability,repeat_01,llama3.1:8b,P1,,,real_ticker,,2011-11-01,42,10.0,0.6,0.25,c8949fb84cd466c4,"You are an AGGRESSIVE MOMENTUM policy profile. Use only the provided feature values. Strongly favor the eligible asset with the highest `_r12m` value. Allocate 60.0% of total portfolio weight to that target asset as the language-level policy target. Distribute the remaining weight equally among all other eligible assets. Include every eligible ticker exactly once. Return strictly valid JSON only with a `weights` object whose values are decimals, not percentages.
Hard constraints for the execution layer: long-only weights, weights sum to one, maximum single-asset weight 0.60, and turnover cap 0.25. You propose weights; deterministic projection will enforce final feasibility.

Current Features:
- SPY_r1m: 0.10979675
- SPY_r3m: -0.02804838
- SPY_r12m: 0.04147860
- SPY_vol3m: 0.36458587
- SPY_mdd: -0.09668597
- QQQ_r1m: 0.10363714
- QQQ_r3m: -0.00467032
- QQQ_r12m: 0.07737668
- QQQ_vol3m: 0.35524372
- QQQ_mdd: -0.05174151
- IWM_r1m: 0.17051980
- IWM_r3m: -0.07239432
- IWM_r12m: 0.01527215
- IWM_vol3m: 0.50594415
- IWM_mdd: -0.16793357
- DIA_r1m: 0.09596693
- DIA_r3m: -0.01323298
- DIA_r12m: 0.06905861
- DIA_vol3m: 0.32896344
- DIA_mdd: -0.07899015
- EFA_r1m: 0.09071359
- EFA_r3m: -0.10621813
- EFA_r12m: -0.09572579
- EFA_vol3m: 0.45579183
- EFA_mdd: -0.19013681
- EEM_r1m: 0.15890576
- EEM_r3m: -0.12406493
- EEM_r12m: -0.14096475
- EEM_vol3m: 0.49073124
- EEM_mdd: -0.19884040
- VEA_r1m: 0.08889620
- VEA_r3m: -0.11145110
- VEA_r12m: -0.09841911
- VEA_vol3m: 0.45691326
- VEA_mdd: -0.19328834
- VWO_r1m: 0.15369267
- VWO_r3m: -0.12966155
- VWO_r12m: -0.13780868
- VWO_vol3m: 0.47672691
- VWO_mdd: -0.19917188
- AGG_r1m: 0.00197956
- AGG_r3m: 0.02138165
- AGG_r12m: 0.05365894
- AGG_vol3m: 0.05401121
- AGG_mdd: -0.00019193
- BND_r1m: 0.00287609
- BND_r3m: 0.02374117
- BND_r12m: 0.05528798
- BND_vol3m: 0.05482070
- BND_mdd: 0.00000000
- SHY_r1m: 0.00021379
- SHY_r3m: 0.00202385
- SHY_r12m: 0.00993948
- SHY_vol3m: 0.00683057
- SHY_mdd: -0.00121571
- IEF_r1m: -0.01018997
- IEF_r3m: 0.05438799
- IEF_r12m: 0.09007691
- IEF_vol3m: 0.11224347
- IEF_mdd: -0.01360442
- TLT_r1m: -0.03271919
- TLT_r3m: 0.18365944
- TLT_r12m: 0.23191169
- TLT_vol3m: 0.31316442
- TLT_mdd: -0.03271919
- TIP_r1m: 0.02311898
- TIP_r3m: 0.03654125
- TIP_r12m: 0.09974184
- TIP_vol3m: 0.10593659
- TIP_mdd: 0.00000000
- LQD_r1m: 0.02831421
- LQD_r3m: 0.02607916
- LQD_r12m: 0.06993632
- LQD_vol3m: 0.08806179
- LQD_mdd: 0.00000000
- HYG_r1m: 0.07855700
- HYG_r3m: -0.00784048
- HYG_r12m: 0.03990031
- HYG_vol3m: 0.20581203
- HYG_mdd: -0.02990737
- GLD_r1m: 0.03988567
- GLD_r3m: 0.03647284
- GLD_r12m: 0.26334061
- GLD_vol3m: 0.30118397
- GLD_mdd: -0.09323361
- SLV_r1m: 0.09630390
- SLV_r3m: -0.20271264
- SLV_r12m: 0.32990549
- SLV_vol3m: 0.57404358
- SLV_mdd: -0.31591191
- DBC_r1m: 0.06908670
- DBC_r3m: -0.08179686
- DBC_r12m: 0.07117715
- DBC_vol3m: 0.23667164
- DBC_mdd: -0.14191728
- VNQ_r1m: 0.16092418
- VNQ_r3m: -0.01565462
- VNQ_r12m: 0.05324871
- VNQ_vol3m: 0.46952002
- VNQ_mdd: -0.10072173
- UUP_r1m: -0.03154151
- UUP_r3m: 0.03464652
- UUP_r12m: -0.02022475
- UUP_vol3m: 0.11121946
- UUP_mdd: -0.15602015
- BIL_r1m: -0.00000000
- BIL_r3m: -0.00021861
- BIL_r12m: 0.00021818
- BIL_vol3m: 0.00307964
- BIL_mdd: -0.00043639
- cross_vol: 0.27597725

Assets: SPY, QQQ, IWM, DIA, EFA, EEM, VEA, VWO, AGG, BND, SHY, IEF, TLT, TIP, LQD, HYG, GLD, SLV, DBC, VNQ, UUP, BIL","{
  ""weights"": {
    ""SPY"": 0.6,
    ""QQQ"": 0.2,
    ""IWM"": 0.1,
    ""DIA"": 0.05,
    ""EFA"": 0.025,
    ""EEM"": 0.025,
    ""VEA"": 0.025,
    ""VWO"": 0.025,
    ""AGG"": 0.0125,
    ""BND"": 0.0125,
    ""SHY"": 0.00625,
    ""IEF"": 0.00625,
    ""TLT"": 0.00625,
    ""TIP"": 0.00625,
    ""LQD"": 0.003125,
    ""HYG"": 0.003125,
    ""GLD"": 0.003125,
    ""SLV"": 0.003125,
    ""DBC"": 0.0015625,
    ""VNQ"": 0.0015625,
    ""UUP"": 0.0015625,
    ""BIL"": 0.00078125
  }
}",1,0,0,10.568464541996946,449,1,0,0,0,247,10.321247,1754,stop,[],0,0,0,0,SLV,SPY,SPY,0,0,0.6666666666666666,1.5736448038334832,0.8116202264268823,2.0816681711721685e-16,4.6805398318361535e-17,1.3373356203544884,0,"{""SPY"":0.536687631,""QQQ"":0.178895877,""IWM"":0.0894479385,""DIA"":0.0447239693,""EFA"":0.0223619846,""EEM"":0.0223619846,""VEA"":0.0223619846,""VWO"":0.0223619846,""AGG"":0.0111809923,""BND"":0.0111809923,""SHY"":0.0055904962,""IEF"":0.0055904962,""TLT"":0.0055904962,""TIP"":0.0055904962,""LQD"":0.0027952481,""HYG"":0.0027952481,""GLD"":0.0027952481,""SLV"":0.0027952481,""DBC"":0.001397624,""VNQ"":0.001397624,""UUP"":0.001397624,""BIL"":0.000698812}","{""SPY"":0.536687631,""QQQ"":0.178895877,""IWM"":0.0894479385,""DIA"":0.0447239693,""EFA"":0.0223619846,""EEM"":0.0223619846,""VEA"":0.0223619846,""VWO"":0.0223619846,""AGG"":0.0111809923,""BND"":0.0111809923,""SHY"":0.0055904962,""IEF"":0.0055904962,""TLT"":0.0055904962,""TIP"":0.0055904962,""LQD"":0.0027952481,""HYG"":0.0027952481,""GLD"":0.0027952481,""SLV"":0.0027952481,""DBC"":0.001397624,""VNQ"":0.001397624,""UUP"":0.001397624,""BIL"":0.000698812}","{""SPY"":0.019047619,""QQQ"":0.019047619,""IWM"":0.019047619,""DIA"":0.019047619,""EFA"":0.019047619,""EEM"":0.019047619,""VEA"":0.019047619,""VWO"":0.019047619,""AGG"":0.019047619,""BND"":0.019047619,""SHY"":0.019047619,""IEF"":0.019047619,""TLT"":0.019047619,""TIP"":0.019047619,""LQD"":0.019047619,""HYG"":0.019047619,""GLD"":0.019047619,""SLV"":0.6,""DBC"":0.019047619,""VNQ"":0.019047619,""UUP"":0.019047619,""BIL"":0.019047619}",0,1.0,0.5366876310272537,0.0006988120195667366,0.0,0,0,1.0,0.5366876310272537,0.000698812019566747,1,1,1,1,43,d0cb4ba0ca3def9a97e7e36a
repeatability_504part,repeatability,repeat_02,llama3.1:8b,P1,,,real_ticker,,2011-11-01,42,10.0,0.6,0.25,c8949fb84cd466c4,"You are an AGGRESSIVE MOMENTUM policy profile. Use only the provided feature values. Strongly favor the eligible asset with the highest `_r12m` value. Allocate 60.0% of total portfolio weight to that target asset as the language-level policy target. Distribute the remaining weight equally among all other eligible assets. Include every eligible ticker exactly once. Return strictly valid JSON only with a `weights` object whose values are decimals, not percentages.
Hard constraints for the execution layer: long-only weights, weights sum to one, maximum single-asset weight 0.60, and turnover cap 0.25. You propose weights; deterministic projection will enforce final feasibility.

Current Features:
- SPY_r1m: 0.10979675
- SPY_r3m: -0.02804838
- SPY_r12m: 0.04147860
- SPY_vol3m: 0.36458587
- SPY_mdd: -0.09668597
- QQQ_r1m: 0.10363714
- QQQ_r3m: -0.00467032
- QQQ_r12m: 0.07737668
- QQQ_vol3m: 0.35524372
- QQQ_mdd: -0.05174151
- IWM_r1m: 0.17051980
- IWM_r3m: -0.07239432
- IWM_r12m: 0.01527215
- IWM_vol3m: 0.50594415
- IWM_mdd: -0.16793357
- DIA_r1m: 0.09596693
- DIA_r3m: -0.01323298
- DIA_r12m: 0.06905861
- DIA_vol3m: 0.32896344
- DIA_mdd: -0.07899015
- EFA_r1m: 0.09071359
- EFA_r3m: -0.10621813
- EFA_r12m: -0.09572579
- EFA_vol3m: 0.45579183
- EFA_mdd: -0.19013681
- EEM_r1m: 0.15890576
- EEM_r3m: -0.12406493
- EEM_r12m: -0.14096475
- EEM_vol3m: 0.49073124
- EEM_mdd: -0.19884040
- VEA_r1m: 0.08889620
- VEA_r3m: -0.11145110
- VEA_r12m: -0.09841911
- VEA_vol3m: 0.45691326
- VEA_mdd: -0.19328834
- VWO_r1m: 0.15369267
- VWO_r3m: -0.12966155
- VWO_r12m: -0.13780868
- VWO_vol3m: 0.47672691
- VWO_mdd: -0.19917188
- AGG_r1m: 0.00197956
- AGG_r3m: 0.02138165
- AGG_r12m: 0.05365894
- AGG_vol3m: 0.05401121
- AGG_mdd: -0.00019193
- BND_r1m: 0.00287609
- BND_r3m: 0.02374117
- BND_r12m: 0.05528798
- BND_vol3m: 0.05482070
- BND_mdd: 0.00000000
- SHY_r1m: 0.00021379
- SHY_r3m: 0.00202385
- SHY_r12m: 0.00993948
- SHY_vol3m: 0.00683057
- SHY_mdd: -0.00121571
- IEF_r1m: -0.01018997
- IEF_r3m: 0.05438799
- IEF_r12m: 0.09007691
- IEF_vol3m: 0.11224347
- IEF_mdd: -0.01360442
- TLT_r1m: -0.03271919
- TLT_r3m: 0.18365944
- TLT_r12m: 0.23191169
- TLT_vol3m: 0.31316442
- TLT_mdd: -0.03271919
- TIP_r1m: 0.02311898
- TIP_r3m: 0.03654125
- TIP_r12m: 0.09974184
- TIP_vol3m: 0.10593659
- TIP_mdd: 0.00000000
- LQD_r1m: 0.02831421
- LQD_r3m: 0.02607916
- LQD_r12m: 0.06993632
- LQD_vol3m: 0.08806179
- LQD_mdd: 0.00000000
- HYG_r1m: 0.07855700
- HYG_r3m: -0.00784048
- HYG_r12m: 0.03990031
- HYG_vol3m: 0.20581203
- HYG_mdd: -0.02990737
- GLD_r1m: 0.03988567
- GLD_r3m: 0.03647284
- GLD_r12m: 0.26334061
- GLD_vol3m: 0.30118397
- GLD_mdd: -0.09323361
- SLV_r1m: 0.09630390
- SLV_r3m: -0.20271264
- SLV_r12m: 0.32990549
- SLV_vol3m: 0.57404358
- SLV_mdd: -0.31591191
- DBC_r1m: 0.06908670
- DBC_r3m: -0.08179686
- DBC_r12m: 0.07117715
- DBC_vol3m: 0.23667164
- DBC_mdd: -0.14191728
- VNQ_r1m: 0.16092418
- VNQ_r3m: -0.01565462
- VNQ_r12m: 0.05324871
- VNQ_vol3m: 0.46952002
- VNQ_mdd: -0.10072173
- UUP_r1m: -0.03154151
- UUP_r3m: 0.03464652
- UUP_r12m: -0.02022475
- UUP_vol3m: 0.11121946
- UUP_mdd: -0.15602015
- BIL_r1m: -0.00000000
- BIL_r3m: -0.00021861
- BIL_r12m: 0.00021818
- BIL_vol3m: 0.00307964
- BIL_mdd: -0.00043639
- cross_vol: 0.27597725

Assets: SPY, QQQ, IWM, DIA, EFA, EEM, VEA, VWO, AGG, BND, SHY, IEF, TLT, TIP, LQD, HYG, GLD, SLV, DBC, VNQ, UUP, BIL","{
  ""weights"": {
    ""SPY"": 0.6,
    ""QQQ"": 0.2,
    ""IWM"": 0.1,
    ""DIA"": 0.05,
    ""EFA"": 0.025,
    ""EEM"": 0.025,
    ""VEA"": 0.025,
    ""VWO"": 0.025,
    ""AGG"": 0.0125,
    ""BND"": 0.0125,
    ""SHY"": 0.00625,
    ""IEF"": 0.00625,
    ""TLT"": 0.00625,
    ""TIP"": 0.00625,
    ""LQD"": 0.003125,
    ""HYG"": 0.003125,
    ""GLD"": 0.003125,
    ""SLV"": 0.003125,
    ""DBC"": 0.0015625,
    ""VNQ"": 0.0015625,
    ""UUP"": 0.0015625,
    ""BIL"": 0.00078125
  }
}",1,0,0,10.563502375007374,449,1,0,0,0,247,10.315353,1754,stop,[],0,0,0,0,SLV,SPY,SPY,0,0,0.6666666666666666,1.5736448038334832,0.8116202264268823,2.0816681711721685e-16,4.6805398318361535e-17,1.3373356203544884,0,"{""SPY"":0.536687631,""QQQ"":0.178895877,""IWM"":0.0894479385,""DIA"":0.0447239693,""EFA"":0.0223619846,""EEM"":0.0223619846,""VEA"":0.0223619846,""VWO"":0.0223619846,""AGG"":0.0111809923,""BND"":0.0111809923,""SHY"":0.0055904962,""IEF"":0.0055904962,""TLT"":0.0055904962,""TIP"":0.0055904962,""LQD"":0.0027952481,""HYG"":0.0027952481,""GLD"":0.0027952481,""SLV"":0.0027952481,""DBC"":0.001397624,""VNQ"":0.001397624,""UUP"":0.001397624,""BIL"":0.000698812}","{""SPY"":0.536687631,""QQQ"":0.178895877,""IWM"":0.0894479385,""DIA"":0.0447239693,""EFA"":0.0223619846,""EEM"":0.0223619846,""VEA"":0.0223619846,""VWO"":0.0223619846,""AGG"":0.0111809923,""BND"":0.0111809923,""SHY"":0.0055904962,""IEF"":0.0055904962,""TLT"":0.0055904962,""TIP"":0.0055904962,""LQD"":0.0027952481,""HYG"":0.0027952481,""GLD"":0.0027952481,""SLV"":0.0027952481,""DBC"":0.001397624,""VNQ"":0.001397624,""UUP"":0.001397624,""BIL"":0.000698812}","{""SPY"":0.019047619,""QQQ"":0.019047619,""IWM"":0.019047619,""DIA"":0.019047619,""EFA"":0.019047619,""EEM"":0.019047619,""VEA"":0.019047619,""VWO"":0.019047619,""AGG"":0.019047619,""BND"":0.019047619,""SHY"":0.019047619,""IEF"":0.019047619,""TLT"":0.019047619,""TIP"":0.019047619,""LQD"":0.019047619,""HYG"":0.019047619,""GLD"":0.019047619,""SLV"":0.6,""DBC"":0.019047619,""VNQ"":0.019047619,""UUP"":0.019047619,""BIL"":0.019047619}",0,1.0,0.5366876310272537,0.0006988120195667366,0.0,0,0,1.0,0.5366876310272537,0.000698812019566747,1,1,1,2,44,7614afb68ecfda1dc7c93f0b
repeatability_504part,repeatability,repeat_03,llama3.1:8b,P1,,,real_ticker,,2011-11-01,42,10.0,0.6,0.25,c8949fb84cd466c4,"You are an AGGRESSIVE MOMENTUM policy profile. Use only the provided feature values. Strongly favor the eligible asset with the highest `_r12m` value. Allocate 60.0% of total portfolio weight to that target asset as the language-level policy target. Distribute the remaining weight equally among all other eligible assets. Include every eligible ticker exactly once. Return strictly valid JSON only with a `weights` object whose values are decimals, not percentages.
Hard constraints for the execution layer: long-only weights, weights sum to one, maximum single-asset weight 0.60, and turnover cap 0.25. You propose weights; deterministic projection will enforce final feasibility.

Current Features:
- SPY_r1m: 0.10979675
- SPY_r3m: -0.02804838
- SPY_r12m: 0.04147860
- SPY_vol3m: 0.36458587
- SPY_mdd: -0.09668597
- QQQ_r1m: 0.10363714
- QQQ_r3m: -0.00467032
- QQQ_r12m: 0.07737668
- QQQ_vol3m: 0.35524372
- QQQ_mdd: -0.05174151
- IWM_r1m: 0.17051980
- IWM_r3m: -0.07239432
- IWM_r12m: 0.01527215
- IWM_vol3m: 0.50594415
- IWM_mdd: -0.16793357
- DIA_r1m: 0.09596693
- DIA_r3m: -0.01323298
- DIA_r12m: 0.06905861
- DIA_vol3m: 0.32896344
- DIA_mdd: -0.07899015
- EFA_r1m: 0.09071359
- EFA_r3m: -0.10621813
- EFA_r12m: -0.09572579
- EFA_vol3m: 0.45579183
- EFA_mdd: -0.19013681
- EEM_r1m: 0.15890576
- EEM_r3m: -0.12406493
- EEM_r12m: -0.14096475
- EEM_vol3m: 0.49073124
- EEM_mdd: -0.19884040
- VEA_r1m: 0.08889620
- VEA_r3m: -0.11145110
- VEA_r12m: -0.09841911
- VEA_vol3m: 0.45691326
- VEA_mdd: -0.19328834
- VWO_r1m: 0.15369267
- VWO_r3m: -0.12966155
- VWO_r12m: -0.13780868
- VWO_vol3m: 0.47672691
- VWO_mdd: -0.19917188
- AGG_r1m: 0.00197956
- AGG_r3m: 0.02138165
- AGG_r12m: 0.05365894
- AGG_vol3m: 0.05401121
- AGG_mdd: -0.00019193
- BND_r1m: 0.00287609
- BND_r3m: 0.02374117
- BND_r12m: 0.05528798
- BND_vol3m: 0.05482070
- BND_mdd: 0.00000000
- SHY_r1m: 0.00021379
- SHY_r3m: 0.00202385
- SHY_r12m: 0.00993948
- SHY_vol3m: 0.00683057
- SHY_mdd: -0.00121571
- IEF_r1m: -0.01018997
- IEF_r3m: 0.05438799
- IEF_r12m: 0.09007691
- IEF_vol3m: 0.11224347
- IEF_mdd: -0.01360442
- TLT_r1m: -0.03271919
- TLT_r3m: 0.18365944
- TLT_r12m: 0.23191169
- TLT_vol3m: 0.31316442
- TLT_mdd: -0.03271919
- TIP_r1m: 0.02311898
- TIP_r3m: 0.03654125
- TIP_r12m: 0.09974184
- TIP_vol3m: 0.10593659
- TIP_mdd: 0.00000000
- LQD_r1m: 0.02831421
- LQD_r3m: 0.02607916
- LQD_r12m: 0.06993632
- LQD_vol3m: 0.08806179
- LQD_mdd: 0.00000000
- HYG_r1m: 0.07855700
- HYG_r3m: -0.00784048
- HYG_r12m: 0.03990031
- HYG_vol3m: 0.20581203
- HYG_mdd: -0.02990737
- GLD_r1m: 0.03988567
- GLD_r3m: 0.03647284
- GLD_r12m: 0.26334061
- GLD_vol3m: 0.30118397
- GLD_mdd: -0.09323361
- SLV_r1m: 0.09630390
- SLV_r3m: -0.20271264
- SLV_r12m: 0.32990549
- SLV_vol3m: 0.57404358
- SLV_mdd: -0.31591191
- DBC_r1m: 0.06908670
- DBC_r3m: -0.08179686
- DBC_r12m: 0.07117715
- DBC_vol3m: 0.23667164
- DBC_mdd: -0.14191728
- VNQ_r1m: 0.16092418
- VNQ_r3m: -0.01565462
- VNQ_r12m: 0.05324871
- VNQ_vol3m: 0.46952002
- VNQ_mdd: -0.10072173
- UUP_r1m: -0.03154151
- UUP_r3m: 0.03464652
- UUP_r12m: -0.02022475
- UUP_vol3m: 0.11121946
- UUP_mdd: -0.15602015
- BIL_r1m: -0.00000000
- BIL_r3m: -0.00021861
- BIL_r12m: 0.00021818
- BIL_vol3m: 0.00307964
- BIL_mdd: -0.00043639
- cross_vol: 0.27597725

Assets: SPY, QQQ, IWM, DIA, EFA, EEM, VEA, VWO, AGG, BND, SHY, IEF, TLT, TIP, LQD, HYG, GLD, SLV, DBC, VNQ, UUP, BIL","{
  ""weights"": {
    ""SPY"": 0.6,
    ""QQQ"": 0.2,
    ""IWM"": 0.1,
    ""DIA"": 0.05,
    ""EFA"": 0.025,
    ""EEM"": 0.025,
    ""VEA"": 0.025,
    ""VWO"": 0.025,
    ""AGG"": 0.0125,
    ""BND"": 0.0125,
    ""SHY"": 0.00625,
    ""IEF"": 0.00625,
    ""TLT"": 0.00625,
    ""TIP"": 0.00625,
    ""LQD"": 0.003125,
    ""HYG"": 0.003125,
    ""GLD"": 0.003125,
    ""SLV"": 0.003125,
    ""DBC"": 0.0015625,
    ""VNQ"": 0.0015625,
    ""UUP"": 0.0015625,
    ""BIL"": 0.00078125
  }
}",1,0,0,10.567382167006144,449,1,0,0,0,247,10.3173,1754,stop,[],0,0,0,0,SLV,SPY,SPY,0,0,0.6666666666666666,1.5736448038334832,0.8116202264268823,2.0816681711721685e-16,4.6805398318361535e-17,1.3373356203544884,0,"{""SPY"":0.536687631,""QQQ"":0.178895877,""IWM"":0.0894479385,""DIA"":0.0447239693,""EFA"":0.0223619846,""EEM"":0.0223619846,""VEA"":0.0223619846,""VWO"":0.0223619846,""AGG"":0.0111809923,""BND"":0.0111809923,""SHY"":0.0055904962,""IEF"":0.0055904962,""TLT"":0.0055904962,""TIP"":0.0055904962,""LQD"":0.0027952481,""HYG"":0.0027952481,""GLD"":0.0027952481,""SLV"":0.0027952481,""DBC"":0.001397624,""VNQ"":0.001397624,""UUP"":0.001397624,""BIL"":0.000698812}","{""SPY"":0.536687631,""QQQ"":0.178895877,""IWM"":0.0894479385,""DIA"":0.0447239693,""EFA"":0.0223619846,""EEM"":0.0223619846,""VEA"":0.0223619846,""VWO"":0.0223619846,""AGG"":0.0111809923,""BND"":0.0111809923,""SHY"":0.0055904962,""IEF"":0.0055904962,""TLT"":0.0055904962,""TIP"":0.0055904962,""LQD"":0.0027952481,""HYG"":0.0027952481,""GLD"":0.0027952481,""SLV"":0.0027952481,""DBC"":0.001397624,""VNQ"":0.001397624,""UUP"":0.001397624,""BIL"":0.000698812}","{""SPY"":0.019047619,""QQQ"":0.019047619,""IWM"":0.019047619,""DIA"":0.019047619,""EFA"":0.019047619,""EEM"":0.019047619,""VEA"":0.019047619,""VWO"":0.019047619,""AGG"":0.019047619,""BND"":0.019047619,""SHY"":0.019047619,""IEF"":0.019047619,""TLT"":0.019047619,""TIP"":0.019047619,""LQD"":0.019047619,""HYG"":0.019047619,""GLD"":0.019047619,""SLV"":0.6,""DBC"":0.019047619,""VNQ"":0.019047619,""UUP"":0.019047619,""BIL"":0.019047619}",0,1.0,0.5366876310272537,0.0006988120195667366,0.0,0,0,1.0,0.5366876310272537,0.000698812019566747,1,1,1,3,45,c19d5cce562d6c57408a86ea
repeatability_504part,repeatability,repeat_00,llama3.1:8b,P2,,,real_ticker,,2011-11-01,42,10.0,0.6,0.25,8e61d6e1a921e9c9,"You are a DEFENSIVE LOW-VOLATILITY policy profile. Use only the provided feature values. Strongly favor the eligible asset with the lowest `_vol3m` value. Allocate 60.0% of total portfolio weight to that target asset as the language-level policy target. Distribute the remaining weight equally among all other eligible assets. Include every eligible ticker exactly once. Return strictly valid JSON only with a `weights` object whose values are decimals, not percentages.
Hard constraints for the execution layer: long-only weights, weights sum to one, maximum single-asset weight 0.60, and turnover cap 0.25. You propose weights; deterministic projection will enforce final feasibility.

Current Features:
- SPY_r1m: 0.10979675
- SPY_r3m: -0.02804838
- SPY_r12m: 0.04147860
- SPY_vol3m: 0.36458587
- SPY_mdd: -0.09668597
- QQQ_r1m: 0.10363714
- QQQ_r3m: -0.00467032
- QQQ_r12m: 0.07737668
- QQQ_vol3m: 0.35524372
- QQQ_mdd: -0.05174151
- IWM_r1m: 0.17051980
- IWM_r3m: -0.07239432
- IWM_r12m: 0.01527215
- IWM_vol3m: 0.50594415
- IWM_mdd: -0.16793357
- DIA_r1m: 0.09596693
- DIA_r3m: -0.01323298
- DIA_r12m: 0.06905861
- DIA_vol3m: 0.32896344
- DIA_mdd: -0.07899015
- EFA_r1m: 0.09071359
- EFA_r3m: -0.10621813
- EFA_r12m: -0.09572579
- EFA_vol3m: 0.45579183
- EFA_mdd: -0.19013681
- EEM_r1m: 0.15890576
- EEM_r3m: -0.12406493
- EEM_r12m: -0.14096475
- EEM_vol3m: 0.49073124
- EEM_mdd: -0.19884040
- VEA_r1m: 0.08889620
- VEA_r3m: -0.11145110
- VEA_r12m: -0.09841911
- VEA_vol3m: 0.45691326
- VEA_mdd: -0.19328834
- VWO_r1m: 0.15369267
- VWO_r3m: -0.12966155
- VWO_r12m: -0.13780868
- VWO_vol3m: 0.47672691
- VWO_mdd: -0.19917188
- AGG_r1m: 0.00197956
- AGG_r3m: 0.02138165
- AGG_r12m: 0.05365894
- AGG_vol3m: 0.05401121
- AGG_mdd: -0.00019193
- BND_r1m: 0.00287609
- BND_r3m: 0.02374117
- BND_r12m: 0.05528798
- BND_vol3m: 0.05482070
- BND_mdd: 0.00000000
- SHY_r1m: 0.00021379
- SHY_r3m: 0.00202385
- SHY_r12m: 0.00993948
- SHY_vol3m: 0.00683057
- SHY_mdd: -0.00121571
- IEF_r1m: -0.01018997
- IEF_r3m: 0.05438799
- IEF_r12m: 0.09007691
- IEF_vol3m: 0.11224347
- IEF_mdd: -0.01360442
- TLT_r1m: -0.03271919
- TLT_r3m: 0.18365944
- TLT_r12m: 0.23191169
- TLT_vol3m: 0.31316442
- TLT_mdd: -0.03271919
- TIP_r1m: 0.02311898
- TIP_r3m: 0.03654125
- TIP_r12m: 0.09974184
- TIP_vol3m: 0.10593659
- TIP_mdd: 0.00000000
- LQD_r1m: 0.02831421
- LQD_r3m: 0.02607916
- LQD_r12m: 0.06993632
- LQD_vol3m: 0.08806179
- LQD_mdd: 0.00000000
- HYG_r1m: 0.07855700
- HYG_r3m: -0.00784048
- HYG_r12m: 0.03990031
- HYG_vol3m: 0.20581203
- HYG_mdd: -0.02990737
- GLD_r1m: 0.03988567
- GLD_r3m: 0.03647284
- GLD_r12m: 0.26334061
- GLD_vol3m: 0.30118397
- GLD_mdd: -0.09323361
- SLV_r1m: 0.09630390
- SLV_r3m: -0.20271264
- SLV_r12m: 0.32990549
- SLV_vol3m: 0.57404358
- SLV_mdd: -0.31591191
- DBC_r1m: 0.06908670
- DBC_r3m: -0.08179686
- DBC_r12m: 0.07117715
- DBC_vol3m: 0.23667164
- DBC_mdd: -0.14191728
- VNQ_r1m: 0.16092418
- VNQ_r3m: -0.01565462
- VNQ_r12m: 0.05324871
- VNQ_vol3m: 0.46952002
- VNQ_mdd: -0.10072173
- UUP_r1m: -0.03154151
- UUP_r3m: 0.03464652
- UUP_r12m: -0.02022475
- UUP_vol3m: 0.11121946
- UUP_mdd: -0.15602015
- BIL_r1m: -0.00000000
- BIL_r3m: -0.00021861
- BIL_r12m: 0.00021818
- BIL_vol3m: 0.00307964
- BIL_mdd: -0.00043639
- cross_vol: 0.27597725

Assets: SPY, QQQ, IWM, DIA, EFA, EEM, VEA, VWO, AGG, BND, SHY, IEF, TLT, TIP, LQD, HYG, GLD, SLV, DBC, VNQ, UUP, BIL","{
  ""weights"": {
    ""SPY"": 0.6,
    ""QQQ"": 0.1,
    ""IWM"": 0.05,
    ""DIA"": 0.05,
    ""EFA"": 0.025,
    ""EEM"": 0.025,
    ""VEA"": 0.025,
    ""VWO"": 0.025,
    ""AGG"": 0.0125,
    ""BND"": 0.0125,
    ""SHY"": 0.00625,
    ""IEF"": 0.00625,
    ""TLT"": 0.00625,
    ""TIP"": 0.00625,
    ""LQD"": 0.00625,
    ""HYG"": 0.00625,
    ""GLD"": 0.00625,
    ""SLV"": 0.00625,
    ""DBC"": 0.00625,
    ""VNQ"": 0.00625,
    ""UUP"": 0.00625,
    ""BIL"": 0.00625
  }
}",1,0,0,17.679604290999123,437,1,0,0,0,243,10.148787,1756,stop,[],0,0,0,0,BIL,SPY,SPY,0,0,0.3333333333333333,1.4952380952380948,0.8369845606472706,2.0122792321330962e-16,4.4328888959487825e-17,1.2363636363636368,0,"{""SPY"":0.6,""QQQ"":0.1,""IWM"":0.05,""DIA"":0.05,""EFA"":0.025,""EEM"":0.025,""VEA"":0.025,""VWO"":0.025,""AGG"":0.0125,""BND"":0.0125,""SHY"":0.00625,""IEF"":0.00625,""TLT"":0.00625,""TIP"":0.00625,""LQD"":0.00625,""HYG"":0.00625,""GLD"":0.00625,""SLV"":0.00625,""DBC"":0.00625,""VNQ"":0.00625,""UUP"":0.00625,""BIL"":0.00625}","{""SPY"":0.6,""QQQ"":0.1,""IWM"":0.05,""DIA"":0.05,""EFA"":0.025,""EEM"":0.025,""VEA"":0.025,""VWO"":0.025,""AGG"":0.0125,""BND"":0.0125,""SHY"":0.00625,""IEF"":0.00625,""TLT"":0.00625,""TIP"":0.00625,""LQD"":0.00625,""HYG"":0.00625,""GLD"":0.00625,""SLV"":0.00625,""DBC"":0.00625,""VNQ"":0.00625,""UUP"":0.00625,""BIL"":0.00625}","{""SPY"":0.019047619,""QQQ"":0.019047619,""IWM"":0.019047619,""DIA"":0.019047619,""EFA"":0.019047619,""EEM"":0.019047619,""VEA"":0.019047619,""VWO"":0.019047619,""AGG"":0.019047619,""BND"":0.019047619,""SHY"":0.019047619,""IEF"":0.019047619,""TLT"":0.019047619,""TIP"":0.019047619,""LQD"":0.019047619,""HYG"":0.019047619,""GLD"":0.019047619,""SLV"":0.019047619,""DBC"":0.019047619,""VNQ"":0.019047619,""UUP"":0.019047619,""BIL"":0.6}",0,0.9999999999999999,0.6,0.00625,1.1102230246251565e-16,0,0,1.0,0.6,0.00625000000000001,1,1,1,0,42,6415faff697700db3e905fc9
repeatability_504part,repeatability,repeat_01,llama3.1:8b,P2,,,real_ticker,,2011-11-01,42,10.0,0.6,0.25,8e61d6e1a921e9c9,"You are a DEFENSIVE LOW-VOLATILITY policy profile. Use only the provided feature values. Strongly favor the eligible asset with the lowest `_vol3m` value. Allocate 60.0% of total portfolio weight to that target asset as the language-level policy target. Distribute the remaining weight equally among all other eligible assets. Include every eligible ticker exactly once. Return strictly valid JSON only with a `weights` object whose values are decimals, not percentages.
Hard constraints for the execution layer: long-only weights, weights sum to one, maximum single-asset weight 0.60, and turnover cap 0.25. You propose weights; deterministic projection will enforce final feasibility.

Current Features:
- SPY_r1m: 0.10979675
- SPY_r3m: -0.02804838
- SPY_r12m: 0.04147860
- SPY_vol3m: 0.36458587
- SPY_mdd: -0.09668597
- QQQ_r1m: 0.10363714
- QQQ_r3m: -0.00467032
- QQQ_r12m: 0.07737668
- QQQ_vol3m: 0.35524372
- QQQ_mdd: -0.05174151
- IWM_r1m: 0.17051980
- IWM_r3m: -0.07239432
- IWM_r12m: 0.01527215
- IWM_vol3m: 0.50594415
- IWM_mdd: -0.16793357
- DIA_r1m: 0.09596693
- DIA_r3m: -0.01323298
- DIA_r12m: 0.06905861
- DIA_vol3m: 0.32896344
- DIA_mdd: -0.07899015
- EFA_r1m: 0.09071359
- EFA_r3m: -0.10621813
- EFA_r12m: -0.09572579
- EFA_vol3m: 0.45579183
- EFA_mdd: -0.19013681
- EEM_r1m: 0.15890576
- EEM_r3m: -0.12406493
- EEM_r12m: -0.14096475
- EEM_vol3m: 0.49073124
- EEM_mdd: -0.19884040
- VEA_r1m: 0.08889620
- VEA_r3m: -0.11145110
- VEA_r12m: -0.09841911
- VEA_vol3m: 0.45691326
- VEA_mdd: -0.19328834
- VWO_r1m: 0.15369267
- VWO_r3m: -0.12966155
- VWO_r12m: -0.13780868
- VWO_vol3m: 0.47672691
- VWO_mdd: -0.19917188
- AGG_r1m: 0.00197956
- AGG_r3m: 0.02138165
- AGG_r12m: 0.05365894
- AGG_vol3m: 0.05401121
- AGG_mdd: -0.00019193
- BND_r1m: 0.00287609
- BND_r3m: 0.02374117
- BND_r12m: 0.05528798
- BND_vol3m: 0.05482070
- BND_mdd: 0.00000000
- SHY_r1m: 0.00021379
- SHY_r3m: 0.00202385
- SHY_r12m: 0.00993948
- SHY_vol3m: 0.00683057
- SHY_mdd: -0.00121571
- IEF_r1m: -0.01018997
- IEF_r3m: 0.05438799
- IEF_r12m: 0.09007691
- IEF_vol3m: 0.11224347
- IEF_mdd: -0.01360442
- TLT_r1m: -0.03271919
- TLT_r3m: 0.18365944
- TLT_r12m: 0.23191169
- TLT_vol3m: 0.31316442
- TLT_mdd: -0.03271919
- TIP_r1m: 0.02311898
- TIP_r3m: 0.03654125
- TIP_r12m: 0.09974184
- TIP_vol3m: 0.10593659
- TIP_mdd: 0.00000000
- LQD_r1m: 0.02831421
- LQD_r3m: 0.02607916
- LQD_r12m: 0.06993632
- LQD_vol3m: 0.08806179
- LQD_mdd: 0.00000000
- HYG_r1m: 0.07855700
- HYG_r3m: -0.00784048
- HYG_r12m: 0.03990031
- HYG_vol3m: 0.20581203
- HYG_mdd: -0.02990737
- GLD_r1m: 0.03988567
- GLD_r3m: 0.03647284
- GLD_r12m: 0.26334061
- GLD_vol3m: 0.30118397
- GLD_mdd: -0.09323361
- SLV_r1m: 0.09630390
- SLV_r3m: -0.20271264
- SLV_r12m: 0.32990549
- SLV_vol3m: 0.57404358
- SLV_mdd: -0.31591191
- DBC_r1m: 0.06908670
- DBC_r3m: -0.08179686
- DBC_r12m: 0.07117715
- DBC_vol3m: 0.23667164
- DBC_mdd: -0.14191728
- VNQ_r1m: 0.16092418
- VNQ_r3m: -0.01565462
- VNQ_r12m: 0.05324871
- VNQ_vol3m: 0.46952002
- VNQ_mdd: -0.10072173
- UUP_r1m: -0.03154151
- UUP_r3m: 0.03464652
- UUP_r12m: -0.02022475
- UUP_vol3m: 0.11121946
- UUP_mdd: -0.15602015
- BIL_r1m: -0.00000000
- BIL_r3m: -0.00021861
- BIL_r12m: 0.00021818
- BIL_vol3m: 0.00307964
- BIL_mdd: -0.00043639
- cross_vol: 0.27597725

Assets: SPY, QQQ, IWM, DIA, EFA, EEM, VEA, VWO, AGG, BND, SHY, IEF, TLT, TIP, LQD, HYG, GLD, SLV, DBC, VNQ, UUP, BIL","{
  ""weights"": {
    ""SPY"": 0.6,
    ""QQQ"": 0.1,
    ""IWM"": 0.05,
    ""DIA"": 0.05,
    ""EFA"": 0.025,
    ""EEM"": 0.025,
    ""VEA"": 0.025,
    ""VWO"": 0.025,
    ""AGG"": 0.0125,
    ""BND"": 0.0125,
    ""SHY"": 0.00625,
    ""IEF"": 0.00625,
    ""TLT"": 0.00625,
    ""TIP"": 0.00625,
    ""LQD"": 0.00625,
    ""HYG"": 0.00625,
    ""GLD"": 0.00625,
    ""SLV"": 0.00625,
    ""DBC"": 0.00625,
    ""VNQ"": 0.00625,
    ""UUP"": 0.00625,
    ""BIL"": 0.00625
  }
}",1,0,0,10.394768957994529,437,1,0,0,0,243,10.149677,1756,stop,[],0,0,0,0,BIL,SPY,SPY,0,0,0.3333333333333333,1.4952380952380948,0.8369845606472706,2.0122792321330962e-16,4.4328888959487825e-17,1.2363636363636368,0,"{""SPY"":0.6,""QQQ"":0.1,""IWM"":0.05,""DIA"":0.05,""EFA"":0.025,""EEM"":0.025,""VEA"":0.025,""VWO"":0.025,""AGG"":0.0125,""BND"":0.0125,""SHY"":0.00625,""IEF"":0.00625,""TLT"":0.00625,""TIP"":0.00625,""LQD"":0.00625,""HYG"":0.00625,""GLD"":0.00625,""SLV"":0.00625,""DBC"":0.00625,""VNQ"":0.00625,""UUP"":0.00625,""BIL"":0.00625}","{""SPY"":0.6,""QQQ"":0.1,""IWM"":0.05,""DIA"":0.05,""EFA"":0.025,""EEM"":0.025,""VEA"":0.025,""VWO"":0.025,""AGG"":0.0125,""BND"":0.0125,""SHY"":0.00625,""IEF"":0.00625,""TLT"":0.00625,""TIP"":0.00625,""LQD"":0.00625,""HYG"":0.00625,""GLD"":0.00625,""SLV"":0.00625,""DBC"":0.00625,""VNQ"":0.00625,""UUP"":0.00625,""BIL"":0.00625}","{""SPY"":0.019047619,""QQQ"":0.019047619,""IWM"":0.019047619,""DIA"":0.019047619,""EFA"":0.019047619,""EEM"":0.019047619,""VEA"":0.019047619,""VWO"":0.019047619,""AGG"":0.019047619,""BND"":0.019047619,""SHY"":0.019047619,""IEF"":0.019047619,""TLT"":0.019047619,""TIP"":0.019047619,""LQD"":0.019047619,""HYG"":0.019047619,""GLD"":0.019047619,""SLV"":0.019047619,""DBC"":0.019047619,""VNQ"":0.019047619,""UUP"":0.019047619,""BIL"":0.6}",0,0.9999999999999999,0.6,0.00625,1.1102230246251565e-16,0,0,1.0,0.6,0.00625000000000001,1,1,1,1,43,af0d90446318c8d56ae714eb
repeatability_504part,repeatability,repeat_02,llama3.1:8b,P2,,,real_ticker,,2011-11-01,42,10.0,0.6,0.25,8e61d6e1a921e9c9,"You are a DEFENSIVE LOW-VOLATILITY policy profile. Use only the provided feature values. Strongly favor the eligible asset with the lowest `_vol3m` value. Allocate 60.0% of total portfolio weight to that target asset as the language-level policy target. Distribute the remaining weight equally among all other eligible assets. Include every eligible ticker exactly once. Return strictly valid JSON only with a `weights` object whose values are decimals, not percentages.
Hard constraints for the execution layer: long-only weights, weights sum to one, maximum single-asset weight 0.60, and turnover cap 0.25. You propose weights; deterministic projection will enforce final feasibility.

Current Features:
- SPY_r1m: 0.10979675
- SPY_r3m: -0.02804838
- SPY_r12m: 0.04147860
- SPY_vol3m: 0.36458587
- SPY_mdd: -0.09668597
- QQQ_r1m: 0.10363714
- QQQ_r3m: -0.00467032
- QQQ_r12m: 0.07737668
- QQQ_vol3m: 0.35524372
- QQQ_mdd: -0.05174151
- IWM_r1m: 0.17051980
- IWM_r3m: -0.07239432
- IWM_r12m: 0.01527215
- IWM_vol3m: 0.50594415
- IWM_mdd: -0.16793357
- DIA_r1m: 0.09596693
- DIA_r3m: -0.01323298
- DIA_r12m: 0.06905861
- DIA_vol3m: 0.32896344
- DIA_mdd: -0.07899015
- EFA_r1m: 0.09071359
- EFA_r3m: -0.10621813
- EFA_r12m: -0.09572579
- EFA_vol3m: 0.45579183
- EFA_mdd: -0.19013681
- EEM_r1m: 0.15890576
- EEM_r3m: -0.12406493
- EEM_r12m: -0.14096475
- EEM_vol3m: 0.49073124
- EEM_mdd: -0.19884040
- VEA_r1m: 0.08889620
- VEA_r3m: -0.11145110
- VEA_r12m: -0.09841911
- VEA_vol3m: 0.45691326
- VEA_mdd: -0.19328834
- VWO_r1m: 0.15369267
- VWO_r3m: -0.12966155
- VWO_r12m: -0.13780868
- VWO_vol3m: 0.47672691
- VWO_mdd: -0.19917188
- AGG_r1m: 0.00197956
- AGG_r3m: 0.02138165
- AGG_r12m: 0.05365894
- AGG_vol3m: 0.05401121
- AGG_mdd: -0.00019193
- BND_r1m: 0.00287609
- BND_r3m: 0.02374117
- BND_r12m: 0.05528798
- BND_vol3m: 0.05482070
- BND_mdd: 0.00000000
- SHY_r1m: 0.00021379
- SHY_r3m: 0.00202385
- SHY_r12m: 0.00993948
- SHY_vol3m: 0.00683057
- SHY_mdd: -0.00121571
- IEF_r1m: -0.01018997
- IEF_r3m: 0.05438799
- IEF_r12m: 0.09007691
- IEF_vol3m: 0.11224347
- IEF_mdd: -0.01360442
- TLT_r1m: -0.03271919
- TLT_r3m: 0.18365944
- TLT_r12m: 0.23191169
- TLT_vol3m: 0.31316442
- TLT_mdd: -0.03271919
- TIP_r1m: 0.02311898
- TIP_r3m: 0.03654125
- TIP_r12m: 0.09974184
- TIP_vol3m: 0.10593659
- TIP_mdd: 0.00000000
- LQD_r1m: 0.02831421
- LQD_r3m: 0.02607916
- LQD_r12m: 0.06993632
- LQD_vol3m: 0.08806179
- LQD_mdd: 0.00000000
- HYG_r1m: 0.07855700
- HYG_r3m: -0.00784048
- HYG_r12m: 0.03990031
- HYG_vol3m: 0.20581203
- HYG_mdd: -0.02990737
- GLD_r1m: 0.03988567
- GLD_r3m: 0.03647284
- GLD_r12m: 0.26334061
- GLD_vol3m: 0.30118397
- GLD_mdd: -0.09323361
- SLV_r1m: 0.09630390
- SLV_r3m: -0.20271264
- SLV_r12m: 0.32990549
- SLV_vol3m: 0.57404358
- SLV_mdd: -0.31591191
- DBC_r1m: 0.06908670
- DBC_r3m: -0.08179686
- DBC_r12m: 0.07117715
- DBC_vol3m: 0.23667164
- DBC_mdd: -0.14191728
- VNQ_r1m: 0.16092418
- VNQ_r3m: -0.01565462
- VNQ_r12m: 0.05324871
- VNQ_vol3m: 0.46952002
- VNQ_mdd: -0.10072173
- UUP_r1m: -0.03154151
- UUP_r3m: 0.03464652
- UUP_r12m: -0.02022475
- UUP_vol3m: 0.11121946
- UUP_mdd: -0.15602015
- BIL_r1m: -0.00000000
- BIL_r3m: -0.00021861
- BIL_r12m: 0.00021818
- BIL_vol3m: 0.00307964
- BIL_mdd: -0.00043639
- cross_vol: 0.27597725

Assets: SPY, QQQ, IWM, DIA, EFA, EEM, VEA, VWO, AGG, BND, SHY, IEF, TLT, TIP, LQD, HYG, GLD, SLV, DBC, VNQ, UUP, BIL","{
  ""weights"": {
    ""SPY"": 0.6,
    ""QQQ"": 0.1,
    ""IWM"": 0.05,
    ""DIA"": 0.05,
    ""EFA"": 0.025,
    ""EEM"": 0.025,
    ""VEA"": 0.025,
    ""VWO"": 0.025,
    ""AGG"": 0.0125,
    ""BND"": 0.0125,
    ""SHY"": 0.00625,
    ""IEF"": 0.00625,
    ""TLT"": 0.00625,
    ""TIP"": 0.00625,
    ""LQD"": 0.00625,
    ""HYG"": 0.00625,
    ""GLD"": 0.00625,
    ""SLV"": 0.00625,
    ""DBC"": 0.00625,
    ""VNQ"": 0.00625,
    ""UUP"": 0.00625,
    ""BIL"": 0.00625
  }
}",1,0,0,10.39202404099342,437,1,0,0,0,243,10.148543,1756,stop,[],0,0,0,0,BIL,SPY,SPY,0,0,0.3333333333333333,1.4952380952380948,0.8369845606472706,2.0122792321330962e-16,4.4328888959487825e-17,1.2363636363636368,0,"{""SPY"":0.6,""QQQ"":0.1,""IWM"":0.05,""DIA"":0.05,""EFA"":0.025,""EEM"":0.025,""VEA"":0.025,""VWO"":0.025,""AGG"":0.0125,""BND"":0.0125,""SHY"":0.00625,""IEF"":0.00625,""TLT"":0.00625,""TIP"":0.00625,""LQD"":0.00625,""HYG"":0.00625,""GLD"":0.00625,""SLV"":0.00625,""DBC"":0.00625,""VNQ"":0.00625,""UUP"":0.00625,""BIL"":0.00625}","{""SPY"":0.6,""QQQ"":0.1,""IWM"":0.05,""DIA"":0.05,""EFA"":0.025,""EEM"":0.025,""VEA"":0.025,""VWO"":0.025,""AGG"":0.0125,""BND"":0.0125,""SHY"":0.00625,""IEF"":0.00625,""TLT"":0.00625,""TIP"":0.00625,""LQD"":0.00625,""HYG"":0.00625,""GLD"":0.00625,""SLV"":0.00625,""DBC"":0.00625,""VNQ"":0.00625,""UUP"":0.00625,""BIL"":0.00625}","{""SPY"":0.019047619,""QQQ"":0.019047619,""IWM"":0.019047619,""DIA"":0.019047619,""EFA"":0.019047619,""EEM"":0.019047619,""VEA"":0.019047619,""VWO"":0.019047619,""AGG"":0.019047619,""BND"":0.019047619,""SHY"":0.019047619,""IEF"":0.019047619,""TLT"":0.019047619,""TIP"":0.019047619,""LQD"":0.019047619,""HYG"":0.019047619,""GLD"":0.019047619,""SLV"":0.019047619,""DBC"":0.019047619,""VNQ"":0.019047619,""UUP"":0.019047619,""BIL"":0.6}",0,0.9999999999999999,0.6,0.00625,1.1102230246251565e-16,0,0,1.0,0.6,0.00625000000000001,1,1,1,2,44,e119738ec9f080e4b27796e7
repeatability_504part,repeatability,repeat_03,llama3.1:8b,P2,,,real_ticker,,2011-11-01,42,10.0,0.6,0.25,8e61d6e1a921e9c9,"You are a DEFENSIVE LOW-VOLATILITY policy profile. Use only the provided feature values. Strongly favor the eligible asset with the lowest `_vol3m` value. Allocate 60.0% of total portfolio weight to that target asset as the language-level policy target. Distribute the remaining weight equally among all other eligible assets. Include every eligible ticker exactly once. Return strictly valid JSON only with a `weights` object whose values are decimals, not percentages.
Hard constraints for the execution layer: long-only weights, weights sum to one, maximum single-asset weight 0.60, and turnover cap 0.25. You propose weights; deterministic projection will enforce final feasibility.

Current Features:
- SPY_r1m: 0.10979675
- SPY_r3m: -0.02804838
- SPY_r12m: 0.04147860
- SPY_vol3m: 0.36458587
- SPY_mdd: -0.09668597
- QQQ_r1m: 0.10363714
- QQQ_r3m: -0.00467032
- QQQ_r12m: 0.07737668
- QQQ_vol3m: 0.35524372
- QQQ_mdd: -0.05174151
- IWM_r1m: 0.17051980
- IWM_r3m: -0.07239432
- IWM_r12m: 0.01527215
- IWM_vol3m: 0.50594415
- IWM_mdd: -0.16793357
- DIA_r1m: 0.09596693
- DIA_r3m: -0.01323298
- DIA_r12m: 0.06905861
- DIA_vol3m: 0.32896344
- DIA_mdd: -0.07899015
- EFA_r1m: 0.09071359
- EFA_r3m: -0.10621813
- EFA_r12m: -0.09572579
- EFA_vol3m: 0.45579183
- EFA_mdd: -0.19013681
- EEM_r1m: 0.15890576
- EEM_r3m: -0.12406493
- EEM_r12m: -0.14096475
- EEM_vol3m: 0.49073124
- EEM_mdd: -0.19884040
- VEA_r1m: 0.08889620
- VEA_r3m: -0.11145110
- VEA_r12m: -0.09841911
- VEA_vol3m: 0.45691326
- VEA_mdd: -0.19328834
- VWO_r1m: 0.15369267
- VWO_r3m: -0.12966155
- VWO_r12m: -0.13780868
- VWO_vol3m: 0.47672691
- VWO_mdd: -0.19917188
- AGG_r1m: 0.00197956
- AGG_r3m: 0.02138165
- AGG_r12m: 0.05365894
- AGG_vol3m: 0.05401121
- AGG_mdd: -0.00019193
- BND_r1m: 0.00287609
- BND_r3m: 0.02374117
- BND_r12m: 0.05528798
- BND_vol3m: 0.05482070
- BND_mdd: 0.00000000
- SHY_r1m: 0.00021379
- SHY_r3m: 0.00202385
- SHY_r12m: 0.00993948
- SHY_vol3m: 0.00683057
- SHY_mdd: -0.00121571
- IEF_r1m: -0.01018997
- IEF_r3m: 0.05438799
- IEF_r12m: 0.09007691
- IEF_vol3m: 0.11224347
- IEF_mdd: -0.01360442
- TLT_r1m: -0.03271919
- TLT_r3m: 0.18365944
- TLT_r12m: 0.23191169
- TLT_vol3m: 0.31316442
- TLT_mdd: -0.03271919
- TIP_r1m: 0.02311898
- TIP_r3m: 0.03654125
- TIP_r12m: 0.09974184
- TIP_vol3m: 0.10593659
- TIP_mdd: 0.00000000
- LQD_r1m: 0.02831421
- LQD_r3m: 0.02607916
- LQD_r12m: 0.06993632
- LQD_vol3m: 0.08806179
- LQD_mdd: 0.00000000
- HYG_r1m: 0.07855700
- HYG_r3m: -0.00784048
- HYG_r12m: 0.03990031
- HYG_vol3m: 0.20581203
- HYG_mdd: -0.02990737
- GLD_r1m: 0.03988567
- GLD_r3m: 0.03647284
- GLD_r12m: 0.26334061
- GLD_vol3m: 0.30118397
- GLD_mdd: -0.09323361
- SLV_r1m: 0.09630390
- SLV_r3m: -0.20271264
- SLV_r12m: 0.32990549
- SLV_vol3m: 0.57404358
- SLV_mdd: -0.31591191
- DBC_r1m: 0.06908670
- DBC_r3m: -0.08179686
- DBC_r12m: 0.07117715
- DBC_vol3m: 0.23667164
- DBC_mdd: -0.14191728
- VNQ_r1m: 0.16092418
- VNQ_r3m: -0.01565462
- VNQ_r12m: 0.05324871
- VNQ_vol3m: 0.46952002
- VNQ_mdd: -0.10072173
- UUP_r1m: -0.03154151
- UUP_r3m: 0.03464652
- UUP_r12m: -0.02022475
- UUP_vol3m: 0.11121946
- UUP_mdd: -0.15602015
- BIL_r1m: -0.00000000
- BIL_r3m: -0.00021861
- BIL_r12m: 0.00021818
- BIL_vol3m: 0.00307964
- BIL_mdd: -0.00043639
- cross_vol: 0.27597725

Assets: SPY, QQQ, IWM, DIA, EFA, EEM, VEA, VWO, AGG, BND, SHY, IEF, TLT, TIP, LQD, HYG, GLD, SLV, DBC, VNQ, UUP, BIL","{
  ""weights"": {
    ""SPY"": 0.6,
    ""QQQ"": 0.1,
    ""IWM"": 0.05,
    ""DIA"": 0.05,
    ""EFA"": 0.025,
    ""EEM"": 0.025,
    ""VEA"": 0.025,
    ""VWO"": 0.025,
    ""AGG"": 0.0125,
    ""BND"": 0.0125,
    ""SHY"": 0.00625,
    ""IEF"": 0.00625,
    ""TLT"": 0.00625,
    ""TIP"": 0.00625,
    ""LQD"": 0.00625,
    ""HYG"": 0.00625,
    ""GLD"": 0.00625,
    ""SLV"": 0.00625,
    ""DBC"": 0.00625,
    ""VNQ"": 0.00625,
    ""UUP"": 0.00625,
    ""BIL"": 0.00625
  }
}",1,0,0,10.391120332991704,437,1,0,0,0,243,10.152364,1756,stop,[],0,0,0,0,BIL,SPY,SPY,0,0,0.3333333333333333,1.4952380952380948,0.8369845606472706,2.0122792321330962e-16,4.4328888959487825e-17,1.2363636363636368,0,"{""SPY"":0.6,""QQQ"":0.1,""IWM"":0.05,""DIA"":0.05,""EFA"":0.025,""EEM"":0.025,""VEA"":0.025,""VWO"":0.025,""AGG"":0.0125,""BND"":0.0125,""SHY"":0.00625,""IEF"":0.00625,""TLT"":0.00625,""TIP"":0.00625,""LQD"":0.00625,""HYG"":0.00625,""GLD"":0.00625,""SLV"":0.00625,""DBC"":0.00625,""VNQ"":0.00625,""UUP"":0.00625,""BIL"":0.00625}","{""SPY"":0.6,""QQQ"":0.1,""IWM"":0.05,""DIA"":0.05,""EFA"":0.025,""EEM"":0.025,""VEA"":0.025,""VWO"":0.025,""AGG"":0.0125,""BND"":0.0125,""SHY"":0.00625,""IEF"":0.00625,""TLT"":0.00625,""TIP"":0.00625,""LQD"":0.00625,""HYG"":0.00625,""GLD"":0.00625,""SLV"":0.00625,""DBC"":0.00625,""VNQ"":0.00625,""UUP"":0.00625,""BIL"":0.00625}","{""SPY"":0.019047619,""QQQ"":0.019047619,""IWM"":0.019047619,""DIA"":0.019047619,""EFA"":0.019047619,""EEM"":0.019047619,""VEA"":0.019047619,""VWO"":0.019047619,""AGG"":0.019047619,""BND"":0.019047619,""SHY"":0.019047619,""IEF"":0.019047619,""TLT"":0.019047619,""TIP"":0.019047619,""LQD"":0.019047619,""HYG"":0.019047619,""GLD"":0.019047619,""SLV"":0.019047619,""DBC"":0.019047619,""VNQ"":0.019047619,""UUP"":0.019047619,""BIL"":0.6}",0,0.9999999999999999,0.6,0.00625,1.1102230246251565e-16,0,0,1.0,0.6,0.00625000000000001,1,1,1,3,45,79f39a5d338d95a445c5064b
repeatability_504part,repeatability,repeat_00,llama3.1:8b,P3,,,real_ticker,,2011-11-01,42,10.0,0.6,0.25,2a49006266329657,"You are a CONTRARIAN MEAN-REVERSION policy profile. Use only the provided feature values. Strongly favor the eligible asset with the lowest `_r3m` value, reflecting recent underperformance. Allocate 60.0% of total portfolio weight to that target asset as the language-level policy target. Distribute the remaining weight equally among all other eligible assets. Include every eligible ticker exactly once. Return strictly valid JSON only with a `weights` object whose values are decimals, not percentages.
Hard constraints for the execution layer: long-only weights, weights sum to one, maximum single-asset weight 0.60, and turnover cap 0.25. You propose weights; deterministic projection will enforce final feasibility.

Current Features:
- SPY_r1m: 0.10979675
- SPY_r3m: -0.02804838
- SPY_r12m: 0.04147860
- SPY_vol3m: 0.36458587
- SPY_mdd: -0.09668597
- QQQ_r1m: 0.10363714
- QQQ_r3m: -0.00467032
- QQQ_r12m: 0.07737668
- QQQ_vol3m: 0.35524372
- QQQ_mdd: -0.05174151
- IWM_r1m: 0.17051980
- IWM_r3m: -0.07239432
- IWM_r12m: 0.01527215
- IWM_vol3m: 0.50594415
- IWM_mdd: -0.16793357
- DIA_r1m: 0.09596693
- DIA_r3m: -0.01323298
- DIA_r12m: 0.06905861
- DIA_vol3m: 0.32896344
- DIA_mdd: -0.07899015
- EFA_r1m: 0.09071359
- EFA_r3m: -0.10621813
- EFA_r12m: -0.09572579
- EFA_vol3m: 0.45579183
- EFA_mdd: -0.19013681
- EEM_r1m: 0.15890576
- EEM_r3m: -0.12406493
- EEM_r12m: -0.14096475
- EEM_vol3m: 0.49073124
- EEM_mdd: -0.19884040
- VEA_r1m: 0.08889620
- VEA_r3m: -0.11145110
- VEA_r12m: -0.09841911
- VEA_vol3m: 0.45691326
- VEA_mdd: -0.19328834
- VWO_r1m: 0.15369267
- VWO_r3m: -0.12966155
- VWO_r12m: -0.13780868
- VWO_vol3m: 0.47672691
- VWO_mdd: -0.19917188
- AGG_r1m: 0.00197956
- AGG_r3m: 0.02138165
- AGG_r12m: 0.05365894
- AGG_vol3m: 0.05401121
- AGG_mdd: -0.00019193
- BND_r1m: 0.00287609
- BND_r3m: 0.02374117
- BND_r12m: 0.05528798
- BND_vol3m: 0.05482070
- BND_mdd: 0.00000000
- SHY_r1m: 0.00021379
- SHY_r3m: 0.00202385
- SHY_r12m: 0.00993948
- SHY_vol3m: 0.00683057
- SHY_mdd: -0.00121571
- IEF_r1m: -0.01018997
- IEF_r3m: 0.05438799
- IEF_r12m: 0.09007691
- IEF_vol3m: 0.11224347
- IEF_mdd: -0.01360442
- TLT_r1m: -0.03271919
- TLT_r3m: 0.18365944
- TLT_r12m: 0.23191169
- TLT_vol3m: 0.31316442
- TLT_mdd: -0.03271919
- TIP_r1m: 0.02311898
- TIP_r3m: 0.03654125
- TIP_r12m: 0.09974184
- TIP_vol3m: 0.10593659
- TIP_mdd: 0.00000000
- LQD_r1m: 0.02831421
- LQD_r3m: 0.02607916
- LQD_r12m: 0.06993632
- LQD_vol3m: 0.08806179
- LQD_mdd: 0.00000000
- HYG_r1m: 0.07855700
- HYG_r3m: -0.00784048
- HYG_r12m: 0.03990031
- HYG_vol3m: 0.20581203
- HYG_mdd: -0.02990737
- GLD_r1m: 0.03988567
- GLD_r3m: 0.03647284
- GLD_r12m: 0.26334061
- GLD_vol3m: 0.30118397
- GLD_mdd: -0.09323361
- SLV_r1m: 0.09630390
- SLV_r3m: -0.20271264
- SLV_r12m: 0.32990549
- SLV_vol3m: 0.57404358
- SLV_mdd: -0.31591191
- DBC_r1m: 0.06908670
- DBC_r3m: -0.08179686
- DBC_r12m: 0.07117715
- DBC_vol3m: 0.23667164
- DBC_mdd: -0.14191728
- VNQ_r1m: 0.16092418
- VNQ_r3m: -0.01565462
- VNQ_r12m: 0.05324871
- VNQ_vol3m: 0.46952002
- VNQ_mdd: -0.10072173
- UUP_r1m: -0.03154151
- UUP_r3m: 0.03464652
- UUP_r12m: -0.02022475
- UUP_vol3m: 0.11121946
- UUP_mdd: -0.15602015
- BIL_r1m: -0.00000000
- BIL_r3m: -0.00021861
- BIL_r12m: 0.00021818
- BIL_vol3m: 0.00307964
- BIL_mdd: -0.00043639
- cross_vol: 0.27597725

Assets: SPY, QQQ, IWM, DIA, EFA, EEM, VEA, VWO, AGG, BND, SHY, IEF, TLT, TIP, LQD, HYG, GLD, SLV, DBC, VNQ, UUP, BIL","{
  ""weights"": {
    ""SPY"": 0.6,
    ""QQQ"": 0.2,
    ""IWM"": 0.1,
    ""DIA"": 0.05,
    ""EFA"": 0.025,
    ""EEM"": 0.025,
    ""VEA"": 0.025,
    ""VWO"": 0.025,
    ""AGG"": 0.0125,
    ""BND"": 0.0125,
    ""SHY"": 0.00625,
    ""IEF"": 0.00625,
    ""TLT"": 0.00625,
    ""TIP"": 0.003125,
    ""LQD"": 0.003125,
    ""HYG"": 0.003125,
    ""GLD"": 0.0015625,
    ""SLV"": 0.0015625,
    ""DBC"": 0.0015625,
    ""VNQ"": 0.0015625,
    ""UUP"": 0.0015625,
    ""BIL"": 0.00078125
  }
}",1,0,0,17.938646249996964,452,1,0,0,0,249,10.408285,1761,stop,[],0,0,0,0,SLV,SPY,SPY,0,0,0.6666666666666666,1.5842050664257268,0.8148957927952637,3.5388358909926865e-16,7.813961720417601e-17,1.346387274004983,0,"{""SPY"":0.5397048489,""QQQ"":0.1799016163,""IWM"":0.0899508082,""DIA"":0.0449754041,""EFA"":0.022487702,""EEM"":0.022487702,""VEA"":0.022487702,""VWO"":0.022487702,""AGG"":0.011243851,""BND"":0.011243851,""SHY"":0.0056219255,""IEF"":0.0056219255,""TLT"":0.0056219255,""TIP"":0.0028109628,""LQD"":0.0028109628,""HYG"":0.0028109628,""GLD"":0.0014054814,""SLV"":0.0014054814,""DBC"":0.0014054814,""VNQ"":0.0014054814,""UUP"":0.0014054814,""BIL"":0.0007027407}","{""SPY"":0.5397048489,""QQQ"":0.1799016163,""IWM"":0.0899508082,""DIA"":0.0449754041,""EFA"":0.022487702,""EEM"":0.022487702,""VEA"":0.022487702,""VWO"":0.022487702,""AGG"":0.011243851,""BND"":0.011243851,""SHY"":0.0056219255,""IEF"":0.0056219255,""TLT"":0.0056219255,""TIP"":0.0028109628,""LQD"":0.0028109628,""HYG"":0.0028109628,""GLD"":0.0014054814,""SLV"":0.0014054814,""DBC"":0.0014054814,""VNQ"":0.0014054814,""UUP"":0.0014054814,""BIL"":0.0007027407}","{""SPY"":0.019047619,""QQQ"":0.019047619,""IWM"":0.019047619,""DIA"":0.019047619,""EFA"":0.019047619,""EEM"":0.019047619,""VEA"":0.019047619,""VWO"":0.019047619,""AGG"":0.019047619,""BND"":0.019047619,""SHY"":0.019047619,""IEF"":0.019047619,""TLT"":0.019047619,""TIP"":0.019047619,""LQD"":0.019047619,""HYG"":0.019047619,""GLD"":0.019047619,""SLV"":0.6,""DBC"":0.019047619,""VNQ"":0.019047619,""UUP"":0.019047619,""BIL"":0.019047619}",0,0.9999999999999999,0.5397048489107519,0.0007027406886858749,1.1102230246251565e-16,0,0,1.0,0.5397048489107519,0.0007027406886858914,1,1,1,0,42,df38293b74ccb27e5f19d9da
repeatability_504part,repeatability,repeat_01,llama3.1:8b,P3,,,real_ticker,,2011-11-01,42,10.0,0.6,0.25,2a49006266329657,"You are a CONTRARIAN MEAN-REVERSION policy profile. Use only the provided feature values. Strongly favor the eligible asset with the lowest `_r3m` value, reflecting recent underperformance. Allocate 60.0% of total portfolio weight to that target asset as the language-level policy target. Distribute the remaining weight equally among all other eligible assets. Include every eligible ticker exactly once. Return strictly valid JSON only with a `weights` object whose values are decimals, not percentages.
Hard constraints for the execution layer: long-only weights, weights sum to one, maximum single-asset weight 0.60, and turnover cap 0.25. You propose weights; deterministic projection will enforce final feasibility.

Current Features:
- SPY_r1m: 0.10979675
- SPY_r3m: -0.02804838
- SPY_r12m: 0.04147860
- SPY_vol3m: 0.36458587
- SPY_mdd: -0.09668597
- QQQ_r1m: 0.10363714
- QQQ_r3m: -0.00467032
- QQQ_r12m: 0.07737668
- QQQ_vol3m: 0.35524372
- QQQ_mdd: -0.05174151
- IWM_r1m: 0.17051980
- IWM_r3m: -0.07239432
- IWM_r12m: 0.01527215
- IWM_vol3m: 0.50594415
- IWM_mdd: -0.16793357
- DIA_r1m: 0.09596693
- DIA_r3m: -0.01323298
- DIA_r12m: 0.06905861
- DIA_vol3m: 0.32896344
- DIA_mdd: -0.07899015
- EFA_r1m: 0.09071359
- EFA_r3m: -0.10621813
- EFA_r12m: -0.09572579
- EFA_vol3m: 0.45579183
- EFA_mdd: -0.19013681
- EEM_r1m: 0.15890576
- EEM_r3m: -0.12406493
- EEM_r12m: -0.14096475
- EEM_vol3m: 0.49073124
- EEM_mdd: -0.19884040
- VEA_r1m: 0.08889620
- VEA_r3m: -0.11145110
- VEA_r12m: -0.09841911
- VEA_vol3m: 0.45691326
- VEA_mdd: -0.19328834
- VWO_r1m: 0.15369267
- VWO_r3m: -0.12966155
- VWO_r12m: -0.13780868
- VWO_vol3m: 0.47672691
- VWO_mdd: -0.19917188
- AGG_r1m: 0.00197956
- AGG_r3m: 0.02138165
- AGG_r12m: 0.05365894
- AGG_vol3m: 0.05401121
- AGG_mdd: -0.00019193
- BND_r1m: 0.00287609
- BND_r3m: 0.02374117
- BND_r12m: 0.05528798
- BND_vol3m: 0.05482070
- BND_mdd: 0.00000000
- SHY_r1m: 0.00021379
- SHY_r3m: 0.00202385
- SHY_r12m: 0.00993948
- SHY_vol3m: 0.00683057
- SHY_mdd: -0.00121571
- IEF_r1m: -0.01018997
- IEF_r3m: 0.05438799
- IEF_r12m: 0.09007691
- IEF_vol3m: 0.11224347
- IEF_mdd: -0.01360442
- TLT_r1m: -0.03271919
- TLT_r3m: 0.18365944
- TLT_r12m: 0.23191169
- TLT_vol3m: 0.31316442
- TLT_mdd: -0.03271919
- TIP_r1m: 0.02311898
- TIP_r3m: 0.03654125
- TIP_r12m: 0.09974184
- TIP_vol3m: 0.10593659
- TIP_mdd: 0.00000000
- LQD_r1m: 0.02831421
- LQD_r3m: 0.02607916
- LQD_r12m: 0.06993632
- LQD_vol3m: 0.08806179
- LQD_mdd: 0.00000000
- HYG_r1m: 0.07855700
- HYG_r3m: -0.00784048
- HYG_r12m: 0.03990031
- HYG_vol3m: 0.20581203
- HYG_mdd: -0.02990737
- GLD_r1m: 0.03988567
- GLD_r3m: 0.03647284
- GLD_r12m: 0.26334061
- GLD_vol3m: 0.30118397
- GLD_mdd: -0.09323361
- SLV_r1m: 0.09630390
- SLV_r3m: -0.20271264
- SLV_r12m: 0.32990549
- SLV_vol3m: 0.57404358
- SLV_mdd: -0.31591191
- DBC_r1m: 0.06908670
- DBC_r3m: -0.08179686
- DBC_r12m: 0.07117715
- DBC_vol3m: 0.23667164
- DBC_mdd: -0.14191728
- VNQ_r1m: 0.16092418
- VNQ_r3m: -0.01565462
- VNQ_r12m: 0.05324871
- VNQ_vol3m: 0.46952002
- VNQ_mdd: -0.10072173
- UUP_r1m: -0.03154151
- UUP_r3m: 0.03464652
- UUP_r12m: -0.02022475
- UUP_vol3m: 0.11121946
- UUP_mdd: -0.15602015
- BIL_r1m: -0.00000000
- BIL_r3m: -0.00021861
- BIL_r12m: 0.00021818
- BIL_vol3m: 0.00307964
- BIL_mdd: -0.00043639
- cross_vol: 0.27597725

Assets: SPY, QQQ, IWM, DIA, EFA, EEM, VEA, VWO, AGG, BND, SHY, IEF, TLT, TIP, LQD, HYG, GLD, SLV, DBC, VNQ, UUP, BIL","{
  ""weights"": {
    ""SPY"": 0.6,
    ""QQQ"": 0.2,
    ""IWM"": 0.1,
    ""DIA"": 0.05,
    ""EFA"": 0.025,
    ""EEM"": 0.025,
    ""VEA"": 0.025,
    ""VWO"": 0.025,
    ""AGG"": 0.0125,
    ""BND"": 0.0125,
    ""SHY"": 0.00625,
    ""IEF"": 0.00625,
    ""TLT"": 0.00625,
    ""TIP"": 0.003125,
    ""LQD"": 0.003125,
    ""HYG"": 0.003125,
    ""GLD"": 0.0015625,
    ""SLV"": 0.0015625,
    ""DBC"": 0.0015625,
    ""VNQ"": 0.0015625,
    ""UUP"": 0.0015625,
    ""BIL"": 0.00078125
  }
}",1,0,0,10.646825167001225,452,1,0,0,0,249,10.398209,1761,stop,[],0,0,0,0,SLV,SPY,SPY,0,0,0.6666666666666666,1.5842050664257268,0.8148957927952637,3.5388358909926865e-16,7.813961720417601e-17,1.346387274004983,0,"{""SPY"":0.5397048489,""QQQ"":0.1799016163,""IWM"":0.0899508082,""DIA"":0.0449754041,""EFA"":0.022487702,""EEM"":0.022487702,""VEA"":0.022487702,""VWO"":0.022487702,""AGG"":0.011243851,""BND"":0.011243851,""SHY"":0.0056219255,""IEF"":0.0056219255,""TLT"":0.0056219255,""TIP"":0.0028109628,""LQD"":0.0028109628,""HYG"":0.0028109628,""GLD"":0.0014054814,""SLV"":0.0014054814,""DBC"":0.0014054814,""VNQ"":0.0014054814,""UUP"":0.0014054814,""BIL"":0.0007027407}","{""SPY"":0.5397048489,""QQQ"":0.1799016163,""IWM"":0.0899508082,""DIA"":0.0449754041,""EFA"":0.022487702,""EEM"":0.022487702,""VEA"":0.022487702,""VWO"":0.022487702,""AGG"":0.011243851,""BND"":0.011243851,""SHY"":0.0056219255,""IEF"":0.0056219255,""TLT"":0.0056219255,""TIP"":0.0028109628,""LQD"":0.0028109628,""HYG"":0.0028109628,""GLD"":0.0014054814,""SLV"":0.0014054814,""DBC"":0.0014054814,""VNQ"":0.0014054814,""UUP"":0.0014054814,""BIL"":0.0007027407}","{""SPY"":0.019047619,""QQQ"":0.019047619,""IWM"":0.019047619,""DIA"":0.019047619,""EFA"":0.019047619,""EEM"":0.019047619,""VEA"":0.019047619,""VWO"":0.019047619,""AGG"":0.019047619,""BND"":0.019047619,""SHY"":0.019047619,""IEF"":0.019047619,""TLT"":0.019047619,""TIP"":0.019047619,""LQD"":0.019047619,""HYG"":0.019047619,""GLD"":0.019047619,""SLV"":0.6,""DBC"":0.019047619,""VNQ"":0.019047619,""UUP"":0.019047619,""BIL"":0.019047619}",0,0.9999999999999999,0.5397048489107519,0.0007027406886858749,1.1102230246251565e-16,0,0,1.0,0.5397048489107519,0.0007027406886858914,1,1,1,1,43,4a32d2c25c256b440bba32b3
repeatability_504part,repeatability,repeat_02,llama3.1:8b,P3,,,real_ticker,,2011-11-01,42,10.0,0.6,0.25,2a49006266329657,"You are a CONTRARIAN MEAN-REVERSION policy profile. Use only the provided feature values. Strongly favor the eligible asset with the lowest `_r3m` value, reflecting recent underperformance. Allocate 60.0% of total portfolio weight to that target asset as the language-level policy target. Distribute the remaining weight equally among all other eligible assets. Include every eligible ticker exactly once. Return strictly valid JSON only with a `weights` object whose values are decimals, not percentages.
Hard constraints for the execution layer: long-only weights, weights sum to one, maximum single-asset weight 0.60, and turnover cap 0.25. You propose weights; deterministic projection will enforce final feasibility.

Current Features:
- SPY_r1m: 0.10979675
- SPY_r3m: -0.02804838
- SPY_r12m: 0.04147860
- SPY_vol3m: 0.36458587
- SPY_mdd: -0.09668597
- QQQ_r1m: 0.10363714
- QQQ_r3m: -0.00467032
- QQQ_r12m: 0.07737668
- QQQ_vol3m: 0.35524372
- QQQ_mdd: -0.05174151
- IWM_r1m: 0.17051980
- IWM_r3m: -0.07239432
- IWM_r12m: 0.01527215
- IWM_vol3m: 0.50594415
- IWM_mdd: -0.16793357
- DIA_r1m: 0.09596693
- DIA_r3m: -0.01323298
- DIA_r12m: 0.06905861
- DIA_vol3m: 0.32896344
- DIA_mdd: -0.07899015
- EFA_r1m: 0.09071359
- EFA_r3m: -0.10621813
- EFA_r12m: -0.09572579
- EFA_vol3m: 0.45579183
- EFA_mdd: -0.19013681
- EEM_r1m: 0.15890576
- EEM_r3m: -0.12406493
- EEM_r12m: -0.14096475
- EEM_vol3m: 0.49073124
- EEM_mdd: -0.19884040
- VEA_r1m: 0.08889620
- VEA_r3m: -0.11145110
- VEA_r12m: -0.09841911
- VEA_vol3m: 0.45691326
- VEA_mdd: -0.19328834
- VWO_r1m: 0.15369267
- VWO_r3m: -0.12966155
- VWO_r12m: -0.13780868
- VWO_vol3m: 0.47672691
- VWO_mdd: -0.19917188
- AGG_r1m: 0.00197956
- AGG_r3m: 0.02138165
- AGG_r12m: 0.05365894
- AGG_vol3m: 0.05401121
- AGG_mdd: -0.00019193
- BND_r1m: 0.00287609
- BND_r3m: 0.02374117
- BND_r12m: 0.05528798
- BND_vol3m: 0.05482070
- BND_mdd: 0.00000000
- SHY_r1m: 0.00021379
- SHY_r3m: 0.00202385
- SHY_r12m: 0.00993948
- SHY_vol3m: 0.00683057
- SHY_mdd: -0.00121571
- IEF_r1m: -0.01018997
- IEF_r3m: 0.05438799
- IEF_r12m: 0.09007691
- IEF_vol3m: 0.11224347
- IEF_mdd: -0.01360442
- TLT_r1m: -0.03271919
- TLT_r3m: 0.18365944
- TLT_r12m: 0.23191169
- TLT_vol3m: 0.31316442
- TLT_mdd: -0.03271919
- TIP_r1m: 0.02311898
- TIP_r3m: 0.03654125
- TIP_r12m: 0.09974184
- TIP_vol3m: 0.10593659
- TIP_mdd: 0.00000000
- LQD_r1m: 0.02831421
- LQD_r3m: 0.02607916
- LQD_r12m: 0.06993632
- LQD_vol3m: 0.08806179
- LQD_mdd: 0.00000000
- HYG_r1m: 0.07855700
- HYG_r3m: -0.00784048
- HYG_r12m: 0.03990031
- HYG_vol3m: 0.20581203
- HYG_mdd: -0.02990737
- GLD_r1m: 0.03988567
- GLD_r3m: 0.03647284
- GLD_r12m: 0.26334061
- GLD_vol3m: 0.30118397
- GLD_mdd: -0.09323361
- SLV_r1m: 0.09630390
- SLV_r3m: -0.20271264
- SLV_r12m: 0.32990549
- SLV_vol3m: 0.57404358
- SLV_mdd: -0.31591191
- DBC_r1m: 0.06908670
- DBC_r3m: -0.08179686
- DBC_r12m: 0.07117715
- DBC_vol3m: 0.23667164
- DBC_mdd: -0.14191728
- VNQ_r1m: 0.16092418
- VNQ_r3m: -0.01565462
- VNQ_r12m: 0.05324871
- VNQ_vol3m: 0.46952002
- VNQ_mdd: -0.10072173
- UUP_r1m: -0.03154151
- UUP_r3m: 0.03464652
- UUP_r12m: -0.02022475
- UUP_vol3m: 0.11121946
- UUP_mdd: -0.15602015
- BIL_r1m: -0.00000000
- BIL_r3m: -0.00021861
- BIL_r12m: 0.00021818
- BIL_vol3m: 0.00307964
- BIL_mdd: -0.00043639
- cross_vol: 0.27597725

Assets: SPY, QQQ, IWM, DIA, EFA, EEM, VEA, VWO, AGG, BND, SHY, IEF, TLT, TIP, LQD, HYG, GLD, SLV, DBC, VNQ, UUP, BIL","{
  ""weights"": {
    ""SPY"": 0.6,
    ""QQQ"": 0.2,
    ""IWM"": 0.1,
    ""DIA"": 0.05,
    ""EFA"": 0.025,
    ""EEM"": 0.025,
    ""VEA"": 0.025,
    ""VWO"": 0.025,
    ""AGG"": 0.0125,
    ""BND"": 0.0125,
    ""SHY"": 0.00625,
    ""IEF"": 0.00625,
    ""TLT"": 0.00625,
    ""TIP"": 0.003125,
    ""LQD"": 0.003125,
    ""HYG"": 0.003125,
    ""GLD"": 0.0015625,
    ""SLV"": 0.0015625,
    ""DBC"": 0.0015625,
    ""VNQ"": 0.0015625,
    ""UUP"": 0.0015625,
    ""BIL"": 0.00078125
  }
}",1,0,0,10.640508208001847,452,1,0,0,0,249,10.3966,1761,stop,[],0,0,0,0,SLV,SPY,SPY,0,0,0.6666666666666666,1.5842050664257268,0.8148957927952637,3.5388358909926865e-16,7.813961720417601e-17,1.346387274004983,0,"{""SPY"":0.5397048489,""QQQ"":0.1799016163,""IWM"":0.0899508082,""DIA"":0.0449754041,""EFA"":0.022487702,""EEM"":0.022487702,""VEA"":0.022487702,""VWO"":0.022487702,""AGG"":0.011243851,""BND"":0.011243851,""SHY"":0.0056219255,""IEF"":0.0056219255,""TLT"":0.0056219255,""TIP"":0.0028109628,""LQD"":0.0028109628,""HYG"":0.0028109628,""GLD"":0.0014054814,""SLV"":0.0014054814,""DBC"":0.0014054814,""VNQ"":0.0014054814,""UUP"":0.0014054814,""BIL"":0.0007027407}","{""SPY"":0.5397048489,""QQQ"":0.1799016163,""IWM"":0.0899508082,""DIA"":0.0449754041,""EFA"":0.022487702,""EEM"":0.022487702,""VEA"":0.022487702,""VWO"":0.022487702,""AGG"":0.011243851,""BND"":0.011243851,""SHY"":0.0056219255,""IEF"":0.0056219255,""TLT"":0.0056219255,""TIP"":0.0028109628,""LQD"":0.0028109628,""HYG"":0.0028109628,""GLD"":0.0014054814,""SLV"":0.0014054814,""DBC"":0.0014054814,""VNQ"":0.0014054814,""UUP"":0.0014054814,""BIL"":0.0007027407}","{""SPY"":0.019047619,""QQQ"":0.019047619,""IWM"":0.019047619,""DIA"":0.019047619,""EFA"":0.019047619,""EEM"":0.019047619,""VEA"":0.019047619,""VWO"":0.019047619,""AGG"":0.019047619,""BND"":0.019047619,""SHY"":0.019047619,""IEF"":0.019047619,""TLT"":0.019047619,""TIP"":0.019047619,""LQD"":0.019047619,""HYG"":0.019047619,""GLD"":0.019047619,""SLV"":0.6,""DBC"":0.019047619,""VNQ"":0.019047619,""UUP"":0.019047619,""BIL"":0.019047619}",0,0.9999999999999999,0.5397048489107519,0.0007027406886858749,1.1102230246251565e-16,0,0,1.0,0.5397048489107519,0.0007027406886858914,1,1,1,2,44,dc55def30d70818db86e5142
repeatability_504part,repeatability,repeat_03,llama3.1:8b,P3,,,real_ticker,,2011-11-01,42,10.0,0.6,0.25,2a49006266329657,"You are a CONTRARIAN MEAN-REVERSION policy profile. Use only the provided feature values. Strongly favor the eligible asset with the lowest `_r3m` value, reflecting recent underperformance. Allocate 60.0% of total portfolio weight to that target asset as the language-level policy target. Distribute the remaining weight equally among all other eligible assets. Include every eligible ticker exactly once. Return strictly valid JSON only with a `weights` object whose values are decimals, not percentages.
Hard constraints for the execution layer: long-only weights, weights sum to one, maximum single-asset weight 0.60, and turnover cap 0.25. You propose weights; deterministic projection will enforce final feasibility.

Current Features:
- SPY_r1m: 0.10979675
- SPY_r3m: -0.02804838
- SPY_r12m: 0.04147860
- SPY_vol3m: 0.36458587
- SPY_mdd: -0.09668597
- QQQ_r1m: 0.10363714
- QQQ_r3m: -0.00467032
- QQQ_r12m: 0.07737668
- QQQ_vol3m: 0.35524372
- QQQ_mdd: -0.05174151
- IWM_r1m: 0.17051980
- IWM_r3m: -0.07239432
- IWM_r12m: 0.01527215
- IWM_vol3m: 0.50594415
- IWM_mdd: -0.16793357
- DIA_r1m: 0.09596693
- DIA_r3m: -0.01323298
- DIA_r12m: 0.06905861
- DIA_vol3m: 0.32896344
- DIA_mdd: -0.07899015
- EFA_r1m: 0.09071359
- EFA_r3m: -0.10621813
- EFA_r12m: -0.09572579
- EFA_vol3m: 0.45579183
- EFA_mdd: -0.19013681
- EEM_r1m: 0.15890576
- EEM_r3m: -0.12406493
- EEM_r12m: -0.14096475
- EEM_vol3m: 0.49073124
- EEM_mdd: -0.19884040
- VEA_r1m: 0.08889620
- VEA_r3m: -0.11145110
- VEA_r12m: -0.09841911
- VEA_vol3m: 0.45691326
- VEA_mdd: -0.19328834
- VWO_r1m: 0.15369267
- VWO_r3m: -0.12966155
- VWO_r12m: -0.13780868
- VWO_vol3m: 0.47672691
- VWO_mdd: -0.19917188
- AGG_r1m: 0.00197956
- AGG_r3m: 0.02138165
- AGG_r12m: 0.05365894
- AGG_vol3m: 0.05401121
- AGG_mdd: -0.00019193
- BND_r1m: 0.00287609
- BND_r3m: 0.02374117
- BND_r12m: 0.05528798
- BND_vol3m: 0.05482070
- BND_mdd: 0.00000000
- SHY_r1m: 0.00021379
- SHY_r3m: 0.00202385
- SHY_r12m: 0.00993948
- SHY_vol3m: 0.00683057
- SHY_mdd: -0.00121571
- IEF_r1m: -0.01018997
- IEF_r3m: 0.05438799
- IEF_r12m: 0.09007691
- IEF_vol3m: 0.11224347
- IEF_mdd: -0.01360442
- TLT_r1m: -0.03271919
- TLT_r3m: 0.18365944
- TLT_r12m: 0.23191169
- TLT_vol3m: 0.31316442
- TLT_mdd: -0.03271919
- TIP_r1m: 0.02311898
- TIP_r3m: 0.03654125
- TIP_r12m: 0.09974184
- TIP_vol3m: 0.10593659
- TIP_mdd: 0.00000000
- LQD_r1m: 0.02831421
- LQD_r3m: 0.02607916
- LQD_r12m: 0.06993632
- LQD_vol3m: 0.08806179
- LQD_mdd: 0.00000000
- HYG_r1m: 0.07855700
- HYG_r3m: -0.00784048
- HYG_r12m: 0.03990031
- HYG_vol3m: 0.20581203
- HYG_mdd: -0.02990737
- GLD_r1m: 0.03988567
- GLD_r3m: 0.03647284
- GLD_r12m: 0.26334061
- GLD_vol3m: 0.30118397
- GLD_mdd: -0.09323361
- SLV_r1m: 0.09630390
- SLV_r3m: -0.20271264
- SLV_r12m: 0.32990549
- SLV_vol3m: 0.57404358
- SLV_mdd: -0.31591191
- DBC_r1m: 0.06908670
- DBC_r3m: -0.08179686
- DBC_r12m: 0.07117715
- DBC_vol3m: 0.23667164
- DBC_mdd: -0.14191728
- VNQ_r1m: 0.16092418
- VNQ_r3m: -0.01565462
- VNQ_r12m: 0.05324871
- VNQ_vol3m: 0.46952002
- VNQ_mdd: -0.10072173
- UUP_r1m: -0.03154151
- UUP_r3m: 0.03464652
- UUP_r12m: -0.02022475
- UUP_vol3m: 0.11121946
- UUP_mdd: -0.15602015
- BIL_r1m: -0.00000000
- BIL_r3m: -0.00021861
- BIL_r12m: 0.00021818
- BIL_vol3m: 0.00307964
- BIL_mdd: -0.00043639
- cross_vol: 0.27597725

Assets: SPY, QQQ, IWM, DIA, EFA, EEM, VEA, VWO, AGG, BND, SHY, IEF, TLT, TIP, LQD, HYG, GLD, SLV, DBC, VNQ, UUP, BIL","{
  ""weights"": {
    ""SPY"": 0.6,
    ""QQQ"": 0.2,
    ""IWM"": 0.1,
    ""DIA"": 0.05,
    ""EFA"": 0.025,
    ""EEM"": 0.025,
    ""VEA"": 0.025,
    ""VWO"": 0.025,
    ""AGG"": 0.0125,
    ""BND"": 0.0125,
    ""SHY"": 0.00625,
    ""IEF"": 0.00625,
    ""TLT"": 0.00625,
    ""TIP"": 0.003125,
    ""LQD"": 0.003125,
    ""HYG"": 0.003125,
    ""GLD"": 0.0015625,
    ""SLV"": 0.0015625,
    ""DBC"": 0.0015625,
    ""VNQ"": 0.0015625,
    ""UUP"": 0.0015625,
    ""BIL"": 0.00078125
  }
}",1,0,0,10.615105916993343,452,1,0,0,0,249,10.393728,1761,stop,[],0,0,0,0,SLV,SPY,SPY,0,0,0.6666666666666666,1.5842050664257268,0.8148957927952637,3.5388358909926865e-16,7.813961720417601e-17,1.346387274004983,0,"{""SPY"":0.5397048489,""QQQ"":0.1799016163,""IWM"":0.0899508082,""DIA"":0.0449754041,""EFA"":0.022487702,""EEM"":0.022487702,""VEA"":0.022487702,""VWO"":0.022487702,""AGG"":0.011243851,""BND"":0.011243851,""SHY"":0.0056219255,""IEF"":0.0056219255,""TLT"":0.0056219255,""TIP"":0.0028109628,""LQD"":0.0028109628,""HYG"":0.0028109628,""GLD"":0.0014054814,""SLV"":0.0014054814,""DBC"":0.0014054814,""VNQ"":0.0014054814,""UUP"":0.0014054814,""BIL"":0.0007027407}","{""SPY"":0.5397048489,""QQQ"":0.1799016163,""IWM"":0.0899508082,""DIA"":0.0449754041,""EFA"":0.022487702,""EEM"":0.022487702,""VEA"":0.022487702,""VWO"":0.022487702,""AGG"":0.011243851,""BND"":0.011243851,""SHY"":0.0056219255,""IEF"":0.0056219255,""TLT"":0.0056219255,""TIP"":0.0028109628,""LQD"":0.0028109628,""HYG"":0.0028109628,""GLD"":0.0014054814,""SLV"":0.0014054814,""DBC"":0.0014054814,""VNQ"":0.0014054814,""UUP"":0.0014054814,""BIL"":0.0007027407}","{""SPY"":0.019047619,""QQQ"":0.019047619,""IWM"":0.019047619,""DIA"":0.019047619,""EFA"":0.019047619,""EEM"":0.019047619,""VEA"":0.019047619,""VWO"":0.019047619,""AGG"":0.019047619,""BND"":0.019047619,""SHY"":0.019047619,""IEF"":0.019047619,""TLT"":0.019047619,""TIP"":0.019047619,""LQD"":0.019047619,""HYG"":0.019047619,""GLD"":0.019047619,""SLV"":0.6,""DBC"":0.019047619,""VNQ"":0.019047619,""UUP"":0.019047619,""BIL"":0.019047619}",0,0.9999999999999999,0.5397048489107519,0.0007027406886858749,1.1102230246251565e-16,0,0,1.0,0.5397048489107519,0.0007027406886858914,1,1,1,3,45,c18f9acc79c6971e7e60498e
repeatability_504part,repeatability,repeat_00,llama3.1:8b,P4,,,real_ticker,,2011-11-01,42,10.0,0.6,0.25,b9de0a4096f5d37a,"You are an EQUAL-WEIGHT CONTROL policy profile. Ignore all feature data. Allocate the total portfolio weight equally among all eligible assets. Include every eligible ticker exactly once. Return strictly valid JSON only with a `weights` object whose values are decimals, not percentages.
Hard constraints for the execution layer: long-only weights, weights sum to one, maximum single-asset weight 0.60, and turnover cap 0.25. You propose weights; deterministic projection will enforce final feasibility.

Current Features:
- SPY_r1m: 0.10979675
- SPY_r3m: -0.02804838
- SPY_r12m: 0.04147860
- SPY_vol3m: 0.36458587
- SPY_mdd: -0.09668597
- QQQ_r1m: 0.10363714
- QQQ_r3m: -0.00467032
- QQQ_r12m: 0.07737668
- QQQ_vol3m: 0.35524372
- QQQ_mdd: -0.05174151
- IWM_r1m: 0.17051980
- IWM_r3m: -0.07239432
- IWM_r12m: 0.01527215
- IWM_vol3m: 0.50594415
- IWM_mdd: -0.16793357
- DIA_r1m: 0.09596693
- DIA_r3m: -0.01323298
- DIA_r12m: 0.06905861
- DIA_vol3m: 0.32896344
- DIA_mdd: -0.07899015
- EFA_r1m: 0.09071359
- EFA_r3m: -0.10621813
- EFA_r12m: -0.09572579
- EFA_vol3m: 0.45579183
- EFA_mdd: -0.19013681
- EEM_r1m: 0.15890576
- EEM_r3m: -0.12406493
- EEM_r12m: -0.14096475
- EEM_vol3m: 0.49073124
- EEM_mdd: -0.19884040
- VEA_r1m: 0.08889620
- VEA_r3m: -0.11145110
- VEA_r12m: -0.09841911
- VEA_vol3m: 0.45691326
- VEA_mdd: -0.19328834
- VWO_r1m: 0.15369267
- VWO_r3m: -0.12966155
- VWO_r12m: -0.13780868
- VWO_vol3m: 0.47672691
- VWO_mdd: -0.19917188
- AGG_r1m: 0.00197956
- AGG_r3m: 0.02138165
- AGG_r12m: 0.05365894
- AGG_vol3m: 0.05401121
- AGG_mdd: -0.00019193
- BND_r1m: 0.00287609
- BND_r3m: 0.02374117
- BND_r12m: 0.05528798
- BND_vol3m: 0.05482070
- BND_mdd: 0.00000000
- SHY_r1m: 0.00021379
- SHY_r3m: 0.00202385
- SHY_r12m: 0.00993948
- SHY_vol3m: 0.00683057
- SHY_mdd: -0.00121571
- IEF_r1m: -0.01018997
- IEF_r3m: 0.05438799
- IEF_r12m: 0.09007691
- IEF_vol3m: 0.11224347
- IEF_mdd: -0.01360442
- TLT_r1m: -0.03271919
- TLT_r3m: 0.18365944
- TLT_r12m: 0.23191169
- TLT_vol3m: 0.31316442
- TLT_mdd: -0.03271919
- TIP_r1m: 0.02311898
- TIP_r3m: 0.03654125
- TIP_r12m: 0.09974184
- TIP_vol3m: 0.10593659
- TIP_mdd: 0.00000000
- LQD_r1m: 0.02831421
- LQD_r3m: 0.02607916
- LQD_r12m: 0.06993632
- LQD_vol3m: 0.08806179
- LQD_mdd: 0.00000000
- HYG_r1m: 0.07855700
- HYG_r3m: -0.00784048
- HYG_r12m: 0.03990031
- HYG_vol3m: 0.20581203
- HYG_mdd: -0.02990737
- GLD_r1m: 0.03988567
- GLD_r3m: 0.03647284
- GLD_r12m: 0.26334061
- GLD_vol3m: 0.30118397
- GLD_mdd: -0.09323361
- SLV_r1m: 0.09630390
- SLV_r3m: -0.20271264
- SLV_r12m: 0.32990549
- SLV_vol3m: 0.57404358
- SLV_mdd: -0.31591191
- DBC_r1m: 0.06908670
- DBC_r3m: -0.08179686
- DBC_r12m: 0.07117715
- DBC_vol3m: 0.23667164
- DBC_mdd: -0.14191728
- VNQ_r1m: 0.16092418
- VNQ_r3m: -0.01565462
- VNQ_r12m: 0.05324871
- VNQ_vol3m: 0.46952002
- VNQ_mdd: -0.10072173
- UUP_r1m: -0.03154151
- UUP_r3m: 0.03464652
- UUP_r12m: -0.02022475
- UUP_vol3m: 0.11121946
- UUP_mdd: -0.15602015
- BIL_r1m: -0.00000000
- BIL_r3m: -0.00021861
- BIL_r12m: 0.00021818
- BIL_vol3m: 0.00307964
- BIL_mdd: -0.00043639
- cross_vol: 0.27597725

Assets: SPY, QQQ, IWM, DIA, EFA, EEM, VEA, VWO, AGG, BND, SHY, IEF, TLT, TIP, LQD, HYG, GLD, SLV, DBC, VNQ, UUP, BIL","{
  ""weights"": {
    ""SPY"": 0.03571429,
    ""QQQ"": 0.03571429,
    ""IWM"": 0.07142857,
    ""DIA"": 0.03571429,
    ""EFA"": 0.03571429,
    ""EEM"": 0.07857143,
    ""VEA"": 0.03571429,
    ""VWO"": 0.07857143,
    ""AGG"": 0.00095238,
    ""BND"": 0.00190476,
    ""SHY"": 0.00047619,
    ""IEF"": -0.00595238,
    ""TLT"": -0.01285714,
    ""TIP"": 0.00476190,
    ""LQD"": 0.00238095,
    ""HYG"": 0.00952381,
    ""GLD"": 0.00476190,
    ""SLV"": 0.00952381,
    ""DBC"": 0.00380952,
    ""VNQ"": 0.01234568,
    ""UUP"": -0.00380952,
    ""BIL"": 0.00000000
  }
}",1,0,0,18.78288137499476,530,1,0,0,0,273,11.395008,1713,stop,[],0,0,3,0,SPY,SPY,SPY,1,1,1.0,0.0,0.0,3.0531133177191805e-16,6.509259464525837e-17,3.0531133177191805e-16,1,"{""SPY"":0.0454545455,""QQQ"":0.0454545455,""IWM"":0.0454545455,""DIA"":0.0454545455,""EFA"":0.0454545455,""EEM"":0.0454545455,""VEA"":0.0454545455,""VWO"":0.0454545455,""AGG"":0.0454545455,""BND"":0.0454545455,""SHY"":0.0454545455,""IEF"":0.0454545455,""TLT"":0.0454545455,""TIP"":0.0454545455,""LQD"":0.0454545455,""HYG"":0.0454545455,""GLD"":0.0454545455,""SLV"":0.0454545455,""DBC"":0.0454545455,""VNQ"":0.0454545455,""UUP"":0.0454545455,""BIL"":0.0454545455}","{""SPY"":0.0454545455,""QQQ"":0.0454545455,""IWM"":0.0454545455,""DIA"":0.0454545455,""EFA"":0.0454545455,""EEM"":0.0454545455,""VEA"":0.0454545455,""VWO"":0.0454545455,""AGG"":0.0454545455,""BND"":0.0454545455,""SHY"":0.0454545455,""IEF"":0.0454545455,""TLT"":0.0454545455,""TIP"":0.0454545455,""LQD"":0.0454545455,""HYG"":0.0454545455,""GLD"":0.0454545455,""SLV"":0.0454545455,""DBC"":0.0454545455,""VNQ"":0.0454545455,""UUP"":0.0454545455,""BIL"":0.0454545455}","{""SPY"":0.0454545455,""QQQ"":0.0454545455,""IWM"":0.0454545455,""DIA"":0.0454545455,""EFA"":0.0454545455,""EEM"":0.0454545455,""VEA"":0.0454545455,""VWO"":0.0454545455,""AGG"":0.0454545455,""BND"":0.0454545455,""SHY"":0.0454545455,""IEF"":0.0454545455,""TLT"":0.0454545455,""TIP"":0.0454545455,""LQD"":0.0454545455,""HYG"":0.0454545455,""GLD"":0.0454545455,""SLV"":0.0454545455,""DBC"":0.0454545455,""VNQ"":0.0454545455,""UUP"":0.0454545455,""BIL"":0.0454545455}",0,0.9999999999999998,0.045454545454545456,0.045454545454545456,2.220446049250313e-16,0,0,1.0,0.04545454545454547,0.04545454545454547,1,1,1,0,42,4b35397295031892db68b280
repeatability_504part,repeatability,repeat_01,llama3.1:8b,P4,,,real_ticker,,2011-11-01,42,10.0,0.6,0.25,b9de0a4096f5d37a,"You are an EQUAL-WEIGHT CONTROL policy profile. Ignore all feature data. Allocate the total portfolio weight equally among all eligible assets. Include every eligible ticker exactly once. Return strictly valid JSON only with a `weights` object whose values are decimals, not percentages.
Hard constraints for the execution layer: long-only weights, weights sum to one, maximum single-asset weight 0.60, and turnover cap 0.25. You propose weights; deterministic projection will enforce final feasibility.

Current Features:
- SPY_r1m: 0.10979675
- SPY_r3m: -0.02804838
- SPY_r12m: 0.04147860
- SPY_vol3m: 0.36458587
- SPY_mdd: -0.09668597
- QQQ_r1m: 0.10363714
- QQQ_r3m: -0.00467032
- QQQ_r12m: 0.07737668
- QQQ_vol3m: 0.35524372
- QQQ_mdd: -0.05174151
- IWM_r1m: 0.17051980
- IWM_r3m: -0.07239432
- IWM_r12m: 0.01527215
- IWM_vol3m: 0.50594415
- IWM_mdd: -0.16793357
- DIA_r1m: 0.09596693
- DIA_r3m: -0.01323298
- DIA_r12m: 0.06905861
- DIA_vol3m: 0.32896344
- DIA_mdd: -0.07899015
- EFA_r1m: 0.09071359
- EFA_r3m: -0.10621813
- EFA_r12m: -0.09572579
- EFA_vol3m: 0.45579183
- EFA_mdd: -0.19013681
- EEM_r1m: 0.15890576
- EEM_r3m: -0.12406493
- EEM_r12m: -0.14096475
- EEM_vol3m: 0.49073124
- EEM_mdd: -0.19884040
- VEA_r1m: 0.08889620
- VEA_r3m: -0.11145110
- VEA_r12m: -0.09841911
- VEA_vol3m: 0.45691326
- VEA_mdd: -0.19328834
- VWO_r1m: 0.15369267
- VWO_r3m: -0.12966155
- VWO_r12m: -0.13780868
- VWO_vol3m: 0.47672691
- VWO_mdd: -0.19917188
- AGG_r1m: 0.00197956
- AGG_r3m: 0.02138165
- AGG_r12m: 0.05365894
- AGG_vol3m: 0.05401121
- AGG_mdd: -0.00019193
- BND_r1m: 0.00287609
- BND_r3m: 0.02374117
- BND_r12m: 0.05528798
- BND_vol3m: 0.05482070
- BND_mdd: 0.00000000
- SHY_r1m: 0.00021379
- SHY_r3m: 0.00202385
- SHY_r12m: 0.00993948
- SHY_vol3m: 0.00683057
- SHY_mdd: -0.00121571
- IEF_r1m: -0.01018997
- IEF_r3m: 0.05438799
- IEF_r12m: 0.09007691
- IEF_vol3m: 0.11224347
- IEF_mdd: -0.01360442
- TLT_r1m: -0.03271919
- TLT_r3m: 0.18365944
- TLT_r12m: 0.23191169
- TLT_vol3m: 0.31316442
- TLT_mdd: -0.03271919
- TIP_r1m: 0.02311898
- TIP_r3m: 0.03654125
- TIP_r12m: 0.09974184
- TIP_vol3m: 0.10593659
- TIP_mdd: 0.00000000
- LQD_r1m: 0.02831421
- LQD_r3m: 0.02607916
- LQD_r12m: 0.06993632
- LQD_vol3m: 0.08806179
- LQD_mdd: 0.00000000
- HYG_r1m: 0.07855700
- HYG_r3m: -0.00784048
- HYG_r12m: 0.03990031
- HYG_vol3m: 0.20581203
- HYG_mdd: -0.02990737
- GLD_r1m: 0.03988567
- GLD_r3m: 0.03647284
- GLD_r12m: 0.26334061
- GLD_vol3m: 0.30118397
- GLD_mdd: -0.09323361
- SLV_r1m: 0.09630390
- SLV_r3m: -0.20271264
- SLV_r12m: 0.32990549
- SLV_vol3m: 0.57404358
- SLV_mdd: -0.31591191
- DBC_r1m: 0.06908670
- DBC_r3m: -0.08179686
- DBC_r12m: 0.07117715
- DBC_vol3m: 0.23667164
- DBC_mdd: -0.14191728
- VNQ_r1m: 0.16092418
- VNQ_r3m: -0.01565462
- VNQ_r12m: 0.05324871
- VNQ_vol3m: 0.46952002
- VNQ_mdd: -0.10072173
- UUP_r1m: -0.03154151
- UUP_r3m: 0.03464652
- UUP_r12m: -0.02022475
- UUP_vol3m: 0.11121946
- UUP_mdd: -0.15602015
- BIL_r1m: -0.00000000
- BIL_r3m: -0.00021861
- BIL_r12m: 0.00021818
- BIL_vol3m: 0.00307964
- BIL_mdd: -0.00043639
- cross_vol: 0.27597725

Assets: SPY, QQQ, IWM, DIA, EFA, EEM, VEA, VWO, AGG, BND, SHY, IEF, TLT, TIP, LQD, HYG, GLD, SLV, DBC, VNQ, UUP, BIL","{
  ""weights"": {
    ""SPY"": 0.03571429,
    ""QQQ"": 0.03571429,
    ""IWM"": 0.07142857,
    ""DIA"": 0.03571429,
    ""EFA"": 0.03571429,
    ""EEM"": 0.07857143,
    ""VEA"": 0.03571429,
    ""VWO"": 0.07857143,
    ""AGG"": 0.00095238,
    ""BND"": 0.00190476,
    ""SHY"": 0.00047619,
    ""IEF"": -0.00595238,
    ""TLT"": -0.01285714,
    ""TIP"": 0.00476190,
    ""LQD"": 0.00238095,
    ""HYG"": 0.00952381,
    ""GLD"": 0.00476190,
    ""SLV"": 0.00952381,
    ""DBC"": 0.00380952,
    ""VNQ"": 0.01234568,
    ""UUP"": -0.00380952,
    ""BIL"": 0.00000000
  }
}",1,0,0,11.614158750002389,530,1,0,0,0,273,11.402087,1713,stop,[],0,0,3,0,SPY,SPY,SPY,1,1,1.0,0.0,0.0,3.0531133177191805e-16,6.509259464525837e-17,3.0531133177191805e-16,1,"{""SPY"":0.0454545455,""QQQ"":0.0454545455,""IWM"":0.0454545455,""DIA"":0.0454545455,""EFA"":0.0454545455,""EEM"":0.0454545455,""VEA"":0.0454545455,""VWO"":0.0454545455,""AGG"":0.0454545455,""BND"":0.0454545455,""SHY"":0.0454545455,""IEF"":0.0454545455,""TLT"":0.0454545455,""TIP"":0.0454545455,""LQD"":0.0454545455,""HYG"":0.0454545455,""GLD"":0.0454545455,""SLV"":0.0454545455,""DBC"":0.0454545455,""VNQ"":0.0454545455,""UUP"":0.0454545455,""BIL"":0.0454545455}","{""SPY"":0.0454545455,""QQQ"":0.0454545455,""IWM"":0.0454545455,""DIA"":0.0454545455,""EFA"":0.0454545455,""EEM"":0.0454545455,""VEA"":0.0454545455,""VWO"":0.0454545455,""AGG"":0.0454545455,""BND"":0.0454545455,""SHY"":0.0454545455,""IEF"":0.0454545455,""TLT"":0.0454545455,""TIP"":0.0454545455,""LQD"":0.0454545455,""HYG"":0.0454545455,""GLD"":0.0454545455,""SLV"":0.0454545455,""DBC"":0.0454545455,""VNQ"":0.0454545455,""UUP"":0.0454545455,""BIL"":0.0454545455}","{""SPY"":0.0454545455,""QQQ"":0.0454545455,""IWM"":0.0454545455,""DIA"":0.0454545455,""EFA"":0.0454545455,""EEM"":0.0454545455,""VEA"":0.0454545455,""VWO"":0.0454545455,""AGG"":0.0454545455,""BND"":0.0454545455,""SHY"":0.0454545455,""IEF"":0.0454545455,""TLT"":0.0454545455,""TIP"":0.0454545455,""LQD"":0.0454545455,""HYG"":0.0454545455,""GLD"":0.0454545455,""SLV"":0.0454545455,""DBC"":0.0454545455,""VNQ"":0.0454545455,""UUP"":0.0454545455,""BIL"":0.0454545455}",0,0.9999999999999998,0.045454545454545456,0.045454545454545456,2.220446049250313e-16,0,0,1.0,0.04545454545454547,0.04545454545454547,1,1,1,1,43,58c94292dd211a5926e0a340
repeatability_504part,repeatability,repeat_02,llama3.1:8b,P4,,,real_ticker,,2011-11-01,42,10.0,0.6,0.25,b9de0a4096f5d37a,"You are an EQUAL-WEIGHT CONTROL policy profile. Ignore all feature data. Allocate the total portfolio weight equally among all eligible assets. Include every eligible ticker exactly once. Return strictly valid JSON only with a `weights` object whose values are decimals, not percentages.
Hard constraints for the execution layer: long-only weights, weights sum to one, maximum single-asset weight 0.60, and turnover cap 0.25. You propose weights; deterministic projection will enforce final feasibility.

Current Features:
- SPY_r1m: 0.10979675
- SPY_r3m: -0.02804838
- SPY_r12m: 0.04147860
- SPY_vol3m: 0.36458587
- SPY_mdd: -0.09668597
- QQQ_r1m: 0.10363714
- QQQ_r3m: -0.00467032
- QQQ_r12m: 0.07737668
- QQQ_vol3m: 0.35524372
- QQQ_mdd: -0.05174151
- IWM_r1m: 0.17051980
- IWM_r3m: -0.07239432
- IWM_r12m: 0.01527215
- IWM_vol3m: 0.50594415
- IWM_mdd: -0.16793357
- DIA_r1m: 0.09596693
- DIA_r3m: -0.01323298
- DIA_r12m: 0.06905861
- DIA_vol3m: 0.32896344
- DIA_mdd: -0.07899015
- EFA_r1m: 0.09071359
- EFA_r3m: -0.10621813
- EFA_r12m: -0.09572579
- EFA_vol3m: 0.45579183
- EFA_mdd: -0.19013681
- EEM_r1m: 0.15890576
- EEM_r3m: -0.12406493
- EEM_r12m: -0.14096475
- EEM_vol3m: 0.49073124
- EEM_mdd: -0.19884040
- VEA_r1m: 0.08889620
- VEA_r3m: -0.11145110
- VEA_r12m: -0.09841911
- VEA_vol3m: 0.45691326
- VEA_mdd: -0.19328834
- VWO_r1m: 0.15369267
- VWO_r3m: -0.12966155
- VWO_r12m: -0.13780868
- VWO_vol3m: 0.47672691
- VWO_mdd: -0.19917188
- AGG_r1m: 0.00197956
- AGG_r3m: 0.02138165
- AGG_r12m: 0.05365894
- AGG_vol3m: 0.05401121
- AGG_mdd: -0.00019193
- BND_r1m: 0.00287609
- BND_r3m: 0.02374117
- BND_r12m: 0.05528798
- BND_vol3m: 0.05482070
- BND_mdd: 0.00000000
- SHY_r1m: 0.00021379
- SHY_r3m: 0.00202385
- SHY_r12m: 0.00993948
- SHY_vol3m: 0.00683057
- SHY_mdd: -0.00121571
- IEF_r1m: -0.01018997
- IEF_r3m: 0.05438799
- IEF_r12m: 0.09007691
- IEF_vol3m: 0.11224347
- IEF_mdd: -0.01360442
- TLT_r1m: -0.03271919
- TLT_r3m: 0.18365944
- TLT_r12m: 0.23191169
- TLT_vol3m: 0.31316442
- TLT_mdd: -0.03271919
- TIP_r1m: 0.02311898
- TIP_r3m: 0.03654125
- TIP_r12m: 0.09974184
- TIP_vol3m: 0.10593659
- TIP_mdd: 0.00000000
- LQD_r1m: 0.02831421
- LQD_r3m: 0.02607916
- LQD_r12m: 0.06993632
- LQD_vol3m: 0.08806179
- LQD_mdd: 0.00000000
- HYG_r1m: 0.07855700
- HYG_r3m: -0.00784048
- HYG_r12m: 0.03990031
- HYG_vol3m: 0.20581203
- HYG_mdd: -0.02990737
- GLD_r1m: 0.03988567
- GLD_r3m: 0.03647284
- GLD_r12m: 0.26334061
- GLD_vol3m: 0.30118397
- GLD_mdd: -0.09323361
- SLV_r1m: 0.09630390
- SLV_r3m: -0.20271264
- SLV_r12m: 0.32990549
- SLV_vol3m: 0.57404358
- SLV_mdd: -0.31591191
- DBC_r1m: 0.06908670
- DBC_r3m: -0.08179686
- DBC_r12m: 0.07117715
- DBC_vol3m: 0.23667164
- DBC_mdd: -0.14191728
- VNQ_r1m: 0.16092418
- VNQ_r3m: -0.01565462
- VNQ_r12m: 0.05324871
- VNQ_vol3m: 0.46952002
- VNQ_mdd: -0.10072173
- UUP_r1m: -0.03154151
- UUP_r3m: 0.03464652
- UUP_r12m: -0.02022475
- UUP_vol3m: 0.11121946
- UUP_mdd: -0.15602015
- BIL_r1m: -0.00000000
- BIL_r3m: -0.00021861
- BIL_r12m: 0.00021818
- BIL_vol3m: 0.00307964
- BIL_mdd: -0.00043639
- cross_vol: 0.27597725

Assets: SPY, QQQ, IWM, DIA, EFA, EEM, VEA, VWO, AGG, BND, SHY, IEF, TLT, TIP, LQD, HYG, GLD, SLV, DBC, VNQ, UUP, BIL","{
  ""weights"": {
    ""SPY"": 0.03571429,
    ""QQQ"": 0.03571429,
    ""IWM"": 0.07142857,
    ""DIA"": 0.03571429,
    ""EFA"": 0.03571429,
    ""EEM"": 0.07857143,
    ""VEA"": 0.03571429,
    ""VWO"": 0.07857143,
    ""AGG"": 0.00095238,
    ""BND"": 0.00190476,
    ""SHY"": 0.00047619,
    ""IEF"": -0.00595238,
    ""TLT"": -0.01285714,
    ""TIP"": 0.00476190,
    ""LQD"": 0.00238095,
    ""HYG"": 0.00952381,
    ""GLD"": 0.00476190,
    ""SLV"": 0.00952381,
    ""DBC"": 0.00380952,
    ""VNQ"": 0.01234568,
    ""UUP"": -0.00380952,
    ""BIL"": 0.00000000
  }
}",1,0,0,11.645832499998505,530,1,0,0,0,273,11.404829,1713,stop,[],0,0,3,0,SPY,SPY,SPY,1,1,1.0,0.0,0.0,3.0531133177191805e-16,6.509259464525837e-17,3.0531133177191805e-16,1,"{""SPY"":0.0454545455,""QQQ"":0.0454545455,""IWM"":0.0454545455,""DIA"":0.0454545455,""EFA"":0.0454545455,""EEM"":0.0454545455,""VEA"":0.0454545455,""VWO"":0.0454545455,""AGG"":0.0454545455,""BND"":0.0454545455,""SHY"":0.0454545455,""IEF"":0.0454545455,""TLT"":0.0454545455,""TIP"":0.0454545455,""LQD"":0.0454545455,""HYG"":0.0454545455,""GLD"":0.0454545455,""SLV"":0.0454545455,""DBC"":0.0454545455,""VNQ"":0.0454545455,""UUP"":0.0454545455,""BIL"":0.0454545455}","{""SPY"":0.0454545455,""QQQ"":0.0454545455,""IWM"":0.0454545455,""DIA"":0.0454545455,""EFA"":0.0454545455,""EEM"":0.0454545455,""VEA"":0.0454545455,""VWO"":0.0454545455,""AGG"":0.0454545455,""BND"":0.0454545455,""SHY"":0.0454545455,""IEF"":0.0454545455,""TLT"":0.0454545455,""TIP"":0.0454545455,""LQD"":0.0454545455,""HYG"":0.0454545455,""GLD"":0.0454545455,""SLV"":0.0454545455,""DBC"":0.0454545455,""VNQ"":0.0454545455,""UUP"":0.0454545455,""BIL"":0.0454545455}","{""SPY"":0.0454545455,""QQQ"":0.0454545455,""IWM"":0.0454545455,""DIA"":0.0454545455,""EFA"":0.0454545455,""EEM"":0.0454545455,""VEA"":0.0454545455,""VWO"":0.0454545455,""AGG"":0.0454545455,""BND"":0.0454545455,""SHY"":0.0454545455,""IEF"":0.0454545455,""TLT"":0.0454545455,""TIP"":0.0454545455,""LQD"":0.0454545455,""HYG"":0.0454545455,""GLD"":0.0454545455,""SLV"":0.0454545455,""DBC"":0.0454545455,""VNQ"":0.0454545455,""UUP"":0.0454545455,""BIL"":0.0454545455}",0,0.9999999999999998,0.045454545454545456,0.045454545454545456,2.220446049250313e-16,0,0,1.0,0.04545454545454547,0.04545454545454547,1,1,1,2,44,36919ebe896bd3b6050f92d8
repeatability_504part,repeatability,repeat_03,llama3.1:8b,P4,,,real_ticker,,2011-11-01,42,10.0,0.6,0.25,b9de0a4096f5d37a,"You are an EQUAL-WEIGHT CONTROL policy profile. Ignore all feature data. Allocate the total portfolio weight equally among all eligible assets. Include every eligible ticker exactly once. Return strictly valid JSON only with a `weights` object whose values are decimals, not percentages.
Hard constraints for the execution layer: long-only weights, weights sum to one, maximum single-asset weight 0.60, and turnover cap 0.25. You propose weights; deterministic projection will enforce final feasibility.

Current Features:
- SPY_r1m: 0.10979675
- SPY_r3m: -0.02804838
- SPY_r12m: 0.04147860
- SPY_vol3m: 0.36458587
- SPY_mdd: -0.09668597
- QQQ_r1m: 0.10363714
- QQQ_r3m: -0.00467032
- QQQ_r12m: 0.07737668
- QQQ_vol3m: 0.35524372
- QQQ_mdd: -0.05174151
- IWM_r1m: 0.17051980
- IWM_r3m: -0.07239432
- IWM_r12m: 0.01527215
- IWM_vol3m: 0.50594415
- IWM_mdd: -0.16793357
- DIA_r1m: 0.09596693
- DIA_r3m: -0.01323298
- DIA_r12m: 0.06905861
- DIA_vol3m: 0.32896344
- DIA_mdd: -0.07899015
- EFA_r1m: 0.09071359
- EFA_r3m: -0.10621813
- EFA_r12m: -0.09572579
- EFA_vol3m: 0.45579183
- EFA_mdd: -0.19013681
- EEM_r1m: 0.15890576
- EEM_r3m: -0.12406493
- EEM_r12m: -0.14096475
- EEM_vol3m: 0.49073124
- EEM_mdd: -0.19884040
- VEA_r1m: 0.08889620
- VEA_r3m: -0.11145110
- VEA_r12m: -0.09841911
- VEA_vol3m: 0.45691326
- VEA_mdd: -0.19328834
- VWO_r1m: 0.15369267
- VWO_r3m: -0.12966155
- VWO_r12m: -0.13780868
- VWO_vol3m: 0.47672691
- VWO_mdd: -0.19917188
- AGG_r1m: 0.00197956
- AGG_r3m: 0.02138165
- AGG_r12m: 0.05365894
- AGG_vol3m: 0.05401121
- AGG_mdd: -0.00019193
- BND_r1m: 0.00287609
- BND_r3m: 0.02374117
- BND_r12m: 0.05528798
- BND_vol3m: 0.05482070
- BND_mdd: 0.00000000
- SHY_r1m: 0.00021379
- SHY_r3m: 0.00202385
- SHY_r12m: 0.00993948
- SHY_vol3m: 0.00683057
- SHY_mdd: -0.00121571
- IEF_r1m: -0.01018997
- IEF_r3m: 0.05438799
- IEF_r12m: 0.09007691
- IEF_vol3m: 0.11224347
- IEF_mdd: -0.01360442
- TLT_r1m: -0.03271919
- TLT_r3m: 0.18365944
- TLT_r12m: 0.23191169
- TLT_vol3m: 0.31316442
- TLT_mdd: -0.03271919
- TIP_r1m: 0.02311898
- TIP_r3m: 0.03654125
- TIP_r12m: 0.09974184
- TIP_vol3m: 0.10593659
- TIP_mdd: 0.00000000
- LQD_r1m: 0.02831421
- LQD_r3m: 0.02607916
- LQD_r12m: 0.06993632
- LQD_vol3m: 0.08806179
- LQD_mdd: 0.00000000
- HYG_r1m: 0.07855700
- HYG_r3m: -0.00784048
- HYG_r12m: 0.03990031
- HYG_vol3m: 0.20581203
- HYG_mdd: -0.02990737
- GLD_r1m: 0.03988567
- GLD_r3m: 0.03647284
- GLD_r12m: 0.26334061
- GLD_vol3m: 0.30118397
- GLD_mdd: -0.09323361
- SLV_r1m: 0.09630390
- SLV_r3m: -0.20271264
- SLV_r12m: 0.32990549
- SLV_vol3m: 0.57404358
- SLV_mdd: -0.31591191
- DBC_r1m: 0.06908670
- DBC_r3m: -0.08179686
- DBC_r12m: 0.07117715
- DBC_vol3m: 0.23667164
- DBC_mdd: -0.14191728
- VNQ_r1m: 0.16092418
- VNQ_r3m: -0.01565462
- VNQ_r12m: 0.05324871
- VNQ_vol3m: 0.46952002
- VNQ_mdd: -0.10072173
- UUP_r1m: -0.03154151
- UUP_r3m: 0.03464652
- UUP_r12m: -0.02022475
- UUP_vol3m: 0.11121946
- UUP_mdd: -0.15602015
- BIL_r1m: -0.00000000
- BIL_r3m: -0.00021861
- BIL_r12m: 0.00021818
- BIL_vol3m: 0.00307964
- BIL_mdd: -0.00043639
- cross_vol: 0.27597725

Assets: SPY, QQQ, IWM, DIA, EFA, EEM, VEA, VWO, AGG, BND, SHY, IEF, TLT, TIP, LQD, HYG, GLD, SLV, DBC, VNQ, UUP, BIL","{
  ""weights"": {
    ""SPY"": 0.03571429,
    ""QQQ"": 0.03571429,
    ""IWM"": 0.07142857,
    ""DIA"": 0.03571429,
    ""EFA"": 0.03571429,
    ""EEM"": 0.07857143,
    ""VEA"": 0.03571429,
    ""VWO"": 0.07857143,
    ""AGG"": 0.00095238,
    ""BND"": 0.00190476,
    ""SHY"": 0.00047619,
    ""IEF"": -0.00595238,
    ""TLT"": -0.01285714,
    ""TIP"": 0.00476190,
    ""LQD"": 0.00238095,
    ""HYG"": 0.00952381,
    ""GLD"": 0.00476190,
    ""SLV"": 0.00952381,
    ""DBC"": 0.00380952,
    ""VNQ"": 0.01234568,
    ""UUP"": -0.00380952,
    ""BIL"": 0.00000000
  }
}",1,0,0,11.652932041994063,530,1,0,0,0,273,11.406609,1713,stop,[],0,0,3,0,SPY,SPY,SPY,1,1,1.0,0.0,0.0,3.0531133177191805e-16,6.509259464525837e-17,3.0531133177191805e-16,1,"{""SPY"":0.0454545455,""QQQ"":0.0454545455,""IWM"":0.0454545455,""DIA"":0.0454545455,""EFA"":0.0454545455,""EEM"":0.0454545455,""VEA"":0.0454545455,""VWO"":0.0454545455,""AGG"":0.0454545455,""BND"":0.0454545455,""SHY"":0.0454545455,""IEF"":0.0454545455,""TLT"":0.0454545455,""TIP"":0.0454545455,""LQD"":0.0454545455,""HYG"":0.0454545455,""GLD"":0.0454545455,""SLV"":0.0454545455,""DBC"":0.0454545455,""VNQ"":0.0454545455,""UUP"":0.0454545455,""BIL"":0.0454545455}","{""SPY"":0.0454545455,""QQQ"":0.0454545455,""IWM"":0.0454545455,""DIA"":0.0454545455,""EFA"":0.0454545455,""EEM"":0.0454545455,""VEA"":0.0454545455,""VWO"":0.0454545455,""AGG"":0.0454545455,""BND"":0.0454545455,""SHY"":0.0454545455,""IEF"":0.0454545455,""TLT"":0.0454545455,""TIP"":0.0454545455,""LQD"":0.0454545455,""HYG"":0.0454545455,""GLD"":0.0454545455,""SLV"":0.0454545455,""DBC"":0.0454545455,""VNQ"":0.0454545455,""UUP"":0.0454545455,""BIL"":0.0454545455}","{""SPY"":0.0454545455,""QQQ"":0.0454545455,""IWM"":0.0454545455,""DIA"":0.0454545455,""EFA"":0.0454545455,""EEM"":0.0454545455,""VEA"":0.0454545455,""VWO"":0.0454545455,""AGG"":0.0454545455,""BND"":0.0454545455,""SHY"":0.0454545455,""IEF"":0.0454545455,""TLT"":0.0454545455,""TIP"":0.0454545455,""LQD"":0.0454545455,""HYG"":0.0454545455,""GLD"":0.0454545455,""SLV"":0.0454545455,""DBC"":0.0454545455,""VNQ"":0.0454545455,""UUP"":0.0454545455,""BIL"":0.0454545455}",0,0.9999999999999998,0.045454545454545456,0.045454545454545456,2.220446049250313e-16,0,0,1.0,0.04545454545454547,0.04545454545454547,1,1,1,3,45,e24df4cde96f870283d7a509
repeatability_504part,repeatability,repeat_00,llama3.1:8b,P5,,,real_ticker,,2011-11-01,42,10.0,0.6,0.25,f9b2b742ac7de4a8,"You are a RISK-ADJUSTED RETURN policy profile. Use only the provided feature values. Prefer eligible assets that combine stronger recent returns with lower recent volatility and smaller drawdowns. Assign larger weights to assets that appear to have stronger positive risk-adjusted profiles, smaller weights to middle-ranked assets, and little weight to weak or unstable candidates. Do not default to equal weights unless the provided features show no meaningful distinction across assets. Include every eligible ticker exactly once. Return strictly valid JSON only with a `weights` object whose values are decimals, not percentages.
Hard constraints for the execution layer: long-only weights, weights sum to one, maximum single-asset weight 0.60, and turnover cap 0.25. You propose weights; deterministic projection will enforce final feasibility.

Current Features:
- SPY_r1m: 0.10979675
- SPY_r3m: -0.02804838
- SPY_r12m: 0.04147860
- SPY_vol3m: 0.36458587
- SPY_mdd: -0.09668597
- QQQ_r1m: 0.10363714
- QQQ_r3m: -0.00467032
- QQQ_r12m: 0.07737668
- QQQ_vol3m: 0.35524372
- QQQ_mdd: -0.05174151
- IWM_r1m: 0.17051980
- IWM_r3m: -0.07239432
- IWM_r12m: 0.01527215
- IWM_vol3m: 0.50594415
- IWM_mdd: -0.16793357
- DIA_r1m: 0.09596693
- DIA_r3m: -0.01323298
- DIA_r12m: 0.06905861
- DIA_vol3m: 0.32896344
- DIA_mdd: -0.07899015
- EFA_r1m: 0.09071359
- EFA_r3m: -0.10621813
- EFA_r12m: -0.09572579
- EFA_vol3m: 0.45579183
- EFA_mdd: -0.19013681
- EEM_r1m: 0.15890576
- EEM_r3m: -0.12406493
- EEM_r12m: -0.14096475
- EEM_vol3m: 0.49073124
- EEM_mdd: -0.19884040
- VEA_r1m: 0.08889620
- VEA_r3m: -0.11145110
- VEA_r12m: -0.09841911
- VEA_vol3m: 0.45691326
- VEA_mdd: -0.19328834
- VWO_r1m: 0.15369267
- VWO_r3m: -0.12966155
- VWO_r12m: -0.13780868
- VWO_vol3m: 0.47672691
- VWO_mdd: -0.19917188
- AGG_r1m: 0.00197956
- AGG_r3m: 0.02138165
- AGG_r12m: 0.05365894
- AGG_vol3m: 0.05401121
- AGG_mdd: -0.00019193
- BND_r1m: 0.00287609
- BND_r3m: 0.02374117
- BND_r12m: 0.05528798
- BND_vol3m: 0.05482070
- BND_mdd: 0.00000000
- SHY_r1m: 0.00021379
- SHY_r3m: 0.00202385
- SHY_r12m: 0.00993948
- SHY_vol3m: 0.00683057
- SHY_mdd: -0.00121571
- IEF_r1m: -0.01018997
- IEF_r3m: 0.05438799
- IEF_r12m: 0.09007691
- IEF_vol3m: 0.11224347
- IEF_mdd: -0.01360442
- TLT_r1m: -0.03271919
- TLT_r3m: 0.18365944
- TLT_r12m: 0.23191169
- TLT_vol3m: 0.31316442
- TLT_mdd: -0.03271919
- TIP_r1m: 0.02311898
- TIP_r3m: 0.03654125
- TIP_r12m: 0.09974184
- TIP_vol3m: 0.10593659
- TIP_mdd: 0.00000000
- LQD_r1m: 0.02831421
- LQD_r3m: 0.02607916
- LQD_r12m: 0.06993632
- LQD_vol3m: 0.08806179
- LQD_mdd: 0.00000000
- HYG_r1m: 0.07855700
- HYG_r3m: -0.00784048
- HYG_r12m: 0.03990031
- HYG_vol3m: 0.20581203
- HYG_mdd: -0.02990737
- GLD_r1m: 0.03988567
- GLD_r3m: 0.03647284
- GLD_r12m: 0.26334061
- GLD_vol3m: 0.30118397
- GLD_mdd: -0.09323361
- SLV_r1m: 0.09630390
- SLV_r3m: -0.20271264
- SLV_r12m: 0.32990549
- SLV_vol3m: 0.57404358
- SLV_mdd: -0.31591191
- DBC_r1m: 0.06908670
- DBC_r3m: -0.08179686
- DBC_r12m: 0.07117715
- DBC_vol3m: 0.23667164
- DBC_mdd: -0.14191728
- VNQ_r1m: 0.16092418
- VNQ_r3m: -0.01565462
- VNQ_r12m: 0.05324871
- VNQ_vol3m: 0.46952002
- VNQ_mdd: -0.10072173
- UUP_r1m: -0.03154151
- UUP_r3m: 0.03464652
- UUP_r12m: -0.02022475
- UUP_vol3m: 0.11121946
- UUP_mdd: -0.15602015
- BIL_r1m: -0.00000000
- BIL_r3m: -0.00021861
- BIL_r12m: 0.00021818
- BIL_vol3m: 0.00307964
- BIL_mdd: -0.00043639
- cross_vol: 0.27597725

Assets: SPY, QQQ, IWM, DIA, EFA, EEM, VEA, VWO, AGG, BND, SHY, IEF, TLT, TIP, LQD, HYG, GLD, SLV, DBC, VNQ, UUP, BIL","{
  ""weights"": {
    ""SPY"": 0.23,
    ""QQQ"": 0.19,
    ""IWM"": 0.15,
    ""DIA"": 0.12,
    ""EFA"": 0.08,
    ""EEM"": 0.07,
    ""VEA"": 0.06,
    ""VWO"": 0.05,
    ""AGG"": 0.04,
    ""BND"": 0.03,
    ""SHY"": 0.02,
    ""IEF"": 0.01,
    ""TLT"": 0.005,
    ""TIP"": 0.005,
    ""LQD"": 0.005,
    ""HYG"": 0.005,
    ""GLD"": 0.005,
    ""SLV"": 0.005,
    ""DBC"": 0.005,
    ""VNQ"": 0.005,
    ""UUP"": 0.005,
    ""BIL"": 0
  }
}",1,0,0,17.137732207993395,401,1,0,0,0,227,9.482102,1773,stop,[],0,0,0,0,HYG,SPY,SPY,0,0,0.3333333333333333,0.8978372287086721,0.2545913123283524,2.2898349882893854e-16,7.938137084223217e-17,1.0078870900788708,0,"{""SPY"":0.2100456621,""QQQ"":0.1735159817,""IWM"":0.1369863014,""DIA"":0.1095890411,""EFA"":0.0730593607,""EEM"":0.0639269406,""VEA"":0.0547945205,""VWO"":0.0456621005,""AGG"":0.0365296804,""BND"":0.0273972603,""SHY"":0.0182648402,""IEF"":0.0091324201,""TLT"":0.00456621,""TIP"":0.00456621,""LQD"":0.00456621,""HYG"":0.00456621,""GLD"":0.00456621,""SLV"":0.00456621,""DBC"":0.00456621,""VNQ"":0.00456621,""UUP"":0.00456621,""BIL"":0.0}","{""SPY"":0.2100456621,""QQQ"":0.1735159817,""IWM"":0.1369863014,""DIA"":0.1095890411,""EFA"":0.0730593607,""EEM"":0.0639269406,""VEA"":0.0547945205,""VWO"":0.0456621005,""AGG"":0.0365296804,""BND"":0.0273972603,""SHY"":0.0182648402,""IEF"":0.0091324201,""TLT"":0.00456621,""TIP"":0.00456621,""LQD"":0.00456621,""HYG"":0.00456621,""GLD"":0.00456621,""SLV"":0.00456621,""DBC"":0.00456621,""VNQ"":0.00456621,""UUP"":0.00456621,""BIL"":0.0}","{""SPY"":0.0710580763,""QQQ"":0.068835552,""IWM"":0.0795235992,""DIA"":0.0688331687,""EFA"":0.0469601649,""EEM"":0.07640464,""VEA"":0.0459064014,""VWO"":0.0760689241,""AGG"":0.0086478536,""BND"":0.012378871,""SHY"":0.0073851872,""IEF"":6.938893904e-18,""TLT"":6.938893904e-18,""TIP"":0.0514928018,""LQD"":0.0758648818,""HYG"":0.0900612404,""GLD"":0.0312470383,""SLV"":0.0395842856,""DBC"":0.0688766535,""VNQ"":0.0808706602,""UUP"":6.938893904e-18,""BIL"":6.938893904e-18}",0,1.0000000000000002,0.21004566210045664,0.0,2.220446049250313e-16,0,0,0.9999999999999996,0.2100456621004566,0.0,1,1,1,0,42,6cf1911a9ba0ff602deca692
repeatability_504part,repeatability,repeat_01,llama3.1:8b,P5,,,real_ticker,,2011-11-01,42,10.0,0.6,0.25,f9b2b742ac7de4a8,"You are a RISK-ADJUSTED RETURN policy profile. Use only the provided feature values. Prefer eligible assets that combine stronger recent returns with lower recent volatility and smaller drawdowns. Assign larger weights to assets that appear to have stronger positive risk-adjusted profiles, smaller weights to middle-ranked assets, and little weight to weak or unstable candidates. Do not default to equal weights unless the provided features show no meaningful distinction across assets. Include every eligible ticker exactly once. Return strictly valid JSON only with a `weights` object whose values are decimals, not percentages.
Hard constraints for the execution layer: long-only weights, weights sum to one, maximum single-asset weight 0.60, and turnover cap 0.25. You propose weights; deterministic projection will enforce final feasibility.

Current Features:
- SPY_r1m: 0.10979675
- SPY_r3m: -0.02804838
- SPY_r12m: 0.04147860
- SPY_vol3m: 0.36458587
- SPY_mdd: -0.09668597
- QQQ_r1m: 0.10363714
- QQQ_r3m: -0.00467032
- QQQ_r12m: 0.07737668
- QQQ_vol3m: 0.35524372
- QQQ_mdd: -0.05174151
- IWM_r1m: 0.17051980
- IWM_r3m: -0.07239432
- IWM_r12m: 0.01527215
- IWM_vol3m: 0.50594415
- IWM_mdd: -0.16793357
- DIA_r1m: 0.09596693
- DIA_r3m: -0.01323298
- DIA_r12m: 0.06905861
- DIA_vol3m: 0.32896344
- DIA_mdd: -0.07899015
- EFA_r1m: 0.09071359
- EFA_r3m: -0.10621813
- EFA_r12m: -0.09572579
- EFA_vol3m: 0.45579183
- EFA_mdd: -0.19013681
- EEM_r1m: 0.15890576
- EEM_r3m: -0.12406493
- EEM_r12m: -0.14096475
- EEM_vol3m: 0.49073124
- EEM_mdd: -0.19884040
- VEA_r1m: 0.08889620
- VEA_r3m: -0.11145110
- VEA_r12m: -0.09841911
- VEA_vol3m: 0.45691326
- VEA_mdd: -0.19328834
- VWO_r1m: 0.15369267
- VWO_r3m: -0.12966155
- VWO_r12m: -0.13780868
- VWO_vol3m: 0.47672691
- VWO_mdd: -0.19917188
- AGG_r1m: 0.00197956
- AGG_r3m: 0.02138165
- AGG_r12m: 0.05365894
- AGG_vol3m: 0.05401121
- AGG_mdd: -0.00019193
- BND_r1m: 0.00287609
- BND_r3m: 0.02374117
- BND_r12m: 0.05528798
- BND_vol3m: 0.05482070
- BND_mdd: 0.00000000
- SHY_r1m: 0.00021379
- SHY_r3m: 0.00202385
- SHY_r12m: 0.00993948
- SHY_vol3m: 0.00683057
- SHY_mdd: -0.00121571
- IEF_r1m: -0.01018997
- IEF_r3m: 0.05438799
- IEF_r12m: 0.09007691
- IEF_vol3m: 0.11224347
- IEF_mdd: -0.01360442
- TLT_r1m: -0.03271919
- TLT_r3m: 0.18365944
- TLT_r12m: 0.23191169
- TLT_vol3m: 0.31316442
- TLT_mdd: -0.03271919
- TIP_r1m: 0.02311898
- TIP_r3m: 0.03654125
- TIP_r12m: 0.09974184
- TIP_vol3m: 0.10593659
- TIP_mdd: 0.00000000
- LQD_r1m: 0.02831421
- LQD_r3m: 0.02607916
- LQD_r12m: 0.06993632
- LQD_vol3m: 0.08806179
- LQD_mdd: 0.00000000
- HYG_r1m: 0.07855700
- HYG_r3m: -0.00784048
- HYG_r12m: 0.03990031
- HYG_vol3m: 0.20581203
- HYG_mdd: -0.02990737
- GLD_r1m: 0.03988567
- GLD_r3m: 0.03647284
- GLD_r12m: 0.26334061
- GLD_vol3m: 0.30118397
- GLD_mdd: -0.09323361
- SLV_r1m: 0.09630390
- SLV_r3m: -0.20271264
- SLV_r12m: 0.32990549
- SLV_vol3m: 0.57404358
- SLV_mdd: -0.31591191
- DBC_r1m: 0.06908670
- DBC_r3m: -0.08179686
- DBC_r12m: 0.07117715
- DBC_vol3m: 0.23667164
- DBC_mdd: -0.14191728
- VNQ_r1m: 0.16092418
- VNQ_r3m: -0.01565462
- VNQ_r12m: 0.05324871
- VNQ_vol3m: 0.46952002
- VNQ_mdd: -0.10072173
- UUP_r1m: -0.03154151
- UUP_r3m: 0.03464652
- UUP_r12m: -0.02022475
- UUP_vol3m: 0.11121946
- UUP_mdd: -0.15602015
- BIL_r1m: -0.00000000
- BIL_r3m: -0.00021861
- BIL_r12m: 0.00021818
- BIL_vol3m: 0.00307964
- BIL_mdd: -0.00043639
- cross_vol: 0.27597725

Assets: SPY, QQQ, IWM, DIA, EFA, EEM, VEA, VWO, AGG, BND, SHY, IEF, TLT, TIP, LQD, HYG, GLD, SLV, DBC, VNQ, UUP, BIL","{
  ""weights"": {
    ""SPY"": 0.23,
    ""QQQ"": 0.19,
    ""IWM"": 0.15,
    ""DIA"": 0.12,
    ""EFA"": 0.08,
    ""EEM"": 0.07,
    ""VEA"": 0.06,
    ""VWO"": 0.05,
    ""AGG"": 0.04,
    ""BND"": 0.03,
    ""SHY"": 0.02,
    ""IEF"": 0.01,
    ""TLT"": 0.005,
    ""TIP"": 0.005,
    ""LQD"": 0.005,
    ""HYG"": 0.005,
    ""GLD"": 0.005,
    ""SLV"": 0.005,
    ""DBC"": 0.005,
    ""VNQ"": 0.005,
    ""UUP"": 0.005,
    ""BIL"": 0
  }
}",1,0,0,9.733291000011377,401,1,0,0,0,227,9.488276,1773,stop,[],0,0,0,0,HYG,SPY,SPY,0,0,0.3333333333333333,0.8978372287086721,0.2545913123283524,2.2898349882893854e-16,7.938137084223217e-17,1.0078870900788708,0,"{""SPY"":0.2100456621,""QQQ"":0.1735159817,""IWM"":0.1369863014,""DIA"":0.1095890411,""EFA"":0.0730593607,""EEM"":0.0639269406,""VEA"":0.0547945205,""VWO"":0.0456621005,""AGG"":0.0365296804,""BND"":0.0273972603,""SHY"":0.0182648402,""IEF"":0.0091324201,""TLT"":0.00456621,""TIP"":0.00456621,""LQD"":0.00456621,""HYG"":0.00456621,""GLD"":0.00456621,""SLV"":0.00456621,""DBC"":0.00456621,""VNQ"":0.00456621,""UUP"":0.00456621,""BIL"":0.0}","{""SPY"":0.2100456621,""QQQ"":0.1735159817,""IWM"":0.1369863014,""DIA"":0.1095890411,""EFA"":0.0730593607,""EEM"":0.0639269406,""VEA"":0.0547945205,""VWO"":0.0456621005,""AGG"":0.0365296804,""BND"":0.0273972603,""SHY"":0.0182648402,""IEF"":0.0091324201,""TLT"":0.00456621,""TIP"":0.00456621,""LQD"":0.00456621,""HYG"":0.00456621,""GLD"":0.00456621,""SLV"":0.00456621,""DBC"":0.00456621,""VNQ"":0.00456621,""UUP"":0.00456621,""BIL"":0.0}","{""SPY"":0.0710580763,""QQQ"":0.068835552,""IWM"":0.0795235992,""DIA"":0.0688331687,""EFA"":0.0469601649,""EEM"":0.07640464,""VEA"":0.0459064014,""VWO"":0.0760689241,""AGG"":0.0086478536,""BND"":0.012378871,""SHY"":0.0073851872,""IEF"":6.938893904e-18,""TLT"":6.938893904e-18,""TIP"":0.0514928018,""LQD"":0.0758648818,""HYG"":0.0900612404,""GLD"":0.0312470383,""SLV"":0.0395842856,""DBC"":0.0688766535,""VNQ"":0.0808706602,""UUP"":6.938893904e-18,""BIL"":6.938893904e-18}",0,1.0000000000000002,0.21004566210045664,0.0,2.220446049250313e-16,0,0,0.9999999999999996,0.2100456621004566,0.0,1,1,1,1,43,84100350549e25c47810f964
repeatability_504part,repeatability,repeat_02,llama3.1:8b,P5,,,real_ticker,,2011-11-01,42,10.0,0.6,0.25,f9b2b742ac7de4a8,"You are a RISK-ADJUSTED RETURN policy profile. Use only the provided feature values. Prefer eligible assets that combine stronger recent returns with lower recent volatility and smaller drawdowns. Assign larger weights to assets that appear to have stronger positive risk-adjusted profiles, smaller weights to middle-ranked assets, and little weight to weak or unstable candidates. Do not default to equal weights unless the provided features show no meaningful distinction across assets. Include every eligible ticker exactly once. Return strictly valid JSON only with a `weights` object whose values are decimals, not percentages.
Hard constraints for the execution layer: long-only weights, weights sum to one, maximum single-asset weight 0.60, and turnover cap 0.25. You propose weights; deterministic projection will enforce final feasibility.

Current Features:
- SPY_r1m: 0.10979675
- SPY_r3m: -0.02804838
- SPY_r12m: 0.04147860
- SPY_vol3m: 0.36458587
- SPY_mdd: -0.09668597
- QQQ_r1m: 0.10363714
- QQQ_r3m: -0.00467032
- QQQ_r12m: 0.07737668
- QQQ_vol3m: 0.35524372
- QQQ_mdd: -0.05174151
- IWM_r1m: 0.17051980
- IWM_r3m: -0.07239432
- IWM_r12m: 0.01527215
- IWM_vol3m: 0.50594415
- IWM_mdd: -0.16793357
- DIA_r1m: 0.09596693
- DIA_r3m: -0.01323298
- DIA_r12m: 0.06905861
- DIA_vol3m: 0.32896344
- DIA_mdd: -0.07899015
- EFA_r1m: 0.09071359
- EFA_r3m: -0.10621813
- EFA_r12m: -0.09572579
- EFA_vol3m: 0.45579183
- EFA_mdd: -0.19013681
- EEM_r1m: 0.15890576
- EEM_r3m: -0.12406493
- EEM_r12m: -0.14096475
- EEM_vol3m: 0.49073124
- EEM_mdd: -0.19884040
- VEA_r1m: 0.08889620
- VEA_r3m: -0.11145110
- VEA_r12m: -0.09841911
- VEA_vol3m: 0.45691326
- VEA_mdd: -0.19328834
- VWO_r1m: 0.15369267
- VWO_r3m: -0.12966155
- VWO_r12m: -0.13780868
- VWO_vol3m: 0.47672691
- VWO_mdd: -0.19917188
- AGG_r1m: 0.00197956
- AGG_r3m: 0.02138165
- AGG_r12m: 0.05365894
- AGG_vol3m: 0.05401121
- AGG_mdd: -0.00019193
- BND_r1m: 0.00287609
- BND_r3m: 0.02374117
- BND_r12m: 0.05528798
- BND_vol3m: 0.05482070
- BND_mdd: 0.00000000
- SHY_r1m: 0.00021379
- SHY_r3m: 0.00202385
- SHY_r12m: 0.00993948
- SHY_vol3m: 0.00683057
- SHY_mdd: -0.00121571
- IEF_r1m: -0.01018997
- IEF_r3m: 0.05438799
- IEF_r12m: 0.09007691
- IEF_vol3m: 0.11224347
- IEF_mdd: -0.01360442
- TLT_r1m: -0.03271919
- TLT_r3m: 0.18365944
- TLT_r12m: 0.23191169
- TLT_vol3m: 0.31316442
- TLT_mdd: -0.03271919
- TIP_r1m: 0.02311898
- TIP_r3m: 0.03654125
- TIP_r12m: 0.09974184
- TIP_vol3m: 0.10593659
- TIP_mdd: 0.00000000
- LQD_r1m: 0.02831421
- LQD_r3m: 0.02607916
- LQD_r12m: 0.06993632
- LQD_vol3m: 0.08806179
- LQD_mdd: 0.00000000
- HYG_r1m: 0.07855700
- HYG_r3m: -0.00784048
- HYG_r12m: 0.03990031
- HYG_vol3m: 0.20581203
- HYG_mdd: -0.02990737
- GLD_r1m: 0.03988567
- GLD_r3m: 0.03647284
- GLD_r12m: 0.26334061
- GLD_vol3m: 0.30118397
- GLD_mdd: -0.09323361
- SLV_r1m: 0.09630390
- SLV_r3m: -0.20271264
- SLV_r12m: 0.32990549
- SLV_vol3m: 0.57404358
- SLV_mdd: -0.31591191
- DBC_r1m: 0.06908670
- DBC_r3m: -0.08179686
- DBC_r12m: 0.07117715
- DBC_vol3m: 0.23667164
- DBC_mdd: -0.14191728
- VNQ_r1m: 0.16092418
- VNQ_r3m: -0.01565462
- VNQ_r12m: 0.05324871
- VNQ_vol3m: 0.46952002
- VNQ_mdd: -0.10072173
- UUP_r1m: -0.03154151
- UUP_r3m: 0.03464652
- UUP_r12m: -0.02022475
- UUP_vol3m: 0.11121946
- UUP_mdd: -0.15602015
- BIL_r1m: -0.00000000
- BIL_r3m: -0.00021861
- BIL_r12m: 0.00021818
- BIL_vol3m: 0.00307964
- BIL_mdd: -0.00043639
- cross_vol: 0.27597725

Assets: SPY, QQQ, IWM, DIA, EFA, EEM, VEA, VWO, AGG, BND, SHY, IEF, TLT, TIP, LQD, HYG, GLD, SLV, DBC, VNQ, UUP, BIL","{
  ""weights"": {
    ""SPY"": 0.23,
    ""QQQ"": 0.19,
    ""IWM"": 0.15,
    ""DIA"": 0.12,
    ""EFA"": 0.08,
    ""EEM"": 0.07,
    ""VEA"": 0.06,
    ""VWO"": 0.05,
    ""AGG"": 0.04,
    ""BND"": 0.03,
    ""SHY"": 0.02,
    ""IEF"": 0.01,
    ""TLT"": 0.005,
    ""TIP"": 0.005,
    ""LQD"": 0.005,
    ""HYG"": 0.005,
    ""GLD"": 0.005,
    ""SLV"": 0.005,
    ""DBC"": 0.005,
    ""VNQ"": 0.005,
    ""UUP"": 0.005,
    ""BIL"": 0
  }
}",1,0,0,9.728770665999036,401,1,0,0,0,227,9.480987,1773,stop,[],0,0,0,0,HYG,SPY,SPY,0,0,0.3333333333333333,0.8978372287086721,0.2545913123283524,2.2898349882893854e-16,7.938137084223217e-17,1.0078870900788708,0,"{""SPY"":0.2100456621,""QQQ"":0.1735159817,""IWM"":0.1369863014,""DIA"":0.1095890411,""EFA"":0.0730593607,""EEM"":0.0639269406,""VEA"":0.0547945205,""VWO"":0.0456621005,""AGG"":0.0365296804,""BND"":0.0273972603,""SHY"":0.0182648402,""IEF"":0.0091324201,""TLT"":0.00456621,""TIP"":0.00456621,""LQD"":0.00456621,""HYG"":0.00456621,""GLD"":0.00456621,""SLV"":0.00456621,""DBC"":0.00456621,""VNQ"":0.00456621,""UUP"":0.00456621,""BIL"":0.0}","{""SPY"":0.2100456621,""QQQ"":0.1735159817,""IWM"":0.1369863014,""DIA"":0.1095890411,""EFA"":0.0730593607,""EEM"":0.0639269406,""VEA"":0.0547945205,""VWO"":0.0456621005,""AGG"":0.0365296804,""BND"":0.0273972603,""SHY"":0.0182648402,""IEF"":0.0091324201,""TLT"":0.00456621,""TIP"":0.00456621,""LQD"":0.00456621,""HYG"":0.00456621,""GLD"":0.00456621,""SLV"":0.00456621,""DBC"":0.00456621,""VNQ"":0.00456621,""UUP"":0.00456621,""BIL"":0.0}","{""SPY"":0.0710580763,""QQQ"":0.068835552,""IWM"":0.0795235992,""DIA"":0.0688331687,""EFA"":0.0469601649,""EEM"":0.07640464,""VEA"":0.0459064014,""VWO"":0.0760689241,""AGG"":0.0086478536,""BND"":0.012378871,""SHY"":0.0073851872,""IEF"":6.938893904e-18,""TLT"":6.938893904e-18,""TIP"":0.0514928018,""LQD"":0.0758648818,""HYG"":0.0900612404,""GLD"":0.0312470383,""SLV"":0.0395842856,""DBC"":0.0688766535,""VNQ"":0.0808706602,""UUP"":6.938893904e-18,""BIL"":6.938893904e-18}",0,1.0000000000000002,0.21004566210045664,0.0,2.220446049250313e-16,0,0,0.9999999999999996,0.2100456621004566,0.0,1,1,1,2,44,c75a0b5f0d5ae62582606ea1
repeatability_504part,repeatability,repeat_03,llama3.1:8b,P5,,,real_ticker,,2011-11-01,42,10.0,0.6,0.25,f9b2b742ac7de4a8,"You are a RISK-ADJUSTED RETURN policy profile. Use only the provided feature values. Prefer eligible assets that combine stronger recent returns with lower recent volatility and smaller drawdowns. Assign larger weights to assets that appear to have stronger positive risk-adjusted profiles, smaller weights to middle-ranked assets, and little weight to weak or unstable candidates. Do not default to equal weights unless the provided features show no meaningful distinction across assets. Include every eligible ticker exactly once. Return strictly valid JSON only with a `weights` object whose values are decimals, not percentages.
Hard constraints for the execution layer: long-only weights, weights sum to one, maximum single-asset weight 0.60, and turnover cap 0.25. You propose weights; deterministic projection will enforce final feasibility.

Current Features:
- SPY_r1m: 0.10979675
- SPY_r3m: -0.02804838
- SPY_r12m: 0.04147860
- SPY_vol3m: 0.36458587
- SPY_mdd: -0.09668597
- QQQ_r1m: 0.10363714
- QQQ_r3m: -0.00467032
- QQQ_r12m: 0.07737668
- QQQ_vol3m: 0.35524372
- QQQ_mdd: -0.05174151
- IWM_r1m: 0.17051980
- IWM_r3m: -0.07239432
- IWM_r12m: 0.01527215
- IWM_vol3m: 0.50594415
- IWM_mdd: -0.16793357
- DIA_r1m: 0.09596693
- DIA_r3m: -0.01323298
- DIA_r12m: 0.06905861
- DIA_vol3m: 0.32896344
- DIA_mdd: -0.07899015
- EFA_r1m: 0.09071359
- EFA_r3m: -0.10621813
- EFA_r12m: -0.09572579
- EFA_vol3m: 0.45579183
- EFA_mdd: -0.19013681
- EEM_r1m: 0.15890576
- EEM_r3m: -0.12406493
- EEM_r12m: -0.14096475
- EEM_vol3m: 0.49073124
- EEM_mdd: -0.19884040
- VEA_r1m: 0.08889620
- VEA_r3m: -0.11145110
- VEA_r12m: -0.09841911
- VEA_vol3m: 0.45691326
- VEA_mdd: -0.19328834
- VWO_r1m: 0.15369267
- VWO_r3m: -0.12966155
- VWO_r12m: -0.13780868
- VWO_vol3m: 0.47672691
- VWO_mdd: -0.19917188
- AGG_r1m: 0.00197956
- AGG_r3m: 0.02138165
- AGG_r12m: 0.05365894
- AGG_vol3m: 0.05401121
- AGG_mdd: -0.00019193
- BND_r1m: 0.00287609
- BND_r3m: 0.02374117
- BND_r12m: 0.05528798
- BND_vol3m: 0.05482070
- BND_mdd: 0.00000000
- SHY_r1m: 0.00021379
- SHY_r3m: 0.00202385
- SHY_r12m: 0.00993948
- SHY_vol3m: 0.00683057
- SHY_mdd: -0.00121571
- IEF_r1m: -0.01018997
- IEF_r3m: 0.05438799
- IEF_r12m: 0.09007691
- IEF_vol3m: 0.11224347
- IEF_mdd: -0.01360442
- TLT_r1m: -0.03271919
- TLT_r3m: 0.18365944
- TLT_r12m: 0.23191169
- TLT_vol3m: 0.31316442
- TLT_mdd: -0.03271919
- TIP_r1m: 0.02311898
- TIP_r3m: 0.03654125
- TIP_r12m: 0.09974184
- TIP_vol3m: 0.10593659
- TIP_mdd: 0.00000000
- LQD_r1m: 0.02831421
- LQD_r3m: 0.02607916
- LQD_r12m: 0.06993632
- LQD_vol3m: 0.08806179
- LQD_mdd: 0.00000000
- HYG_r1m: 0.07855700
- HYG_r3m: -0.00784048
- HYG_r12m: 0.03990031
- HYG_vol3m: 0.20581203
- HYG_mdd: -0.02990737
- GLD_r1m: 0.03988567
- GLD_r3m: 0.03647284
- GLD_r12m: 0.26334061
- GLD_vol3m: 0.30118397
- GLD_mdd: -0.09323361
- SLV_r1m: 0.09630390
- SLV_r3m: -0.20271264
- SLV_r12m: 0.32990549
- SLV_vol3m: 0.57404358
- SLV_mdd: -0.31591191
- DBC_r1m: 0.06908670
- DBC_r3m: -0.08179686
- DBC_r12m: 0.07117715
- DBC_vol3m: 0.23667164
- DBC_mdd: -0.14191728
- VNQ_r1m: 0.16092418
- VNQ_r3m: -0.01565462
- VNQ_r12m: 0.05324871
- VNQ_vol3m: 0.46952002
- VNQ_mdd: -0.10072173
- UUP_r1m: -0.03154151
- UUP_r3m: 0.03464652
- UUP_r12m: -0.02022475
- UUP_vol3m: 0.11121946
- UUP_mdd: -0.15602015
- BIL_r1m: -0.00000000
- BIL_r3m: -0.00021861
- BIL_r12m: 0.00021818
- BIL_vol3m: 0.00307964
- BIL_mdd: -0.00043639
- cross_vol: 0.27597725

Assets: SPY, QQQ, IWM, DIA, EFA, EEM, VEA, VWO, AGG, BND, SHY, IEF, TLT, TIP, LQD, HYG, GLD, SLV, DBC, VNQ, UUP, BIL","{
  ""weights"": {
    ""SPY"": 0.23,
    ""QQQ"": 0.19,
    ""IWM"": 0.15,
    ""DIA"": 0.12,
    ""EFA"": 0.08,
    ""EEM"": 0.07,
    ""VEA"": 0.06,
    ""VWO"": 0.05,
    ""AGG"": 0.04,
    ""BND"": 0.03,
    ""SHY"": 0.02,
    ""IEF"": 0.01,
    ""TLT"": 0.005,
    ""TIP"": 0.005,
    ""LQD"": 0.005,
    ""HYG"": 0.005,
    ""GLD"": 0.005,
    ""SLV"": 0.005,
    ""DBC"": 0.005,
    ""VNQ"": 0.005,
    ""UUP"": 0.005,
    ""BIL"": 0
  }
}",1,0,0,9.729234541999176,401,1,0,0,0,227,9.485478,1773,stop,[],0,0,0,0,HYG,SPY,SPY,0,0,0.3333333333333333,0.8978372287086721,0.2545913123283524,2.2898349882893854e-16,7.938137084223217e-17,1.0078870900788708,0,"{""SPY"":0.2100456621,""QQQ"":0.1735159817,""IWM"":0.1369863014,""DIA"":0.1095890411,""EFA"":0.0730593607,""EEM"":0.0639269406,""VEA"":0.0547945205,""VWO"":0.0456621005,""AGG"":0.0365296804,""BND"":0.0273972603,""SHY"":0.0182648402,""IEF"":0.0091324201,""TLT"":0.00456621,""TIP"":0.00456621,""LQD"":0.00456621,""HYG"":0.00456621,""GLD"":0.00456621,""SLV"":0.00456621,""DBC"":0.00456621,""VNQ"":0.00456621,""UUP"":0.00456621,""BIL"":0.0}","{""SPY"":0.2100456621,""QQQ"":0.1735159817,""IWM"":0.1369863014,""DIA"":0.1095890411,""EFA"":0.0730593607,""EEM"":0.0639269406,""VEA"":0.0547945205,""VWO"":0.0456621005,""AGG"":0.0365296804,""BND"":0.0273972603,""SHY"":0.0182648402,""IEF"":0.0091324201,""TLT"":0.00456621,""TIP"":0.00456621,""LQD"":0.00456621,""HYG"":0.00456621,""GLD"":0.00456621,""SLV"":0.00456621,""DBC"":0.00456621,""VNQ"":0.00456621,""UUP"":0.00456621,""BIL"":0.0}","{""SPY"":0.0710580763,""QQQ"":0.068835552,""IWM"":0.0795235992,""DIA"":0.0688331687,""EFA"":0.0469601649,""EEM"":0.07640464,""VEA"":0.0459064014,""VWO"":0.0760689241,""AGG"":0.0086478536,""BND"":0.012378871,""SHY"":0.0073851872,""IEF"":6.938893904e-18,""TLT"":6.938893904e-18,""TIP"":0.0514928018,""LQD"":0.0758648818,""HYG"":0.0900612404,""GLD"":0.0312470383,""SLV"":0.0395842856,""DBC"":0.0688766535,""VNQ"":0.0808706602,""UUP"":6.938893904e-18,""BIL"":6.938893904e-18}",0,1.0000000000000002,0.21004566210045664,0.0,2.220446049250313e-16,0,0,0.9999999999999996,0.2100456621004566,0.0,1,1,1,3,45,b001693bdf93de6247bc69de
repeatability_504part,repeatability,repeat_00,llama3.1:8b,P6,,,real_ticker,,2011-11-01,42,10.0,0.6,0.25,01efed55ccad435b,"You are a HYBRID DEFENSIVE-MOMENTUM policy profile. Use only the supplied feature values. Prefer assets with above-median `_r12m`, but among those candidates favor lower `_vol3m` and smaller drawdowns. Avoid assets with severe drawdowns unless their twelve-month momentum is unusually strong and their volatility is not high. During high cross-sectional volatility, keep at least 20% of the portfolio in bond-like or cash-like ETFs if such assets are present in the provided asset list. Do not allocate more than 40% to any single risky asset as a language-level preference; the deterministic projection layer will enforce final feasibility. Include every eligible ticker exactly once. Return strictly valid JSON only with a `weights` object whose values are decimals, not percentages.
Hard constraints for the execution layer: long-only weights, weights sum to one, maximum single-asset weight 0.60, and turnover cap 0.25. You propose weights; deterministic projection will enforce final feasibility.

Current Features:
- SPY_r1m: 0.10979675
- SPY_r3m: -0.02804838
- SPY_r12m: 0.04147860
- SPY_vol3m: 0.36458587
- SPY_mdd: -0.09668597
- QQQ_r1m: 0.10363714
- QQQ_r3m: -0.00467032
- QQQ_r12m: 0.07737668
- QQQ_vol3m: 0.35524372
- QQQ_mdd: -0.05174151
- IWM_r1m: 0.17051980
- IWM_r3m: -0.07239432
- IWM_r12m: 0.01527215
- IWM_vol3m: 0.50594415
- IWM_mdd: -0.16793357
- DIA_r1m: 0.09596693
- DIA_r3m: -0.01323298
- DIA_r12m: 0.06905861
- DIA_vol3m: 0.32896344
- DIA_mdd: -0.07899015
- EFA_r1m: 0.09071359
- EFA_r3m: -0.10621813
- EFA_r12m: -0.09572579
- EFA_vol3m: 0.45579183
- EFA_mdd: -0.19013681
- EEM_r1m: 0.15890576
- EEM_r3m: -0.12406493
- EEM_r12m: -0.14096475
- EEM_vol3m: 0.49073124
- EEM_mdd: -0.19884040
- VEA_r1m: 0.08889620
- VEA_r3m: -0.11145110
- VEA_r12m: -0.09841911
- VEA_vol3m: 0.45691326
- VEA_mdd: -0.19328834
- VWO_r1m: 0.15369267
- VWO_r3m: -0.12966155
- VWO_r12m: -0.13780868
- VWO_vol3m: 0.47672691
- VWO_mdd: -0.19917188
- AGG_r1m: 0.00197956
- AGG_r3m: 0.02138165
- AGG_r12m: 0.05365894
- AGG_vol3m: 0.05401121
- AGG_mdd: -0.00019193
- BND_r1m: 0.00287609
- BND_r3m: 0.02374117
- BND_r12m: 0.05528798
- BND_vol3m: 0.05482070
- BND_mdd: 0.00000000
- SHY_r1m: 0.00021379
- SHY_r3m: 0.00202385
- SHY_r12m: 0.00993948
- SHY_vol3m: 0.00683057
- SHY_mdd: -0.00121571
- IEF_r1m: -0.01018997
- IEF_r3m: 0.05438799
- IEF_r12m: 0.09007691
- IEF_vol3m: 0.11224347
- IEF_mdd: -0.01360442
- TLT_r1m: -0.03271919
- TLT_r3m: 0.18365944
- TLT_r12m: 0.23191169
- TLT_vol3m: 0.31316442
- TLT_mdd: -0.03271919
- TIP_r1m: 0.02311898
- TIP_r3m: 0.03654125
- TIP_r12m: 0.09974184
- TIP_vol3m: 0.10593659
- TIP_mdd: 0.00000000
- LQD_r1m: 0.02831421
- LQD_r3m: 0.02607916
- LQD_r12m: 0.06993632
- LQD_vol3m: 0.08806179
- LQD_mdd: 0.00000000
- HYG_r1m: 0.07855700
- HYG_r3m: -0.00784048
- HYG_r12m: 0.03990031
- HYG_vol3m: 0.20581203
- HYG_mdd: -0.02990737
- GLD_r1m: 0.03988567
- GLD_r3m: 0.03647284
- GLD_r12m: 0.26334061
- GLD_vol3m: 0.30118397
- GLD_mdd: -0.09323361
- SLV_r1m: 0.09630390
- SLV_r3m: -0.20271264
- SLV_r12m: 0.32990549
- SLV_vol3m: 0.57404358
- SLV_mdd: -0.31591191
- DBC_r1m: 0.06908670
- DBC_r3m: -0.08179686
- DBC_r12m: 0.07117715
- DBC_vol3m: 0.23667164
- DBC_mdd: -0.14191728
- VNQ_r1m: 0.16092418
- VNQ_r3m: -0.01565462
- VNQ_r12m: 0.05324871
- VNQ_vol3m: 0.46952002
- VNQ_mdd: -0.10072173
- UUP_r1m: -0.03154151
- UUP_r3m: 0.03464652
- UUP_r12m: -0.02022475
- UUP_vol3m: 0.11121946
- UUP_mdd: -0.15602015
- BIL_r1m: -0.00000000
- BIL_r3m: -0.00021861
- BIL_r12m: 0.00021818
- BIL_vol3m: 0.00307964
- BIL_mdd: -0.00043639
- cross_vol: 0.27597725

Assets: SPY, QQQ, IWM, DIA, EFA, EEM, VEA, VWO, AGG, BND, SHY, IEF, TLT, TIP, LQD, HYG, GLD, SLV, DBC, VNQ, UUP, BIL","{
  ""weights"": {
    ""SPY"": 0.2,
    ""QQQ"": 0.15,
    ""IWM"": 0.1,
    ""DIA"": 0.05,
    ""EFA"": 0.05,
    ""EEM"": 0.025,
    ""VEA"": 0.025,
    ""VWO"": 0.025,
    ""AGG"": 0.2,
    ""BND"": 0.15,
    ""SHY"": 0.1,
    ""IEF"": 0.05,
    ""TLT"": 0.05,
    ""TIP"": 0.05,
    ""LQD"": 0.025,
    ""HYG"": 0.025,
    ""GLD"": 0.025,
    ""SLV"": 0.025,
    ""DBC"": 0.025,
    ""VNQ"": 0.025,
    ""UUP"": 0.025,
    ""BIL"": 0.05
  }
}",1,0,0,17.396584582995274,401,1,0,0,0,229,9.580666,1821,stop,[],0,0,0,0,TIP,SPY,SPY,0,0,0.3333333333333333,0.9868133051746026,0.28156185556651886,0.0,0.0,0.6959247648902823,0,"{""SPY"":0.1379310345,""QQQ"":0.1034482759,""IWM"":0.0689655172,""DIA"":0.0344827586,""EFA"":0.0344827586,""EEM"":0.0172413793,""VEA"":0.0172413793,""VWO"":0.0172413793,""AGG"":0.1379310345,""BND"":0.1034482759,""SHY"":0.0689655172,""IEF"":0.0344827586,""TLT"":0.0344827586,""TIP"":0.0344827586,""LQD"":0.0172413793,""HYG"":0.0172413793,""GLD"":0.0172413793,""SLV"":0.0172413793,""DBC"":0.0172413793,""VNQ"":0.0172413793,""UUP"":0.0172413793,""BIL"":0.0344827586}","{""SPY"":0.1379310345,""QQQ"":0.1034482759,""IWM"":0.0689655172,""DIA"":0.0344827586,""EFA"":0.0344827586,""EEM"":0.0172413793,""VEA"":0.0172413793,""VWO"":0.0172413793,""AGG"":0.1379310345,""BND"":0.1034482759,""SHY"":0.0689655172,""IEF"":0.0344827586,""TLT"":0.0344827586,""TIP"":0.0344827586,""LQD"":0.0172413793,""HYG"":0.0172413793,""GLD"":0.0172413793,""SLV"":0.0172413793,""DBC"":0.0172413793,""VNQ"":0.0172413793,""UUP"":0.0172413793,""BIL"":0.0344827586}","{""SPY"":0.0026554365,""QQQ"":0.0203874483,""IWM"":0.0005640318,""DIA"":0.0178427574,""EFA"":0.0002386923,""EEM"":0.0001240957,""VEA"":0.0002262464,""VWO"":0.0001374907,""AGG"":0.1294570119,""BND"":0.1309153384,""SHY"":0.0300047985,""IEF"":0.1165103199,""TLT"":0.1145595202,""TIP"":0.1454919645,""LQD"":0.1237988901,""HYG"":0.0104408164,""GLD"":0.1019347507,""SLV"":0.0019737008,""DBC"":0.0188165585,""VNQ"":0.0015977529,""UUP"":0.0040159354,""BIL"":0.028306443}",0,1.0,0.13793103448275862,0.017241379310344827,0.0,0,0,1.0,0.13793103448275862,0.017241379310344827,1,1,1,0,42,a297dc7dc9adbe0130eca06a
repeatability_504part,repeatability,repeat_01,llama3.1:8b,P6,,,real_ticker,,2011-11-01,42,10.0,0.6,0.25,01efed55ccad435b,"You are a HYBRID DEFENSIVE-MOMENTUM policy profile. Use only the supplied feature values. Prefer assets with above-median `_r12m`, but among those candidates favor lower `_vol3m` and smaller drawdowns. Avoid assets with severe drawdowns unless their twelve-month momentum is unusually strong and their volatility is not high. During high cross-sectional volatility, keep at least 20% of the portfolio in bond-like or cash-like ETFs if such assets are present in the provided asset list. Do not allocate more than 40% to any single risky asset as a language-level preference; the deterministic projection layer will enforce final feasibility. Include every eligible ticker exactly once. Return strictly valid JSON only with a `weights` object whose values are decimals, not percentages.
Hard constraints for the execution layer: long-only weights, weights sum to one, maximum single-asset weight 0.60, and turnover cap 0.25. You propose weights; deterministic projection will enforce final feasibility.

Current Features:
- SPY_r1m: 0.10979675
- SPY_r3m: -0.02804838
- SPY_r12m: 0.04147860
- SPY_vol3m: 0.36458587
- SPY_mdd: -0.09668597
- QQQ_r1m: 0.10363714
- QQQ_r3m: -0.00467032
- QQQ_r12m: 0.07737668
- QQQ_vol3m: 0.35524372
- QQQ_mdd: -0.05174151
- IWM_r1m: 0.17051980
- IWM_r3m: -0.07239432
- IWM_r12m: 0.01527215
- IWM_vol3m: 0.50594415
- IWM_mdd: -0.16793357
- DIA_r1m: 0.09596693
- DIA_r3m: -0.01323298
- DIA_r12m: 0.06905861
- DIA_vol3m: 0.32896344
- DIA_mdd: -0.07899015
- EFA_r1m: 0.09071359
- EFA_r3m: -0.10621813
- EFA_r12m: -0.09572579
- EFA_vol3m: 0.45579183
- EFA_mdd: -0.19013681
- EEM_r1m: 0.15890576
- EEM_r3m: -0.12406493
- EEM_r12m: -0.14096475
- EEM_vol3m: 0.49073124
- EEM_mdd: -0.19884040
- VEA_r1m: 0.08889620
- VEA_r3m: -0.11145110
- VEA_r12m: -0.09841911
- VEA_vol3m: 0.45691326
- VEA_mdd: -0.19328834
- VWO_r1m: 0.15369267
- VWO_r3m: -0.12966155
- VWO_r12m: -0.13780868
- VWO_vol3m: 0.47672691
- VWO_mdd: -0.19917188
- AGG_r1m: 0.00197956
- AGG_r3m: 0.02138165
- AGG_r12m: 0.05365894
- AGG_vol3m: 0.05401121
- AGG_mdd: -0.00019193
- BND_r1m: 0.00287609
- BND_r3m: 0.02374117
- BND_r12m: 0.05528798
- BND_vol3m: 0.05482070
- BND_mdd: 0.00000000
- SHY_r1m: 0.00021379
- SHY_r3m: 0.00202385
- SHY_r12m: 0.00993948
- SHY_vol3m: 0.00683057
- SHY_mdd: -0.00121571
- IEF_r1m: -0.01018997
- IEF_r3m: 0.05438799
- IEF_r12m: 0.09007691
- IEF_vol3m: 0.11224347
- IEF_mdd: -0.01360442
- TLT_r1m: -0.03271919
- TLT_r3m: 0.18365944
- TLT_r12m: 0.23191169
- TLT_vol3m: 0.31316442
- TLT_mdd: -0.03271919
- TIP_r1m: 0.02311898
- TIP_r3m: 0.03654125
- TIP_r12m: 0.09974184
- TIP_vol3m: 0.10593659
- TIP_mdd: 0.00000000
- LQD_r1m: 0.02831421
- LQD_r3m: 0.02607916
- LQD_r12m: 0.06993632
- LQD_vol3m: 0.08806179
- LQD_mdd: 0.00000000
- HYG_r1m: 0.07855700
- HYG_r3m: -0.00784048
- HYG_r12m: 0.03990031
- HYG_vol3m: 0.20581203
- HYG_mdd: -0.02990737
- GLD_r1m: 0.03988567
- GLD_r3m: 0.03647284
- GLD_r12m: 0.26334061
- GLD_vol3m: 0.30118397
- GLD_mdd: -0.09323361
- SLV_r1m: 0.09630390
- SLV_r3m: -0.20271264
- SLV_r12m: 0.32990549
- SLV_vol3m: 0.57404358
- SLV_mdd: -0.31591191
- DBC_r1m: 0.06908670
- DBC_r3m: -0.08179686
- DBC_r12m: 0.07117715
- DBC_vol3m: 0.23667164
- DBC_mdd: -0.14191728
- VNQ_r1m: 0.16092418
- VNQ_r3m: -0.01565462
- VNQ_r12m: 0.05324871
- VNQ_vol3m: 0.46952002
- VNQ_mdd: -0.10072173
- UUP_r1m: -0.03154151
- UUP_r3m: 0.03464652
- UUP_r12m: -0.02022475
- UUP_vol3m: 0.11121946
- UUP_mdd: -0.15602015
- BIL_r1m: -0.00000000
- BIL_r3m: -0.00021861
- BIL_r12m: 0.00021818
- BIL_vol3m: 0.00307964
- BIL_mdd: -0.00043639
- cross_vol: 0.27597725

Assets: SPY, QQQ, IWM, DIA, EFA, EEM, VEA, VWO, AGG, BND, SHY, IEF, TLT, TIP, LQD, HYG, GLD, SLV, DBC, VNQ, UUP, BIL","{
  ""weights"": {
    ""SPY"": 0.234,
    ""QQQ"": 0.163,
    ""IWM"": 0.104,
    ""DIA"": 0.075,
    ""EFA"": 0.064,
    ""EEM"": 0.056,
    ""VEA"": 0.046,
    ""VWO"": 0.043,
    ""AGG"": 0.030,
    ""BND"": 0.029,
    ""SHY"": 0.024,
    ""IEF"": 0.022,
    ""TLT"": 0.020,
    ""TIP"": 0.018,
    ""LQD"": 0.016,
    ""HYG"": 0.014,
    ""GLD"": 0.012,
    ""SLV"": 0.010,
    ""DBC"": 0.008,
    ""VNQ"": 0.006,
    ""UUP"": 0.004,
    ""BIL"": 0.002
  }
}",1,0,0,9.839263000001665,417,1,0,0,0,229,9.59145,1821,stop,[],0,0,0,0,TIP,SPY,SPY,0,0,0.0,1.5176230621072713,0.4171347514624711,3.642919299551295e-17,1.0262762485494681e-17,0.8476363636363633,0,"{""SPY"":0.234,""QQQ"":0.163,""IWM"":0.104,""DIA"":0.075,""EFA"":0.064,""EEM"":0.056,""VEA"":0.046,""VWO"":0.043,""AGG"":0.03,""BND"":0.029,""SHY"":0.024,""IEF"":0.022,""TLT"":0.02,""TIP"":0.018,""LQD"":0.016,""HYG"":0.014,""GLD"":0.012,""SLV"":0.01,""DBC"":0.008,""VNQ"":0.006,""UUP"":0.004,""BIL"":0.002}","{""SPY"":0.234,""QQQ"":0.163,""IWM"":0.104,""DIA"":0.075,""EFA"":0.064,""EEM"":0.056,""VEA"":0.046,""VWO"":0.043,""AGG"":0.03,""BND"":0.029,""SHY"":0.024,""IEF"":0.022,""TLT"":0.02,""TIP"":0.018,""LQD"":0.016,""HYG"":0.014,""GLD"":0.012,""SLV"":0.01,""DBC"":0.008,""VNQ"":0.006,""UUP"":0.004,""BIL"":0.002}","{""SPY"":0.0026554365,""QQQ"":0.0203874483,""IWM"":0.0005640318,""DIA"":0.0178427574,""EFA"":0.0002386923,""EEM"":0.0001240957,""VEA"":0.0002262464,""VWO"":0.0001374907,""AGG"":0.1294570119,""BND"":0.1309153384,""SHY"":0.0300047985,""IEF"":0.1165103199,""TLT"":0.1145595202,""TIP"":0.1454919645,""LQD"":0.1237988901,""HYG"":0.0104408164,""GLD"":0.1019347507,""SLV"":0.0019737008,""DBC"":0.0188165585,""VNQ"":0.0015977529,""UUP"":0.0040159354,""BIL"":0.028306443}",0,1.0,0.234,0.002,0.0,0,0,1.0,0.234,0.0020000000000000018,1,1,1,1,43,4baa1ee5a176265cc852f2a7
repeatability_504part,repeatability,repeat_02,llama3.1:8b,P6,,,real_ticker,,2011-11-01,42,10.0,0.6,0.25,01efed55ccad435b,"You are a HYBRID DEFENSIVE-MOMENTUM policy profile. Use only the supplied feature values. Prefer assets with above-median `_r12m`, but among those candidates favor lower `_vol3m` and smaller drawdowns. Avoid assets with severe drawdowns unless their twelve-month momentum is unusually strong and their volatility is not high. During high cross-sectional volatility, keep at least 20% of the portfolio in bond-like or cash-like ETFs if such assets are present in the provided asset list. Do not allocate more than 40% to any single risky asset as a language-level preference; the deterministic projection layer will enforce final feasibility. Include every eligible ticker exactly once. Return strictly valid JSON only with a `weights` object whose values are decimals, not percentages.
Hard constraints for the execution layer: long-only weights, weights sum to one, maximum single-asset weight 0.60, and turnover cap 0.25. You propose weights; deterministic projection will enforce final feasibility.

Current Features:
- SPY_r1m: 0.10979675
- SPY_r3m: -0.02804838
- SPY_r12m: 0.04147860
- SPY_vol3m: 0.36458587
- SPY_mdd: -0.09668597
- QQQ_r1m: 0.10363714
- QQQ_r3m: -0.00467032
- QQQ_r12m: 0.07737668
- QQQ_vol3m: 0.35524372
- QQQ_mdd: -0.05174151
- IWM_r1m: 0.17051980
- IWM_r3m: -0.07239432
- IWM_r12m: 0.01527215
- IWM_vol3m: 0.50594415
- IWM_mdd: -0.16793357
- DIA_r1m: 0.09596693
- DIA_r3m: -0.01323298
- DIA_r12m: 0.06905861
- DIA_vol3m: 0.32896344
- DIA_mdd: -0.07899015
- EFA_r1m: 0.09071359
- EFA_r3m: -0.10621813
- EFA_r12m: -0.09572579
- EFA_vol3m: 0.45579183
- EFA_mdd: -0.19013681
- EEM_r1m: 0.15890576
- EEM_r3m: -0.12406493
- EEM_r12m: -0.14096475
- EEM_vol3m: 0.49073124
- EEM_mdd: -0.19884040
- VEA_r1m: 0.08889620
- VEA_r3m: -0.11145110
- VEA_r12m: -0.09841911
- VEA_vol3m: 0.45691326
- VEA_mdd: -0.19328834
- VWO_r1m: 0.15369267
- VWO_r3m: -0.12966155
- VWO_r12m: -0.13780868
- VWO_vol3m: 0.47672691
- VWO_mdd: -0.19917188
- AGG_r1m: 0.00197956
- AGG_r3m: 0.02138165
- AGG_r12m: 0.05365894
- AGG_vol3m: 0.05401121
- AGG_mdd: -0.00019193
- BND_r1m: 0.00287609
- BND_r3m: 0.02374117
- BND_r12m: 0.05528798
- BND_vol3m: 0.05482070
- BND_mdd: 0.00000000
- SHY_r1m: 0.00021379
- SHY_r3m: 0.00202385
- SHY_r12m: 0.00993948
- SHY_vol3m: 0.00683057
- SHY_mdd: -0.00121571
- IEF_r1m: -0.01018997
- IEF_r3m: 0.05438799
- IEF_r12m: 0.09007691
- IEF_vol3m: 0.11224347
- IEF_mdd: -0.01360442
- TLT_r1m: -0.03271919
- TLT_r3m: 0.18365944
- TLT_r12m: 0.23191169
- TLT_vol3m: 0.31316442
- TLT_mdd: -0.03271919
- TIP_r1m: 0.02311898
- TIP_r3m: 0.03654125
- TIP_r12m: 0.09974184
- TIP_vol3m: 0.10593659
- TIP_mdd: 0.00000000
- LQD_r1m: 0.02831421
- LQD_r3m: 0.02607916
- LQD_r12m: 0.06993632
- LQD_vol3m: 0.08806179
- LQD_mdd: 0.00000000
- HYG_r1m: 0.07855700
- HYG_r3m: -0.00784048
- HYG_r12m: 0.03990031
- HYG_vol3m: 0.20581203
- HYG_mdd: -0.02990737
- GLD_r1m: 0.03988567
- GLD_r3m: 0.03647284
- GLD_r12m: 0.26334061
- GLD_vol3m: 0.30118397
- GLD_mdd: -0.09323361
- SLV_r1m: 0.09630390
- SLV_r3m: -0.20271264
- SLV_r12m: 0.32990549
- SLV_vol3m: 0.57404358
- SLV_mdd: -0.31591191
- DBC_r1m: 0.06908670
- DBC_r3m: -0.08179686
- DBC_r12m: 0.07117715
- DBC_vol3m: 0.23667164
- DBC_mdd: -0.14191728
- VNQ_r1m: 0.16092418
- VNQ_r3m: -0.01565462
- VNQ_r12m: 0.05324871
- VNQ_vol3m: 0.46952002
- VNQ_mdd: -0.10072173
- UUP_r1m: -0.03154151
- UUP_r3m: 0.03464652
- UUP_r12m: -0.02022475
- UUP_vol3m: 0.11121946
- UUP_mdd: -0.15602015
- BIL_r1m: -0.00000000
- BIL_r3m: -0.00021861
- BIL_r12m: 0.00021818
- BIL_vol3m: 0.00307964
- BIL_mdd: -0.00043639
- cross_vol: 0.27597725

Assets: SPY, QQQ, IWM, DIA, EFA, EEM, VEA, VWO, AGG, BND, SHY, IEF, TLT, TIP, LQD, HYG, GLD, SLV, DBC, VNQ, UUP, BIL","{
  ""weights"": {
    ""SPY"": 0.234,
    ""QQQ"": 0.163,
    ""IWM"": 0.104,
    ""DIA"": 0.075,
    ""EFA"": 0.064,
    ""EEM"": 0.056,
    ""VEA"": 0.046,
    ""VWO"": 0.043,
    ""AGG"": 0.030,
    ""BND"": 0.029,
    ""SHY"": 0.024,
    ""IEF"": 0.022,
    ""TLT"": 0.020,
    ""TIP"": 0.018,
    ""LQD"": 0.016,
    ""HYG"": 0.014,
    ""GLD"": 0.012,
    ""SLV"": 0.010,
    ""DBC"": 0.008,
    ""VNQ"": 0.006,
    ""UUP"": 0.004,
    ""BIL"": 0.002
  }
}",1,0,0,9.843403833001503,417,1,0,0,0,229,9.590957,1821,stop,[],0,0,0,0,TIP,SPY,SPY,0,0,0.0,1.5176230621072713,0.4171347514624711,3.642919299551295e-17,1.0262762485494681e-17,0.8476363636363633,0,"{""SPY"":0.234,""QQQ"":0.163,""IWM"":0.104,""DIA"":0.075,""EFA"":0.064,""EEM"":0.056,""VEA"":0.046,""VWO"":0.043,""AGG"":0.03,""BND"":0.029,""SHY"":0.024,""IEF"":0.022,""TLT"":0.02,""TIP"":0.018,""LQD"":0.016,""HYG"":0.014,""GLD"":0.012,""SLV"":0.01,""DBC"":0.008,""VNQ"":0.006,""UUP"":0.004,""BIL"":0.002}","{""SPY"":0.234,""QQQ"":0.163,""IWM"":0.104,""DIA"":0.075,""EFA"":0.064,""EEM"":0.056,""VEA"":0.046,""VWO"":0.043,""AGG"":0.03,""BND"":0.029,""SHY"":0.024,""IEF"":0.022,""TLT"":0.02,""TIP"":0.018,""LQD"":0.016,""HYG"":0.014,""GLD"":0.012,""SLV"":0.01,""DBC"":0.008,""VNQ"":0.006,""UUP"":0.004,""BIL"":0.002}","{""SPY"":0.0026554365,""QQQ"":0.0203874483,""IWM"":0.0005640318,""DIA"":0.0178427574,""EFA"":0.0002386923,""EEM"":0.0001240957,""VEA"":0.0002262464,""VWO"":0.0001374907,""AGG"":0.1294570119,""BND"":0.1309153384,""SHY"":0.0300047985,""IEF"":0.1165103199,""TLT"":0.1145595202,""TIP"":0.1454919645,""LQD"":0.1237988901,""HYG"":0.0104408164,""GLD"":0.1019347507,""SLV"":0.0019737008,""DBC"":0.0188165585,""VNQ"":0.0015977529,""UUP"":0.0040159354,""BIL"":0.028306443}",0,1.0,0.234,0.002,0.0,0,0,1.0,0.234,0.0020000000000000018,1,1,1,2,44,e9c2bdd96cfe1bf3a2ccbab0
repeatability_504part,repeatability,repeat_03,llama3.1:8b,P6,,,real_ticker,,2011-11-01,42,10.0,0.6,0.25,01efed55ccad435b,"You are a HYBRID DEFENSIVE-MOMENTUM policy profile. Use only the supplied feature values. Prefer assets with above-median `_r12m`, but among those candidates favor lower `_vol3m` and smaller drawdowns. Avoid assets with severe drawdowns unless their twelve-month momentum is unusually strong and their volatility is not high. During high cross-sectional volatility, keep at least 20% of the portfolio in bond-like or cash-like ETFs if such assets are present in the provided asset list. Do not allocate more than 40% to any single risky asset as a language-level preference; the deterministic projection layer will enforce final feasibility. Include every eligible ticker exactly once. Return strictly valid JSON only with a `weights` object whose values are decimals, not percentages.
Hard constraints for the execution layer: long-only weights, weights sum to one, maximum single-asset weight 0.60, and turnover cap 0.25. You propose weights; deterministic projection will enforce final feasibility.

Current Features:
- SPY_r1m: 0.10979675
- SPY_r3m: -0.02804838
- SPY_r12m: 0.04147860
- SPY_vol3m: 0.36458587
- SPY_mdd: -0.09668597
- QQQ_r1m: 0.10363714
- QQQ_r3m: -0.00467032
- QQQ_r12m: 0.07737668
- QQQ_vol3m: 0.35524372
- QQQ_mdd: -0.05174151
- IWM_r1m: 0.17051980
- IWM_r3m: -0.07239432
- IWM_r12m: 0.01527215
- IWM_vol3m: 0.50594415
- IWM_mdd: -0.16793357
- DIA_r1m: 0.09596693
- DIA_r3m: -0.01323298
- DIA_r12m: 0.06905861
- DIA_vol3m: 0.32896344
- DIA_mdd: -0.07899015
- EFA_r1m: 0.09071359
- EFA_r3m: -0.10621813
- EFA_r12m: -0.09572579
- EFA_vol3m: 0.45579183
- EFA_mdd: -0.19013681
- EEM_r1m: 0.15890576
- EEM_r3m: -0.12406493
- EEM_r12m: -0.14096475
- EEM_vol3m: 0.49073124
- EEM_mdd: -0.19884040
- VEA_r1m: 0.08889620
- VEA_r3m: -0.11145110
- VEA_r12m: -0.09841911
- VEA_vol3m: 0.45691326
- VEA_mdd: -0.19328834
- VWO_r1m: 0.15369267
- VWO_r3m: -0.12966155
- VWO_r12m: -0.13780868
- VWO_vol3m: 0.47672691
- VWO_mdd: -0.19917188
- AGG_r1m: 0.00197956
- AGG_r3m: 0.02138165
- AGG_r12m: 0.05365894
- AGG_vol3m: 0.05401121
- AGG_mdd: -0.00019193
- BND_r1m: 0.00287609
- BND_r3m: 0.02374117
- BND_r12m: 0.05528798
- BND_vol3m: 0.05482070
- BND_mdd: 0.00000000
- SHY_r1m: 0.00021379
- SHY_r3m: 0.00202385
- SHY_r12m: 0.00993948
- SHY_vol3m: 0.00683057
- SHY_mdd: -0.00121571
- IEF_r1m: -0.01018997
- IEF_r3m: 0.05438799
- IEF_r12m: 0.09007691
- IEF_vol3m: 0.11224347
- IEF_mdd: -0.01360442
- TLT_r1m: -0.03271919
- TLT_r3m: 0.18365944
- TLT_r12m: 0.23191169
- TLT_vol3m: 0.31316442
- TLT_mdd: -0.03271919
- TIP_r1m: 0.02311898
- TIP_r3m: 0.03654125
- TIP_r12m: 0.09974184
- TIP_vol3m: 0.10593659
- TIP_mdd: 0.00000000
- LQD_r1m: 0.02831421
- LQD_r3m: 0.02607916
- LQD_r12m: 0.06993632
- LQD_vol3m: 0.08806179
- LQD_mdd: 0.00000000
- HYG_r1m: 0.07855700
- HYG_r3m: -0.00784048
- HYG_r12m: 0.03990031
- HYG_vol3m: 0.20581203
- HYG_mdd: -0.02990737
- GLD_r1m: 0.03988567
- GLD_r3m: 0.03647284
- GLD_r12m: 0.26334061
- GLD_vol3m: 0.30118397
- GLD_mdd: -0.09323361
- SLV_r1m: 0.09630390
- SLV_r3m: -0.20271264
- SLV_r12m: 0.32990549
- SLV_vol3m: 0.57404358
- SLV_mdd: -0.31591191
- DBC_r1m: 0.06908670
- DBC_r3m: -0.08179686
- DBC_r12m: 0.07117715
- DBC_vol3m: 0.23667164
- DBC_mdd: -0.14191728
- VNQ_r1m: 0.16092418
- VNQ_r3m: -0.01565462
- VNQ_r12m: 0.05324871
- VNQ_vol3m: 0.46952002
- VNQ_mdd: -0.10072173
- UUP_r1m: -0.03154151
- UUP_r3m: 0.03464652
- UUP_r12m: -0.02022475
- UUP_vol3m: 0.11121946
- UUP_mdd: -0.15602015
- BIL_r1m: -0.00000000
- BIL_r3m: -0.00021861
- BIL_r12m: 0.00021818
- BIL_vol3m: 0.00307964
- BIL_mdd: -0.00043639
- cross_vol: 0.27597725

Assets: SPY, QQQ, IWM, DIA, EFA, EEM, VEA, VWO, AGG, BND, SHY, IEF, TLT, TIP, LQD, HYG, GLD, SLV, DBC, VNQ, UUP, BIL","{
  ""weights"": {
    ""SPY"": 0.234,
    ""QQQ"": 0.163,
    ""IWM"": 0.104,
    ""DIA"": 0.075,
    ""EFA"": 0.064,
    ""EEM"": 0.056,
    ""VEA"": 0.046,
    ""VWO"": 0.043,
    ""AGG"": 0.030,
    ""BND"": 0.029,
    ""SHY"": 0.024,
    ""IEF"": 0.022,
    ""TLT"": 0.020,
    ""TIP"": 0.018,
    ""LQD"": 0.016,
    ""HYG"": 0.014,
    ""GLD"": 0.012,
    ""SLV"": 0.010,
    ""DBC"": 0.008,
    ""VNQ"": 0.006,
    ""UUP"": 0.004,
    ""BIL"": 0.002
  }
}",1,0,0,9.850571250004577,417,1,0,0,0,229,9.5942,1821,stop,[],0,0,0,0,TIP,SPY,SPY,0,0,0.0,1.5176230621072713,0.4171347514624711,3.642919299551295e-17,1.0262762485494681e-17,0.8476363636363633,0,"{""SPY"":0.234,""QQQ"":0.163,""IWM"":0.104,""DIA"":0.075,""EFA"":0.064,""EEM"":0.056,""VEA"":0.046,""VWO"":0.043,""AGG"":0.03,""BND"":0.029,""SHY"":0.024,""IEF"":0.022,""TLT"":0.02,""TIP"":0.018,""LQD"":0.016,""HYG"":0.014,""GLD"":0.012,""SLV"":0.01,""DBC"":0.008,""VNQ"":0.006,""UUP"":0.004,""BIL"":0.002}","{""SPY"":0.234,""QQQ"":0.163,""IWM"":0.104,""DIA"":0.075,""EFA"":0.064,""EEM"":0.056,""VEA"":0.046,""VWO"":0.043,""AGG"":0.03,""BND"":0.029,""SHY"":0.024,""IEF"":0.022,""TLT"":0.02,""TIP"":0.018,""LQD"":0.016,""HYG"":0.014,""GLD"":0.012,""SLV"":0.01,""DBC"":0.008,""VNQ"":0.006,""UUP"":0.004,""BIL"":0.002}","{""SPY"":0.0026554365,""QQQ"":0.0203874483,""IWM"":0.0005640318,""DIA"":0.0178427574,""EFA"":0.0002386923,""EEM"":0.0001240957,""VEA"":0.0002262464,""VWO"":0.0001374907,""AGG"":0.1294570119,""BND"":0.1309153384,""SHY"":0.0300047985,""IEF"":0.1165103199,""TLT"":0.1145595202,""TIP"":0.1454919645,""LQD"":0.1237988901,""HYG"":0.0104408164,""GLD"":0.1019347507,""SLV"":0.0019737008,""DBC"":0.0188165585,""VNQ"":0.0015977529,""UUP"":0.0040159354,""BIL"":0.028306443}",0,1.0,0.234,0.002,0.0,0,0,1.0,0.234,0.0020000000000000018,1,1,1,3,45,e720f5fa41c4ef592b29b20d
repeatability_504part,repeatability,repeat_00,llama3.1:8b,P1,,,real_ticker,,2012-01-03,42,10.0,0.6,0.25,26ea5e491dd78a1e,"You are an AGGRESSIVE MOMENTUM policy profile. Use only the provided feature values. Strongly favor the eligible asset with the highest `_r12m` value. Allocate 60.0% of total portfolio weight to that target asset as the language-level policy target. Distribute the remaining weight equally among all other eligible assets. Include every eligible ticker exactly once. Return strictly valid JSON only with a `weights` object whose values are decimals, not percentages.
Hard constraints for the execution layer: long-only weights, weights sum to one, maximum single-asset weight 0.60, and turnover cap 0.25. You propose weights; deterministic projection will enforce final feasibility.

Current Features:
- SPY_r1m: 0.02671527
- SPY_r3m: 0.16718437
- SPY_r12m: 0.02459531
- SPY_vol3m: 0.25887618
- SPY_mdd: -0.04997558
- QQQ_r1m: 0.00594880
- QQQ_r3m: 0.11689063
- QQQ_r12m: 0.03838268
- QQQ_vol3m: 0.25840276
- QQQ_mdd: -0.04035395
- IWM_r1m: 0.02917684
- IWM_r3m: 0.23521409
- IWM_r12m: -0.04505676
- IWM_vol3m: 0.37699975
- IWM_mdd: -0.12194550
- DIA_r1m: 0.03222774
- DIA_r3m: 0.17057072
- DIA_r12m: 0.08903085
- DIA_vol3m: 0.23431513
- DIA_mdd: -0.01629590
- EFA_r1m: 0.01361774
- EFA_r3m: 0.10687441
- EFA_r12m: -0.10575190
- EFA_vol3m: 0.34495450
- EFA_mdd: -0.17813728
- EEM_r1m: -0.01040913
- EEM_r3m: 0.14885810
- EEM_r12m: -0.17111157
- EEM_vol3m: 0.40143404
- EEM_mdd: -0.20578643
- VEA_r1m: 0.01517214
- VEA_r3m: 0.10818355
- VEA_r12m: -0.10683659
- VEA_vol3m: 0.34370176
- VEA_mdd: -0.17899926
- VWO_r1m: -0.01158303
- VWO_r3m: 0.14397978
- VWO_r12m: -0.17177883
- VWO_vol3m: 0.38302937
- VWO_mdd: -0.20591402
- AGG_r1m: 0.01119144
- AGG_r3m: 0.00536611
- AGG_r12m: 0.07603870
- AGG_vol3m: 0.03331322
- AGG_mdd: -0.00326163
- BND_r1m: 0.00898238
- BND_r3m: 0.00348953
- BND_r12m: 0.07727894
- BND_vol3m: 0.03756326
- BND_mdd: -0.00311223
- SHY_r1m: -0.00012975
- SHY_r3m: 0.00049776
- SHY_r12m: 0.01404628
- SHY_vol3m: 0.00531284
- SHY_mdd: -0.00093215
- IEF_r1m: 0.01369706
- IEF_r3m: -0.00306404
- IEF_r12m: 0.15272143
- IEF_vol3m: 0.08440505
- IEF_mdd: -0.00989252
- TLT_r1m: 0.02405974
- TLT_r3m: -0.02737094
- TLT_r12m: 0.32993039
- TLT_vol3m: 0.22551420
- TLT_mdd: -0.03273596
- TIP_r1m: 0.00163230
- TIP_r3m: 0.01738628
- TIP_r12m: 0.13732929
- TIP_vol3m: 0.05984445
- TIP_mdd: -0.00931095
- LQD_r1m: 0.03166996
- LQD_r3m: 0.02464791
- LQD_r12m: 0.09230839
- LQD_vol3m: 0.06049788
- LQD_mdd: -0.00968665
- HYG_r1m: 0.04431138
- HYG_r3m: 0.12391236
- HYG_r12m: 0.07017901
- HYG_vol3m: 0.15996681
- HYG_mdd: 0.00000000
- GLD_r1m: -0.08082300
- GLD_r3m: -0.03131218
- GLD_r12m: 0.12985506
- GLD_vol3m: 0.22454383
- GLD_mdd: -0.15531718
- SLV_r1m: -0.09510360
- SLV_r3m: -0.02238046
- SLV_r12m: -0.03835889
- SLV_vol3m: 0.44565753
- SLV_mdd: -0.38997036
- DBC_r1m: 0.00363098
- DBC_r3m: 0.07884469
- DBC_r12m: -0.00108416
- DBC_vol3m: 0.20030309
- DBC_mdd: -0.13408522
- VNQ_r1m: 0.06612979
- VNQ_r3m: 0.22009878
- VNQ_r12m: 0.07552805
- VNQ_vol3m: 0.32461677
- VNQ_mdd: -0.05488374
- UUP_r1m: 0.01043086
- UUP_r3m: -0.01021770
- UUP_r12m: -0.02366356
- UUP_vol3m: 0.10413897
- UUP_mdd: -0.13743715
- BIL_r1m: -0.00017458
- BIL_r3m: -0.00061026
- BIL_r12m: -0.00082873
- BIL_vol3m: 0.00287903
- BIL_mdd: -0.00104638
- cross_vol: 0.20773956

Assets: SPY, QQQ, IWM, DIA, EFA, EEM, VEA, VWO, AGG, BND, SHY, IEF, TLT, TIP, LQD, HYG, GLD, SLV, DBC, VNQ, UUP, BIL","{
  ""weights"": {
    ""SPY"": 0.6,
    ""QQQ"": 0.1,
    ""IWM"": 0.1,
    ""DIA"": 0.05,
    ""EFA"": 0.025,
    ""EEM"": 0.025,
    ""VEA"": 0.025,
    ""VWO"": 0.025,
    ""AGG"": 0.025,
    ""BND"": 0.025,
    ""SHY"": 0.025,
    ""IEF"": 0.025,
    ""TLT"": 0.025,
    ""TIP"": 0.025,
    ""LQD"": 0.025,
    ""HYG"": 0.025,
    ""GLD"": 0.025,
    ""SLV"": 0.025,
    ""DBC"": 0.025,
    ""VNQ"": 0.025,
    ""UUP"": 0.025,
    ""BIL"": 0.025
  }
}",1,0,0,17.07985470900894,410,1,0,0,0,229,9.569081,1754,stop,[],0,0,0,0,TLT,SPY,SPY,0,0,0.6666666666666666,1.1615384615384614,0.7349609873047415,2.220446049250313e-16,4.881944598394378e-17,0.9580419580419584,0,"{""SPY"":0.4615384615,""QQQ"":0.0769230769,""IWM"":0.0769230769,""DIA"":0.0384615385,""EFA"":0.0192307692,""EEM"":0.0192307692,""VEA"":0.0192307692,""VWO"":0.0192307692,""AGG"":0.0192307692,""BND"":0.0192307692,""SHY"":0.0192307692,""IEF"":0.0192307692,""TLT"":0.0192307692,""TIP"":0.0192307692,""LQD"":0.0192307692,""HYG"":0.0192307692,""GLD"":0.0192307692,""SLV"":0.0192307692,""DBC"":0.0192307692,""VNQ"":0.0192307692,""UUP"":0.0192307692,""BIL"":0.0192307692}","{""SPY"":0.4615384615,""QQQ"":0.0769230769,""IWM"":0.0769230769,""DIA"":0.0384615385,""EFA"":0.0192307692,""EEM"":0.0192307692,""VEA"":0.0192307692,""VWO"":0.0192307692,""AGG"":0.0192307692,""BND"":0.0192307692,""SHY"":0.0192307692,""IEF"":0.0192307692,""TLT"":0.0192307692,""TIP"":0.0192307692,""LQD"":0.0192307692,""HYG"":0.0192307692,""GLD"":0.0192307692,""SLV"":0.0192307692,""DBC"":0.0192307692,""VNQ"":0.0192307692,""UUP"":0.0192307692,""BIL"":0.0192307692}","{""SPY"":0.019047619,""QQQ"":0.019047619,""IWM"":0.019047619,""DIA"":0.019047619,""EFA"":0.019047619,""EEM"":0.019047619,""VEA"":0.019047619,""VWO"":0.019047619,""AGG"":0.019047619,""BND"":0.019047619,""SHY"":0.019047619,""IEF"":0.019047619,""TLT"":0.6,""TIP"":0.019047619,""LQD"":0.019047619,""HYG"":0.019047619,""GLD"":0.019047619,""SLV"":0.019047619,""DBC"":0.019047619,""VNQ"":0.019047619,""UUP"":0.019047619,""BIL"":0.019047619}",0,1.0000000000000002,0.4615384615384615,0.019230769230769232,2.220446049250313e-16,0,0,1.0,0.4615384615384615,0.01923076923076922,1,1,1,0,42,a34c85f31e1a8c9a5ebfa0fa
repeatability_504part,repeatability,repeat_01,llama3.1:8b,P1,,,real_ticker,,2012-01-03,42,10.0,0.6,0.25,26ea5e491dd78a1e,"You are an AGGRESSIVE MOMENTUM policy profile. Use only the provided feature values. Strongly favor the eligible asset with the highest `_r12m` value. Allocate 60.0% of total portfolio weight to that target asset as the language-level policy target. Distribute the remaining weight equally among all other eligible assets. Include every eligible ticker exactly once. Return strictly valid JSON only with a `weights` object whose values are decimals, not percentages.
Hard constraints for the execution layer: long-only weights, weights sum to one, maximum single-asset weight 0.60, and turnover cap 0.25. You propose weights; deterministic projection will enforce final feasibility.

Current Features:
- SPY_r1m: 0.02671527
- SPY_r3m: 0.16718437
- SPY_r12m: 0.02459531
- SPY_vol3m: 0.25887618
- SPY_mdd: -0.04997558
- QQQ_r1m: 0.00594880
- QQQ_r3m: 0.11689063
- QQQ_r12m: 0.03838268
- QQQ_vol3m: 0.25840276
- QQQ_mdd: -0.04035395
- IWM_r1m: 0.02917684
- IWM_r3m: 0.23521409
- IWM_r12m: -0.04505676
- IWM_vol3m: 0.37699975
- IWM_mdd: -0.12194550
- DIA_r1m: 0.03222774
- DIA_r3m: 0.17057072
- DIA_r12m: 0.08903085
- DIA_vol3m: 0.23431513
- DIA_mdd: -0.01629590
- EFA_r1m: 0.01361774
- EFA_r3m: 0.10687441
- EFA_r12m: -0.10575190
- EFA_vol3m: 0.34495450
- EFA_mdd: -0.17813728
- EEM_r1m: -0.01040913
- EEM_r3m: 0.14885810
- EEM_r12m: -0.17111157
- EEM_vol3m: 0.40143404
- EEM_mdd: -0.20578643
- VEA_r1m: 0.01517214
- VEA_r3m: 0.10818355
- VEA_r12m: -0.10683659
- VEA_vol3m: 0.34370176
- VEA_mdd: -0.17899926
- VWO_r1m: -0.01158303
- VWO_r3m: 0.14397978
- VWO_r12m: -0.17177883
- VWO_vol3m: 0.38302937
- VWO_mdd: -0.20591402
- AGG_r1m: 0.01119144
- AGG_r3m: 0.00536611
- AGG_r12m: 0.07603870
- AGG_vol3m: 0.03331322
- AGG_mdd: -0.00326163
- BND_r1m: 0.00898238
- BND_r3m: 0.00348953
- BND_r12m: 0.07727894
- BND_vol3m: 0.03756326
- BND_mdd: -0.00311223
- SHY_r1m: -0.00012975
- SHY_r3m: 0.00049776
- SHY_r12m: 0.01404628
- SHY_vol3m: 0.00531284
- SHY_mdd: -0.00093215
- IEF_r1m: 0.01369706
- IEF_r3m: -0.00306404
- IEF_r12m: 0.15272143
- IEF_vol3m: 0.08440505
- IEF_mdd: -0.00989252
- TLT_r1m: 0.02405974
- TLT_r3m: -0.02737094
- TLT_r12m: 0.32993039
- TLT_vol3m: 0.22551420
- TLT_mdd: -0.03273596
- TIP_r1m: 0.00163230
- TIP_r3m: 0.01738628
- TIP_r12m: 0.13732929
- TIP_vol3m: 0.05984445
- TIP_mdd: -0.00931095
- LQD_r1m: 0.03166996
- LQD_r3m: 0.02464791
- LQD_r12m: 0.09230839
- LQD_vol3m: 0.06049788
- LQD_mdd: -0.00968665
- HYG_r1m: 0.04431138
- HYG_r3m: 0.12391236
- HYG_r12m: 0.07017901
- HYG_vol3m: 0.15996681
- HYG_mdd: 0.00000000
- GLD_r1m: -0.08082300
- GLD_r3m: -0.03131218
- GLD_r12m: 0.12985506
- GLD_vol3m: 0.22454383
- GLD_mdd: -0.15531718
- SLV_r1m: -0.09510360
- SLV_r3m: -0.02238046
- SLV_r12m: -0.03835889
- SLV_vol3m: 0.44565753
- SLV_mdd: -0.38997036
- DBC_r1m: 0.00363098
- DBC_r3m: 0.07884469
- DBC_r12m: -0.00108416
- DBC_vol3m: 0.20030309
- DBC_mdd: -0.13408522
- VNQ_r1m: 0.06612979
- VNQ_r3m: 0.22009878
- VNQ_r12m: 0.07552805
- VNQ_vol3m: 0.32461677
- VNQ_mdd: -0.05488374
- UUP_r1m: 0.01043086
- UUP_r3m: -0.01021770
- UUP_r12m: -0.02366356
- UUP_vol3m: 0.10413897
- UUP_mdd: -0.13743715
- BIL_r1m: -0.00017458
- BIL_r3m: -0.00061026
- BIL_r12m: -0.00082873
- BIL_vol3m: 0.00287903
- BIL_mdd: -0.00104638
- cross_vol: 0.20773956

Assets: SPY, QQQ, IWM, DIA, EFA, EEM, VEA, VWO, AGG, BND, SHY, IEF, TLT, TIP, LQD, HYG, GLD, SLV, DBC, VNQ, UUP, BIL","{
  ""weights"": {
    ""SPY"": 0.6,
    ""QQQ"": 0.1,
    ""IWM"": 0.1,
    ""DIA"": 0.05,
    ""EFA"": 0.025,
    ""EEM"": 0.025,
    ""VEA"": 0.025,
    ""VWO"": 0.025,
    ""AGG"": 0.025,
    ""BND"": 0.025,
    ""SHY"": 0.025,
    ""IEF"": 0.025,
    ""TLT"": 0.025,
    ""TIP"": 0.025,
    ""LQD"": 0.025,
    ""HYG"": 0.025,
    ""GLD"": 0.025,
    ""SLV"": 0.025,
    ""DBC"": 0.025,
    ""VNQ"": 0.025,
    ""UUP"": 0.025,
    ""BIL"": 0.025
  }
}",1,0,0,9.810427750009694,410,1,0,0,0,229,9.55972,1754,stop,[],0,0,0,0,TLT,SPY,SPY,0,0,0.6666666666666666,1.1615384615384614,0.7349609873047415,2.220446049250313e-16,4.881944598394378e-17,0.9580419580419584,0,"{""SPY"":0.4615384615,""QQQ"":0.0769230769,""IWM"":0.0769230769,""DIA"":0.0384615385,""EFA"":0.0192307692,""EEM"":0.0192307692,""VEA"":0.0192307692,""VWO"":0.0192307692,""AGG"":0.0192307692,""BND"":0.0192307692,""SHY"":0.0192307692,""IEF"":0.0192307692,""TLT"":0.0192307692,""TIP"":0.0192307692,""LQD"":0.0192307692,""HYG"":0.0192307692,""GLD"":0.0192307692,""SLV"":0.0192307692,""DBC"":0.0192307692,""VNQ"":0.0192307692,""UUP"":0.0192307692,""BIL"":0.0192307692}","{""SPY"":0.4615384615,""QQQ"":0.0769230769,""IWM"":0.0769230769,""DIA"":0.0384615385,""EFA"":0.0192307692,""EEM"":0.0192307692,""VEA"":0.0192307692,""VWO"":0.0192307692,""AGG"":0.0192307692,""BND"":0.0192307692,""SHY"":0.0192307692,""IEF"":0.0192307692,""TLT"":0.0192307692,""TIP"":0.0192307692,""LQD"":0.0192307692,""HYG"":0.0192307692,""GLD"":0.0192307692,""SLV"":0.0192307692,""DBC"":0.0192307692,""VNQ"":0.0192307692,""UUP"":0.0192307692,""BIL"":0.0192307692}","{""SPY"":0.019047619,""QQQ"":0.019047619,""IWM"":0.019047619,""DIA"":0.019047619,""EFA"":0.019047619,""EEM"":0.019047619,""VEA"":0.019047619,""VWO"":0.019047619,""AGG"":0.019047619,""BND"":0.019047619,""SHY"":0.019047619,""IEF"":0.019047619,""TLT"":0.6,""TIP"":0.019047619,""LQD"":0.019047619,""HYG"":0.019047619,""GLD"":0.019047619,""SLV"":0.019047619,""DBC"":0.019047619,""VNQ"":0.019047619,""UUP"":0.019047619,""BIL"":0.019047619}",0,1.0000000000000002,0.4615384615384615,0.019230769230769232,2.220446049250313e-16,0,0,1.0,0.4615384615384615,0.01923076923076922,1,1,1,1,43,9995adc73edf6d0c0150e20f
repeatability_504part,repeatability,repeat_02,llama3.1:8b,P1,,,real_ticker,,2012-01-03,42,10.0,0.6,0.25,26ea5e491dd78a1e,"You are an AGGRESSIVE MOMENTUM policy profile. Use only the provided feature values. Strongly favor the eligible asset with the highest `_r12m` value. Allocate 60.0% of total portfolio weight to that target asset as the language-level policy target. Distribute the remaining weight equally among all other eligible assets. Include every eligible ticker exactly once. Return strictly valid JSON only with a `weights` object whose values are decimals, not percentages.
Hard constraints for the execution layer: long-only weights, weights sum to one, maximum single-asset weight 0.60, and turnover cap 0.25. You propose weights; deterministic projection will enforce final feasibility.

Current Features:
- SPY_r1m: 0.02671527
- SPY_r3m: 0.16718437
- SPY_r12m: 0.02459531
- SPY_vol3m: 0.25887618
- SPY_mdd: -0.04997558
- QQQ_r1m: 0.00594880
- QQQ_r3m: 0.11689063
- QQQ_r12m: 0.03838268
- QQQ_vol3m: 0.25840276
- QQQ_mdd: -0.04035395
- IWM_r1m: 0.02917684
- IWM_r3m: 0.23521409
- IWM_r12m: -0.04505676
- IWM_vol3m: 0.37699975
- IWM_mdd: -0.12194550
- DIA_r1m: 0.03222774
- DIA_r3m: 0.17057072
- DIA_r12m: 0.08903085
- DIA_vol3m: 0.23431513
- DIA_mdd: -0.01629590
- EFA_r1m: 0.01361774
- EFA_r3m: 0.10687441
- EFA_r12m: -0.10575190
- EFA_vol3m: 0.34495450
- EFA_mdd: -0.17813728
- EEM_r1m: -0.01040913
- EEM_r3m: 0.14885810
- EEM_r12m: -0.17111157
- EEM_vol3m: 0.40143404
- EEM_mdd: -0.20578643
- VEA_r1m: 0.01517214
- VEA_r3m: 0.10818355
- VEA_r12m: -0.10683659
- VEA_vol3m: 0.34370176
- VEA_mdd: -0.17899926
- VWO_r1m: -0.01158303
- VWO_r3m: 0.14397978
- VWO_r12m: -0.17177883
- VWO_vol3m: 0.38302937
- VWO_mdd: -0.20591402
- AGG_r1m: 0.01119144
- AGG_r3m: 0.00536611
- AGG_r12m: 0.07603870
- AGG_vol3m: 0.03331322
- AGG_mdd: -0.00326163
- BND_r1m: 0.00898238
- BND_r3m: 0.00348953
- BND_r12m: 0.07727894
- BND_vol3m: 0.03756326
- BND_mdd: -0.00311223
- SHY_r1m: -0.00012975
- SHY_r3m: 0.00049776
- SHY_r12m: 0.01404628
- SHY_vol3m: 0.00531284
- SHY_mdd: -0.00093215
- IEF_r1m: 0.01369706
- IEF_r3m: -0.00306404
- IEF_r12m: 0.15272143
- IEF_vol3m: 0.08440505
- IEF_mdd: -0.00989252
- TLT_r1m: 0.02405974
- TLT_r3m: -0.02737094
- TLT_r12m: 0.32993039
- TLT_vol3m: 0.22551420
- TLT_mdd: -0.03273596
- TIP_r1m: 0.00163230
- TIP_r3m: 0.01738628
- TIP_r12m: 0.13732929
- TIP_vol3m: 0.05984445
- TIP_mdd: -0.00931095
- LQD_r1m: 0.03166996
- LQD_r3m: 0.02464791
- LQD_r12m: 0.09230839
- LQD_vol3m: 0.06049788
- LQD_mdd: -0.00968665
- HYG_r1m: 0.04431138
- HYG_r3m: 0.12391236
- HYG_r12m: 0.07017901
- HYG_vol3m: 0.15996681
- HYG_mdd: 0.00000000
- GLD_r1m: -0.08082300
- GLD_r3m: -0.03131218
- GLD_r12m: 0.12985506
- GLD_vol3m: 0.22454383
- GLD_mdd: -0.15531718
- SLV_r1m: -0.09510360
- SLV_r3m: -0.02238046
- SLV_r12m: -0.03835889
- SLV_vol3m: 0.44565753
- SLV_mdd: -0.38997036
- DBC_r1m: 0.00363098
- DBC_r3m: 0.07884469
- DBC_r12m: -0.00108416
- DBC_vol3m: 0.20030309
- DBC_mdd: -0.13408522
- VNQ_r1m: 0.06612979
- VNQ_r3m: 0.22009878
- VNQ_r12m: 0.07552805
- VNQ_vol3m: 0.32461677
- VNQ_mdd: -0.05488374
- UUP_r1m: 0.01043086
- UUP_r3m: -0.01021770
- UUP_r12m: -0.02366356
- UUP_vol3m: 0.10413897
- UUP_mdd: -0.13743715
- BIL_r1m: -0.00017458
- BIL_r3m: -0.00061026
- BIL_r12m: -0.00082873
- BIL_vol3m: 0.00287903
- BIL_mdd: -0.00104638
- cross_vol: 0.20773956

Assets: SPY, QQQ, IWM, DIA, EFA, EEM, VEA, VWO, AGG, BND, SHY, IEF, TLT, TIP, LQD, HYG, GLD, SLV, DBC, VNQ, UUP, BIL","{
  ""weights"": {
    ""SPY"": 0.6,
    ""QQQ"": 0.1,
    ""IWM"": 0.1,
    ""DIA"": 0.05,
    ""EFA"": 0.025,
    ""EEM"": 0.025,
    ""VEA"": 0.025,
    ""VWO"": 0.025,
    ""AGG"": 0.025,
    ""BND"": 0.025,
    ""SHY"": 0.025,
    ""IEF"": 0.025,
    ""TLT"": 0.025,
    ""TIP"": 0.025,
    ""LQD"": 0.025,
    ""HYG"": 0.025,
    ""GLD"": 0.025,
    ""SLV"": 0.025,
    ""DBC"": 0.025,
    ""VNQ"": 0.025,
    ""UUP"": 0.025,
    ""BIL"": 0.025
  }
}",1,0,0,9.802955167004257,410,1,0,0,0,229,9.562835,1754,stop,[],0,0,0,0,TLT,SPY,SPY,0,0,0.6666666666666666,1.1615384615384614,0.7349609873047415,2.220446049250313e-16,4.881944598394378e-17,0.9580419580419584,0,"{""SPY"":0.4615384615,""QQQ"":0.0769230769,""IWM"":0.0769230769,""DIA"":0.0384615385,""EFA"":0.0192307692,""EEM"":0.0192307692,""VEA"":0.0192307692,""VWO"":0.0192307692,""AGG"":0.0192307692,""BND"":0.0192307692,""SHY"":0.0192307692,""IEF"":0.0192307692,""TLT"":0.0192307692,""TIP"":0.0192307692,""LQD"":0.0192307692,""HYG"":0.0192307692,""GLD"":0.0192307692,""SLV"":0.0192307692,""DBC"":0.0192307692,""VNQ"":0.0192307692,""UUP"":0.0192307692,""BIL"":0.0192307692}","{""SPY"":0.4615384615,""QQQ"":0.0769230769,""IWM"":0.0769230769,""DIA"":0.0384615385,""EFA"":0.0192307692,""EEM"":0.0192307692,""VEA"":0.0192307692,""VWO"":0.0192307692,""AGG"":0.0192307692,""BND"":0.0192307692,""SHY"":0.0192307692,""IEF"":0.0192307692,""TLT"":0.0192307692,""TIP"":0.0192307692,""LQD"":0.0192307692,""HYG"":0.0192307692,""GLD"":0.0192307692,""SLV"":0.0192307692,""DBC"":0.0192307692,""VNQ"":0.0192307692,""UUP"":0.0192307692,""BIL"":0.0192307692}","{""SPY"":0.019047619,""QQQ"":0.019047619,""IWM"":0.019047619,""DIA"":0.019047619,""EFA"":0.019047619,""EEM"":0.019047619,""VEA"":0.019047619,""VWO"":0.019047619,""AGG"":0.019047619,""BND"":0.019047619,""SHY"":0.019047619,""IEF"":0.019047619,""TLT"":0.6,""TIP"":0.019047619,""LQD"":0.019047619,""HYG"":0.019047619,""GLD"":0.019047619,""SLV"":0.019047619,""DBC"":0.019047619,""VNQ"":0.019047619,""UUP"":0.019047619,""BIL"":0.019047619}",0,1.0000000000000002,0.4615384615384615,0.019230769230769232,2.220446049250313e-16,0,0,1.0,0.4615384615384615,0.01923076923076922,1,1,1,2,44,1236ef38a55b100aa5eb9069
repeatability_504part,repeatability,repeat_03,llama3.1:8b,P1,,,real_ticker,,2012-01-03,42,10.0,0.6,0.25,26ea5e491dd78a1e,"You are an AGGRESSIVE MOMENTUM policy profile. Use only the provided feature values. Strongly favor the eligible asset with the highest `_r12m` value. Allocate 60.0% of total portfolio weight to that target asset as the language-level policy target. Distribute the remaining weight equally among all other eligible assets. Include every eligible ticker exactly once. Return strictly valid JSON only with a `weights` object whose values are decimals, not percentages.
Hard constraints for the execution layer: long-only weights, weights sum to one, maximum single-asset weight 0.60, and turnover cap 0.25. You propose weights; deterministic projection will enforce final feasibility.

Current Features:
- SPY_r1m: 0.02671527
- SPY_r3m: 0.16718437
- SPY_r12m: 0.02459531
- SPY_vol3m: 0.25887618
- SPY_mdd: -0.04997558
- QQQ_r1m: 0.00594880
- QQQ_r3m: 0.11689063
- QQQ_r12m: 0.03838268
- QQQ_vol3m: 0.25840276
- QQQ_mdd: -0.04035395
- IWM_r1m: 0.02917684
- IWM_r3m: 0.23521409
- IWM_r12m: -0.04505676
- IWM_vol3m: 0.37699975
- IWM_mdd: -0.12194550
- DIA_r1m: 0.03222774
- DIA_r3m: 0.17057072
- DIA_r12m: 0.08903085
- DIA_vol3m: 0.23431513
- DIA_mdd: -0.01629590
- EFA_r1m: 0.01361774
- EFA_r3m: 0.10687441
- EFA_r12m: -0.10575190
- EFA_vol3m: 0.34495450
- EFA_mdd: -0.17813728
- EEM_r1m: -0.01040913
- EEM_r3m: 0.14885810
- EEM_r12m: -0.17111157
- EEM_vol3m: 0.40143404
- EEM_mdd: -0.20578643
- VEA_r1m: 0.01517214
- VEA_r3m: 0.10818355
- VEA_r12m: -0.10683659
- VEA_vol3m: 0.34370176
- VEA_mdd: -0.17899926
- VWO_r1m: -0.01158303
- VWO_r3m: 0.14397978
- VWO_r12m: -0.17177883
- VWO_vol3m: 0.38302937
- VWO_mdd: -0.20591402
- AGG_r1m: 0.01119144
- AGG_r3m: 0.00536611
- AGG_r12m: 0.07603870
- AGG_vol3m: 0.03331322
- AGG_mdd: -0.00326163
- BND_r1m: 0.00898238
- BND_r3m: 0.00348953
- BND_r12m: 0.07727894
- BND_vol3m: 0.03756326
- BND_mdd: -0.00311223
- SHY_r1m: -0.00012975
- SHY_r3m: 0.00049776
- SHY_r12m: 0.01404628
- SHY_vol3m: 0.00531284
- SHY_mdd: -0.00093215
- IEF_r1m: 0.01369706
- IEF_r3m: -0.00306404
- IEF_r12m: 0.15272143
- IEF_vol3m: 0.08440505
- IEF_mdd: -0.00989252
- TLT_r1m: 0.02405974
- TLT_r3m: -0.02737094
- TLT_r12m: 0.32993039
- TLT_vol3m: 0.22551420
- TLT_mdd: -0.03273596
- TIP_r1m: 0.00163230
- TIP_r3m: 0.01738628
- TIP_r12m: 0.13732929
- TIP_vol3m: 0.05984445
- TIP_mdd: -0.00931095
- LQD_r1m: 0.03166996
- LQD_r3m: 0.02464791
- LQD_r12m: 0.09230839
- LQD_vol3m: 0.06049788
- LQD_mdd: -0.00968665
- HYG_r1m: 0.04431138
- HYG_r3m: 0.12391236
- HYG_r12m: 0.07017901
- HYG_vol3m: 0.15996681
- HYG_mdd: 0.00000000
- GLD_r1m: -0.08082300
- GLD_r3m: -0.03131218
- GLD_r12m: 0.12985506
- GLD_vol3m: 0.22454383
- GLD_mdd: -0.15531718
- SLV_r1m: -0.09510360
- SLV_r3m: -0.02238046
- SLV_r12m: -0.03835889
- SLV_vol3m: 0.44565753
- SLV_mdd: -0.38997036
- DBC_r1m: 0.00363098
- DBC_r3m: 0.07884469
- DBC_r12m: -0.00108416
- DBC_vol3m: 0.20030309
- DBC_mdd: -0.13408522
- VNQ_r1m: 0.06612979
- VNQ_r3m: 0.22009878
- VNQ_r12m: 0.07552805
- VNQ_vol3m: 0.32461677
- VNQ_mdd: -0.05488374
- UUP_r1m: 0.01043086
- UUP_r3m: -0.01021770
- UUP_r12m: -0.02366356
- UUP_vol3m: 0.10413897
- UUP_mdd: -0.13743715
- BIL_r1m: -0.00017458
- BIL_r3m: -0.00061026
- BIL_r12m: -0.00082873
- BIL_vol3m: 0.00287903
- BIL_mdd: -0.00104638
- cross_vol: 0.20773956

Assets: SPY, QQQ, IWM, DIA, EFA, EEM, VEA, VWO, AGG, BND, SHY, IEF, TLT, TIP, LQD, HYG, GLD, SLV, DBC, VNQ, UUP, BIL","{
  ""weights"": {
    ""SPY"": 0.6,
    ""QQQ"": 0.1,
    ""IWM"": 0.1,
    ""DIA"": 0.05,
    ""EFA"": 0.025,
    ""EEM"": 0.025,
    ""VEA"": 0.025,
    ""VWO"": 0.025,
    ""AGG"": 0.025,
    ""BND"": 0.025,
    ""SHY"": 0.025,
    ""IEF"": 0.025,
    ""TLT"": 0.025,
    ""TIP"": 0.025,
    ""LQD"": 0.025,
    ""HYG"": 0.025,
    ""GLD"": 0.025,
    ""SLV"": 0.025,
    ""DBC"": 0.025,
    ""VNQ"": 0.025,
    ""UUP"": 0.025,
    ""BIL"": 0.025
  }
}",1,0,0,9.804659500005073,410,1,0,0,0,229,9.562332,1754,stop,[],0,0,0,0,TLT,SPY,SPY,0,0,0.6666666666666666,1.1615384615384614,0.7349609873047415,2.220446049250313e-16,4.881944598394378e-17,0.9580419580419584,0,"{""SPY"":0.4615384615,""QQQ"":0.0769230769,""IWM"":0.0769230769,""DIA"":0.0384615385,""EFA"":0.0192307692,""EEM"":0.0192307692,""VEA"":0.0192307692,""VWO"":0.0192307692,""AGG"":0.0192307692,""BND"":0.0192307692,""SHY"":0.0192307692,""IEF"":0.0192307692,""TLT"":0.0192307692,""TIP"":0.0192307692,""LQD"":0.0192307692,""HYG"":0.0192307692,""GLD"":0.0192307692,""SLV"":0.0192307692,""DBC"":0.0192307692,""VNQ"":0.0192307692,""UUP"":0.0192307692,""BIL"":0.0192307692}","{""SPY"":0.4615384615,""QQQ"":0.0769230769,""IWM"":0.0769230769,""DIA"":0.0384615385,""EFA"":0.0192307692,""EEM"":0.0192307692,""VEA"":0.0192307692,""VWO"":0.0192307692,""AGG"":0.0192307692,""BND"":0.0192307692,""SHY"":0.0192307692,""IEF"":0.0192307692,""TLT"":0.0192307692,""TIP"":0.0192307692,""LQD"":0.0192307692,""HYG"":0.0192307692,""GLD"":0.0192307692,""SLV"":0.0192307692,""DBC"":0.0192307692,""VNQ"":0.0192307692,""UUP"":0.0192307692,""BIL"":0.0192307692}","{""SPY"":0.019047619,""QQQ"":0.019047619,""IWM"":0.019047619,""DIA"":0.019047619,""EFA"":0.019047619,""EEM"":0.019047619,""VEA"":0.019047619,""VWO"":0.019047619,""AGG"":0.019047619,""BND"":0.019047619,""SHY"":0.019047619,""IEF"":0.019047619,""TLT"":0.6,""TIP"":0.019047619,""LQD"":0.019047619,""HYG"":0.019047619,""GLD"":0.019047619,""SLV"":0.019047619,""DBC"":0.019047619,""VNQ"":0.019047619,""UUP"":0.019047619,""BIL"":0.019047619}",0,1.0000000000000002,0.4615384615384615,0.019230769230769232,2.220446049250313e-16,0,0,1.0,0.4615384615384615,0.01923076923076922,1,1,1,3,45,86dd67f9e130cf6959f848e3
repeatability_504part,repeatability,repeat_00,llama3.1:8b,P2,,,real_ticker,,2012-01-03,42,10.0,0.6,0.25,a741a686fd71efaa,"You are a DEFENSIVE LOW-VOLATILITY policy profile. Use only the provided feature values. Strongly favor the eligible asset with the lowest `_vol3m` value. Allocate 60.0% of total portfolio weight to that target asset as the language-level policy target. Distribute the remaining weight equally among all other eligible assets. Include every eligible ticker exactly once. Return strictly valid JSON only with a `weights` object whose values are decimals, not percentages.
Hard constraints for the execution layer: long-only weights, weights sum to one, maximum single-asset weight 0.60, and turnover cap 0.25. You propose weights; deterministic projection will enforce final feasibility.

Current Features:
- SPY_r1m: 0.02671527
- SPY_r3m: 0.16718437
- SPY_r12m: 0.02459531
- SPY_vol3m: 0.25887618
- SPY_mdd: -0.04997558
- QQQ_r1m: 0.00594880
- QQQ_r3m: 0.11689063
- QQQ_r12m: 0.03838268
- QQQ_vol3m: 0.25840276
- QQQ_mdd: -0.04035395
- IWM_r1m: 0.02917684
- IWM_r3m: 0.23521409
- IWM_r12m: -0.04505676
- IWM_vol3m: 0.37699975
- IWM_mdd: -0.12194550
- DIA_r1m: 0.03222774
- DIA_r3m: 0.17057072
- DIA_r12m: 0.08903085
- DIA_vol3m: 0.23431513
- DIA_mdd: -0.01629590
- EFA_r1m: 0.01361774
- EFA_r3m: 0.10687441
- EFA_r12m: -0.10575190
- EFA_vol3m: 0.34495450
- EFA_mdd: -0.17813728
- EEM_r1m: -0.01040913
- EEM_r3m: 0.14885810
- EEM_r12m: -0.17111157
- EEM_vol3m: 0.40143404
- EEM_mdd: -0.20578643
- VEA_r1m: 0.01517214
- VEA_r3m: 0.10818355
- VEA_r12m: -0.10683659
- VEA_vol3m: 0.34370176
- VEA_mdd: -0.17899926
- VWO_r1m: -0.01158303
- VWO_r3m: 0.14397978
- VWO_r12m: -0.17177883
- VWO_vol3m: 0.38302937
- VWO_mdd: -0.20591402
- AGG_r1m: 0.01119144
- AGG_r3m: 0.00536611
- AGG_r12m: 0.07603870
- AGG_vol3m: 0.03331322
- AGG_mdd: -0.00326163
- BND_r1m: 0.00898238
- BND_r3m: 0.00348953
- BND_r12m: 0.07727894
- BND_vol3m: 0.03756326
- BND_mdd: -0.00311223
- SHY_r1m: -0.00012975
- SHY_r3m: 0.00049776
- SHY_r12m: 0.01404628
- SHY_vol3m: 0.00531284
- SHY_mdd: -0.00093215
- IEF_r1m: 0.01369706
- IEF_r3m: -0.00306404
- IEF_r12m: 0.15272143
- IEF_vol3m: 0.08440505
- IEF_mdd: -0.00989252
- TLT_r1m: 0.02405974
- TLT_r3m: -0.02737094
- TLT_r12m: 0.32993039
- TLT_vol3m: 0.22551420
- TLT_mdd: -0.03273596
- TIP_r1m: 0.00163230
- TIP_r3m: 0.01738628
- TIP_r12m: 0.13732929
- TIP_vol3m: 0.05984445
- TIP_mdd: -0.00931095
- LQD_r1m: 0.03166996
- LQD_r3m: 0.02464791
- LQD_r12m: 0.09230839
- LQD_vol3m: 0.06049788
- LQD_mdd: -0.00968665
- HYG_r1m: 0.04431138
- HYG_r3m: 0.12391236
- HYG_r12m: 0.07017901
- HYG_vol3m: 0.15996681
- HYG_mdd: 0.00000000
- GLD_r1m: -0.08082300
- GLD_r3m: -0.03131218
- GLD_r12m: 0.12985506
- GLD_vol3m: 0.22454383
- GLD_mdd: -0.15531718
- SLV_r1m: -0.09510360
- SLV_r3m: -0.02238046
- SLV_r12m: -0.03835889
- SLV_vol3m: 0.44565753
- SLV_mdd: -0.38997036
- DBC_r1m: 0.00363098
- DBC_r3m: 0.07884469
- DBC_r12m: -0.00108416
- DBC_vol3m: 0.20030309
- DBC_mdd: -0.13408522
- VNQ_r1m: 0.06612979
- VNQ_r3m: 0.22009878
- VNQ_r12m: 0.07552805
- VNQ_vol3m: 0.32461677
- VNQ_mdd: -0.05488374
- UUP_r1m: 0.01043086
- UUP_r3m: -0.01021770
- UUP_r12m: -0.02366356
- UUP_vol3m: 0.10413897
- UUP_mdd: -0.13743715
- BIL_r1m: -0.00017458
- BIL_r3m: -0.00061026
- BIL_r12m: -0.00082873
- BIL_vol3m: 0.00287903
- BIL_mdd: -0.00104638
- cross_vol: 0.20773956

Assets: SPY, QQQ, IWM, DIA, EFA, EEM, VEA, VWO, AGG, BND, SHY, IEF, TLT, TIP, LQD, HYG, GLD, SLV, DBC, VNQ, UUP, BIL","{
  ""weights"": {
    ""SPY"": 0.6,
    ""QQQ"": 0.1,
    ""IWM"": 0.05,
    ""DIA"": 0.05,
    ""EFA"": 0.025,
    ""EEM"": 0.025,
    ""VEA"": 0.025,
    ""VWO"": 0.025,
    ""AGG"": 0.025,
    ""BND"": 0.025,
    ""SHY"": 0.025,
    ""IEF"": 0.025,
    ""TLT"": 0.025,
    ""TIP"": 0.025,
    ""LQD"": 0.025,
    ""HYG"": 0.025,
    ""GLD"": 0.025,
    ""SLV"": 0.025,
    ""DBC"": 0.025,
    ""VNQ"": 0.025,
    ""UUP"": 0.025,
    ""BIL"": 0.025
  }
}",1,0,0,17.0990402919997,411,1,0,0,0,229,9.56656,1756,stop,[],0,0,0,0,BIL,SPY,SPY,0,0,0.3333333333333333,1.1599999999999997,0.7439662050696351,1.5265566588595902e-16,3.3993498887762956e-17,0.9381818181818178,0,"{""SPY"":0.48,""QQQ"":0.08,""IWM"":0.04,""DIA"":0.04,""EFA"":0.02,""EEM"":0.02,""VEA"":0.02,""VWO"":0.02,""AGG"":0.02,""BND"":0.02,""SHY"":0.02,""IEF"":0.02,""TLT"":0.02,""TIP"":0.02,""LQD"":0.02,""HYG"":0.02,""GLD"":0.02,""SLV"":0.02,""DBC"":0.02,""VNQ"":0.02,""UUP"":0.02,""BIL"":0.02}","{""SPY"":0.48,""QQQ"":0.08,""IWM"":0.04,""DIA"":0.04,""EFA"":0.02,""EEM"":0.02,""VEA"":0.02,""VWO"":0.02,""AGG"":0.02,""BND"":0.02,""SHY"":0.02,""IEF"":0.02,""TLT"":0.02,""TIP"":0.02,""LQD"":0.02,""HYG"":0.02,""GLD"":0.02,""SLV"":0.02,""DBC"":0.02,""VNQ"":0.02,""UUP"":0.02,""BIL"":0.02}","{""SPY"":0.019047619,""QQQ"":0.019047619,""IWM"":0.019047619,""DIA"":0.019047619,""EFA"":0.019047619,""EEM"":0.019047619,""VEA"":0.019047619,""VWO"":0.019047619,""AGG"":0.019047619,""BND"":0.019047619,""SHY"":0.019047619,""IEF"":0.019047619,""TLT"":0.019047619,""TIP"":0.019047619,""LQD"":0.019047619,""HYG"":0.019047619,""GLD"":0.019047619,""SLV"":0.019047619,""DBC"":0.019047619,""VNQ"":0.019047619,""UUP"":0.019047619,""BIL"":0.6}",0,1.0,0.48,0.02,0.0,0,0,1.0,0.48,0.020000000000000007,1,1,1,0,42,97c10c861018b9b91f87e9d7
repeatability_504part,repeatability,repeat_01,llama3.1:8b,P2,,,real_ticker,,2012-01-03,42,10.0,0.6,0.25,a741a686fd71efaa,"You are a DEFENSIVE LOW-VOLATILITY policy profile. Use only the provided feature values. Strongly favor the eligible asset with the lowest `_vol3m` value. Allocate 60.0% of total portfolio weight to that target asset as the language-level policy target. Distribute the remaining weight equally among all other eligible assets. Include every eligible ticker exactly once. Return strictly valid JSON only with a `weights` object whose values are decimals, not percentages.
Hard constraints for the execution layer: long-only weights, weights sum to one, maximum single-asset weight 0.60, and turnover cap 0.25. You propose weights; deterministic projection will enforce final feasibility.

Current Features:
- SPY_r1m: 0.02671527
- SPY_r3m: 0.16718437
- SPY_r12m: 0.02459531
- SPY_vol3m: 0.25887618
- SPY_mdd: -0.04997558
- QQQ_r1m: 0.00594880
- QQQ_r3m: 0.11689063
- QQQ_r12m: 0.03838268
- QQQ_vol3m: 0.25840276
- QQQ_mdd: -0.04035395
- IWM_r1m: 0.02917684
- IWM_r3m: 0.23521409
- IWM_r12m: -0.04505676
- IWM_vol3m: 0.37699975
- IWM_mdd: -0.12194550
- DIA_r1m: 0.03222774
- DIA_r3m: 0.17057072
- DIA_r12m: 0.08903085
- DIA_vol3m: 0.23431513
- DIA_mdd: -0.01629590
- EFA_r1m: 0.01361774
- EFA_r3m: 0.10687441
- EFA_r12m: -0.10575190
- EFA_vol3m: 0.34495450
- EFA_mdd: -0.17813728
- EEM_r1m: -0.01040913
- EEM_r3m: 0.14885810
- EEM_r12m: -0.17111157
- EEM_vol3m: 0.40143404
- EEM_mdd: -0.20578643
- VEA_r1m: 0.01517214
- VEA_r3m: 0.10818355
- VEA_r12m: -0.10683659
- VEA_vol3m: 0.34370176
- VEA_mdd: -0.17899926
- VWO_r1m: -0.01158303
- VWO_r3m: 0.14397978
- VWO_r12m: -0.17177883
- VWO_vol3m: 0.38302937
- VWO_mdd: -0.20591402
- AGG_r1m: 0.01119144
- AGG_r3m: 0.00536611
- AGG_r12m: 0.07603870
- AGG_vol3m: 0.03331322
- AGG_mdd: -0.00326163
- BND_r1m: 0.00898238
- BND_r3m: 0.00348953
- BND_r12m: 0.07727894
- BND_vol3m: 0.03756326
- BND_mdd: -0.00311223
- SHY_r1m: -0.00012975
- SHY_r3m: 0.00049776
- SHY_r12m: 0.01404628
- SHY_vol3m: 0.00531284
- SHY_mdd: -0.00093215
- IEF_r1m: 0.01369706
- IEF_r3m: -0.00306404
- IEF_r12m: 0.15272143
- IEF_vol3m: 0.08440505
- IEF_mdd: -0.00989252
- TLT_r1m: 0.02405974
- TLT_r3m: -0.02737094
- TLT_r12m: 0.32993039
- TLT_vol3m: 0.22551420
- TLT_mdd: -0.03273596
- TIP_r1m: 0.00163230
- TIP_r3m: 0.01738628
- TIP_r12m: 0.13732929
- TIP_vol3m: 0.05984445
- TIP_mdd: -0.00931095
- LQD_r1m: 0.03166996
- LQD_r3m: 0.02464791
- LQD_r12m: 0.09230839
- LQD_vol3m: 0.06049788
- LQD_mdd: -0.00968665
- HYG_r1m: 0.04431138
- HYG_r3m: 0.12391236
- HYG_r12m: 0.07017901
- HYG_vol3m: 0.15996681
- HYG_mdd: 0.00000000
- GLD_r1m: -0.08082300
- GLD_r3m: -0.03131218
- GLD_r12m: 0.12985506
- GLD_vol3m: 0.22454383
- GLD_mdd: -0.15531718
- SLV_r1m: -0.09510360
- SLV_r3m: -0.02238046
- SLV_r12m: -0.03835889
- SLV_vol3m: 0.44565753
- SLV_mdd: -0.38997036
- DBC_r1m: 0.00363098
- DBC_r3m: 0.07884469
- DBC_r12m: -0.00108416
- DBC_vol3m: 0.20030309
- DBC_mdd: -0.13408522
- VNQ_r1m: 0.06612979
- VNQ_r3m: 0.22009878
- VNQ_r12m: 0.07552805
- VNQ_vol3m: 0.32461677
- VNQ_mdd: -0.05488374
- UUP_r1m: 0.01043086
- UUP_r3m: -0.01021770
- UUP_r12m: -0.02366356
- UUP_vol3m: 0.10413897
- UUP_mdd: -0.13743715
- BIL_r1m: -0.00017458
- BIL_r3m: -0.00061026
- BIL_r12m: -0.00082873
- BIL_vol3m: 0.00287903
- BIL_mdd: -0.00104638
- cross_vol: 0.20773956

Assets: SPY, QQQ, IWM, DIA, EFA, EEM, VEA, VWO, AGG, BND, SHY, IEF, TLT, TIP, LQD, HYG, GLD, SLV, DBC, VNQ, UUP, BIL","{
  ""weights"": {
    ""SPY"": 0.6,
    ""QQQ"": 0.1,
    ""IWM"": 0.05,
    ""DIA"": 0.05,
    ""EFA"": 0.025,
    ""EEM"": 0.025,
    ""VEA"": 0.025,
    ""VWO"": 0.025,
    ""AGG"": 0.025,
    ""BND"": 0.025,
    ""SHY"": 0.025,
    ""IEF"": 0.025,
    ""TLT"": 0.025,
    ""TIP"": 0.025,
    ""LQD"": 0.025,
    ""HYG"": 0.025,
    ""GLD"": 0.025,
    ""SLV"": 0.025,
    ""DBC"": 0.025,
    ""VNQ"": 0.025,
    ""UUP"": 0.025,
    ""BIL"": 0.025
  }
}",1,0,0,9.804108459007693,411,1,0,0,0,229,9.560064,1756,stop,[],0,0,0,0,BIL,SPY,SPY,0,0,0.3333333333333333,1.1599999999999997,0.7439662050696351,1.5265566588595902e-16,3.3993498887762956e-17,0.9381818181818178,0,"{""SPY"":0.48,""QQQ"":0.08,""IWM"":0.04,""DIA"":0.04,""EFA"":0.02,""EEM"":0.02,""VEA"":0.02,""VWO"":0.02,""AGG"":0.02,""BND"":0.02,""SHY"":0.02,""IEF"":0.02,""TLT"":0.02,""TIP"":0.02,""LQD"":0.02,""HYG"":0.02,""GLD"":0.02,""SLV"":0.02,""DBC"":0.02,""VNQ"":0.02,""UUP"":0.02,""BIL"":0.02}","{""SPY"":0.48,""QQQ"":0.08,""IWM"":0.04,""DIA"":0.04,""EFA"":0.02,""EEM"":0.02,""VEA"":0.02,""VWO"":0.02,""AGG"":0.02,""BND"":0.02,""SHY"":0.02,""IEF"":0.02,""TLT"":0.02,""TIP"":0.02,""LQD"":0.02,""HYG"":0.02,""GLD"":0.02,""SLV"":0.02,""DBC"":0.02,""VNQ"":0.02,""UUP"":0.02,""BIL"":0.02}","{""SPY"":0.019047619,""QQQ"":0.019047619,""IWM"":0.019047619,""DIA"":0.019047619,""EFA"":0.019047619,""EEM"":0.019047619,""VEA"":0.019047619,""VWO"":0.019047619,""AGG"":0.019047619,""BND"":0.019047619,""SHY"":0.019047619,""IEF"":0.019047619,""TLT"":0.019047619,""TIP"":0.019047619,""LQD"":0.019047619,""HYG"":0.019047619,""GLD"":0.019047619,""SLV"":0.019047619,""DBC"":0.019047619,""VNQ"":0.019047619,""UUP"":0.019047619,""BIL"":0.6}",0,1.0,0.48,0.02,0.0,0,0,1.0,0.48,0.020000000000000007,1,1,1,1,43,c183772c8348d2777868c384
repeatability_504part,repeatability,repeat_02,llama3.1:8b,P2,,,real_ticker,,2012-01-03,42,10.0,0.6,0.25,a741a686fd71efaa,"You are a DEFENSIVE LOW-VOLATILITY policy profile. Use only the provided feature values. Strongly favor the eligible asset with the lowest `_vol3m` value. Allocate 60.0% of total portfolio weight to that target asset as the language-level policy target. Distribute the remaining weight equally among all other eligible assets. Include every eligible ticker exactly once. Return strictly valid JSON only with a `weights` object whose values are decimals, not percentages.
Hard constraints for the execution layer: long-only weights, weights sum to one, maximum single-asset weight 0.60, and turnover cap 0.25. You propose weights; deterministic projection will enforce final feasibility.

Current Features:
- SPY_r1m: 0.02671527
- SPY_r3m: 0.16718437
- SPY_r12m: 0.02459531
- SPY_vol3m: 0.25887618
- SPY_mdd: -0.04997558
- QQQ_r1m: 0.00594880
- QQQ_r3m: 0.11689063
- QQQ_r12m: 0.03838268
- QQQ_vol3m: 0.25840276
- QQQ_mdd: -0.04035395
- IWM_r1m: 0.02917684
- IWM_r3m: 0.23521409
- IWM_r12m: -0.04505676
- IWM_vol3m: 0.37699975
- IWM_mdd: -0.12194550
- DIA_r1m: 0.03222774
- DIA_r3m: 0.17057072
- DIA_r12m: 0.08903085
- DIA_vol3m: 0.23431513
- DIA_mdd: -0.01629590
- EFA_r1m: 0.01361774
- EFA_r3m: 0.10687441
- EFA_r12m: -0.10575190
- EFA_vol3m: 0.34495450
- EFA_mdd: -0.17813728
- EEM_r1m: -0.01040913
- EEM_r3m: 0.14885810
- EEM_r12m: -0.17111157
- EEM_vol3m: 0.40143404
- EEM_mdd: -0.20578643
- VEA_r1m: 0.01517214
- VEA_r3m: 0.10818355
- VEA_r12m: -0.10683659
- VEA_vol3m: 0.34370176
- VEA_mdd: -0.17899926
- VWO_r1m: -0.01158303
- VWO_r3m: 0.14397978
- VWO_r12m: -0.17177883
- VWO_vol3m: 0.38302937
- VWO_mdd: -0.20591402
- AGG_r1m: 0.01119144
- AGG_r3m: 0.00536611
- AGG_r12m: 0.07603870
- AGG_vol3m: 0.03331322
- AGG_mdd: -0.00326163
- BND_r1m: 0.00898238
- BND_r3m: 0.00348953
- BND_r12m: 0.07727894
- BND_vol3m: 0.03756326
- BND_mdd: -0.00311223
- SHY_r1m: -0.00012975
- SHY_r3m: 0.00049776
- SHY_r12m: 0.01404628
- SHY_vol3m: 0.00531284
- SHY_mdd: -0.00093215
- IEF_r1m: 0.01369706
- IEF_r3m: -0.00306404
- IEF_r12m: 0.15272143
- IEF_vol3m: 0.08440505
- IEF_mdd: -0.00989252
- TLT_r1m: 0.02405974
- TLT_r3m: -0.02737094
- TLT_r12m: 0.32993039
- TLT_vol3m: 0.22551420
- TLT_mdd: -0.03273596
- TIP_r1m: 0.00163230
- TIP_r3m: 0.01738628
- TIP_r12m: 0.13732929
- TIP_vol3m: 0.05984445
- TIP_mdd: -0.00931095
- LQD_r1m: 0.03166996
- LQD_r3m: 0.02464791
- LQD_r12m: 0.09230839
- LQD_vol3m: 0.06049788
- LQD_mdd: -0.00968665
- HYG_r1m: 0.04431138
- HYG_r3m: 0.12391236
- HYG_r12m: 0.07017901
- HYG_vol3m: 0.15996681
- HYG_mdd: 0.00000000
- GLD_r1m: -0.08082300
- GLD_r3m: -0.03131218
- GLD_r12m: 0.12985506
- GLD_vol3m: 0.22454383
- GLD_mdd: -0.15531718
- SLV_r1m: -0.09510360
- SLV_r3m: -0.02238046
- SLV_r12m: -0.03835889
- SLV_vol3m: 0.44565753
- SLV_mdd: -0.38997036
- DBC_r1m: 0.00363098
- DBC_r3m: 0.07884469
- DBC_r12m: -0.00108416
- DBC_vol3m: 0.20030309
- DBC_mdd: -0.13408522
- VNQ_r1m: 0.06612979
- VNQ_r3m: 0.22009878
- VNQ_r12m: 0.07552805
- VNQ_vol3m: 0.32461677
- VNQ_mdd: -0.05488374
- UUP_r1m: 0.01043086
- UUP_r3m: -0.01021770
- UUP_r12m: -0.02366356
- UUP_vol3m: 0.10413897
- UUP_mdd: -0.13743715
- BIL_r1m: -0.00017458
- BIL_r3m: -0.00061026
- BIL_r12m: -0.00082873
- BIL_vol3m: 0.00287903
- BIL_mdd: -0.00104638
- cross_vol: 0.20773956

Assets: SPY, QQQ, IWM, DIA, EFA, EEM, VEA, VWO, AGG, BND, SHY, IEF, TLT, TIP, LQD, HYG, GLD, SLV, DBC, VNQ, UUP, BIL","{
  ""weights"": {
    ""SPY"": 0.6,
    ""QQQ"": 0.1,
    ""IWM"": 0.05,
    ""DIA"": 0.05,
    ""EFA"": 0.025,
    ""EEM"": 0.025,
    ""VEA"": 0.025,
    ""VWO"": 0.025,
    ""AGG"": 0.025,
    ""BND"": 0.025,
    ""SHY"": 0.025,
    ""IEF"": 0.025,
    ""TLT"": 0.025,
    ""TIP"": 0.025,
    ""LQD"": 0.025,
    ""HYG"": 0.025,
    ""GLD"": 0.025,
    ""SLV"": 0.025,
    ""DBC"": 0.025,
    ""VNQ"": 0.025,
    ""UUP"": 0.025,
    ""BIL"": 0.025
  }
}",1,0,0,9.812924958008807,411,1,0,0,0,229,9.565653,1756,stop,[],0,0,0,0,BIL,SPY,SPY,0,0,0.3333333333333333,1.1599999999999997,0.7439662050696351,1.5265566588595902e-16,3.3993498887762956e-17,0.9381818181818178,0,"{""SPY"":0.48,""QQQ"":0.08,""IWM"":0.04,""DIA"":0.04,""EFA"":0.02,""EEM"":0.02,""VEA"":0.02,""VWO"":0.02,""AGG"":0.02,""BND"":0.02,""SHY"":0.02,""IEF"":0.02,""TLT"":0.02,""TIP"":0.02,""LQD"":0.02,""HYG"":0.02,""GLD"":0.02,""SLV"":0.02,""DBC"":0.02,""VNQ"":0.02,""UUP"":0.02,""BIL"":0.02}","{""SPY"":0.48,""QQQ"":0.08,""IWM"":0.04,""DIA"":0.04,""EFA"":0.02,""EEM"":0.02,""VEA"":0.02,""VWO"":0.02,""AGG"":0.02,""BND"":0.02,""SHY"":0.02,""IEF"":0.02,""TLT"":0.02,""TIP"":0.02,""LQD"":0.02,""HYG"":0.02,""GLD"":0.02,""SLV"":0.02,""DBC"":0.02,""VNQ"":0.02,""UUP"":0.02,""BIL"":0.02}","{""SPY"":0.019047619,""QQQ"":0.019047619,""IWM"":0.019047619,""DIA"":0.019047619,""EFA"":0.019047619,""EEM"":0.019047619,""VEA"":0.019047619,""VWO"":0.019047619,""AGG"":0.019047619,""BND"":0.019047619,""SHY"":0.019047619,""IEF"":0.019047619,""TLT"":0.019047619,""TIP"":0.019047619,""LQD"":0.019047619,""HYG"":0.019047619,""GLD"":0.019047619,""SLV"":0.019047619,""DBC"":0.019047619,""VNQ"":0.019047619,""UUP"":0.019047619,""BIL"":0.6}",0,1.0,0.48,0.02,0.0,0,0,1.0,0.48,0.020000000000000007,1,1,1,2,44,5ac979c5e22e3b166a49013c
repeatability_504part,repeatability,repeat_03,llama3.1:8b,P2,,,real_ticker,,2012-01-03,42,10.0,0.6,0.25,a741a686fd71efaa,"You are a DEFENSIVE LOW-VOLATILITY policy profile. Use only the provided feature values. Strongly favor the eligible asset with the lowest `_vol3m` value. Allocate 60.0% of total portfolio weight to that target asset as the language-level policy target. Distribute the remaining weight equally among all other eligible assets. Include every eligible ticker exactly once. Return strictly valid JSON only with a `weights` object whose values are decimals, not percentages.
Hard constraints for the execution layer: long-only weights, weights sum to one, maximum single-asset weight 0.60, and turnover cap 0.25. You propose weights; deterministic projection will enforce final feasibility.

Current Features:
- SPY_r1m: 0.02671527
- SPY_r3m: 0.16718437
- SPY_r12m: 0.02459531
- SPY_vol3m: 0.25887618
- SPY_mdd: -0.04997558
- QQQ_r1m: 0.00594880
- QQQ_r3m: 0.11689063
- QQQ_r12m: 0.03838268
- QQQ_vol3m: 0.25840276
- QQQ_mdd: -0.04035395
- IWM_r1m: 0.02917684
- IWM_r3m: 0.23521409
- IWM_r12m: -0.04505676
- IWM_vol3m: 0.37699975
- IWM_mdd: -0.12194550
- DIA_r1m: 0.03222774
- DIA_r3m: 0.17057072
- DIA_r12m: 0.08903085
- DIA_vol3m: 0.23431513
- DIA_mdd: -0.01629590
- EFA_r1m: 0.01361774
- EFA_r3m: 0.10687441
- EFA_r12m: -0.10575190
- EFA_vol3m: 0.34495450
- EFA_mdd: -0.17813728
- EEM_r1m: -0.01040913
- EEM_r3m: 0.14885810
- EEM_r12m: -0.17111157
- EEM_vol3m: 0.40143404
- EEM_mdd: -0.20578643
- VEA_r1m: 0.01517214
- VEA_r3m: 0.10818355
- VEA_r12m: -0.10683659
- VEA_vol3m: 0.34370176
- VEA_mdd: -0.17899926
- VWO_r1m: -0.01158303
- VWO_r3m: 0.14397978
- VWO_r12m: -0.17177883
- VWO_vol3m: 0.38302937
- VWO_mdd: -0.20591402
- AGG_r1m: 0.01119144
- AGG_r3m: 0.00536611
- AGG_r12m: 0.07603870
- AGG_vol3m: 0.03331322
- AGG_mdd: -0.00326163
- BND_r1m: 0.00898238
- BND_r3m: 0.00348953
- BND_r12m: 0.07727894
- BND_vol3m: 0.03756326
- BND_mdd: -0.00311223
- SHY_r1m: -0.00012975
- SHY_r3m: 0.00049776
- SHY_r12m: 0.01404628
- SHY_vol3m: 0.00531284
- SHY_mdd: -0.00093215
- IEF_r1m: 0.01369706
- IEF_r3m: -0.00306404
- IEF_r12m: 0.15272143
- IEF_vol3m: 0.08440505
- IEF_mdd: -0.00989252
- TLT_r1m: 0.02405974
- TLT_r3m: -0.02737094
- TLT_r12m: 0.32993039
- TLT_vol3m: 0.22551420
- TLT_mdd: -0.03273596
- TIP_r1m: 0.00163230
- TIP_r3m: 0.01738628
- TIP_r12m: 0.13732929
- TIP_vol3m: 0.05984445
- TIP_mdd: -0.00931095
- LQD_r1m: 0.03166996
- LQD_r3m: 0.02464791
- LQD_r12m: 0.09230839
- LQD_vol3m: 0.06049788
- LQD_mdd: -0.00968665
- HYG_r1m: 0.04431138
- HYG_r3m: 0.12391236
- HYG_r12m: 0.07017901
- HYG_vol3m: 0.15996681
- HYG_mdd: 0.00000000
- GLD_r1m: -0.08082300
- GLD_r3m: -0.03131218
- GLD_r12m: 0.12985506
- GLD_vol3m: 0.22454383
- GLD_mdd: -0.15531718
- SLV_r1m: -0.09510360
- SLV_r3m: -0.02238046
- SLV_r12m: -0.03835889
- SLV_vol3m: 0.44565753
- SLV_mdd: -0.38997036
- DBC_r1m: 0.00363098
- DBC_r3m: 0.07884469
- DBC_r12m: -0.00108416
- DBC_vol3m: 0.20030309
- DBC_mdd: -0.13408522
- VNQ_r1m: 0.06612979
- VNQ_r3m: 0.22009878
- VNQ_r12m: 0.07552805
- VNQ_vol3m: 0.32461677
- VNQ_mdd: -0.05488374
- UUP_r1m: 0.01043086
- UUP_r3m: -0.01021770
- UUP_r12m: -0.02366356
- UUP_vol3m: 0.10413897
- UUP_mdd: -0.13743715
- BIL_r1m: -0.00017458
- BIL_r3m: -0.00061026
- BIL_r12m: -0.00082873
- BIL_vol3m: 0.00287903
- BIL_mdd: -0.00104638
- cross_vol: 0.20773956

Assets: SPY, QQQ, IWM, DIA, EFA, EEM, VEA, VWO, AGG, BND, SHY, IEF, TLT, TIP, LQD, HYG, GLD, SLV, DBC, VNQ, UUP, BIL","{
  ""weights"": {
    ""SPY"": 0.6,
    ""QQQ"": 0.1,
    ""IWM"": 0.05,
    ""DIA"": 0.05,
    ""EFA"": 0.025,
    ""EEM"": 0.025,
    ""VEA"": 0.025,
    ""VWO"": 0.025,
    ""AGG"": 0.025,
    ""BND"": 0.025,
    ""SHY"": 0.025,
    ""IEF"": 0.025,
    ""TLT"": 0.025,
    ""TIP"": 0.025,
    ""LQD"": 0.025,
    ""HYG"": 0.025,
    ""GLD"": 0.025,
    ""SLV"": 0.025,
    ""DBC"": 0.025,
    ""VNQ"": 0.025,
    ""UUP"": 0.025,
    ""BIL"": 0.025
  }
}",1,0,0,9.809750583997811,411,1,0,0,0,229,9.56899,1756,stop,[],0,0,0,0,BIL,SPY,SPY,0,0,0.3333333333333333,1.1599999999999997,0.7439662050696351,1.5265566588595902e-16,3.3993498887762956e-17,0.9381818181818178,0,"{""SPY"":0.48,""QQQ"":0.08,""IWM"":0.04,""DIA"":0.04,""EFA"":0.02,""EEM"":0.02,""VEA"":0.02,""VWO"":0.02,""AGG"":0.02,""BND"":0.02,""SHY"":0.02,""IEF"":0.02,""TLT"":0.02,""TIP"":0.02,""LQD"":0.02,""HYG"":0.02,""GLD"":0.02,""SLV"":0.02,""DBC"":0.02,""VNQ"":0.02,""UUP"":0.02,""BIL"":0.02}","{""SPY"":0.48,""QQQ"":0.08,""IWM"":0.04,""DIA"":0.04,""EFA"":0.02,""EEM"":0.02,""VEA"":0.02,""VWO"":0.02,""AGG"":0.02,""BND"":0.02,""SHY"":0.02,""IEF"":0.02,""TLT"":0.02,""TIP"":0.02,""LQD"":0.02,""HYG"":0.02,""GLD"":0.02,""SLV"":0.02,""DBC"":0.02,""VNQ"":0.02,""UUP"":0.02,""BIL"":0.02}","{""SPY"":0.019047619,""QQQ"":0.019047619,""IWM"":0.019047619,""DIA"":0.019047619,""EFA"":0.019047619,""EEM"":0.019047619,""VEA"":0.019047619,""VWO"":0.019047619,""AGG"":0.019047619,""BND"":0.019047619,""SHY"":0.019047619,""IEF"":0.019047619,""TLT"":0.019047619,""TIP"":0.019047619,""LQD"":0.019047619,""HYG"":0.019047619,""GLD"":0.019047619,""SLV"":0.019047619,""DBC"":0.019047619,""VNQ"":0.019047619,""UUP"":0.019047619,""BIL"":0.6}",0,1.0,0.48,0.02,0.0,0,0,1.0,0.48,0.020000000000000007,1,1,1,3,45,b3531e31c577d0e6c31a0df0
repeatability_504part,repeatability,repeat_00,llama3.1:8b,P3,,,real_ticker,,2012-01-03,42,10.0,0.6,0.25,010338c2cd2f4f61,"You are a CONTRARIAN MEAN-REVERSION policy profile. Use only the provided feature values. Strongly favor the eligible asset with the lowest `_r3m` value, reflecting recent underperformance. Allocate 60.0% of total portfolio weight to that target asset as the language-level policy target. Distribute the remaining weight equally among all other eligible assets. Include every eligible ticker exactly once. Return strictly valid JSON only with a `weights` object whose values are decimals, not percentages.
Hard constraints for the execution layer: long-only weights, weights sum to one, maximum single-asset weight 0.60, and turnover cap 0.25. You propose weights; deterministic projection will enforce final feasibility.

Current Features:
- SPY_r1m: 0.02671527
- SPY_r3m: 0.16718437
- SPY_r12m: 0.02459531
- SPY_vol3m: 0.25887618
- SPY_mdd: -0.04997558
- QQQ_r1m: 0.00594880
- QQQ_r3m: 0.11689063
- QQQ_r12m: 0.03838268
- QQQ_vol3m: 0.25840276
- QQQ_mdd: -0.04035395
- IWM_r1m: 0.02917684
- IWM_r3m: 0.23521409
- IWM_r12m: -0.04505676
- IWM_vol3m: 0.37699975
- IWM_mdd: -0.12194550
- DIA_r1m: 0.03222774
- DIA_r3m: 0.17057072
- DIA_r12m: 0.08903085
- DIA_vol3m: 0.23431513
- DIA_mdd: -0.01629590
- EFA_r1m: 0.01361774
- EFA_r3m: 0.10687441
- EFA_r12m: -0.10575190
- EFA_vol3m: 0.34495450
- EFA_mdd: -0.17813728
- EEM_r1m: -0.01040913
- EEM_r3m: 0.14885810
- EEM_r12m: -0.17111157
- EEM_vol3m: 0.40143404
- EEM_mdd: -0.20578643
- VEA_r1m: 0.01517214
- VEA_r3m: 0.10818355
- VEA_r12m: -0.10683659
- VEA_vol3m: 0.34370176
- VEA_mdd: -0.17899926
- VWO_r1m: -0.01158303
- VWO_r3m: 0.14397978
- VWO_r12m: -0.17177883
- VWO_vol3m: 0.38302937
- VWO_mdd: -0.20591402
- AGG_r1m: 0.01119144
- AGG_r3m: 0.00536611
- AGG_r12m: 0.07603870
- AGG_vol3m: 0.03331322
- AGG_mdd: -0.00326163
- BND_r1m: 0.00898238
- BND_r3m: 0.00348953
- BND_r12m: 0.07727894
- BND_vol3m: 0.03756326
- BND_mdd: -0.00311223
- SHY_r1m: -0.00012975
- SHY_r3m: 0.00049776
- SHY_r12m: 0.01404628
- SHY_vol3m: 0.00531284
- SHY_mdd: -0.00093215
- IEF_r1m: 0.01369706
- IEF_r3m: -0.00306404
- IEF_r12m: 0.15272143
- IEF_vol3m: 0.08440505
- IEF_mdd: -0.00989252
- TLT_r1m: 0.02405974
- TLT_r3m: -0.02737094
- TLT_r12m: 0.32993039
- TLT_vol3m: 0.22551420
- TLT_mdd: -0.03273596
- TIP_r1m: 0.00163230
- TIP_r3m: 0.01738628
- TIP_r12m: 0.13732929
- TIP_vol3m: 0.05984445
- TIP_mdd: -0.00931095
- LQD_r1m: 0.03166996
- LQD_r3m: 0.02464791
- LQD_r12m: 0.09230839
- LQD_vol3m: 0.06049788
- LQD_mdd: -0.00968665
- HYG_r1m: 0.04431138
- HYG_r3m: 0.12391236
- HYG_r12m: 0.07017901
- HYG_vol3m: 0.15996681
- HYG_mdd: 0.00000000
- GLD_r1m: -0.08082300
- GLD_r3m: -0.03131218
- GLD_r12m: 0.12985506
- GLD_vol3m: 0.22454383
- GLD_mdd: -0.15531718
- SLV_r1m: -0.09510360
- SLV_r3m: -0.02238046
- SLV_r12m: -0.03835889
- SLV_vol3m: 0.44565753
- SLV_mdd: -0.38997036
- DBC_r1m: 0.00363098
- DBC_r3m: 0.07884469
- DBC_r12m: -0.00108416
- DBC_vol3m: 0.20030309
- DBC_mdd: -0.13408522
- VNQ_r1m: 0.06612979
- VNQ_r3m: 0.22009878
- VNQ_r12m: 0.07552805
- VNQ_vol3m: 0.32461677
- VNQ_mdd: -0.05488374
- UUP_r1m: 0.01043086
- UUP_r3m: -0.01021770
- UUP_r12m: -0.02366356
- UUP_vol3m: 0.10413897
- UUP_mdd: -0.13743715
- BIL_r1m: -0.00017458
- BIL_r3m: -0.00061026
- BIL_r12m: -0.00082873
- BIL_vol3m: 0.00287903
- BIL_mdd: -0.00104638
- cross_vol: 0.20773956

Assets: SPY, QQQ, IWM, DIA, EFA, EEM, VEA, VWO, AGG, BND, SHY, IEF, TLT, TIP, LQD, HYG, GLD, SLV, DBC, VNQ, UUP, BIL","{
  ""weights"": {
    ""SPY"": 0.6,
    ""QQQ"": 0.1,
    ""IWM"": 0.1,
    ""DIA"": 0.05,
    ""EFA"": 0.05,
    ""EEM"": 0.05,
    ""VEA"": 0.05,
    ""VWO"": 0.05,
    ""AGG"": 0.025,
    ""BND"": 0.025,
    ""SHY"": 0.0125,
    ""IEF"": 0.0125,
    ""TLT"": 0.0125,
    ""TIP"": 0.0125,
    ""LQD"": 0.0125,
    ""HYG"": 0.0125,
    ""GLD"": 0.0125,
    ""SLV"": 0.0125,
    ""DBC"": 0.0125,
    ""VNQ"": 0.0125,
    ""UUP"": 0.0125,
    ""BIL"": 0.0125
  }
}",1,0,0,17.6276593329967,418,1,0,0,0,241,10.094634,1761,stop,[],0,0,0,0,GLD,SPY,SPY,0,0,0.6666666666666666,1.3790476190476186,0.7557147357996679,1.8041124150158794e-16,4.0311330796399294e-17,1.0072727272727269,0,"{""SPY"":0.48,""QQQ"":0.08,""IWM"":0.08,""DIA"":0.04,""EFA"":0.04,""EEM"":0.04,""VEA"":0.04,""VWO"":0.04,""AGG"":0.02,""BND"":0.02,""SHY"":0.01,""IEF"":0.01,""TLT"":0.01,""TIP"":0.01,""LQD"":0.01,""HYG"":0.01,""GLD"":0.01,""SLV"":0.01,""DBC"":0.01,""VNQ"":0.01,""UUP"":0.01,""BIL"":0.01}","{""SPY"":0.48,""QQQ"":0.08,""IWM"":0.08,""DIA"":0.04,""EFA"":0.04,""EEM"":0.04,""VEA"":0.04,""VWO"":0.04,""AGG"":0.02,""BND"":0.02,""SHY"":0.01,""IEF"":0.01,""TLT"":0.01,""TIP"":0.01,""LQD"":0.01,""HYG"":0.01,""GLD"":0.01,""SLV"":0.01,""DBC"":0.01,""VNQ"":0.01,""UUP"":0.01,""BIL"":0.01}","{""SPY"":0.019047619,""QQQ"":0.019047619,""IWM"":0.019047619,""DIA"":0.019047619,""EFA"":0.019047619,""EEM"":0.019047619,""VEA"":0.019047619,""VWO"":0.019047619,""AGG"":0.019047619,""BND"":0.019047619,""SHY"":0.019047619,""IEF"":0.019047619,""TLT"":0.019047619,""TIP"":0.019047619,""LQD"":0.019047619,""HYG"":0.019047619,""GLD"":0.6,""SLV"":0.019047619,""DBC"":0.019047619,""VNQ"":0.019047619,""UUP"":0.019047619,""BIL"":0.019047619}",0,1.0,0.48,0.01,0.0,0,0,1.0,0.48,0.010000000000000009,1,1,1,0,42,eaa9a6cb2288f7b3301d5d50
repeatability_504part,repeatability,repeat_01,llama3.1:8b,P3,,,real_ticker,,2012-01-03,42,10.0,0.6,0.25,010338c2cd2f4f61,"You are a CONTRARIAN MEAN-REVERSION policy profile. Use only the provided feature values. Strongly favor the eligible asset with the lowest `_r3m` value, reflecting recent underperformance. Allocate 60.0% of total portfolio weight to that target asset as the language-level policy target. Distribute the remaining weight equally among all other eligible assets. Include every eligible ticker exactly once. Return strictly valid JSON only with a `weights` object whose values are decimals, not percentages.
Hard constraints for the execution layer: long-only weights, weights sum to one, maximum single-asset weight 0.60, and turnover cap 0.25. You propose weights; deterministic projection will enforce final feasibility.

Current Features:
- SPY_r1m: 0.02671527
- SPY_r3m: 0.16718437
- SPY_r12m: 0.02459531
- SPY_vol3m: 0.25887618
- SPY_mdd: -0.04997558
- QQQ_r1m: 0.00594880
- QQQ_r3m: 0.11689063
- QQQ_r12m: 0.03838268
- QQQ_vol3m: 0.25840276
- QQQ_mdd: -0.04035395
- IWM_r1m: 0.02917684
- IWM_r3m: 0.23521409
- IWM_r12m: -0.04505676
- IWM_vol3m: 0.37699975
- IWM_mdd: -0.12194550
- DIA_r1m: 0.03222774
- DIA_r3m: 0.17057072
- DIA_r12m: 0.08903085
- DIA_vol3m: 0.23431513
- DIA_mdd: -0.01629590
- EFA_r1m: 0.01361774
- EFA_r3m: 0.10687441
- EFA_r12m: -0.10575190
- EFA_vol3m: 0.34495450
- EFA_mdd: -0.17813728
- EEM_r1m: -0.01040913
- EEM_r3m: 0.14885810
- EEM_r12m: -0.17111157
- EEM_vol3m: 0.40143404
- EEM_mdd: -0.20578643
- VEA_r1m: 0.01517214
- VEA_r3m: 0.10818355
- VEA_r12m: -0.10683659
- VEA_vol3m: 0.34370176
- VEA_mdd: -0.17899926
- VWO_r1m: -0.01158303
- VWO_r3m: 0.14397978
- VWO_r12m: -0.17177883
- VWO_vol3m: 0.38302937
- VWO_mdd: -0.20591402
- AGG_r1m: 0.01119144
- AGG_r3m: 0.00536611
- AGG_r12m: 0.07603870
- AGG_vol3m: 0.03331322
- AGG_mdd: -0.00326163
- BND_r1m: 0.00898238
- BND_r3m: 0.00348953
- BND_r12m: 0.07727894
- BND_vol3m: 0.03756326
- BND_mdd: -0.00311223
- SHY_r1m: -0.00012975
- SHY_r3m: 0.00049776
- SHY_r12m: 0.01404628
- SHY_vol3m: 0.00531284
- SHY_mdd: -0.00093215
- IEF_r1m: 0.01369706
- IEF_r3m: -0.00306404
- IEF_r12m: 0.15272143
- IEF_vol3m: 0.08440505
- IEF_mdd: -0.00989252
- TLT_r1m: 0.02405974
- TLT_r3m: -0.02737094
- TLT_r12m: 0.32993039
- TLT_vol3m: 0.22551420
- TLT_mdd: -0.03273596
- TIP_r1m: 0.00163230
- TIP_r3m: 0.01738628
- TIP_r12m: 0.13732929
- TIP_vol3m: 0.05984445
- TIP_mdd: -0.00931095
- LQD_r1m: 0.03166996
- LQD_r3m: 0.02464791
- LQD_r12m: 0.09230839
- LQD_vol3m: 0.06049788
- LQD_mdd: -0.00968665
- HYG_r1m: 0.04431138
- HYG_r3m: 0.12391236
- HYG_r12m: 0.07017901
- HYG_vol3m: 0.15996681
- HYG_mdd: 0.00000000
- GLD_r1m: -0.08082300
- GLD_r3m: -0.03131218
- GLD_r12m: 0.12985506
- GLD_vol3m: 0.22454383
- GLD_mdd: -0.15531718
- SLV_r1m: -0.09510360
- SLV_r3m: -0.02238046
- SLV_r12m: -0.03835889
- SLV_vol3m: 0.44565753
- SLV_mdd: -0.38997036
- DBC_r1m: 0.00363098
- DBC_r3m: 0.07884469
- DBC_r12m: -0.00108416
- DBC_vol3m: 0.20030309
- DBC_mdd: -0.13408522
- VNQ_r1m: 0.06612979
- VNQ_r3m: 0.22009878
- VNQ_r12m: 0.07552805
- VNQ_vol3m: 0.32461677
- VNQ_mdd: -0.05488374
- UUP_r1m: 0.01043086
- UUP_r3m: -0.01021770
- UUP_r12m: -0.02366356
- UUP_vol3m: 0.10413897
- UUP_mdd: -0.13743715
- BIL_r1m: -0.00017458
- BIL_r3m: -0.00061026
- BIL_r12m: -0.00082873
- BIL_vol3m: 0.00287903
- BIL_mdd: -0.00104638
- cross_vol: 0.20773956

Assets: SPY, QQQ, IWM, DIA, EFA, EEM, VEA, VWO, AGG, BND, SHY, IEF, TLT, TIP, LQD, HYG, GLD, SLV, DBC, VNQ, UUP, BIL","{
  ""weights"": {
    ""SPY"": 0.6,
    ""QQQ"": 0.1,
    ""IWM"": 0.1,
    ""DIA"": 0.05,
    ""EFA"": 0.05,
    ""EEM"": 0.05,
    ""VEA"": 0.05,
    ""VWO"": 0.05,
    ""AGG"": 0.025,
    ""BND"": 0.025,
    ""SHY"": 0.0125,
    ""IEF"": 0.0125,
    ""TLT"": 0.0125,
    ""TIP"": 0.0125,
    ""LQD"": 0.0125,
    ""HYG"": 0.0125,
    ""GLD"": 0.0125,
    ""SLV"": 0.0125,
    ""DBC"": 0.0125,
    ""VNQ"": 0.0125,
    ""UUP"": 0.0125,
    ""BIL"": 0.0125
  }
}",1,0,0,10.325667083001463,418,1,0,0,0,241,10.082425,1761,stop,[],0,0,0,0,GLD,SPY,SPY,0,0,0.6666666666666666,1.3790476190476186,0.7557147357996679,1.8041124150158794e-16,4.0311330796399294e-17,1.0072727272727269,0,"{""SPY"":0.48,""QQQ"":0.08,""IWM"":0.08,""DIA"":0.04,""EFA"":0.04,""EEM"":0.04,""VEA"":0.04,""VWO"":0.04,""AGG"":0.02,""BND"":0.02,""SHY"":0.01,""IEF"":0.01,""TLT"":0.01,""TIP"":0.01,""LQD"":0.01,""HYG"":0.01,""GLD"":0.01,""SLV"":0.01,""DBC"":0.01,""VNQ"":0.01,""UUP"":0.01,""BIL"":0.01}","{""SPY"":0.48,""QQQ"":0.08,""IWM"":0.08,""DIA"":0.04,""EFA"":0.04,""EEM"":0.04,""VEA"":0.04,""VWO"":0.04,""AGG"":0.02,""BND"":0.02,""SHY"":0.01,""IEF"":0.01,""TLT"":0.01,""TIP"":0.01,""LQD"":0.01,""HYG"":0.01,""GLD"":0.01,""SLV"":0.01,""DBC"":0.01,""VNQ"":0.01,""UUP"":0.01,""BIL"":0.01}","{""SPY"":0.019047619,""QQQ"":0.019047619,""IWM"":0.019047619,""DIA"":0.019047619,""EFA"":0.019047619,""EEM"":0.019047619,""VEA"":0.019047619,""VWO"":0.019047619,""AGG"":0.019047619,""BND"":0.019047619,""SHY"":0.019047619,""IEF"":0.019047619,""TLT"":0.019047619,""TIP"":0.019047619,""LQD"":0.019047619,""HYG"":0.019047619,""GLD"":0.6,""SLV"":0.019047619,""DBC"":0.019047619,""VNQ"":0.019047619,""UUP"":0.019047619,""BIL"":0.019047619}",0,1.0,0.48,0.01,0.0,0,0,1.0,0.48,0.010000000000000009,1,1,1,1,43,5eca51eabf8eeeeffffcb236
repeatability_504part,repeatability,repeat_02,llama3.1:8b,P3,,,real_ticker,,2012-01-03,42,10.0,0.6,0.25,010338c2cd2f4f61,"You are a CONTRARIAN MEAN-REVERSION policy profile. Use only the provided feature values. Strongly favor the eligible asset with the lowest `_r3m` value, reflecting recent underperformance. Allocate 60.0% of total portfolio weight to that target asset as the language-level policy target. Distribute the remaining weight equally among all other eligible assets. Include every eligible ticker exactly once. Return strictly valid JSON only with a `weights` object whose values are decimals, not percentages.
Hard constraints for the execution layer: long-only weights, weights sum to one, maximum single-asset weight 0.60, and turnover cap 0.25. You propose weights; deterministic projection will enforce final feasibility.

Current Features:
- SPY_r1m: 0.02671527
- SPY_r3m: 0.16718437
- SPY_r12m: 0.02459531
- SPY_vol3m: 0.25887618
- SPY_mdd: -0.04997558
- QQQ_r1m: 0.00594880
- QQQ_r3m: 0.11689063
- QQQ_r12m: 0.03838268
- QQQ_vol3m: 0.25840276
- QQQ_mdd: -0.04035395
- IWM_r1m: 0.02917684
- IWM_r3m: 0.23521409
- IWM_r12m: -0.04505676
- IWM_vol3m: 0.37699975
- IWM_mdd: -0.12194550
- DIA_r1m: 0.03222774
- DIA_r3m: 0.17057072
- DIA_r12m: 0.08903085
- DIA_vol3m: 0.23431513
- DIA_mdd: -0.01629590
- EFA_r1m: 0.01361774
- EFA_r3m: 0.10687441
- EFA_r12m: -0.10575190
- EFA_vol3m: 0.34495450
- EFA_mdd: -0.17813728
- EEM_r1m: -0.01040913
- EEM_r3m: 0.14885810
- EEM_r12m: -0.17111157
- EEM_vol3m: 0.40143404
- EEM_mdd: -0.20578643
- VEA_r1m: 0.01517214
- VEA_r3m: 0.10818355
- VEA_r12m: -0.10683659
- VEA_vol3m: 0.34370176
- VEA_mdd: -0.17899926
- VWO_r1m: -0.01158303
- VWO_r3m: 0.14397978
- VWO_r12m: -0.17177883
- VWO_vol3m: 0.38302937
- VWO_mdd: -0.20591402
- AGG_r1m: 0.01119144
- AGG_r3m: 0.00536611
- AGG_r12m: 0.07603870
- AGG_vol3m: 0.03331322
- AGG_mdd: -0.00326163
- BND_r1m: 0.00898238
- BND_r3m: 0.00348953
- BND_r12m: 0.07727894
- BND_vol3m: 0.03756326
- BND_mdd: -0.00311223
- SHY_r1m: -0.00012975
- SHY_r3m: 0.00049776
- SHY_r12m: 0.01404628
- SHY_vol3m: 0.00531284
- SHY_mdd: -0.00093215
- IEF_r1m: 0.01369706
- IEF_r3m: -0.00306404
- IEF_r12m: 0.15272143
- IEF_vol3m: 0.08440505
- IEF_mdd: -0.00989252
- TLT_r1m: 0.02405974
- TLT_r3m: -0.02737094
- TLT_r12m: 0.32993039
- TLT_vol3m: 0.22551420
- TLT_mdd: -0.03273596
- TIP_r1m: 0.00163230
- TIP_r3m: 0.01738628
- TIP_r12m: 0.13732929
- TIP_vol3m: 0.05984445
- TIP_mdd: -0.00931095
- LQD_r1m: 0.03166996
- LQD_r3m: 0.02464791
- LQD_r12m: 0.09230839
- LQD_vol3m: 0.06049788
- LQD_mdd: -0.00968665
- HYG_r1m: 0.04431138
- HYG_r3m: 0.12391236
- HYG_r12m: 0.07017901
- HYG_vol3m: 0.15996681
- HYG_mdd: 0.00000000
- GLD_r1m: -0.08082300
- GLD_r3m: -0.03131218
- GLD_r12m: 0.12985506
- GLD_vol3m: 0.22454383
- GLD_mdd: -0.15531718
- SLV_r1m: -0.09510360
- SLV_r3m: -0.02238046
- SLV_r12m: -0.03835889
- SLV_vol3m: 0.44565753
- SLV_mdd: -0.38997036
- DBC_r1m: 0.00363098
- DBC_r3m: 0.07884469
- DBC_r12m: -0.00108416
- DBC_vol3m: 0.20030309
- DBC_mdd: -0.13408522
- VNQ_r1m: 0.06612979
- VNQ_r3m: 0.22009878
- VNQ_r12m: 0.07552805
- VNQ_vol3m: 0.32461677
- VNQ_mdd: -0.05488374
- UUP_r1m: 0.01043086
- UUP_r3m: -0.01021770
- UUP_r12m: -0.02366356
- UUP_vol3m: 0.10413897
- UUP_mdd: -0.13743715
- BIL_r1m: -0.00017458
- BIL_r3m: -0.00061026
- BIL_r12m: -0.00082873
- BIL_vol3m: 0.00287903
- BIL_mdd: -0.00104638
- cross_vol: 0.20773956

Assets: SPY, QQQ, IWM, DIA, EFA, EEM, VEA, VWO, AGG, BND, SHY, IEF, TLT, TIP, LQD, HYG, GLD, SLV, DBC, VNQ, UUP, BIL","{
  ""weights"": {
    ""SPY"": 0.6,
    ""QQQ"": 0.1,
    ""IWM"": 0.1,
    ""DIA"": 0.05,
    ""EFA"": 0.05,
    ""EEM"": 0.05,
    ""VEA"": 0.05,
    ""VWO"": 0.05,
    ""AGG"": 0.025,
    ""BND"": 0.025,
    ""SHY"": 0.0125,
    ""IEF"": 0.0125,
    ""TLT"": 0.0125,
    ""TIP"": 0.0125,
    ""LQD"": 0.0125,
    ""HYG"": 0.0125,
    ""GLD"": 0.0125,
    ""SLV"": 0.0125,
    ""DBC"": 0.0125,
    ""VNQ"": 0.0125,
    ""UUP"": 0.0125,
    ""BIL"": 0.0125
  }
}",1,0,0,10.319865917001152,418,1,0,0,0,241,10.070007,1761,stop,[],0,0,0,0,GLD,SPY,SPY,0,0,0.6666666666666666,1.3790476190476186,0.7557147357996679,1.8041124150158794e-16,4.0311330796399294e-17,1.0072727272727269,0,"{""SPY"":0.48,""QQQ"":0.08,""IWM"":0.08,""DIA"":0.04,""EFA"":0.04,""EEM"":0.04,""VEA"":0.04,""VWO"":0.04,""AGG"":0.02,""BND"":0.02,""SHY"":0.01,""IEF"":0.01,""TLT"":0.01,""TIP"":0.01,""LQD"":0.01,""HYG"":0.01,""GLD"":0.01,""SLV"":0.01,""DBC"":0.01,""VNQ"":0.01,""UUP"":0.01,""BIL"":0.01}","{""SPY"":0.48,""QQQ"":0.08,""IWM"":0.08,""DIA"":0.04,""EFA"":0.04,""EEM"":0.04,""VEA"":0.04,""VWO"":0.04,""AGG"":0.02,""BND"":0.02,""SHY"":0.01,""IEF"":0.01,""TLT"":0.01,""TIP"":0.01,""LQD"":0.01,""HYG"":0.01,""GLD"":0.01,""SLV"":0.01,""DBC"":0.01,""VNQ"":0.01,""UUP"":0.01,""BIL"":0.01}","{""SPY"":0.019047619,""QQQ"":0.019047619,""IWM"":0.019047619,""DIA"":0.019047619,""EFA"":0.019047619,""EEM"":0.019047619,""VEA"":0.019047619,""VWO"":0.019047619,""AGG"":0.019047619,""BND"":0.019047619,""SHY"":0.019047619,""IEF"":0.019047619,""TLT"":0.019047619,""TIP"":0.019047619,""LQD"":0.019047619,""HYG"":0.019047619,""GLD"":0.6,""SLV"":0.019047619,""DBC"":0.019047619,""VNQ"":0.019047619,""UUP"":0.019047619,""BIL"":0.019047619}",0,1.0,0.48,0.01,0.0,0,0,1.0,0.48,0.010000000000000009,1,1,1,2,44,f67cc136509498406def9a3d
repeatability_504part,repeatability,repeat_03,llama3.1:8b,P3,,,real_ticker,,2012-01-03,42,10.0,0.6,0.25,010338c2cd2f4f61,"You are a CONTRARIAN MEAN-REVERSION policy profile. Use only the provided feature values. Strongly favor the eligible asset with the lowest `_r3m` value, reflecting recent underperformance. Allocate 60.0% of total portfolio weight to that target asset as the language-level policy target. Distribute the remaining weight equally among all other eligible assets. Include every eligible ticker exactly once. Return strictly valid JSON only with a `weights` object whose values are decimals, not percentages.
Hard constraints for the execution layer: long-only weights, weights sum to one, maximum single-asset weight 0.60, and turnover cap 0.25. You propose weights; deterministic projection will enforce final feasibility.

Current Features:
- SPY_r1m: 0.02671527
- SPY_r3m: 0.16718437
- SPY_r12m: 0.02459531
- SPY_vol3m: 0.25887618
- SPY_mdd: -0.04997558
- QQQ_r1m: 0.00594880
- QQQ_r3m: 0.11689063
- QQQ_r12m: 0.03838268
- QQQ_vol3m: 0.25840276
- QQQ_mdd: -0.04035395
- IWM_r1m: 0.02917684
- IWM_r3m: 0.23521409
- IWM_r12m: -0.04505676
- IWM_vol3m: 0.37699975
- IWM_mdd: -0.12194550
- DIA_r1m: 0.03222774
- DIA_r3m: 0.17057072
- DIA_r12m: 0.08903085
- DIA_vol3m: 0.23431513
- DIA_mdd: -0.01629590
- EFA_r1m: 0.01361774
- EFA_r3m: 0.10687441
- EFA_r12m: -0.10575190
- EFA_vol3m: 0.34495450
- EFA_mdd: -0.17813728
- EEM_r1m: -0.01040913
- EEM_r3m: 0.14885810
- EEM_r12m: -0.17111157
- EEM_vol3m: 0.40143404
- EEM_mdd: -0.20578643
- VEA_r1m: 0.01517214
- VEA_r3m: 0.10818355
- VEA_r12m: -0.10683659
- VEA_vol3m: 0.34370176
- VEA_mdd: -0.17899926
- VWO_r1m: -0.01158303
- VWO_r3m: 0.14397978
- VWO_r12m: -0.17177883
- VWO_vol3m: 0.38302937
- VWO_mdd: -0.20591402
- AGG_r1m: 0.01119144
- AGG_r3m: 0.00536611
- AGG_r12m: 0.07603870
- AGG_vol3m: 0.03331322
- AGG_mdd: -0.00326163
- BND_r1m: 0.00898238
- BND_r3m: 0.00348953
- BND_r12m: 0.07727894
- BND_vol3m: 0.03756326
- BND_mdd: -0.00311223
- SHY_r1m: -0.00012975
- SHY_r3m: 0.00049776
- SHY_r12m: 0.01404628
- SHY_vol3m: 0.00531284
- SHY_mdd: -0.00093215
- IEF_r1m: 0.01369706
- IEF_r3m: -0.00306404
- IEF_r12m: 0.15272143
- IEF_vol3m: 0.08440505
- IEF_mdd: -0.00989252
- TLT_r1m: 0.02405974
- TLT_r3m: -0.02737094
- TLT_r12m: 0.32993039
- TLT_vol3m: 0.22551420
- TLT_mdd: -0.03273596
- TIP_r1m: 0.00163230
- TIP_r3m: 0.01738628
- TIP_r12m: 0.13732929
- TIP_vol3m: 0.05984445
- TIP_mdd: -0.00931095
- LQD_r1m: 0.03166996
- LQD_r3m: 0.02464791
- LQD_r12m: 0.09230839
- LQD_vol3m: 0.06049788
- LQD_mdd: -0.00968665
- HYG_r1m: 0.04431138
- HYG_r3m: 0.12391236
- HYG_r12m: 0.07017901
- HYG_vol3m: 0.15996681
- HYG_mdd: 0.00000000
- GLD_r1m: -0.08082300
- GLD_r3m: -0.03131218
- GLD_r12m: 0.12985506
- GLD_vol3m: 0.22454383
- GLD_mdd: -0.15531718
- SLV_r1m: -0.09510360
- SLV_r3m: -0.02238046
- SLV_r12m: -0.03835889
- SLV_vol3m: 0.44565753
- SLV_mdd: -0.38997036
- DBC_r1m: 0.00363098
- DBC_r3m: 0.07884469
- DBC_r12m: -0.00108416
- DBC_vol3m: 0.20030309
- DBC_mdd: -0.13408522
- VNQ_r1m: 0.06612979
- VNQ_r3m: 0.22009878
- VNQ_r12m: 0.07552805
- VNQ_vol3m: 0.32461677
- VNQ_mdd: -0.05488374
- UUP_r1m: 0.01043086
- UUP_r3m: -0.01021770
- UUP_r12m: -0.02366356
- UUP_vol3m: 0.10413897
- UUP_mdd: -0.13743715
- BIL_r1m: -0.00017458
- BIL_r3m: -0.00061026
- BIL_r12m: -0.00082873
- BIL_vol3m: 0.00287903
- BIL_mdd: -0.00104638
- cross_vol: 0.20773956

Assets: SPY, QQQ, IWM, DIA, EFA, EEM, VEA, VWO, AGG, BND, SHY, IEF, TLT, TIP, LQD, HYG, GLD, SLV, DBC, VNQ, UUP, BIL","{
  ""weights"": {
    ""SPY"": 0.6,
    ""QQQ"": 0.1,
    ""IWM"": 0.1,
    ""DIA"": 0.05,
    ""EFA"": 0.05,
    ""EEM"": 0.05,
    ""VEA"": 0.05,
    ""VWO"": 0.05,
    ""AGG"": 0.025,
    ""BND"": 0.025,
    ""SHY"": 0.0125,
    ""IEF"": 0.0125,
    ""TLT"": 0.0125,
    ""TIP"": 0.0125,
    ""LQD"": 0.0125,
    ""HYG"": 0.0125,
    ""GLD"": 0.0125,
    ""SLV"": 0.0125,
    ""DBC"": 0.0125,
    ""VNQ"": 0.0125,
    ""UUP"": 0.0125,
    ""BIL"": 0.0125
  }
}",1,0,0,10.320491582999239,418,1,0,0,0,241,10.071971,1761,stop,[],0,0,0,0,GLD,SPY,SPY,0,0,0.6666666666666666,1.3790476190476186,0.7557147357996679,1.8041124150158794e-16,4.0311330796399294e-17,1.0072727272727269,0,"{""SPY"":0.48,""QQQ"":0.08,""IWM"":0.08,""DIA"":0.04,""EFA"":0.04,""EEM"":0.04,""VEA"":0.04,""VWO"":0.04,""AGG"":0.02,""BND"":0.02,""SHY"":0.01,""IEF"":0.01,""TLT"":0.01,""TIP"":0.01,""LQD"":0.01,""HYG"":0.01,""GLD"":0.01,""SLV"":0.01,""DBC"":0.01,""VNQ"":0.01,""UUP"":0.01,""BIL"":0.01}","{""SPY"":0.48,""QQQ"":0.08,""IWM"":0.08,""DIA"":0.04,""EFA"":0.04,""EEM"":0.04,""VEA"":0.04,""VWO"":0.04,""AGG"":0.02,""BND"":0.02,""SHY"":0.01,""IEF"":0.01,""TLT"":0.01,""TIP"":0.01,""LQD"":0.01,""HYG"":0.01,""GLD"":0.01,""SLV"":0.01,""DBC"":0.01,""VNQ"":0.01,""UUP"":0.01,""BIL"":0.01}","{""SPY"":0.019047619,""QQQ"":0.019047619,""IWM"":0.019047619,""DIA"":0.019047619,""EFA"":0.019047619,""EEM"":0.019047619,""VEA"":0.019047619,""VWO"":0.019047619,""AGG"":0.019047619,""BND"":0.019047619,""SHY"":0.019047619,""IEF"":0.019047619,""TLT"":0.019047619,""TIP"":0.019047619,""LQD"":0.019047619,""HYG"":0.019047619,""GLD"":0.6,""SLV"":0.019047619,""DBC"":0.019047619,""VNQ"":0.019047619,""UUP"":0.019047619,""BIL"":0.019047619}",0,1.0,0.48,0.01,0.0,0,0,1.0,0.48,0.010000000000000009,1,1,1,3,45,9b79ec53a6d04533afe84c43
repeatability_504part,repeatability,repeat_00,llama3.1:8b,P4,,,real_ticker,,2012-01-03,42,10.0,0.6,0.25,ced44d95202c3c9f,"You are an EQUAL-WEIGHT CONTROL policy profile. Ignore all feature data. Allocate the total portfolio weight equally among all eligible assets. Include every eligible ticker exactly once. Return strictly valid JSON only with a `weights` object whose values are decimals, not percentages.
Hard constraints for the execution layer: long-only weights, weights sum to one, maximum single-asset weight 0.60, and turnover cap 0.25. You propose weights; deterministic projection will enforce final feasibility.

Current Features:
- SPY_r1m: 0.02671527
- SPY_r3m: 0.16718437
- SPY_r12m: 0.02459531
- SPY_vol3m: 0.25887618
- SPY_mdd: -0.04997558
- QQQ_r1m: 0.00594880
- QQQ_r3m: 0.11689063
- QQQ_r12m: 0.03838268
- QQQ_vol3m: 0.25840276
- QQQ_mdd: -0.04035395
- IWM_r1m: 0.02917684
- IWM_r3m: 0.23521409
- IWM_r12m: -0.04505676
- IWM_vol3m: 0.37699975
- IWM_mdd: -0.12194550
- DIA_r1m: 0.03222774
- DIA_r3m: 0.17057072
- DIA_r12m: 0.08903085
- DIA_vol3m: 0.23431513
- DIA_mdd: -0.01629590
- EFA_r1m: 0.01361774
- EFA_r3m: 0.10687441
- EFA_r12m: -0.10575190
- EFA_vol3m: 0.34495450
- EFA_mdd: -0.17813728
- EEM_r1m: -0.01040913
- EEM_r3m: 0.14885810
- EEM_r12m: -0.17111157
- EEM_vol3m: 0.40143404
- EEM_mdd: -0.20578643
- VEA_r1m: 0.01517214
- VEA_r3m: 0.10818355
- VEA_r12m: -0.10683659
- VEA_vol3m: 0.34370176
- VEA_mdd: -0.17899926
- VWO_r1m: -0.01158303
- VWO_r3m: 0.14397978
- VWO_r12m: -0.17177883
- VWO_vol3m: 0.38302937
- VWO_mdd: -0.20591402
- AGG_r1m: 0.01119144
- AGG_r3m: 0.00536611
- AGG_r12m: 0.07603870
- AGG_vol3m: 0.03331322
- AGG_mdd: -0.00326163
- BND_r1m: 0.00898238
- BND_r3m: 0.00348953
- BND_r12m: 0.07727894
- BND_vol3m: 0.03756326
- BND_mdd: -0.00311223
- SHY_r1m: -0.00012975
- SHY_r3m: 0.00049776
- SHY_r12m: 0.01404628
- SHY_vol3m: 0.00531284
- SHY_mdd: -0.00093215
- IEF_r1m: 0.01369706
- IEF_r3m: -0.00306404
- IEF_r12m: 0.15272143
- IEF_vol3m: 0.08440505
- IEF_mdd: -0.00989252
- TLT_r1m: 0.02405974
- TLT_r3m: -0.02737094
- TLT_r12m: 0.32993039
- TLT_vol3m: 0.22551420
- TLT_mdd: -0.03273596
- TIP_r1m: 0.00163230
- TIP_r3m: 0.01738628
- TIP_r12m: 0.13732929
- TIP_vol3m: 0.05984445
- TIP_mdd: -0.00931095
- LQD_r1m: 0.03166996
- LQD_r3m: 0.02464791
- LQD_r12m: 0.09230839
- LQD_vol3m: 0.06049788
- LQD_mdd: -0.00968665
- HYG_r1m: 0.04431138
- HYG_r3m: 0.12391236
- HYG_r12m: 0.07017901
- HYG_vol3m: 0.15996681
- HYG_mdd: 0.00000000
- GLD_r1m: -0.08082300
- GLD_r3m: -0.03131218
- GLD_r12m: 0.12985506
- GLD_vol3m: 0.22454383
- GLD_mdd: -0.15531718
- SLV_r1m: -0.09510360
- SLV_r3m: -0.02238046
- SLV_r12m: -0.03835889
- SLV_vol3m: 0.44565753
- SLV_mdd: -0.38997036
- DBC_r1m: 0.00363098
- DBC_r3m: 0.07884469
- DBC_r12m: -0.00108416
- DBC_vol3m: 0.20030309
- DBC_mdd: -0.13408522
- VNQ_r1m: 0.06612979
- VNQ_r3m: 0.22009878
- VNQ_r12m: 0.07552805
- VNQ_vol3m: 0.32461677
- VNQ_mdd: -0.05488374
- UUP_r1m: 0.01043086
- UUP_r3m: -0.01021770
- UUP_r12m: -0.02366356
- UUP_vol3m: 0.10413897
- UUP_mdd: -0.13743715
- BIL_r1m: -0.00017458
- BIL_r3m: -0.00061026
- BIL_r12m: -0.00082873
- BIL_vol3m: 0.00287903
- BIL_mdd: -0.00104638
- cross_vol: 0.20773956

Assets: SPY, QQQ, IWM, DIA, EFA, EEM, VEA, VWO, AGG, BND, SHY, IEF, TLT, TIP, LQD, HYG, GLD, SLV, DBC, VNQ, UUP, BIL","{
  ""weights"": {
    ""SPY"": 0.0107142857,
    ""QQQ"": 0.0107142857,
    ""IWM"": 0.0107142857,
    ""DIA"": 0.0107142857,
    ""EFA"": 0.0107142857,
    ""EEM"": 0.0107142857,
    ""VEA"": 0.0107142857,
    ""VWO"": 0.0107142857,
    ""AGG"": 0.0107142857,
    ""BND"": 0.0107142857,
    ""SHY"": 0.0107142857,
    ""IEF"": 0.0107142857,
    ""TLT"": 0.0107142857,
    ""TIP"": 0.0107142857,
    ""LQD"": 0.0107142857,
    ""HYG"": 0.0107142857,
    ""GLD"": 0.0107142857,
    ""SLV"": 0.0107142857,
    ""DBC"": 0.0107142857,
    ""VNQ"": 0.0107142857,
    ""UUP"": 0.0107142857,
    ""BIL"": 0.0107142857
  }
}",1,0,0,19.73545604199171,571,1,0,0,0,295,12.329255,1713,stop,[],0,0,0,0,SPY,SPY,SPY,1,1,1.0,0.0,0.0,3.0531133177191805e-16,6.509259464525837e-17,3.0531133177191805e-16,1,"{""SPY"":0.0454545455,""QQQ"":0.0454545455,""IWM"":0.0454545455,""DIA"":0.0454545455,""EFA"":0.0454545455,""EEM"":0.0454545455,""VEA"":0.0454545455,""VWO"":0.0454545455,""AGG"":0.0454545455,""BND"":0.0454545455,""SHY"":0.0454545455,""IEF"":0.0454545455,""TLT"":0.0454545455,""TIP"":0.0454545455,""LQD"":0.0454545455,""HYG"":0.0454545455,""GLD"":0.0454545455,""SLV"":0.0454545455,""DBC"":0.0454545455,""VNQ"":0.0454545455,""UUP"":0.0454545455,""BIL"":0.0454545455}","{""SPY"":0.0454545455,""QQQ"":0.0454545455,""IWM"":0.0454545455,""DIA"":0.0454545455,""EFA"":0.0454545455,""EEM"":0.0454545455,""VEA"":0.0454545455,""VWO"":0.0454545455,""AGG"":0.0454545455,""BND"":0.0454545455,""SHY"":0.0454545455,""IEF"":0.0454545455,""TLT"":0.0454545455,""TIP"":0.0454545455,""LQD"":0.0454545455,""HYG"":0.0454545455,""GLD"":0.0454545455,""SLV"":0.0454545455,""DBC"":0.0454545455,""VNQ"":0.0454545455,""UUP"":0.0454545455,""BIL"":0.0454545455}","{""SPY"":0.0454545455,""QQQ"":0.0454545455,""IWM"":0.0454545455,""DIA"":0.0454545455,""EFA"":0.0454545455,""EEM"":0.0454545455,""VEA"":0.0454545455,""VWO"":0.0454545455,""AGG"":0.0454545455,""BND"":0.0454545455,""SHY"":0.0454545455,""IEF"":0.0454545455,""TLT"":0.0454545455,""TIP"":0.0454545455,""LQD"":0.0454545455,""HYG"":0.0454545455,""GLD"":0.0454545455,""SLV"":0.0454545455,""DBC"":0.0454545455,""VNQ"":0.0454545455,""UUP"":0.0454545455,""BIL"":0.0454545455}",0,0.9999999999999998,0.045454545454545456,0.045454545454545456,2.220446049250313e-16,0,0,1.0,0.04545454545454547,0.04545454545454547,1,1,1,0,42,ee449bebaef7c075e1faa80b
repeatability_504part,repeatability,repeat_01,llama3.1:8b,P4,,,real_ticker,,2012-01-03,42,10.0,0.6,0.25,ced44d95202c3c9f,"You are an EQUAL-WEIGHT CONTROL policy profile. Ignore all feature data. Allocate the total portfolio weight equally among all eligible assets. Include every eligible ticker exactly once. Return strictly valid JSON only with a `weights` object whose values are decimals, not percentages.
Hard constraints for the execution layer: long-only weights, weights sum to one, maximum single-asset weight 0.60, and turnover cap 0.25. You propose weights; deterministic projection will enforce final feasibility.

Current Features:
- SPY_r1m: 0.02671527
- SPY_r3m: 0.16718437
- SPY_r12m: 0.02459531
- SPY_vol3m: 0.25887618
- SPY_mdd: -0.04997558
- QQQ_r1m: 0.00594880
- QQQ_r3m: 0.11689063
- QQQ_r12m: 0.03838268
- QQQ_vol3m: 0.25840276
- QQQ_mdd: -0.04035395
- IWM_r1m: 0.02917684
- IWM_r3m: 0.23521409
- IWM_r12m: -0.04505676
- IWM_vol3m: 0.37699975
- IWM_mdd: -0.12194550
- DIA_r1m: 0.03222774
- DIA_r3m: 0.17057072
- DIA_r12m: 0.08903085
- DIA_vol3m: 0.23431513
- DIA_mdd: -0.01629590
- EFA_r1m: 0.01361774
- EFA_r3m: 0.10687441
- EFA_r12m: -0.10575190
- EFA_vol3m: 0.34495450
- EFA_mdd: -0.17813728
- EEM_r1m: -0.01040913
- EEM_r3m: 0.14885810
- EEM_r12m: -0.17111157
- EEM_vol3m: 0.40143404
- EEM_mdd: -0.20578643
- VEA_r1m: 0.01517214
- VEA_r3m: 0.10818355
- VEA_r12m: -0.10683659
- VEA_vol3m: 0.34370176
- VEA_mdd: -0.17899926
- VWO_r1m: -0.01158303
- VWO_r3m: 0.14397978
- VWO_r12m: -0.17177883
- VWO_vol3m: 0.38302937
- VWO_mdd: -0.20591402
- AGG_r1m: 0.01119144
- AGG_r3m: 0.00536611
- AGG_r12m: 0.07603870
- AGG_vol3m: 0.03331322
- AGG_mdd: -0.00326163
- BND_r1m: 0.00898238
- BND_r3m: 0.00348953
- BND_r12m: 0.07727894
- BND_vol3m: 0.03756326
- BND_mdd: -0.00311223
- SHY_r1m: -0.00012975
- SHY_r3m: 0.00049776
- SHY_r12m: 0.01404628
- SHY_vol3m: 0.00531284
- SHY_mdd: -0.00093215
- IEF_r1m: 0.01369706
- IEF_r3m: -0.00306404
- IEF_r12m: 0.15272143
- IEF_vol3m: 0.08440505
- IEF_mdd: -0.00989252
- TLT_r1m: 0.02405974
- TLT_r3m: -0.02737094
- TLT_r12m: 0.32993039
- TLT_vol3m: 0.22551420
- TLT_mdd: -0.03273596
- TIP_r1m: 0.00163230
- TIP_r3m: 0.01738628
- TIP_r12m: 0.13732929
- TIP_vol3m: 0.05984445
- TIP_mdd: -0.00931095
- LQD_r1m: 0.03166996
- LQD_r3m: 0.02464791
- LQD_r12m: 0.09230839
- LQD_vol3m: 0.06049788
- LQD_mdd: -0.00968665
- HYG_r1m: 0.04431138
- HYG_r3m: 0.12391236
- HYG_r12m: 0.07017901
- HYG_vol3m: 0.15996681
- HYG_mdd: 0.00000000
- GLD_r1m: -0.08082300
- GLD_r3m: -0.03131218
- GLD_r12m: 0.12985506
- GLD_vol3m: 0.22454383
- GLD_mdd: -0.15531718
- SLV_r1m: -0.09510360
- SLV_r3m: -0.02238046
- SLV_r12m: -0.03835889
- SLV_vol3m: 0.44565753
- SLV_mdd: -0.38997036
- DBC_r1m: 0.00363098
- DBC_r3m: 0.07884469
- DBC_r12m: -0.00108416
- DBC_vol3m: 0.20030309
- DBC_mdd: -0.13408522
- VNQ_r1m: 0.06612979
- VNQ_r3m: 0.22009878
- VNQ_r12m: 0.07552805
- VNQ_vol3m: 0.32461677
- VNQ_mdd: -0.05488374
- UUP_r1m: 0.01043086
- UUP_r3m: -0.01021770
- UUP_r12m: -0.02366356
- UUP_vol3m: 0.10413897
- UUP_mdd: -0.13743715
- BIL_r1m: -0.00017458
- BIL_r3m: -0.00061026
- BIL_r12m: -0.00082873
- BIL_vol3m: 0.00287903
- BIL_mdd: -0.00104638
- cross_vol: 0.20773956

Assets: SPY, QQQ, IWM, DIA, EFA, EEM, VEA, VWO, AGG, BND, SHY, IEF, TLT, TIP, LQD, HYG, GLD, SLV, DBC, VNQ, UUP, BIL","{
  ""weights"": {
    ""SPY"": 0.0107142857,
    ""QQQ"": 0.0107142857,
    ""IWM"": 0.0107142857,
    ""DIA"": 0.0107142857,
    ""EFA"": 0.0107142857,
    ""EEM"": 0.0107142857,
    ""VEA"": 0.0107142857,
    ""VWO"": 0.0107142857,
    ""AGG"": 0.0107142857,
    ""BND"": 0.0107142857,
    ""SHY"": 0.0107142857,
    ""IEF"": 0.0107142857,
    ""TLT"": 0.0107142857,
    ""TIP"": 0.0107142857,
    ""LQD"": 0.0107142857,
    ""HYG"": 0.0107142857,
    ""GLD"": 0.0107142857,
    ""SLV"": 0.0107142857,
    ""DBC"": 0.0107142857,
    ""VNQ"": 0.0107142857,
    ""UUP"": 0.0107142857,
    ""BIL"": 0.0107142857
  }
}",1,0,0,12.582389457995305,571,1,0,0,0,295,12.338634,1713,stop,[],0,0,0,0,SPY,SPY,SPY,1,1,1.0,0.0,0.0,3.0531133177191805e-16,6.509259464525837e-17,3.0531133177191805e-16,1,"{""SPY"":0.0454545455,""QQQ"":0.0454545455,""IWM"":0.0454545455,""DIA"":0.0454545455,""EFA"":0.0454545455,""EEM"":0.0454545455,""VEA"":0.0454545455,""VWO"":0.0454545455,""AGG"":0.0454545455,""BND"":0.0454545455,""SHY"":0.0454545455,""IEF"":0.0454545455,""TLT"":0.0454545455,""TIP"":0.0454545455,""LQD"":0.0454545455,""HYG"":0.0454545455,""GLD"":0.0454545455,""SLV"":0.0454545455,""DBC"":0.0454545455,""VNQ"":0.0454545455,""UUP"":0.0454545455,""BIL"":0.0454545455}","{""SPY"":0.0454545455,""QQQ"":0.0454545455,""IWM"":0.0454545455,""DIA"":0.0454545455,""EFA"":0.0454545455,""EEM"":0.0454545455,""VEA"":0.0454545455,""VWO"":0.0454545455,""AGG"":0.0454545455,""BND"":0.0454545455,""SHY"":0.0454545455,""IEF"":0.0454545455,""TLT"":0.0454545455,""TIP"":0.0454545455,""LQD"":0.0454545455,""HYG"":0.0454545455,""GLD"":0.0454545455,""SLV"":0.0454545455,""DBC"":0.0454545455,""VNQ"":0.0454545455,""UUP"":0.0454545455,""BIL"":0.0454545455}","{""SPY"":0.0454545455,""QQQ"":0.0454545455,""IWM"":0.0454545455,""DIA"":0.0454545455,""EFA"":0.0454545455,""EEM"":0.0454545455,""VEA"":0.0454545455,""VWO"":0.0454545455,""AGG"":0.0454545455,""BND"":0.0454545455,""SHY"":0.0454545455,""IEF"":0.0454545455,""TLT"":0.0454545455,""TIP"":0.0454545455,""LQD"":0.0454545455,""HYG"":0.0454545455,""GLD"":0.0454545455,""SLV"":0.0454545455,""DBC"":0.0454545455,""VNQ"":0.0454545455,""UUP"":0.0454545455,""BIL"":0.0454545455}",0,0.9999999999999998,0.045454545454545456,0.045454545454545456,2.220446049250313e-16,0,0,1.0,0.04545454545454547,0.04545454545454547,1,1,1,1,43,17c02ba8ca3e46df92a06b01
repeatability_504part,repeatability,repeat_02,llama3.1:8b,P4,,,real_ticker,,2012-01-03,42,10.0,0.6,0.25,ced44d95202c3c9f,"You are an EQUAL-WEIGHT CONTROL policy profile. Ignore all feature data. Allocate the total portfolio weight equally among all eligible assets. Include every eligible ticker exactly once. Return strictly valid JSON only with a `weights` object whose values are decimals, not percentages.
Hard constraints for the execution layer: long-only weights, weights sum to one, maximum single-asset weight 0.60, and turnover cap 0.25. You propose weights; deterministic projection will enforce final feasibility.

Current Features:
- SPY_r1m: 0.02671527
- SPY_r3m: 0.16718437
- SPY_r12m: 0.02459531
- SPY_vol3m: 0.25887618
- SPY_mdd: -0.04997558
- QQQ_r1m: 0.00594880
- QQQ_r3m: 0.11689063
- QQQ_r12m: 0.03838268
- QQQ_vol3m: 0.25840276
- QQQ_mdd: -0.04035395
- IWM_r1m: 0.02917684
- IWM_r3m: 0.23521409
- IWM_r12m: -0.04505676
- IWM_vol3m: 0.37699975
- IWM_mdd: -0.12194550
- DIA_r1m: 0.03222774
- DIA_r3m: 0.17057072
- DIA_r12m: 0.08903085
- DIA_vol3m: 0.23431513
- DIA_mdd: -0.01629590
- EFA_r1m: 0.01361774
- EFA_r3m: 0.10687441
- EFA_r12m: -0.10575190
- EFA_vol3m: 0.34495450
- EFA_mdd: -0.17813728
- EEM_r1m: -0.01040913
- EEM_r3m: 0.14885810
- EEM_r12m: -0.17111157
- EEM_vol3m: 0.40143404
- EEM_mdd: -0.20578643
- VEA_r1m: 0.01517214
- VEA_r3m: 0.10818355
- VEA_r12m: -0.10683659
- VEA_vol3m: 0.34370176
- VEA_mdd: -0.17899926
- VWO_r1m: -0.01158303
- VWO_r3m: 0.14397978
- VWO_r12m: -0.17177883
- VWO_vol3m: 0.38302937
- VWO_mdd: -0.20591402
- AGG_r1m: 0.01119144
- AGG_r3m: 0.00536611
- AGG_r12m: 0.07603870
- AGG_vol3m: 0.03331322
- AGG_mdd: -0.00326163
- BND_r1m: 0.00898238
- BND_r3m: 0.00348953
- BND_r12m: 0.07727894
- BND_vol3m: 0.03756326
- BND_mdd: -0.00311223
- SHY_r1m: -0.00012975
- SHY_r3m: 0.00049776
- SHY_r12m: 0.01404628
- SHY_vol3m: 0.00531284
- SHY_mdd: -0.00093215
- IEF_r1m: 0.01369706
- IEF_r3m: -0.00306404
- IEF_r12m: 0.15272143
- IEF_vol3m: 0.08440505
- IEF_mdd: -0.00989252
- TLT_r1m: 0.02405974
- TLT_r3m: -0.02737094
- TLT_r12m: 0.32993039
- TLT_vol3m: 0.22551420
- TLT_mdd: -0.03273596
- TIP_r1m: 0.00163230
- TIP_r3m: 0.01738628
- TIP_r12m: 0.13732929
- TIP_vol3m: 0.05984445
- TIP_mdd: -0.00931095
- LQD_r1m: 0.03166996
- LQD_r3m: 0.02464791
- LQD_r12m: 0.09230839
- LQD_vol3m: 0.06049788
- LQD_mdd: -0.00968665
- HYG_r1m: 0.04431138
- HYG_r3m: 0.12391236
- HYG_r12m: 0.07017901
- HYG_vol3m: 0.15996681
- HYG_mdd: 0.00000000
- GLD_r1m: -0.08082300
- GLD_r3m: -0.03131218
- GLD_r12m: 0.12985506
- GLD_vol3m: 0.22454383
- GLD_mdd: -0.15531718
- SLV_r1m: -0.09510360
- SLV_r3m: -0.02238046
- SLV_r12m: -0.03835889
- SLV_vol3m: 0.44565753
- SLV_mdd: -0.38997036
- DBC_r1m: 0.00363098
- DBC_r3m: 0.07884469
- DBC_r12m: -0.00108416
- DBC_vol3m: 0.20030309
- DBC_mdd: -0.13408522
- VNQ_r1m: 0.06612979
- VNQ_r3m: 0.22009878
- VNQ_r12m: 0.07552805
- VNQ_vol3m: 0.32461677
- VNQ_mdd: -0.05488374
- UUP_r1m: 0.01043086
- UUP_r3m: -0.01021770
- UUP_r12m: -0.02366356
- UUP_vol3m: 0.10413897
- UUP_mdd: -0.13743715
- BIL_r1m: -0.00017458
- BIL_r3m: -0.00061026
- BIL_r12m: -0.00082873
- BIL_vol3m: 0.00287903
- BIL_mdd: -0.00104638
- cross_vol: 0.20773956

Assets: SPY, QQQ, IWM, DIA, EFA, EEM, VEA, VWO, AGG, BND, SHY, IEF, TLT, TIP, LQD, HYG, GLD, SLV, DBC, VNQ, UUP, BIL","{
  ""weights"": {
    ""SPY"": 0.0107142857,
    ""QQQ"": 0.0107142857,
    ""IWM"": 0.0107142857,
    ""DIA"": 0.0107142857,
    ""EFA"": 0.0107142857,
    ""EEM"": 0.0107142857,
    ""VEA"": 0.0107142857,
    ""VWO"": 0.0107142857,
    ""AGG"": 0.0107142857,
    ""BND"": 0.0107142857,
    ""SHY"": 0.0107142857,
    ""IEF"": 0.0107142857,
    ""TLT"": 0.0107142857,
    ""TIP"": 0.0107142857,
    ""LQD"": 0.0107142857,
    ""HYG"": 0.0107142857,
    ""GLD"": 0.0107142857,
    ""SLV"": 0.0107142857,
    ""DBC"": 0.0107142857,
    ""VNQ"": 0.0107142857,
    ""UUP"": 0.0107142857,
    ""BIL"": 0.0107142857
  }
}",1,0,0,12.592308124992996,571,1,0,0,0,295,12.347696,1713,stop,[],0,0,0,0,SPY,SPY,SPY,1,1,1.0,0.0,0.0,3.0531133177191805e-16,6.509259464525837e-17,3.0531133177191805e-16,1,"{""SPY"":0.0454545455,""QQQ"":0.0454545455,""IWM"":0.0454545455,""DIA"":0.0454545455,""EFA"":0.0454545455,""EEM"":0.0454545455,""VEA"":0.0454545455,""VWO"":0.0454545455,""AGG"":0.0454545455,""BND"":0.0454545455,""SHY"":0.0454545455,""IEF"":0.0454545455,""TLT"":0.0454545455,""TIP"":0.0454545455,""LQD"":0.0454545455,""HYG"":0.0454545455,""GLD"":0.0454545455,""SLV"":0.0454545455,""DBC"":0.0454545455,""VNQ"":0.0454545455,""UUP"":0.0454545455,""BIL"":0.0454545455}","{""SPY"":0.0454545455,""QQQ"":0.0454545455,""IWM"":0.0454545455,""DIA"":0.0454545455,""EFA"":0.0454545455,""EEM"":0.0454545455,""VEA"":0.0454545455,""VWO"":0.0454545455,""AGG"":0.0454545455,""BND"":0.0454545455,""SHY"":0.0454545455,""IEF"":0.0454545455,""TLT"":0.0454545455,""TIP"":0.0454545455,""LQD"":0.0454545455,""HYG"":0.0454545455,""GLD"":0.0454545455,""SLV"":0.0454545455,""DBC"":0.0454545455,""VNQ"":0.0454545455,""UUP"":0.0454545455,""BIL"":0.0454545455}","{""SPY"":0.0454545455,""QQQ"":0.0454545455,""IWM"":0.0454545455,""DIA"":0.0454545455,""EFA"":0.0454545455,""EEM"":0.0454545455,""VEA"":0.0454545455,""VWO"":0.0454545455,""AGG"":0.0454545455,""BND"":0.0454545455,""SHY"":0.0454545455,""IEF"":0.0454545455,""TLT"":0.0454545455,""TIP"":0.0454545455,""LQD"":0.0454545455,""HYG"":0.0454545455,""GLD"":0.0454545455,""SLV"":0.0454545455,""DBC"":0.0454545455,""VNQ"":0.0454545455,""UUP"":0.0454545455,""BIL"":0.0454545455}",0,0.9999999999999998,0.045454545454545456,0.045454545454545456,2.220446049250313e-16,0,0,1.0,0.04545454545454547,0.04545454545454547,1,1,1,2,44,85d92b2c085f52bbf7d5d15c
repeatability_504part,repeatability,repeat_03,llama3.1:8b,P4,,,real_ticker,,2012-01-03,42,10.0,0.6,0.25,ced44d95202c3c9f,"You are an EQUAL-WEIGHT CONTROL policy profile. Ignore all feature data. Allocate the total portfolio weight equally among all eligible assets. Include every eligible ticker exactly once. Return strictly valid JSON only with a `weights` object whose values are decimals, not percentages.
Hard constraints for the execution layer: long-only weights, weights sum to one, maximum single-asset weight 0.60, and turnover cap 0.25. You propose weights; deterministic projection will enforce final feasibility.

Current Features:
- SPY_r1m: 0.02671527
- SPY_r3m: 0.16718437
- SPY_r12m: 0.02459531
- SPY_vol3m: 0.25887618
- SPY_mdd: -0.04997558
- QQQ_r1m: 0.00594880
- QQQ_r3m: 0.11689063
- QQQ_r12m: 0.03838268
- QQQ_vol3m: 0.25840276
- QQQ_mdd: -0.04035395
- IWM_r1m: 0.02917684
- IWM_r3m: 0.23521409
- IWM_r12m: -0.04505676
- IWM_vol3m: 0.37699975
- IWM_mdd: -0.12194550
- DIA_r1m: 0.03222774
- DIA_r3m: 0.17057072
- DIA_r12m: 0.08903085
- DIA_vol3m: 0.23431513
- DIA_mdd: -0.01629590
- EFA_r1m: 0.01361774
- EFA_r3m: 0.10687441
- EFA_r12m: -0.10575190
- EFA_vol3m: 0.34495450
- EFA_mdd: -0.17813728
- EEM_r1m: -0.01040913
- EEM_r3m: 0.14885810
- EEM_r12m: -0.17111157
- EEM_vol3m: 0.40143404
- EEM_mdd: -0.20578643
- VEA_r1m: 0.01517214
- VEA_r3m: 0.10818355
- VEA_r12m: -0.10683659
- VEA_vol3m: 0.34370176
- VEA_mdd: -0.17899926
- VWO_r1m: -0.01158303
- VWO_r3m: 0.14397978
- VWO_r12m: -0.17177883
- VWO_vol3m: 0.38302937
- VWO_mdd: -0.20591402
- AGG_r1m: 0.01119144
- AGG_r3m: 0.00536611
- AGG_r12m: 0.07603870
- AGG_vol3m: 0.03331322
- AGG_mdd: -0.00326163
- BND_r1m: 0.00898238
- BND_r3m: 0.00348953
- BND_r12m: 0.07727894
- BND_vol3m: 0.03756326
- BND_mdd: -0.00311223
- SHY_r1m: -0.00012975
- SHY_r3m: 0.00049776
- SHY_r12m: 0.01404628
- SHY_vol3m: 0.00531284
- SHY_mdd: -0.00093215
- IEF_r1m: 0.01369706
- IEF_r3m: -0.00306404
- IEF_r12m: 0.15272143
- IEF_vol3m: 0.08440505
- IEF_mdd: -0.00989252
- TLT_r1m: 0.02405974
- TLT_r3m: -0.02737094
- TLT_r12m: 0.32993039
- TLT_vol3m: 0.22551420
- TLT_mdd: -0.03273596
- TIP_r1m: 0.00163230
- TIP_r3m: 0.01738628
- TIP_r12m: 0.13732929
- TIP_vol3m: 0.05984445
- TIP_mdd: -0.00931095
- LQD_r1m: 0.03166996
- LQD_r3m: 0.02464791
- LQD_r12m: 0.09230839
- LQD_vol3m: 0.06049788
- LQD_mdd: -0.00968665
- HYG_r1m: 0.04431138
- HYG_r3m: 0.12391236
- HYG_r12m: 0.07017901
- HYG_vol3m: 0.15996681
- HYG_mdd: 0.00000000
- GLD_r1m: -0.08082300
- GLD_r3m: -0.03131218
- GLD_r12m: 0.12985506
- GLD_vol3m: 0.22454383
- GLD_mdd: -0.15531718
- SLV_r1m: -0.09510360
- SLV_r3m: -0.02238046
- SLV_r12m: -0.03835889
- SLV_vol3m: 0.44565753
- SLV_mdd: -0.38997036
- DBC_r1m: 0.00363098
- DBC_r3m: 0.07884469
- DBC_r12m: -0.00108416
- DBC_vol3m: 0.20030309
- DBC_mdd: -0.13408522
- VNQ_r1m: 0.06612979
- VNQ_r3m: 0.22009878
- VNQ_r12m: 0.07552805
- VNQ_vol3m: 0.32461677
- VNQ_mdd: -0.05488374
- UUP_r1m: 0.01043086
- UUP_r3m: -0.01021770
- UUP_r12m: -0.02366356
- UUP_vol3m: 0.10413897
- UUP_mdd: -0.13743715
- BIL_r1m: -0.00017458
- BIL_r3m: -0.00061026
- BIL_r12m: -0.00082873
- BIL_vol3m: 0.00287903
- BIL_mdd: -0.00104638
- cross_vol: 0.20773956

Assets: SPY, QQQ, IWM, DIA, EFA, EEM, VEA, VWO, AGG, BND, SHY, IEF, TLT, TIP, LQD, HYG, GLD, SLV, DBC, VNQ, UUP, BIL","{
  ""weights"": {
    ""SPY"": 0.0107142857,
    ""QQQ"": 0.0107142857,
    ""IWM"": 0.0107142857,
    ""DIA"": 0.0107142857,
    ""EFA"": 0.0107142857,
    ""EEM"": 0.0107142857,
    ""VEA"": 0.0107142857,
    ""VWO"": 0.0107142857,
    ""AGG"": 0.0107142857,
    ""BND"": 0.0107142857,
    ""SHY"": 0.0107142857,
    ""IEF"": 0.0107142857,
    ""TLT"": 0.0107142857,
    ""TIP"": 0.0107142857,
    ""LQD"": 0.0107142857,
    ""HYG"": 0.0107142857,
    ""GLD"": 0.0107142857,
    ""SLV"": 0.0107142857,
    ""DBC"": 0.0107142857,
    ""VNQ"": 0.0107142857,
    ""UUP"": 0.0107142857,
    ""BIL"": 0.0107142857
  }
}",1,0,0,12.67022287499276,571,1,0,0,0,295,12.420828,1713,stop,[],0,0,0,0,SPY,SPY,SPY,1,1,1.0,0.0,0.0,3.0531133177191805e-16,6.509259464525837e-17,3.0531133177191805e-16,1,"{""SPY"":0.0454545455,""QQQ"":0.0454545455,""IWM"":0.0454545455,""DIA"":0.0454545455,""EFA"":0.0454545455,""EEM"":0.0454545455,""VEA"":0.0454545455,""VWO"":0.0454545455,""AGG"":0.0454545455,""BND"":0.0454545455,""SHY"":0.0454545455,""IEF"":0.0454545455,""TLT"":0.0454545455,""TIP"":0.0454545455,""LQD"":0.0454545455,""HYG"":0.0454545455,""GLD"":0.0454545455,""SLV"":0.0454545455,""DBC"":0.0454545455,""VNQ"":0.0454545455,""UUP"":0.0454545455,""BIL"":0.0454545455}","{""SPY"":0.0454545455,""QQQ"":0.0454545455,""IWM"":0.0454545455,""DIA"":0.0454545455,""EFA"":0.0454545455,""EEM"":0.0454545455,""VEA"":0.0454545455,""VWO"":0.0454545455,""AGG"":0.0454545455,""BND"":0.0454545455,""SHY"":0.0454545455,""IEF"":0.0454545455,""TLT"":0.0454545455,""TIP"":0.0454545455,""LQD"":0.0454545455,""HYG"":0.0454545455,""GLD"":0.0454545455,""SLV"":0.0454545455,""DBC"":0.0454545455,""VNQ"":0.0454545455,""UUP"":0.0454545455,""BIL"":0.0454545455}","{""SPY"":0.0454545455,""QQQ"":0.0454545455,""IWM"":0.0454545455,""DIA"":0.0454545455,""EFA"":0.0454545455,""EEM"":0.0454545455,""VEA"":0.0454545455,""VWO"":0.0454545455,""AGG"":0.0454545455,""BND"":0.0454545455,""SHY"":0.0454545455,""IEF"":0.0454545455,""TLT"":0.0454545455,""TIP"":0.0454545455,""LQD"":0.0454545455,""HYG"":0.0454545455,""GLD"":0.0454545455,""SLV"":0.0454545455,""DBC"":0.0454545455,""VNQ"":0.0454545455,""UUP"":0.0454545455,""BIL"":0.0454545455}",0,0.9999999999999998,0.045454545454545456,0.045454545454545456,2.220446049250313e-16,0,0,1.0,0.04545454545454547,0.04545454545454547,1,1,1,3,45,f83647e99a363eb407529905
repeatability_504part,repeatability,repeat_00,llama3.1:8b,P5,,,real_ticker,,2012-01-03,42,10.0,0.6,0.25,818ee14fec83bec1,"You are a RISK-ADJUSTED RETURN policy profile. Use only the provided feature values. Prefer eligible assets that combine stronger recent returns with lower recent volatility and smaller drawdowns. Assign larger weights to assets that appear to have stronger positive risk-adjusted profiles, smaller weights to middle-ranked assets, and little weight to weak or unstable candidates. Do not default to equal weights unless the provided features show no meaningful distinction across assets. Include every eligible ticker exactly once. Return strictly valid JSON only with a `weights` object whose values are decimals, not percentages.
Hard constraints for the execution layer: long-only weights, weights sum to one, maximum single-asset weight 0.60, and turnover cap 0.25. You propose weights; deterministic projection will enforce final feasibility.

Current Features:
- SPY_r1m: 0.02671527
- SPY_r3m: 0.16718437
- SPY_r12m: 0.02459531
- SPY_vol3m: 0.25887618
- SPY_mdd: -0.04997558
- QQQ_r1m: 0.00594880
- QQQ_r3m: 0.11689063
- QQQ_r12m: 0.03838268
- QQQ_vol3m: 0.25840276
- QQQ_mdd: -0.04035395
- IWM_r1m: 0.02917684
- IWM_r3m: 0.23521409
- IWM_r12m: -0.04505676
- IWM_vol3m: 0.37699975
- IWM_mdd: -0.12194550
- DIA_r1m: 0.03222774
- DIA_r3m: 0.17057072
- DIA_r12m: 0.08903085
- DIA_vol3m: 0.23431513
- DIA_mdd: -0.01629590
- EFA_r1m: 0.01361774
- EFA_r3m: 0.10687441
- EFA_r12m: -0.10575190
- EFA_vol3m: 0.34495450
- EFA_mdd: -0.17813728
- EEM_r1m: -0.01040913
- EEM_r3m: 0.14885810
- EEM_r12m: -0.17111157
- EEM_vol3m: 0.40143404
- EEM_mdd: -0.20578643
- VEA_r1m: 0.01517214
- VEA_r3m: 0.10818355
- VEA_r12m: -0.10683659
- VEA_vol3m: 0.34370176
- VEA_mdd: -0.17899926
- VWO_r1m: -0.01158303
- VWO_r3m: 0.14397978
- VWO_r12m: -0.17177883
- VWO_vol3m: 0.38302937
- VWO_mdd: -0.20591402
- AGG_r1m: 0.01119144
- AGG_r3m: 0.00536611
- AGG_r12m: 0.07603870
- AGG_vol3m: 0.03331322
- AGG_mdd: -0.00326163
- BND_r1m: 0.00898238
- BND_r3m: 0.00348953
- BND_r12m: 0.07727894
- BND_vol3m: 0.03756326
- BND_mdd: -0.00311223
- SHY_r1m: -0.00012975
- SHY_r3m: 0.00049776
- SHY_r12m: 0.01404628
- SHY_vol3m: 0.00531284
- SHY_mdd: -0.00093215
- IEF_r1m: 0.01369706
- IEF_r3m: -0.00306404
- IEF_r12m: 0.15272143
- IEF_vol3m: 0.08440505
- IEF_mdd: -0.00989252
- TLT_r1m: 0.02405974
- TLT_r3m: -0.02737094
- TLT_r12m: 0.32993039
- TLT_vol3m: 0.22551420
- TLT_mdd: -0.03273596
- TIP_r1m: 0.00163230
- TIP_r3m: 0.01738628
- TIP_r12m: 0.13732929
- TIP_vol3m: 0.05984445
- TIP_mdd: -0.00931095
- LQD_r1m: 0.03166996
- LQD_r3m: 0.02464791
- LQD_r12m: 0.09230839
- LQD_vol3m: 0.06049788
- LQD_mdd: -0.00968665
- HYG_r1m: 0.04431138
- HYG_r3m: 0.12391236
- HYG_r12m: 0.07017901
- HYG_vol3m: 0.15996681
- HYG_mdd: 0.00000000
- GLD_r1m: -0.08082300
- GLD_r3m: -0.03131218
- GLD_r12m: 0.12985506
- GLD_vol3m: 0.22454383
- GLD_mdd: -0.15531718
- SLV_r1m: -0.09510360
- SLV_r3m: -0.02238046
- SLV_r12m: -0.03835889
- SLV_vol3m: 0.44565753
- SLV_mdd: -0.38997036
- DBC_r1m: 0.00363098
- DBC_r3m: 0.07884469
- DBC_r12m: -0.00108416
- DBC_vol3m: 0.20030309
- DBC_mdd: -0.13408522
- VNQ_r1m: 0.06612979
- VNQ_r3m: 0.22009878
- VNQ_r12m: 0.07552805
- VNQ_vol3m: 0.32461677
- VNQ_mdd: -0.05488374
- UUP_r1m: 0.01043086
- UUP_r3m: -0.01021770
- UUP_r12m: -0.02366356
- UUP_vol3m: 0.10413897
- UUP_mdd: -0.13743715
- BIL_r1m: -0.00017458
- BIL_r3m: -0.00061026
- BIL_r12m: -0.00082873
- BIL_vol3m: 0.00287903
- BIL_mdd: -0.00104638
- cross_vol: 0.20773956

Assets: SPY, QQQ, IWM, DIA, EFA, EEM, VEA, VWO, AGG, BND, SHY, IEF, TLT, TIP, LQD, HYG, GLD, SLV, DBC, VNQ, UUP, BIL","{
  ""weights"": {
    ""SPY"": 0.23,
    ""QQQ"": 0.15,
    ""IWM"": 0.12,
    ""DIA"": 0.10,
    ""EFA"": 0.05,
    ""EEM"": 0.04,
    ""VEA"": 0.03,
    ""VWO"": 0.02,
    ""AGG"": 0.01,
    ""BND"": 0.005,
    ""SHY"": 0.0025,
    ""IEF"": 0.0023,
    ""TLT"": 0.0018,
    ""TIP"": 0.0015,
    ""LQD"": 0.0012,
    ""HYG"": 0.0011,
    ""GLD"": 0.0009,
    ""SLV"": 0.0007,
    ""DBC"": 0.0006,
    ""VNQ"": 0.0005,
    ""UUP"": 0.0004,
    ""BIL"": 0.0003
  }
}",1,0,0,17.83508104099019,420,1,0,0,0,241,10.132325,1773,stop,[],0,0,0,0,LQD,SPY,SPY,0,0,0.0,1.5852685084696772,0.4745370884750284,5.057803134644878e-17,1.3063736394625266e-17,1.2495506574590862,0,"{""SPY"":0.2991675338,""QQQ"":0.1951092612,""IWM"":0.1560874089,""DIA"":0.1300728408,""EFA"":0.0650364204,""EEM"":0.0520291363,""VEA"":0.0390218522,""VWO"":0.0260145682,""AGG"":0.0130072841,""BND"":0.006503642,""SHY"":0.003251821,""IEF"":0.0029916753,""TLT"":0.0023413111,""TIP"":0.0019510926,""LQD"":0.0015608741,""HYG"":0.0014308012,""GLD"":0.0011706556,""SLV"":0.0009105099,""DBC"":0.000780437,""VNQ"":0.0006503642,""UUP"":0.0005202914,""BIL"":0.0003902185}","{""SPY"":0.2991675338,""QQQ"":0.1951092612,""IWM"":0.1560874089,""DIA"":0.1300728408,""EFA"":0.0650364204,""EEM"":0.0520291363,""VEA"":0.0390218522,""VWO"":0.0260145682,""AGG"":0.0130072841,""BND"":0.006503642,""SHY"":0.003251821,""IEF"":0.0029916753,""TLT"":0.0023413111,""TIP"":0.0019510926,""LQD"":0.0015608741,""HYG"":0.0014308012,""GLD"":0.0011706556,""SLV"":0.0009105099,""DBC"":0.000780437,""VNQ"":0.0006503642,""UUP"":0.0005202914,""BIL"":0.0003902185}","{""SPY"":0.0426683804,""QQQ"":0.0095185577,""IWM"":0.031998957,""DIA"":0.0568680365,""EFA"":0.0163223208,""EEM"":1.647987302e-17,""VEA"":0.0182517201,""VWO"":1.647987302e-17,""AGG"":0.1389018463,""BND"":0.0988705664,""SHY"":1.647987302e-17,""IEF"":0.0670961752,""TLT"":0.044111896,""TIP"":0.0112775734,""LQD"":0.216444198,""HYG"":0.1145312653,""GLD"":1.647987302e-17,""SLV"":1.647987302e-17,""DBC"":0.00749505,""VNQ"":0.0842296207,""UUP"":0.041413836,""BIL"":1.647987302e-17}",0,1.0,0.2991675338189386,0.00039021852237252854,0.0,0,0,1.0,0.2991675338189386,0.00039021852237253185,1,1,1,0,42,4dc43fedd6b7a2c2bfdca617
repeatability_504part,repeatability,repeat_01,llama3.1:8b,P5,,,real_ticker,,2012-01-03,42,10.0,0.6,0.25,818ee14fec83bec1,"You are a RISK-ADJUSTED RETURN policy profile. Use only the provided feature values. Prefer eligible assets that combine stronger recent returns with lower recent volatility and smaller drawdowns. Assign larger weights to assets that appear to have stronger positive risk-adjusted profiles, smaller weights to middle-ranked assets, and little weight to weak or unstable candidates. Do not default to equal weights unless the provided features show no meaningful distinction across assets. Include every eligible ticker exactly once. Return strictly valid JSON only with a `weights` object whose values are decimals, not percentages.
Hard constraints for the execution layer: long-only weights, weights sum to one, maximum single-asset weight 0.60, and turnover cap 0.25. You propose weights; deterministic projection will enforce final feasibility.

Current Features:
- SPY_r1m: 0.02671527
- SPY_r3m: 0.16718437
- SPY_r12m: 0.02459531
- SPY_vol3m: 0.25887618
- SPY_mdd: -0.04997558
- QQQ_r1m: 0.00594880
- QQQ_r3m: 0.11689063
- QQQ_r12m: 0.03838268
- QQQ_vol3m: 0.25840276
- QQQ_mdd: -0.04035395
- IWM_r1m: 0.02917684
- IWM_r3m: 0.23521409
- IWM_r12m: -0.04505676
- IWM_vol3m: 0.37699975
- IWM_mdd: -0.12194550
- DIA_r1m: 0.03222774
- DIA_r3m: 0.17057072
- DIA_r12m: 0.08903085
- DIA_vol3m: 0.23431513
- DIA_mdd: -0.01629590
- EFA_r1m: 0.01361774
- EFA_r3m: 0.10687441
- EFA_r12m: -0.10575190
- EFA_vol3m: 0.34495450
- EFA_mdd: -0.17813728
- EEM_r1m: -0.01040913
- EEM_r3m: 0.14885810
- EEM_r12m: -0.17111157
- EEM_vol3m: 0.40143404
- EEM_mdd: -0.20578643
- VEA_r1m: 0.01517214
- VEA_r3m: 0.10818355
- VEA_r12m: -0.10683659
- VEA_vol3m: 0.34370176
- VEA_mdd: -0.17899926
- VWO_r1m: -0.01158303
- VWO_r3m: 0.14397978
- VWO_r12m: -0.17177883
- VWO_vol3m: 0.38302937
- VWO_mdd: -0.20591402
- AGG_r1m: 0.01119144
- AGG_r3m: 0.00536611
- AGG_r12m: 0.07603870
- AGG_vol3m: 0.03331322
- AGG_mdd: -0.00326163
- BND_r1m: 0.00898238
- BND_r3m: 0.00348953
- BND_r12m: 0.07727894
- BND_vol3m: 0.03756326
- BND_mdd: -0.00311223
- SHY_r1m: -0.00012975
- SHY_r3m: 0.00049776
- SHY_r12m: 0.01404628
- SHY_vol3m: 0.00531284
- SHY_mdd: -0.00093215
- IEF_r1m: 0.01369706
- IEF_r3m: -0.00306404
- IEF_r12m: 0.15272143
- IEF_vol3m: 0.08440505
- IEF_mdd: -0.00989252
- TLT_r1m: 0.02405974
- TLT_r3m: -0.02737094
- TLT_r12m: 0.32993039
- TLT_vol3m: 0.22551420
- TLT_mdd: -0.03273596
- TIP_r1m: 0.00163230
- TIP_r3m: 0.01738628
- TIP_r12m: 0.13732929
- TIP_vol3m: 0.05984445
- TIP_mdd: -0.00931095
- LQD_r1m: 0.03166996
- LQD_r3m: 0.02464791
- LQD_r12m: 0.09230839
- LQD_vol3m: 0.06049788
- LQD_mdd: -0.00968665
- HYG_r1m: 0.04431138
- HYG_r3m: 0.12391236
- HYG_r12m: 0.07017901
- HYG_vol3m: 0.15996681
- HYG_mdd: 0.00000000
- GLD_r1m: -0.08082300
- GLD_r3m: -0.03131218
- GLD_r12m: 0.12985506
- GLD_vol3m: 0.22454383
- GLD_mdd: -0.15531718
- SLV_r1m: -0.09510360
- SLV_r3m: -0.02238046
- SLV_r12m: -0.03835889
- SLV_vol3m: 0.44565753
- SLV_mdd: -0.38997036
- DBC_r1m: 0.00363098
- DBC_r3m: 0.07884469
- DBC_r12m: -0.00108416
- DBC_vol3m: 0.20030309
- DBC_mdd: -0.13408522
- VNQ_r1m: 0.06612979
- VNQ_r3m: 0.22009878
- VNQ_r12m: 0.07552805
- VNQ_vol3m: 0.32461677
- VNQ_mdd: -0.05488374
- UUP_r1m: 0.01043086
- UUP_r3m: -0.01021770
- UUP_r12m: -0.02366356
- UUP_vol3m: 0.10413897
- UUP_mdd: -0.13743715
- BIL_r1m: -0.00017458
- BIL_r3m: -0.00061026
- BIL_r12m: -0.00082873
- BIL_vol3m: 0.00287903
- BIL_mdd: -0.00104638
- cross_vol: 0.20773956

Assets: SPY, QQQ, IWM, DIA, EFA, EEM, VEA, VWO, AGG, BND, SHY, IEF, TLT, TIP, LQD, HYG, GLD, SLV, DBC, VNQ, UUP, BIL","{
  ""weights"": {
    ""SPY"": 0.23,
    ""QQQ"": 0.15,
    ""IWM"": 0.12,
    ""DIA"": 0.10,
    ""EFA"": 0.05,
    ""EEM"": 0.04,
    ""VEA"": 0.03,
    ""VWO"": 0.02,
    ""AGG"": 0.01,
    ""BND"": 0.005,
    ""SHY"": 0.0025,
    ""IEF"": 0.0023,
    ""TLT"": 0.0018,
    ""TIP"": 0.0015,
    ""LQD"": 0.0012,
    ""HYG"": 0.0011,
    ""GLD"": 0.0009,
    ""SLV"": 0.0007,
    ""DBC"": 0.0006,
    ""VNQ"": 0.0005,
    ""UUP"": 0.0004,
    ""BIL"": 0.0003
  }
}",1,0,0,10.465190542003256,420,1,0,0,0,241,10.213787,1773,stop,[],0,0,0,0,LQD,SPY,SPY,0,0,0.0,1.5852685084696772,0.4745370884750284,5.057803134644878e-17,1.3063736394625266e-17,1.2495506574590862,0,"{""SPY"":0.2991675338,""QQQ"":0.1951092612,""IWM"":0.1560874089,""DIA"":0.1300728408,""EFA"":0.0650364204,""EEM"":0.0520291363,""VEA"":0.0390218522,""VWO"":0.0260145682,""AGG"":0.0130072841,""BND"":0.006503642,""SHY"":0.003251821,""IEF"":0.0029916753,""TLT"":0.0023413111,""TIP"":0.0019510926,""LQD"":0.0015608741,""HYG"":0.0014308012,""GLD"":0.0011706556,""SLV"":0.0009105099,""DBC"":0.000780437,""VNQ"":0.0006503642,""UUP"":0.0005202914,""BIL"":0.0003902185}","{""SPY"":0.2991675338,""QQQ"":0.1951092612,""IWM"":0.1560874089,""DIA"":0.1300728408,""EFA"":0.0650364204,""EEM"":0.0520291363,""VEA"":0.0390218522,""VWO"":0.0260145682,""AGG"":0.0130072841,""BND"":0.006503642,""SHY"":0.003251821,""IEF"":0.0029916753,""TLT"":0.0023413111,""TIP"":0.0019510926,""LQD"":0.0015608741,""HYG"":0.0014308012,""GLD"":0.0011706556,""SLV"":0.0009105099,""DBC"":0.000780437,""VNQ"":0.0006503642,""UUP"":0.0005202914,""BIL"":0.0003902185}","{""SPY"":0.0426683804,""QQQ"":0.0095185577,""IWM"":0.031998957,""DIA"":0.0568680365,""EFA"":0.0163223208,""EEM"":1.647987302e-17,""VEA"":0.0182517201,""VWO"":1.647987302e-17,""AGG"":0.1389018463,""BND"":0.0988705664,""SHY"":1.647987302e-17,""IEF"":0.0670961752,""TLT"":0.044111896,""TIP"":0.0112775734,""LQD"":0.216444198,""HYG"":0.1145312653,""GLD"":1.647987302e-17,""SLV"":1.647987302e-17,""DBC"":0.00749505,""VNQ"":0.0842296207,""UUP"":0.041413836,""BIL"":1.647987302e-17}",0,1.0,0.2991675338189386,0.00039021852237252854,0.0,0,0,1.0,0.2991675338189386,0.00039021852237253185,1,1,1,1,43,4abce388a3ac45bae1a94b3f
repeatability_504part,repeatability,repeat_02,llama3.1:8b,P5,,,real_ticker,,2012-01-03,42,10.0,0.6,0.25,818ee14fec83bec1,"You are a RISK-ADJUSTED RETURN policy profile. Use only the provided feature values. Prefer eligible assets that combine stronger recent returns with lower recent volatility and smaller drawdowns. Assign larger weights to assets that appear to have stronger positive risk-adjusted profiles, smaller weights to middle-ranked assets, and little weight to weak or unstable candidates. Do not default to equal weights unless the provided features show no meaningful distinction across assets. Include every eligible ticker exactly once. Return strictly valid JSON only with a `weights` object whose values are decimals, not percentages.
Hard constraints for the execution layer: long-only weights, weights sum to one, maximum single-asset weight 0.60, and turnover cap 0.25. You propose weights; deterministic projection will enforce final feasibility.

Current Features:
- SPY_r1m: 0.02671527
- SPY_r3m: 0.16718437
- SPY_r12m: 0.02459531
- SPY_vol3m: 0.25887618
- SPY_mdd: -0.04997558
- QQQ_r1m: 0.00594880
- QQQ_r3m: 0.11689063
- QQQ_r12m: 0.03838268
- QQQ_vol3m: 0.25840276
- QQQ_mdd: -0.04035395
- IWM_r1m: 0.02917684
- IWM_r3m: 0.23521409
- IWM_r12m: -0.04505676
- IWM_vol3m: 0.37699975
- IWM_mdd: -0.12194550
- DIA_r1m: 0.03222774
- DIA_r3m: 0.17057072
- DIA_r12m: 0.08903085
- DIA_vol3m: 0.23431513
- DIA_mdd: -0.01629590
- EFA_r1m: 0.01361774
- EFA_r3m: 0.10687441
- EFA_r12m: -0.10575190
- EFA_vol3m: 0.34495450
- EFA_mdd: -0.17813728
- EEM_r1m: -0.01040913
- EEM_r3m: 0.14885810
- EEM_r12m: -0.17111157
- EEM_vol3m: 0.40143404
- EEM_mdd: -0.20578643
- VEA_r1m: 0.01517214
- VEA_r3m: 0.10818355
- VEA_r12m: -0.10683659
- VEA_vol3m: 0.34370176
- VEA_mdd: -0.17899926
- VWO_r1m: -0.01158303
- VWO_r3m: 0.14397978
- VWO_r12m: -0.17177883
- VWO_vol3m: 0.38302937
- VWO_mdd: -0.20591402
- AGG_r1m: 0.01119144
- AGG_r3m: 0.00536611
- AGG_r12m: 0.07603870
- AGG_vol3m: 0.03331322
- AGG_mdd: -0.00326163
- BND_r1m: 0.00898238
- BND_r3m: 0.00348953
- BND_r12m: 0.07727894
- BND_vol3m: 0.03756326
- BND_mdd: -0.00311223
- SHY_r1m: -0.00012975
- SHY_r3m: 0.00049776
- SHY_r12m: 0.01404628
- SHY_vol3m: 0.00531284
- SHY_mdd: -0.00093215
- IEF_r1m: 0.01369706
- IEF_r3m: -0.00306404
- IEF_r12m: 0.15272143
- IEF_vol3m: 0.08440505
- IEF_mdd: -0.00989252
- TLT_r1m: 0.02405974
- TLT_r3m: -0.02737094
- TLT_r12m: 0.32993039
- TLT_vol3m: 0.22551420
- TLT_mdd: -0.03273596
- TIP_r1m: 0.00163230
- TIP_r3m: 0.01738628
- TIP_r12m: 0.13732929
- TIP_vol3m: 0.05984445
- TIP_mdd: -0.00931095
- LQD_r1m: 0.03166996
- LQD_r3m: 0.02464791
- LQD_r12m: 0.09230839
- LQD_vol3m: 0.06049788
- LQD_mdd: -0.00968665
- HYG_r1m: 0.04431138
- HYG_r3m: 0.12391236
- HYG_r12m: 0.07017901
- HYG_vol3m: 0.15996681
- HYG_mdd: 0.00000000
- GLD_r1m: -0.08082300
- GLD_r3m: -0.03131218
- GLD_r12m: 0.12985506
- GLD_vol3m: 0.22454383
- GLD_mdd: -0.15531718
- SLV_r1m: -0.09510360
- SLV_r3m: -0.02238046
- SLV_r12m: -0.03835889
- SLV_vol3m: 0.44565753
- SLV_mdd: -0.38997036
- DBC_r1m: 0.00363098
- DBC_r3m: 0.07884469
- DBC_r12m: -0.00108416
- DBC_vol3m: 0.20030309
- DBC_mdd: -0.13408522
- VNQ_r1m: 0.06612979
- VNQ_r3m: 0.22009878
- VNQ_r12m: 0.07552805
- VNQ_vol3m: 0.32461677
- VNQ_mdd: -0.05488374
- UUP_r1m: 0.01043086
- UUP_r3m: -0.01021770
- UUP_r12m: -0.02366356
- UUP_vol3m: 0.10413897
- UUP_mdd: -0.13743715
- BIL_r1m: -0.00017458
- BIL_r3m: -0.00061026
- BIL_r12m: -0.00082873
- BIL_vol3m: 0.00287903
- BIL_mdd: -0.00104638
- cross_vol: 0.20773956

Assets: SPY, QQQ, IWM, DIA, EFA, EEM, VEA, VWO, AGG, BND, SHY, IEF, TLT, TIP, LQD, HYG, GLD, SLV, DBC, VNQ, UUP, BIL","{
  ""weights"": {
    ""SPY"": 0.23,
    ""QQQ"": 0.15,
    ""IWM"": 0.12,
    ""DIA"": 0.10,
    ""EFA"": 0.05,
    ""EEM"": 0.04,
    ""VEA"": 0.03,
    ""VWO"": 0.02,
    ""AGG"": 0.01,
    ""BND"": 0.005,
    ""SHY"": 0.0025,
    ""IEF"": 0.0023,
    ""TLT"": 0.0018,
    ""TIP"": 0.0015,
    ""LQD"": 0.0012,
    ""HYG"": 0.0011,
    ""GLD"": 0.0009,
    ""SLV"": 0.0007,
    ""DBC"": 0.0006,
    ""VNQ"": 0.0005,
    ""UUP"": 0.0004,
    ""BIL"": 0.0003
  }
}",1,0,0,10.361594625006546,420,1,0,0,0,241,10.107211,1773,stop,[],0,0,0,0,LQD,SPY,SPY,0,0,0.0,1.5852685084696772,0.4745370884750284,5.057803134644878e-17,1.3063736394625266e-17,1.2495506574590862,0,"{""SPY"":0.2991675338,""QQQ"":0.1951092612,""IWM"":0.1560874089,""DIA"":0.1300728408,""EFA"":0.0650364204,""EEM"":0.0520291363,""VEA"":0.0390218522,""VWO"":0.0260145682,""AGG"":0.0130072841,""BND"":0.006503642,""SHY"":0.003251821,""IEF"":0.0029916753,""TLT"":0.0023413111,""TIP"":0.0019510926,""LQD"":0.0015608741,""HYG"":0.0014308012,""GLD"":0.0011706556,""SLV"":0.0009105099,""DBC"":0.000780437,""VNQ"":0.0006503642,""UUP"":0.0005202914,""BIL"":0.0003902185}","{""SPY"":0.2991675338,""QQQ"":0.1951092612,""IWM"":0.1560874089,""DIA"":0.1300728408,""EFA"":0.0650364204,""EEM"":0.0520291363,""VEA"":0.0390218522,""VWO"":0.0260145682,""AGG"":0.0130072841,""BND"":0.006503642,""SHY"":0.003251821,""IEF"":0.0029916753,""TLT"":0.0023413111,""TIP"":0.0019510926,""LQD"":0.0015608741,""HYG"":0.0014308012,""GLD"":0.0011706556,""SLV"":0.0009105099,""DBC"":0.000780437,""VNQ"":0.0006503642,""UUP"":0.0005202914,""BIL"":0.0003902185}","{""SPY"":0.0426683804,""QQQ"":0.0095185577,""IWM"":0.031998957,""DIA"":0.0568680365,""EFA"":0.0163223208,""EEM"":1.647987302e-17,""VEA"":0.0182517201,""VWO"":1.647987302e-17,""AGG"":0.1389018463,""BND"":0.0988705664,""SHY"":1.647987302e-17,""IEF"":0.0670961752,""TLT"":0.044111896,""TIP"":0.0112775734,""LQD"":0.216444198,""HYG"":0.1145312653,""GLD"":1.647987302e-17,""SLV"":1.647987302e-17,""DBC"":0.00749505,""VNQ"":0.0842296207,""UUP"":0.041413836,""BIL"":1.647987302e-17}",0,1.0,0.2991675338189386,0.00039021852237252854,0.0,0,0,1.0,0.2991675338189386,0.00039021852237253185,1,1,1,2,44,c2791b80841f918d1fdf684d
repeatability_504part,repeatability,repeat_03,llama3.1:8b,P5,,,real_ticker,,2012-01-03,42,10.0,0.6,0.25,818ee14fec83bec1,"You are a RISK-ADJUSTED RETURN policy profile. Use only the provided feature values. Prefer eligible assets that combine stronger recent returns with lower recent volatility and smaller drawdowns. Assign larger weights to assets that appear to have stronger positive risk-adjusted profiles, smaller weights to middle-ranked assets, and little weight to weak or unstable candidates. Do not default to equal weights unless the provided features show no meaningful distinction across assets. Include every eligible ticker exactly once. Return strictly valid JSON only with a `weights` object whose values are decimals, not percentages.
Hard constraints for the execution layer: long-only weights, weights sum to one, maximum single-asset weight 0.60, and turnover cap 0.25. You propose weights; deterministic projection will enforce final feasibility.

Current Features:
- SPY_r1m: 0.02671527
- SPY_r3m: 0.16718437
- SPY_r12m: 0.02459531
- SPY_vol3m: 0.25887618
- SPY_mdd: -0.04997558
- QQQ_r1m: 0.00594880
- QQQ_r3m: 0.11689063
- QQQ_r12m: 0.03838268
- QQQ_vol3m: 0.25840276
- QQQ_mdd: -0.04035395
- IWM_r1m: 0.02917684
- IWM_r3m: 0.23521409
- IWM_r12m: -0.04505676
- IWM_vol3m: 0.37699975
- IWM_mdd: -0.12194550
- DIA_r1m: 0.03222774
- DIA_r3m: 0.17057072
- DIA_r12m: 0.08903085
- DIA_vol3m: 0.23431513
- DIA_mdd: -0.01629590
- EFA_r1m: 0.01361774
- EFA_r3m: 0.10687441
- EFA_r12m: -0.10575190
- EFA_vol3m: 0.34495450
- EFA_mdd: -0.17813728
- EEM_r1m: -0.01040913
- EEM_r3m: 0.14885810
- EEM_r12m: -0.17111157
- EEM_vol3m: 0.40143404
- EEM_mdd: -0.20578643
- VEA_r1m: 0.01517214
- VEA_r3m: 0.10818355
- VEA_r12m: -0.10683659
- VEA_vol3m: 0.34370176
- VEA_mdd: -0.17899926
- VWO_r1m: -0.01158303
- VWO_r3m: 0.14397978
- VWO_r12m: -0.17177883
- VWO_vol3m: 0.38302937
- VWO_mdd: -0.20591402
- AGG_r1m: 0.01119144
- AGG_r3m: 0.00536611
- AGG_r12m: 0.07603870
- AGG_vol3m: 0.03331322
- AGG_mdd: -0.00326163
- BND_r1m: 0.00898238
- BND_r3m: 0.00348953
- BND_r12m: 0.07727894
- BND_vol3m: 0.03756326
- BND_mdd: -0.00311223
- SHY_r1m: -0.00012975
- SHY_r3m: 0.00049776
- SHY_r12m: 0.01404628
- SHY_vol3m: 0.00531284
- SHY_mdd: -0.00093215
- IEF_r1m: 0.01369706
- IEF_r3m: -0.00306404
- IEF_r12m: 0.15272143
- IEF_vol3m: 0.08440505
- IEF_mdd: -0.00989252
- TLT_r1m: 0.02405974
- TLT_r3m: -0.02737094
- TLT_r12m: 0.32993039
- TLT_vol3m: 0.22551420
- TLT_mdd: -0.03273596
- TIP_r1m: 0.00163230
- TIP_r3m: 0.01738628
- TIP_r12m: 0.13732929
- TIP_vol3m: 0.05984445
- TIP_mdd: -0.00931095
- LQD_r1m: 0.03166996
- LQD_r3m: 0.02464791
- LQD_r12m: 0.09230839
- LQD_vol3m: 0.06049788
- LQD_mdd: -0.00968665
- HYG_r1m: 0.04431138
- HYG_r3m: 0.12391236
- HYG_r12m: 0.07017901
- HYG_vol3m: 0.15996681
- HYG_mdd: 0.00000000
- GLD_r1m: -0.08082300
- GLD_r3m: -0.03131218
- GLD_r12m: 0.12985506
- GLD_vol3m: 0.22454383
- GLD_mdd: -0.15531718
- SLV_r1m: -0.09510360
- SLV_r3m: -0.02238046
- SLV_r12m: -0.03835889
- SLV_vol3m: 0.44565753
- SLV_mdd: -0.38997036
- DBC_r1m: 0.00363098
- DBC_r3m: 0.07884469
- DBC_r12m: -0.00108416
- DBC_vol3m: 0.20030309
- DBC_mdd: -0.13408522
- VNQ_r1m: 0.06612979
- VNQ_r3m: 0.22009878
- VNQ_r12m: 0.07552805
- VNQ_vol3m: 0.32461677
- VNQ_mdd: -0.05488374
- UUP_r1m: 0.01043086
- UUP_r3m: -0.01021770
- UUP_r12m: -0.02366356
- UUP_vol3m: 0.10413897
- UUP_mdd: -0.13743715
- BIL_r1m: -0.00017458
- BIL_r3m: -0.00061026
- BIL_r12m: -0.00082873
- BIL_vol3m: 0.00287903
- BIL_mdd: -0.00104638
- cross_vol: 0.20773956

Assets: SPY, QQQ, IWM, DIA, EFA, EEM, VEA, VWO, AGG, BND, SHY, IEF, TLT, TIP, LQD, HYG, GLD, SLV, DBC, VNQ, UUP, BIL","{
  ""weights"": {
    ""SPY"": 0.23,
    ""QQQ"": 0.15,
    ""IWM"": 0.12,
    ""DIA"": 0.10,
    ""EFA"": 0.05,
    ""EEM"": 0.04,
    ""VEA"": 0.03,
    ""VWO"": 0.02,
    ""AGG"": 0.01,
    ""BND"": 0.005,
    ""SHY"": 0.0025,
    ""IEF"": 0.0023,
    ""TLT"": 0.0018,
    ""TIP"": 0.0015,
    ""LQD"": 0.0012,
    ""HYG"": 0.0011,
    ""GLD"": 0.0009,
    ""SLV"": 0.0007,
    ""DBC"": 0.0006,
    ""VNQ"": 0.0005,
    ""UUP"": 0.0004,
    ""BIL"": 0.0003
  }
}",1,0,0,10.416182625005604,420,1,0,0,0,241,10.175007,1773,stop,[],0,0,0,0,LQD,SPY,SPY,0,0,0.0,1.5852685084696772,0.4745370884750284,5.057803134644878e-17,1.3063736394625266e-17,1.2495506574590862,0,"{""SPY"":0.2991675338,""QQQ"":0.1951092612,""IWM"":0.1560874089,""DIA"":0.1300728408,""EFA"":0.0650364204,""EEM"":0.0520291363,""VEA"":0.0390218522,""VWO"":0.0260145682,""AGG"":0.0130072841,""BND"":0.006503642,""SHY"":0.003251821,""IEF"":0.0029916753,""TLT"":0.0023413111,""TIP"":0.0019510926,""LQD"":0.0015608741,""HYG"":0.0014308012,""GLD"":0.0011706556,""SLV"":0.0009105099,""DBC"":0.000780437,""VNQ"":0.0006503642,""UUP"":0.0005202914,""BIL"":0.0003902185}","{""SPY"":0.2991675338,""QQQ"":0.1951092612,""IWM"":0.1560874089,""DIA"":0.1300728408,""EFA"":0.0650364204,""EEM"":0.0520291363,""VEA"":0.0390218522,""VWO"":0.0260145682,""AGG"":0.0130072841,""BND"":0.006503642,""SHY"":0.003251821,""IEF"":0.0029916753,""TLT"":0.0023413111,""TIP"":0.0019510926,""LQD"":0.0015608741,""HYG"":0.0014308012,""GLD"":0.0011706556,""SLV"":0.0009105099,""DBC"":0.000780437,""VNQ"":0.0006503642,""UUP"":0.0005202914,""BIL"":0.0003902185}","{""SPY"":0.0426683804,""QQQ"":0.0095185577,""IWM"":0.031998957,""DIA"":0.0568680365,""EFA"":0.0163223208,""EEM"":1.647987302e-17,""VEA"":0.0182517201,""VWO"":1.647987302e-17,""AGG"":0.1389018463,""BND"":0.0988705664,""SHY"":1.647987302e-17,""IEF"":0.0670961752,""TLT"":0.044111896,""TIP"":0.0112775734,""LQD"":0.216444198,""HYG"":0.1145312653,""GLD"":1.647987302e-17,""SLV"":1.647987302e-17,""DBC"":0.00749505,""VNQ"":0.0842296207,""UUP"":0.041413836,""BIL"":1.647987302e-17}",0,1.0,0.2991675338189386,0.00039021852237252854,0.0,0,0,1.0,0.2991675338189386,0.00039021852237253185,1,1,1,3,45,5aa99698b0a639f2dcd414e8
repeatability_504part,repeatability,repeat_00,llama3.1:8b,P6,,,real_ticker,,2012-01-03,42,10.0,0.6,0.25,c3eb23853878dbb6,"You are a HYBRID DEFENSIVE-MOMENTUM policy profile. Use only the supplied feature values. Prefer assets with above-median `_r12m`, but among those candidates favor lower `_vol3m` and smaller drawdowns. Avoid assets with severe drawdowns unless their twelve-month momentum is unusually strong and their volatility is not high. During high cross-sectional volatility, keep at least 20% of the portfolio in bond-like or cash-like ETFs if such assets are present in the provided asset list. Do not allocate more than 40% to any single risky asset as a language-level preference; the deterministic projection layer will enforce final feasibility. Include every eligible ticker exactly once. Return strictly valid JSON only with a `weights` object whose values are decimals, not percentages.
Hard constraints for the execution layer: long-only weights, weights sum to one, maximum single-asset weight 0.60, and turnover cap 0.25. You propose weights; deterministic projection will enforce final feasibility.

Current Features:
- SPY_r1m: 0.02671527
- SPY_r3m: 0.16718437
- SPY_r12m: 0.02459531
- SPY_vol3m: 0.25887618
- SPY_mdd: -0.04997558
- QQQ_r1m: 0.00594880
- QQQ_r3m: 0.11689063
- QQQ_r12m: 0.03838268
- QQQ_vol3m: 0.25840276
- QQQ_mdd: -0.04035395
- IWM_r1m: 0.02917684
- IWM_r3m: 0.23521409
- IWM_r12m: -0.04505676
- IWM_vol3m: 0.37699975
- IWM_mdd: -0.12194550
- DIA_r1m: 0.03222774
- DIA_r3m: 0.17057072
- DIA_r12m: 0.08903085
- DIA_vol3m: 0.23431513
- DIA_mdd: -0.01629590
- EFA_r1m: 0.01361774
- EFA_r3m: 0.10687441
- EFA_r12m: -0.10575190
- EFA_vol3m: 0.34495450
- EFA_mdd: -0.17813728
- EEM_r1m: -0.01040913
- EEM_r3m: 0.14885810
- EEM_r12m: -0.17111157
- EEM_vol3m: 0.40143404
- EEM_mdd: -0.20578643
- VEA_r1m: 0.01517214
- VEA_r3m: 0.10818355
- VEA_r12m: -0.10683659
- VEA_vol3m: 0.34370176
- VEA_mdd: -0.17899926
- VWO_r1m: -0.01158303
- VWO_r3m: 0.14397978
- VWO_r12m: -0.17177883
- VWO_vol3m: 0.38302937
- VWO_mdd: -0.20591402
- AGG_r1m: 0.01119144
- AGG_r3m: 0.00536611
- AGG_r12m: 0.07603870
- AGG_vol3m: 0.03331322
- AGG_mdd: -0.00326163
- BND_r1m: 0.00898238
- BND_r3m: 0.00348953
- BND_r12m: 0.07727894
- BND_vol3m: 0.03756326
- BND_mdd: -0.00311223
- SHY_r1m: -0.00012975
- SHY_r3m: 0.00049776
- SHY_r12m: 0.01404628
- SHY_vol3m: 0.00531284
- SHY_mdd: -0.00093215
- IEF_r1m: 0.01369706
- IEF_r3m: -0.00306404
- IEF_r12m: 0.15272143
- IEF_vol3m: 0.08440505
- IEF_mdd: -0.00989252
- TLT_r1m: 0.02405974
- TLT_r3m: -0.02737094
- TLT_r12m: 0.32993039
- TLT_vol3m: 0.22551420
- TLT_mdd: -0.03273596
- TIP_r1m: 0.00163230
- TIP_r3m: 0.01738628
- TIP_r12m: 0.13732929
- TIP_vol3m: 0.05984445
- TIP_mdd: -0.00931095
- LQD_r1m: 0.03166996
- LQD_r3m: 0.02464791
- LQD_r12m: 0.09230839
- LQD_vol3m: 0.06049788
- LQD_mdd: -0.00968665
- HYG_r1m: 0.04431138
- HYG_r3m: 0.12391236
- HYG_r12m: 0.07017901
- HYG_vol3m: 0.15996681
- HYG_mdd: 0.00000000
- GLD_r1m: -0.08082300
- GLD_r3m: -0.03131218
- GLD_r12m: 0.12985506
- GLD_vol3m: 0.22454383
- GLD_mdd: -0.15531718
- SLV_r1m: -0.09510360
- SLV_r3m: -0.02238046
- SLV_r12m: -0.03835889
- SLV_vol3m: 0.44565753
- SLV_mdd: -0.38997036
- DBC_r1m: 0.00363098
- DBC_r3m: 0.07884469
- DBC_r12m: -0.00108416
- DBC_vol3m: 0.20030309
- DBC_mdd: -0.13408522
- VNQ_r1m: 0.06612979
- VNQ_r3m: 0.22009878
- VNQ_r12m: 0.07552805
- VNQ_vol3m: 0.32461677
- VNQ_mdd: -0.05488374
- UUP_r1m: 0.01043086
- UUP_r3m: -0.01021770
- UUP_r12m: -0.02366356
- UUP_vol3m: 0.10413897
- UUP_mdd: -0.13743715
- BIL_r1m: -0.00017458
- BIL_r3m: -0.00061026
- BIL_r12m: -0.00082873
- BIL_vol3m: 0.00287903
- BIL_mdd: -0.00104638
- cross_vol: 0.20773956

Assets: SPY, QQQ, IWM, DIA, EFA, EEM, VEA, VWO, AGG, BND, SHY, IEF, TLT, TIP, LQD, HYG, GLD, SLV, DBC, VNQ, UUP, BIL","{
  ""weights"": {
    ""SPY"": 0.234,
    ""QQQ"": 0.123,
    ""IWM"": 0.134,
    ""DIA"": 0.092,
    ""EFA"": 0.065,
    ""EEM"": 0.046,
    ""VEA"": 0.043,
    ""VWO"": 0.038,
    ""AGG"": 0.215,
    ""BND"": 0.204,
    ""SHY"": 0.011,
    ""IEF"": 0.021,
    ""TLT"": 0.012,
    ""TIP"": 0.016,
    ""LQD"": 0.019,
    ""HYG"": 0.022,
    ""GLD"": 0.009,
    ""SLV"": 0.005,
    ""DBC"": 0.007,
    ""VNQ"": 0.014,
    ""UUP"": 0.008,
    ""BIL"": 0.001
  }
}",1,0,0,17.750475791995996,417,1,0,0,0,229,9.768714,1821,stop,[],0,0,0,0,TLT,SPY,SPY,0,0,0.0,1.2778066472201013,0.38510219790420624,1.8474805019152996e-16,4.3342058236337614e-17,0.9573630253241903,0,"{""SPY"":0.1747572816,""QQQ"":0.0918595967,""IWM"":0.1000746826,""DIA"":0.068707991,""EFA"":0.0485436893,""EEM"":0.0343539955,""VEA"":0.0321135176,""VWO"":0.0283793876,""AGG"":0.1605675878,""BND"":0.1523525019,""SHY"":0.0082150859,""IEF"":0.0156833458,""TLT"":0.0089619119,""TIP"":0.0119492158,""LQD"":0.0141896938,""HYG"":0.0164301718,""GLD"":0.0067214339,""SLV"":0.0037341299,""DBC"":0.0052277819,""VNQ"":0.0104555639,""UUP"":0.0059746079,""BIL"":0.000746826}","{""SPY"":0.1747572816,""QQQ"":0.0918595967,""IWM"":0.1000746826,""DIA"":0.068707991,""EFA"":0.0485436893,""EEM"":0.0343539955,""VEA"":0.0321135176,""VWO"":0.0283793876,""AGG"":0.1605675878,""BND"":0.1523525019,""SHY"":0.0082150859,""IEF"":0.0156833458,""TLT"":0.0089619119,""TIP"":0.0119492158,""LQD"":0.0141896938,""HYG"":0.0164301718,""GLD"":0.0067214339,""SLV"":0.0037341299,""DBC"":0.0052277819,""VNQ"":0.0104555639,""UUP"":0.0059746079,""BIL"":0.000746826}","{""SPY"":0.0026720871,""QQQ"":0.0122773172,""IWM"":0.0003771087,""DIA"":0.0270040062,""EFA"":0.0001889179,""EEM"":0.000058229,""VEA"":0.0001876939,""VWO"":0.0000660201,""AGG"":0.1114877151,""BND"":0.1094457756,""SHY"":0.0209878715,""IEF"":0.1464401632,""TLT"":0.2214697922,""TIP"":0.1528909097,""LQD"":0.1015245461,""HYG"":0.0434880313,""GLD"":0.0163132527,""SLV"":0.0000399702,""DBC"":0.001834391,""VNQ"":0.0096322773,""UUP"":0.0029274822,""BIL"":0.0186864417}",0,1.0,0.17475728155339806,0.0007468259895444362,0.0,0,0,1.0,0.17475728155339806,0.0007468259895444457,1,1,1,0,42,e52921660ea42a1d35b61a55
repeatability_504part,repeatability,repeat_01,llama3.1:8b,P6,,,real_ticker,,2012-01-03,42,10.0,0.6,0.25,c3eb23853878dbb6,"You are a HYBRID DEFENSIVE-MOMENTUM policy profile. Use only the supplied feature values. Prefer assets with above-median `_r12m`, but among those candidates favor lower `_vol3m` and smaller drawdowns. Avoid assets with severe drawdowns unless their twelve-month momentum is unusually strong and their volatility is not high. During high cross-sectional volatility, keep at least 20% of the portfolio in bond-like or cash-like ETFs if such assets are present in the provided asset list. Do not allocate more than 40% to any single risky asset as a language-level preference; the deterministic projection layer will enforce final feasibility. Include every eligible ticker exactly once. Return strictly valid JSON only with a `weights` object whose values are decimals, not percentages.
Hard constraints for the execution layer: long-only weights, weights sum to one, maximum single-asset weight 0.60, and turnover cap 0.25. You propose weights; deterministic projection will enforce final feasibility.

Current Features:
- SPY_r1m: 0.02671527
- SPY_r3m: 0.16718437
- SPY_r12m: 0.02459531
- SPY_vol3m: 0.25887618
- SPY_mdd: -0.04997558
- QQQ_r1m: 0.00594880
- QQQ_r3m: 0.11689063
- QQQ_r12m: 0.03838268
- QQQ_vol3m: 0.25840276
- QQQ_mdd: -0.04035395
- IWM_r1m: 0.02917684
- IWM_r3m: 0.23521409
- IWM_r12m: -0.04505676
- IWM_vol3m: 0.37699975
- IWM_mdd: -0.12194550
- DIA_r1m: 0.03222774
- DIA_r3m: 0.17057072
- DIA_r12m: 0.08903085
- DIA_vol3m: 0.23431513
- DIA_mdd: -0.01629590
- EFA_r1m: 0.01361774
- EFA_r3m: 0.10687441
- EFA_r12m: -0.10575190
- EFA_vol3m: 0.34495450
- EFA_mdd: -0.17813728
- EEM_r1m: -0.01040913
- EEM_r3m: 0.14885810
- EEM_r12m: -0.17111157
- EEM_vol3m: 0.40143404
- EEM_mdd: -0.20578643
- VEA_r1m: 0.01517214
- VEA_r3m: 0.10818355
- VEA_r12m: -0.10683659
- VEA_vol3m: 0.34370176
- VEA_mdd: -0.17899926
- VWO_r1m: -0.01158303
- VWO_r3m: 0.14397978
- VWO_r12m: -0.17177883
- VWO_vol3m: 0.38302937
- VWO_mdd: -0.20591402
- AGG_r1m: 0.01119144
- AGG_r3m: 0.00536611
- AGG_r12m: 0.07603870
- AGG_vol3m: 0.03331322
- AGG_mdd: -0.00326163
- BND_r1m: 0.00898238
- BND_r3m: 0.00348953
- BND_r12m: 0.07727894
- BND_vol3m: 0.03756326
- BND_mdd: -0.00311223
- SHY_r1m: -0.00012975
- SHY_r3m: 0.00049776
- SHY_r12m: 0.01404628
- SHY_vol3m: 0.00531284
- SHY_mdd: -0.00093215
- IEF_r1m: 0.01369706
- IEF_r3m: -0.00306404
- IEF_r12m: 0.15272143
- IEF_vol3m: 0.08440505
- IEF_mdd: -0.00989252
- TLT_r1m: 0.02405974
- TLT_r3m: -0.02737094
- TLT_r12m: 0.32993039
- TLT_vol3m: 0.22551420
- TLT_mdd: -0.03273596
- TIP_r1m: 0.00163230
- TIP_r3m: 0.01738628
- TIP_r12m: 0.13732929
- TIP_vol3m: 0.05984445
- TIP_mdd: -0.00931095
- LQD_r1m: 0.03166996
- LQD_r3m: 0.02464791
- LQD_r12m: 0.09230839
- LQD_vol3m: 0.06049788
- LQD_mdd: -0.00968665
- HYG_r1m: 0.04431138
- HYG_r3m: 0.12391236
- HYG_r12m: 0.07017901
- HYG_vol3m: 0.15996681
- HYG_mdd: 0.00000000
- GLD_r1m: -0.08082300
- GLD_r3m: -0.03131218
- GLD_r12m: 0.12985506
- GLD_vol3m: 0.22454383
- GLD_mdd: -0.15531718
- SLV_r1m: -0.09510360
- SLV_r3m: -0.02238046
- SLV_r12m: -0.03835889
- SLV_vol3m: 0.44565753
- SLV_mdd: -0.38997036
- DBC_r1m: 0.00363098
- DBC_r3m: 0.07884469
- DBC_r12m: -0.00108416
- DBC_vol3m: 0.20030309
- DBC_mdd: -0.13408522
- VNQ_r1m: 0.06612979
- VNQ_r3m: 0.22009878
- VNQ_r12m: 0.07552805
- VNQ_vol3m: 0.32461677
- VNQ_mdd: -0.05488374
- UUP_r1m: 0.01043086
- UUP_r3m: -0.01021770
- UUP_r12m: -0.02366356
- UUP_vol3m: 0.10413897
- UUP_mdd: -0.13743715
- BIL_r1m: -0.00017458
- BIL_r3m: -0.00061026
- BIL_r12m: -0.00082873
- BIL_vol3m: 0.00287903
- BIL_mdd: -0.00104638
- cross_vol: 0.20773956

Assets: SPY, QQQ, IWM, DIA, EFA, EEM, VEA, VWO, AGG, BND, SHY, IEF, TLT, TIP, LQD, HYG, GLD, SLV, DBC, VNQ, UUP, BIL","{
  ""weights"": {
    ""SPY"": 0.234,
    ""QQQ"": 0.123,
    ""IWM"": 0.134,
    ""DIA"": 0.092,
    ""EFA"": 0.065,
    ""EEM"": 0.046,
    ""VEA"": 0.043,
    ""VWO"": 0.038,
    ""AGG"": 0.215,
    ""BND"": 0.204,
    ""SHY"": 0.011,
    ""IEF"": 0.021,
    ""TLT"": 0.012,
    ""TIP"": 0.016,
    ""LQD"": 0.019,
    ""HYG"": 0.022,
    ""GLD"": 0.009,
    ""SLV"": 0.005,
    ""DBC"": 0.007,
    ""VNQ"": 0.014,
    ""UUP"": 0.008,
    ""BIL"": 0.001
  }
}",1,0,0,9.855811542001902,417,1,0,0,0,229,9.62985,1821,stop,[],0,0,0,0,TLT,SPY,SPY,0,0,0.0,1.2778066472201013,0.38510219790420624,1.8474805019152996e-16,4.3342058236337614e-17,0.9573630253241903,0,"{""SPY"":0.1747572816,""QQQ"":0.0918595967,""IWM"":0.1000746826,""DIA"":0.068707991,""EFA"":0.0485436893,""EEM"":0.0343539955,""VEA"":0.0321135176,""VWO"":0.0283793876,""AGG"":0.1605675878,""BND"":0.1523525019,""SHY"":0.0082150859,""IEF"":0.0156833458,""TLT"":0.0089619119,""TIP"":0.0119492158,""LQD"":0.0141896938,""HYG"":0.0164301718,""GLD"":0.0067214339,""SLV"":0.0037341299,""DBC"":0.0052277819,""VNQ"":0.0104555639,""UUP"":0.0059746079,""BIL"":0.000746826}","{""SPY"":0.1747572816,""QQQ"":0.0918595967,""IWM"":0.1000746826,""DIA"":0.068707991,""EFA"":0.0485436893,""EEM"":0.0343539955,""VEA"":0.0321135176,""VWO"":0.0283793876,""AGG"":0.1605675878,""BND"":0.1523525019,""SHY"":0.0082150859,""IEF"":0.0156833458,""TLT"":0.0089619119,""TIP"":0.0119492158,""LQD"":0.0141896938,""HYG"":0.0164301718,""GLD"":0.0067214339,""SLV"":0.0037341299,""DBC"":0.0052277819,""VNQ"":0.0104555639,""UUP"":0.0059746079,""BIL"":0.000746826}","{""SPY"":0.0026720871,""QQQ"":0.0122773172,""IWM"":0.0003771087,""DIA"":0.0270040062,""EFA"":0.0001889179,""EEM"":0.000058229,""VEA"":0.0001876939,""VWO"":0.0000660201,""AGG"":0.1114877151,""BND"":0.1094457756,""SHY"":0.0209878715,""IEF"":0.1464401632,""TLT"":0.2214697922,""TIP"":0.1528909097,""LQD"":0.1015245461,""HYG"":0.0434880313,""GLD"":0.0163132527,""SLV"":0.0000399702,""DBC"":0.001834391,""VNQ"":0.0096322773,""UUP"":0.0029274822,""BIL"":0.0186864417}",0,1.0,0.17475728155339806,0.0007468259895444362,0.0,0,0,1.0,0.17475728155339806,0.0007468259895444457,1,1,1,1,43,7e10eb427413cf5727507101
repeatability_504part,repeatability,repeat_02,llama3.1:8b,P6,,,real_ticker,,2012-01-03,42,10.0,0.6,0.25,c3eb23853878dbb6,"You are a HYBRID DEFENSIVE-MOMENTUM policy profile. Use only the supplied feature values. Prefer assets with above-median `_r12m`, but among those candidates favor lower `_vol3m` and smaller drawdowns. Avoid assets with severe drawdowns unless their twelve-month momentum is unusually strong and their volatility is not high. During high cross-sectional volatility, keep at least 20% of the portfolio in bond-like or cash-like ETFs if such assets are present in the provided asset list. Do not allocate more than 40% to any single risky asset as a language-level preference; the deterministic projection layer will enforce final feasibility. Include every eligible ticker exactly once. Return strictly valid JSON only with a `weights` object whose values are decimals, not percentages.
Hard constraints for the execution layer: long-only weights, weights sum to one, maximum single-asset weight 0.60, and turnover cap 0.25. You propose weights; deterministic projection will enforce final feasibility.

Current Features:
- SPY_r1m: 0.02671527
- SPY_r3m: 0.16718437
- SPY_r12m: 0.02459531
- SPY_vol3m: 0.25887618
- SPY_mdd: -0.04997558
- QQQ_r1m: 0.00594880
- QQQ_r3m: 0.11689063
- QQQ_r12m: 0.03838268
- QQQ_vol3m: 0.25840276
- QQQ_mdd: -0.04035395
- IWM_r1m: 0.02917684
- IWM_r3m: 0.23521409
- IWM_r12m: -0.04505676
- IWM_vol3m: 0.37699975
- IWM_mdd: -0.12194550
- DIA_r1m: 0.03222774
- DIA_r3m: 0.17057072
- DIA_r12m: 0.08903085
- DIA_vol3m: 0.23431513
- DIA_mdd: -0.01629590
- EFA_r1m: 0.01361774
- EFA_r3m: 0.10687441
- EFA_r12m: -0.10575190
- EFA_vol3m: 0.34495450
- EFA_mdd: -0.17813728
- EEM_r1m: -0.01040913
- EEM_r3m: 0.14885810
- EEM_r12m: -0.17111157
- EEM_vol3m: 0.40143404
- EEM_mdd: -0.20578643
- VEA_r1m: 0.01517214
- VEA_r3m: 0.10818355
- VEA_r12m: -0.10683659
- VEA_vol3m: 0.34370176
- VEA_mdd: -0.17899926
- VWO_r1m: -0.01158303
- VWO_r3m: 0.14397978
- VWO_r12m: -0.17177883
- VWO_vol3m: 0.38302937
- VWO_mdd: -0.20591402
- AGG_r1m: 0.01119144
- AGG_r3m: 0.00536611
- AGG_r12m: 0.07603870
- AGG_vol3m: 0.03331322
- AGG_mdd: -0.00326163
- BND_r1m: 0.00898238
- BND_r3m: 0.00348953
- BND_r12m: 0.07727894
- BND_vol3m: 0.03756326
- BND_mdd: -0.00311223
- SHY_r1m: -0.00012975
- SHY_r3m: 0.00049776
- SHY_r12m: 0.01404628
- SHY_vol3m: 0.00531284
- SHY_mdd: -0.00093215
- IEF_r1m: 0.01369706
- IEF_r3m: -0.00306404
- IEF_r12m: 0.15272143
- IEF_vol3m: 0.08440505
- IEF_mdd: -0.00989252
- TLT_r1m: 0.02405974
- TLT_r3m: -0.02737094
- TLT_r12m: 0.32993039
- TLT_vol3m: 0.22551420
- TLT_mdd: -0.03273596
- TIP_r1m: 0.00163230
- TIP_r3m: 0.01738628
- TIP_r12m: 0.13732929
- TIP_vol3m: 0.05984445
- TIP_mdd: -0.00931095
- LQD_r1m: 0.03166996
- LQD_r3m: 0.02464791
- LQD_r12m: 0.09230839
- LQD_vol3m: 0.06049788
- LQD_mdd: -0.00968665
- HYG_r1m: 0.04431138
- HYG_r3m: 0.12391236
- HYG_r12m: 0.07017901
- HYG_vol3m: 0.15996681
- HYG_mdd: 0.00000000
- GLD_r1m: -0.08082300
- GLD_r3m: -0.03131218
- GLD_r12m: 0.12985506
- GLD_vol3m: 0.22454383
- GLD_mdd: -0.15531718
- SLV_r1m: -0.09510360
- SLV_r3m: -0.02238046
- SLV_r12m: -0.03835889
- SLV_vol3m: 0.44565753
- SLV_mdd: -0.38997036
- DBC_r1m: 0.00363098
- DBC_r3m: 0.07884469
- DBC_r12m: -0.00108416
- DBC_vol3m: 0.20030309
- DBC_mdd: -0.13408522
- VNQ_r1m: 0.06612979
- VNQ_r3m: 0.22009878
- VNQ_r12m: 0.07552805
- VNQ_vol3m: 0.32461677
- VNQ_mdd: -0.05488374
- UUP_r1m: 0.01043086
- UUP_r3m: -0.01021770
- UUP_r12m: -0.02366356
- UUP_vol3m: 0.10413897
- UUP_mdd: -0.13743715
- BIL_r1m: -0.00017458
- BIL_r3m: -0.00061026
- BIL_r12m: -0.00082873
- BIL_vol3m: 0.00287903
- BIL_mdd: -0.00104638
- cross_vol: 0.20773956

Assets: SPY, QQQ, IWM, DIA, EFA, EEM, VEA, VWO, AGG, BND, SHY, IEF, TLT, TIP, LQD, HYG, GLD, SLV, DBC, VNQ, UUP, BIL","{
  ""weights"": {
    ""SPY"": 0.234,
    ""QQQ"": 0.123,
    ""IWM"": 0.134,
    ""DIA"": 0.092,
    ""EFA"": 0.065,
    ""EEM"": 0.046,
    ""VEA"": 0.043,
    ""VWO"": 0.038,
    ""AGG"": 0.215,
    ""BND"": 0.204,
    ""SHY"": 0.011,
    ""IEF"": 0.021,
    ""TLT"": 0.012,
    ""TIP"": 0.016,
    ""LQD"": 0.019,
    ""HYG"": 0.022,
    ""GLD"": 0.009,
    ""SLV"": 0.005,
    ""DBC"": 0.007,
    ""VNQ"": 0.014,
    ""UUP"": 0.008,
    ""BIL"": 0.001
  }
}",1,0,0,9.840846250008326,417,1,0,0,0,229,9.61626,1821,stop,[],0,0,0,0,TLT,SPY,SPY,0,0,0.0,1.2778066472201013,0.38510219790420624,1.8474805019152996e-16,4.3342058236337614e-17,0.9573630253241903,0,"{""SPY"":0.1747572816,""QQQ"":0.0918595967,""IWM"":0.1000746826,""DIA"":0.068707991,""EFA"":0.0485436893,""EEM"":0.0343539955,""VEA"":0.0321135176,""VWO"":0.0283793876,""AGG"":0.1605675878,""BND"":0.1523525019,""SHY"":0.0082150859,""IEF"":0.0156833458,""TLT"":0.0089619119,""TIP"":0.0119492158,""LQD"":0.0141896938,""HYG"":0.0164301718,""GLD"":0.0067214339,""SLV"":0.0037341299,""DBC"":0.0052277819,""VNQ"":0.0104555639,""UUP"":0.0059746079,""BIL"":0.000746826}","{""SPY"":0.1747572816,""QQQ"":0.0918595967,""IWM"":0.1000746826,""DIA"":0.068707991,""EFA"":0.0485436893,""EEM"":0.0343539955,""VEA"":0.0321135176,""VWO"":0.0283793876,""AGG"":0.1605675878,""BND"":0.1523525019,""SHY"":0.0082150859,""IEF"":0.0156833458,""TLT"":0.0089619119,""TIP"":0.0119492158,""LQD"":0.0141896938,""HYG"":0.0164301718,""GLD"":0.0067214339,""SLV"":0.0037341299,""DBC"":0.0052277819,""VNQ"":0.0104555639,""UUP"":0.0059746079,""BIL"":0.000746826}","{""SPY"":0.0026720871,""QQQ"":0.0122773172,""IWM"":0.0003771087,""DIA"":0.0270040062,""EFA"":0.0001889179,""EEM"":0.000058229,""VEA"":0.0001876939,""VWO"":0.0000660201,""AGG"":0.1114877151,""BND"":0.1094457756,""SHY"":0.0209878715,""IEF"":0.1464401632,""TLT"":0.2214697922,""TIP"":0.1528909097,""LQD"":0.1015245461,""HYG"":0.0434880313,""GLD"":0.0163132527,""SLV"":0.0000399702,""DBC"":0.001834391,""VNQ"":0.0096322773,""UUP"":0.0029274822,""BIL"":0.0186864417}",0,1.0,0.17475728155339806,0.0007468259895444362,0.0,0,0,1.0,0.17475728155339806,0.0007468259895444457,1,1,1,2,44,f25e7af89f6544976c03e604
repeatability_504part,repeatability,repeat_03,llama3.1:8b,P6,,,real_ticker,,2012-01-03,42,10.0,0.6,0.25,c3eb23853878dbb6,"You are a HYBRID DEFENSIVE-MOMENTUM policy profile. Use only the supplied feature values. Prefer assets with above-median `_r12m`, but among those candidates favor lower `_vol3m` and smaller drawdowns. Avoid assets with severe drawdowns unless their twelve-month momentum is unusually strong and their volatility is not high. During high cross-sectional volatility, keep at least 20% of the portfolio in bond-like or cash-like ETFs if such assets are present in the provided asset list. Do not allocate more than 40% to any single risky asset as a language-level preference; the deterministic projection layer will enforce final feasibility. Include every eligible ticker exactly once. Return strictly valid JSON only with a `weights` object whose values are decimals, not percentages.
Hard constraints for the execution layer: long-only weights, weights sum to one, maximum single-asset weight 0.60, and turnover cap 0.25. You propose weights; deterministic projection will enforce final feasibility.

Current Features:
- SPY_r1m: 0.02671527
- SPY_r3m: 0.16718437
- SPY_r12m: 0.02459531
- SPY_vol3m: 0.25887618
- SPY_mdd: -0.04997558
- QQQ_r1m: 0.00594880
- QQQ_r3m: 0.11689063
- QQQ_r12m: 0.03838268
- QQQ_vol3m: 0.25840276
- QQQ_mdd: -0.04035395
- IWM_r1m: 0.02917684
- IWM_r3m: 0.23521409
- IWM_r12m: -0.04505676
- IWM_vol3m: 0.37699975
- IWM_mdd: -0.12194550
- DIA_r1m: 0.03222774
- DIA_r3m: 0.17057072
- DIA_r12m: 0.08903085
- DIA_vol3m: 0.23431513
- DIA_mdd: -0.01629590
- EFA_r1m: 0.01361774
- EFA_r3m: 0.10687441
- EFA_r12m: -0.10575190
- EFA_vol3m: 0.34495450
- EFA_mdd: -0.17813728
- EEM_r1m: -0.01040913
- EEM_r3m: 0.14885810
- EEM_r12m: -0.17111157
- EEM_vol3m: 0.40143404
- EEM_mdd: -0.20578643
- VEA_r1m: 0.01517214
- VEA_r3m: 0.10818355
- VEA_r12m: -0.10683659
- VEA_vol3m: 0.34370176
- VEA_mdd: -0.17899926
- VWO_r1m: -0.01158303
- VWO_r3m: 0.14397978
- VWO_r12m: -0.17177883
- VWO_vol3m: 0.38302937
- VWO_mdd: -0.20591402
- AGG_r1m: 0.01119144
- AGG_r3m: 0.00536611
- AGG_r12m: 0.07603870
- AGG_vol3m: 0.03331322
- AGG_mdd: -0.00326163
- BND_r1m: 0.00898238
- BND_r3m: 0.00348953
- BND_r12m: 0.07727894
- BND_vol3m: 0.03756326
- BND_mdd: -0.00311223
- SHY_r1m: -0.00012975
- SHY_r3m: 0.00049776
- SHY_r12m: 0.01404628
- SHY_vol3m: 0.00531284
- SHY_mdd: -0.00093215
- IEF_r1m: 0.01369706
- IEF_r3m: -0.00306404
- IEF_r12m: 0.15272143
- IEF_vol3m: 0.08440505
- IEF_mdd: -0.00989252
- TLT_r1m: 0.02405974
- TLT_r3m: -0.02737094
- TLT_r12m: 0.32993039
- TLT_vol3m: 0.22551420
- TLT_mdd: -0.03273596
- TIP_r1m: 0.00163230
- TIP_r3m: 0.01738628
- TIP_r12m: 0.13732929
- TIP_vol3m: 0.05984445
- TIP_mdd: -0.00931095
- LQD_r1m: 0.03166996
- LQD_r3m: 0.02464791
- LQD_r12m: 0.09230839
- LQD_vol3m: 0.06049788
- LQD_mdd: -0.00968665
- HYG_r1m: 0.04431138
- HYG_r3m: 0.12391236
- HYG_r12m: 0.07017901
- HYG_vol3m: 0.15996681
- HYG_mdd: 0.00000000
- GLD_r1m: -0.08082300
- GLD_r3m: -0.03131218
- GLD_r12m: 0.12985506
- GLD_vol3m: 0.22454383
- GLD_mdd: -0.15531718
- SLV_r1m: -0.09510360
- SLV_r3m: -0.02238046
- SLV_r12m: -0.03835889
- SLV_vol3m: 0.44565753
- SLV_mdd: -0.38997036
- DBC_r1m: 0.00363098
- DBC_r3m: 0.07884469
- DBC_r12m: -0.00108416
- DBC_vol3m: 0.20030309
- DBC_mdd: -0.13408522
- VNQ_r1m: 0.06612979
- VNQ_r3m: 0.22009878
- VNQ_r12m: 0.07552805
- VNQ_vol3m: 0.32461677
- VNQ_mdd: -0.05488374
- UUP_r1m: 0.01043086
- UUP_r3m: -0.01021770
- UUP_r12m: -0.02366356
- UUP_vol3m: 0.10413897
- UUP_mdd: -0.13743715
- BIL_r1m: -0.00017458
- BIL_r3m: -0.00061026
- BIL_r12m: -0.00082873
- BIL_vol3m: 0.00287903
- BIL_mdd: -0.00104638
- cross_vol: 0.20773956

Assets: SPY, QQQ, IWM, DIA, EFA, EEM, VEA, VWO, AGG, BND, SHY, IEF, TLT, TIP, LQD, HYG, GLD, SLV, DBC, VNQ, UUP, BIL","{
  ""weights"": {
    ""SPY"": 0.234,
    ""QQQ"": 0.123,
    ""IWM"": 0.134,
    ""DIA"": 0.092,
    ""EFA"": 0.065,
    ""EEM"": 0.046,
    ""VEA"": 0.043,
    ""VWO"": 0.038,
    ""AGG"": 0.215,
    ""BND"": 0.204,
    ""SHY"": 0.011,
    ""IEF"": 0.021,
    ""TLT"": 0.012,
    ""TIP"": 0.016,
    ""LQD"": 0.019,
    ""HYG"": 0.022,
    ""GLD"": 0.009,
    ""SLV"": 0.005,
    ""DBC"": 0.007,
    ""VNQ"": 0.014,
    ""UUP"": 0.008,
    ""BIL"": 0.001
  }
}",1,0,0,9.812147415999789,417,1,0,0,0,229,9.570397,1821,stop,[],0,0,0,0,TLT,SPY,SPY,0,0,0.0,1.2778066472201013,0.38510219790420624,1.8474805019152996e-16,4.3342058236337614e-17,0.9573630253241903,0,"{""SPY"":0.1747572816,""QQQ"":0.0918595967,""IWM"":0.1000746826,""DIA"":0.068707991,""EFA"":0.0485436893,""EEM"":0.0343539955,""VEA"":0.0321135176,""VWO"":0.0283793876,""AGG"":0.1605675878,""BND"":0.1523525019,""SHY"":0.0082150859,""IEF"":0.0156833458,""TLT"":0.0089619119,""TIP"":0.0119492158,""LQD"":0.0141896938,""HYG"":0.0164301718,""GLD"":0.0067214339,""SLV"":0.0037341299,""DBC"":0.0052277819,""VNQ"":0.0104555639,""UUP"":0.0059746079,""BIL"":0.000746826}","{""SPY"":0.1747572816,""QQQ"":0.0918595967,""IWM"":0.1000746826,""DIA"":0.068707991,""EFA"":0.0485436893,""EEM"":0.0343539955,""VEA"":0.0321135176,""VWO"":0.0283793876,""AGG"":0.1605675878,""BND"":0.1523525019,""SHY"":0.0082150859,""IEF"":0.0156833458,""TLT"":0.0089619119,""TIP"":0.0119492158,""LQD"":0.0141896938,""HYG"":0.0164301718,""GLD"":0.0067214339,""SLV"":0.0037341299,""DBC"":0.0052277819,""VNQ"":0.0104555639,""UUP"":0.0059746079,""BIL"":0.000746826}","{""SPY"":0.0026720871,""QQQ"":0.0122773172,""IWM"":0.0003771087,""DIA"":0.0270040062,""EFA"":0.0001889179,""EEM"":0.000058229,""VEA"":0.0001876939,""VWO"":0.0000660201,""AGG"":0.1114877151,""BND"":0.1094457756,""SHY"":0.0209878715,""IEF"":0.1464401632,""TLT"":0.2214697922,""TIP"":0.1528909097,""LQD"":0.1015245461,""HYG"":0.0434880313,""GLD"":0.0163132527,""SLV"":0.0000399702,""DBC"":0.001834391,""VNQ"":0.0096322773,""UUP"":0.0029274822,""BIL"":0.0186864417}",0,1.0,0.17475728155339806,0.0007468259895444362,0.0,0,0,1.0,0.17475728155339806,0.0007468259895444457,1,1,1,3,45,6ca1dc45aed5bc6ec51393a7
