event,proj_l1,proj_l2,cap_clip,neg_weight_count,over_cap_count,entropy,herfindahl,equal_collapse,sum_weight,max_weight,min_weight,turnover_l1,turnover_cap,turnover_clip,strategy_key,fold,model,persona,json_valid,parse_failed,repair_used,elapsed_sec,output_length,hallucinated_ticker_count,missing_asset_count,invalid_weight_count,negative_weight_count,equal_fallback,raw_response,parsed_response,prompt_profile,stage,intended_asset,raw_top_asset,raw_fidelity,raw_core_weight,prompt_cap,hard_max_weight,raw_threshold_fidelity,raw_threshold_gap,projected_top_asset,projected_fidelity,projected_core_weight,projected_threshold_fidelity,projected_threshold_gap,fidelity_loss,threshold_fidelity_loss,raw_weights_json,projected_weights_json,raw_equal_l1,raw_equal_fidelity,projected_equal_l1,projected_equal_fidelity,raw_herfindahl,raw_nonnegative,projected_herfindahl,projected_nonnegative
prompt_fidelity,,,,,,,,,,,,,,,NLPI[llama3.1:8b|P1],1,llama3.1:8b,P1,,,,,,,,,,,,,1.0,raw,SLV,EFA,0.0,0.05555555555555556,0.6,0.6,0.0,-0.5444444444444444,,,,,,,,,,,,,,,,,
prompt_fidelity,,,,,,,,,,,,,,,NLPI[llama3.1:8b|P1],1,llama3.1:8b,P1,,,,,,,,,,,,,1.0,projected,SLV,,,,0.6,0.6,,,EFA,0.0,0.05555555555555555,0.0,-0.5444444444444444,0.0,0.0,,,,,,,,,,
prompt_fidelity,,,,,,,,,,,,,,,NLPI[llama3.1:8b|P1],1,llama3.1:8b,P1,,,,,,,,,,,,,1.0,raw,SLV,DBC,0.0,0.030694668820678513,0.6,0.6,0.0,-0.5693053311793215,,,,,,,,,,,,,,,,,
prompt_fidelity,,,,,,,,,,,,,,,NLPI[llama3.1:8b|P1],1,llama3.1:8b,P1,,,,,,,,,,,,,1.0,projected,SLV,,,,0.6,0.6,,,DBC,0.0,0.04828063697207477,0.0,-0.5517193630279252,0.0,0.0,,,,,,,,,,
prompt_fidelity,,,,,,,,,,,,,,,NLPI[llama3.1:8b|P1],1,llama3.1:8b,P1,,,,,,,,,,,,,1.0,raw,SLV,SLV,1.0,0.6006006006006006,0.6,0.6,1.0,0.0006006006006006315,,,,,,,,,,,,,,,,,
prompt_fidelity,,,,,,,,,,,,,,,NLPI[llama3.1:8b|P1],1,llama3.1:8b,P1,,,,,,,,,,,,,1.0,projected,SLV,,,,0.6,0.6,,,SLV,1.0,0.6,1.0,0.0,0.0,0.0,,,,,,,,,,
prompt_fidelity,,,,,,,,,,,,,,,NLPI[llama3.1:8b|P1],1,llama3.1:8b,P1,,,,,,,,,,,,,1.0,raw,SLV,IWM,0.0,0.02,0.6,0.6,0.0,-0.58,,,,,,,,,,,,,,,,,
prompt_fidelity,,,,,,,,,,,,,,,NLPI[llama3.1:8b|P1],1,llama3.1:8b,P1,,,,,,,,,,,,,1.0,projected,SLV,,,,0.6,0.6,,,IWM,0.0,0.020000000000000004,0.0,-0.58,0.0,0.0,,,,,,,,,,
prompt_fidelity,,,,,,,,,,,,,,,NLPI[llama3.1:8b|P1],1,llama3.1:8b,P1,,,,,,,,,,,,,1.0,raw,SLV,SLV,1.0,0.6006006006006006,0.6,0.6,1.0,0.0006006006006006315,,,,,,,,,,,,,,,,,
prompt_fidelity,,,,,,,,,,,,,,,NLPI[llama3.1:8b|P1],1,llama3.1:8b,P1,,,,,,,,,,,,,1.0,projected,SLV,,,,0.6,0.6,,,SLV,1.0,0.6,1.0,0.0,0.0,0.0,,,,,,,,,,
prompt_fidelity,,,,,,,,,,,,,,,NLPI[llama3.1:8b|P1],1,llama3.1:8b,P1,,,,,,,,,,,,,1.0,raw,SLV,SPY,0.0,0.019019019019019017,0.6,0.6,0.0,-0.5809809809809809,,,,,,,,,,,,,,,,,
prompt_fidelity,,,,,,,,,,,,,,,NLPI[llama3.1:8b|P1],1,llama3.1:8b,P1,,,,,,,,,,,,,1.0,projected,SLV,,,,0.6,0.6,,,SPY,0.0,0.01904761904761904,0.0,-0.5809523809523809,0.0,0.0,,,,,,,,,,
prompt_fidelity,,,,,,,,,,,,,,,NLPI[llama3.1:8b|P1],1,llama3.1:8b,P1,,,,,,,,,,,,,1.0,raw,TLT,SPY,0.0,0.019019019019019017,0.6,0.6,0.0,-0.5809809809809809,,,,,,,,,,,,,,,,,
prompt_fidelity,,,,,,,,,,,,,,,NLPI[llama3.1:8b|P1],1,llama3.1:8b,P1,,,,,,,,,,,,,1.0,projected,TLT,,,,0.6,0.6,,,SPY,0.0,0.01904761904761904,0.0,-0.5809523809523809,0.0,0.0,,,,,,,,,,
prompt_fidelity,,,,,,,,,,,,,,,NLPI[llama3.1:8b|P1],1,llama3.1:8b,P1,,,,,,,,,,,,,1.0,raw,TLT,SPY,0.0,0.019019019019019017,0.6,0.6,0.0,-0.5809809809809809,,,,,,,,,,,,,,,,,
prompt_fidelity,,,,,,,,,,,,,,,NLPI[llama3.1:8b|P1],1,llama3.1:8b,P1,,,,,,,,,,,,,1.0,projected,TLT,,,,0.6,0.6,,,SPY,0.0,0.01904761904761904,0.0,-0.5809523809523809,0.0,0.0,,,,,,,,,,
prompt_fidelity,,,,,,,,,,,,,,,NLPI[llama3.1:8b|P1],1,llama3.1:8b,P1,,,,,,,,,,,,,1.0,raw,TLT,SPY,0.0,0.019019019019019017,0.6,0.6,0.0,-0.5809809809809809,,,,,,,,,,,,,,,,,
prompt_fidelity,,,,,,,,,,,,,,,NLPI[llama3.1:8b|P1],1,llama3.1:8b,P1,,,,,,,,,,,,,1.0,projected,TLT,,,,0.6,0.6,,,SPY,0.0,0.01904761904761904,0.0,-0.5809523809523809,0.0,0.0,,,,,,,,,,
prompt_fidelity,,,,,,,,,,,,,,,NLPI[llama3.1:8b|P1],1,llama3.1:8b,P1,,,,,,,,,,,,,1.0,raw,TLT,SPY,0.0,0.019019019019019017,0.6,0.6,0.0,-0.5809809809809809,,,,,,,,,,,,,,,,,
prompt_fidelity,,,,,,,,,,,,,,,NLPI[llama3.1:8b|P1],1,llama3.1:8b,P1,,,,,,,,,,,,,1.0,projected,TLT,,,,0.6,0.6,,,SPY,0.0,0.01904761904761904,0.0,-0.5809523809523809,0.0,0.0,,,,,,,,,,
prompt_fidelity,,,,,,,,,,,,,,,NLPI[llama3.1:8b|P1],1,llama3.1:8b,P1,,,,,,,,,,,,,1.0,raw,QQQ,SPY,0.0,0.01951139531068732,0.6,0.6,0.0,-0.5804886046893126,,,,,,,,,,,,,,,,,
prompt_fidelity,,,,,,,,,,,,,,,NLPI[llama3.1:8b|P1],1,llama3.1:8b,P1,,,,,,,,,,,,,1.0,projected,QQQ,,,,0.6,0.6,,,SPY,0.0,0.01951139531068731,0.0,-0.5804886046893126,0.0,0.0,,,,,,,,,,
prompt_fidelity,,,,,,,,,,,,,,,NLPI[llama3.1:8b|P1],1,llama3.1:8b,P1,,,,,,,,,,,,,1.0,raw,VNQ,SPY,0.0,0.01951139531068732,0.6,0.6,0.0,-0.5804886046893126,,,,,,,,,,,,,,,,,
prompt_fidelity,,,,,,,,,,,,,,,NLPI[llama3.1:8b|P1],1,llama3.1:8b,P1,,,,,,,,,,,,,1.0,projected,VNQ,,,,0.6,0.6,,,SPY,0.0,0.01951139531068731,0.0,-0.5804886046893126,0.0,0.0,,,,,,,,,,
prompt_fidelity,,,,,,,,,,,,,,,NLPI[llama3.1:8b|P1],1,llama3.1:8b,P1,,,,,,,,,,,,,1.0,raw,IWM,IWM,1.0,0.6,0.6,0.6,1.0,0.0,,,,,,,,,,,,,,,,,
prompt_fidelity,,,,,,,,,,,,,,,NLPI[llama3.1:8b|P1],1,llama3.1:8b,P1,,,,,,,,,,,,,1.0,projected,IWM,,,,0.6,0.6,,,IWM,1.0,0.6,1.0,0.0,0.0,0.0,,,,,,,,,,
prompt_fidelity,,,,,,,,,,,,,,,NLPI[llama3.1:8b|P1],1,llama3.1:8b,P1,,,,,,,,,,,,,1.0,raw,IWM,IWM,1.0,0.6122448979591837,0.6,0.6,1.0,0.01224489795918371,,,,,,,,,,,,,,,,,
prompt_fidelity,,,,,,,,,,,,,,,NLPI[llama3.1:8b|P1],1,llama3.1:8b,P1,,,,,,,,,,,,,1.0,projected,IWM,,,,0.6,0.6,,,IWM,1.0,0.6,1.0,0.0,0.0,0.0,,,,,,,,,,
prompt_fidelity,,,,,,,,,,,,,,,NLPI[llama3.1:8b|P1],1,llama3.1:8b,P1,,,,,,,,,,,,,1.0,raw,EFA,SPY,0.0,0.019019019019019017,0.6,0.6,0.0,-0.5809809809809809,,,,,,,,,,,,,,,,,
prompt_fidelity,,,,,,,,,,,,,,,NLPI[llama3.1:8b|P1],1,llama3.1:8b,P1,,,,,,,,,,,,,1.0,projected,EFA,,,,0.6,0.6,,,SPY,0.0,0.01904761904761904,0.0,-0.5809523809523809,0.0,0.0,,,,,,,,,,
prompt_fidelity,,,,,,,,,,,,,,,NLPI[llama3.1:8b|P1],1,llama3.1:8b,P1,,,,,,,,,,,,,1.0,raw,IWM,IWM,1.0,0.6,0.6,0.6,1.0,0.0,,,,,,,,,,,,,,,,,
prompt_fidelity,,,,,,,,,,,,,,,NLPI[llama3.1:8b|P1],1,llama3.1:8b,P1,,,,,,,,,,,,,1.0,projected,IWM,,,,0.6,0.6,,,IWM,1.0,0.6,1.0,0.0,0.0,0.0,,,,,,,,,,
prompt_fidelity,,,,,,,,,,,,,,,NLPI[llama3.1:8b|P1],1,llama3.1:8b,P1,,,,,,,,,,,,,1.0,raw,IWM,IWM,1.0,0.6,0.6,0.6,1.0,0.0,,,,,,,,,,,,,,,,,
prompt_fidelity,,,,,,,,,,,,,,,NLPI[llama3.1:8b|P1],1,llama3.1:8b,P1,,,,,,,,,,,,,1.0,projected,IWM,,,,0.6,0.6,,,IWM,1.0,0.6,1.0,0.0,0.0,0.0,,,,,,,,,,
prompt_fidelity,,,,,,,,,,,,,,,NLPI[llama3.1:8b|P1],1,llama3.1:8b,P1,,,,,,,,,,,,,1.0,raw,IWM,IWM,1.0,0.6,0.6,0.6,1.0,0.0,,,,,,,,,,,,,,,,,
prompt_fidelity,,,,,,,,,,,,,,,NLPI[llama3.1:8b|P1],1,llama3.1:8b,P1,,,,,,,,,,,,,1.0,projected,IWM,,,,0.6,0.6,,,IWM,1.0,0.6,1.0,0.0,0.0,0.0,,,,,,,,,,
prompt_fidelity,,,,,,,,,,,,,,,NLPI[llama3.1:8b|P2],1,llama3.1:8b,P2,,,,,,,,,,,,,2.0,raw,BIL,BIL,1.0,0.6006006006006006,0.6,0.6,1.0,0.0006006006006006315,,,,,,,,,,,,,,,,,
prompt_fidelity,,,,,,,,,,,,,,,NLPI[llama3.1:8b|P2],1,llama3.1:8b,P2,,,,,,,,,,,,,2.0,projected,BIL,,,,0.6,0.6,,,BIL,1.0,0.6,1.0,0.0,0.0,0.0,,,,,,,,,,
prompt_fidelity,,,,,,,,,,,,,,,NLPI[llama3.1:8b|P2],1,llama3.1:8b,P2,,,,,,,,,,,,,2.0,raw,BIL,BIL,1.0,0.6006006006006006,0.6,0.6,1.0,0.0006006006006006315,,,,,,,,,,,,,,,,,
prompt_fidelity,,,,,,,,,,,,,,,NLPI[llama3.1:8b|P2],1,llama3.1:8b,P2,,,,,,,,,,,,,2.0,projected,BIL,,,,0.6,0.6,,,BIL,1.0,0.6,1.0,0.0,0.0,0.0,,,,,,,,,,
prompt_fidelity,,,,,,,,,,,,,,,NLPI[llama3.1:8b|P2],1,llama3.1:8b,P2,,,,,,,,,,,,,2.0,raw,BIL,BIL,1.0,0.6006006006006006,0.6,0.6,1.0,0.0006006006006006315,,,,,,,,,,,,,,,,,
prompt_fidelity,,,,,,,,,,,,,,,NLPI[llama3.1:8b|P2],1,llama3.1:8b,P2,,,,,,,,,,,,,2.0,projected,BIL,,,,0.6,0.6,,,BIL,1.0,0.6,1.0,0.0,0.0,0.0,,,,,,,,,,
prompt_fidelity,,,,,,,,,,,,,,,NLPI[llama3.1:8b|P2],1,llama3.1:8b,P2,,,,,,,,,,,,,2.0,raw,BIL,BIL,1.0,0.6006006006006006,0.6,0.6,1.0,0.0006006006006006315,,,,,,,,,,,,,,,,,
prompt_fidelity,,,,,,,,,,,,,,,NLPI[llama3.1:8b|P2],1,llama3.1:8b,P2,,,,,,,,,,,,,2.0,projected,BIL,,,,0.6,0.6,,,BIL,1.0,0.6,1.0,0.0,0.0,0.0,,,,,,,,,,
prompt_fidelity,,,,,,,,,,,,,,,NLPI[llama3.1:8b|P2],1,llama3.1:8b,P2,,,,,,,,,,,,,2.0,raw,BIL,BIL,1.0,0.6006006006006006,0.6,0.6,1.0,0.0006006006006006315,,,,,,,,,,,,,,,,,
prompt_fidelity,,,,,,,,,,,,,,,NLPI[llama3.1:8b|P2],1,llama3.1:8b,P2,,,,,,,,,,,,,2.0,projected,BIL,,,,0.6,0.6,,,BIL,1.0,0.6,1.0,0.0,0.0,0.0,,,,,,,,,,
prompt_fidelity,,,,,,,,,,,,,,,NLPI[llama3.1:8b|P2],1,llama3.1:8b,P2,,,,,,,,,,,,,2.0,raw,BIL,BIL,1.0,0.6006006006006006,0.6,0.6,1.0,0.0006006006006006315,,,,,,,,,,,,,,,,,
prompt_fidelity,,,,,,,,,,,,,,,NLPI[llama3.1:8b|P2],1,llama3.1:8b,P2,,,,,,,,,,,,,2.0,projected,BIL,,,,0.6,0.6,,,BIL,1.0,0.6,1.0,0.0,0.0,0.0,,,,,,,,,,
prompt_fidelity,,,,,,,,,,,,,,,NLPI[llama3.1:8b|P2],1,llama3.1:8b,P2,,,,,,,,,,,,,2.0,raw,BIL,BIL,1.0,0.6006006006006006,0.6,0.6,1.0,0.0006006006006006315,,,,,,,,,,,,,,,,,
prompt_fidelity,,,,,,,,,,,,,,,NLPI[llama3.1:8b|P2],1,llama3.1:8b,P2,,,,,,,,,,,,,2.0,projected,BIL,,,,0.6,0.6,,,BIL,1.0,0.6,1.0,0.0,0.0,0.0,,,,,,,,,,
prompt_fidelity,,,,,,,,,,,,,,,NLPI[llama3.1:8b|P2],1,llama3.1:8b,P2,,,,,,,,,,,,,2.0,raw,BIL,BIL,1.0,0.6006006006006006,0.6,0.6,1.0,0.0006006006006006315,,,,,,,,,,,,,,,,,
prompt_fidelity,,,,,,,,,,,,,,,NLPI[llama3.1:8b|P2],1,llama3.1:8b,P2,,,,,,,,,,,,,2.0,projected,BIL,,,,0.6,0.6,,,BIL,1.0,0.6,1.0,0.0,0.0,0.0,,,,,,,,,,
prompt_fidelity,,,,,,,,,,,,,,,NLPI[llama3.1:8b|P2],1,llama3.1:8b,P2,,,,,,,,,,,,,2.0,raw,BIL,BIL,1.0,0.6006006006006006,0.6,0.6,1.0,0.0006006006006006315,,,,,,,,,,,,,,,,,
prompt_fidelity,,,,,,,,,,,,,,,NLPI[llama3.1:8b|P2],1,llama3.1:8b,P2,,,,,,,,,,,,,2.0,projected,BIL,,,,0.6,0.6,,,BIL,1.0,0.6,1.0,0.0,0.0,0.0,,,,,,,,,,
prompt_fidelity,,,,,,,,,,,,,,,NLPI[llama3.1:8b|P2],1,llama3.1:8b,P2,,,,,,,,,,,,,2.0,raw,BIL,BIL,1.0,0.6006006006006006,0.6,0.6,1.0,0.0006006006006006315,,,,,,,,,,,,,,,,,
prompt_fidelity,,,,,,,,,,,,,,,NLPI[llama3.1:8b|P2],1,llama3.1:8b,P2,,,,,,,,,,,,,2.0,projected,BIL,,,,0.6,0.6,,,BIL,1.0,0.6,1.0,0.0,0.0,0.0,,,,,,,,,,
prompt_fidelity,,,,,,,,,,,,,,,NLPI[llama3.1:8b|P2],1,llama3.1:8b,P2,,,,,,,,,,,,,2.0,raw,BIL,BIL,1.0,0.6006006006006006,0.6,0.6,1.0,0.0006006006006006315,,,,,,,,,,,,,,,,,
prompt_fidelity,,,,,,,,,,,,,,,NLPI[llama3.1:8b|P2],1,llama3.1:8b,P2,,,,,,,,,,,,,2.0,projected,BIL,,,,0.6,0.6,,,BIL,1.0,0.6,1.0,0.0,0.0,0.0,,,,,,,,,,
prompt_fidelity,,,,,,,,,,,,,,,NLPI[llama3.1:8b|P2],1,llama3.1:8b,P2,,,,,,,,,,,,,2.0,raw,BIL,BIL,1.0,0.6006006006006006,0.6,0.6,1.0,0.0006006006006006315,,,,,,,,,,,,,,,,,
prompt_fidelity,,,,,,,,,,,,,,,NLPI[llama3.1:8b|P2],1,llama3.1:8b,P2,,,,,,,,,,,,,2.0,projected,BIL,,,,0.6,0.6,,,BIL,1.0,0.6,1.0,0.0,0.0,0.0,,,,,,,,,,
prompt_fidelity,,,,,,,,,,,,,,,NLPI[llama3.1:8b|P2],1,llama3.1:8b,P2,,,,,,,,,,,,,2.0,raw,BIL,BIL,1.0,0.6006006006006006,0.6,0.6,1.0,0.0006006006006006315,,,,,,,,,,,,,,,,,
prompt_fidelity,,,,,,,,,,,,,,,NLPI[llama3.1:8b|P2],1,llama3.1:8b,P2,,,,,,,,,,,,,2.0,projected,BIL,,,,0.6,0.6,,,BIL,1.0,0.6,1.0,0.0,0.0,0.0,,,,,,,,,,
prompt_fidelity,,,,,,,,,,,,,,,NLPI[llama3.1:8b|P2],1,llama3.1:8b,P2,,,,,,,,,,,,,2.0,raw,BIL,BIL,1.0,0.6006006006006006,0.6,0.6,1.0,0.0006006006006006315,,,,,,,,,,,,,,,,,
prompt_fidelity,,,,,,,,,,,,,,,NLPI[llama3.1:8b|P2],1,llama3.1:8b,P2,,,,,,,,,,,,,2.0,projected,BIL,,,,0.6,0.6,,,BIL,1.0,0.6,1.0,0.0,0.0,0.0,,,,,,,,,,
prompt_fidelity,,,,,,,,,,,,,,,NLPI[llama3.1:8b|P2],1,llama3.1:8b,P2,,,,,,,,,,,,,2.0,raw,BIL,BIL,1.0,0.6006006006006006,0.6,0.6,1.0,0.0006006006006006315,,,,,,,,,,,,,,,,,
prompt_fidelity,,,,,,,,,,,,,,,NLPI[llama3.1:8b|P2],1,llama3.1:8b,P2,,,,,,,,,,,,,2.0,projected,BIL,,,,0.6,0.6,,,BIL,1.0,0.6,1.0,0.0,0.0,0.0,,,,,,,,,,
prompt_fidelity,,,,,,,,,,,,,,,NLPI[llama3.1:8b|P2],1,llama3.1:8b,P2,,,,,,,,,,,,,2.0,raw,BIL,BIL,1.0,0.6006006006006006,0.6,0.6,1.0,0.0006006006006006315,,,,,,,,,,,,,,,,,
prompt_fidelity,,,,,,,,,,,,,,,NLPI[llama3.1:8b|P2],1,llama3.1:8b,P2,,,,,,,,,,,,,2.0,projected,BIL,,,,0.6,0.6,,,BIL,1.0,0.6,1.0,0.0,0.0,0.0,,,,,,,,,,
prompt_fidelity,,,,,,,,,,,,,,,NLPI[llama3.1:8b|P2],1,llama3.1:8b,P2,,,,,,,,,,,,,2.0,raw,BIL,BIL,1.0,0.6006006006006006,0.6,0.6,1.0,0.0006006006006006315,,,,,,,,,,,,,,,,,
prompt_fidelity,,,,,,,,,,,,,,,NLPI[llama3.1:8b|P2],1,llama3.1:8b,P2,,,,,,,,,,,,,2.0,projected,BIL,,,,0.6,0.6,,,BIL,1.0,0.6,1.0,0.0,0.0,0.0,,,,,,,,,,
prompt_fidelity,,,,,,,,,,,,,,,NLPI[llama3.1:8b|P2],1,llama3.1:8b,P2,,,,,,,,,,,,,2.0,raw,BIL,BIL,1.0,0.6006006006006006,0.6,0.6,1.0,0.0006006006006006315,,,,,,,,,,,,,,,,,
prompt_fidelity,,,,,,,,,,,,,,,NLPI[llama3.1:8b|P2],1,llama3.1:8b,P2,,,,,,,,,,,,,2.0,projected,BIL,,,,0.6,0.6,,,BIL,1.0,0.6,1.0,0.0,0.0,0.0,,,,,,,,,,
prompt_fidelity,,,,,,,,,,,,,,,NLPI[llama3.1:8b|P3],1,llama3.1:8b,P3,,,,,,,,,,,,,3.0,raw,TLT,DBC,0.0,0.019019019019019017,0.6,0.6,0.0,-0.5809809809809809,,,,,,,,,,,,,,,,,
prompt_fidelity,,,,,,,,,,,,,,,NLPI[llama3.1:8b|P3],1,llama3.1:8b,P3,,,,,,,,,,,,,3.0,projected,TLT,,,,0.6,0.6,,,DBC,0.0,0.019047619047619053,0.0,-0.5809523809523809,0.0,0.0,,,,,,,,,,
prompt_fidelity,,,,,,,,,,,,,,,NLPI[llama3.1:8b|P3],1,llama3.1:8b,P3,,,,,,,,,,,,,3.0,raw,UUP,DBC,0.0,0.019019019019019017,0.6,0.6,0.0,-0.5809809809809809,,,,,,,,,,,,,,,,,
prompt_fidelity,,,,,,,,,,,,,,,NLPI[llama3.1:8b|P3],1,llama3.1:8b,P3,,,,,,,,,,,,,3.0,projected,UUP,,,,0.6,0.6,,,DBC,0.0,0.019047619047619053,0.0,-0.5809523809523809,0.0,0.0,,,,,,,,,,
prompt_fidelity,,,,,,,,,,,,,,,NLPI[llama3.1:8b|P3],1,llama3.1:8b,P3,,,,,,,,,,,,,3.0,raw,UUP,DBC,0.0,0.019019019019019017,0.6,0.6,0.0,-0.5809809809809809,,,,,,,,,,,,,,,,,
prompt_fidelity,,,,,,,,,,,,,,,NLPI[llama3.1:8b|P3],1,llama3.1:8b,P3,,,,,,,,,,,,,3.0,projected,UUP,,,,0.6,0.6,,,DBC,0.0,0.019047619047619053,0.0,-0.5809523809523809,0.0,0.0,,,,,,,,,,
prompt_fidelity,,,,,,,,,,,,,,,NLPI[llama3.1:8b|P3],1,llama3.1:8b,P3,,,,,,,,,,,,,3.0,raw,SLV,DBC,0.0,0.019019019019019017,0.6,0.6,0.0,-0.5809809809809809,,,,,,,,,,,,,,,,,
prompt_fidelity,,,,,,,,,,,,,,,NLPI[llama3.1:8b|P3],1,llama3.1:8b,P3,,,,,,,,,,,,,3.0,projected,SLV,,,,0.6,0.6,,,DBC,0.0,0.019047619047619053,0.0,-0.5809523809523809,0.0,0.0,,,,,,,,,,
prompt_fidelity,,,,,,,,,,,,,,,NLPI[llama3.1:8b|P3],1,llama3.1:8b,P3,,,,,,,,,,,,,3.0,raw,IWM,DBC,0.0,0.019019019019019017,0.6,0.6,0.0,-0.5809809809809809,,,,,,,,,,,,,,,,,
prompt_fidelity,,,,,,,,,,,,,,,NLPI[llama3.1:8b|P3],1,llama3.1:8b,P3,,,,,,,,,,,,,3.0,projected,IWM,,,,0.6,0.6,,,DBC,0.0,0.019047619047619053,0.0,-0.5809523809523809,0.0,0.0,,,,,,,,,,
prompt_fidelity,,,,,,,,,,,,,,,NLPI[llama3.1:8b|P3],1,llama3.1:8b,P3,,,,,,,,,,,,,3.0,raw,SLV,DBC,0.0,0.019019019019019017,0.6,0.6,0.0,-0.5809809809809809,,,,,,,,,,,,,,,,,
prompt_fidelity,,,,,,,,,,,,,,,NLPI[llama3.1:8b|P3],1,llama3.1:8b,P3,,,,,,,,,,,,,3.0,projected,SLV,,,,0.6,0.6,,,DBC,0.0,0.019047619047619053,0.0,-0.5809523809523809,0.0,0.0,,,,,,,,,,
prompt_fidelity,,,,,,,,,,,,,,,NLPI[llama3.1:8b|P3],1,llama3.1:8b,P3,,,,,,,,,,,,,3.0,raw,GLD,DBC,0.0,0.019019019019019017,0.6,0.6,0.0,-0.5809809809809809,,,,,,,,,,,,,,,,,
prompt_fidelity,,,,,,,,,,,,,,,NLPI[llama3.1:8b|P3],1,llama3.1:8b,P3,,,,,,,,,,,,,3.0,projected,GLD,,,,0.6,0.6,,,DBC,0.0,0.019047619047619053,0.0,-0.5809523809523809,0.0,0.0,,,,,,,,,,
prompt_fidelity,,,,,,,,,,,,,,,NLPI[llama3.1:8b|P3],1,llama3.1:8b,P3,,,,,,,,,,,,,3.0,raw,GLD,DBC,0.0,0.019019019019019017,0.6,0.6,0.0,-0.5809809809809809,,,,,,,,,,,,,,,,,
prompt_fidelity,,,,,,,,,,,,,,,NLPI[llama3.1:8b|P3],1,llama3.1:8b,P3,,,,,,,,,,,,,3.0,projected,GLD,,,,0.6,0.6,,,DBC,0.0,0.019047619047619053,0.0,-0.5809523809523809,0.0,0.0,,,,,,,,,,
prompt_fidelity,,,,,,,,,,,,,,,NLPI[llama3.1:8b|P3],1,llama3.1:8b,P3,,,,,,,,,,,,,3.0,raw,SLV,DBC,0.0,0.019019019019019017,0.6,0.6,0.0,-0.5809809809809809,,,,,,,,,,,,,,,,,
prompt_fidelity,,,,,,,,,,,,,,,NLPI[llama3.1:8b|P3],1,llama3.1:8b,P3,,,,,,,,,,,,,3.0,projected,SLV,,,,0.6,0.6,,,DBC,0.0,0.019047619047619053,0.0,-0.5809523809523809,0.0,0.0,,,,,,,,,,
prompt_fidelity,,,,,,,,,,,,,,,NLPI[llama3.1:8b|P3],1,llama3.1:8b,P3,,,,,,,,,,,,,3.0,raw,SLV,DBC,0.0,0.019019019019019017,0.6,0.6,0.0,-0.5809809809809809,,,,,,,,,,,,,,,,,
prompt_fidelity,,,,,,,,,,,,,,,NLPI[llama3.1:8b|P3],1,llama3.1:8b,P3,,,,,,,,,,,,,3.0,projected,SLV,,,,0.6,0.6,,,DBC,0.0,0.019047619047619053,0.0,-0.5809523809523809,0.0,0.0,,,,,,,,,,
prompt_fidelity,,,,,,,,,,,,,,,NLPI[llama3.1:8b|P3],1,llama3.1:8b,P3,,,,,,,,,,,,,3.0,raw,UUP,DBC,0.0,0.019019019019019017,0.6,0.6,0.0,-0.5809809809809809,,,,,,,,,,,,,,,,,
prompt_fidelity,,,,,,,,,,,,,,,NLPI[llama3.1:8b|P3],1,llama3.1:8b,P3,,,,,,,,,,,,,3.0,projected,UUP,,,,0.6,0.6,,,DBC,0.0,0.019047619047619053,0.0,-0.5809523809523809,0.0,0.0,,,,,,,,,,
prompt_fidelity,,,,,,,,,,,,,,,NLPI[llama3.1:8b|P3],1,llama3.1:8b,P3,,,,,,,,,,,,,3.0,raw,TLT,DBC,0.0,0.019019019019019017,0.6,0.6,0.0,-0.5809809809809809,,,,,,,,,,,,,,,,,
prompt_fidelity,,,,,,,,,,,,,,,NLPI[llama3.1:8b|P3],1,llama3.1:8b,P3,,,,,,,,,,,,,3.0,projected,TLT,,,,0.6,0.6,,,DBC,0.0,0.019047619047619053,0.0,-0.5809523809523809,0.0,0.0,,,,,,,,,,
prompt_fidelity,,,,,,,,,,,,,,,NLPI[llama3.1:8b|P3],1,llama3.1:8b,P3,,,,,,,,,,,,,3.0,raw,SLV,DBC,0.0,0.019019019019019017,0.6,0.6,0.0,-0.5809809809809809,,,,,,,,,,,,,,,,,
prompt_fidelity,,,,,,,,,,,,,,,NLPI[llama3.1:8b|P3],1,llama3.1:8b,P3,,,,,,,,,,,,,3.0,projected,SLV,,,,0.6,0.6,,,DBC,0.0,0.019047619047619053,0.0,-0.5809523809523809,0.0,0.0,,,,,,,,,,
prompt_fidelity,,,,,,,,,,,,,,,NLPI[llama3.1:8b|P3],1,llama3.1:8b,P3,,,,,,,,,,,,,3.0,raw,SLV,DBC,0.0,0.019019019019019017,0.6,0.6,0.0,-0.5809809809809809,,,,,,,,,,,,,,,,,
prompt_fidelity,,,,,,,,,,,,,,,NLPI[llama3.1:8b|P3],1,llama3.1:8b,P3,,,,,,,,,,,,,3.0,projected,SLV,,,,0.6,0.6,,,DBC,0.0,0.019047619047619053,0.0,-0.5809523809523809,0.0,0.0,,,,,,,,,,
prompt_fidelity,,,,,,,,,,,,,,,NLPI[llama3.1:8b|P3],1,llama3.1:8b,P3,,,,,,,,,,,,,3.0,raw,SLV,DBC,0.0,0.019019019019019017,0.6,0.6,0.0,-0.5809809809809809,,,,,,,,,,,,,,,,,
prompt_fidelity,,,,,,,,,,,,,,,NLPI[llama3.1:8b|P3],1,llama3.1:8b,P3,,,,,,,,,,,,,3.0,projected,SLV,,,,0.6,0.6,,,DBC,0.0,0.019047619047619053,0.0,-0.5809523809523809,0.0,0.0,,,,,,,,,,
prompt_fidelity,,,,,,,,,,,,,,,NLPI[llama3.1:8b|P3],1,llama3.1:8b,P3,,,,,,,,,,,,,3.0,raw,SLV,DBC,0.0,0.019019019019019017,0.6,0.6,0.0,-0.5809809809809809,,,,,,,,,,,,,,,,,
prompt_fidelity,,,,,,,,,,,,,,,NLPI[llama3.1:8b|P3],1,llama3.1:8b,P3,,,,,,,,,,,,,3.0,projected,SLV,,,,0.6,0.6,,,DBC,0.0,0.019047619047619053,0.0,-0.5809523809523809,0.0,0.0,,,,,,,,,,
prompt_fidelity,,,,,,,,,,,,,,,NLPI[llama3.1:8b|P3],1,llama3.1:8b,P3,,,,,,,,,,,,,3.0,raw,TLT,DBC,0.0,0.019019019019019017,0.6,0.6,0.0,-0.5809809809809809,,,,,,,,,,,,,,,,,
prompt_fidelity,,,,,,,,,,,,,,,NLPI[llama3.1:8b|P3],1,llama3.1:8b,P3,,,,,,,,,,,,,3.0,projected,TLT,,,,0.6,0.6,,,DBC,0.0,0.019047619047619053,0.0,-0.5809523809523809,0.0,0.0,,,,,,,,,,
prompt_fidelity,,,,,,,,,,,,,,,NLPI[llama3.1:8b|P3],1,llama3.1:8b,P3,,,,,,,,,,,,,3.0,raw,UUP,DBC,0.0,0.019019019019019017,0.6,0.6,0.0,-0.5809809809809809,,,,,,,,,,,,,,,,,
prompt_fidelity,,,,,,,,,,,,,,,NLPI[llama3.1:8b|P3],1,llama3.1:8b,P3,,,,,,,,,,,,,3.0,projected,UUP,,,,0.6,0.6,,,DBC,0.0,0.019047619047619053,0.0,-0.5809523809523809,0.0,0.0,,,,,,,,,,
prompt_fidelity,,,,,,,,,,,,,,,NLPI[llama3.1:8b|P4],1,llama3.1:8b,P4,,,,,,,,,,,,,4.0,raw,,,,,,,,,,,,,,,,,,0.0,1.0,,,,,,
prompt_fidelity,,,,,,,,,,,,,,,NLPI[llama3.1:8b|P4],1,llama3.1:8b,P4,,,,,,,,,,,,,4.0,projected,,,,,,,,,,,,,,,,,,,,3.0531133177191805e-16,1.0,,,,
prompt_fidelity,,,,,,,,,,,,,,,NLPI[llama3.1:8b|P4],1,llama3.1:8b,P4,,,,,,,,,,,,,4.0,raw,,,,,,,,,,,,,,,,,,0.0,1.0,,,,,,
prompt_fidelity,,,,,,,,,,,,,,,NLPI[llama3.1:8b|P4],1,llama3.1:8b,P4,,,,,,,,,,,,,4.0,projected,,,,,,,,,,,,,,,,,,,,3.0531133177191805e-16,1.0,,,,
prompt_fidelity,,,,,,,,,,,,,,,NLPI[llama3.1:8b|P4],1,llama3.1:8b,P4,,,,,,,,,,,,,4.0,raw,,,,,,,,,,,,,,,,,,0.0,1.0,,,,,,
prompt_fidelity,,,,,,,,,,,,,,,NLPI[llama3.1:8b|P4],1,llama3.1:8b,P4,,,,,,,,,,,,,4.0,projected,,,,,,,,,,,,,,,,,,,,3.0531133177191805e-16,1.0,,,,
prompt_fidelity,,,,,,,,,,,,,,,NLPI[llama3.1:8b|P4],1,llama3.1:8b,P4,,,,,,,,,,,,,4.0,raw,,,,,,,,,,,,,,,,,,0.0,1.0,,,,,,
prompt_fidelity,,,,,,,,,,,,,,,NLPI[llama3.1:8b|P4],1,llama3.1:8b,P4,,,,,,,,,,,,,4.0,projected,,,,,,,,,,,,,,,,,,,,3.0531133177191805e-16,1.0,,,,
prompt_fidelity,,,,,,,,,,,,,,,NLPI[llama3.1:8b|P4],1,llama3.1:8b,P4,,,,,,,,,,,,,4.0,raw,,,,,,,,,,,,,,,,,,0.0,1.0,,,,,,
prompt_fidelity,,,,,,,,,,,,,,,NLPI[llama3.1:8b|P4],1,llama3.1:8b,P4,,,,,,,,,,,,,4.0,projected,,,,,,,,,,,,,,,,,,,,3.0531133177191805e-16,1.0,,,,
prompt_fidelity,,,,,,,,,,,,,,,NLPI[llama3.1:8b|P4],1,llama3.1:8b,P4,,,,,,,,,,,,,4.0,raw,,,,,,,,,,,,,,,,,,0.0,1.0,,,,,,
prompt_fidelity,,,,,,,,,,,,,,,NLPI[llama3.1:8b|P4],1,llama3.1:8b,P4,,,,,,,,,,,,,4.0,projected,,,,,,,,,,,,,,,,,,,,3.0531133177191805e-16,1.0,,,,
prompt_fidelity,,,,,,,,,,,,,,,NLPI[llama3.1:8b|P4],1,llama3.1:8b,P4,,,,,,,,,,,,,4.0,raw,,,,,,,,,,,,,,,,,,0.0,1.0,,,,,,
prompt_fidelity,,,,,,,,,,,,,,,NLPI[llama3.1:8b|P4],1,llama3.1:8b,P4,,,,,,,,,,,,,4.0,projected,,,,,,,,,,,,,,,,,,,,3.0531133177191805e-16,1.0,,,,
prompt_fidelity,,,,,,,,,,,,,,,NLPI[llama3.1:8b|P4],1,llama3.1:8b,P4,,,,,,,,,,,,,4.0,raw,,,,,,,,,,,,,,,,,,0.0,1.0,,,,,,
prompt_fidelity,,,,,,,,,,,,,,,NLPI[llama3.1:8b|P4],1,llama3.1:8b,P4,,,,,,,,,,,,,4.0,projected,,,,,,,,,,,,,,,,,,,,3.0531133177191805e-16,1.0,,,,
prompt_fidelity,,,,,,,,,,,,,,,NLPI[llama3.1:8b|P4],1,llama3.1:8b,P4,,,,,,,,,,,,,4.0,raw,,,,,,,,,,,,,,,,,,0.0,1.0,,,,,,
prompt_fidelity,,,,,,,,,,,,,,,NLPI[llama3.1:8b|P4],1,llama3.1:8b,P4,,,,,,,,,,,,,4.0,projected,,,,,,,,,,,,,,,,,,,,3.0531133177191805e-16,1.0,,,,
prompt_fidelity,,,,,,,,,,,,,,,NLPI[llama3.1:8b|P4],1,llama3.1:8b,P4,,,,,,,,,,,,,4.0,raw,,,,,,,,,,,,,,,,,,0.0,1.0,,,,,,
prompt_fidelity,,,,,,,,,,,,,,,NLPI[llama3.1:8b|P4],1,llama3.1:8b,P4,,,,,,,,,,,,,4.0,projected,,,,,,,,,,,,,,,,,,,,3.0531133177191805e-16,1.0,,,,
prompt_fidelity,,,,,,,,,,,,,,,NLPI[llama3.1:8b|P4],1,llama3.1:8b,P4,,,,,,,,,,,,,4.0,raw,,,,,,,,,,,,,,,,,,0.0,1.0,,,,,,
prompt_fidelity,,,,,,,,,,,,,,,NLPI[llama3.1:8b|P4],1,llama3.1:8b,P4,,,,,,,,,,,,,4.0,projected,,,,,,,,,,,,,,,,,,,,3.0531133177191805e-16,1.0,,,,
prompt_fidelity,,,,,,,,,,,,,,,NLPI[llama3.1:8b|P4],1,llama3.1:8b,P4,,,,,,,,,,,,,4.0,raw,,,,,,,,,,,,,,,,,,0.0,1.0,,,,,,
prompt_fidelity,,,,,,,,,,,,,,,NLPI[llama3.1:8b|P4],1,llama3.1:8b,P4,,,,,,,,,,,,,4.0,projected,,,,,,,,,,,,,,,,,,,,3.0531133177191805e-16,1.0,,,,
prompt_fidelity,,,,,,,,,,,,,,,NLPI[llama3.1:8b|P4],1,llama3.1:8b,P4,,,,,,,,,,,,,4.0,raw,,,,,,,,,,,,,,,,,,0.0,1.0,,,,,,
prompt_fidelity,,,,,,,,,,,,,,,NLPI[llama3.1:8b|P4],1,llama3.1:8b,P4,,,,,,,,,,,,,4.0,projected,,,,,,,,,,,,,,,,,,,,3.0531133177191805e-16,1.0,,,,
prompt_fidelity,,,,,,,,,,,,,,,NLPI[llama3.1:8b|P4],1,llama3.1:8b,P4,,,,,,,,,,,,,4.0,raw,,,,,,,,,,,,,,,,,,0.0,1.0,,,,,,
prompt_fidelity,,,,,,,,,,,,,,,NLPI[llama3.1:8b|P4],1,llama3.1:8b,P4,,,,,,,,,,,,,4.0,projected,,,,,,,,,,,,,,,,,,,,3.0531133177191805e-16,1.0,,,,
prompt_fidelity,,,,,,,,,,,,,,,NLPI[llama3.1:8b|P4],1,llama3.1:8b,P4,,,,,,,,,,,,,4.0,raw,,,,,,,,,,,,,,,,,,0.0,1.0,,,,,,
prompt_fidelity,,,,,,,,,,,,,,,NLPI[llama3.1:8b|P4],1,llama3.1:8b,P4,,,,,,,,,,,,,4.0,projected,,,,,,,,,,,,,,,,,,,,3.0531133177191805e-16,1.0,,,,
prompt_fidelity,,,,,,,,,,,,,,,NLPI[llama3.1:8b|P4],1,llama3.1:8b,P4,,,,,,,,,,,,,4.0,raw,,,,,,,,,,,,,,,,,,0.0,1.0,,,,,,
prompt_fidelity,,,,,,,,,,,,,,,NLPI[llama3.1:8b|P4],1,llama3.1:8b,P4,,,,,,,,,,,,,4.0,projected,,,,,,,,,,,,,,,,,,,,3.0531133177191805e-16,1.0,,,,
prompt_fidelity,,,,,,,,,,,,,,,NLPI[llama3.1:8b|P4],1,llama3.1:8b,P4,,,,,,,,,,,,,4.0,raw,,,,,,,,,,,,,,,,,,0.0,1.0,,,,,,
prompt_fidelity,,,,,,,,,,,,,,,NLPI[llama3.1:8b|P4],1,llama3.1:8b,P4,,,,,,,,,,,,,4.0,projected,,,,,,,,,,,,,,,,,,,,3.0531133177191805e-16,1.0,,,,
prompt_fidelity,,,,,,,,,,,,,,,NLPI[llama3.1:8b|P4],1,llama3.1:8b,P4,,,,,,,,,,,,,4.0,raw,,,,,,,,,,,,,,,,,,0.0,1.0,,,,,,
prompt_fidelity,,,,,,,,,,,,,,,NLPI[llama3.1:8b|P4],1,llama3.1:8b,P4,,,,,,,,,,,,,4.0,projected,,,,,,,,,,,,,,,,,,,,3.0531133177191805e-16,1.0,,,,
prompt_fidelity,,,,,,,,,,,,,,,NLPI[llama3.1:8b|P5],1,llama3.1:8b,P5,,,,,,,,,,,,,5.0,raw,,,,,,,,,,,,,,,,,,,,,,0.045454545454545456,1.0,,
prompt_fidelity,,,,,,,,,,,,,,,NLPI[llama3.1:8b|P5],1,llama3.1:8b,P5,,,,,,,,,,,,,5.0,projected,,,,,,,,,,,,,,,,,,,,,,,,0.04545454545454548,1.0
prompt_fidelity,,,,,,,,,,,,,,,NLPI[llama3.1:8b|P5],1,llama3.1:8b,P5,,,,,,,,,,,,,5.0,raw,,,,,,,,,,,,,,,,,,,,,,0.045454545454545456,1.0,,
prompt_fidelity,,,,,,,,,,,,,,,NLPI[llama3.1:8b|P5],1,llama3.1:8b,P5,,,,,,,,,,,,,5.0,projected,,,,,,,,,,,,,,,,,,,,,,,,0.04545454545454548,1.0
prompt_fidelity,,,,,,,,,,,,,,,NLPI[llama3.1:8b|P5],1,llama3.1:8b,P5,,,,,,,,,,,,,5.0,raw,,,,,,,,,,,,,,,,,,,,,,0.045454545454545456,1.0,,
prompt_fidelity,,,,,,,,,,,,,,,NLPI[llama3.1:8b|P5],1,llama3.1:8b,P5,,,,,,,,,,,,,5.0,projected,,,,,,,,,,,,,,,,,,,,,,,,0.04545454545454548,1.0
prompt_fidelity,,,,,,,,,,,,,,,NLPI[llama3.1:8b|P5],1,llama3.1:8b,P5,,,,,,,,,,,,,5.0,raw,,,,,,,,,,,,,,,,,,,,,,0.045454545454545456,1.0,,
prompt_fidelity,,,,,,,,,,,,,,,NLPI[llama3.1:8b|P5],1,llama3.1:8b,P5,,,,,,,,,,,,,5.0,projected,,,,,,,,,,,,,,,,,,,,,,,,0.04545454545454548,1.0
prompt_fidelity,,,,,,,,,,,,,,,NLPI[llama3.1:8b|P5],1,llama3.1:8b,P5,,,,,,,,,,,,,5.0,raw,,,,,,,,,,,,,,,,,,,,,,0.045454545454545456,1.0,,
prompt_fidelity,,,,,,,,,,,,,,,NLPI[llama3.1:8b|P5],1,llama3.1:8b,P5,,,,,,,,,,,,,5.0,projected,,,,,,,,,,,,,,,,,,,,,,,,0.04545454545454548,1.0
prompt_fidelity,,,,,,,,,,,,,,,NLPI[llama3.1:8b|P5],1,llama3.1:8b,P5,,,,,,,,,,,,,5.0,raw,,,,,,,,,,,,,,,,,,,,,,0.045454545454545456,1.0,,
prompt_fidelity,,,,,,,,,,,,,,,NLPI[llama3.1:8b|P5],1,llama3.1:8b,P5,,,,,,,,,,,,,5.0,projected,,,,,,,,,,,,,,,,,,,,,,,,0.04545454545454548,1.0
prompt_fidelity,,,,,,,,,,,,,,,NLPI[llama3.1:8b|P5],1,llama3.1:8b,P5,,,,,,,,,,,,,5.0,raw,,,,,,,,,,,,,,,,,,,,,,0.045454545454545456,1.0,,
prompt_fidelity,,,,,,,,,,,,,,,NLPI[llama3.1:8b|P5],1,llama3.1:8b,P5,,,,,,,,,,,,,5.0,projected,,,,,,,,,,,,,,,,,,,,,,,,0.04545454545454548,1.0
prompt_fidelity,,,,,,,,,,,,,,,NLPI[llama3.1:8b|P5],1,llama3.1:8b,P5,,,,,,,,,,,,,5.0,raw,,,,,,,,,,,,,,,,,,,,,,0.045454545454545456,1.0,,
prompt_fidelity,,,,,,,,,,,,,,,NLPI[llama3.1:8b|P5],1,llama3.1:8b,P5,,,,,,,,,,,,,5.0,projected,,,,,,,,,,,,,,,,,,,,,,,,0.04545454545454548,1.0
prompt_fidelity,,,,,,,,,,,,,,,NLPI[llama3.1:8b|P5],1,llama3.1:8b,P5,,,,,,,,,,,,,5.0,raw,,,,,,,,,,,,,,,,,,,,,,0.045454545454545456,1.0,,
prompt_fidelity,,,,,,,,,,,,,,,NLPI[llama3.1:8b|P5],1,llama3.1:8b,P5,,,,,,,,,,,,,5.0,projected,,,,,,,,,,,,,,,,,,,,,,,,0.04545454545454548,1.0
prompt_fidelity,,,,,,,,,,,,,,,NLPI[llama3.1:8b|P5],1,llama3.1:8b,P5,,,,,,,,,,,,,5.0,raw,,,,,,,,,,,,,,,,,,,,,,0.045454545454545456,1.0,,
prompt_fidelity,,,,,,,,,,,,,,,NLPI[llama3.1:8b|P5],1,llama3.1:8b,P5,,,,,,,,,,,,,5.0,projected,,,,,,,,,,,,,,,,,,,,,,,,0.04545454545454548,1.0
prompt_fidelity,,,,,,,,,,,,,,,NLPI[llama3.1:8b|P5],1,llama3.1:8b,P5,,,,,,,,,,,,,5.0,raw,,,,,,,,,,,,,,,,,,,,,,0.045454545454545456,1.0,,
prompt_fidelity,,,,,,,,,,,,,,,NLPI[llama3.1:8b|P5],1,llama3.1:8b,P5,,,,,,,,,,,,,5.0,projected,,,,,,,,,,,,,,,,,,,,,,,,0.04545454545454548,1.0
prompt_fidelity,,,,,,,,,,,,,,,NLPI[llama3.1:8b|P5],1,llama3.1:8b,P5,,,,,,,,,,,,,5.0,raw,,,,,,,,,,,,,,,,,,,,,,0.045454545454545456,1.0,,
prompt_fidelity,,,,,,,,,,,,,,,NLPI[llama3.1:8b|P5],1,llama3.1:8b,P5,,,,,,,,,,,,,5.0,projected,,,,,,,,,,,,,,,,,,,,,,,,0.04545454545454548,1.0
prompt_fidelity,,,,,,,,,,,,,,,NLPI[llama3.1:8b|P5],1,llama3.1:8b,P5,,,,,,,,,,,,,5.0,raw,,,,,,,,,,,,,,,,,,,,,,0.045454545454545456,1.0,,
prompt_fidelity,,,,,,,,,,,,,,,NLPI[llama3.1:8b|P5],1,llama3.1:8b,P5,,,,,,,,,,,,,5.0,projected,,,,,,,,,,,,,,,,,,,,,,,,0.04545454545454548,1.0
prompt_fidelity,,,,,,,,,,,,,,,NLPI[llama3.1:8b|P5],1,llama3.1:8b,P5,,,,,,,,,,,,,5.0,raw,,,,,,,,,,,,,,,,,,,,,,0.045454545454545456,1.0,,
prompt_fidelity,,,,,,,,,,,,,,,NLPI[llama3.1:8b|P5],1,llama3.1:8b,P5,,,,,,,,,,,,,5.0,projected,,,,,,,,,,,,,,,,,,,,,,,,0.04545454545454548,1.0
prompt_fidelity,,,,,,,,,,,,,,,NLPI[llama3.1:8b|P5],1,llama3.1:8b,P5,,,,,,,,,,,,,5.0,raw,,,,,,,,,,,,,,,,,,,,,,0.045454545454545456,1.0,,
prompt_fidelity,,,,,,,,,,,,,,,NLPI[llama3.1:8b|P5],1,llama3.1:8b,P5,,,,,,,,,,,,,5.0,projected,,,,,,,,,,,,,,,,,,,,,,,,0.04545454545454548,1.0
prompt_fidelity,,,,,,,,,,,,,,,NLPI[llama3.1:8b|P5],1,llama3.1:8b,P5,,,,,,,,,,,,,5.0,raw,,,,,,,,,,,,,,,,,,,,,,0.045454545454545456,1.0,,
prompt_fidelity,,,,,,,,,,,,,,,NLPI[llama3.1:8b|P5],1,llama3.1:8b,P5,,,,,,,,,,,,,5.0,projected,,,,,,,,,,,,,,,,,,,,,,,,0.04545454545454548,1.0
prompt_fidelity,,,,,,,,,,,,,,,NLPI[llama3.1:8b|P5],1,llama3.1:8b,P5,,,,,,,,,,,,,5.0,raw,,,,,,,,,,,,,,,,,,,,,,0.045454545454545456,1.0,,
prompt_fidelity,,,,,,,,,,,,,,,NLPI[llama3.1:8b|P5],1,llama3.1:8b,P5,,,,,,,,,,,,,5.0,projected,,,,,,,,,,,,,,,,,,,,,,,,0.04545454545454548,1.0
prompt_fidelity,,,,,,,,,,,,,,,NLPI[llama3.1:8b|P5],1,llama3.1:8b,P5,,,,,,,,,,,,,5.0,raw,,,,,,,,,,,,,,,,,,,,,,0.045454545454545456,1.0,,
prompt_fidelity,,,,,,,,,,,,,,,NLPI[llama3.1:8b|P5],1,llama3.1:8b,P5,,,,,,,,,,,,,5.0,projected,,,,,,,,,,,,,,,,,,,,,,,,0.04545454545454548,1.0
prompt_fidelity,,,,,,,,,,,,,,,NLPI[gemma3:270m|P1],1,gemma3:270m,P1,,,,,,,,,,,,,1.0,raw,SLV,SPY,0.0,0.019019019019019017,0.6,0.6,0.0,-0.5809809809809809,,,,,,,,,,,,,,,,,
prompt_fidelity,,,,,,,,,,,,,,,NLPI[gemma3:270m|P1],1,gemma3:270m,P1,,,,,,,,,,,,,1.0,projected,SLV,,,,0.6,0.6,,,SPY,0.0,0.01904761904761904,0.0,-0.5809523809523809,0.0,0.0,,,,,,,,,,
prompt_fidelity,,,,,,,,,,,,,,,NLPI[gemma3:270m|P1],1,gemma3:270m,P1,,,,,,,,,,,,,1.0,raw,SLV,SPY,0.0,0.019019019019019017,0.6,0.6,0.0,-0.5809809809809809,,,,,,,,,,,,,,,,,
prompt_fidelity,,,,,,,,,,,,,,,NLPI[gemma3:270m|P1],1,gemma3:270m,P1,,,,,,,,,,,,,1.0,projected,SLV,,,,0.6,0.6,,,SPY,0.0,0.01904761904761904,0.0,-0.5809523809523809,0.0,0.0,,,,,,,,,,
prompt_fidelity,,,,,,,,,,,,,,,NLPI[gemma3:270m|P1],1,gemma3:270m,P1,,,,,,,,,,,,,1.0,raw,SLV,SPY,0.0,0.019019019019019017,0.6,0.6,0.0,-0.5809809809809809,,,,,,,,,,,,,,,,,
prompt_fidelity,,,,,,,,,,,,,,,NLPI[gemma3:270m|P1],1,gemma3:270m,P1,,,,,,,,,,,,,1.0,projected,SLV,,,,0.6,0.6,,,SPY,0.0,0.01904761904761904,0.0,-0.5809523809523809,0.0,0.0,,,,,,,,,,
prompt_fidelity,,,,,,,,,,,,,,,NLPI[gemma3:270m|P1],1,gemma3:270m,P1,,,,,,,,,,,,,1.0,raw,SLV,SPY,0.0,0.019019019019019017,0.6,0.6,0.0,-0.5809809809809809,,,,,,,,,,,,,,,,,
prompt_fidelity,,,,,,,,,,,,,,,NLPI[gemma3:270m|P1],1,gemma3:270m,P1,,,,,,,,,,,,,1.0,projected,SLV,,,,0.6,0.6,,,SPY,0.0,0.01904761904761904,0.0,-0.5809523809523809,0.0,0.0,,,,,,,,,,
prompt_fidelity,,,,,,,,,,,,,,,NLPI[gemma3:270m|P1],1,gemma3:270m,P1,,,,,,,,,,,,,1.0,raw,SLV,SPY,0.0,0.019019019019019017,0.6,0.6,0.0,-0.5809809809809809,,,,,,,,,,,,,,,,,
prompt_fidelity,,,,,,,,,,,,,,,NLPI[gemma3:270m|P1],1,gemma3:270m,P1,,,,,,,,,,,,,1.0,projected,SLV,,,,0.6,0.6,,,SPY,0.0,0.01904761904761904,0.0,-0.5809523809523809,0.0,0.0,,,,,,,,,,
prompt_fidelity,,,,,,,,,,,,,,,NLPI[gemma3:270m|P1],1,gemma3:270m,P1,,,,,,,,,,,,,1.0,raw,SLV,SPY,0.0,0.019019019019019017,0.6,0.6,0.0,-0.5809809809809809,,,,,,,,,,,,,,,,,
prompt_fidelity,,,,,,,,,,,,,,,NLPI[gemma3:270m|P1],1,gemma3:270m,P1,,,,,,,,,,,,,1.0,projected,SLV,,,,0.6,0.6,,,SPY,0.0,0.01904761904761904,0.0,-0.5809523809523809,0.0,0.0,,,,,,,,,,
prompt_fidelity,,,,,,,,,,,,,,,NLPI[gemma3:270m|P1],1,gemma3:270m,P1,,,,,,,,,,,,,1.0,raw,TLT,SPY,0.0,0.019019019019019017,0.6,0.6,0.0,-0.5809809809809809,,,,,,,,,,,,,,,,,
prompt_fidelity,,,,,,,,,,,,,,,NLPI[gemma3:270m|P1],1,gemma3:270m,P1,,,,,,,,,,,,,1.0,projected,TLT,,,,0.6,0.6,,,SPY,0.0,0.01904761904761904,0.0,-0.5809523809523809,0.0,0.0,,,,,,,,,,
prompt_fidelity,,,,,,,,,,,,,,,NLPI[gemma3:270m|P1],1,gemma3:270m,P1,,,,,,,,,,,,,1.0,raw,TLT,SPY,0.0,0.019019019019019017,0.6,0.6,0.0,-0.5809809809809809,,,,,,,,,,,,,,,,,
prompt_fidelity,,,,,,,,,,,,,,,NLPI[gemma3:270m|P1],1,gemma3:270m,P1,,,,,,,,,,,,,1.0,projected,TLT,,,,0.6,0.6,,,SPY,0.0,0.01904761904761904,0.0,-0.5809523809523809,0.0,0.0,,,,,,,,,,
prompt_fidelity,,,,,,,,,,,,,,,NLPI[gemma3:270m|P1],1,gemma3:270m,P1,,,,,,,,,,,,,1.0,raw,TLT,SPY,0.0,0.019019019019019017,0.6,0.6,0.0,-0.5809809809809809,,,,,,,,,,,,,,,,,
prompt_fidelity,,,,,,,,,,,,,,,NLPI[gemma3:270m|P1],1,gemma3:270m,P1,,,,,,,,,,,,,1.0,projected,TLT,,,,0.6,0.6,,,SPY,0.0,0.01904761904761904,0.0,-0.5809523809523809,0.0,0.0,,,,,,,,,,
prompt_fidelity,,,,,,,,,,,,,,,NLPI[gemma3:270m|P1],1,gemma3:270m,P1,,,,,,,,,,,,,1.0,raw,TLT,SPY,0.0,0.019019019019019017,0.6,0.6,0.0,-0.5809809809809809,,,,,,,,,,,,,,,,,
prompt_fidelity,,,,,,,,,,,,,,,NLPI[gemma3:270m|P1],1,gemma3:270m,P1,,,,,,,,,,,,,1.0,projected,TLT,,,,0.6,0.6,,,SPY,0.0,0.01904761904761904,0.0,-0.5809523809523809,0.0,0.0,,,,,,,,,,
prompt_fidelity,,,,,,,,,,,,,,,NLPI[gemma3:270m|P1],1,gemma3:270m,P1,,,,,,,,,,,,,1.0,raw,QQQ,SPY,0.0,0.019019019019019017,0.6,0.6,0.0,-0.5809809809809809,,,,,,,,,,,,,,,,,
prompt_fidelity,,,,,,,,,,,,,,,NLPI[gemma3:270m|P1],1,gemma3:270m,P1,,,,,,,,,,,,,1.0,projected,QQQ,,,,0.6,0.6,,,SPY,0.0,0.01904761904761904,0.0,-0.5809523809523809,0.0,0.0,,,,,,,,,,
prompt_fidelity,,,,,,,,,,,,,,,NLPI[gemma3:270m|P1],1,gemma3:270m,P1,,,,,,,,,,,,,1.0,raw,VNQ,SPY,0.0,0.019019019019019017,0.6,0.6,0.0,-0.5809809809809809,,,,,,,,,,,,,,,,,
prompt_fidelity,,,,,,,,,,,,,,,NLPI[gemma3:270m|P1],1,gemma3:270m,P1,,,,,,,,,,,,,1.0,projected,VNQ,,,,0.6,0.6,,,SPY,0.0,0.01904761904761904,0.0,-0.5809523809523809,0.0,0.0,,,,,,,,,,
prompt_fidelity,,,,,,,,,,,,,,,NLPI[gemma3:270m|P1],1,gemma3:270m,P1,,,,,,,,,,,,,1.0,raw,IWM,SPY,0.0,0.019019019019019017,0.6,0.6,0.0,-0.5809809809809809,,,,,,,,,,,,,,,,,
prompt_fidelity,,,,,,,,,,,,,,,NLPI[gemma3:270m|P1],1,gemma3:270m,P1,,,,,,,,,,,,,1.0,projected,IWM,,,,0.6,0.6,,,SPY,0.0,0.01904761904761904,0.0,-0.5809523809523809,0.0,0.0,,,,,,,,,,
prompt_fidelity,,,,,,,,,,,,,,,NLPI[gemma3:270m|P1],1,gemma3:270m,P1,,,,,,,,,,,,,1.0,raw,IWM,SPY,0.0,0.019019019019019017,0.6,0.6,0.0,-0.5809809809809809,,,,,,,,,,,,,,,,,
prompt_fidelity,,,,,,,,,,,,,,,NLPI[gemma3:270m|P1],1,gemma3:270m,P1,,,,,,,,,,,,,1.0,projected,IWM,,,,0.6,0.6,,,SPY,0.0,0.01904761904761904,0.0,-0.5809523809523809,0.0,0.0,,,,,,,,,,
prompt_fidelity,,,,,,,,,,,,,,,NLPI[gemma3:270m|P1],1,gemma3:270m,P1,,,,,,,,,,,,,1.0,raw,EFA,SPY,0.0,0.019019019019019017,0.6,0.6,0.0,-0.5809809809809809,,,,,,,,,,,,,,,,,
prompt_fidelity,,,,,,,,,,,,,,,NLPI[gemma3:270m|P1],1,gemma3:270m,P1,,,,,,,,,,,,,1.0,projected,EFA,,,,0.6,0.6,,,SPY,0.0,0.01904761904761904,0.0,-0.5809523809523809,0.0,0.0,,,,,,,,,,
prompt_fidelity,,,,,,,,,,,,,,,NLPI[gemma3:270m|P1],1,gemma3:270m,P1,,,,,,,,,,,,,1.0,raw,IWM,SPY,0.0,0.019019019019019017,0.6,0.6,0.0,-0.5809809809809809,,,,,,,,,,,,,,,,,
prompt_fidelity,,,,,,,,,,,,,,,NLPI[gemma3:270m|P1],1,gemma3:270m,P1,,,,,,,,,,,,,1.0,projected,IWM,,,,0.6,0.6,,,SPY,0.0,0.01904761904761904,0.0,-0.5809523809523809,0.0,0.0,,,,,,,,,,
prompt_fidelity,,,,,,,,,,,,,,,NLPI[gemma3:270m|P1],1,gemma3:270m,P1,,,,,,,,,,,,,1.0,raw,IWM,SPY,0.0,0.019019019019019017,0.6,0.6,0.0,-0.5809809809809809,,,,,,,,,,,,,,,,,
prompt_fidelity,,,,,,,,,,,,,,,NLPI[gemma3:270m|P1],1,gemma3:270m,P1,,,,,,,,,,,,,1.0,projected,IWM,,,,0.6,0.6,,,SPY,0.0,0.01904761904761904,0.0,-0.5809523809523809,0.0,0.0,,,,,,,,,,
prompt_fidelity,,,,,,,,,,,,,,,NLPI[gemma3:270m|P1],1,gemma3:270m,P1,,,,,,,,,,,,,1.0,raw,IWM,SPY,0.0,0.019019019019019017,0.6,0.6,0.0,-0.5809809809809809,,,,,,,,,,,,,,,,,
prompt_fidelity,,,,,,,,,,,,,,,NLPI[gemma3:270m|P1],1,gemma3:270m,P1,,,,,,,,,,,,,1.0,projected,IWM,,,,0.6,0.6,,,SPY,0.0,0.01904761904761904,0.0,-0.5809523809523809,0.0,0.0,,,,,,,,,,
prompt_fidelity,,,,,,,,,,,,,,,NLPI[gemma3:270m|P2],1,gemma3:270m,P2,,,,,,,,,,,,,2.0,raw,BIL,BIL,1.0,0.6006006006006006,0.6,0.6,1.0,0.0006006006006006315,,,,,,,,,,,,,,,,,
prompt_fidelity,,,,,,,,,,,,,,,NLPI[gemma3:270m|P2],1,gemma3:270m,P2,,,,,,,,,,,,,2.0,projected,BIL,,,,0.6,0.6,,,BIL,1.0,0.6,1.0,0.0,0.0,0.0,,,,,,,,,,
prompt_fidelity,,,,,,,,,,,,,,,NLPI[gemma3:270m|P2],1,gemma3:270m,P2,,,,,,,,,,,,,2.0,raw,BIL,BIL,1.0,0.6006006006006006,0.6,0.6,1.0,0.0006006006006006315,,,,,,,,,,,,,,,,,
prompt_fidelity,,,,,,,,,,,,,,,NLPI[gemma3:270m|P2],1,gemma3:270m,P2,,,,,,,,,,,,,2.0,projected,BIL,,,,0.6,0.6,,,BIL,1.0,0.6,1.0,0.0,0.0,0.0,,,,,,,,,,
prompt_fidelity,,,,,,,,,,,,,,,NLPI[gemma3:270m|P2],1,gemma3:270m,P2,,,,,,,,,,,,,2.0,raw,BIL,BIL,1.0,0.6006006006006006,0.6,0.6,1.0,0.0006006006006006315,,,,,,,,,,,,,,,,,
prompt_fidelity,,,,,,,,,,,,,,,NLPI[gemma3:270m|P2],1,gemma3:270m,P2,,,,,,,,,,,,,2.0,projected,BIL,,,,0.6,0.6,,,BIL,1.0,0.6,1.0,0.0,0.0,0.0,,,,,,,,,,
prompt_fidelity,,,,,,,,,,,,,,,NLPI[gemma3:270m|P2],1,gemma3:270m,P2,,,,,,,,,,,,,2.0,raw,BIL,BIL,1.0,0.6006006006006006,0.6,0.6,1.0,0.0006006006006006315,,,,,,,,,,,,,,,,,
prompt_fidelity,,,,,,,,,,,,,,,NLPI[gemma3:270m|P2],1,gemma3:270m,P2,,,,,,,,,,,,,2.0,projected,BIL,,,,0.6,0.6,,,BIL,1.0,0.6,1.0,0.0,0.0,0.0,,,,,,,,,,
prompt_fidelity,,,,,,,,,,,,,,,NLPI[gemma3:270m|P2],1,gemma3:270m,P2,,,,,,,,,,,,,2.0,raw,BIL,BIL,1.0,0.6006006006006006,0.6,0.6,1.0,0.0006006006006006315,,,,,,,,,,,,,,,,,
prompt_fidelity,,,,,,,,,,,,,,,NLPI[gemma3:270m|P2],1,gemma3:270m,P2,,,,,,,,,,,,,2.0,projected,BIL,,,,0.6,0.6,,,BIL,1.0,0.6,1.0,0.0,0.0,0.0,,,,,,,,,,
prompt_fidelity,,,,,,,,,,,,,,,NLPI[gemma3:270m|P2],1,gemma3:270m,P2,,,,,,,,,,,,,2.0,raw,BIL,BIL,1.0,0.6006006006006006,0.6,0.6,1.0,0.0006006006006006315,,,,,,,,,,,,,,,,,
prompt_fidelity,,,,,,,,,,,,,,,NLPI[gemma3:270m|P2],1,gemma3:270m,P2,,,,,,,,,,,,,2.0,projected,BIL,,,,0.6,0.6,,,BIL,1.0,0.6,1.0,0.0,0.0,0.0,,,,,,,,,,
prompt_fidelity,,,,,,,,,,,,,,,NLPI[gemma3:270m|P2],1,gemma3:270m,P2,,,,,,,,,,,,,2.0,raw,BIL,BIL,1.0,0.6006006006006006,0.6,0.6,1.0,0.0006006006006006315,,,,,,,,,,,,,,,,,
prompt_fidelity,,,,,,,,,,,,,,,NLPI[gemma3:270m|P2],1,gemma3:270m,P2,,,,,,,,,,,,,2.0,projected,BIL,,,,0.6,0.6,,,BIL,1.0,0.6,1.0,0.0,0.0,0.0,,,,,,,,,,
prompt_fidelity,,,,,,,,,,,,,,,NLPI[gemma3:270m|P2],1,gemma3:270m,P2,,,,,,,,,,,,,2.0,raw,BIL,BIL,1.0,0.6006006006006006,0.6,0.6,1.0,0.0006006006006006315,,,,,,,,,,,,,,,,,
prompt_fidelity,,,,,,,,,,,,,,,NLPI[gemma3:270m|P2],1,gemma3:270m,P2,,,,,,,,,,,,,2.0,projected,BIL,,,,0.6,0.6,,,BIL,1.0,0.6,1.0,0.0,0.0,0.0,,,,,,,,,,
prompt_fidelity,,,,,,,,,,,,,,,NLPI[gemma3:270m|P2],1,gemma3:270m,P2,,,,,,,,,,,,,2.0,raw,BIL,BIL,1.0,0.6006006006006006,0.6,0.6,1.0,0.0006006006006006315,,,,,,,,,,,,,,,,,
prompt_fidelity,,,,,,,,,,,,,,,NLPI[gemma3:270m|P2],1,gemma3:270m,P2,,,,,,,,,,,,,2.0,projected,BIL,,,,0.6,0.6,,,BIL,1.0,0.6,1.0,0.0,0.0,0.0,,,,,,,,,,
prompt_fidelity,,,,,,,,,,,,,,,NLPI[gemma3:270m|P2],1,gemma3:270m,P2,,,,,,,,,,,,,2.0,raw,BIL,BIL,1.0,0.6006006006006006,0.6,0.6,1.0,0.0006006006006006315,,,,,,,,,,,,,,,,,
prompt_fidelity,,,,,,,,,,,,,,,NLPI[gemma3:270m|P2],1,gemma3:270m,P2,,,,,,,,,,,,,2.0,projected,BIL,,,,0.6,0.6,,,BIL,1.0,0.6,1.0,0.0,0.0,0.0,,,,,,,,,,
prompt_fidelity,,,,,,,,,,,,,,,NLPI[gemma3:270m|P2],1,gemma3:270m,P2,,,,,,,,,,,,,2.0,raw,BIL,BIL,1.0,0.6006006006006006,0.6,0.6,1.0,0.0006006006006006315,,,,,,,,,,,,,,,,,
prompt_fidelity,,,,,,,,,,,,,,,NLPI[gemma3:270m|P2],1,gemma3:270m,P2,,,,,,,,,,,,,2.0,projected,BIL,,,,0.6,0.6,,,BIL,1.0,0.6,1.0,0.0,0.0,0.0,,,,,,,,,,
prompt_fidelity,,,,,,,,,,,,,,,NLPI[gemma3:270m|P2],1,gemma3:270m,P2,,,,,,,,,,,,,2.0,raw,BIL,BIL,1.0,0.6006006006006006,0.6,0.6,1.0,0.0006006006006006315,,,,,,,,,,,,,,,,,
prompt_fidelity,,,,,,,,,,,,,,,NLPI[gemma3:270m|P2],1,gemma3:270m,P2,,,,,,,,,,,,,2.0,projected,BIL,,,,0.6,0.6,,,BIL,1.0,0.6,1.0,0.0,0.0,0.0,,,,,,,,,,
prompt_fidelity,,,,,,,,,,,,,,,NLPI[gemma3:270m|P2],1,gemma3:270m,P2,,,,,,,,,,,,,2.0,raw,BIL,BIL,1.0,0.6006006006006006,0.6,0.6,1.0,0.0006006006006006315,,,,,,,,,,,,,,,,,
prompt_fidelity,,,,,,,,,,,,,,,NLPI[gemma3:270m|P2],1,gemma3:270m,P2,,,,,,,,,,,,,2.0,projected,BIL,,,,0.6,0.6,,,BIL,1.0,0.6,1.0,0.0,0.0,0.0,,,,,,,,,,
prompt_fidelity,,,,,,,,,,,,,,,NLPI[gemma3:270m|P2],1,gemma3:270m,P2,,,,,,,,,,,,,2.0,raw,BIL,BIL,1.0,0.6006006006006006,0.6,0.6,1.0,0.0006006006006006315,,,,,,,,,,,,,,,,,
prompt_fidelity,,,,,,,,,,,,,,,NLPI[gemma3:270m|P2],1,gemma3:270m,P2,,,,,,,,,,,,,2.0,projected,BIL,,,,0.6,0.6,,,BIL,1.0,0.6,1.0,0.0,0.0,0.0,,,,,,,,,,
prompt_fidelity,,,,,,,,,,,,,,,NLPI[gemma3:270m|P2],1,gemma3:270m,P2,,,,,,,,,,,,,2.0,raw,BIL,BIL,1.0,0.6006006006006006,0.6,0.6,1.0,0.0006006006006006315,,,,,,,,,,,,,,,,,
prompt_fidelity,,,,,,,,,,,,,,,NLPI[gemma3:270m|P2],1,gemma3:270m,P2,,,,,,,,,,,,,2.0,projected,BIL,,,,0.6,0.6,,,BIL,1.0,0.6,1.0,0.0,0.0,0.0,,,,,,,,,,
prompt_fidelity,,,,,,,,,,,,,,,NLPI[gemma3:270m|P2],1,gemma3:270m,P2,,,,,,,,,,,,,2.0,raw,BIL,BIL,1.0,0.6006006006006006,0.6,0.6,1.0,0.0006006006006006315,,,,,,,,,,,,,,,,,
prompt_fidelity,,,,,,,,,,,,,,,NLPI[gemma3:270m|P2],1,gemma3:270m,P2,,,,,,,,,,,,,2.0,projected,BIL,,,,0.6,0.6,,,BIL,1.0,0.6,1.0,0.0,0.0,0.0,,,,,,,,,,
prompt_fidelity,,,,,,,,,,,,,,,NLPI[gemma3:270m|P2],1,gemma3:270m,P2,,,,,,,,,,,,,2.0,raw,BIL,BIL,1.0,0.6006006006006006,0.6,0.6,1.0,0.0006006006006006315,,,,,,,,,,,,,,,,,
prompt_fidelity,,,,,,,,,,,,,,,NLPI[gemma3:270m|P2],1,gemma3:270m,P2,,,,,,,,,,,,,2.0,projected,BIL,,,,0.6,0.6,,,BIL,1.0,0.6,1.0,0.0,0.0,0.0,,,,,,,,,,
prompt_fidelity,,,,,,,,,,,,,,,NLPI[gemma3:270m|P2],1,gemma3:270m,P2,,,,,,,,,,,,,2.0,raw,BIL,BIL,1.0,0.6006006006006006,0.6,0.6,1.0,0.0006006006006006315,,,,,,,,,,,,,,,,,
prompt_fidelity,,,,,,,,,,,,,,,NLPI[gemma3:270m|P2],1,gemma3:270m,P2,,,,,,,,,,,,,2.0,projected,BIL,,,,0.6,0.6,,,BIL,1.0,0.6,1.0,0.0,0.0,0.0,,,,,,,,,,
prompt_fidelity,,,,,,,,,,,,,,,NLPI[gemma3:270m|P3],1,gemma3:270m,P3,,,,,,,,,,,,,3.0,raw,TLT,TLT,1.0,0.379746835443038,0.6,0.6,0.0,-0.22025316455696198,,,,,,,,,,,,,,,,,
prompt_fidelity,,,,,,,,,,,,,,,NLPI[gemma3:270m|P3],1,gemma3:270m,P3,,,,,,,,,,,,,3.0,projected,TLT,,,,0.6,0.6,,,TLT,1.0,0.3797468354430379,0.0,-0.2202531645569621,0.0,0.0,,,,,,,,,,
prompt_fidelity,,,,,,,,,,,,,,,NLPI[gemma3:270m|P3],1,gemma3:270m,P3,,,,,,,,,,,,,3.0,raw,UUP,TLT,0.0,0.379746835443038,0.6,0.6,0.0,-0.22025316455696198,,,,,,,,,,,,,,,,,
prompt_fidelity,,,,,,,,,,,,,,,NLPI[gemma3:270m|P3],1,gemma3:270m,P3,,,,,,,,,,,,,3.0,projected,UUP,,,,0.6,0.6,,,TLT,0.0,0.3797468354430379,0.0,-0.2202531645569621,0.0,0.0,,,,,,,,,,
prompt_fidelity,,,,,,,,,,,,,,,NLPI[gemma3:270m|P3],1,gemma3:270m,P3,,,,,,,,,,,,,3.0,raw,UUP,TLT,0.0,0.379746835443038,0.6,0.6,0.0,-0.22025316455696198,,,,,,,,,,,,,,,,,
prompt_fidelity,,,,,,,,,,,,,,,NLPI[gemma3:270m|P3],1,gemma3:270m,P3,,,,,,,,,,,,,3.0,projected,UUP,,,,0.6,0.6,,,TLT,0.0,0.3797468354430379,0.0,-0.2202531645569621,0.0,0.0,,,,,,,,,,
prompt_fidelity,,,,,,,,,,,,,,,NLPI[gemma3:270m|P3],1,gemma3:270m,P3,,,,,,,,,,,,,3.0,raw,SLV,TLT,0.0,0.012025316455696204,0.6,0.6,0.0,-0.5879746835443038,,,,,,,,,,,,,,,,,
prompt_fidelity,,,,,,,,,,,,,,,NLPI[gemma3:270m|P3],1,gemma3:270m,P3,,,,,,,,,,,,,3.0,projected,SLV,,,,0.6,0.6,,,TLT,0.0,0.012025316455696206,0.0,-0.5879746835443038,0.0,0.0,,,,,,,,,,
prompt_fidelity,,,,,,,,,,,,,,,NLPI[gemma3:270m|P3],1,gemma3:270m,P3,,,,,,,,,,,,,3.0,raw,IWM,TLT,0.0,0.012025316455696204,0.6,0.6,0.0,-0.5879746835443038,,,,,,,,,,,,,,,,,
prompt_fidelity,,,,,,,,,,,,,,,NLPI[gemma3:270m|P3],1,gemma3:270m,P3,,,,,,,,,,,,,3.0,projected,IWM,,,,0.6,0.6,,,TLT,0.0,0.012025316455696206,0.0,-0.5879746835443038,0.0,0.0,,,,,,,,,,
prompt_fidelity,,,,,,,,,,,,,,,NLPI[gemma3:270m|P3],1,gemma3:270m,P3,,,,,,,,,,,,,3.0,raw,SLV,TLT,0.0,0.012025316455696204,0.6,0.6,0.0,-0.5879746835443038,,,,,,,,,,,,,,,,,
prompt_fidelity,,,,,,,,,,,,,,,NLPI[gemma3:270m|P3],1,gemma3:270m,P3,,,,,,,,,,,,,3.0,projected,SLV,,,,0.6,0.6,,,TLT,0.0,0.012025316455696206,0.0,-0.5879746835443038,0.0,0.0,,,,,,,,,,
prompt_fidelity,,,,,,,,,,,,,,,NLPI[gemma3:270m|P3],1,gemma3:270m,P3,,,,,,,,,,,,,3.0,raw,GLD,TLT,0.0,0.012025316455696204,0.6,0.6,0.0,-0.5879746835443038,,,,,,,,,,,,,,,,,
prompt_fidelity,,,,,,,,,,,,,,,NLPI[gemma3:270m|P3],1,gemma3:270m,P3,,,,,,,,,,,,,3.0,projected,GLD,,,,0.6,0.6,,,TLT,0.0,0.012025316455696206,0.0,-0.5879746835443038,0.0,0.0,,,,,,,,,,
prompt_fidelity,,,,,,,,,,,,,,,NLPI[gemma3:270m|P3],1,gemma3:270m,P3,,,,,,,,,,,,,3.0,raw,GLD,TLT,0.0,0.012025316455696204,0.6,0.6,0.0,-0.5879746835443038,,,,,,,,,,,,,,,,,
prompt_fidelity,,,,,,,,,,,,,,,NLPI[gemma3:270m|P3],1,gemma3:270m,P3,,,,,,,,,,,,,3.0,projected,GLD,,,,0.6,0.6,,,TLT,0.0,0.012025316455696206,0.0,-0.5879746835443038,0.0,0.0,,,,,,,,,,
prompt_fidelity,,,,,,,,,,,,,,,NLPI[gemma3:270m|P3],1,gemma3:270m,P3,,,,,,,,,,,,,3.0,raw,SLV,TLT,0.0,0.012025316455696204,0.6,0.6,0.0,-0.5879746835443038,,,,,,,,,,,,,,,,,
prompt_fidelity,,,,,,,,,,,,,,,NLPI[gemma3:270m|P3],1,gemma3:270m,P3,,,,,,,,,,,,,3.0,projected,SLV,,,,0.6,0.6,,,TLT,0.0,0.012025316455696206,0.0,-0.5879746835443038,0.0,0.0,,,,,,,,,,
prompt_fidelity,,,,,,,,,,,,,,,NLPI[gemma3:270m|P3],1,gemma3:270m,P3,,,,,,,,,,,,,3.0,raw,SLV,TLT,0.0,0.012025316455696204,0.6,0.6,0.0,-0.5879746835443038,,,,,,,,,,,,,,,,,
prompt_fidelity,,,,,,,,,,,,,,,NLPI[gemma3:270m|P3],1,gemma3:270m,P3,,,,,,,,,,,,,3.0,projected,SLV,,,,0.6,0.6,,,TLT,0.0,0.012025316455696206,0.0,-0.5879746835443038,0.0,0.0,,,,,,,,,,
prompt_fidelity,,,,,,,,,,,,,,,NLPI[gemma3:270m|P3],1,gemma3:270m,P3,,,,,,,,,,,,,3.0,raw,UUP,TLT,0.0,0.379746835443038,0.6,0.6,0.0,-0.22025316455696198,,,,,,,,,,,,,,,,,
prompt_fidelity,,,,,,,,,,,,,,,NLPI[gemma3:270m|P3],1,gemma3:270m,P3,,,,,,,,,,,,,3.0,projected,UUP,,,,0.6,0.6,,,TLT,0.0,0.3797468354430379,0.0,-0.2202531645569621,0.0,0.0,,,,,,,,,,
prompt_fidelity,,,,,,,,,,,,,,,NLPI[gemma3:270m|P3],1,gemma3:270m,P3,,,,,,,,,,,,,3.0,raw,TLT,TLT,1.0,0.379746835443038,0.6,0.6,0.0,-0.22025316455696198,,,,,,,,,,,,,,,,,
prompt_fidelity,,,,,,,,,,,,,,,NLPI[gemma3:270m|P3],1,gemma3:270m,P3,,,,,,,,,,,,,3.0,projected,TLT,,,,0.6,0.6,,,TLT,1.0,0.3797468354430379,0.0,-0.2202531645569621,0.0,0.0,,,,,,,,,,
prompt_fidelity,,,,,,,,,,,,,,,NLPI[gemma3:270m|P3],1,gemma3:270m,P3,,,,,,,,,,,,,3.0,raw,SLV,TLT,0.0,0.012025316455696204,0.6,0.6,0.0,-0.5879746835443038,,,,,,,,,,,,,,,,,
prompt_fidelity,,,,,,,,,,,,,,,NLPI[gemma3:270m|P3],1,gemma3:270m,P3,,,,,,,,,,,,,3.0,projected,SLV,,,,0.6,0.6,,,TLT,0.0,0.012025316455696206,0.0,-0.5879746835443038,0.0,0.0,,,,,,,,,,
prompt_fidelity,,,,,,,,,,,,,,,NLPI[gemma3:270m|P3],1,gemma3:270m,P3,,,,,,,,,,,,,3.0,raw,SLV,TLT,0.0,0.012025316455696204,0.6,0.6,0.0,-0.5879746835443038,,,,,,,,,,,,,,,,,
prompt_fidelity,,,,,,,,,,,,,,,NLPI[gemma3:270m|P3],1,gemma3:270m,P3,,,,,,,,,,,,,3.0,projected,SLV,,,,0.6,0.6,,,TLT,0.0,0.012025316455696206,0.0,-0.5879746835443038,0.0,0.0,,,,,,,,,,
prompt_fidelity,,,,,,,,,,,,,,,NLPI[gemma3:270m|P3],1,gemma3:270m,P3,,,,,,,,,,,,,3.0,raw,SLV,TLT,0.0,0.012025316455696204,0.6,0.6,0.0,-0.5879746835443038,,,,,,,,,,,,,,,,,
prompt_fidelity,,,,,,,,,,,,,,,NLPI[gemma3:270m|P3],1,gemma3:270m,P3,,,,,,,,,,,,,3.0,projected,SLV,,,,0.6,0.6,,,TLT,0.0,0.012025316455696206,0.0,-0.5879746835443038,0.0,0.0,,,,,,,,,,
prompt_fidelity,,,,,,,,,,,,,,,NLPI[gemma3:270m|P3],1,gemma3:270m,P3,,,,,,,,,,,,,3.0,raw,SLV,TLT,0.0,0.012025316455696204,0.6,0.6,0.0,-0.5879746835443038,,,,,,,,,,,,,,,,,
prompt_fidelity,,,,,,,,,,,,,,,NLPI[gemma3:270m|P3],1,gemma3:270m,P3,,,,,,,,,,,,,3.0,projected,SLV,,,,0.6,0.6,,,TLT,0.0,0.012025316455696206,0.0,-0.5879746835443038,0.0,0.0,,,,,,,,,,
prompt_fidelity,,,,,,,,,,,,,,,NLPI[gemma3:270m|P3],1,gemma3:270m,P3,,,,,,,,,,,,,3.0,raw,TLT,TLT,1.0,0.379746835443038,0.6,0.6,0.0,-0.22025316455696198,,,,,,,,,,,,,,,,,
prompt_fidelity,,,,,,,,,,,,,,,NLPI[gemma3:270m|P3],1,gemma3:270m,P3,,,,,,,,,,,,,3.0,projected,TLT,,,,0.6,0.6,,,TLT,1.0,0.3797468354430379,0.0,-0.2202531645569621,0.0,0.0,,,,,,,,,,
prompt_fidelity,,,,,,,,,,,,,,,NLPI[gemma3:270m|P3],1,gemma3:270m,P3,,,,,,,,,,,,,3.0,raw,UUP,TLT,0.0,0.379746835443038,0.6,0.6,0.0,-0.22025316455696198,,,,,,,,,,,,,,,,,
prompt_fidelity,,,,,,,,,,,,,,,NLPI[gemma3:270m|P3],1,gemma3:270m,P3,,,,,,,,,,,,,3.0,projected,UUP,,,,0.6,0.6,,,TLT,0.0,0.3797468354430379,0.0,-0.2202531645569621,0.0,0.0,,,,,,,,,,
prompt_fidelity,,,,,,,,,,,,,,,NLPI[gemma3:270m|P4],1,gemma3:270m,P4,,,,,,,,,,,,,4.0,raw,,,,,,,,,,,,,,,,,,0.0,1.0,,,,,,
prompt_fidelity,,,,,,,,,,,,,,,NLPI[gemma3:270m|P4],1,gemma3:270m,P4,,,,,,,,,,,,,4.0,projected,,,,,,,,,,,,,,,,,,,,3.0531133177191805e-16,1.0,,,,
prompt_fidelity,,,,,,,,,,,,,,,NLPI[gemma3:270m|P4],1,gemma3:270m,P4,,,,,,,,,,,,,4.0,raw,,,,,,,,,,,,,,,,,,0.0,1.0,,,,,,
prompt_fidelity,,,,,,,,,,,,,,,NLPI[gemma3:270m|P4],1,gemma3:270m,P4,,,,,,,,,,,,,4.0,projected,,,,,,,,,,,,,,,,,,,,3.0531133177191805e-16,1.0,,,,
prompt_fidelity,,,,,,,,,,,,,,,NLPI[gemma3:270m|P4],1,gemma3:270m,P4,,,,,,,,,,,,,4.0,raw,,,,,,,,,,,,,,,,,,0.0,1.0,,,,,,
prompt_fidelity,,,,,,,,,,,,,,,NLPI[gemma3:270m|P4],1,gemma3:270m,P4,,,,,,,,,,,,,4.0,projected,,,,,,,,,,,,,,,,,,,,3.0531133177191805e-16,1.0,,,,
prompt_fidelity,,,,,,,,,,,,,,,NLPI[gemma3:270m|P4],1,gemma3:270m,P4,,,,,,,,,,,,,4.0,raw,,,,,,,,,,,,,,,,,,0.0,1.0,,,,,,
prompt_fidelity,,,,,,,,,,,,,,,NLPI[gemma3:270m|P4],1,gemma3:270m,P4,,,,,,,,,,,,,4.0,projected,,,,,,,,,,,,,,,,,,,,3.0531133177191805e-16,1.0,,,,
prompt_fidelity,,,,,,,,,,,,,,,NLPI[gemma3:270m|P4],1,gemma3:270m,P4,,,,,,,,,,,,,4.0,raw,,,,,,,,,,,,,,,,,,0.0,1.0,,,,,,
prompt_fidelity,,,,,,,,,,,,,,,NLPI[gemma3:270m|P4],1,gemma3:270m,P4,,,,,,,,,,,,,4.0,projected,,,,,,,,,,,,,,,,,,,,3.0531133177191805e-16,1.0,,,,
prompt_fidelity,,,,,,,,,,,,,,,NLPI[gemma3:270m|P4],1,gemma3:270m,P4,,,,,,,,,,,,,4.0,raw,,,,,,,,,,,,,,,,,,0.0,1.0,,,,,,
prompt_fidelity,,,,,,,,,,,,,,,NLPI[gemma3:270m|P4],1,gemma3:270m,P4,,,,,,,,,,,,,4.0,projected,,,,,,,,,,,,,,,,,,,,3.0531133177191805e-16,1.0,,,,
prompt_fidelity,,,,,,,,,,,,,,,NLPI[gemma3:270m|P4],1,gemma3:270m,P4,,,,,,,,,,,,,4.0,raw,,,,,,,,,,,,,,,,,,0.0,1.0,,,,,,
prompt_fidelity,,,,,,,,,,,,,,,NLPI[gemma3:270m|P4],1,gemma3:270m,P4,,,,,,,,,,,,,4.0,projected,,,,,,,,,,,,,,,,,,,,3.0531133177191805e-16,1.0,,,,
prompt_fidelity,,,,,,,,,,,,,,,NLPI[gemma3:270m|P4],1,gemma3:270m,P4,,,,,,,,,,,,,4.0,raw,,,,,,,,,,,,,,,,,,0.0,1.0,,,,,,
prompt_fidelity,,,,,,,,,,,,,,,NLPI[gemma3:270m|P4],1,gemma3:270m,P4,,,,,,,,,,,,,4.0,projected,,,,,,,,,,,,,,,,,,,,3.0531133177191805e-16,1.0,,,,
prompt_fidelity,,,,,,,,,,,,,,,NLPI[gemma3:270m|P4],1,gemma3:270m,P4,,,,,,,,,,,,,4.0,raw,,,,,,,,,,,,,,,,,,0.0,1.0,,,,,,
prompt_fidelity,,,,,,,,,,,,,,,NLPI[gemma3:270m|P4],1,gemma3:270m,P4,,,,,,,,,,,,,4.0,projected,,,,,,,,,,,,,,,,,,,,3.0531133177191805e-16,1.0,,,,
prompt_fidelity,,,,,,,,,,,,,,,NLPI[gemma3:270m|P4],1,gemma3:270m,P4,,,,,,,,,,,,,4.0,raw,,,,,,,,,,,,,,,,,,0.0,1.0,,,,,,
prompt_fidelity,,,,,,,,,,,,,,,NLPI[gemma3:270m|P4],1,gemma3:270m,P4,,,,,,,,,,,,,4.0,projected,,,,,,,,,,,,,,,,,,,,3.0531133177191805e-16,1.0,,,,
prompt_fidelity,,,,,,,,,,,,,,,NLPI[gemma3:270m|P4],1,gemma3:270m,P4,,,,,,,,,,,,,4.0,raw,,,,,,,,,,,,,,,,,,0.0,1.0,,,,,,
prompt_fidelity,,,,,,,,,,,,,,,NLPI[gemma3:270m|P4],1,gemma3:270m,P4,,,,,,,,,,,,,4.0,projected,,,,,,,,,,,,,,,,,,,,3.0531133177191805e-16,1.0,,,,
prompt_fidelity,,,,,,,,,,,,,,,NLPI[gemma3:270m|P4],1,gemma3:270m,P4,,,,,,,,,,,,,4.0,raw,,,,,,,,,,,,,,,,,,0.0,1.0,,,,,,
prompt_fidelity,,,,,,,,,,,,,,,NLPI[gemma3:270m|P4],1,gemma3:270m,P4,,,,,,,,,,,,,4.0,projected,,,,,,,,,,,,,,,,,,,,3.0531133177191805e-16,1.0,,,,
prompt_fidelity,,,,,,,,,,,,,,,NLPI[gemma3:270m|P4],1,gemma3:270m,P4,,,,,,,,,,,,,4.0,raw,,,,,,,,,,,,,,,,,,0.0,1.0,,,,,,
prompt_fidelity,,,,,,,,,,,,,,,NLPI[gemma3:270m|P4],1,gemma3:270m,P4,,,,,,,,,,,,,4.0,projected,,,,,,,,,,,,,,,,,,,,3.0531133177191805e-16,1.0,,,,
prompt_fidelity,,,,,,,,,,,,,,,NLPI[gemma3:270m|P4],1,gemma3:270m,P4,,,,,,,,,,,,,4.0,raw,,,,,,,,,,,,,,,,,,0.0,1.0,,,,,,
prompt_fidelity,,,,,,,,,,,,,,,NLPI[gemma3:270m|P4],1,gemma3:270m,P4,,,,,,,,,,,,,4.0,projected,,,,,,,,,,,,,,,,,,,,3.0531133177191805e-16,1.0,,,,
prompt_fidelity,,,,,,,,,,,,,,,NLPI[gemma3:270m|P4],1,gemma3:270m,P4,,,,,,,,,,,,,4.0,raw,,,,,,,,,,,,,,,,,,0.0,1.0,,,,,,
prompt_fidelity,,,,,,,,,,,,,,,NLPI[gemma3:270m|P4],1,gemma3:270m,P4,,,,,,,,,,,,,4.0,projected,,,,,,,,,,,,,,,,,,,,3.0531133177191805e-16,1.0,,,,
prompt_fidelity,,,,,,,,,,,,,,,NLPI[gemma3:270m|P4],1,gemma3:270m,P4,,,,,,,,,,,,,4.0,raw,,,,,,,,,,,,,,,,,,0.0,1.0,,,,,,
prompt_fidelity,,,,,,,,,,,,,,,NLPI[gemma3:270m|P4],1,gemma3:270m,P4,,,,,,,,,,,,,4.0,projected,,,,,,,,,,,,,,,,,,,,3.0531133177191805e-16,1.0,,,,
prompt_fidelity,,,,,,,,,,,,,,,NLPI[gemma3:270m|P4],1,gemma3:270m,P4,,,,,,,,,,,,,4.0,raw,,,,,,,,,,,,,,,,,,0.0,1.0,,,,,,
prompt_fidelity,,,,,,,,,,,,,,,NLPI[gemma3:270m|P4],1,gemma3:270m,P4,,,,,,,,,,,,,4.0,projected,,,,,,,,,,,,,,,,,,,,3.0531133177191805e-16,1.0,,,,
prompt_fidelity,,,,,,,,,,,,,,,NLPI[gemma3:270m|P4],1,gemma3:270m,P4,,,,,,,,,,,,,4.0,raw,,,,,,,,,,,,,,,,,,0.0,1.0,,,,,,
prompt_fidelity,,,,,,,,,,,,,,,NLPI[gemma3:270m|P4],1,gemma3:270m,P4,,,,,,,,,,,,,4.0,projected,,,,,,,,,,,,,,,,,,,,3.0531133177191805e-16,1.0,,,,
prompt_fidelity,,,,,,,,,,,,,,,NLPI[gemma3:270m|P5],1,gemma3:270m,P5,,,,,,,,,,,,,5.0,raw,,,,,,,,,,,,,,,,,,,,,,0.045454545454545456,1.0,,
prompt_fidelity,,,,,,,,,,,,,,,NLPI[gemma3:270m|P5],1,gemma3:270m,P5,,,,,,,,,,,,,5.0,projected,,,,,,,,,,,,,,,,,,,,,,,,0.04545454545454548,1.0
prompt_fidelity,,,,,,,,,,,,,,,NLPI[gemma3:270m|P5],1,gemma3:270m,P5,,,,,,,,,,,,,5.0,raw,,,,,,,,,,,,,,,,,,,,,,0.045454545454545456,1.0,,
prompt_fidelity,,,,,,,,,,,,,,,NLPI[gemma3:270m|P5],1,gemma3:270m,P5,,,,,,,,,,,,,5.0,projected,,,,,,,,,,,,,,,,,,,,,,,,0.04545454545454548,1.0
prompt_fidelity,,,,,,,,,,,,,,,NLPI[gemma3:270m|P5],1,gemma3:270m,P5,,,,,,,,,,,,,5.0,raw,,,,,,,,,,,,,,,,,,,,,,0.045454545454545456,1.0,,
prompt_fidelity,,,,,,,,,,,,,,,NLPI[gemma3:270m|P5],1,gemma3:270m,P5,,,,,,,,,,,,,5.0,projected,,,,,,,,,,,,,,,,,,,,,,,,0.04545454545454548,1.0
prompt_fidelity,,,,,,,,,,,,,,,NLPI[gemma3:270m|P5],1,gemma3:270m,P5,,,,,,,,,,,,,5.0,raw,,,,,,,,,,,,,,,,,,,,,,0.045454545454545456,1.0,,
prompt_fidelity,,,,,,,,,,,,,,,NLPI[gemma3:270m|P5],1,gemma3:270m,P5,,,,,,,,,,,,,5.0,projected,,,,,,,,,,,,,,,,,,,,,,,,0.04545454545454548,1.0
prompt_fidelity,,,,,,,,,,,,,,,NLPI[gemma3:270m|P5],1,gemma3:270m,P5,,,,,,,,,,,,,5.0,raw,,,,,,,,,,,,,,,,,,,,,,0.045454545454545456,1.0,,
prompt_fidelity,,,,,,,,,,,,,,,NLPI[gemma3:270m|P5],1,gemma3:270m,P5,,,,,,,,,,,,,5.0,projected,,,,,,,,,,,,,,,,,,,,,,,,0.04545454545454548,1.0
prompt_fidelity,,,,,,,,,,,,,,,NLPI[gemma3:270m|P5],1,gemma3:270m,P5,,,,,,,,,,,,,5.0,raw,,,,,,,,,,,,,,,,,,,,,,0.045454545454545456,1.0,,
prompt_fidelity,,,,,,,,,,,,,,,NLPI[gemma3:270m|P5],1,gemma3:270m,P5,,,,,,,,,,,,,5.0,projected,,,,,,,,,,,,,,,,,,,,,,,,0.04545454545454548,1.0
prompt_fidelity,,,,,,,,,,,,,,,NLPI[gemma3:270m|P5],1,gemma3:270m,P5,,,,,,,,,,,,,5.0,raw,,,,,,,,,,,,,,,,,,,,,,0.045454545454545456,1.0,,
prompt_fidelity,,,,,,,,,,,,,,,NLPI[gemma3:270m|P5],1,gemma3:270m,P5,,,,,,,,,,,,,5.0,projected,,,,,,,,,,,,,,,,,,,,,,,,0.04545454545454548,1.0
prompt_fidelity,,,,,,,,,,,,,,,NLPI[gemma3:270m|P5],1,gemma3:270m,P5,,,,,,,,,,,,,5.0,raw,,,,,,,,,,,,,,,,,,,,,,0.045454545454545456,1.0,,
prompt_fidelity,,,,,,,,,,,,,,,NLPI[gemma3:270m|P5],1,gemma3:270m,P5,,,,,,,,,,,,,5.0,projected,,,,,,,,,,,,,,,,,,,,,,,,0.04545454545454548,1.0
prompt_fidelity,,,,,,,,,,,,,,,NLPI[gemma3:270m|P5],1,gemma3:270m,P5,,,,,,,,,,,,,5.0,raw,,,,,,,,,,,,,,,,,,,,,,0.045454545454545456,1.0,,
prompt_fidelity,,,,,,,,,,,,,,,NLPI[gemma3:270m|P5],1,gemma3:270m,P5,,,,,,,,,,,,,5.0,projected,,,,,,,,,,,,,,,,,,,,,,,,0.04545454545454548,1.0
prompt_fidelity,,,,,,,,,,,,,,,NLPI[gemma3:270m|P5],1,gemma3:270m,P5,,,,,,,,,,,,,5.0,raw,,,,,,,,,,,,,,,,,,,,,,0.045454545454545456,1.0,,
prompt_fidelity,,,,,,,,,,,,,,,NLPI[gemma3:270m|P5],1,gemma3:270m,P5,,,,,,,,,,,,,5.0,projected,,,,,,,,,,,,,,,,,,,,,,,,0.04545454545454548,1.0
prompt_fidelity,,,,,,,,,,,,,,,NLPI[gemma3:270m|P5],1,gemma3:270m,P5,,,,,,,,,,,,,5.0,raw,,,,,,,,,,,,,,,,,,,,,,0.045454545454545456,1.0,,
prompt_fidelity,,,,,,,,,,,,,,,NLPI[gemma3:270m|P5],1,gemma3:270m,P5,,,,,,,,,,,,,5.0,projected,,,,,,,,,,,,,,,,,,,,,,,,0.04545454545454548,1.0
prompt_fidelity,,,,,,,,,,,,,,,NLPI[gemma3:270m|P5],1,gemma3:270m,P5,,,,,,,,,,,,,5.0,raw,,,,,,,,,,,,,,,,,,,,,,0.045454545454545456,1.0,,
prompt_fidelity,,,,,,,,,,,,,,,NLPI[gemma3:270m|P5],1,gemma3:270m,P5,,,,,,,,,,,,,5.0,projected,,,,,,,,,,,,,,,,,,,,,,,,0.04545454545454548,1.0
prompt_fidelity,,,,,,,,,,,,,,,NLPI[gemma3:270m|P5],1,gemma3:270m,P5,,,,,,,,,,,,,5.0,raw,,,,,,,,,,,,,,,,,,,,,,0.045454545454545456,1.0,,
prompt_fidelity,,,,,,,,,,,,,,,NLPI[gemma3:270m|P5],1,gemma3:270m,P5,,,,,,,,,,,,,5.0,projected,,,,,,,,,,,,,,,,,,,,,,,,0.04545454545454548,1.0
prompt_fidelity,,,,,,,,,,,,,,,NLPI[gemma3:270m|P5],1,gemma3:270m,P5,,,,,,,,,,,,,5.0,raw,,,,,,,,,,,,,,,,,,,,,,0.045454545454545456,1.0,,
prompt_fidelity,,,,,,,,,,,,,,,NLPI[gemma3:270m|P5],1,gemma3:270m,P5,,,,,,,,,,,,,5.0,projected,,,,,,,,,,,,,,,,,,,,,,,,0.04545454545454548,1.0
prompt_fidelity,,,,,,,,,,,,,,,NLPI[gemma3:270m|P5],1,gemma3:270m,P5,,,,,,,,,,,,,5.0,raw,,,,,,,,,,,,,,,,,,,,,,0.045454545454545456,1.0,,
prompt_fidelity,,,,,,,,,,,,,,,NLPI[gemma3:270m|P5],1,gemma3:270m,P5,,,,,,,,,,,,,5.0,projected,,,,,,,,,,,,,,,,,,,,,,,,0.04545454545454548,1.0
prompt_fidelity,,,,,,,,,,,,,,,NLPI[gemma3:270m|P5],1,gemma3:270m,P5,,,,,,,,,,,,,5.0,raw,,,,,,,,,,,,,,,,,,,,,,0.045454545454545456,1.0,,
prompt_fidelity,,,,,,,,,,,,,,,NLPI[gemma3:270m|P5],1,gemma3:270m,P5,,,,,,,,,,,,,5.0,projected,,,,,,,,,,,,,,,,,,,,,,,,0.04545454545454548,1.0
prompt_fidelity,,,,,,,,,,,,,,,NLPI[gemma3:270m|P5],1,gemma3:270m,P5,,,,,,,,,,,,,5.0,raw,,,,,,,,,,,,,,,,,,,,,,0.045454545454545456,1.0,,
prompt_fidelity,,,,,,,,,,,,,,,NLPI[gemma3:270m|P5],1,gemma3:270m,P5,,,,,,,,,,,,,5.0,projected,,,,,,,,,,,,,,,,,,,,,,,,0.04545454545454548,1.0
prompt_fidelity,,,,,,,,,,,,,,,NLPI[gemma3:270m|P5],1,gemma3:270m,P5,,,,,,,,,,,,,5.0,raw,,,,,,,,,,,,,,,,,,,,,,0.045454545454545456,1.0,,
prompt_fidelity,,,,,,,,,,,,,,,NLPI[gemma3:270m|P5],1,gemma3:270m,P5,,,,,,,,,,,,,5.0,projected,,,,,,,,,,,,,,,,,,,,,,,,0.04545454545454548,1.0
prompt_fidelity,,,,,,,,,,,,,,,NLPI[gemma3:1b|P1],1,gemma3:1b,P1,,,,,,,,,,,,,1.0,raw,SLV,SPY,0.0,0.019019019019019017,0.6,0.6,0.0,-0.5809809809809809,,,,,,,,,,,,,,,,,
prompt_fidelity,,,,,,,,,,,,,,,NLPI[gemma3:1b|P1],1,gemma3:1b,P1,,,,,,,,,,,,,1.0,projected,SLV,,,,0.6,0.6,,,SPY,0.0,0.01904761904761904,0.0,-0.5809523809523809,0.0,0.0,,,,,,,,,,
prompt_fidelity,,,,,,,,,,,,,,,NLPI[gemma3:1b|P1],1,gemma3:1b,P1,,,,,,,,,,,,,1.0,raw,SLV,SPY,0.0,0.019019019019019017,0.6,0.6,0.0,-0.5809809809809809,,,,,,,,,,,,,,,,,
prompt_fidelity,,,,,,,,,,,,,,,NLPI[gemma3:1b|P1],1,gemma3:1b,P1,,,,,,,,,,,,,1.0,projected,SLV,,,,0.6,0.6,,,SPY,0.0,0.01904761904761904,0.0,-0.5809523809523809,0.0,0.0,,,,,,,,,,
prompt_fidelity,,,,,,,,,,,,,,,NLPI[gemma3:1b|P1],1,gemma3:1b,P1,,,,,,,,,,,,,1.0,raw,SLV,SPY,0.0,0.019019019019019017,0.6,0.6,0.0,-0.5809809809809809,,,,,,,,,,,,,,,,,
prompt_fidelity,,,,,,,,,,,,,,,NLPI[gemma3:1b|P1],1,gemma3:1b,P1,,,,,,,,,,,,,1.0,projected,SLV,,,,0.6,0.6,,,SPY,0.0,0.01904761904761904,0.0,-0.5809523809523809,0.0,0.0,,,,,,,,,,
prompt_fidelity,,,,,,,,,,,,,,,NLPI[gemma3:1b|P1],1,gemma3:1b,P1,,,,,,,,,,,,,1.0,raw,SLV,SPY,0.0,0.019019019019019017,0.6,0.6,0.0,-0.5809809809809809,,,,,,,,,,,,,,,,,
prompt_fidelity,,,,,,,,,,,,,,,NLPI[gemma3:1b|P1],1,gemma3:1b,P1,,,,,,,,,,,,,1.0,projected,SLV,,,,0.6,0.6,,,SPY,0.0,0.01904761904761904,0.0,-0.5809523809523809,0.0,0.0,,,,,,,,,,
prompt_fidelity,,,,,,,,,,,,,,,NLPI[gemma3:1b|P1],1,gemma3:1b,P1,,,,,,,,,,,,,1.0,raw,SLV,SPY,0.0,0.019019019019019017,0.6,0.6,0.0,-0.5809809809809809,,,,,,,,,,,,,,,,,
prompt_fidelity,,,,,,,,,,,,,,,NLPI[gemma3:1b|P1],1,gemma3:1b,P1,,,,,,,,,,,,,1.0,projected,SLV,,,,0.6,0.6,,,SPY,0.0,0.01904761904761904,0.0,-0.5809523809523809,0.0,0.0,,,,,,,,,,
prompt_fidelity,,,,,,,,,,,,,,,NLPI[gemma3:1b|P1],1,gemma3:1b,P1,,,,,,,,,,,,,1.0,raw,SLV,SPY,0.0,0.019019019019019017,0.6,0.6,0.0,-0.5809809809809809,,,,,,,,,,,,,,,,,
prompt_fidelity,,,,,,,,,,,,,,,NLPI[gemma3:1b|P1],1,gemma3:1b,P1,,,,,,,,,,,,,1.0,projected,SLV,,,,0.6,0.6,,,SPY,0.0,0.01904761904761904,0.0,-0.5809523809523809,0.0,0.0,,,,,,,,,,
prompt_fidelity,,,,,,,,,,,,,,,NLPI[gemma3:1b|P1],1,gemma3:1b,P1,,,,,,,,,,,,,1.0,raw,TLT,SPY,0.0,0.019019019019019017,0.6,0.6,0.0,-0.5809809809809809,,,,,,,,,,,,,,,,,
prompt_fidelity,,,,,,,,,,,,,,,NLPI[gemma3:1b|P1],1,gemma3:1b,P1,,,,,,,,,,,,,1.0,projected,TLT,,,,0.6,0.6,,,SPY,0.0,0.01904761904761904,0.0,-0.5809523809523809,0.0,0.0,,,,,,,,,,
prompt_fidelity,,,,,,,,,,,,,,,NLPI[gemma3:1b|P1],1,gemma3:1b,P1,,,,,,,,,,,,,1.0,raw,TLT,SPY,0.0,0.019019019019019017,0.6,0.6,0.0,-0.5809809809809809,,,,,,,,,,,,,,,,,
prompt_fidelity,,,,,,,,,,,,,,,NLPI[gemma3:1b|P1],1,gemma3:1b,P1,,,,,,,,,,,,,1.0,projected,TLT,,,,0.6,0.6,,,SPY,0.0,0.01904761904761904,0.0,-0.5809523809523809,0.0,0.0,,,,,,,,,,
prompt_fidelity,,,,,,,,,,,,,,,NLPI[gemma3:1b|P1],1,gemma3:1b,P1,,,,,,,,,,,,,1.0,raw,TLT,SPY,0.0,0.019019019019019017,0.6,0.6,0.0,-0.5809809809809809,,,,,,,,,,,,,,,,,
prompt_fidelity,,,,,,,,,,,,,,,NLPI[gemma3:1b|P1],1,gemma3:1b,P1,,,,,,,,,,,,,1.0,projected,TLT,,,,0.6,0.6,,,SPY,0.0,0.01904761904761904,0.0,-0.5809523809523809,0.0,0.0,,,,,,,,,,
prompt_fidelity,,,,,,,,,,,,,,,NLPI[gemma3:1b|P1],1,gemma3:1b,P1,,,,,,,,,,,,,1.0,raw,TLT,SPY,0.0,0.019019019019019017,0.6,0.6,0.0,-0.5809809809809809,,,,,,,,,,,,,,,,,
prompt_fidelity,,,,,,,,,,,,,,,NLPI[gemma3:1b|P1],1,gemma3:1b,P1,,,,,,,,,,,,,1.0,projected,TLT,,,,0.6,0.6,,,SPY,0.0,0.01904761904761904,0.0,-0.5809523809523809,0.0,0.0,,,,,,,,,,
prompt_fidelity,,,,,,,,,,,,,,,NLPI[gemma3:1b|P1],1,gemma3:1b,P1,,,,,,,,,,,,,1.0,raw,QQQ,SPY,0.0,0.019019019019019017,0.6,0.6,0.0,-0.5809809809809809,,,,,,,,,,,,,,,,,
prompt_fidelity,,,,,,,,,,,,,,,NLPI[gemma3:1b|P1],1,gemma3:1b,P1,,,,,,,,,,,,,1.0,projected,QQQ,,,,0.6,0.6,,,SPY,0.0,0.01904761904761904,0.0,-0.5809523809523809,0.0,0.0,,,,,,,,,,
prompt_fidelity,,,,,,,,,,,,,,,NLPI[gemma3:1b|P1],1,gemma3:1b,P1,,,,,,,,,,,,,1.0,raw,VNQ,SPY,0.0,0.019019019019019017,0.6,0.6,0.0,-0.5809809809809809,,,,,,,,,,,,,,,,,
prompt_fidelity,,,,,,,,,,,,,,,NLPI[gemma3:1b|P1],1,gemma3:1b,P1,,,,,,,,,,,,,1.0,projected,VNQ,,,,0.6,0.6,,,SPY,0.0,0.01904761904761904,0.0,-0.5809523809523809,0.0,0.0,,,,,,,,,,
prompt_fidelity,,,,,,,,,,,,,,,NLPI[gemma3:1b|P1],1,gemma3:1b,P1,,,,,,,,,,,,,1.0,raw,IWM,SPY,0.0,0.019019019019019017,0.6,0.6,0.0,-0.5809809809809809,,,,,,,,,,,,,,,,,
prompt_fidelity,,,,,,,,,,,,,,,NLPI[gemma3:1b|P1],1,gemma3:1b,P1,,,,,,,,,,,,,1.0,projected,IWM,,,,0.6,0.6,,,SPY,0.0,0.01904761904761904,0.0,-0.5809523809523809,0.0,0.0,,,,,,,,,,
prompt_fidelity,,,,,,,,,,,,,,,NLPI[gemma3:1b|P1],1,gemma3:1b,P1,,,,,,,,,,,,,1.0,raw,IWM,SPY,0.0,0.019019019019019017,0.6,0.6,0.0,-0.5809809809809809,,,,,,,,,,,,,,,,,
prompt_fidelity,,,,,,,,,,,,,,,NLPI[gemma3:1b|P1],1,gemma3:1b,P1,,,,,,,,,,,,,1.0,projected,IWM,,,,0.6,0.6,,,SPY,0.0,0.01904761904761904,0.0,-0.5809523809523809,0.0,0.0,,,,,,,,,,
prompt_fidelity,,,,,,,,,,,,,,,NLPI[gemma3:1b|P1],1,gemma3:1b,P1,,,,,,,,,,,,,1.0,raw,EFA,SPY,0.0,0.019019019019019017,0.6,0.6,0.0,-0.5809809809809809,,,,,,,,,,,,,,,,,
prompt_fidelity,,,,,,,,,,,,,,,NLPI[gemma3:1b|P1],1,gemma3:1b,P1,,,,,,,,,,,,,1.0,projected,EFA,,,,0.6,0.6,,,SPY,0.0,0.01904761904761904,0.0,-0.5809523809523809,0.0,0.0,,,,,,,,,,
prompt_fidelity,,,,,,,,,,,,,,,NLPI[gemma3:1b|P1],1,gemma3:1b,P1,,,,,,,,,,,,,1.0,raw,IWM,SPY,0.0,0.019019019019019017,0.6,0.6,0.0,-0.5809809809809809,,,,,,,,,,,,,,,,,
prompt_fidelity,,,,,,,,,,,,,,,NLPI[gemma3:1b|P1],1,gemma3:1b,P1,,,,,,,,,,,,,1.0,projected,IWM,,,,0.6,0.6,,,SPY,0.0,0.01904761904761904,0.0,-0.5809523809523809,0.0,0.0,,,,,,,,,,
prompt_fidelity,,,,,,,,,,,,,,,NLPI[gemma3:1b|P1],1,gemma3:1b,P1,,,,,,,,,,,,,1.0,raw,IWM,SPY,0.0,0.019019019019019017,0.6,0.6,0.0,-0.5809809809809809,,,,,,,,,,,,,,,,,
prompt_fidelity,,,,,,,,,,,,,,,NLPI[gemma3:1b|P1],1,gemma3:1b,P1,,,,,,,,,,,,,1.0,projected,IWM,,,,0.6,0.6,,,SPY,0.0,0.01904761904761904,0.0,-0.5809523809523809,0.0,0.0,,,,,,,,,,
prompt_fidelity,,,,,,,,,,,,,,,NLPI[gemma3:1b|P1],1,gemma3:1b,P1,,,,,,,,,,,,,1.0,raw,IWM,SPY,0.0,0.019019019019019017,0.6,0.6,0.0,-0.5809809809809809,,,,,,,,,,,,,,,,,
prompt_fidelity,,,,,,,,,,,,,,,NLPI[gemma3:1b|P1],1,gemma3:1b,P1,,,,,,,,,,,,,1.0,projected,IWM,,,,0.6,0.6,,,SPY,0.0,0.01904761904761904,0.0,-0.5809523809523809,0.0,0.0,,,,,,,,,,
prompt_fidelity,,,,,,,,,,,,,,,NLPI[gemma3:1b|P2],1,gemma3:1b,P2,,,,,,,,,,,,,2.0,raw,BIL,BIL,1.0,0.6006006006006006,0.6,0.6,1.0,0.0006006006006006315,,,,,,,,,,,,,,,,,
prompt_fidelity,,,,,,,,,,,,,,,NLPI[gemma3:1b|P2],1,gemma3:1b,P2,,,,,,,,,,,,,2.0,projected,BIL,,,,0.6,0.6,,,BIL,1.0,0.6,1.0,0.0,0.0,0.0,,,,,,,,,,
prompt_fidelity,,,,,,,,,,,,,,,NLPI[gemma3:1b|P2],1,gemma3:1b,P2,,,,,,,,,,,,,2.0,raw,BIL,BIL,1.0,0.6006006006006006,0.6,0.6,1.0,0.0006006006006006315,,,,,,,,,,,,,,,,,
prompt_fidelity,,,,,,,,,,,,,,,NLPI[gemma3:1b|P2],1,gemma3:1b,P2,,,,,,,,,,,,,2.0,projected,BIL,,,,0.6,0.6,,,BIL,1.0,0.6,1.0,0.0,0.0,0.0,,,,,,,,,,
prompt_fidelity,,,,,,,,,,,,,,,NLPI[gemma3:1b|P2],1,gemma3:1b,P2,,,,,,,,,,,,,2.0,raw,BIL,BIL,1.0,0.6006006006006006,0.6,0.6,1.0,0.0006006006006006315,,,,,,,,,,,,,,,,,
prompt_fidelity,,,,,,,,,,,,,,,NLPI[gemma3:1b|P2],1,gemma3:1b,P2,,,,,,,,,,,,,2.0,projected,BIL,,,,0.6,0.6,,,BIL,1.0,0.6,1.0,0.0,0.0,0.0,,,,,,,,,,
prompt_fidelity,,,,,,,,,,,,,,,NLPI[gemma3:1b|P2],1,gemma3:1b,P2,,,,,,,,,,,,,2.0,raw,BIL,BIL,1.0,0.6006006006006006,0.6,0.6,1.0,0.0006006006006006315,,,,,,,,,,,,,,,,,
prompt_fidelity,,,,,,,,,,,,,,,NLPI[gemma3:1b|P2],1,gemma3:1b,P2,,,,,,,,,,,,,2.0,projected,BIL,,,,0.6,0.6,,,BIL,1.0,0.6,1.0,0.0,0.0,0.0,,,,,,,,,,
prompt_fidelity,,,,,,,,,,,,,,,NLPI[gemma3:1b|P2],1,gemma3:1b,P2,,,,,,,,,,,,,2.0,raw,BIL,BIL,1.0,0.6006006006006006,0.6,0.6,1.0,0.0006006006006006315,,,,,,,,,,,,,,,,,
prompt_fidelity,,,,,,,,,,,,,,,NLPI[gemma3:1b|P2],1,gemma3:1b,P2,,,,,,,,,,,,,2.0,projected,BIL,,,,0.6,0.6,,,BIL,1.0,0.6,1.0,0.0,0.0,0.0,,,,,,,,,,
prompt_fidelity,,,,,,,,,,,,,,,NLPI[gemma3:1b|P2],1,gemma3:1b,P2,,,,,,,,,,,,,2.0,raw,BIL,BIL,1.0,0.6006006006006006,0.6,0.6,1.0,0.0006006006006006315,,,,,,,,,,,,,,,,,
prompt_fidelity,,,,,,,,,,,,,,,NLPI[gemma3:1b|P2],1,gemma3:1b,P2,,,,,,,,,,,,,2.0,projected,BIL,,,,0.6,0.6,,,BIL,1.0,0.6,1.0,0.0,0.0,0.0,,,,,,,,,,
prompt_fidelity,,,,,,,,,,,,,,,NLPI[gemma3:1b|P2],1,gemma3:1b,P2,,,,,,,,,,,,,2.0,raw,BIL,BIL,1.0,0.6006006006006006,0.6,0.6,1.0,0.0006006006006006315,,,,,,,,,,,,,,,,,
prompt_fidelity,,,,,,,,,,,,,,,NLPI[gemma3:1b|P2],1,gemma3:1b,P2,,,,,,,,,,,,,2.0,projected,BIL,,,,0.6,0.6,,,BIL,1.0,0.6,1.0,0.0,0.0,0.0,,,,,,,,,,
prompt_fidelity,,,,,,,,,,,,,,,NLPI[gemma3:1b|P2],1,gemma3:1b,P2,,,,,,,,,,,,,2.0,raw,BIL,BIL,1.0,0.6006006006006006,0.6,0.6,1.0,0.0006006006006006315,,,,,,,,,,,,,,,,,
prompt_fidelity,,,,,,,,,,,,,,,NLPI[gemma3:1b|P2],1,gemma3:1b,P2,,,,,,,,,,,,,2.0,projected,BIL,,,,0.6,0.6,,,BIL,1.0,0.6,1.0,0.0,0.0,0.0,,,,,,,,,,
prompt_fidelity,,,,,,,,,,,,,,,NLPI[gemma3:1b|P2],1,gemma3:1b,P2,,,,,,,,,,,,,2.0,raw,BIL,BIL,1.0,0.6006006006006006,0.6,0.6,1.0,0.0006006006006006315,,,,,,,,,,,,,,,,,
prompt_fidelity,,,,,,,,,,,,,,,NLPI[gemma3:1b|P2],1,gemma3:1b,P2,,,,,,,,,,,,,2.0,projected,BIL,,,,0.6,0.6,,,BIL,1.0,0.6,1.0,0.0,0.0,0.0,,,,,,,,,,
prompt_fidelity,,,,,,,,,,,,,,,NLPI[gemma3:1b|P2],1,gemma3:1b,P2,,,,,,,,,,,,,2.0,raw,BIL,BIL,1.0,0.6006006006006006,0.6,0.6,1.0,0.0006006006006006315,,,,,,,,,,,,,,,,,
prompt_fidelity,,,,,,,,,,,,,,,NLPI[gemma3:1b|P2],1,gemma3:1b,P2,,,,,,,,,,,,,2.0,projected,BIL,,,,0.6,0.6,,,BIL,1.0,0.6,1.0,0.0,0.0,0.0,,,,,,,,,,
prompt_fidelity,,,,,,,,,,,,,,,NLPI[gemma3:1b|P2],1,gemma3:1b,P2,,,,,,,,,,,,,2.0,raw,BIL,BIL,1.0,0.6006006006006006,0.6,0.6,1.0,0.0006006006006006315,,,,,,,,,,,,,,,,,
prompt_fidelity,,,,,,,,,,,,,,,NLPI[gemma3:1b|P2],1,gemma3:1b,P2,,,,,,,,,,,,,2.0,projected,BIL,,,,0.6,0.6,,,BIL,1.0,0.6,1.0,0.0,0.0,0.0,,,,,,,,,,
prompt_fidelity,,,,,,,,,,,,,,,NLPI[gemma3:1b|P2],1,gemma3:1b,P2,,,,,,,,,,,,,2.0,raw,BIL,BIL,1.0,0.6006006006006006,0.6,0.6,1.0,0.0006006006006006315,,,,,,,,,,,,,,,,,
prompt_fidelity,,,,,,,,,,,,,,,NLPI[gemma3:1b|P2],1,gemma3:1b,P2,,,,,,,,,,,,,2.0,projected,BIL,,,,0.6,0.6,,,BIL,1.0,0.6,1.0,0.0,0.0,0.0,,,,,,,,,,
prompt_fidelity,,,,,,,,,,,,,,,NLPI[gemma3:1b|P2],1,gemma3:1b,P2,,,,,,,,,,,,,2.0,raw,BIL,BIL,1.0,0.6006006006006006,0.6,0.6,1.0,0.0006006006006006315,,,,,,,,,,,,,,,,,
prompt_fidelity,,,,,,,,,,,,,,,NLPI[gemma3:1b|P2],1,gemma3:1b,P2,,,,,,,,,,,,,2.0,projected,BIL,,,,0.6,0.6,,,BIL,1.0,0.6,1.0,0.0,0.0,0.0,,,,,,,,,,
prompt_fidelity,,,,,,,,,,,,,,,NLPI[gemma3:1b|P2],1,gemma3:1b,P2,,,,,,,,,,,,,2.0,raw,BIL,BIL,1.0,0.6006006006006006,0.6,0.6,1.0,0.0006006006006006315,,,,,,,,,,,,,,,,,
prompt_fidelity,,,,,,,,,,,,,,,NLPI[gemma3:1b|P2],1,gemma3:1b,P2,,,,,,,,,,,,,2.0,projected,BIL,,,,0.6,0.6,,,BIL,1.0,0.6,1.0,0.0,0.0,0.0,,,,,,,,,,
prompt_fidelity,,,,,,,,,,,,,,,NLPI[gemma3:1b|P2],1,gemma3:1b,P2,,,,,,,,,,,,,2.0,raw,BIL,BIL,1.0,0.6006006006006006,0.6,0.6,1.0,0.0006006006006006315,,,,,,,,,,,,,,,,,
prompt_fidelity,,,,,,,,,,,,,,,NLPI[gemma3:1b|P2],1,gemma3:1b,P2,,,,,,,,,,,,,2.0,projected,BIL,,,,0.6,0.6,,,BIL,1.0,0.6,1.0,0.0,0.0,0.0,,,,,,,,,,
prompt_fidelity,,,,,,,,,,,,,,,NLPI[gemma3:1b|P2],1,gemma3:1b,P2,,,,,,,,,,,,,2.0,raw,BIL,BIL,1.0,0.6006006006006006,0.6,0.6,1.0,0.0006006006006006315,,,,,,,,,,,,,,,,,
prompt_fidelity,,,,,,,,,,,,,,,NLPI[gemma3:1b|P2],1,gemma3:1b,P2,,,,,,,,,,,,,2.0,projected,BIL,,,,0.6,0.6,,,BIL,1.0,0.6,1.0,0.0,0.0,0.0,,,,,,,,,,
prompt_fidelity,,,,,,,,,,,,,,,NLPI[gemma3:1b|P2],1,gemma3:1b,P2,,,,,,,,,,,,,2.0,raw,BIL,BIL,1.0,0.6006006006006006,0.6,0.6,1.0,0.0006006006006006315,,,,,,,,,,,,,,,,,
prompt_fidelity,,,,,,,,,,,,,,,NLPI[gemma3:1b|P2],1,gemma3:1b,P2,,,,,,,,,,,,,2.0,projected,BIL,,,,0.6,0.6,,,BIL,1.0,0.6,1.0,0.0,0.0,0.0,,,,,,,,,,
prompt_fidelity,,,,,,,,,,,,,,,NLPI[gemma3:1b|P2],1,gemma3:1b,P2,,,,,,,,,,,,,2.0,raw,BIL,BIL,1.0,0.6006006006006006,0.6,0.6,1.0,0.0006006006006006315,,,,,,,,,,,,,,,,,
prompt_fidelity,,,,,,,,,,,,,,,NLPI[gemma3:1b|P2],1,gemma3:1b,P2,,,,,,,,,,,,,2.0,projected,BIL,,,,0.6,0.6,,,BIL,1.0,0.6,1.0,0.0,0.0,0.0,,,,,,,,,,
prompt_fidelity,,,,,,,,,,,,,,,NLPI[gemma3:1b|P3],1,gemma3:1b,P3,,,,,,,,,,,,,3.0,raw,TLT,UUP,0.0,0.019019019019019017,0.6,0.6,0.0,-0.5809809809809809,,,,,,,,,,,,,,,,,
prompt_fidelity,,,,,,,,,,,,,,,NLPI[gemma3:1b|P3],1,gemma3:1b,P3,,,,,,,,,,,,,3.0,projected,TLT,,,,0.6,0.6,,,UUP,0.0,0.01904761904761906,0.0,-0.5809523809523809,0.0,0.0,,,,,,,,,,
prompt_fidelity,,,,,,,,,,,,,,,NLPI[gemma3:1b|P3],1,gemma3:1b,P3,,,,,,,,,,,,,3.0,raw,UUP,UUP,1.0,0.6006006006006006,0.6,0.6,1.0,0.0006006006006006315,,,,,,,,,,,,,,,,,
prompt_fidelity,,,,,,,,,,,,,,,NLPI[gemma3:1b|P3],1,gemma3:1b,P3,,,,,,,,,,,,,3.0,projected,UUP,,,,0.6,0.6,,,UUP,1.0,0.6,1.0,0.0,0.0,0.0,,,,,,,,,,
prompt_fidelity,,,,,,,,,,,,,,,NLPI[gemma3:1b|P3],1,gemma3:1b,P3,,,,,,,,,,,,,3.0,raw,UUP,UUP,1.0,0.6006006006006006,0.6,0.6,1.0,0.0006006006006006315,,,,,,,,,,,,,,,,,
prompt_fidelity,,,,,,,,,,,,,,,NLPI[gemma3:1b|P3],1,gemma3:1b,P3,,,,,,,,,,,,,3.0,projected,UUP,,,,0.6,0.6,,,UUP,1.0,0.6,1.0,0.0,0.0,0.0,,,,,,,,,,
prompt_fidelity,,,,,,,,,,,,,,,NLPI[gemma3:1b|P3],1,gemma3:1b,P3,,,,,,,,,,,,,3.0,raw,SLV,UUP,0.0,0.019019019019019017,0.6,0.6,0.0,-0.5809809809809809,,,,,,,,,,,,,,,,,
prompt_fidelity,,,,,,,,,,,,,,,NLPI[gemma3:1b|P3],1,gemma3:1b,P3,,,,,,,,,,,,,3.0,projected,SLV,,,,0.6,0.6,,,UUP,0.0,0.01904761904761906,0.0,-0.5809523809523809,0.0,0.0,,,,,,,,,,
prompt_fidelity,,,,,,,,,,,,,,,NLPI[gemma3:1b|P3],1,gemma3:1b,P3,,,,,,,,,,,,,3.0,raw,IWM,UUP,0.0,0.019019019019019017,0.6,0.6,0.0,-0.5809809809809809,,,,,,,,,,,,,,,,,
prompt_fidelity,,,,,,,,,,,,,,,NLPI[gemma3:1b|P3],1,gemma3:1b,P3,,,,,,,,,,,,,3.0,projected,IWM,,,,0.6,0.6,,,UUP,0.0,0.01904761904761906,0.0,-0.5809523809523809,0.0,0.0,,,,,,,,,,
prompt_fidelity,,,,,,,,,,,,,,,NLPI[gemma3:1b|P3],1,gemma3:1b,P3,,,,,,,,,,,,,3.0,raw,SLV,UUP,0.0,0.019019019019019017,0.6,0.6,0.0,-0.5809809809809809,,,,,,,,,,,,,,,,,
prompt_fidelity,,,,,,,,,,,,,,,NLPI[gemma3:1b|P3],1,gemma3:1b,P3,,,,,,,,,,,,,3.0,projected,SLV,,,,0.6,0.6,,,UUP,0.0,0.01904761904761906,0.0,-0.5809523809523809,0.0,0.0,,,,,,,,,,
prompt_fidelity,,,,,,,,,,,,,,,NLPI[gemma3:1b|P3],1,gemma3:1b,P3,,,,,,,,,,,,,3.0,raw,GLD,UUP,0.0,0.019019019019019017,0.6,0.6,0.0,-0.5809809809809809,,,,,,,,,,,,,,,,,
prompt_fidelity,,,,,,,,,,,,,,,NLPI[gemma3:1b|P3],1,gemma3:1b,P3,,,,,,,,,,,,,3.0,projected,GLD,,,,0.6,0.6,,,UUP,0.0,0.01904761904761906,0.0,-0.5809523809523809,0.0,0.0,,,,,,,,,,
prompt_fidelity,,,,,,,,,,,,,,,NLPI[gemma3:1b|P3],1,gemma3:1b,P3,,,,,,,,,,,,,3.0,raw,GLD,UUP,0.0,0.019019019019019017,0.6,0.6,0.0,-0.5809809809809809,,,,,,,,,,,,,,,,,
prompt_fidelity,,,,,,,,,,,,,,,NLPI[gemma3:1b|P3],1,gemma3:1b,P3,,,,,,,,,,,,,3.0,projected,GLD,,,,0.6,0.6,,,UUP,0.0,0.01904761904761906,0.0,-0.5809523809523809,0.0,0.0,,,,,,,,,,
prompt_fidelity,,,,,,,,,,,,,,,NLPI[gemma3:1b|P3],1,gemma3:1b,P3,,,,,,,,,,,,,3.0,raw,SLV,UUP,0.0,0.019019019019019017,0.6,0.6,0.0,-0.5809809809809809,,,,,,,,,,,,,,,,,
prompt_fidelity,,,,,,,,,,,,,,,NLPI[gemma3:1b|P3],1,gemma3:1b,P3,,,,,,,,,,,,,3.0,projected,SLV,,,,0.6,0.6,,,UUP,0.0,0.01904761904761906,0.0,-0.5809523809523809,0.0,0.0,,,,,,,,,,
prompt_fidelity,,,,,,,,,,,,,,,NLPI[gemma3:1b|P3],1,gemma3:1b,P3,,,,,,,,,,,,,3.0,raw,SLV,UUP,0.0,0.019019019019019017,0.6,0.6,0.0,-0.5809809809809809,,,,,,,,,,,,,,,,,
prompt_fidelity,,,,,,,,,,,,,,,NLPI[gemma3:1b|P3],1,gemma3:1b,P3,,,,,,,,,,,,,3.0,projected,SLV,,,,0.6,0.6,,,UUP,0.0,0.01904761904761906,0.0,-0.5809523809523809,0.0,0.0,,,,,,,,,,
prompt_fidelity,,,,,,,,,,,,,,,NLPI[gemma3:1b|P3],1,gemma3:1b,P3,,,,,,,,,,,,,3.0,raw,UUP,UUP,1.0,0.6006006006006006,0.6,0.6,1.0,0.0006006006006006315,,,,,,,,,,,,,,,,,
prompt_fidelity,,,,,,,,,,,,,,,NLPI[gemma3:1b|P3],1,gemma3:1b,P3,,,,,,,,,,,,,3.0,projected,UUP,,,,0.6,0.6,,,UUP,1.0,0.6,1.0,0.0,0.0,0.0,,,,,,,,,,
prompt_fidelity,,,,,,,,,,,,,,,NLPI[gemma3:1b|P3],1,gemma3:1b,P3,,,,,,,,,,,,,3.0,raw,TLT,UUP,0.0,0.019019019019019017,0.6,0.6,0.0,-0.5809809809809809,,,,,,,,,,,,,,,,,
prompt_fidelity,,,,,,,,,,,,,,,NLPI[gemma3:1b|P3],1,gemma3:1b,P3,,,,,,,,,,,,,3.0,projected,TLT,,,,0.6,0.6,,,UUP,0.0,0.01904761904761906,0.0,-0.5809523809523809,0.0,0.0,,,,,,,,,,
prompt_fidelity,,,,,,,,,,,,,,,NLPI[gemma3:1b|P3],1,gemma3:1b,P3,,,,,,,,,,,,,3.0,raw,SLV,UUP,0.0,0.019019019019019017,0.6,0.6,0.0,-0.5809809809809809,,,,,,,,,,,,,,,,,
prompt_fidelity,,,,,,,,,,,,,,,NLPI[gemma3:1b|P3],1,gemma3:1b,P3,,,,,,,,,,,,,3.0,projected,SLV,,,,0.6,0.6,,,UUP,0.0,0.01904761904761906,0.0,-0.5809523809523809,0.0,0.0,,,,,,,,,,
prompt_fidelity,,,,,,,,,,,,,,,NLPI[gemma3:1b|P3],1,gemma3:1b,P3,,,,,,,,,,,,,3.0,raw,SLV,UUP,0.0,0.019019019019019017,0.6,0.6,0.0,-0.5809809809809809,,,,,,,,,,,,,,,,,
prompt_fidelity,,,,,,,,,,,,,,,NLPI[gemma3:1b|P3],1,gemma3:1b,P3,,,,,,,,,,,,,3.0,projected,SLV,,,,0.6,0.6,,,UUP,0.0,0.01904761904761906,0.0,-0.5809523809523809,0.0,0.0,,,,,,,,,,
prompt_fidelity,,,,,,,,,,,,,,,NLPI[gemma3:1b|P3],1,gemma3:1b,P3,,,,,,,,,,,,,3.0,raw,SLV,UUP,0.0,0.019019019019019017,0.6,0.6,0.0,-0.5809809809809809,,,,,,,,,,,,,,,,,
prompt_fidelity,,,,,,,,,,,,,,,NLPI[gemma3:1b|P3],1,gemma3:1b,P3,,,,,,,,,,,,,3.0,projected,SLV,,,,0.6,0.6,,,UUP,0.0,0.01904761904761906,0.0,-0.5809523809523809,0.0,0.0,,,,,,,,,,
prompt_fidelity,,,,,,,,,,,,,,,NLPI[gemma3:1b|P3],1,gemma3:1b,P3,,,,,,,,,,,,,3.0,raw,SLV,UUP,0.0,0.019019019019019017,0.6,0.6,0.0,-0.5809809809809809,,,,,,,,,,,,,,,,,
prompt_fidelity,,,,,,,,,,,,,,,NLPI[gemma3:1b|P3],1,gemma3:1b,P3,,,,,,,,,,,,,3.0,projected,SLV,,,,0.6,0.6,,,UUP,0.0,0.01904761904761906,0.0,-0.5809523809523809,0.0,0.0,,,,,,,,,,
prompt_fidelity,,,,,,,,,,,,,,,NLPI[gemma3:1b|P3],1,gemma3:1b,P3,,,,,,,,,,,,,3.0,raw,TLT,UUP,0.0,0.019019019019019017,0.6,0.6,0.0,-0.5809809809809809,,,,,,,,,,,,,,,,,
prompt_fidelity,,,,,,,,,,,,,,,NLPI[gemma3:1b|P3],1,gemma3:1b,P3,,,,,,,,,,,,,3.0,projected,TLT,,,,0.6,0.6,,,UUP,0.0,0.01904761904761906,0.0,-0.5809523809523809,0.0,0.0,,,,,,,,,,
prompt_fidelity,,,,,,,,,,,,,,,NLPI[gemma3:1b|P3],1,gemma3:1b,P3,,,,,,,,,,,,,3.0,raw,UUP,UUP,1.0,0.6006006006006006,0.6,0.6,1.0,0.0006006006006006315,,,,,,,,,,,,,,,,,
prompt_fidelity,,,,,,,,,,,,,,,NLPI[gemma3:1b|P3],1,gemma3:1b,P3,,,,,,,,,,,,,3.0,projected,UUP,,,,0.6,0.6,,,UUP,1.0,0.6,1.0,0.0,0.0,0.0,,,,,,,,,,
prompt_fidelity,,,,,,,,,,,,,,,NLPI[gemma3:1b|P4],1,gemma3:1b,P4,,,,,,,,,,,,,4.0,raw,,,,,,,,,,,,,,,,,,0.0,1.0,,,,,,
prompt_fidelity,,,,,,,,,,,,,,,NLPI[gemma3:1b|P4],1,gemma3:1b,P4,,,,,,,,,,,,,4.0,projected,,,,,,,,,,,,,,,,,,,,3.0531133177191805e-16,1.0,,,,
prompt_fidelity,,,,,,,,,,,,,,,NLPI[gemma3:1b|P4],1,gemma3:1b,P4,,,,,,,,,,,,,4.0,raw,,,,,,,,,,,,,,,,,,0.0,1.0,,,,,,
prompt_fidelity,,,,,,,,,,,,,,,NLPI[gemma3:1b|P4],1,gemma3:1b,P4,,,,,,,,,,,,,4.0,projected,,,,,,,,,,,,,,,,,,,,3.0531133177191805e-16,1.0,,,,
prompt_fidelity,,,,,,,,,,,,,,,NLPI[gemma3:1b|P4],1,gemma3:1b,P4,,,,,,,,,,,,,4.0,raw,,,,,,,,,,,,,,,,,,0.0,1.0,,,,,,
prompt_fidelity,,,,,,,,,,,,,,,NLPI[gemma3:1b|P4],1,gemma3:1b,P4,,,,,,,,,,,,,4.0,projected,,,,,,,,,,,,,,,,,,,,3.0531133177191805e-16,1.0,,,,
prompt_fidelity,,,,,,,,,,,,,,,NLPI[gemma3:1b|P4],1,gemma3:1b,P4,,,,,,,,,,,,,4.0,raw,,,,,,,,,,,,,,,,,,0.0,1.0,,,,,,
prompt_fidelity,,,,,,,,,,,,,,,NLPI[gemma3:1b|P4],1,gemma3:1b,P4,,,,,,,,,,,,,4.0,projected,,,,,,,,,,,,,,,,,,,,3.0531133177191805e-16,1.0,,,,
prompt_fidelity,,,,,,,,,,,,,,,NLPI[gemma3:1b|P4],1,gemma3:1b,P4,,,,,,,,,,,,,4.0,raw,,,,,,,,,,,,,,,,,,0.0,1.0,,,,,,
prompt_fidelity,,,,,,,,,,,,,,,NLPI[gemma3:1b|P4],1,gemma3:1b,P4,,,,,,,,,,,,,4.0,projected,,,,,,,,,,,,,,,,,,,,3.0531133177191805e-16,1.0,,,,
prompt_fidelity,,,,,,,,,,,,,,,NLPI[gemma3:1b|P4],1,gemma3:1b,P4,,,,,,,,,,,,,4.0,raw,,,,,,,,,,,,,,,,,,0.0,1.0,,,,,,
prompt_fidelity,,,,,,,,,,,,,,,NLPI[gemma3:1b|P4],1,gemma3:1b,P4,,,,,,,,,,,,,4.0,projected,,,,,,,,,,,,,,,,,,,,3.0531133177191805e-16,1.0,,,,
prompt_fidelity,,,,,,,,,,,,,,,NLPI[gemma3:1b|P4],1,gemma3:1b,P4,,,,,,,,,,,,,4.0,raw,,,,,,,,,,,,,,,,,,0.0,1.0,,,,,,
prompt_fidelity,,,,,,,,,,,,,,,NLPI[gemma3:1b|P4],1,gemma3:1b,P4,,,,,,,,,,,,,4.0,projected,,,,,,,,,,,,,,,,,,,,3.0531133177191805e-16,1.0,,,,
prompt_fidelity,,,,,,,,,,,,,,,NLPI[gemma3:1b|P4],1,gemma3:1b,P4,,,,,,,,,,,,,4.0,raw,,,,,,,,,,,,,,,,,,0.0,1.0,,,,,,
prompt_fidelity,,,,,,,,,,,,,,,NLPI[gemma3:1b|P4],1,gemma3:1b,P4,,,,,,,,,,,,,4.0,projected,,,,,,,,,,,,,,,,,,,,3.0531133177191805e-16,1.0,,,,
prompt_fidelity,,,,,,,,,,,,,,,NLPI[gemma3:1b|P4],1,gemma3:1b,P4,,,,,,,,,,,,,4.0,raw,,,,,,,,,,,,,,,,,,0.0,1.0,,,,,,
prompt_fidelity,,,,,,,,,,,,,,,NLPI[gemma3:1b|P4],1,gemma3:1b,P4,,,,,,,,,,,,,4.0,projected,,,,,,,,,,,,,,,,,,,,3.0531133177191805e-16,1.0,,,,
prompt_fidelity,,,,,,,,,,,,,,,NLPI[gemma3:1b|P4],1,gemma3:1b,P4,,,,,,,,,,,,,4.0,raw,,,,,,,,,,,,,,,,,,0.0,1.0,,,,,,
prompt_fidelity,,,,,,,,,,,,,,,NLPI[gemma3:1b|P4],1,gemma3:1b,P4,,,,,,,,,,,,,4.0,projected,,,,,,,,,,,,,,,,,,,,3.0531133177191805e-16,1.0,,,,
prompt_fidelity,,,,,,,,,,,,,,,NLPI[gemma3:1b|P4],1,gemma3:1b,P4,,,,,,,,,,,,,4.0,raw,,,,,,,,,,,,,,,,,,0.0,1.0,,,,,,
prompt_fidelity,,,,,,,,,,,,,,,NLPI[gemma3:1b|P4],1,gemma3:1b,P4,,,,,,,,,,,,,4.0,projected,,,,,,,,,,,,,,,,,,,,3.0531133177191805e-16,1.0,,,,
prompt_fidelity,,,,,,,,,,,,,,,NLPI[gemma3:1b|P4],1,gemma3:1b,P4,,,,,,,,,,,,,4.0,raw,,,,,,,,,,,,,,,,,,0.0,1.0,,,,,,
prompt_fidelity,,,,,,,,,,,,,,,NLPI[gemma3:1b|P4],1,gemma3:1b,P4,,,,,,,,,,,,,4.0,projected,,,,,,,,,,,,,,,,,,,,3.0531133177191805e-16,1.0,,,,
prompt_fidelity,,,,,,,,,,,,,,,NLPI[gemma3:1b|P4],1,gemma3:1b,P4,,,,,,,,,,,,,4.0,raw,,,,,,,,,,,,,,,,,,0.0,1.0,,,,,,
prompt_fidelity,,,,,,,,,,,,,,,NLPI[gemma3:1b|P4],1,gemma3:1b,P4,,,,,,,,,,,,,4.0,projected,,,,,,,,,,,,,,,,,,,,3.0531133177191805e-16,1.0,,,,
prompt_fidelity,,,,,,,,,,,,,,,NLPI[gemma3:1b|P4],1,gemma3:1b,P4,,,,,,,,,,,,,4.0,raw,,,,,,,,,,,,,,,,,,0.0,1.0,,,,,,
prompt_fidelity,,,,,,,,,,,,,,,NLPI[gemma3:1b|P4],1,gemma3:1b,P4,,,,,,,,,,,,,4.0,projected,,,,,,,,,,,,,,,,,,,,3.0531133177191805e-16,1.0,,,,
prompt_fidelity,,,,,,,,,,,,,,,NLPI[gemma3:1b|P4],1,gemma3:1b,P4,,,,,,,,,,,,,4.0,raw,,,,,,,,,,,,,,,,,,0.0,1.0,,,,,,
prompt_fidelity,,,,,,,,,,,,,,,NLPI[gemma3:1b|P4],1,gemma3:1b,P4,,,,,,,,,,,,,4.0,projected,,,,,,,,,,,,,,,,,,,,3.0531133177191805e-16,1.0,,,,
prompt_fidelity,,,,,,,,,,,,,,,NLPI[gemma3:1b|P4],1,gemma3:1b,P4,,,,,,,,,,,,,4.0,raw,,,,,,,,,,,,,,,,,,0.0,1.0,,,,,,
prompt_fidelity,,,,,,,,,,,,,,,NLPI[gemma3:1b|P4],1,gemma3:1b,P4,,,,,,,,,,,,,4.0,projected,,,,,,,,,,,,,,,,,,,,3.0531133177191805e-16,1.0,,,,
prompt_fidelity,,,,,,,,,,,,,,,NLPI[gemma3:1b|P4],1,gemma3:1b,P4,,,,,,,,,,,,,4.0,raw,,,,,,,,,,,,,,,,,,0.0,1.0,,,,,,
prompt_fidelity,,,,,,,,,,,,,,,NLPI[gemma3:1b|P4],1,gemma3:1b,P4,,,,,,,,,,,,,4.0,projected,,,,,,,,,,,,,,,,,,,,3.0531133177191805e-16,1.0,,,,
prompt_fidelity,,,,,,,,,,,,,,,NLPI[gemma3:1b|P4],1,gemma3:1b,P4,,,,,,,,,,,,,4.0,raw,,,,,,,,,,,,,,,,,,0.0,1.0,,,,,,
prompt_fidelity,,,,,,,,,,,,,,,NLPI[gemma3:1b|P4],1,gemma3:1b,P4,,,,,,,,,,,,,4.0,projected,,,,,,,,,,,,,,,,,,,,3.0531133177191805e-16,1.0,,,,
prompt_fidelity,,,,,,,,,,,,,,,NLPI[gemma3:1b|P5],1,gemma3:1b,P5,,,,,,,,,,,,,5.0,raw,,,,,,,,,,,,,,,,,,,,,,0.045454545454545456,1.0,,
prompt_fidelity,,,,,,,,,,,,,,,NLPI[gemma3:1b|P5],1,gemma3:1b,P5,,,,,,,,,,,,,5.0,projected,,,,,,,,,,,,,,,,,,,,,,,,0.04545454545454548,1.0
prompt_fidelity,,,,,,,,,,,,,,,NLPI[gemma3:1b|P5],1,gemma3:1b,P5,,,,,,,,,,,,,5.0,raw,,,,,,,,,,,,,,,,,,,,,,0.045454545454545456,1.0,,
prompt_fidelity,,,,,,,,,,,,,,,NLPI[gemma3:1b|P5],1,gemma3:1b,P5,,,,,,,,,,,,,5.0,projected,,,,,,,,,,,,,,,,,,,,,,,,0.04545454545454548,1.0
prompt_fidelity,,,,,,,,,,,,,,,NLPI[gemma3:1b|P5],1,gemma3:1b,P5,,,,,,,,,,,,,5.0,raw,,,,,,,,,,,,,,,,,,,,,,0.045454545454545456,1.0,,
prompt_fidelity,,,,,,,,,,,,,,,NLPI[gemma3:1b|P5],1,gemma3:1b,P5,,,,,,,,,,,,,5.0,projected,,,,,,,,,,,,,,,,,,,,,,,,0.04545454545454548,1.0
prompt_fidelity,,,,,,,,,,,,,,,NLPI[gemma3:1b|P5],1,gemma3:1b,P5,,,,,,,,,,,,,5.0,raw,,,,,,,,,,,,,,,,,,,,,,0.045454545454545456,1.0,,
prompt_fidelity,,,,,,,,,,,,,,,NLPI[gemma3:1b|P5],1,gemma3:1b,P5,,,,,,,,,,,,,5.0,projected,,,,,,,,,,,,,,,,,,,,,,,,0.04545454545454548,1.0
prompt_fidelity,,,,,,,,,,,,,,,NLPI[gemma3:1b|P5],1,gemma3:1b,P5,,,,,,,,,,,,,5.0,raw,,,,,,,,,,,,,,,,,,,,,,0.045454545454545456,1.0,,
prompt_fidelity,,,,,,,,,,,,,,,NLPI[gemma3:1b|P5],1,gemma3:1b,P5,,,,,,,,,,,,,5.0,projected,,,,,,,,,,,,,,,,,,,,,,,,0.04545454545454548,1.0
prompt_fidelity,,,,,,,,,,,,,,,NLPI[gemma3:1b|P5],1,gemma3:1b,P5,,,,,,,,,,,,,5.0,raw,,,,,,,,,,,,,,,,,,,,,,0.045454545454545456,1.0,,
prompt_fidelity,,,,,,,,,,,,,,,NLPI[gemma3:1b|P5],1,gemma3:1b,P5,,,,,,,,,,,,,5.0,projected,,,,,,,,,,,,,,,,,,,,,,,,0.04545454545454548,1.0
prompt_fidelity,,,,,,,,,,,,,,,NLPI[gemma3:1b|P5],1,gemma3:1b,P5,,,,,,,,,,,,,5.0,raw,,,,,,,,,,,,,,,,,,,,,,0.045454545454545456,1.0,,
prompt_fidelity,,,,,,,,,,,,,,,NLPI[gemma3:1b|P5],1,gemma3:1b,P5,,,,,,,,,,,,,5.0,projected,,,,,,,,,,,,,,,,,,,,,,,,0.04545454545454548,1.0
prompt_fidelity,,,,,,,,,,,,,,,NLPI[gemma3:1b|P5],1,gemma3:1b,P5,,,,,,,,,,,,,5.0,raw,,,,,,,,,,,,,,,,,,,,,,0.045454545454545456,1.0,,
prompt_fidelity,,,,,,,,,,,,,,,NLPI[gemma3:1b|P5],1,gemma3:1b,P5,,,,,,,,,,,,,5.0,projected,,,,,,,,,,,,,,,,,,,,,,,,0.04545454545454548,1.0
prompt_fidelity,,,,,,,,,,,,,,,NLPI[gemma3:1b|P5],1,gemma3:1b,P5,,,,,,,,,,,,,5.0,raw,,,,,,,,,,,,,,,,,,,,,,0.045454545454545456,1.0,,
prompt_fidelity,,,,,,,,,,,,,,,NLPI[gemma3:1b|P5],1,gemma3:1b,P5,,,,,,,,,,,,,5.0,projected,,,,,,,,,,,,,,,,,,,,,,,,0.04545454545454548,1.0
prompt_fidelity,,,,,,,,,,,,,,,NLPI[gemma3:1b|P5],1,gemma3:1b,P5,,,,,,,,,,,,,5.0,raw,,,,,,,,,,,,,,,,,,,,,,0.045454545454545456,1.0,,
prompt_fidelity,,,,,,,,,,,,,,,NLPI[gemma3:1b|P5],1,gemma3:1b,P5,,,,,,,,,,,,,5.0,projected,,,,,,,,,,,,,,,,,,,,,,,,0.04545454545454548,1.0
prompt_fidelity,,,,,,,,,,,,,,,NLPI[gemma3:1b|P5],1,gemma3:1b,P5,,,,,,,,,,,,,5.0,raw,,,,,,,,,,,,,,,,,,,,,,0.045454545454545456,1.0,,
prompt_fidelity,,,,,,,,,,,,,,,NLPI[gemma3:1b|P5],1,gemma3:1b,P5,,,,,,,,,,,,,5.0,projected,,,,,,,,,,,,,,,,,,,,,,,,0.04545454545454548,1.0
prompt_fidelity,,,,,,,,,,,,,,,NLPI[gemma3:1b|P5],1,gemma3:1b,P5,,,,,,,,,,,,,5.0,raw,,,,,,,,,,,,,,,,,,,,,,0.045454545454545456,1.0,,
prompt_fidelity,,,,,,,,,,,,,,,NLPI[gemma3:1b|P5],1,gemma3:1b,P5,,,,,,,,,,,,,5.0,projected,,,,,,,,,,,,,,,,,,,,,,,,0.04545454545454548,1.0
prompt_fidelity,,,,,,,,,,,,,,,NLPI[gemma3:1b|P5],1,gemma3:1b,P5,,,,,,,,,,,,,5.0,raw,,,,,,,,,,,,,,,,,,,,,,0.045454545454545456,1.0,,
prompt_fidelity,,,,,,,,,,,,,,,NLPI[gemma3:1b|P5],1,gemma3:1b,P5,,,,,,,,,,,,,5.0,projected,,,,,,,,,,,,,,,,,,,,,,,,0.04545454545454548,1.0
prompt_fidelity,,,,,,,,,,,,,,,NLPI[gemma3:1b|P5],1,gemma3:1b,P5,,,,,,,,,,,,,5.0,raw,,,,,,,,,,,,,,,,,,,,,,0.045454545454545456,1.0,,
prompt_fidelity,,,,,,,,,,,,,,,NLPI[gemma3:1b|P5],1,gemma3:1b,P5,,,,,,,,,,,,,5.0,projected,,,,,,,,,,,,,,,,,,,,,,,,0.04545454545454548,1.0
prompt_fidelity,,,,,,,,,,,,,,,NLPI[gemma3:1b|P5],1,gemma3:1b,P5,,,,,,,,,,,,,5.0,raw,,,,,,,,,,,,,,,,,,,,,,0.045454545454545456,1.0,,
prompt_fidelity,,,,,,,,,,,,,,,NLPI[gemma3:1b|P5],1,gemma3:1b,P5,,,,,,,,,,,,,5.0,projected,,,,,,,,,,,,,,,,,,,,,,,,0.04545454545454548,1.0
prompt_fidelity,,,,,,,,,,,,,,,NLPI[gemma3:1b|P5],1,gemma3:1b,P5,,,,,,,,,,,,,5.0,raw,,,,,,,,,,,,,,,,,,,,,,0.045454545454545456,1.0,,
prompt_fidelity,,,,,,,,,,,,,,,NLPI[gemma3:1b|P5],1,gemma3:1b,P5,,,,,,,,,,,,,5.0,projected,,,,,,,,,,,,,,,,,,,,,,,,0.04545454545454548,1.0
prompt_fidelity,,,,,,,,,,,,,,,NLPI[gemma3:1b|P5],1,gemma3:1b,P5,,,,,,,,,,,,,5.0,raw,,,,,,,,,,,,,,,,,,,,,,0.045454545454545456,1.0,,
prompt_fidelity,,,,,,,,,,,,,,,NLPI[gemma3:1b|P5],1,gemma3:1b,P5,,,,,,,,,,,,,5.0,projected,,,,,,,,,,,,,,,,,,,,,,,,0.04545454545454548,1.0
prompt_fidelity,,,,,,,,,,,,,,,NLPI[gemma3:1b|P5],1,gemma3:1b,P5,,,,,,,,,,,,,5.0,raw,,,,,,,,,,,,,,,,,,,,,,0.045454545454545456,1.0,,
prompt_fidelity,,,,,,,,,,,,,,,NLPI[gemma3:1b|P5],1,gemma3:1b,P5,,,,,,,,,,,,,5.0,projected,,,,,,,,,,,,,,,,,,,,,,,,0.04545454545454548,1.0
prompt_fidelity,,,,,,,,,,,,,,,NLPI[llama3.1:8b|P1],2,llama3.1:8b,P1,,,,,,,,,,,,,1.0,raw,IWM,IWM,1.0,0.6122448979591837,0.6,0.6,1.0,0.01224489795918371,,,,,,,,,,,,,,,,,
prompt_fidelity,,,,,,,,,,,,,,,NLPI[llama3.1:8b|P1],2,llama3.1:8b,P1,,,,,,,,,,,,,1.0,projected,IWM,,,,0.6,0.6,,,IWM,1.0,0.6,1.0,0.0,0.0,0.0,,,,,,,,,,
prompt_fidelity,,,,,,,,,,,,,,,NLPI[llama3.1:8b|P1],2,llama3.1:8b,P1,,,,,,,,,,,,,1.0,raw,QQQ,IWM,0.0,0.019387755102040816,0.6,0.6,0.0,-0.5806122448979592,,,,,,,,,,,,,,,,,
prompt_fidelity,,,,,,,,,,,,,,,NLPI[llama3.1:8b|P1],2,llama3.1:8b,P1,,,,,,,,,,,,,1.0,projected,QQQ,,,,0.6,0.6,,,IWM,0.0,0.01997084548104957,0.0,-0.5800291545189504,0.0,0.0,,,,,,,,,,
prompt_fidelity,,,,,,,,,,,,,,,NLPI[llama3.1:8b|P1],2,llama3.1:8b,P1,,,,,,,,,,,,,1.0,raw,QQQ,IWM,0.0,0.019387755102040816,0.6,0.6,0.0,-0.5806122448979592,,,,,,,,,,,,,,,,,
prompt_fidelity,,,,,,,,,,,,,,,NLPI[llama3.1:8b|P1],2,llama3.1:8b,P1,,,,,,,,,,,,,1.0,projected,QQQ,,,,0.6,0.6,,,IWM,0.0,0.01997084548104957,0.0,-0.5800291545189504,0.0,0.0,,,,,,,,,,
prompt_fidelity,,,,,,,,,,,,,,,NLPI[llama3.1:8b|P1],2,llama3.1:8b,P1,,,,,,,,,,,,,1.0,raw,QQQ,IWM,0.0,0.019387755102040816,0.6,0.6,0.0,-0.5806122448979592,,,,,,,,,,,,,,,,,
prompt_fidelity,,,,,,,,,,,,,,,NLPI[llama3.1:8b|P1],2,llama3.1:8b,P1,,,,,,,,,,,,,1.0,projected,QQQ,,,,0.6,0.6,,,IWM,0.0,0.01997084548104957,0.0,-0.5800291545189504,0.0,0.0,,,,,,,,,,
prompt_fidelity,,,,,,,,,,,,,,,NLPI[llama3.1:8b|P1],2,llama3.1:8b,P1,,,,,,,,,,,,,1.0,raw,QQQ,QQQ,1.0,0.6006006006006006,0.6,0.6,1.0,0.0006006006006006315,,,,,,,,,,,,,,,,,
prompt_fidelity,,,,,,,,,,,,,,,NLPI[llama3.1:8b|P1],2,llama3.1:8b,P1,,,,,,,,,,,,,1.0,projected,QQQ,,,,0.6,0.6,,,QQQ,1.0,0.6,1.0,0.0,0.0,0.0,,,,,,,,,,
prompt_fidelity,,,,,,,,,,,,,,,NLPI[llama3.1:8b|P1],2,llama3.1:8b,P1,,,,,,,,,,,,,1.0,raw,QQQ,IWM,0.0,0.012171684817424727,0.6,0.6,0.0,-0.5878283151825753,,,,,,,,,,,,,,,,,
prompt_fidelity,,,,,,,,,,,,,,,NLPI[llama3.1:8b|P1],2,llama3.1:8b,P1,,,,,,,,,,,,,1.0,projected,QQQ,,,,0.6,0.6,,,IWM,0.0,0.012171684817424748,0.0,-0.5878283151825753,0.0,0.0,,,,,,,,,,
prompt_fidelity,,,,,,,,,,,,,,,NLPI[llama3.1:8b|P1],2,llama3.1:8b,P1,,,,,,,,,,,,,1.0,raw,VNQ,VNQ,1.0,0.6006006006006006,0.6,0.6,1.0,0.0006006006006006315,,,,,,,,,,,,,,,,,
prompt_fidelity,,,,,,,,,,,,,,,NLPI[llama3.1:8b|P1],2,llama3.1:8b,P1,,,,,,,,,,,,,1.0,projected,VNQ,,,,0.6,0.6,,,VNQ,1.0,0.6,1.0,0.0,0.0,0.0,,,,,,,,,,
prompt_fidelity,,,,,,,,,,,,,,,NLPI[llama3.1:8b|P1],2,llama3.1:8b,P1,,,,,,,,,,,,,1.0,raw,TLT,QQQ,0.0,0.019019019019019017,0.6,0.6,0.0,-0.5809809809809809,,,,,,,,,,,,,,,,,
prompt_fidelity,,,,,,,,,,,,,,,NLPI[llama3.1:8b|P1],2,llama3.1:8b,P1,,,,,,,,,,,,,1.0,projected,TLT,,,,0.6,0.6,,,QQQ,0.0,0.01904761904761904,0.0,-0.5809523809523809,0.0,0.0,,,,,,,,,,
prompt_fidelity,,,,,,,,,,,,,,,NLPI[llama3.1:8b|P1],2,llama3.1:8b,P1,,,,,,,,,,,,,1.0,raw,QQQ,QQQ,1.0,0.6006006006006006,0.6,0.6,1.0,0.0006006006006006315,,,,,,,,,,,,,,,,,
prompt_fidelity,,,,,,,,,,,,,,,NLPI[llama3.1:8b|P1],2,llama3.1:8b,P1,,,,,,,,,,,,,1.0,projected,QQQ,,,,0.6,0.6,,,QQQ,1.0,0.6,1.0,0.0,0.0,0.0,,,,,,,,,,
prompt_fidelity,,,,,,,,,,,,,,,NLPI[llama3.1:8b|P1],2,llama3.1:8b,P1,,,,,,,,,,,,,1.0,raw,UUP,IWM,0.0,0.019230769230769232,0.6,0.6,0.0,-0.5807692307692307,,,,,,,,,,,,,,,,,
prompt_fidelity,,,,,,,,,,,,,,,NLPI[llama3.1:8b|P1],2,llama3.1:8b,P1,,,,,,,,,,,,,1.0,projected,UUP,,,,0.6,0.6,,,IWM,0.0,0.01923076923076922,0.0,-0.5807692307692307,0.0,0.0,,,,,,,,,,
prompt_fidelity,,,,,,,,,,,,,,,NLPI[llama3.1:8b|P1],2,llama3.1:8b,P1,,,,,,,,,,,,,1.0,raw,UUP,VNQ,0.0,0.019019019019019017,0.6,0.6,0.0,-0.5809809809809809,,,,,,,,,,,,,,,,,
prompt_fidelity,,,,,,,,,,,,,,,NLPI[llama3.1:8b|P1],2,llama3.1:8b,P1,,,,,,,,,,,,,1.0,projected,UUP,,,,0.6,0.6,,,VNQ,0.0,0.019047619047619053,0.0,-0.5809523809523809,0.0,0.0,,,,,,,,,,
prompt_fidelity,,,,,,,,,,,,,,,NLPI[llama3.1:8b|P1],2,llama3.1:8b,P1,,,,,,,,,,,,,1.0,raw,QQQ,SPY,0.0,0.019019019019019017,0.6,0.6,0.0,-0.5809809809809809,,,,,,,,,,,,,,,,,
prompt_fidelity,,,,,,,,,,,,,,,NLPI[llama3.1:8b|P1],2,llama3.1:8b,P1,,,,,,,,,,,,,1.0,projected,QQQ,,,,0.6,0.6,,,SPY,0.0,0.01904761904761904,0.0,-0.5809523809523809,0.0,0.0,,,,,,,,,,
prompt_fidelity,,,,,,,,,,,,,,,NLPI[llama3.1:8b|P1],2,llama3.1:8b,P1,,,,,,,,,,,,,1.0,raw,QQQ,SPY,0.0,0.019019019019019017,0.6,0.6,0.0,-0.5809809809809809,,,,,,,,,,,,,,,,,
prompt_fidelity,,,,,,,,,,,,,,,NLPI[llama3.1:8b|P1],2,llama3.1:8b,P1,,,,,,,,,,,,,1.0,projected,QQQ,,,,0.6,0.6,,,SPY,0.0,0.01904761904761904,0.0,-0.5809523809523809,0.0,0.0,,,,,,,,,,
prompt_fidelity,,,,,,,,,,,,,,,NLPI[llama3.1:8b|P1],2,llama3.1:8b,P1,,,,,,,,,,,,,1.0,raw,TLT,DBC,0.0,0.019019019019019017,0.6,0.6,0.0,-0.5809809809809809,,,,,,,,,,,,,,,,,
prompt_fidelity,,,,,,,,,,,,,,,NLPI[llama3.1:8b|P1],2,llama3.1:8b,P1,,,,,,,,,,,,,1.0,projected,TLT,,,,0.6,0.6,,,DBC,0.0,0.019047619047619053,0.0,-0.5809523809523809,0.0,0.0,,,,,,,,,,
prompt_fidelity,,,,,,,,,,,,,,,NLPI[llama3.1:8b|P1],2,llama3.1:8b,P1,,,,,,,,,,,,,1.0,raw,VNQ,SPY,0.0,0.019019019019019017,0.6,0.6,0.0,-0.5809809809809809,,,,,,,,,,,,,,,,,
prompt_fidelity,,,,,,,,,,,,,,,NLPI[llama3.1:8b|P1],2,llama3.1:8b,P1,,,,,,,,,,,,,1.0,projected,VNQ,,,,0.6,0.6,,,SPY,0.0,0.01904761904761904,0.0,-0.5809523809523809,0.0,0.0,,,,,,,,,,
prompt_fidelity,,,,,,,,,,,,,,,NLPI[llama3.1:8b|P1],2,llama3.1:8b,P1,,,,,,,,,,,,,1.0,raw,SLV,SPY,0.0,0.02243211334120425,0.6,0.6,0.0,-0.5775678866587958,,,,,,,,,,,,,,,,,
prompt_fidelity,,,,,,,,,,,,,,,NLPI[llama3.1:8b|P1],2,llama3.1:8b,P1,,,,,,,,,,,,,1.0,projected,SLV,,,,0.6,0.6,,,SPY,0.0,0.027593186034744477,0.0,-0.5724068139652555,0.0,0.0,,,,,,,,,,
prompt_fidelity,,,,,,,,,,,,,,,NLPI[llama3.1:8b|P1],2,llama3.1:8b,P1,,,,,,,,,,,,,1.0,raw,VNQ,TLT,0.0,0.019387755102040816,0.6,0.6,0.0,-0.5806122448979592,,,,,,,,,,,,,,,,,
prompt_fidelity,,,,,,,,,,,,,,,NLPI[llama3.1:8b|P1],2,llama3.1:8b,P1,,,,,,,,,,,,,1.0,projected,VNQ,,,,0.6,0.6,,,TLT,0.0,0.01997084548104957,0.0,-0.5800291545189504,0.0,0.0,,,,,,,,,,
prompt_fidelity,,,,,,,,,,,,,,,NLPI[llama3.1:8b|P1],2,llama3.1:8b,P1,,,,,,,,,,,,,1.0,raw,SLV,DBC,0.0,0.019387755102040816,0.6,0.6,0.0,-0.5806122448979592,,,,,,,,,,,,,,,,,
prompt_fidelity,,,,,,,,,,,,,,,NLPI[llama3.1:8b|P1],2,llama3.1:8b,P1,,,,,,,,,,,,,1.0,projected,SLV,,,,0.6,0.6,,,DBC,0.0,0.019970845481049573,0.0,-0.5800291545189504,0.0,0.0,,,,,,,,,,
prompt_fidelity,,,,,,,,,,,,,,,NLPI[llama3.1:8b|P2],2,llama3.1:8b,P2,,,,,,,,,,,,,2.0,raw,BIL,BIL,1.0,0.6369426751592356,0.6,0.6,1.0,0.03694267515923566,,,,,,,,,,,,,,,,,
prompt_fidelity,,,,,,,,,,,,,,,NLPI[llama3.1:8b|P2],2,llama3.1:8b,P2,,,,,,,,,,,,,2.0,projected,BIL,,,,0.6,0.6,,,BIL,1.0,0.6,1.0,0.0,0.0,0.0,,,,,,,,,,
prompt_fidelity,,,,,,,,,,,,,,,NLPI[llama3.1:8b|P2],2,llama3.1:8b,P2,,,,,,,,,,,,,2.0,raw,BIL,BIL,1.0,0.6369426751592356,0.6,0.6,1.0,0.03694267515923566,,,,,,,,,,,,,,,,,
prompt_fidelity,,,,,,,,,,,,,,,NLPI[llama3.1:8b|P2],2,llama3.1:8b,P2,,,,,,,,,,,,,2.0,projected,BIL,,,,0.6,0.6,,,BIL,1.0,0.6,1.0,0.0,0.0,0.0,,,,,,,,,,
prompt_fidelity,,,,,,,,,,,,,,,NLPI[llama3.1:8b|P2],2,llama3.1:8b,P2,,,,,,,,,,,,,2.0,raw,BIL,BIL,1.0,0.6369426751592356,0.6,0.6,1.0,0.03694267515923566,,,,,,,,,,,,,,,,,
prompt_fidelity,,,,,,,,,,,,,,,NLPI[llama3.1:8b|P2],2,llama3.1:8b,P2,,,,,,,,,,,,,2.0,projected,BIL,,,,0.6,0.6,,,BIL,1.0,0.6,1.0,0.0,0.0,0.0,,,,,,,,,,
prompt_fidelity,,,,,,,,,,,,,,,NLPI[llama3.1:8b|P2],2,llama3.1:8b,P2,,,,,,,,,,,,,2.0,raw,BIL,BIL,1.0,0.6369426751592356,0.6,0.6,1.0,0.03694267515923566,,,,,,,,,,,,,,,,,
prompt_fidelity,,,,,,,,,,,,,,,NLPI[llama3.1:8b|P2],2,llama3.1:8b,P2,,,,,,,,,,,,,2.0,projected,BIL,,,,0.6,0.6,,,BIL,1.0,0.6,1.0,0.0,0.0,0.0,,,,,,,,,,
prompt_fidelity,,,,,,,,,,,,,,,NLPI[llama3.1:8b|P2],2,llama3.1:8b,P2,,,,,,,,,,,,,2.0,raw,BIL,BIL,1.0,0.6006006006006006,0.6,0.6,1.0,0.0006006006006006315,,,,,,,,,,,,,,,,,
prompt_fidelity,,,,,,,,,,,,,,,NLPI[llama3.1:8b|P2],2,llama3.1:8b,P2,,,,,,,,,,,,,2.0,projected,BIL,,,,0.6,0.6,,,BIL,1.0,0.6,1.0,0.0,0.0,0.0,,,,,,,,,,
prompt_fidelity,,,,,,,,,,,,,,,NLPI[llama3.1:8b|P2],2,llama3.1:8b,P2,,,,,,,,,,,,,2.0,raw,BIL,BIL,1.0,0.6369426751592356,0.6,0.6,1.0,0.03694267515923566,,,,,,,,,,,,,,,,,
prompt_fidelity,,,,,,,,,,,,,,,NLPI[llama3.1:8b|P2],2,llama3.1:8b,P2,,,,,,,,,,,,,2.0,projected,BIL,,,,0.6,0.6,,,BIL,1.0,0.6,1.0,0.0,0.0,0.0,,,,,,,,,,
prompt_fidelity,,,,,,,,,,,,,,,NLPI[llama3.1:8b|P2],2,llama3.1:8b,P2,,,,,,,,,,,,,2.0,raw,BIL,BIL,1.0,0.6006006006006006,0.6,0.6,1.0,0.0006006006006006315,,,,,,,,,,,,,,,,,
prompt_fidelity,,,,,,,,,,,,,,,NLPI[llama3.1:8b|P2],2,llama3.1:8b,P2,,,,,,,,,,,,,2.0,projected,BIL,,,,0.6,0.6,,,BIL,1.0,0.6,1.0,0.0,0.0,0.0,,,,,,,,,,
prompt_fidelity,,,,,,,,,,,,,,,NLPI[llama3.1:8b|P2],2,llama3.1:8b,P2,,,,,,,,,,,,,2.0,raw,BIL,BIL,1.0,0.6006006006006006,0.6,0.6,1.0,0.0006006006006006315,,,,,,,,,,,,,,,,,
prompt_fidelity,,,,,,,,,,,,,,,NLPI[llama3.1:8b|P2],2,llama3.1:8b,P2,,,,,,,,,,,,,2.0,projected,BIL,,,,0.6,0.6,,,BIL,1.0,0.6,1.0,0.0,0.0,0.0,,,,,,,,,,
prompt_fidelity,,,,,,,,,,,,,,,NLPI[llama3.1:8b|P2],2,llama3.1:8b,P2,,,,,,,,,,,,,2.0,raw,BIL,BIL,1.0,0.6500541711809318,0.6,0.6,1.0,0.050054171180931806,,,,,,,,,,,,,,,,,
prompt_fidelity,,,,,,,,,,,,,,,NLPI[llama3.1:8b|P2],2,llama3.1:8b,P2,,,,,,,,,,,,,2.0,projected,BIL,,,,0.6,0.6,,,BIL,1.0,0.6,1.0,0.0,0.0,0.0,,,,,,,,,,
prompt_fidelity,,,,,,,,,,,,,,,NLPI[llama3.1:8b|P2],2,llama3.1:8b,P2,,,,,,,,,,,,,2.0,raw,BIL,BIL,1.0,0.6369426751592356,0.6,0.6,1.0,0.03694267515923566,,,,,,,,,,,,,,,,,
prompt_fidelity,,,,,,,,,,,,,,,NLPI[llama3.1:8b|P2],2,llama3.1:8b,P2,,,,,,,,,,,,,2.0,projected,BIL,,,,0.6,0.6,,,BIL,1.0,0.6,1.0,0.0,0.0,0.0,,,,,,,,,,
prompt_fidelity,,,,,,,,,,,,,,,NLPI[llama3.1:8b|P2],2,llama3.1:8b,P2,,,,,,,,,,,,,2.0,raw,BIL,BIL,1.0,0.7083825265643447,0.6,0.6,1.0,0.10838252656434477,,,,,,,,,,,,,,,,,
prompt_fidelity,,,,,,,,,,,,,,,NLPI[llama3.1:8b|P2],2,llama3.1:8b,P2,,,,,,,,,,,,,2.0,projected,BIL,,,,0.6,0.6,,,BIL,1.0,0.6,1.0,0.0,0.0,0.0,,,,,,,,,,
prompt_fidelity,,,,,,,,,,,,,,,NLPI[llama3.1:8b|P2],2,llama3.1:8b,P2,,,,,,,,,,,,,2.0,raw,BIL,BIL,1.0,0.6006006006006006,0.6,0.6,1.0,0.0006006006006006315,,,,,,,,,,,,,,,,,
prompt_fidelity,,,,,,,,,,,,,,,NLPI[llama3.1:8b|P2],2,llama3.1:8b,P2,,,,,,,,,,,,,2.0,projected,BIL,,,,0.6,0.6,,,BIL,1.0,0.6,1.0,0.0,0.0,0.0,,,,,,,,,,
prompt_fidelity,,,,,,,,,,,,,,,NLPI[llama3.1:8b|P2],2,llama3.1:8b,P2,,,,,,,,,,,,,2.0,raw,BIL,BIL,1.0,0.6500541711809318,0.6,0.6,1.0,0.050054171180931806,,,,,,,,,,,,,,,,,
prompt_fidelity,,,,,,,,,,,,,,,NLPI[llama3.1:8b|P2],2,llama3.1:8b,P2,,,,,,,,,,,,,2.0,projected,BIL,,,,0.6,0.6,,,BIL,1.0,0.6,1.0,0.0,0.0,0.0,,,,,,,,,,
prompt_fidelity,,,,,,,,,,,,,,,NLPI[llama3.1:8b|P2],2,llama3.1:8b,P2,,,,,,,,,,,,,2.0,raw,BIL,BIL,1.0,0.6369426751592356,0.6,0.6,1.0,0.03694267515923566,,,,,,,,,,,,,,,,,
prompt_fidelity,,,,,,,,,,,,,,,NLPI[llama3.1:8b|P2],2,llama3.1:8b,P2,,,,,,,,,,,,,2.0,projected,BIL,,,,0.6,0.6,,,BIL,1.0,0.6,1.0,0.0,0.0,0.0,,,,,,,,,,
prompt_fidelity,,,,,,,,,,,,,,,NLPI[llama3.1:8b|P2],2,llama3.1:8b,P2,,,,,,,,,,,,,2.0,raw,BIL,BIL,1.0,0.6006006006006006,0.6,0.6,1.0,0.0006006006006006315,,,,,,,,,,,,,,,,,
prompt_fidelity,,,,,,,,,,,,,,,NLPI[llama3.1:8b|P2],2,llama3.1:8b,P2,,,,,,,,,,,,,2.0,projected,BIL,,,,0.6,0.6,,,BIL,1.0,0.6,1.0,0.0,0.0,0.0,,,,,,,,,,
prompt_fidelity,,,,,,,,,,,,,,,NLPI[llama3.1:8b|P2],2,llama3.1:8b,P2,,,,,,,,,,,,,2.0,raw,BIL,BIL,1.0,0.6637168141592921,0.6,0.6,1.0,0.06371681415929209,,,,,,,,,,,,,,,,,
prompt_fidelity,,,,,,,,,,,,,,,NLPI[llama3.1:8b|P2],2,llama3.1:8b,P2,,,,,,,,,,,,,2.0,projected,BIL,,,,0.6,0.6,,,BIL,1.0,0.6,1.0,0.0,0.0,0.0,,,,,,,,,,
prompt_fidelity,,,,,,,,,,,,,,,NLPI[llama3.1:8b|P2],2,llama3.1:8b,P2,,,,,,,,,,,,,2.0,raw,BIL,BIL,1.0,0.6006006006006006,0.6,0.6,1.0,0.0006006006006006315,,,,,,,,,,,,,,,,,
prompt_fidelity,,,,,,,,,,,,,,,NLPI[llama3.1:8b|P2],2,llama3.1:8b,P2,,,,,,,,,,,,,2.0,projected,BIL,,,,0.6,0.6,,,BIL,1.0,0.6,1.0,0.0,0.0,0.0,,,,,,,,,,
prompt_fidelity,,,,,,,,,,,,,,,NLPI[llama3.1:8b|P2],2,llama3.1:8b,P2,,,,,,,,,,,,,2.0,raw,BIL,BIL,1.0,0.6500541711809318,0.6,0.6,1.0,0.050054171180931806,,,,,,,,,,,,,,,,,
prompt_fidelity,,,,,,,,,,,,,,,NLPI[llama3.1:8b|P2],2,llama3.1:8b,P2,,,,,,,,,,,,,2.0,projected,BIL,,,,0.6,0.6,,,BIL,1.0,0.6,1.0,0.0,0.0,0.0,,,,,,,,,,
prompt_fidelity,,,,,,,,,,,,,,,NLPI[llama3.1:8b|P3],2,llama3.1:8b,P3,,,,,,,,,,,,,3.0,raw,SLV,DBC,0.0,0.019019019019019017,0.6,0.6,0.0,-0.5809809809809809,,,,,,,,,,,,,,,,,
prompt_fidelity,,,,,,,,,,,,,,,NLPI[llama3.1:8b|P3],2,llama3.1:8b,P3,,,,,,,,,,,,,3.0,projected,SLV,,,,0.6,0.6,,,DBC,0.0,0.019047619047619053,0.0,-0.5809523809523809,0.0,0.0,,,,,,,,,,
prompt_fidelity,,,,,,,,,,,,,,,NLPI[llama3.1:8b|P3],2,llama3.1:8b,P3,,,,,,,,,,,,,3.0,raw,EEM,DBC,0.0,0.019019019019019017,0.6,0.6,0.0,-0.5809809809809809,,,,,,,,,,,,,,,,,
prompt_fidelity,,,,,,,,,,,,,,,NLPI[llama3.1:8b|P3],2,llama3.1:8b,P3,,,,,,,,,,,,,3.0,projected,EEM,,,,0.6,0.6,,,DBC,0.0,0.019047619047619053,0.0,-0.5809523809523809,0.0,0.0,,,,,,,,,,
prompt_fidelity,,,,,,,,,,,,,,,NLPI[llama3.1:8b|P3],2,llama3.1:8b,P3,,,,,,,,,,,,,3.0,raw,UUP,DBC,0.0,0.019019019019019017,0.6,0.6,0.0,-0.5809809809809809,,,,,,,,,,,,,,,,,
prompt_fidelity,,,,,,,,,,,,,,,NLPI[llama3.1:8b|P3],2,llama3.1:8b,P3,,,,,,,,,,,,,3.0,projected,UUP,,,,0.6,0.6,,,DBC,0.0,0.019047619047619053,0.0,-0.5809523809523809,0.0,0.0,,,,,,,,,,
prompt_fidelity,,,,,,,,,,,,,,,NLPI[llama3.1:8b|P3],2,llama3.1:8b,P3,,,,,,,,,,,,,3.0,raw,UUP,DBC,0.0,0.019019019019019017,0.6,0.6,0.0,-0.5809809809809809,,,,,,,,,,,,,,,,,
prompt_fidelity,,,,,,,,,,,,,,,NLPI[llama3.1:8b|P3],2,llama3.1:8b,P3,,,,,,,,,,,,,3.0,projected,UUP,,,,0.6,0.6,,,DBC,0.0,0.019047619047619053,0.0,-0.5809523809523809,0.0,0.0,,,,,,,,,,
prompt_fidelity,,,,,,,,,,,,,,,NLPI[llama3.1:8b|P3],2,llama3.1:8b,P3,,,,,,,,,,,,,3.0,raw,DBC,DBC,1.0,0.6006006006006006,0.6,0.6,1.0,0.0006006006006006315,,,,,,,,,,,,,,,,,
prompt_fidelity,,,,,,,,,,,,,,,NLPI[llama3.1:8b|P3],2,llama3.1:8b,P3,,,,,,,,,,,,,3.0,projected,DBC,,,,0.6,0.6,,,DBC,1.0,0.6,1.0,0.0,0.0,0.0,,,,,,,,,,
prompt_fidelity,,,,,,,,,,,,,,,NLPI[llama3.1:8b|P3],2,llama3.1:8b,P3,,,,,,,,,,,,,3.0,raw,SLV,DBC,0.0,0.019019019019019017,0.6,0.6,0.0,-0.5809809809809809,,,,,,,,,,,,,,,,,
prompt_fidelity,,,,,,,,,,,,,,,NLPI[llama3.1:8b|P3],2,llama3.1:8b,P3,,,,,,,,,,,,,3.0,projected,SLV,,,,0.6,0.6,,,DBC,0.0,0.019047619047619053,0.0,-0.5809523809523809,0.0,0.0,,,,,,,,,,
prompt_fidelity,,,,,,,,,,,,,,,NLPI[llama3.1:8b|P3],2,llama3.1:8b,P3,,,,,,,,,,,,,3.0,raw,DBC,DBC,1.0,0.6006006006006006,0.6,0.6,1.0,0.0006006006006006315,,,,,,,,,,,,,,,,,
prompt_fidelity,,,,,,,,,,,,,,,NLPI[llama3.1:8b|P3],2,llama3.1:8b,P3,,,,,,,,,,,,,3.0,projected,DBC,,,,0.6,0.6,,,DBC,1.0,0.6,1.0,0.0,0.0,0.0,,,,,,,,,,
prompt_fidelity,,,,,,,,,,,,,,,NLPI[llama3.1:8b|P3],2,llama3.1:8b,P3,,,,,,,,,,,,,3.0,raw,DBC,DBC,1.0,0.6006006006006006,0.6,0.6,1.0,0.0006006006006006315,,,,,,,,,,,,,,,,,
prompt_fidelity,,,,,,,,,,,,,,,NLPI[llama3.1:8b|P3],2,llama3.1:8b,P3,,,,,,,,,,,,,3.0,projected,DBC,,,,0.6,0.6,,,DBC,1.0,0.6,1.0,0.0,0.0,0.0,,,,,,,,,,
prompt_fidelity,,,,,,,,,,,,,,,NLPI[llama3.1:8b|P3],2,llama3.1:8b,P3,,,,,,,,,,,,,3.0,raw,TLT,DBC,0.0,0.019019019019019017,0.6,0.6,0.0,-0.5809809809809809,,,,,,,,,,,,,,,,,
prompt_fidelity,,,,,,,,,,,,,,,NLPI[llama3.1:8b|P3],2,llama3.1:8b,P3,,,,,,,,,,,,,3.0,projected,TLT,,,,0.6,0.6,,,DBC,0.0,0.019047619047619053,0.0,-0.5809523809523809,0.0,0.0,,,,,,,,,,
prompt_fidelity,,,,,,,,,,,,,,,NLPI[llama3.1:8b|P3],2,llama3.1:8b,P3,,,,,,,,,,,,,3.0,raw,TLT,DBC,0.0,0.019019019019019017,0.6,0.6,0.0,-0.5809809809809809,,,,,,,,,,,,,,,,,
prompt_fidelity,,,,,,,,,,,,,,,NLPI[llama3.1:8b|P3],2,llama3.1:8b,P3,,,,,,,,,,,,,3.0,projected,TLT,,,,0.6,0.6,,,DBC,0.0,0.019047619047619053,0.0,-0.5809523809523809,0.0,0.0,,,,,,,,,,
prompt_fidelity,,,,,,,,,,,,,,,NLPI[llama3.1:8b|P3],2,llama3.1:8b,P3,,,,,,,,,,,,,3.0,raw,VWO,DBC,0.0,0.019019019019019017,0.6,0.6,0.0,-0.5809809809809809,,,,,,,,,,,,,,,,,
prompt_fidelity,,,,,,,,,,,,,,,NLPI[llama3.1:8b|P3],2,llama3.1:8b,P3,,,,,,,,,,,,,3.0,projected,VWO,,,,0.6,0.6,,,DBC,0.0,0.019047619047619053,0.0,-0.5809523809523809,0.0,0.0,,,,,,,,,,
prompt_fidelity,,,,,,,,,,,,,,,NLPI[llama3.1:8b|P3],2,llama3.1:8b,P3,,,,,,,,,,,,,3.0,raw,VWO,DBC,0.0,0.019019019019019017,0.6,0.6,0.0,-0.5809809809809809,,,,,,,,,,,,,,,,,
prompt_fidelity,,,,,,,,,,,,,,,NLPI[llama3.1:8b|P3],2,llama3.1:8b,P3,,,,,,,,,,,,,3.0,projected,VWO,,,,0.6,0.6,,,DBC,0.0,0.019047619047619053,0.0,-0.5809523809523809,0.0,0.0,,,,,,,,,,
prompt_fidelity,,,,,,,,,,,,,,,NLPI[llama3.1:8b|P3],2,llama3.1:8b,P3,,,,,,,,,,,,,3.0,raw,DBC,DBC,1.0,0.6006006006006006,0.6,0.6,1.0,0.0006006006006006315,,,,,,,,,,,,,,,,,
prompt_fidelity,,,,,,,,,,,,,,,NLPI[llama3.1:8b|P3],2,llama3.1:8b,P3,,,,,,,,,,,,,3.0,projected,DBC,,,,0.6,0.6,,,DBC,1.0,0.6,1.0,0.0,0.0,0.0,,,,,,,,,,
prompt_fidelity,,,,,,,,,,,,,,,NLPI[llama3.1:8b|P3],2,llama3.1:8b,P3,,,,,,,,,,,,,3.0,raw,IWM,DBC,0.0,0.019019019019019017,0.6,0.6,0.0,-0.5809809809809809,,,,,,,,,,,,,,,,,
prompt_fidelity,,,,,,,,,,,,,,,NLPI[llama3.1:8b|P3],2,llama3.1:8b,P3,,,,,,,,,,,,,3.0,projected,IWM,,,,0.6,0.6,,,DBC,0.0,0.019047619047619053,0.0,-0.5809523809523809,0.0,0.0,,,,,,,,,,
prompt_fidelity,,,,,,,,,,,,,,,NLPI[llama3.1:8b|P3],2,llama3.1:8b,P3,,,,,,,,,,,,,3.0,raw,UUP,DBC,0.0,0.019019019019019017,0.6,0.6,0.0,-0.5809809809809809,,,,,,,,,,,,,,,,,
prompt_fidelity,,,,,,,,,,,,,,,NLPI[llama3.1:8b|P3],2,llama3.1:8b,P3,,,,,,,,,,,,,3.0,projected,UUP,,,,0.6,0.6,,,DBC,0.0,0.019047619047619053,0.0,-0.5809523809523809,0.0,0.0,,,,,,,,,,
prompt_fidelity,,,,,,,,,,,,,,,NLPI[llama3.1:8b|P3],2,llama3.1:8b,P3,,,,,,,,,,,,,3.0,raw,QQQ,DBC,0.0,0.019019019019019017,0.6,0.6,0.0,-0.5809809809809809,,,,,,,,,,,,,,,,,
prompt_fidelity,,,,,,,,,,,,,,,NLPI[llama3.1:8b|P3],2,llama3.1:8b,P3,,,,,,,,,,,,,3.0,projected,QQQ,,,,0.6,0.6,,,DBC,0.0,0.019047619047619053,0.0,-0.5809523809523809,0.0,0.0,,,,,,,,,,
prompt_fidelity,,,,,,,,,,,,,,,NLPI[llama3.1:8b|P3],2,llama3.1:8b,P3,,,,,,,,,,,,,3.0,raw,DBC,DBC,1.0,0.6006006006006006,0.6,0.6,1.0,0.0006006006006006315,,,,,,,,,,,,,,,,,
prompt_fidelity,,,,,,,,,,,,,,,NLPI[llama3.1:8b|P3],2,llama3.1:8b,P3,,,,,,,,,,,,,3.0,projected,DBC,,,,0.6,0.6,,,DBC,1.0,0.6,1.0,0.0,0.0,0.0,,,,,,,,,,
prompt_fidelity,,,,,,,,,,,,,,,NLPI[llama3.1:8b|P3],2,llama3.1:8b,P3,,,,,,,,,,,,,3.0,raw,SLV,DBC,0.0,0.019019019019019017,0.6,0.6,0.0,-0.5809809809809809,,,,,,,,,,,,,,,,,
prompt_fidelity,,,,,,,,,,,,,,,NLPI[llama3.1:8b|P3],2,llama3.1:8b,P3,,,,,,,,,,,,,3.0,projected,SLV,,,,0.6,0.6,,,DBC,0.0,0.019047619047619053,0.0,-0.5809523809523809,0.0,0.0,,,,,,,,,,
prompt_fidelity,,,,,,,,,,,,,,,NLPI[llama3.1:8b|P4],2,llama3.1:8b,P4,,,,,,,,,,,,,4.0,raw,,,,,,,,,,,,,,,,,,0.0,1.0,,,,,,
prompt_fidelity,,,,,,,,,,,,,,,NLPI[llama3.1:8b|P4],2,llama3.1:8b,P4,,,,,,,,,,,,,4.0,projected,,,,,,,,,,,,,,,,,,,,3.0531133177191805e-16,1.0,,,,
prompt_fidelity,,,,,,,,,,,,,,,NLPI[llama3.1:8b|P4],2,llama3.1:8b,P4,,,,,,,,,,,,,4.0,raw,,,,,,,,,,,,,,,,,,0.0,1.0,,,,,,
prompt_fidelity,,,,,,,,,,,,,,,NLPI[llama3.1:8b|P4],2,llama3.1:8b,P4,,,,,,,,,,,,,4.0,projected,,,,,,,,,,,,,,,,,,,,3.0531133177191805e-16,1.0,,,,
prompt_fidelity,,,,,,,,,,,,,,,NLPI[llama3.1:8b|P4],2,llama3.1:8b,P4,,,,,,,,,,,,,4.0,raw,,,,,,,,,,,,,,,,,,0.0,1.0,,,,,,
prompt_fidelity,,,,,,,,,,,,,,,NLPI[llama3.1:8b|P4],2,llama3.1:8b,P4,,,,,,,,,,,,,4.0,projected,,,,,,,,,,,,,,,,,,,,3.0531133177191805e-16,1.0,,,,
prompt_fidelity,,,,,,,,,,,,,,,NLPI[llama3.1:8b|P4],2,llama3.1:8b,P4,,,,,,,,,,,,,4.0,raw,,,,,,,,,,,,,,,,,,0.0,1.0,,,,,,
prompt_fidelity,,,,,,,,,,,,,,,NLPI[llama3.1:8b|P4],2,llama3.1:8b,P4,,,,,,,,,,,,,4.0,projected,,,,,,,,,,,,,,,,,,,,3.0531133177191805e-16,1.0,,,,
prompt_fidelity,,,,,,,,,,,,,,,NLPI[llama3.1:8b|P4],2,llama3.1:8b,P4,,,,,,,,,,,,,4.0,raw,,,,,,,,,,,,,,,,,,0.0,1.0,,,,,,
prompt_fidelity,,,,,,,,,,,,,,,NLPI[llama3.1:8b|P4],2,llama3.1:8b,P4,,,,,,,,,,,,,4.0,projected,,,,,,,,,,,,,,,,,,,,3.0531133177191805e-16,1.0,,,,
prompt_fidelity,,,,,,,,,,,,,,,NLPI[llama3.1:8b|P4],2,llama3.1:8b,P4,,,,,,,,,,,,,4.0,raw,,,,,,,,,,,,,,,,,,0.0,1.0,,,,,,
prompt_fidelity,,,,,,,,,,,,,,,NLPI[llama3.1:8b|P4],2,llama3.1:8b,P4,,,,,,,,,,,,,4.0,projected,,,,,,,,,,,,,,,,,,,,3.0531133177191805e-16,1.0,,,,
prompt_fidelity,,,,,,,,,,,,,,,NLPI[llama3.1:8b|P4],2,llama3.1:8b,P4,,,,,,,,,,,,,4.0,raw,,,,,,,,,,,,,,,,,,0.0,1.0,,,,,,
prompt_fidelity,,,,,,,,,,,,,,,NLPI[llama3.1:8b|P4],2,llama3.1:8b,P4,,,,,,,,,,,,,4.0,projected,,,,,,,,,,,,,,,,,,,,3.0531133177191805e-16,1.0,,,,
prompt_fidelity,,,,,,,,,,,,,,,NLPI[llama3.1:8b|P4],2,llama3.1:8b,P4,,,,,,,,,,,,,4.0,raw,,,,,,,,,,,,,,,,,,0.0,1.0,,,,,,
prompt_fidelity,,,,,,,,,,,,,,,NLPI[llama3.1:8b|P4],2,llama3.1:8b,P4,,,,,,,,,,,,,4.0,projected,,,,,,,,,,,,,,,,,,,,3.0531133177191805e-16,1.0,,,,
prompt_fidelity,,,,,,,,,,,,,,,NLPI[llama3.1:8b|P4],2,llama3.1:8b,P4,,,,,,,,,,,,,4.0,raw,,,,,,,,,,,,,,,,,,0.0,1.0,,,,,,
prompt_fidelity,,,,,,,,,,,,,,,NLPI[llama3.1:8b|P4],2,llama3.1:8b,P4,,,,,,,,,,,,,4.0,projected,,,,,,,,,,,,,,,,,,,,3.0531133177191805e-16,1.0,,,,
prompt_fidelity,,,,,,,,,,,,,,,NLPI[llama3.1:8b|P4],2,llama3.1:8b,P4,,,,,,,,,,,,,4.0,raw,,,,,,,,,,,,,,,,,,0.0,1.0,,,,,,
prompt_fidelity,,,,,,,,,,,,,,,NLPI[llama3.1:8b|P4],2,llama3.1:8b,P4,,,,,,,,,,,,,4.0,projected,,,,,,,,,,,,,,,,,,,,3.0531133177191805e-16,1.0,,,,
prompt_fidelity,,,,,,,,,,,,,,,NLPI[llama3.1:8b|P4],2,llama3.1:8b,P4,,,,,,,,,,,,,4.0,raw,,,,,,,,,,,,,,,,,,0.0,1.0,,,,,,
prompt_fidelity,,,,,,,,,,,,,,,NLPI[llama3.1:8b|P4],2,llama3.1:8b,P4,,,,,,,,,,,,,4.0,projected,,,,,,,,,,,,,,,,,,,,3.0531133177191805e-16,1.0,,,,
prompt_fidelity,,,,,,,,,,,,,,,NLPI[llama3.1:8b|P4],2,llama3.1:8b,P4,,,,,,,,,,,,,4.0,raw,,,,,,,,,,,,,,,,,,0.0,1.0,,,,,,
prompt_fidelity,,,,,,,,,,,,,,,NLPI[llama3.1:8b|P4],2,llama3.1:8b,P4,,,,,,,,,,,,,4.0,projected,,,,,,,,,,,,,,,,,,,,3.0531133177191805e-16,1.0,,,,
prompt_fidelity,,,,,,,,,,,,,,,NLPI[llama3.1:8b|P4],2,llama3.1:8b,P4,,,,,,,,,,,,,4.0,raw,,,,,,,,,,,,,,,,,,0.0,1.0,,,,,,
prompt_fidelity,,,,,,,,,,,,,,,NLPI[llama3.1:8b|P4],2,llama3.1:8b,P4,,,,,,,,,,,,,4.0,projected,,,,,,,,,,,,,,,,,,,,3.0531133177191805e-16,1.0,,,,
prompt_fidelity,,,,,,,,,,,,,,,NLPI[llama3.1:8b|P4],2,llama3.1:8b,P4,,,,,,,,,,,,,4.0,raw,,,,,,,,,,,,,,,,,,0.0,1.0,,,,,,
prompt_fidelity,,,,,,,,,,,,,,,NLPI[llama3.1:8b|P4],2,llama3.1:8b,P4,,,,,,,,,,,,,4.0,projected,,,,,,,,,,,,,,,,,,,,3.0531133177191805e-16,1.0,,,,
prompt_fidelity,,,,,,,,,,,,,,,NLPI[llama3.1:8b|P4],2,llama3.1:8b,P4,,,,,,,,,,,,,4.0,raw,,,,,,,,,,,,,,,,,,0.0,1.0,,,,,,
prompt_fidelity,,,,,,,,,,,,,,,NLPI[llama3.1:8b|P4],2,llama3.1:8b,P4,,,,,,,,,,,,,4.0,projected,,,,,,,,,,,,,,,,,,,,3.0531133177191805e-16,1.0,,,,
prompt_fidelity,,,,,,,,,,,,,,,NLPI[llama3.1:8b|P4],2,llama3.1:8b,P4,,,,,,,,,,,,,4.0,raw,,,,,,,,,,,,,,,,,,0.0,1.0,,,,,,
prompt_fidelity,,,,,,,,,,,,,,,NLPI[llama3.1:8b|P4],2,llama3.1:8b,P4,,,,,,,,,,,,,4.0,projected,,,,,,,,,,,,,,,,,,,,3.0531133177191805e-16,1.0,,,,
prompt_fidelity,,,,,,,,,,,,,,,NLPI[llama3.1:8b|P4],2,llama3.1:8b,P4,,,,,,,,,,,,,4.0,raw,,,,,,,,,,,,,,,,,,0.0,1.0,,,,,,
prompt_fidelity,,,,,,,,,,,,,,,NLPI[llama3.1:8b|P4],2,llama3.1:8b,P4,,,,,,,,,,,,,4.0,projected,,,,,,,,,,,,,,,,,,,,3.0531133177191805e-16,1.0,,,,
prompt_fidelity,,,,,,,,,,,,,,,NLPI[llama3.1:8b|P4],2,llama3.1:8b,P4,,,,,,,,,,,,,4.0,raw,,,,,,,,,,,,,,,,,,0.0,1.0,,,,,,
prompt_fidelity,,,,,,,,,,,,,,,NLPI[llama3.1:8b|P4],2,llama3.1:8b,P4,,,,,,,,,,,,,4.0,projected,,,,,,,,,,,,,,,,,,,,3.0531133177191805e-16,1.0,,,,
prompt_fidelity,,,,,,,,,,,,,,,NLPI[llama3.1:8b|P5],2,llama3.1:8b,P5,,,,,,,,,,,,,5.0,raw,,,,,,,,,,,,,,,,,,,,,,0.045454545454545456,1.0,,
prompt_fidelity,,,,,,,,,,,,,,,NLPI[llama3.1:8b|P5],2,llama3.1:8b,P5,,,,,,,,,,,,,5.0,projected,,,,,,,,,,,,,,,,,,,,,,,,0.04545454545454548,1.0
prompt_fidelity,,,,,,,,,,,,,,,NLPI[llama3.1:8b|P5],2,llama3.1:8b,P5,,,,,,,,,,,,,5.0,raw,,,,,,,,,,,,,,,,,,,,,,0.045454545454545456,1.0,,
prompt_fidelity,,,,,,,,,,,,,,,NLPI[llama3.1:8b|P5],2,llama3.1:8b,P5,,,,,,,,,,,,,5.0,projected,,,,,,,,,,,,,,,,,,,,,,,,0.04545454545454548,1.0
prompt_fidelity,,,,,,,,,,,,,,,NLPI[llama3.1:8b|P5],2,llama3.1:8b,P5,,,,,,,,,,,,,5.0,raw,,,,,,,,,,,,,,,,,,,,,,0.045454545454545456,1.0,,
prompt_fidelity,,,,,,,,,,,,,,,NLPI[llama3.1:8b|P5],2,llama3.1:8b,P5,,,,,,,,,,,,,5.0,projected,,,,,,,,,,,,,,,,,,,,,,,,0.04545454545454548,1.0
prompt_fidelity,,,,,,,,,,,,,,,NLPI[llama3.1:8b|P5],2,llama3.1:8b,P5,,,,,,,,,,,,,5.0,raw,,,,,,,,,,,,,,,,,,,,,,0.045454545454545456,1.0,,
prompt_fidelity,,,,,,,,,,,,,,,NLPI[llama3.1:8b|P5],2,llama3.1:8b,P5,,,,,,,,,,,,,5.0,projected,,,,,,,,,,,,,,,,,,,,,,,,0.04545454545454548,1.0
prompt_fidelity,,,,,,,,,,,,,,,NLPI[llama3.1:8b|P5],2,llama3.1:8b,P5,,,,,,,,,,,,,5.0,raw,,,,,,,,,,,,,,,,,,,,,,0.045454545454545456,1.0,,
prompt_fidelity,,,,,,,,,,,,,,,NLPI[llama3.1:8b|P5],2,llama3.1:8b,P5,,,,,,,,,,,,,5.0,projected,,,,,,,,,,,,,,,,,,,,,,,,0.04545454545454548,1.0
prompt_fidelity,,,,,,,,,,,,,,,NLPI[llama3.1:8b|P5],2,llama3.1:8b,P5,,,,,,,,,,,,,5.0,raw,,,,,,,,,,,,,,,,,,,,,,0.045454545454545456,1.0,,
prompt_fidelity,,,,,,,,,,,,,,,NLPI[llama3.1:8b|P5],2,llama3.1:8b,P5,,,,,,,,,,,,,5.0,projected,,,,,,,,,,,,,,,,,,,,,,,,0.04545454545454548,1.0
prompt_fidelity,,,,,,,,,,,,,,,NLPI[llama3.1:8b|P5],2,llama3.1:8b,P5,,,,,,,,,,,,,5.0,raw,,,,,,,,,,,,,,,,,,,,,,0.045454545454545456,1.0,,
prompt_fidelity,,,,,,,,,,,,,,,NLPI[llama3.1:8b|P5],2,llama3.1:8b,P5,,,,,,,,,,,,,5.0,projected,,,,,,,,,,,,,,,,,,,,,,,,0.04545454545454548,1.0
prompt_fidelity,,,,,,,,,,,,,,,NLPI[llama3.1:8b|P5],2,llama3.1:8b,P5,,,,,,,,,,,,,5.0,raw,,,,,,,,,,,,,,,,,,,,,,0.045454545454545456,1.0,,
prompt_fidelity,,,,,,,,,,,,,,,NLPI[llama3.1:8b|P5],2,llama3.1:8b,P5,,,,,,,,,,,,,5.0,projected,,,,,,,,,,,,,,,,,,,,,,,,0.04545454545454548,1.0
prompt_fidelity,,,,,,,,,,,,,,,NLPI[llama3.1:8b|P5],2,llama3.1:8b,P5,,,,,,,,,,,,,5.0,raw,,,,,,,,,,,,,,,,,,,,,,0.045454545454545456,1.0,,
prompt_fidelity,,,,,,,,,,,,,,,NLPI[llama3.1:8b|P5],2,llama3.1:8b,P5,,,,,,,,,,,,,5.0,projected,,,,,,,,,,,,,,,,,,,,,,,,0.04545454545454548,1.0
prompt_fidelity,,,,,,,,,,,,,,,NLPI[llama3.1:8b|P5],2,llama3.1:8b,P5,,,,,,,,,,,,,5.0,raw,,,,,,,,,,,,,,,,,,,,,,0.045454545454545456,1.0,,
prompt_fidelity,,,,,,,,,,,,,,,NLPI[llama3.1:8b|P5],2,llama3.1:8b,P5,,,,,,,,,,,,,5.0,projected,,,,,,,,,,,,,,,,,,,,,,,,0.04545454545454548,1.0
prompt_fidelity,,,,,,,,,,,,,,,NLPI[llama3.1:8b|P5],2,llama3.1:8b,P5,,,,,,,,,,,,,5.0,raw,,,,,,,,,,,,,,,,,,,,,,0.045454545454545456,1.0,,
prompt_fidelity,,,,,,,,,,,,,,,NLPI[llama3.1:8b|P5],2,llama3.1:8b,P5,,,,,,,,,,,,,5.0,projected,,,,,,,,,,,,,,,,,,,,,,,,0.04545454545454548,1.0
prompt_fidelity,,,,,,,,,,,,,,,NLPI[llama3.1:8b|P5],2,llama3.1:8b,P5,,,,,,,,,,,,,5.0,raw,,,,,,,,,,,,,,,,,,,,,,0.045454545454545456,1.0,,
prompt_fidelity,,,,,,,,,,,,,,,NLPI[llama3.1:8b|P5],2,llama3.1:8b,P5,,,,,,,,,,,,,5.0,projected,,,,,,,,,,,,,,,,,,,,,,,,0.04545454545454548,1.0
prompt_fidelity,,,,,,,,,,,,,,,NLPI[llama3.1:8b|P5],2,llama3.1:8b,P5,,,,,,,,,,,,,5.0,raw,,,,,,,,,,,,,,,,,,,,,,0.045454545454545456,1.0,,
prompt_fidelity,,,,,,,,,,,,,,,NLPI[llama3.1:8b|P5],2,llama3.1:8b,P5,,,,,,,,,,,,,5.0,projected,,,,,,,,,,,,,,,,,,,,,,,,0.04545454545454548,1.0
prompt_fidelity,,,,,,,,,,,,,,,NLPI[llama3.1:8b|P5],2,llama3.1:8b,P5,,,,,,,,,,,,,5.0,raw,,,,,,,,,,,,,,,,,,,,,,0.045454545454545456,1.0,,
prompt_fidelity,,,,,,,,,,,,,,,NLPI[llama3.1:8b|P5],2,llama3.1:8b,P5,,,,,,,,,,,,,5.0,projected,,,,,,,,,,,,,,,,,,,,,,,,0.04545454545454548,1.0
prompt_fidelity,,,,,,,,,,,,,,,NLPI[llama3.1:8b|P5],2,llama3.1:8b,P5,,,,,,,,,,,,,5.0,raw,,,,,,,,,,,,,,,,,,,,,,0.045454545454545456,1.0,,
prompt_fidelity,,,,,,,,,,,,,,,NLPI[llama3.1:8b|P5],2,llama3.1:8b,P5,,,,,,,,,,,,,5.0,projected,,,,,,,,,,,,,,,,,,,,,,,,0.04545454545454548,1.0
prompt_fidelity,,,,,,,,,,,,,,,NLPI[llama3.1:8b|P5],2,llama3.1:8b,P5,,,,,,,,,,,,,5.0,raw,,,,,,,,,,,,,,,,,,,,,,0.045454545454545456,1.0,,
prompt_fidelity,,,,,,,,,,,,,,,NLPI[llama3.1:8b|P5],2,llama3.1:8b,P5,,,,,,,,,,,,,5.0,projected,,,,,,,,,,,,,,,,,,,,,,,,0.04545454545454548,1.0
prompt_fidelity,,,,,,,,,,,,,,,NLPI[llama3.1:8b|P5],2,llama3.1:8b,P5,,,,,,,,,,,,,5.0,raw,,,,,,,,,,,,,,,,,,,,,,0.045454545454545456,1.0,,
prompt_fidelity,,,,,,,,,,,,,,,NLPI[llama3.1:8b|P5],2,llama3.1:8b,P5,,,,,,,,,,,,,5.0,projected,,,,,,,,,,,,,,,,,,,,,,,,0.04545454545454548,1.0
prompt_fidelity,,,,,,,,,,,,,,,NLPI[llama3.1:8b|P5],2,llama3.1:8b,P5,,,,,,,,,,,,,5.0,raw,,,,,,,,,,,,,,,,,,,,,,0.045454545454545456,1.0,,
prompt_fidelity,,,,,,,,,,,,,,,NLPI[llama3.1:8b|P5],2,llama3.1:8b,P5,,,,,,,,,,,,,5.0,projected,,,,,,,,,,,,,,,,,,,,,,,,0.04545454545454548,1.0
prompt_fidelity,,,,,,,,,,,,,,,NLPI[gemma3:270m|P1],2,gemma3:270m,P1,,,,,,,,,,,,,1.0,raw,IWM,TLT,0.0,0.019019019019019017,0.6,0.6,0.0,-0.5809809809809809,,,,,,,,,,,,,,,,,
prompt_fidelity,,,,,,,,,,,,,,,NLPI[gemma3:270m|P1],2,gemma3:270m,P1,,,,,,,,,,,,,1.0,projected,IWM,,,,0.6,0.6,,,TLT,0.0,0.01904761904761904,0.0,-0.5809523809523809,0.0,0.0,,,,,,,,,,
prompt_fidelity,,,,,,,,,,,,,,,NLPI[gemma3:270m|P1],2,gemma3:270m,P1,,,,,,,,,,,,,1.0,raw,QQQ,TLT,0.0,0.019019019019019017,0.6,0.6,0.0,-0.5809809809809809,,,,,,,,,,,,,,,,,
prompt_fidelity,,,,,,,,,,,,,,,NLPI[gemma3:270m|P1],2,gemma3:270m,P1,,,,,,,,,,,,,1.0,projected,QQQ,,,,0.6,0.6,,,TLT,0.0,0.01904761904761904,0.0,-0.5809523809523809,0.0,0.0,,,,,,,,,,
prompt_fidelity,,,,,,,,,,,,,,,NLPI[gemma3:270m|P1],2,gemma3:270m,P1,,,,,,,,,,,,,1.0,raw,QQQ,TLT,0.0,0.019019019019019017,0.6,0.6,0.0,-0.5809809809809809,,,,,,,,,,,,,,,,,
prompt_fidelity,,,,,,,,,,,,,,,NLPI[gemma3:270m|P1],2,gemma3:270m,P1,,,,,,,,,,,,,1.0,projected,QQQ,,,,0.6,0.6,,,TLT,0.0,0.01904761904761904,0.0,-0.5809523809523809,0.0,0.0,,,,,,,,,,
prompt_fidelity,,,,,,,,,,,,,,,NLPI[gemma3:270m|P1],2,gemma3:270m,P1,,,,,,,,,,,,,1.0,raw,QQQ,TLT,0.0,0.019019019019019017,0.6,0.6,0.0,-0.5809809809809809,,,,,,,,,,,,,,,,,
prompt_fidelity,,,,,,,,,,,,,,,NLPI[gemma3:270m|P1],2,gemma3:270m,P1,,,,,,,,,,,,,1.0,projected,QQQ,,,,0.6,0.6,,,TLT,0.0,0.01904761904761904,0.0,-0.5809523809523809,0.0,0.0,,,,,,,,,,
prompt_fidelity,,,,,,,,,,,,,,,NLPI[gemma3:270m|P1],2,gemma3:270m,P1,,,,,,,,,,,,,1.0,raw,QQQ,TLT,0.0,0.019019019019019017,0.6,0.6,0.0,-0.5809809809809809,,,,,,,,,,,,,,,,,
prompt_fidelity,,,,,,,,,,,,,,,NLPI[gemma3:270m|P1],2,gemma3:270m,P1,,,,,,,,,,,,,1.0,projected,QQQ,,,,0.6,0.6,,,TLT,0.0,0.01904761904761904,0.0,-0.5809523809523809,0.0,0.0,,,,,,,,,,
prompt_fidelity,,,,,,,,,,,,,,,NLPI[gemma3:270m|P1],2,gemma3:270m,P1,,,,,,,,,,,,,1.0,raw,QQQ,TLT,0.0,0.019019019019019017,0.6,0.6,0.0,-0.5809809809809809,,,,,,,,,,,,,,,,,
prompt_fidelity,,,,,,,,,,,,,,,NLPI[gemma3:270m|P1],2,gemma3:270m,P1,,,,,,,,,,,,,1.0,projected,QQQ,,,,0.6,0.6,,,TLT,0.0,0.01904761904761904,0.0,-0.5809523809523809,0.0,0.0,,,,,,,,,,
prompt_fidelity,,,,,,,,,,,,,,,NLPI[gemma3:270m|P1],2,gemma3:270m,P1,,,,,,,,,,,,,1.0,raw,VNQ,TLT,0.0,0.019019019019019017,0.6,0.6,0.0,-0.5809809809809809,,,,,,,,,,,,,,,,,
prompt_fidelity,,,,,,,,,,,,,,,NLPI[gemma3:270m|P1],2,gemma3:270m,P1,,,,,,,,,,,,,1.0,projected,VNQ,,,,0.6,0.6,,,TLT,0.0,0.01904761904761904,0.0,-0.5809523809523809,0.0,0.0,,,,,,,,,,
prompt_fidelity,,,,,,,,,,,,,,,NLPI[gemma3:270m|P1],2,gemma3:270m,P1,,,,,,,,,,,,,1.0,raw,TLT,TLT,1.0,0.6006006006006006,0.6,0.6,1.0,0.0006006006006006315,,,,,,,,,,,,,,,,,
prompt_fidelity,,,,,,,,,,,,,,,NLPI[gemma3:270m|P1],2,gemma3:270m,P1,,,,,,,,,,,,,1.0,projected,TLT,,,,0.6,0.6,,,TLT,1.0,0.6,1.0,0.0,0.0,0.0,,,,,,,,,,
prompt_fidelity,,,,,,,,,,,,,,,NLPI[gemma3:270m|P1],2,gemma3:270m,P1,,,,,,,,,,,,,1.0,raw,QQQ,TLT,0.0,0.019019019019019017,0.6,0.6,0.0,-0.5809809809809809,,,,,,,,,,,,,,,,,
prompt_fidelity,,,,,,,,,,,,,,,NLPI[gemma3:270m|P1],2,gemma3:270m,P1,,,,,,,,,,,,,1.0,projected,QQQ,,,,0.6,0.6,,,TLT,0.0,0.01904761904761904,0.0,-0.5809523809523809,0.0,0.0,,,,,,,,,,
prompt_fidelity,,,,,,,,,,,,,,,NLPI[gemma3:270m|P1],2,gemma3:270m,P1,,,,,,,,,,,,,1.0,raw,UUP,TLT,0.0,0.019019019019019017,0.6,0.6,0.0,-0.5809809809809809,,,,,,,,,,,,,,,,,
prompt_fidelity,,,,,,,,,,,,,,,NLPI[gemma3:270m|P1],2,gemma3:270m,P1,,,,,,,,,,,,,1.0,projected,UUP,,,,0.6,0.6,,,TLT,0.0,0.01904761904761904,0.0,-0.5809523809523809,0.0,0.0,,,,,,,,,,
prompt_fidelity,,,,,,,,,,,,,,,NLPI[gemma3:270m|P1],2,gemma3:270m,P1,,,,,,,,,,,,,1.0,raw,UUP,TLT,0.0,0.019019019019019017,0.6,0.6,0.0,-0.5809809809809809,,,,,,,,,,,,,,,,,
prompt_fidelity,,,,,,,,,,,,,,,NLPI[gemma3:270m|P1],2,gemma3:270m,P1,,,,,,,,,,,,,1.0,projected,UUP,,,,0.6,0.6,,,TLT,0.0,0.01904761904761904,0.0,-0.5809523809523809,0.0,0.0,,,,,,,,,,
prompt_fidelity,,,,,,,,,,,,,,,NLPI[gemma3:270m|P1],2,gemma3:270m,P1,,,,,,,,,,,,,1.0,raw,QQQ,TLT,0.0,0.019019019019019017,0.6,0.6,0.0,-0.5809809809809809,,,,,,,,,,,,,,,,,
prompt_fidelity,,,,,,,,,,,,,,,NLPI[gemma3:270m|P1],2,gemma3:270m,P1,,,,,,,,,,,,,1.0,projected,QQQ,,,,0.6,0.6,,,TLT,0.0,0.01904761904761904,0.0,-0.5809523809523809,0.0,0.0,,,,,,,,,,
prompt_fidelity,,,,,,,,,,,,,,,NLPI[gemma3:270m|P1],2,gemma3:270m,P1,,,,,,,,,,,,,1.0,raw,QQQ,TLT,0.0,0.019019019019019017,0.6,0.6,0.0,-0.5809809809809809,,,,,,,,,,,,,,,,,
prompt_fidelity,,,,,,,,,,,,,,,NLPI[gemma3:270m|P1],2,gemma3:270m,P1,,,,,,,,,,,,,1.0,projected,QQQ,,,,0.6,0.6,,,TLT,0.0,0.01904761904761904,0.0,-0.5809523809523809,0.0,0.0,,,,,,,,,,
prompt_fidelity,,,,,,,,,,,,,,,NLPI[gemma3:270m|P1],2,gemma3:270m,P1,,,,,,,,,,,,,1.0,raw,TLT,TLT,1.0,0.6006006006006006,0.6,0.6,1.0,0.0006006006006006315,,,,,,,,,,,,,,,,,
prompt_fidelity,,,,,,,,,,,,,,,NLPI[gemma3:270m|P1],2,gemma3:270m,P1,,,,,,,,,,,,,1.0,projected,TLT,,,,0.6,0.6,,,TLT,1.0,0.6,1.0,0.0,0.0,0.0,,,,,,,,,,
prompt_fidelity,,,,,,,,,,,,,,,NLPI[gemma3:270m|P1],2,gemma3:270m,P1,,,,,,,,,,,,,1.0,raw,VNQ,TLT,0.0,0.019019019019019017,0.6,0.6,0.0,-0.5809809809809809,,,,,,,,,,,,,,,,,
prompt_fidelity,,,,,,,,,,,,,,,NLPI[gemma3:270m|P1],2,gemma3:270m,P1,,,,,,,,,,,,,1.0,projected,VNQ,,,,0.6,0.6,,,TLT,0.0,0.01904761904761904,0.0,-0.5809523809523809,0.0,0.0,,,,,,,,,,
prompt_fidelity,,,,,,,,,,,,,,,NLPI[gemma3:270m|P1],2,gemma3:270m,P1,,,,,,,,,,,,,1.0,raw,SLV,TLT,0.0,0.019019019019019017,0.6,0.6,0.0,-0.5809809809809809,,,,,,,,,,,,,,,,,
prompt_fidelity,,,,,,,,,,,,,,,NLPI[gemma3:270m|P1],2,gemma3:270m,P1,,,,,,,,,,,,,1.0,projected,SLV,,,,0.6,0.6,,,TLT,0.0,0.01904761904761904,0.0,-0.5809523809523809,0.0,0.0,,,,,,,,,,
prompt_fidelity,,,,,,,,,,,,,,,NLPI[gemma3:270m|P1],2,gemma3:270m,P1,,,,,,,,,,,,,1.0,raw,VNQ,TLT,0.0,0.019019019019019017,0.6,0.6,0.0,-0.5809809809809809,,,,,,,,,,,,,,,,,
prompt_fidelity,,,,,,,,,,,,,,,NLPI[gemma3:270m|P1],2,gemma3:270m,P1,,,,,,,,,,,,,1.0,projected,VNQ,,,,0.6,0.6,,,TLT,0.0,0.01904761904761904,0.0,-0.5809523809523809,0.0,0.0,,,,,,,,,,
prompt_fidelity,,,,,,,,,,,,,,,NLPI[gemma3:270m|P1],2,gemma3:270m,P1,,,,,,,,,,,,,1.0,raw,SLV,TLT,0.0,0.019019019019019017,0.6,0.6,0.0,-0.5809809809809809,,,,,,,,,,,,,,,,,
prompt_fidelity,,,,,,,,,,,,,,,NLPI[gemma3:270m|P1],2,gemma3:270m,P1,,,,,,,,,,,,,1.0,projected,SLV,,,,0.6,0.6,,,TLT,0.0,0.01904761904761904,0.0,-0.5809523809523809,0.0,0.0,,,,,,,,,,
prompt_fidelity,,,,,,,,,,,,,,,NLPI[gemma3:270m|P2],2,gemma3:270m,P2,,,,,,,,,,,,,2.0,raw,BIL,BIL,1.0,0.6006006006006006,0.6,0.6,1.0,0.0006006006006006315,,,,,,,,,,,,,,,,,
prompt_fidelity,,,,,,,,,,,,,,,NLPI[gemma3:270m|P2],2,gemma3:270m,P2,,,,,,,,,,,,,2.0,projected,BIL,,,,0.6,0.6,,,BIL,1.0,0.6,1.0,0.0,0.0,0.0,,,,,,,,,,
prompt_fidelity,,,,,,,,,,,,,,,NLPI[gemma3:270m|P2],2,gemma3:270m,P2,,,,,,,,,,,,,2.0,raw,BIL,BIL,1.0,0.6006006006006006,0.6,0.6,1.0,0.0006006006006006315,,,,,,,,,,,,,,,,,
prompt_fidelity,,,,,,,,,,,,,,,NLPI[gemma3:270m|P2],2,gemma3:270m,P2,,,,,,,,,,,,,2.0,projected,BIL,,,,0.6,0.6,,,BIL,1.0,0.6,1.0,0.0,0.0,0.0,,,,,,,,,,
prompt_fidelity,,,,,,,,,,,,,,,NLPI[gemma3:270m|P2],2,gemma3:270m,P2,,,,,,,,,,,,,2.0,raw,BIL,BIL,1.0,0.6006006006006006,0.6,0.6,1.0,0.0006006006006006315,,,,,,,,,,,,,,,,,
prompt_fidelity,,,,,,,,,,,,,,,NLPI[gemma3:270m|P2],2,gemma3:270m,P2,,,,,,,,,,,,,2.0,projected,BIL,,,,0.6,0.6,,,BIL,1.0,0.6,1.0,0.0,0.0,0.0,,,,,,,,,,
prompt_fidelity,,,,,,,,,,,,,,,NLPI[gemma3:270m|P2],2,gemma3:270m,P2,,,,,,,,,,,,,2.0,raw,BIL,BIL,1.0,0.6006006006006006,0.6,0.6,1.0,0.0006006006006006315,,,,,,,,,,,,,,,,,
prompt_fidelity,,,,,,,,,,,,,,,NLPI[gemma3:270m|P2],2,gemma3:270m,P2,,,,,,,,,,,,,2.0,projected,BIL,,,,0.6,0.6,,,BIL,1.0,0.6,1.0,0.0,0.0,0.0,,,,,,,,,,
prompt_fidelity,,,,,,,,,,,,,,,NLPI[gemma3:270m|P2],2,gemma3:270m,P2,,,,,,,,,,,,,2.0,raw,BIL,BIL,1.0,0.6006006006006006,0.6,0.6,1.0,0.0006006006006006315,,,,,,,,,,,,,,,,,
prompt_fidelity,,,,,,,,,,,,,,,NLPI[gemma3:270m|P2],2,gemma3:270m,P2,,,,,,,,,,,,,2.0,projected,BIL,,,,0.6,0.6,,,BIL,1.0,0.6,1.0,0.0,0.0,0.0,,,,,,,,,,
prompt_fidelity,,,,,,,,,,,,,,,NLPI[gemma3:270m|P2],2,gemma3:270m,P2,,,,,,,,,,,,,2.0,raw,BIL,BIL,1.0,0.6006006006006006,0.6,0.6,1.0,0.0006006006006006315,,,,,,,,,,,,,,,,,
prompt_fidelity,,,,,,,,,,,,,,,NLPI[gemma3:270m|P2],2,gemma3:270m,P2,,,,,,,,,,,,,2.0,projected,BIL,,,,0.6,0.6,,,BIL,1.0,0.6,1.0,0.0,0.0,0.0,,,,,,,,,,
prompt_fidelity,,,,,,,,,,,,,,,NLPI[gemma3:270m|P2],2,gemma3:270m,P2,,,,,,,,,,,,,2.0,raw,BIL,BIL,1.0,0.6006006006006006,0.6,0.6,1.0,0.0006006006006006315,,,,,,,,,,,,,,,,,
prompt_fidelity,,,,,,,,,,,,,,,NLPI[gemma3:270m|P2],2,gemma3:270m,P2,,,,,,,,,,,,,2.0,projected,BIL,,,,0.6,0.6,,,BIL,1.0,0.6,1.0,0.0,0.0,0.0,,,,,,,,,,
prompt_fidelity,,,,,,,,,,,,,,,NLPI[gemma3:270m|P2],2,gemma3:270m,P2,,,,,,,,,,,,,2.0,raw,BIL,BIL,1.0,0.6006006006006006,0.6,0.6,1.0,0.0006006006006006315,,,,,,,,,,,,,,,,,
prompt_fidelity,,,,,,,,,,,,,,,NLPI[gemma3:270m|P2],2,gemma3:270m,P2,,,,,,,,,,,,,2.0,projected,BIL,,,,0.6,0.6,,,BIL,1.0,0.6,1.0,0.0,0.0,0.0,,,,,,,,,,
prompt_fidelity,,,,,,,,,,,,,,,NLPI[gemma3:270m|P2],2,gemma3:270m,P2,,,,,,,,,,,,,2.0,raw,BIL,BIL,1.0,0.6006006006006006,0.6,0.6,1.0,0.0006006006006006315,,,,,,,,,,,,,,,,,
prompt_fidelity,,,,,,,,,,,,,,,NLPI[gemma3:270m|P2],2,gemma3:270m,P2,,,,,,,,,,,,,2.0,projected,BIL,,,,0.6,0.6,,,BIL,1.0,0.6,1.0,0.0,0.0,0.0,,,,,,,,,,
prompt_fidelity,,,,,,,,,,,,,,,NLPI[gemma3:270m|P2],2,gemma3:270m,P2,,,,,,,,,,,,,2.0,raw,BIL,BIL,1.0,0.6006006006006006,0.6,0.6,1.0,0.0006006006006006315,,,,,,,,,,,,,,,,,
prompt_fidelity,,,,,,,,,,,,,,,NLPI[gemma3:270m|P2],2,gemma3:270m,P2,,,,,,,,,,,,,2.0,projected,BIL,,,,0.6,0.6,,,BIL,1.0,0.6,1.0,0.0,0.0,0.0,,,,,,,,,,
prompt_fidelity,,,,,,,,,,,,,,,NLPI[gemma3:270m|P2],2,gemma3:270m,P2,,,,,,,,,,,,,2.0,raw,BIL,BIL,1.0,0.6006006006006006,0.6,0.6,1.0,0.0006006006006006315,,,,,,,,,,,,,,,,,
prompt_fidelity,,,,,,,,,,,,,,,NLPI[gemma3:270m|P2],2,gemma3:270m,P2,,,,,,,,,,,,,2.0,projected,BIL,,,,0.6,0.6,,,BIL,1.0,0.6,1.0,0.0,0.0,0.0,,,,,,,,,,
prompt_fidelity,,,,,,,,,,,,,,,NLPI[gemma3:270m|P2],2,gemma3:270m,P2,,,,,,,,,,,,,2.0,raw,BIL,BIL,1.0,0.6006006006006006,0.6,0.6,1.0,0.0006006006006006315,,,,,,,,,,,,,,,,,
prompt_fidelity,,,,,,,,,,,,,,,NLPI[gemma3:270m|P2],2,gemma3:270m,P2,,,,,,,,,,,,,2.0,projected,BIL,,,,0.6,0.6,,,BIL,1.0,0.6,1.0,0.0,0.0,0.0,,,,,,,,,,
prompt_fidelity,,,,,,,,,,,,,,,NLPI[gemma3:270m|P2],2,gemma3:270m,P2,,,,,,,,,,,,,2.0,raw,BIL,BIL,1.0,0.6006006006006006,0.6,0.6,1.0,0.0006006006006006315,,,,,,,,,,,,,,,,,
prompt_fidelity,,,,,,,,,,,,,,,NLPI[gemma3:270m|P2],2,gemma3:270m,P2,,,,,,,,,,,,,2.0,projected,BIL,,,,0.6,0.6,,,BIL,1.0,0.6,1.0,0.0,0.0,0.0,,,,,,,,,,
prompt_fidelity,,,,,,,,,,,,,,,NLPI[gemma3:270m|P2],2,gemma3:270m,P2,,,,,,,,,,,,,2.0,raw,BIL,BIL,1.0,0.6006006006006006,0.6,0.6,1.0,0.0006006006006006315,,,,,,,,,,,,,,,,,
prompt_fidelity,,,,,,,,,,,,,,,NLPI[gemma3:270m|P2],2,gemma3:270m,P2,,,,,,,,,,,,,2.0,projected,BIL,,,,0.6,0.6,,,BIL,1.0,0.6,1.0,0.0,0.0,0.0,,,,,,,,,,
prompt_fidelity,,,,,,,,,,,,,,,NLPI[gemma3:270m|P2],2,gemma3:270m,P2,,,,,,,,,,,,,2.0,raw,BIL,BIL,1.0,0.6006006006006006,0.6,0.6,1.0,0.0006006006006006315,,,,,,,,,,,,,,,,,
prompt_fidelity,,,,,,,,,,,,,,,NLPI[gemma3:270m|P2],2,gemma3:270m,P2,,,,,,,,,,,,,2.0,projected,BIL,,,,0.6,0.6,,,BIL,1.0,0.6,1.0,0.0,0.0,0.0,,,,,,,,,,
prompt_fidelity,,,,,,,,,,,,,,,NLPI[gemma3:270m|P2],2,gemma3:270m,P2,,,,,,,,,,,,,2.0,raw,BIL,BIL,1.0,0.6006006006006006,0.6,0.6,1.0,0.0006006006006006315,,,,,,,,,,,,,,,,,
prompt_fidelity,,,,,,,,,,,,,,,NLPI[gemma3:270m|P2],2,gemma3:270m,P2,,,,,,,,,,,,,2.0,projected,BIL,,,,0.6,0.6,,,BIL,1.0,0.6,1.0,0.0,0.0,0.0,,,,,,,,,,
prompt_fidelity,,,,,,,,,,,,,,,NLPI[gemma3:270m|P2],2,gemma3:270m,P2,,,,,,,,,,,,,2.0,raw,BIL,BIL,1.0,0.6006006006006006,0.6,0.6,1.0,0.0006006006006006315,,,,,,,,,,,,,,,,,
prompt_fidelity,,,,,,,,,,,,,,,NLPI[gemma3:270m|P2],2,gemma3:270m,P2,,,,,,,,,,,,,2.0,projected,BIL,,,,0.6,0.6,,,BIL,1.0,0.6,1.0,0.0,0.0,0.0,,,,,,,,,,
prompt_fidelity,,,,,,,,,,,,,,,NLPI[gemma3:270m|P2],2,gemma3:270m,P2,,,,,,,,,,,,,2.0,raw,BIL,BIL,1.0,0.6006006006006006,0.6,0.6,1.0,0.0006006006006006315,,,,,,,,,,,,,,,,,
prompt_fidelity,,,,,,,,,,,,,,,NLPI[gemma3:270m|P2],2,gemma3:270m,P2,,,,,,,,,,,,,2.0,projected,BIL,,,,0.6,0.6,,,BIL,1.0,0.6,1.0,0.0,0.0,0.0,,,,,,,,,,
prompt_fidelity,,,,,,,,,,,,,,,NLPI[gemma3:270m|P3],2,gemma3:270m,P3,,,,,,,,,,,,,3.0,raw,SLV,GLD,0.0,0.019019019019019017,0.6,0.6,0.0,-0.5809809809809809,,,,,,,,,,,,,,,,,
prompt_fidelity,,,,,,,,,,,,,,,NLPI[gemma3:270m|P3],2,gemma3:270m,P3,,,,,,,,,,,,,3.0,projected,SLV,,,,0.6,0.6,,,GLD,0.0,0.019047619047619046,0.0,-0.5809523809523809,0.0,0.0,,,,,,,,,,
prompt_fidelity,,,,,,,,,,,,,,,NLPI[gemma3:270m|P3],2,gemma3:270m,P3,,,,,,,,,,,,,3.0,raw,EEM,GLD,0.0,0.019019019019019017,0.6,0.6,0.0,-0.5809809809809809,,,,,,,,,,,,,,,,,
prompt_fidelity,,,,,,,,,,,,,,,NLPI[gemma3:270m|P3],2,gemma3:270m,P3,,,,,,,,,,,,,3.0,projected,EEM,,,,0.6,0.6,,,GLD,0.0,0.019047619047619046,0.0,-0.5809523809523809,0.0,0.0,,,,,,,,,,
prompt_fidelity,,,,,,,,,,,,,,,NLPI[gemma3:270m|P3],2,gemma3:270m,P3,,,,,,,,,,,,,3.0,raw,UUP,GLD,0.0,0.019019019019019017,0.6,0.6,0.0,-0.5809809809809809,,,,,,,,,,,,,,,,,
prompt_fidelity,,,,,,,,,,,,,,,NLPI[gemma3:270m|P3],2,gemma3:270m,P3,,,,,,,,,,,,,3.0,projected,UUP,,,,0.6,0.6,,,GLD,0.0,0.019047619047619046,0.0,-0.5809523809523809,0.0,0.0,,,,,,,,,,
prompt_fidelity,,,,,,,,,,,,,,,NLPI[gemma3:270m|P3],2,gemma3:270m,P3,,,,,,,,,,,,,3.0,raw,UUP,GLD,0.0,0.019019019019019017,0.6,0.6,0.0,-0.5809809809809809,,,,,,,,,,,,,,,,,
prompt_fidelity,,,,,,,,,,,,,,,NLPI[gemma3:270m|P3],2,gemma3:270m,P3,,,,,,,,,,,,,3.0,projected,UUP,,,,0.6,0.6,,,GLD,0.0,0.019047619047619046,0.0,-0.5809523809523809,0.0,0.0,,,,,,,,,,
prompt_fidelity,,,,,,,,,,,,,,,NLPI[gemma3:270m|P3],2,gemma3:270m,P3,,,,,,,,,,,,,3.0,raw,DBC,GLD,0.0,0.019019019019019017,0.6,0.6,0.0,-0.5809809809809809,,,,,,,,,,,,,,,,,
prompt_fidelity,,,,,,,,,,,,,,,NLPI[gemma3:270m|P3],2,gemma3:270m,P3,,,,,,,,,,,,,3.0,projected,DBC,,,,0.6,0.6,,,GLD,0.0,0.019047619047619046,0.0,-0.5809523809523809,0.0,0.0,,,,,,,,,,
prompt_fidelity,,,,,,,,,,,,,,,NLPI[gemma3:270m|P3],2,gemma3:270m,P3,,,,,,,,,,,,,3.0,raw,SLV,GLD,0.0,0.019019019019019017,0.6,0.6,0.0,-0.5809809809809809,,,,,,,,,,,,,,,,,
prompt_fidelity,,,,,,,,,,,,,,,NLPI[gemma3:270m|P3],2,gemma3:270m,P3,,,,,,,,,,,,,3.0,projected,SLV,,,,0.6,0.6,,,GLD,0.0,0.019047619047619046,0.0,-0.5809523809523809,0.0,0.0,,,,,,,,,,
prompt_fidelity,,,,,,,,,,,,,,,NLPI[gemma3:270m|P3],2,gemma3:270m,P3,,,,,,,,,,,,,3.0,raw,DBC,GLD,0.0,0.019019019019019017,0.6,0.6,0.0,-0.5809809809809809,,,,,,,,,,,,,,,,,
prompt_fidelity,,,,,,,,,,,,,,,NLPI[gemma3:270m|P3],2,gemma3:270m,P3,,,,,,,,,,,,,3.0,projected,DBC,,,,0.6,0.6,,,GLD,0.0,0.019047619047619046,0.0,-0.5809523809523809,0.0,0.0,,,,,,,,,,
prompt_fidelity,,,,,,,,,,,,,,,NLPI[gemma3:270m|P3],2,gemma3:270m,P3,,,,,,,,,,,,,3.0,raw,DBC,GLD,0.0,0.019019019019019017,0.6,0.6,0.0,-0.5809809809809809,,,,,,,,,,,,,,,,,
prompt_fidelity,,,,,,,,,,,,,,,NLPI[gemma3:270m|P3],2,gemma3:270m,P3,,,,,,,,,,,,,3.0,projected,DBC,,,,0.6,0.6,,,GLD,0.0,0.019047619047619046,0.0,-0.5809523809523809,0.0,0.0,,,,,,,,,,
prompt_fidelity,,,,,,,,,,,,,,,NLPI[gemma3:270m|P3],2,gemma3:270m,P3,,,,,,,,,,,,,3.0,raw,TLT,GLD,0.0,0.019019019019019017,0.6,0.6,0.0,-0.5809809809809809,,,,,,,,,,,,,,,,,
prompt_fidelity,,,,,,,,,,,,,,,NLPI[gemma3:270m|P3],2,gemma3:270m,P3,,,,,,,,,,,,,3.0,projected,TLT,,,,0.6,0.6,,,GLD,0.0,0.019047619047619046,0.0,-0.5809523809523809,0.0,0.0,,,,,,,,,,
prompt_fidelity,,,,,,,,,,,,,,,NLPI[gemma3:270m|P3],2,gemma3:270m,P3,,,,,,,,,,,,,3.0,raw,TLT,GLD,0.0,0.019019019019019017,0.6,0.6,0.0,-0.5809809809809809,,,,,,,,,,,,,,,,,
prompt_fidelity,,,,,,,,,,,,,,,NLPI[gemma3:270m|P3],2,gemma3:270m,P3,,,,,,,,,,,,,3.0,projected,TLT,,,,0.6,0.6,,,GLD,0.0,0.019047619047619046,0.0,-0.5809523809523809,0.0,0.0,,,,,,,,,,
prompt_fidelity,,,,,,,,,,,,,,,NLPI[gemma3:270m|P3],2,gemma3:270m,P3,,,,,,,,,,,,,3.0,raw,VWO,GLD,0.0,0.019019019019019017,0.6,0.6,0.0,-0.5809809809809809,,,,,,,,,,,,,,,,,
prompt_fidelity,,,,,,,,,,,,,,,NLPI[gemma3:270m|P3],2,gemma3:270m,P3,,,,,,,,,,,,,3.0,projected,VWO,,,,0.6,0.6,,,GLD,0.0,0.019047619047619046,0.0,-0.5809523809523809,0.0,0.0,,,,,,,,,,
prompt_fidelity,,,,,,,,,,,,,,,NLPI[gemma3:270m|P3],2,gemma3:270m,P3,,,,,,,,,,,,,3.0,raw,VWO,GLD,0.0,0.019019019019019017,0.6,0.6,0.0,-0.5809809809809809,,,,,,,,,,,,,,,,,
prompt_fidelity,,,,,,,,,,,,,,,NLPI[gemma3:270m|P3],2,gemma3:270m,P3,,,,,,,,,,,,,3.0,projected,VWO,,,,0.6,0.6,,,GLD,0.0,0.019047619047619046,0.0,-0.5809523809523809,0.0,0.0,,,,,,,,,,
prompt_fidelity,,,,,,,,,,,,,,,NLPI[gemma3:270m|P3],2,gemma3:270m,P3,,,,,,,,,,,,,3.0,raw,DBC,GLD,0.0,0.019019019019019017,0.6,0.6,0.0,-0.5809809809809809,,,,,,,,,,,,,,,,,
prompt_fidelity,,,,,,,,,,,,,,,NLPI[gemma3:270m|P3],2,gemma3:270m,P3,,,,,,,,,,,,,3.0,projected,DBC,,,,0.6,0.6,,,GLD,0.0,0.019047619047619046,0.0,-0.5809523809523809,0.0,0.0,,,,,,,,,,
prompt_fidelity,,,,,,,,,,,,,,,NLPI[gemma3:270m|P3],2,gemma3:270m,P3,,,,,,,,,,,,,3.0,raw,IWM,GLD,0.0,0.019019019019019017,0.6,0.6,0.0,-0.5809809809809809,,,,,,,,,,,,,,,,,
prompt_fidelity,,,,,,,,,,,,,,,NLPI[gemma3:270m|P3],2,gemma3:270m,P3,,,,,,,,,,,,,3.0,projected,IWM,,,,0.6,0.6,,,GLD,0.0,0.019047619047619046,0.0,-0.5809523809523809,0.0,0.0,,,,,,,,,,
prompt_fidelity,,,,,,,,,,,,,,,NLPI[gemma3:270m|P3],2,gemma3:270m,P3,,,,,,,,,,,,,3.0,raw,UUP,GLD,0.0,0.019019019019019017,0.6,0.6,0.0,-0.5809809809809809,,,,,,,,,,,,,,,,,
prompt_fidelity,,,,,,,,,,,,,,,NLPI[gemma3:270m|P3],2,gemma3:270m,P3,,,,,,,,,,,,,3.0,projected,UUP,,,,0.6,0.6,,,GLD,0.0,0.019047619047619046,0.0,-0.5809523809523809,0.0,0.0,,,,,,,,,,
prompt_fidelity,,,,,,,,,,,,,,,NLPI[gemma3:270m|P3],2,gemma3:270m,P3,,,,,,,,,,,,,3.0,raw,QQQ,GLD,0.0,0.019019019019019017,0.6,0.6,0.0,-0.5809809809809809,,,,,,,,,,,,,,,,,
prompt_fidelity,,,,,,,,,,,,,,,NLPI[gemma3:270m|P3],2,gemma3:270m,P3,,,,,,,,,,,,,3.0,projected,QQQ,,,,0.6,0.6,,,GLD,0.0,0.019047619047619046,0.0,-0.5809523809523809,0.0,0.0,,,,,,,,,,
prompt_fidelity,,,,,,,,,,,,,,,NLPI[gemma3:270m|P3],2,gemma3:270m,P3,,,,,,,,,,,,,3.0,raw,DBC,GLD,0.0,0.019019019019019017,0.6,0.6,0.0,-0.5809809809809809,,,,,,,,,,,,,,,,,
prompt_fidelity,,,,,,,,,,,,,,,NLPI[gemma3:270m|P3],2,gemma3:270m,P3,,,,,,,,,,,,,3.0,projected,DBC,,,,0.6,0.6,,,GLD,0.0,0.019047619047619046,0.0,-0.5809523809523809,0.0,0.0,,,,,,,,,,
prompt_fidelity,,,,,,,,,,,,,,,NLPI[gemma3:270m|P3],2,gemma3:270m,P3,,,,,,,,,,,,,3.0,raw,SLV,GLD,0.0,0.019019019019019017,0.6,0.6,0.0,-0.5809809809809809,,,,,,,,,,,,,,,,,
prompt_fidelity,,,,,,,,,,,,,,,NLPI[gemma3:270m|P3],2,gemma3:270m,P3,,,,,,,,,,,,,3.0,projected,SLV,,,,0.6,0.6,,,GLD,0.0,0.019047619047619046,0.0,-0.5809523809523809,0.0,0.0,,,,,,,,,,
prompt_fidelity,,,,,,,,,,,,,,,NLPI[gemma3:270m|P4],2,gemma3:270m,P4,,,,,,,,,,,,,4.0,raw,,,,,,,,,,,,,,,,,,0.0,1.0,,,,,,
prompt_fidelity,,,,,,,,,,,,,,,NLPI[gemma3:270m|P4],2,gemma3:270m,P4,,,,,,,,,,,,,4.0,projected,,,,,,,,,,,,,,,,,,,,3.0531133177191805e-16,1.0,,,,
prompt_fidelity,,,,,,,,,,,,,,,NLPI[gemma3:270m|P4],2,gemma3:270m,P4,,,,,,,,,,,,,4.0,raw,,,,,,,,,,,,,,,,,,0.0,1.0,,,,,,
prompt_fidelity,,,,,,,,,,,,,,,NLPI[gemma3:270m|P4],2,gemma3:270m,P4,,,,,,,,,,,,,4.0,projected,,,,,,,,,,,,,,,,,,,,3.0531133177191805e-16,1.0,,,,
prompt_fidelity,,,,,,,,,,,,,,,NLPI[gemma3:270m|P4],2,gemma3:270m,P4,,,,,,,,,,,,,4.0,raw,,,,,,,,,,,,,,,,,,0.0,1.0,,,,,,
prompt_fidelity,,,,,,,,,,,,,,,NLPI[gemma3:270m|P4],2,gemma3:270m,P4,,,,,,,,,,,,,4.0,projected,,,,,,,,,,,,,,,,,,,,3.0531133177191805e-16,1.0,,,,
prompt_fidelity,,,,,,,,,,,,,,,NLPI[gemma3:270m|P4],2,gemma3:270m,P4,,,,,,,,,,,,,4.0,raw,,,,,,,,,,,,,,,,,,0.0,1.0,,,,,,
prompt_fidelity,,,,,,,,,,,,,,,NLPI[gemma3:270m|P4],2,gemma3:270m,P4,,,,,,,,,,,,,4.0,projected,,,,,,,,,,,,,,,,,,,,3.0531133177191805e-16,1.0,,,,
prompt_fidelity,,,,,,,,,,,,,,,NLPI[gemma3:270m|P4],2,gemma3:270m,P4,,,,,,,,,,,,,4.0,raw,,,,,,,,,,,,,,,,,,0.0,1.0,,,,,,
prompt_fidelity,,,,,,,,,,,,,,,NLPI[gemma3:270m|P4],2,gemma3:270m,P4,,,,,,,,,,,,,4.0,projected,,,,,,,,,,,,,,,,,,,,3.0531133177191805e-16,1.0,,,,
prompt_fidelity,,,,,,,,,,,,,,,NLPI[gemma3:270m|P4],2,gemma3:270m,P4,,,,,,,,,,,,,4.0,raw,,,,,,,,,,,,,,,,,,0.0,1.0,,,,,,
prompt_fidelity,,,,,,,,,,,,,,,NLPI[gemma3:270m|P4],2,gemma3:270m,P4,,,,,,,,,,,,,4.0,projected,,,,,,,,,,,,,,,,,,,,3.0531133177191805e-16,1.0,,,,
prompt_fidelity,,,,,,,,,,,,,,,NLPI[gemma3:270m|P4],2,gemma3:270m,P4,,,,,,,,,,,,,4.0,raw,,,,,,,,,,,,,,,,,,0.0,1.0,,,,,,
prompt_fidelity,,,,,,,,,,,,,,,NLPI[gemma3:270m|P4],2,gemma3:270m,P4,,,,,,,,,,,,,4.0,projected,,,,,,,,,,,,,,,,,,,,3.0531133177191805e-16,1.0,,,,
prompt_fidelity,,,,,,,,,,,,,,,NLPI[gemma3:270m|P4],2,gemma3:270m,P4,,,,,,,,,,,,,4.0,raw,,,,,,,,,,,,,,,,,,0.0,1.0,,,,,,
prompt_fidelity,,,,,,,,,,,,,,,NLPI[gemma3:270m|P4],2,gemma3:270m,P4,,,,,,,,,,,,,4.0,projected,,,,,,,,,,,,,,,,,,,,3.0531133177191805e-16,1.0,,,,
prompt_fidelity,,,,,,,,,,,,,,,NLPI[gemma3:270m|P4],2,gemma3:270m,P4,,,,,,,,,,,,,4.0,raw,,,,,,,,,,,,,,,,,,0.0,1.0,,,,,,
prompt_fidelity,,,,,,,,,,,,,,,NLPI[gemma3:270m|P4],2,gemma3:270m,P4,,,,,,,,,,,,,4.0,projected,,,,,,,,,,,,,,,,,,,,3.0531133177191805e-16,1.0,,,,
prompt_fidelity,,,,,,,,,,,,,,,NLPI[gemma3:270m|P4],2,gemma3:270m,P4,,,,,,,,,,,,,4.0,raw,,,,,,,,,,,,,,,,,,0.0,1.0,,,,,,
prompt_fidelity,,,,,,,,,,,,,,,NLPI[gemma3:270m|P4],2,gemma3:270m,P4,,,,,,,,,,,,,4.0,projected,,,,,,,,,,,,,,,,,,,,3.0531133177191805e-16,1.0,,,,
prompt_fidelity,,,,,,,,,,,,,,,NLPI[gemma3:270m|P4],2,gemma3:270m,P4,,,,,,,,,,,,,4.0,raw,,,,,,,,,,,,,,,,,,0.0,1.0,,,,,,
prompt_fidelity,,,,,,,,,,,,,,,NLPI[gemma3:270m|P4],2,gemma3:270m,P4,,,,,,,,,,,,,4.0,projected,,,,,,,,,,,,,,,,,,,,3.0531133177191805e-16,1.0,,,,
prompt_fidelity,,,,,,,,,,,,,,,NLPI[gemma3:270m|P4],2,gemma3:270m,P4,,,,,,,,,,,,,4.0,raw,,,,,,,,,,,,,,,,,,0.0,1.0,,,,,,
prompt_fidelity,,,,,,,,,,,,,,,NLPI[gemma3:270m|P4],2,gemma3:270m,P4,,,,,,,,,,,,,4.0,projected,,,,,,,,,,,,,,,,,,,,3.0531133177191805e-16,1.0,,,,
prompt_fidelity,,,,,,,,,,,,,,,NLPI[gemma3:270m|P4],2,gemma3:270m,P4,,,,,,,,,,,,,4.0,raw,,,,,,,,,,,,,,,,,,0.0,1.0,,,,,,
prompt_fidelity,,,,,,,,,,,,,,,NLPI[gemma3:270m|P4],2,gemma3:270m,P4,,,,,,,,,,,,,4.0,projected,,,,,,,,,,,,,,,,,,,,3.0531133177191805e-16,1.0,,,,
prompt_fidelity,,,,,,,,,,,,,,,NLPI[gemma3:270m|P4],2,gemma3:270m,P4,,,,,,,,,,,,,4.0,raw,,,,,,,,,,,,,,,,,,0.0,1.0,,,,,,
prompt_fidelity,,,,,,,,,,,,,,,NLPI[gemma3:270m|P4],2,gemma3:270m,P4,,,,,,,,,,,,,4.0,projected,,,,,,,,,,,,,,,,,,,,3.0531133177191805e-16,1.0,,,,
prompt_fidelity,,,,,,,,,,,,,,,NLPI[gemma3:270m|P4],2,gemma3:270m,P4,,,,,,,,,,,,,4.0,raw,,,,,,,,,,,,,,,,,,0.0,1.0,,,,,,
prompt_fidelity,,,,,,,,,,,,,,,NLPI[gemma3:270m|P4],2,gemma3:270m,P4,,,,,,,,,,,,,4.0,projected,,,,,,,,,,,,,,,,,,,,3.0531133177191805e-16,1.0,,,,
prompt_fidelity,,,,,,,,,,,,,,,NLPI[gemma3:270m|P4],2,gemma3:270m,P4,,,,,,,,,,,,,4.0,raw,,,,,,,,,,,,,,,,,,0.0,1.0,,,,,,
prompt_fidelity,,,,,,,,,,,,,,,NLPI[gemma3:270m|P4],2,gemma3:270m,P4,,,,,,,,,,,,,4.0,projected,,,,,,,,,,,,,,,,,,,,3.0531133177191805e-16,1.0,,,,
prompt_fidelity,,,,,,,,,,,,,,,NLPI[gemma3:270m|P4],2,gemma3:270m,P4,,,,,,,,,,,,,4.0,raw,,,,,,,,,,,,,,,,,,0.0,1.0,,,,,,
prompt_fidelity,,,,,,,,,,,,,,,NLPI[gemma3:270m|P4],2,gemma3:270m,P4,,,,,,,,,,,,,4.0,projected,,,,,,,,,,,,,,,,,,,,3.0531133177191805e-16,1.0,,,,
prompt_fidelity,,,,,,,,,,,,,,,NLPI[gemma3:270m|P4],2,gemma3:270m,P4,,,,,,,,,,,,,4.0,raw,,,,,,,,,,,,,,,,,,0.0,1.0,,,,,,
prompt_fidelity,,,,,,,,,,,,,,,NLPI[gemma3:270m|P4],2,gemma3:270m,P4,,,,,,,,,,,,,4.0,projected,,,,,,,,,,,,,,,,,,,,3.0531133177191805e-16,1.0,,,,
prompt_fidelity,,,,,,,,,,,,,,,NLPI[gemma3:270m|P5],2,gemma3:270m,P5,,,,,,,,,,,,,5.0,raw,,,,,,,,,,,,,,,,,,,,,,0.045454545454545456,1.0,,
prompt_fidelity,,,,,,,,,,,,,,,NLPI[gemma3:270m|P5],2,gemma3:270m,P5,,,,,,,,,,,,,5.0,projected,,,,,,,,,,,,,,,,,,,,,,,,0.04545454545454548,1.0
prompt_fidelity,,,,,,,,,,,,,,,NLPI[gemma3:270m|P5],2,gemma3:270m,P5,,,,,,,,,,,,,5.0,raw,,,,,,,,,,,,,,,,,,,,,,0.045454545454545456,1.0,,
prompt_fidelity,,,,,,,,,,,,,,,NLPI[gemma3:270m|P5],2,gemma3:270m,P5,,,,,,,,,,,,,5.0,projected,,,,,,,,,,,,,,,,,,,,,,,,0.04545454545454548,1.0
prompt_fidelity,,,,,,,,,,,,,,,NLPI[gemma3:270m|P5],2,gemma3:270m,P5,,,,,,,,,,,,,5.0,raw,,,,,,,,,,,,,,,,,,,,,,0.045454545454545456,1.0,,
prompt_fidelity,,,,,,,,,,,,,,,NLPI[gemma3:270m|P5],2,gemma3:270m,P5,,,,,,,,,,,,,5.0,projected,,,,,,,,,,,,,,,,,,,,,,,,0.04545454545454548,1.0
prompt_fidelity,,,,,,,,,,,,,,,NLPI[gemma3:270m|P5],2,gemma3:270m,P5,,,,,,,,,,,,,5.0,raw,,,,,,,,,,,,,,,,,,,,,,0.045454545454545456,1.0,,
prompt_fidelity,,,,,,,,,,,,,,,NLPI[gemma3:270m|P5],2,gemma3:270m,P5,,,,,,,,,,,,,5.0,projected,,,,,,,,,,,,,,,,,,,,,,,,0.04545454545454548,1.0
prompt_fidelity,,,,,,,,,,,,,,,NLPI[gemma3:270m|P5],2,gemma3:270m,P5,,,,,,,,,,,,,5.0,raw,,,,,,,,,,,,,,,,,,,,,,0.045454545454545456,1.0,,
prompt_fidelity,,,,,,,,,,,,,,,NLPI[gemma3:270m|P5],2,gemma3:270m,P5,,,,,,,,,,,,,5.0,projected,,,,,,,,,,,,,,,,,,,,,,,,0.04545454545454548,1.0
prompt_fidelity,,,,,,,,,,,,,,,NLPI[gemma3:270m|P5],2,gemma3:270m,P5,,,,,,,,,,,,,5.0,raw,,,,,,,,,,,,,,,,,,,,,,0.045454545454545456,1.0,,
prompt_fidelity,,,,,,,,,,,,,,,NLPI[gemma3:270m|P5],2,gemma3:270m,P5,,,,,,,,,,,,,5.0,projected,,,,,,,,,,,,,,,,,,,,,,,,0.04545454545454548,1.0
prompt_fidelity,,,,,,,,,,,,,,,NLPI[gemma3:270m|P5],2,gemma3:270m,P5,,,,,,,,,,,,,5.0,raw,,,,,,,,,,,,,,,,,,,,,,0.045454545454545456,1.0,,
prompt_fidelity,,,,,,,,,,,,,,,NLPI[gemma3:270m|P5],2,gemma3:270m,P5,,,,,,,,,,,,,5.0,projected,,,,,,,,,,,,,,,,,,,,,,,,0.04545454545454548,1.0
prompt_fidelity,,,,,,,,,,,,,,,NLPI[gemma3:270m|P5],2,gemma3:270m,P5,,,,,,,,,,,,,5.0,raw,,,,,,,,,,,,,,,,,,,,,,0.045454545454545456,1.0,,
prompt_fidelity,,,,,,,,,,,,,,,NLPI[gemma3:270m|P5],2,gemma3:270m,P5,,,,,,,,,,,,,5.0,projected,,,,,,,,,,,,,,,,,,,,,,,,0.04545454545454548,1.0
prompt_fidelity,,,,,,,,,,,,,,,NLPI[gemma3:270m|P5],2,gemma3:270m,P5,,,,,,,,,,,,,5.0,raw,,,,,,,,,,,,,,,,,,,,,,0.045454545454545456,1.0,,
prompt_fidelity,,,,,,,,,,,,,,,NLPI[gemma3:270m|P5],2,gemma3:270m,P5,,,,,,,,,,,,,5.0,projected,,,,,,,,,,,,,,,,,,,,,,,,0.04545454545454548,1.0
prompt_fidelity,,,,,,,,,,,,,,,NLPI[gemma3:270m|P5],2,gemma3:270m,P5,,,,,,,,,,,,,5.0,raw,,,,,,,,,,,,,,,,,,,,,,0.045454545454545456,1.0,,
prompt_fidelity,,,,,,,,,,,,,,,NLPI[gemma3:270m|P5],2,gemma3:270m,P5,,,,,,,,,,,,,5.0,projected,,,,,,,,,,,,,,,,,,,,,,,,0.04545454545454548,1.0
prompt_fidelity,,,,,,,,,,,,,,,NLPI[gemma3:270m|P5],2,gemma3:270m,P5,,,,,,,,,,,,,5.0,raw,,,,,,,,,,,,,,,,,,,,,,0.045454545454545456,1.0,,
prompt_fidelity,,,,,,,,,,,,,,,NLPI[gemma3:270m|P5],2,gemma3:270m,P5,,,,,,,,,,,,,5.0,projected,,,,,,,,,,,,,,,,,,,,,,,,0.04545454545454548,1.0
prompt_fidelity,,,,,,,,,,,,,,,NLPI[gemma3:270m|P5],2,gemma3:270m,P5,,,,,,,,,,,,,5.0,raw,,,,,,,,,,,,,,,,,,,,,,0.045454545454545456,1.0,,
prompt_fidelity,,,,,,,,,,,,,,,NLPI[gemma3:270m|P5],2,gemma3:270m,P5,,,,,,,,,,,,,5.0,projected,,,,,,,,,,,,,,,,,,,,,,,,0.04545454545454548,1.0
prompt_fidelity,,,,,,,,,,,,,,,NLPI[gemma3:270m|P5],2,gemma3:270m,P5,,,,,,,,,,,,,5.0,raw,,,,,,,,,,,,,,,,,,,,,,0.045454545454545456,1.0,,
prompt_fidelity,,,,,,,,,,,,,,,NLPI[gemma3:270m|P5],2,gemma3:270m,P5,,,,,,,,,,,,,5.0,projected,,,,,,,,,,,,,,,,,,,,,,,,0.04545454545454548,1.0
prompt_fidelity,,,,,,,,,,,,,,,NLPI[gemma3:270m|P5],2,gemma3:270m,P5,,,,,,,,,,,,,5.0,raw,,,,,,,,,,,,,,,,,,,,,,0.045454545454545456,1.0,,
prompt_fidelity,,,,,,,,,,,,,,,NLPI[gemma3:270m|P5],2,gemma3:270m,P5,,,,,,,,,,,,,5.0,projected,,,,,,,,,,,,,,,,,,,,,,,,0.04545454545454548,1.0
prompt_fidelity,,,,,,,,,,,,,,,NLPI[gemma3:270m|P5],2,gemma3:270m,P5,,,,,,,,,,,,,5.0,raw,,,,,,,,,,,,,,,,,,,,,,0.045454545454545456,1.0,,
prompt_fidelity,,,,,,,,,,,,,,,NLPI[gemma3:270m|P5],2,gemma3:270m,P5,,,,,,,,,,,,,5.0,projected,,,,,,,,,,,,,,,,,,,,,,,,0.04545454545454548,1.0
prompt_fidelity,,,,,,,,,,,,,,,NLPI[gemma3:270m|P5],2,gemma3:270m,P5,,,,,,,,,,,,,5.0,raw,,,,,,,,,,,,,,,,,,,,,,0.045454545454545456,1.0,,
prompt_fidelity,,,,,,,,,,,,,,,NLPI[gemma3:270m|P5],2,gemma3:270m,P5,,,,,,,,,,,,,5.0,projected,,,,,,,,,,,,,,,,,,,,,,,,0.04545454545454548,1.0
prompt_fidelity,,,,,,,,,,,,,,,NLPI[gemma3:270m|P5],2,gemma3:270m,P5,,,,,,,,,,,,,5.0,raw,,,,,,,,,,,,,,,,,,,,,,0.045454545454545456,1.0,,
prompt_fidelity,,,,,,,,,,,,,,,NLPI[gemma3:270m|P5],2,gemma3:270m,P5,,,,,,,,,,,,,5.0,projected,,,,,,,,,,,,,,,,,,,,,,,,0.04545454545454548,1.0
prompt_fidelity,,,,,,,,,,,,,,,NLPI[gemma3:270m|P5],2,gemma3:270m,P5,,,,,,,,,,,,,5.0,raw,,,,,,,,,,,,,,,,,,,,,,0.045454545454545456,1.0,,
prompt_fidelity,,,,,,,,,,,,,,,NLPI[gemma3:270m|P5],2,gemma3:270m,P5,,,,,,,,,,,,,5.0,projected,,,,,,,,,,,,,,,,,,,,,,,,0.04545454545454548,1.0
prompt_fidelity,,,,,,,,,,,,,,,NLPI[gemma3:1b|P1],2,gemma3:1b,P1,,,,,,,,,,,,,1.0,raw,IWM,TLT,0.0,0.012025316455696204,0.6,0.6,0.0,-0.5879746835443038,,,,,,,,,,,,,,,,,
prompt_fidelity,,,,,,,,,,,,,,,NLPI[gemma3:1b|P1],2,gemma3:1b,P1,,,,,,,,,,,,,1.0,projected,IWM,,,,0.6,0.6,,,TLT,0.0,0.012025316455696206,0.0,-0.5879746835443038,0.0,0.0,,,,,,,,,,
prompt_fidelity,,,,,,,,,,,,,,,NLPI[gemma3:1b|P1],2,gemma3:1b,P1,,,,,,,,,,,,,1.0,raw,QQQ,TLT,0.0,0.012025316455696204,0.6,0.6,0.0,-0.5879746835443038,,,,,,,,,,,,,,,,,
prompt_fidelity,,,,,,,,,,,,,,,NLPI[gemma3:1b|P1],2,gemma3:1b,P1,,,,,,,,,,,,,1.0,projected,QQQ,,,,0.6,0.6,,,TLT,0.0,0.012025316455696206,0.0,-0.5879746835443038,0.0,0.0,,,,,,,,,,
prompt_fidelity,,,,,,,,,,,,,,,NLPI[gemma3:1b|P1],2,gemma3:1b,P1,,,,,,,,,,,,,1.0,raw,QQQ,TLT,0.0,0.012025316455696204,0.6,0.6,0.0,-0.5879746835443038,,,,,,,,,,,,,,,,,
prompt_fidelity,,,,,,,,,,,,,,,NLPI[gemma3:1b|P1],2,gemma3:1b,P1,,,,,,,,,,,,,1.0,projected,QQQ,,,,0.6,0.6,,,TLT,0.0,0.012025316455696206,0.0,-0.5879746835443038,0.0,0.0,,,,,,,,,,
prompt_fidelity,,,,,,,,,,,,,,,NLPI[gemma3:1b|P1],2,gemma3:1b,P1,,,,,,,,,,,,,1.0,raw,QQQ,TLT,0.0,0.012025316455696204,0.6,0.6,0.0,-0.5879746835443038,,,,,,,,,,,,,,,,,
prompt_fidelity,,,,,,,,,,,,,,,NLPI[gemma3:1b|P1],2,gemma3:1b,P1,,,,,,,,,,,,,1.0,projected,QQQ,,,,0.6,0.6,,,TLT,0.0,0.012025316455696206,0.0,-0.5879746835443038,0.0,0.0,,,,,,,,,,
prompt_fidelity,,,,,,,,,,,,,,,NLPI[gemma3:1b|P1],2,gemma3:1b,P1,,,,,,,,,,,,,1.0,raw,QQQ,TLT,0.0,0.012025316455696204,0.6,0.6,0.0,-0.5879746835443038,,,,,,,,,,,,,,,,,
prompt_fidelity,,,,,,,,,,,,,,,NLPI[gemma3:1b|P1],2,gemma3:1b,P1,,,,,,,,,,,,,1.0,projected,QQQ,,,,0.6,0.6,,,TLT,0.0,0.012025316455696206,0.0,-0.5879746835443038,0.0,0.0,,,,,,,,,,
prompt_fidelity,,,,,,,,,,,,,,,NLPI[gemma3:1b|P1],2,gemma3:1b,P1,,,,,,,,,,,,,1.0,raw,QQQ,TLT,0.0,0.012025316455696204,0.6,0.6,0.0,-0.5879746835443038,,,,,,,,,,,,,,,,,
prompt_fidelity,,,,,,,,,,,,,,,NLPI[gemma3:1b|P1],2,gemma3:1b,P1,,,,,,,,,,,,,1.0,projected,QQQ,,,,0.6,0.6,,,TLT,0.0,0.012025316455696206,0.0,-0.5879746835443038,0.0,0.0,,,,,,,,,,
prompt_fidelity,,,,,,,,,,,,,,,NLPI[gemma3:1b|P1],2,gemma3:1b,P1,,,,,,,,,,,,,1.0,raw,VNQ,TLT,0.0,0.379746835443038,0.6,0.6,0.0,-0.22025316455696198,,,,,,,,,,,,,,,,,
prompt_fidelity,,,,,,,,,,,,,,,NLPI[gemma3:1b|P1],2,gemma3:1b,P1,,,,,,,,,,,,,1.0,projected,VNQ,,,,0.6,0.6,,,TLT,0.0,0.3797468354430379,0.0,-0.2202531645569621,0.0,0.0,,,,,,,,,,
prompt_fidelity,,,,,,,,,,,,,,,NLPI[gemma3:1b|P1],2,gemma3:1b,P1,,,,,,,,,,,,,1.0,raw,TLT,TLT,1.0,0.379746835443038,0.6,0.6,0.0,-0.22025316455696198,,,,,,,,,,,,,,,,,
prompt_fidelity,,,,,,,,,,,,,,,NLPI[gemma3:1b|P1],2,gemma3:1b,P1,,,,,,,,,,,,,1.0,projected,TLT,,,,0.6,0.6,,,TLT,1.0,0.3797468354430379,0.0,-0.2202531645569621,0.0,0.0,,,,,,,,,,
prompt_fidelity,,,,,,,,,,,,,,,NLPI[gemma3:1b|P1],2,gemma3:1b,P1,,,,,,,,,,,,,1.0,raw,QQQ,TLT,0.0,0.012025316455696204,0.6,0.6,0.0,-0.5879746835443038,,,,,,,,,,,,,,,,,
prompt_fidelity,,,,,,,,,,,,,,,NLPI[gemma3:1b|P1],2,gemma3:1b,P1,,,,,,,,,,,,,1.0,projected,QQQ,,,,0.6,0.6,,,TLT,0.0,0.012025316455696206,0.0,-0.5879746835443038,0.0,0.0,,,,,,,,,,
prompt_fidelity,,,,,,,,,,,,,,,NLPI[gemma3:1b|P1],2,gemma3:1b,P1,,,,,,,,,,,,,1.0,raw,UUP,TLT,0.0,0.012025316455696204,0.6,0.6,0.0,-0.5879746835443038,,,,,,,,,,,,,,,,,
prompt_fidelity,,,,,,,,,,,,,,,NLPI[gemma3:1b|P1],2,gemma3:1b,P1,,,,,,,,,,,,,1.0,projected,UUP,,,,0.6,0.6,,,TLT,0.0,0.012025316455696206,0.0,-0.5879746835443038,0.0,0.0,,,,,,,,,,
prompt_fidelity,,,,,,,,,,,,,,,NLPI[gemma3:1b|P1],2,gemma3:1b,P1,,,,,,,,,,,,,1.0,raw,UUP,TLT,0.0,0.012025316455696204,0.6,0.6,0.0,-0.5879746835443038,,,,,,,,,,,,,,,,,
prompt_fidelity,,,,,,,,,,,,,,,NLPI[gemma3:1b|P1],2,gemma3:1b,P1,,,,,,,,,,,,,1.0,projected,UUP,,,,0.6,0.6,,,TLT,0.0,0.012025316455696206,0.0,-0.5879746835443038,0.0,0.0,,,,,,,,,,
prompt_fidelity,,,,,,,,,,,,,,,NLPI[gemma3:1b|P1],2,gemma3:1b,P1,,,,,,,,,,,,,1.0,raw,QQQ,TLT,0.0,0.012025316455696204,0.6,0.6,0.0,-0.5879746835443038,,,,,,,,,,,,,,,,,
prompt_fidelity,,,,,,,,,,,,,,,NLPI[gemma3:1b|P1],2,gemma3:1b,P1,,,,,,,,,,,,,1.0,projected,QQQ,,,,0.6,0.6,,,TLT,0.0,0.012025316455696206,0.0,-0.5879746835443038,0.0,0.0,,,,,,,,,,
prompt_fidelity,,,,,,,,,,,,,,,NLPI[gemma3:1b|P1],2,gemma3:1b,P1,,,,,,,,,,,,,1.0,raw,QQQ,TLT,0.0,0.012025316455696204,0.6,0.6,0.0,-0.5879746835443038,,,,,,,,,,,,,,,,,
prompt_fidelity,,,,,,,,,,,,,,,NLPI[gemma3:1b|P1],2,gemma3:1b,P1,,,,,,,,,,,,,1.0,projected,QQQ,,,,0.6,0.6,,,TLT,0.0,0.012025316455696206,0.0,-0.5879746835443038,0.0,0.0,,,,,,,,,,
prompt_fidelity,,,,,,,,,,,,,,,NLPI[gemma3:1b|P1],2,gemma3:1b,P1,,,,,,,,,,,,,1.0,raw,TLT,TLT,1.0,0.379746835443038,0.6,0.6,0.0,-0.22025316455696198,,,,,,,,,,,,,,,,,
prompt_fidelity,,,,,,,,,,,,,,,NLPI[gemma3:1b|P1],2,gemma3:1b,P1,,,,,,,,,,,,,1.0,projected,TLT,,,,0.6,0.6,,,TLT,1.0,0.3797468354430379,0.0,-0.2202531645569621,0.0,0.0,,,,,,,,,,
prompt_fidelity,,,,,,,,,,,,,,,NLPI[gemma3:1b|P1],2,gemma3:1b,P1,,,,,,,,,,,,,1.0,raw,VNQ,TLT,0.0,0.379746835443038,0.6,0.6,0.0,-0.22025316455696198,,,,,,,,,,,,,,,,,
prompt_fidelity,,,,,,,,,,,,,,,NLPI[gemma3:1b|P1],2,gemma3:1b,P1,,,,,,,,,,,,,1.0,projected,VNQ,,,,0.6,0.6,,,TLT,0.0,0.3797468354430379,0.0,-0.2202531645569621,0.0,0.0,,,,,,,,,,
prompt_fidelity,,,,,,,,,,,,,,,NLPI[gemma3:1b|P1],2,gemma3:1b,P1,,,,,,,,,,,,,1.0,raw,SLV,TLT,0.0,0.012025316455696204,0.6,0.6,0.0,-0.5879746835443038,,,,,,,,,,,,,,,,,
prompt_fidelity,,,,,,,,,,,,,,,NLPI[gemma3:1b|P1],2,gemma3:1b,P1,,,,,,,,,,,,,1.0,projected,SLV,,,,0.6,0.6,,,TLT,0.0,0.012025316455696206,0.0,-0.5879746835443038,0.0,0.0,,,,,,,,,,
prompt_fidelity,,,,,,,,,,,,,,,NLPI[gemma3:1b|P1],2,gemma3:1b,P1,,,,,,,,,,,,,1.0,raw,VNQ,TLT,0.0,0.379746835443038,0.6,0.6,0.0,-0.22025316455696198,,,,,,,,,,,,,,,,,
prompt_fidelity,,,,,,,,,,,,,,,NLPI[gemma3:1b|P1],2,gemma3:1b,P1,,,,,,,,,,,,,1.0,projected,VNQ,,,,0.6,0.6,,,TLT,0.0,0.3797468354430379,0.0,-0.2202531645569621,0.0,0.0,,,,,,,,,,
prompt_fidelity,,,,,,,,,,,,,,,NLPI[gemma3:1b|P1],2,gemma3:1b,P1,,,,,,,,,,,,,1.0,raw,SLV,TLT,0.0,0.012025316455696204,0.6,0.6,0.0,-0.5879746835443038,,,,,,,,,,,,,,,,,
prompt_fidelity,,,,,,,,,,,,,,,NLPI[gemma3:1b|P1],2,gemma3:1b,P1,,,,,,,,,,,,,1.0,projected,SLV,,,,0.6,0.6,,,TLT,0.0,0.012025316455696206,0.0,-0.5879746835443038,0.0,0.0,,,,,,,,,,
prompt_fidelity,,,,,,,,,,,,,,,NLPI[gemma3:1b|P2],2,gemma3:1b,P2,,,,,,,,,,,,,2.0,raw,BIL,BIL,1.0,0.6006006006006006,0.6,0.6,1.0,0.0006006006006006315,,,,,,,,,,,,,,,,,
prompt_fidelity,,,,,,,,,,,,,,,NLPI[gemma3:1b|P2],2,gemma3:1b,P2,,,,,,,,,,,,,2.0,projected,BIL,,,,0.6,0.6,,,BIL,1.0,0.6,1.0,0.0,0.0,0.0,,,,,,,,,,
prompt_fidelity,,,,,,,,,,,,,,,NLPI[gemma3:1b|P2],2,gemma3:1b,P2,,,,,,,,,,,,,2.0,raw,BIL,BIL,1.0,0.6006006006006006,0.6,0.6,1.0,0.0006006006006006315,,,,,,,,,,,,,,,,,
prompt_fidelity,,,,,,,,,,,,,,,NLPI[gemma3:1b|P2],2,gemma3:1b,P2,,,,,,,,,,,,,2.0,projected,BIL,,,,0.6,0.6,,,BIL,1.0,0.6,1.0,0.0,0.0,0.0,,,,,,,,,,
prompt_fidelity,,,,,,,,,,,,,,,NLPI[gemma3:1b|P2],2,gemma3:1b,P2,,,,,,,,,,,,,2.0,raw,BIL,BIL,1.0,0.6006006006006006,0.6,0.6,1.0,0.0006006006006006315,,,,,,,,,,,,,,,,,
prompt_fidelity,,,,,,,,,,,,,,,NLPI[gemma3:1b|P2],2,gemma3:1b,P2,,,,,,,,,,,,,2.0,projected,BIL,,,,0.6,0.6,,,BIL,1.0,0.6,1.0,0.0,0.0,0.0,,,,,,,,,,
prompt_fidelity,,,,,,,,,,,,,,,NLPI[gemma3:1b|P2],2,gemma3:1b,P2,,,,,,,,,,,,,2.0,raw,BIL,BIL,1.0,0.6006006006006006,0.6,0.6,1.0,0.0006006006006006315,,,,,,,,,,,,,,,,,
prompt_fidelity,,,,,,,,,,,,,,,NLPI[gemma3:1b|P2],2,gemma3:1b,P2,,,,,,,,,,,,,2.0,projected,BIL,,,,0.6,0.6,,,BIL,1.0,0.6,1.0,0.0,0.0,0.0,,,,,,,,,,
prompt_fidelity,,,,,,,,,,,,,,,NLPI[gemma3:1b|P2],2,gemma3:1b,P2,,,,,,,,,,,,,2.0,raw,BIL,BIL,1.0,0.6006006006006006,0.6,0.6,1.0,0.0006006006006006315,,,,,,,,,,,,,,,,,
prompt_fidelity,,,,,,,,,,,,,,,NLPI[gemma3:1b|P2],2,gemma3:1b,P2,,,,,,,,,,,,,2.0,projected,BIL,,,,0.6,0.6,,,BIL,1.0,0.6,1.0,0.0,0.0,0.0,,,,,,,,,,
prompt_fidelity,,,,,,,,,,,,,,,NLPI[gemma3:1b|P2],2,gemma3:1b,P2,,,,,,,,,,,,,2.0,raw,BIL,BIL,1.0,0.6006006006006006,0.6,0.6,1.0,0.0006006006006006315,,,,,,,,,,,,,,,,,
prompt_fidelity,,,,,,,,,,,,,,,NLPI[gemma3:1b|P2],2,gemma3:1b,P2,,,,,,,,,,,,,2.0,projected,BIL,,,,0.6,0.6,,,BIL,1.0,0.6,1.0,0.0,0.0,0.0,,,,,,,,,,
prompt_fidelity,,,,,,,,,,,,,,,NLPI[gemma3:1b|P2],2,gemma3:1b,P2,,,,,,,,,,,,,2.0,raw,BIL,BIL,1.0,0.6006006006006006,0.6,0.6,1.0,0.0006006006006006315,,,,,,,,,,,,,,,,,
prompt_fidelity,,,,,,,,,,,,,,,NLPI[gemma3:1b|P2],2,gemma3:1b,P2,,,,,,,,,,,,,2.0,projected,BIL,,,,0.6,0.6,,,BIL,1.0,0.6,1.0,0.0,0.0,0.0,,,,,,,,,,
prompt_fidelity,,,,,,,,,,,,,,,NLPI[gemma3:1b|P2],2,gemma3:1b,P2,,,,,,,,,,,,,2.0,raw,BIL,BIL,1.0,0.6006006006006006,0.6,0.6,1.0,0.0006006006006006315,,,,,,,,,,,,,,,,,
prompt_fidelity,,,,,,,,,,,,,,,NLPI[gemma3:1b|P2],2,gemma3:1b,P2,,,,,,,,,,,,,2.0,projected,BIL,,,,0.6,0.6,,,BIL,1.0,0.6,1.0,0.0,0.0,0.0,,,,,,,,,,
prompt_fidelity,,,,,,,,,,,,,,,NLPI[gemma3:1b|P2],2,gemma3:1b,P2,,,,,,,,,,,,,2.0,raw,BIL,BIL,1.0,0.6006006006006006,0.6,0.6,1.0,0.0006006006006006315,,,,,,,,,,,,,,,,,
prompt_fidelity,,,,,,,,,,,,,,,NLPI[gemma3:1b|P2],2,gemma3:1b,P2,,,,,,,,,,,,,2.0,projected,BIL,,,,0.6,0.6,,,BIL,1.0,0.6,1.0,0.0,0.0,0.0,,,,,,,,,,
prompt_fidelity,,,,,,,,,,,,,,,NLPI[gemma3:1b|P2],2,gemma3:1b,P2,,,,,,,,,,,,,2.0,raw,BIL,BIL,1.0,0.6006006006006006,0.6,0.6,1.0,0.0006006006006006315,,,,,,,,,,,,,,,,,
prompt_fidelity,,,,,,,,,,,,,,,NLPI[gemma3:1b|P2],2,gemma3:1b,P2,,,,,,,,,,,,,2.0,projected,BIL,,,,0.6,0.6,,,BIL,1.0,0.6,1.0,0.0,0.0,0.0,,,,,,,,,,
prompt_fidelity,,,,,,,,,,,,,,,NLPI[gemma3:1b|P2],2,gemma3:1b,P2,,,,,,,,,,,,,2.0,raw,BIL,BIL,1.0,0.6006006006006006,0.6,0.6,1.0,0.0006006006006006315,,,,,,,,,,,,,,,,,
prompt_fidelity,,,,,,,,,,,,,,,NLPI[gemma3:1b|P2],2,gemma3:1b,P2,,,,,,,,,,,,,2.0,projected,BIL,,,,0.6,0.6,,,BIL,1.0,0.6,1.0,0.0,0.0,0.0,,,,,,,,,,
prompt_fidelity,,,,,,,,,,,,,,,NLPI[gemma3:1b|P2],2,gemma3:1b,P2,,,,,,,,,,,,,2.0,raw,BIL,BIL,1.0,0.6006006006006006,0.6,0.6,1.0,0.0006006006006006315,,,,,,,,,,,,,,,,,
prompt_fidelity,,,,,,,,,,,,,,,NLPI[gemma3:1b|P2],2,gemma3:1b,P2,,,,,,,,,,,,,2.0,projected,BIL,,,,0.6,0.6,,,BIL,1.0,0.6,1.0,0.0,0.0,0.0,,,,,,,,,,
prompt_fidelity,,,,,,,,,,,,,,,NLPI[gemma3:1b|P2],2,gemma3:1b,P2,,,,,,,,,,,,,2.0,raw,BIL,BIL,1.0,0.6006006006006006,0.6,0.6,1.0,0.0006006006006006315,,,,,,,,,,,,,,,,,
prompt_fidelity,,,,,,,,,,,,,,,NLPI[gemma3:1b|P2],2,gemma3:1b,P2,,,,,,,,,,,,,2.0,projected,BIL,,,,0.6,0.6,,,BIL,1.0,0.6,1.0,0.0,0.0,0.0,,,,,,,,,,
prompt_fidelity,,,,,,,,,,,,,,,NLPI[gemma3:1b|P2],2,gemma3:1b,P2,,,,,,,,,,,,,2.0,raw,BIL,BIL,1.0,0.6006006006006006,0.6,0.6,1.0,0.0006006006006006315,,,,,,,,,,,,,,,,,
prompt_fidelity,,,,,,,,,,,,,,,NLPI[gemma3:1b|P2],2,gemma3:1b,P2,,,,,,,,,,,,,2.0,projected,BIL,,,,0.6,0.6,,,BIL,1.0,0.6,1.0,0.0,0.0,0.0,,,,,,,,,,
prompt_fidelity,,,,,,,,,,,,,,,NLPI[gemma3:1b|P2],2,gemma3:1b,P2,,,,,,,,,,,,,2.0,raw,BIL,BIL,1.0,0.6006006006006006,0.6,0.6,1.0,0.0006006006006006315,,,,,,,,,,,,,,,,,
prompt_fidelity,,,,,,,,,,,,,,,NLPI[gemma3:1b|P2],2,gemma3:1b,P2,,,,,,,,,,,,,2.0,projected,BIL,,,,0.6,0.6,,,BIL,1.0,0.6,1.0,0.0,0.0,0.0,,,,,,,,,,
prompt_fidelity,,,,,,,,,,,,,,,NLPI[gemma3:1b|P2],2,gemma3:1b,P2,,,,,,,,,,,,,2.0,raw,BIL,BIL,1.0,0.6006006006006006,0.6,0.6,1.0,0.0006006006006006315,,,,,,,,,,,,,,,,,
prompt_fidelity,,,,,,,,,,,,,,,NLPI[gemma3:1b|P2],2,gemma3:1b,P2,,,,,,,,,,,,,2.0,projected,BIL,,,,0.6,0.6,,,BIL,1.0,0.6,1.0,0.0,0.0,0.0,,,,,,,,,,
prompt_fidelity,,,,,,,,,,,,,,,NLPI[gemma3:1b|P2],2,gemma3:1b,P2,,,,,,,,,,,,,2.0,raw,BIL,BIL,1.0,0.6006006006006006,0.6,0.6,1.0,0.0006006006006006315,,,,,,,,,,,,,,,,,
prompt_fidelity,,,,,,,,,,,,,,,NLPI[gemma3:1b|P2],2,gemma3:1b,P2,,,,,,,,,,,,,2.0,projected,BIL,,,,0.6,0.6,,,BIL,1.0,0.6,1.0,0.0,0.0,0.0,,,,,,,,,,
prompt_fidelity,,,,,,,,,,,,,,,NLPI[gemma3:1b|P2],2,gemma3:1b,P2,,,,,,,,,,,,,2.0,raw,BIL,BIL,1.0,0.6006006006006006,0.6,0.6,1.0,0.0006006006006006315,,,,,,,,,,,,,,,,,
prompt_fidelity,,,,,,,,,,,,,,,NLPI[gemma3:1b|P2],2,gemma3:1b,P2,,,,,,,,,,,,,2.0,projected,BIL,,,,0.6,0.6,,,BIL,1.0,0.6,1.0,0.0,0.0,0.0,,,,,,,,,,
prompt_fidelity,,,,,,,,,,,,,,,NLPI[gemma3:1b|P3],2,gemma3:1b,P3,,,,,,,,,,,,,3.0,raw,SLV,GLD,0.0,0.379746835443038,0.6,0.6,0.0,-0.22025316455696198,,,,,,,,,,,,,,,,,
prompt_fidelity,,,,,,,,,,,,,,,NLPI[gemma3:1b|P3],2,gemma3:1b,P3,,,,,,,,,,,,,3.0,projected,SLV,,,,0.6,0.6,,,GLD,0.0,0.379746835443038,0.0,-0.22025316455696198,0.0,0.0,,,,,,,,,,
prompt_fidelity,,,,,,,,,,,,,,,NLPI[gemma3:1b|P3],2,gemma3:1b,P3,,,,,,,,,,,,,3.0,raw,EEM,GLD,0.0,0.012025316455696204,0.6,0.6,0.0,-0.5879746835443038,,,,,,,,,,,,,,,,,
prompt_fidelity,,,,,,,,,,,,,,,NLPI[gemma3:1b|P3],2,gemma3:1b,P3,,,,,,,,,,,,,3.0,projected,EEM,,,,0.6,0.6,,,GLD,0.0,0.01202531645569621,0.0,-0.5879746835443038,0.0,0.0,,,,,,,,,,
prompt_fidelity,,,,,,,,,,,,,,,NLPI[gemma3:1b|P3],2,gemma3:1b,P3,,,,,,,,,,,,,3.0,raw,UUP,GLD,0.0,0.012025316455696204,0.6,0.6,0.0,-0.5879746835443038,,,,,,,,,,,,,,,,,
prompt_fidelity,,,,,,,,,,,,,,,NLPI[gemma3:1b|P3],2,gemma3:1b,P3,,,,,,,,,,,,,3.0,projected,UUP,,,,0.6,0.6,,,GLD,0.0,0.01202531645569621,0.0,-0.5879746835443038,0.0,0.0,,,,,,,,,,
prompt_fidelity,,,,,,,,,,,,,,,NLPI[gemma3:1b|P3],2,gemma3:1b,P3,,,,,,,,,,,,,3.0,raw,UUP,GLD,0.0,0.019019019019019017,0.6,0.6,0.0,-0.5809809809809809,,,,,,,,,,,,,,,,,
prompt_fidelity,,,,,,,,,,,,,,,NLPI[gemma3:1b|P3],2,gemma3:1b,P3,,,,,,,,,,,,,3.0,projected,UUP,,,,0.6,0.6,,,GLD,0.0,0.019047619047619046,0.0,-0.5809523809523809,0.0,0.0,,,,,,,,,,
prompt_fidelity,,,,,,,,,,,,,,,NLPI[gemma3:1b|P3],2,gemma3:1b,P3,,,,,,,,,,,,,3.0,raw,DBC,GLD,0.0,0.012025316455696204,0.6,0.6,0.0,-0.5879746835443038,,,,,,,,,,,,,,,,,
prompt_fidelity,,,,,,,,,,,,,,,NLPI[gemma3:1b|P3],2,gemma3:1b,P3,,,,,,,,,,,,,3.0,projected,DBC,,,,0.6,0.6,,,GLD,0.0,0.01202531645569621,0.0,-0.5879746835443038,0.0,0.0,,,,,,,,,,
prompt_fidelity,,,,,,,,,,,,,,,NLPI[gemma3:1b|P3],2,gemma3:1b,P3,,,,,,,,,,,,,3.0,raw,SLV,GLD,0.0,0.379746835443038,0.6,0.6,0.0,-0.22025316455696198,,,,,,,,,,,,,,,,,
prompt_fidelity,,,,,,,,,,,,,,,NLPI[gemma3:1b|P3],2,gemma3:1b,P3,,,,,,,,,,,,,3.0,projected,SLV,,,,0.6,0.6,,,GLD,0.0,0.379746835443038,0.0,-0.22025316455696198,0.0,0.0,,,,,,,,,,
prompt_fidelity,,,,,,,,,,,,,,,NLPI[gemma3:1b|P3],2,gemma3:1b,P3,,,,,,,,,,,,,3.0,raw,DBC,GLD,0.0,0.012025316455696204,0.6,0.6,0.0,-0.5879746835443038,,,,,,,,,,,,,,,,,
prompt_fidelity,,,,,,,,,,,,,,,NLPI[gemma3:1b|P3],2,gemma3:1b,P3,,,,,,,,,,,,,3.0,projected,DBC,,,,0.6,0.6,,,GLD,0.0,0.01202531645569621,0.0,-0.5879746835443038,0.0,0.0,,,,,,,,,,
prompt_fidelity,,,,,,,,,,,,,,,NLPI[gemma3:1b|P3],2,gemma3:1b,P3,,,,,,,,,,,,,3.0,raw,DBC,GLD,0.0,0.012025316455696204,0.6,0.6,0.0,-0.5879746835443038,,,,,,,,,,,,,,,,,
prompt_fidelity,,,,,,,,,,,,,,,NLPI[gemma3:1b|P3],2,gemma3:1b,P3,,,,,,,,,,,,,3.0,projected,DBC,,,,0.6,0.6,,,GLD,0.0,0.01202531645569621,0.0,-0.5879746835443038,0.0,0.0,,,,,,,,,,
prompt_fidelity,,,,,,,,,,,,,,,NLPI[gemma3:1b|P3],2,gemma3:1b,P3,,,,,,,,,,,,,3.0,raw,TLT,GLD,0.0,0.012025316455696204,0.6,0.6,0.0,-0.5879746835443038,,,,,,,,,,,,,,,,,
prompt_fidelity,,,,,,,,,,,,,,,NLPI[gemma3:1b|P3],2,gemma3:1b,P3,,,,,,,,,,,,,3.0,projected,TLT,,,,0.6,0.6,,,GLD,0.0,0.01202531645569621,0.0,-0.5879746835443038,0.0,0.0,,,,,,,,,,
prompt_fidelity,,,,,,,,,,,,,,,NLPI[gemma3:1b|P3],2,gemma3:1b,P3,,,,,,,,,,,,,3.0,raw,TLT,GLD,0.0,0.012025316455696204,0.6,0.6,0.0,-0.5879746835443038,,,,,,,,,,,,,,,,,
prompt_fidelity,,,,,,,,,,,,,,,NLPI[gemma3:1b|P3],2,gemma3:1b,P3,,,,,,,,,,,,,3.0,projected,TLT,,,,0.6,0.6,,,GLD,0.0,0.01202531645569621,0.0,-0.5879746835443038,0.0,0.0,,,,,,,,,,
prompt_fidelity,,,,,,,,,,,,,,,NLPI[gemma3:1b|P3],2,gemma3:1b,P3,,,,,,,,,,,,,3.0,raw,VWO,GLD,0.0,0.012025316455696204,0.6,0.6,0.0,-0.5879746835443038,,,,,,,,,,,,,,,,,
prompt_fidelity,,,,,,,,,,,,,,,NLPI[gemma3:1b|P3],2,gemma3:1b,P3,,,,,,,,,,,,,3.0,projected,VWO,,,,0.6,0.6,,,GLD,0.0,0.01202531645569621,0.0,-0.5879746835443038,0.0,0.0,,,,,,,,,,
prompt_fidelity,,,,,,,,,,,,,,,NLPI[gemma3:1b|P3],2,gemma3:1b,P3,,,,,,,,,,,,,3.0,raw,VWO,GLD,0.0,0.012025316455696204,0.6,0.6,0.0,-0.5879746835443038,,,,,,,,,,,,,,,,,
prompt_fidelity,,,,,,,,,,,,,,,NLPI[gemma3:1b|P3],2,gemma3:1b,P3,,,,,,,,,,,,,3.0,projected,VWO,,,,0.6,0.6,,,GLD,0.0,0.01202531645569621,0.0,-0.5879746835443038,0.0,0.0,,,,,,,,,,
prompt_fidelity,,,,,,,,,,,,,,,NLPI[gemma3:1b|P3],2,gemma3:1b,P3,,,,,,,,,,,,,3.0,raw,DBC,GLD,0.0,0.012025316455696204,0.6,0.6,0.0,-0.5879746835443038,,,,,,,,,,,,,,,,,
prompt_fidelity,,,,,,,,,,,,,,,NLPI[gemma3:1b|P3],2,gemma3:1b,P3,,,,,,,,,,,,,3.0,projected,DBC,,,,0.6,0.6,,,GLD,0.0,0.01202531645569621,0.0,-0.5879746835443038,0.0,0.0,,,,,,,,,,
prompt_fidelity,,,,,,,,,,,,,,,NLPI[gemma3:1b|P3],2,gemma3:1b,P3,,,,,,,,,,,,,3.0,raw,IWM,GLD,0.0,0.012025316455696204,0.6,0.6,0.0,-0.5879746835443038,,,,,,,,,,,,,,,,,
prompt_fidelity,,,,,,,,,,,,,,,NLPI[gemma3:1b|P3],2,gemma3:1b,P3,,,,,,,,,,,,,3.0,projected,IWM,,,,0.6,0.6,,,GLD,0.0,0.01202531645569621,0.0,-0.5879746835443038,0.0,0.0,,,,,,,,,,
prompt_fidelity,,,,,,,,,,,,,,,NLPI[gemma3:1b|P3],2,gemma3:1b,P3,,,,,,,,,,,,,3.0,raw,UUP,GLD,0.0,0.012025316455696204,0.6,0.6,0.0,-0.5879746835443038,,,,,,,,,,,,,,,,,
prompt_fidelity,,,,,,,,,,,,,,,NLPI[gemma3:1b|P3],2,gemma3:1b,P3,,,,,,,,,,,,,3.0,projected,UUP,,,,0.6,0.6,,,GLD,0.0,0.01202531645569621,0.0,-0.5879746835443038,0.0,0.0,,,,,,,,,,
prompt_fidelity,,,,,,,,,,,,,,,NLPI[gemma3:1b|P3],2,gemma3:1b,P3,,,,,,,,,,,,,3.0,raw,QQQ,GLD,0.0,0.012025316455696204,0.6,0.6,0.0,-0.5879746835443038,,,,,,,,,,,,,,,,,
prompt_fidelity,,,,,,,,,,,,,,,NLPI[gemma3:1b|P3],2,gemma3:1b,P3,,,,,,,,,,,,,3.0,projected,QQQ,,,,0.6,0.6,,,GLD,0.0,0.01202531645569621,0.0,-0.5879746835443038,0.0,0.0,,,,,,,,,,
prompt_fidelity,,,,,,,,,,,,,,,NLPI[gemma3:1b|P3],2,gemma3:1b,P3,,,,,,,,,,,,,3.0,raw,DBC,GLD,0.0,0.012025316455696204,0.6,0.6,0.0,-0.5879746835443038,,,,,,,,,,,,,,,,,
prompt_fidelity,,,,,,,,,,,,,,,NLPI[gemma3:1b|P3],2,gemma3:1b,P3,,,,,,,,,,,,,3.0,projected,DBC,,,,0.6,0.6,,,GLD,0.0,0.01202531645569621,0.0,-0.5879746835443038,0.0,0.0,,,,,,,,,,
prompt_fidelity,,,,,,,,,,,,,,,NLPI[gemma3:1b|P3],2,gemma3:1b,P3,,,,,,,,,,,,,3.0,raw,SLV,GLD,0.0,0.379746835443038,0.6,0.6,0.0,-0.22025316455696198,,,,,,,,,,,,,,,,,
prompt_fidelity,,,,,,,,,,,,,,,NLPI[gemma3:1b|P3],2,gemma3:1b,P3,,,,,,,,,,,,,3.0,projected,SLV,,,,0.6,0.6,,,GLD,0.0,0.379746835443038,0.0,-0.22025316455696198,0.0,0.0,,,,,,,,,,
prompt_fidelity,,,,,,,,,,,,,,,NLPI[gemma3:1b|P4],2,gemma3:1b,P4,,,,,,,,,,,,,4.0,raw,,,,,,,,,,,,,,,,,,0.0,1.0,,,,,,
prompt_fidelity,,,,,,,,,,,,,,,NLPI[gemma3:1b|P4],2,gemma3:1b,P4,,,,,,,,,,,,,4.0,projected,,,,,,,,,,,,,,,,,,,,3.0531133177191805e-16,1.0,,,,
prompt_fidelity,,,,,,,,,,,,,,,NLPI[gemma3:1b|P4],2,gemma3:1b,P4,,,,,,,,,,,,,4.0,raw,,,,,,,,,,,,,,,,,,0.0,1.0,,,,,,
prompt_fidelity,,,,,,,,,,,,,,,NLPI[gemma3:1b|P4],2,gemma3:1b,P4,,,,,,,,,,,,,4.0,projected,,,,,,,,,,,,,,,,,,,,3.0531133177191805e-16,1.0,,,,
prompt_fidelity,,,,,,,,,,,,,,,NLPI[gemma3:1b|P4],2,gemma3:1b,P4,,,,,,,,,,,,,4.0,raw,,,,,,,,,,,,,,,,,,0.0,1.0,,,,,,
prompt_fidelity,,,,,,,,,,,,,,,NLPI[gemma3:1b|P4],2,gemma3:1b,P4,,,,,,,,,,,,,4.0,projected,,,,,,,,,,,,,,,,,,,,3.0531133177191805e-16,1.0,,,,
prompt_fidelity,,,,,,,,,,,,,,,NLPI[gemma3:1b|P4],2,gemma3:1b,P4,,,,,,,,,,,,,4.0,raw,,,,,,,,,,,,,,,,,,0.0,1.0,,,,,,
prompt_fidelity,,,,,,,,,,,,,,,NLPI[gemma3:1b|P4],2,gemma3:1b,P4,,,,,,,,,,,,,4.0,projected,,,,,,,,,,,,,,,,,,,,3.0531133177191805e-16,1.0,,,,
prompt_fidelity,,,,,,,,,,,,,,,NLPI[gemma3:1b|P4],2,gemma3:1b,P4,,,,,,,,,,,,,4.0,raw,,,,,,,,,,,,,,,,,,0.0,1.0,,,,,,
prompt_fidelity,,,,,,,,,,,,,,,NLPI[gemma3:1b|P4],2,gemma3:1b,P4,,,,,,,,,,,,,4.0,projected,,,,,,,,,,,,,,,,,,,,3.0531133177191805e-16,1.0,,,,
prompt_fidelity,,,,,,,,,,,,,,,NLPI[gemma3:1b|P4],2,gemma3:1b,P4,,,,,,,,,,,,,4.0,raw,,,,,,,,,,,,,,,,,,0.0,1.0,,,,,,
prompt_fidelity,,,,,,,,,,,,,,,NLPI[gemma3:1b|P4],2,gemma3:1b,P4,,,,,,,,,,,,,4.0,projected,,,,,,,,,,,,,,,,,,,,3.0531133177191805e-16,1.0,,,,
prompt_fidelity,,,,,,,,,,,,,,,NLPI[gemma3:1b|P4],2,gemma3:1b,P4,,,,,,,,,,,,,4.0,raw,,,,,,,,,,,,,,,,,,0.0,1.0,,,,,,
prompt_fidelity,,,,,,,,,,,,,,,NLPI[gemma3:1b|P4],2,gemma3:1b,P4,,,,,,,,,,,,,4.0,projected,,,,,,,,,,,,,,,,,,,,3.0531133177191805e-16,1.0,,,,
prompt_fidelity,,,,,,,,,,,,,,,NLPI[gemma3:1b|P4],2,gemma3:1b,P4,,,,,,,,,,,,,4.0,raw,,,,,,,,,,,,,,,,,,0.0,1.0,,,,,,
prompt_fidelity,,,,,,,,,,,,,,,NLPI[gemma3:1b|P4],2,gemma3:1b,P4,,,,,,,,,,,,,4.0,projected,,,,,,,,,,,,,,,,,,,,3.0531133177191805e-16,1.0,,,,
prompt_fidelity,,,,,,,,,,,,,,,NLPI[gemma3:1b|P4],2,gemma3:1b,P4,,,,,,,,,,,,,4.0,raw,,,,,,,,,,,,,,,,,,0.0,1.0,,,,,,
prompt_fidelity,,,,,,,,,,,,,,,NLPI[gemma3:1b|P4],2,gemma3:1b,P4,,,,,,,,,,,,,4.0,projected,,,,,,,,,,,,,,,,,,,,3.0531133177191805e-16,1.0,,,,
prompt_fidelity,,,,,,,,,,,,,,,NLPI[gemma3:1b|P4],2,gemma3:1b,P4,,,,,,,,,,,,,4.0,raw,,,,,,,,,,,,,,,,,,0.0,1.0,,,,,,
prompt_fidelity,,,,,,,,,,,,,,,NLPI[gemma3:1b|P4],2,gemma3:1b,P4,,,,,,,,,,,,,4.0,projected,,,,,,,,,,,,,,,,,,,,3.0531133177191805e-16,1.0,,,,
prompt_fidelity,,,,,,,,,,,,,,,NLPI[gemma3:1b|P4],2,gemma3:1b,P4,,,,,,,,,,,,,4.0,raw,,,,,,,,,,,,,,,,,,0.0,1.0,,,,,,
prompt_fidelity,,,,,,,,,,,,,,,NLPI[gemma3:1b|P4],2,gemma3:1b,P4,,,,,,,,,,,,,4.0,projected,,,,,,,,,,,,,,,,,,,,3.0531133177191805e-16,1.0,,,,
prompt_fidelity,,,,,,,,,,,,,,,NLPI[gemma3:1b|P4],2,gemma3:1b,P4,,,,,,,,,,,,,4.0,raw,,,,,,,,,,,,,,,,,,0.0,1.0,,,,,,
prompt_fidelity,,,,,,,,,,,,,,,NLPI[gemma3:1b|P4],2,gemma3:1b,P4,,,,,,,,,,,,,4.0,projected,,,,,,,,,,,,,,,,,,,,3.0531133177191805e-16,1.0,,,,
prompt_fidelity,,,,,,,,,,,,,,,NLPI[gemma3:1b|P4],2,gemma3:1b,P4,,,,,,,,,,,,,4.0,raw,,,,,,,,,,,,,,,,,,0.0,1.0,,,,,,
prompt_fidelity,,,,,,,,,,,,,,,NLPI[gemma3:1b|P4],2,gemma3:1b,P4,,,,,,,,,,,,,4.0,projected,,,,,,,,,,,,,,,,,,,,3.0531133177191805e-16,1.0,,,,
prompt_fidelity,,,,,,,,,,,,,,,NLPI[gemma3:1b|P4],2,gemma3:1b,P4,,,,,,,,,,,,,4.0,raw,,,,,,,,,,,,,,,,,,0.0,1.0,,,,,,
prompt_fidelity,,,,,,,,,,,,,,,NLPI[gemma3:1b|P4],2,gemma3:1b,P4,,,,,,,,,,,,,4.0,projected,,,,,,,,,,,,,,,,,,,,3.0531133177191805e-16,1.0,,,,
prompt_fidelity,,,,,,,,,,,,,,,NLPI[gemma3:1b|P4],2,gemma3:1b,P4,,,,,,,,,,,,,4.0,raw,,,,,,,,,,,,,,,,,,0.0,1.0,,,,,,
prompt_fidelity,,,,,,,,,,,,,,,NLPI[gemma3:1b|P4],2,gemma3:1b,P4,,,,,,,,,,,,,4.0,projected,,,,,,,,,,,,,,,,,,,,3.0531133177191805e-16,1.0,,,,
prompt_fidelity,,,,,,,,,,,,,,,NLPI[gemma3:1b|P4],2,gemma3:1b,P4,,,,,,,,,,,,,4.0,raw,,,,,,,,,,,,,,,,,,0.0,1.0,,,,,,
prompt_fidelity,,,,,,,,,,,,,,,NLPI[gemma3:1b|P4],2,gemma3:1b,P4,,,,,,,,,,,,,4.0,projected,,,,,,,,,,,,,,,,,,,,3.0531133177191805e-16,1.0,,,,
prompt_fidelity,,,,,,,,,,,,,,,NLPI[gemma3:1b|P4],2,gemma3:1b,P4,,,,,,,,,,,,,4.0,raw,,,,,,,,,,,,,,,,,,0.0,1.0,,,,,,
prompt_fidelity,,,,,,,,,,,,,,,NLPI[gemma3:1b|P4],2,gemma3:1b,P4,,,,,,,,,,,,,4.0,projected,,,,,,,,,,,,,,,,,,,,3.0531133177191805e-16,1.0,,,,
prompt_fidelity,,,,,,,,,,,,,,,NLPI[gemma3:1b|P4],2,gemma3:1b,P4,,,,,,,,,,,,,4.0,raw,,,,,,,,,,,,,,,,,,0.0,1.0,,,,,,
prompt_fidelity,,,,,,,,,,,,,,,NLPI[gemma3:1b|P4],2,gemma3:1b,P4,,,,,,,,,,,,,4.0,projected,,,,,,,,,,,,,,,,,,,,3.0531133177191805e-16,1.0,,,,
prompt_fidelity,,,,,,,,,,,,,,,NLPI[gemma3:1b|P5],2,gemma3:1b,P5,,,,,,,,,,,,,5.0,raw,,,,,,,,,,,,,,,,,,,,,,0.045454545454545456,1.0,,
prompt_fidelity,,,,,,,,,,,,,,,NLPI[gemma3:1b|P5],2,gemma3:1b,P5,,,,,,,,,,,,,5.0,projected,,,,,,,,,,,,,,,,,,,,,,,,0.04545454545454548,1.0
prompt_fidelity,,,,,,,,,,,,,,,NLPI[gemma3:1b|P5],2,gemma3:1b,P5,,,,,,,,,,,,,5.0,raw,,,,,,,,,,,,,,,,,,,,,,0.045454545454545456,1.0,,
prompt_fidelity,,,,,,,,,,,,,,,NLPI[gemma3:1b|P5],2,gemma3:1b,P5,,,,,,,,,,,,,5.0,projected,,,,,,,,,,,,,,,,,,,,,,,,0.04545454545454548,1.0
prompt_fidelity,,,,,,,,,,,,,,,NLPI[gemma3:1b|P5],2,gemma3:1b,P5,,,,,,,,,,,,,5.0,raw,,,,,,,,,,,,,,,,,,,,,,0.045454545454545456,1.0,,
prompt_fidelity,,,,,,,,,,,,,,,NLPI[gemma3:1b|P5],2,gemma3:1b,P5,,,,,,,,,,,,,5.0,projected,,,,,,,,,,,,,,,,,,,,,,,,0.04545454545454548,1.0
prompt_fidelity,,,,,,,,,,,,,,,NLPI[gemma3:1b|P5],2,gemma3:1b,P5,,,,,,,,,,,,,5.0,raw,,,,,,,,,,,,,,,,,,,,,,0.045454545454545456,1.0,,
prompt_fidelity,,,,,,,,,,,,,,,NLPI[gemma3:1b|P5],2,gemma3:1b,P5,,,,,,,,,,,,,5.0,projected,,,,,,,,,,,,,,,,,,,,,,,,0.04545454545454548,1.0
prompt_fidelity,,,,,,,,,,,,,,,NLPI[gemma3:1b|P5],2,gemma3:1b,P5,,,,,,,,,,,,,5.0,raw,,,,,,,,,,,,,,,,,,,,,,0.045454545454545456,1.0,,
prompt_fidelity,,,,,,,,,,,,,,,NLPI[gemma3:1b|P5],2,gemma3:1b,P5,,,,,,,,,,,,,5.0,projected,,,,,,,,,,,,,,,,,,,,,,,,0.04545454545454548,1.0
prompt_fidelity,,,,,,,,,,,,,,,NLPI[gemma3:1b|P5],2,gemma3:1b,P5,,,,,,,,,,,,,5.0,raw,,,,,,,,,,,,,,,,,,,,,,0.045454545454545456,1.0,,
prompt_fidelity,,,,,,,,,,,,,,,NLPI[gemma3:1b|P5],2,gemma3:1b,P5,,,,,,,,,,,,,5.0,projected,,,,,,,,,,,,,,,,,,,,,,,,0.04545454545454548,1.0
prompt_fidelity,,,,,,,,,,,,,,,NLPI[gemma3:1b|P5],2,gemma3:1b,P5,,,,,,,,,,,,,5.0,raw,,,,,,,,,,,,,,,,,,,,,,0.045454545454545456,1.0,,
prompt_fidelity,,,,,,,,,,,,,,,NLPI[gemma3:1b|P5],2,gemma3:1b,P5,,,,,,,,,,,,,5.0,projected,,,,,,,,,,,,,,,,,,,,,,,,0.04545454545454548,1.0
prompt_fidelity,,,,,,,,,,,,,,,NLPI[gemma3:1b|P5],2,gemma3:1b,P5,,,,,,,,,,,,,5.0,raw,,,,,,,,,,,,,,,,,,,,,,0.045454545454545456,1.0,,
prompt_fidelity,,,,,,,,,,,,,,,NLPI[gemma3:1b|P5],2,gemma3:1b,P5,,,,,,,,,,,,,5.0,projected,,,,,,,,,,,,,,,,,,,,,,,,0.04545454545454548,1.0
prompt_fidelity,,,,,,,,,,,,,,,NLPI[gemma3:1b|P5],2,gemma3:1b,P5,,,,,,,,,,,,,5.0,raw,,,,,,,,,,,,,,,,,,,,,,0.045454545454545456,1.0,,
prompt_fidelity,,,,,,,,,,,,,,,NLPI[gemma3:1b|P5],2,gemma3:1b,P5,,,,,,,,,,,,,5.0,projected,,,,,,,,,,,,,,,,,,,,,,,,0.04545454545454548,1.0
prompt_fidelity,,,,,,,,,,,,,,,NLPI[gemma3:1b|P5],2,gemma3:1b,P5,,,,,,,,,,,,,5.0,raw,,,,,,,,,,,,,,,,,,,,,,0.045454545454545456,1.0,,
prompt_fidelity,,,,,,,,,,,,,,,NLPI[gemma3:1b|P5],2,gemma3:1b,P5,,,,,,,,,,,,,5.0,projected,,,,,,,,,,,,,,,,,,,,,,,,0.04545454545454548,1.0
prompt_fidelity,,,,,,,,,,,,,,,NLPI[gemma3:1b|P5],2,gemma3:1b,P5,,,,,,,,,,,,,5.0,raw,,,,,,,,,,,,,,,,,,,,,,0.045454545454545456,1.0,,
prompt_fidelity,,,,,,,,,,,,,,,NLPI[gemma3:1b|P5],2,gemma3:1b,P5,,,,,,,,,,,,,5.0,projected,,,,,,,,,,,,,,,,,,,,,,,,0.04545454545454548,1.0
prompt_fidelity,,,,,,,,,,,,,,,NLPI[gemma3:1b|P5],2,gemma3:1b,P5,,,,,,,,,,,,,5.0,raw,,,,,,,,,,,,,,,,,,,,,,0.045454545454545456,1.0,,
prompt_fidelity,,,,,,,,,,,,,,,NLPI[gemma3:1b|P5],2,gemma3:1b,P5,,,,,,,,,,,,,5.0,projected,,,,,,,,,,,,,,,,,,,,,,,,0.04545454545454548,1.0
prompt_fidelity,,,,,,,,,,,,,,,NLPI[gemma3:1b|P5],2,gemma3:1b,P5,,,,,,,,,,,,,5.0,raw,,,,,,,,,,,,,,,,,,,,,,0.045454545454545456,1.0,,
prompt_fidelity,,,,,,,,,,,,,,,NLPI[gemma3:1b|P5],2,gemma3:1b,P5,,,,,,,,,,,,,5.0,projected,,,,,,,,,,,,,,,,,,,,,,,,0.04545454545454548,1.0
prompt_fidelity,,,,,,,,,,,,,,,NLPI[gemma3:1b|P5],2,gemma3:1b,P5,,,,,,,,,,,,,5.0,raw,,,,,,,,,,,,,,,,,,,,,,0.045454545454545456,1.0,,
prompt_fidelity,,,,,,,,,,,,,,,NLPI[gemma3:1b|P5],2,gemma3:1b,P5,,,,,,,,,,,,,5.0,projected,,,,,,,,,,,,,,,,,,,,,,,,0.04545454545454548,1.0
prompt_fidelity,,,,,,,,,,,,,,,NLPI[gemma3:1b|P5],2,gemma3:1b,P5,,,,,,,,,,,,,5.0,raw,,,,,,,,,,,,,,,,,,,,,,0.045454545454545456,1.0,,
prompt_fidelity,,,,,,,,,,,,,,,NLPI[gemma3:1b|P5],2,gemma3:1b,P5,,,,,,,,,,,,,5.0,projected,,,,,,,,,,,,,,,,,,,,,,,,0.04545454545454548,1.0
prompt_fidelity,,,,,,,,,,,,,,,NLPI[gemma3:1b|P5],2,gemma3:1b,P5,,,,,,,,,,,,,5.0,raw,,,,,,,,,,,,,,,,,,,,,,0.045454545454545456,1.0,,
prompt_fidelity,,,,,,,,,,,,,,,NLPI[gemma3:1b|P5],2,gemma3:1b,P5,,,,,,,,,,,,,5.0,projected,,,,,,,,,,,,,,,,,,,,,,,,0.04545454545454548,1.0
prompt_fidelity,,,,,,,,,,,,,,,NLPI[gemma3:1b|P5],2,gemma3:1b,P5,,,,,,,,,,,,,5.0,raw,,,,,,,,,,,,,,,,,,,,,,0.045454545454545456,1.0,,
prompt_fidelity,,,,,,,,,,,,,,,NLPI[gemma3:1b|P5],2,gemma3:1b,P5,,,,,,,,,,,,,5.0,projected,,,,,,,,,,,,,,,,,,,,,,,,0.04545454545454548,1.0
prompt_fidelity,,,,,,,,,,,,,,,NLPI[gemma3:1b|P5],2,gemma3:1b,P5,,,,,,,,,,,,,5.0,raw,,,,,,,,,,,,,,,,,,,,,,0.045454545454545456,1.0,,
prompt_fidelity,,,,,,,,,,,,,,,NLPI[gemma3:1b|P5],2,gemma3:1b,P5,,,,,,,,,,,,,5.0,projected,,,,,,,,,,,,,,,,,,,,,,,,0.04545454545454548,1.0
prompt_fidelity,,,,,,,,,,,,,,,NLPI[llama3.1:8b|P1],3,llama3.1:8b,P1,,,,,,,,,,,,,1.0,raw,IWM,IWM,1.0,0.6122448979591837,0.6,0.6,1.0,0.01224489795918371,,,,,,,,,,,,,,,,,
prompt_fidelity,,,,,,,,,,,,,,,NLPI[llama3.1:8b|P1],3,llama3.1:8b,P1,,,,,,,,,,,,,1.0,projected,IWM,,,,0.6,0.6,,,IWM,1.0,0.6,1.0,0.0,0.0,0.0,,,,,,,,,,
prompt_fidelity,,,,,,,,,,,,,,,NLPI[llama3.1:8b|P1],3,llama3.1:8b,P1,,,,,,,,,,,,,1.0,raw,IWM,IWM,1.0,0.967741935483871,0.6,0.6,1.0,0.367741935483871,,,,,,,,,,,,,,,,,
prompt_fidelity,,,,,,,,,,,,,,,NLPI[llama3.1:8b|P1],3,llama3.1:8b,P1,,,,,,,,,,,,,1.0,projected,IWM,,,,0.6,0.6,,,IWM,1.0,0.6,1.0,0.0,0.0,0.0,,,,,,,,,,
prompt_fidelity,,,,,,,,,,,,,,,NLPI[llama3.1:8b|P1],3,llama3.1:8b,P1,,,,,,,,,,,,,1.0,raw,QQQ,IWM,0.0,0.0196078431372549,0.6,0.6,0.0,-0.580392156862745,,,,,,,,,,,,,,,,,
prompt_fidelity,,,,,,,,,,,,,,,NLPI[llama3.1:8b|P1],3,llama3.1:8b,P1,,,,,,,,,,,,,1.0,projected,QQQ,,,,0.6,0.6,,,IWM,0.0,0.019607843137254888,0.0,-0.580392156862745,0.0,0.0,,,,,,,,,,
prompt_fidelity,,,,,,,,,,,,,,,NLPI[llama3.1:8b|P1],3,llama3.1:8b,P1,,,,,,,,,,,,,1.0,raw,QQQ,IWM,0.0,0.0,0.6,0.6,0.0,-0.6,,,,,,,,,,,,,,,,,
prompt_fidelity,,,,,,,,,,,,,,,NLPI[llama3.1:8b|P1],3,llama3.1:8b,P1,,,,,,,,,,,,,1.0,projected,QQQ,,,,0.6,0.6,,,IWM,0.0,0.017585968151396278,0.0,-0.5824140318486037,0.0,0.0,,,,,,,,,,
prompt_fidelity,,,,,,,,,,,,,,,NLPI[llama3.1:8b|P1],3,llama3.1:8b,P1,,,,,,,,,,,,,1.0,raw,EEM,IWM,0.0,0.0,0.6,0.6,0.0,-0.6,,,,,,,,,,,,,,,,,
prompt_fidelity,,,,,,,,,,,,,,,NLPI[llama3.1:8b|P1],3,llama3.1:8b,P1,,,,,,,,,,,,,1.0,projected,EEM,,,,0.6,0.6,,,IWM,0.0,0.017585968151396278,0.0,-0.5824140318486037,0.0,0.0,,,,,,,,,,
prompt_fidelity,,,,,,,,,,,,,,,NLPI[llama3.1:8b|P1],3,llama3.1:8b,P1,,,,,,,,,,,,,1.0,raw,DIA,IWM,0.0,0.0,0.6,0.6,0.0,-0.6,,,,,,,,,,,,,,,,,
prompt_fidelity,,,,,,,,,,,,,,,NLPI[llama3.1:8b|P1],3,llama3.1:8b,P1,,,,,,,,,,,,,1.0,projected,DIA,,,,0.6,0.6,,,IWM,0.0,0.017585968151396278,0.0,-0.5824140318486037,0.0,0.0,,,,,,,,,,
prompt_fidelity,,,,,,,,,,,,,,,NLPI[llama3.1:8b|P1],3,llama3.1:8b,P1,,,,,,,,,,,,,1.0,raw,EEM,IWM,0.0,0.0,0.6,0.6,0.0,-0.6,,,,,,,,,,,,,,,,,
prompt_fidelity,,,,,,,,,,,,,,,NLPI[llama3.1:8b|P1],3,llama3.1:8b,P1,,,,,,,,,,,,,1.0,projected,EEM,,,,0.6,0.6,,,IWM,0.0,0.017585968151396278,0.0,-0.5824140318486037,0.0,0.0,,,,,,,,,,
prompt_fidelity,,,,,,,,,,,,,,,NLPI[llama3.1:8b|P1],3,llama3.1:8b,P1,,,,,,,,,,,,,1.0,raw,QQQ,IWM,0.0,0.0196078431372549,0.6,0.6,0.0,-0.580392156862745,,,,,,,,,,,,,,,,,
prompt_fidelity,,,,,,,,,,,,,,,NLPI[llama3.1:8b|P1],3,llama3.1:8b,P1,,,,,,,,,,,,,1.0,projected,QQQ,,,,0.6,0.6,,,IWM,0.0,0.019607843137254888,0.0,-0.580392156862745,0.0,0.0,,,,,,,,,,
prompt_fidelity,,,,,,,,,,,,,,,NLPI[llama3.1:8b|P1],3,llama3.1:8b,P1,,,,,,,,,,,,,1.0,raw,EEM,IWM,0.0,0.0,0.6,0.6,0.0,-0.6,,,,,,,,,,,,,,,,,
prompt_fidelity,,,,,,,,,,,,,,,NLPI[llama3.1:8b|P1],3,llama3.1:8b,P1,,,,,,,,,,,,,1.0,projected,EEM,,,,0.6,0.6,,,IWM,0.0,0.017585968151396278,0.0,-0.5824140318486037,0.0,0.0,,,,,,,,,,
prompt_fidelity,,,,,,,,,,,,,,,NLPI[llama3.1:8b|P1],3,llama3.1:8b,P1,,,,,,,,,,,,,1.0,raw,DBC,IWM,0.0,0.0,0.6,0.6,0.0,-0.6,,,,,,,,,,,,,,,,,
prompt_fidelity,,,,,,,,,,,,,,,NLPI[llama3.1:8b|P1],3,llama3.1:8b,P1,,,,,,,,,,,,,1.0,projected,DBC,,,,0.6,0.6,,,IWM,0.0,0.017585968151396278,0.0,-0.5824140318486037,0.0,0.0,,,,,,,,,,
prompt_fidelity,,,,,,,,,,,,,,,NLPI[llama3.1:8b|P1],3,llama3.1:8b,P1,,,,,,,,,,,,,1.0,raw,QQQ,IWM,0.0,0.019387755102040816,0.6,0.6,0.0,-0.5806122448979592,,,,,,,,,,,,,,,,,
prompt_fidelity,,,,,,,,,,,,,,,NLPI[llama3.1:8b|P1],3,llama3.1:8b,P1,,,,,,,,,,,,,1.0,projected,QQQ,,,,0.6,0.6,,,IWM,0.0,0.01997084548104957,0.0,-0.5800291545189504,0.0,0.0,,,,,,,,,,
prompt_fidelity,,,,,,,,,,,,,,,NLPI[llama3.1:8b|P1],3,llama3.1:8b,P1,,,,,,,,,,,,,1.0,raw,QQQ,IWM,0.0,0.0,0.6,0.6,0.0,-0.6,,,,,,,,,,,,,,,,,
prompt_fidelity,,,,,,,,,,,,,,,NLPI[llama3.1:8b|P1],3,llama3.1:8b,P1,,,,,,,,,,,,,1.0,projected,QQQ,,,,0.6,0.6,,,IWM,0.0,0.017585968151396278,0.0,-0.5824140318486037,0.0,0.0,,,,,,,,,,
prompt_fidelity,,,,,,,,,,,,,,,NLPI[llama3.1:8b|P1],3,llama3.1:8b,P1,,,,,,,,,,,,,1.0,raw,UUP,IWM,0.0,0.0,0.6,0.6,0.0,-0.6,,,,,,,,,,,,,,,,,
prompt_fidelity,,,,,,,,,,,,,,,NLPI[llama3.1:8b|P1],3,llama3.1:8b,P1,,,,,,,,,,,,,1.0,projected,UUP,,,,0.6,0.6,,,IWM,0.0,0.017585968151396278,0.0,-0.5824140318486037,0.0,0.0,,,,,,,,,,
prompt_fidelity,,,,,,,,,,,,,,,NLPI[llama3.1:8b|P1],3,llama3.1:8b,P1,,,,,,,,,,,,,1.0,raw,VNQ,IWM,0.0,0.019387755102040816,0.6,0.6,0.0,-0.5806122448979592,,,,,,,,,,,,,,,,,
prompt_fidelity,,,,,,,,,,,,,,,NLPI[llama3.1:8b|P1],3,llama3.1:8b,P1,,,,,,,,,,,,,1.0,projected,VNQ,,,,0.6,0.6,,,IWM,0.0,0.01997084548104957,0.0,-0.5800291545189504,0.0,0.0,,,,,,,,,,
prompt_fidelity,,,,,,,,,,,,,,,NLPI[llama3.1:8b|P1],3,llama3.1:8b,P1,,,,,,,,,,,,,1.0,raw,VNQ,IWM,0.0,0.0196078431372549,0.6,0.6,0.0,-0.580392156862745,,,,,,,,,,,,,,,,,
prompt_fidelity,,,,,,,,,,,,,,,NLPI[llama3.1:8b|P1],3,llama3.1:8b,P1,,,,,,,,,,,,,1.0,projected,VNQ,,,,0.6,0.6,,,IWM,0.0,0.019607843137254888,0.0,-0.580392156862745,0.0,0.0,,,,,,,,,,
prompt_fidelity,,,,,,,,,,,,,,,NLPI[llama3.1:8b|P1],3,llama3.1:8b,P1,,,,,,,,,,,,,1.0,raw,LQD,IWM,0.0,0.019387755102040816,0.6,0.6,0.0,-0.5806122448979592,,,,,,,,,,,,,,,,,
prompt_fidelity,,,,,,,,,,,,,,,NLPI[llama3.1:8b|P1],3,llama3.1:8b,P1,,,,,,,,,,,,,1.0,projected,LQD,,,,0.6,0.6,,,IWM,0.0,0.01997084548104957,0.0,-0.5800291545189504,0.0,0.0,,,,,,,,,,
prompt_fidelity,,,,,,,,,,,,,,,NLPI[llama3.1:8b|P1],3,llama3.1:8b,P1,,,,,,,,,,,,,1.0,raw,GLD,IWM,0.0,0.0,0.6,0.6,0.0,-0.6,,,,,,,,,,,,,,,,,
prompt_fidelity,,,,,,,,,,,,,,,NLPI[llama3.1:8b|P1],3,llama3.1:8b,P1,,,,,,,,,,,,,1.0,projected,GLD,,,,0.6,0.6,,,IWM,0.0,0.007142857142857151,0.0,-0.5928571428571429,0.0,0.0,,,,,,,,,,
prompt_fidelity,,,,,,,,,,,,,,,NLPI[llama3.1:8b|P1],3,llama3.1:8b,P1,,,,,,,,,,,,,1.0,raw,VNQ,IWM,0.0,0.019387755102040816,0.6,0.6,0.0,-0.5806122448979592,,,,,,,,,,,,,,,,,
prompt_fidelity,,,,,,,,,,,,,,,NLPI[llama3.1:8b|P1],3,llama3.1:8b,P1,,,,,,,,,,,,,1.0,projected,VNQ,,,,0.6,0.6,,,IWM,0.0,0.01997084548104957,0.0,-0.5800291545189504,0.0,0.0,,,,,,,,,,
prompt_fidelity,,,,,,,,,,,,,,,NLPI[llama3.1:8b|P2],3,llama3.1:8b,P2,,,,,,,,,,,,,2.0,raw,BIL,BIL,1.0,0.6500541711809318,0.6,0.6,1.0,0.050054171180931806,,,,,,,,,,,,,,,,,
prompt_fidelity,,,,,,,,,,,,,,,NLPI[llama3.1:8b|P2],3,llama3.1:8b,P2,,,,,,,,,,,,,2.0,projected,BIL,,,,0.6,0.6,,,BIL,1.0,0.6,1.0,0.0,0.0,0.0,,,,,,,,,,
prompt_fidelity,,,,,,,,,,,,,,,NLPI[llama3.1:8b|P2],3,llama3.1:8b,P2,,,,,,,,,,,,,2.0,raw,BIL,BIL,1.0,0.7083825265643447,0.6,0.6,1.0,0.10838252656434477,,,,,,,,,,,,,,,,,
prompt_fidelity,,,,,,,,,,,,,,,NLPI[llama3.1:8b|P2],3,llama3.1:8b,P2,,,,,,,,,,,,,2.0,projected,BIL,,,,0.6,0.6,,,BIL,1.0,0.6,1.0,0.0,0.0,0.0,,,,,,,,,,
prompt_fidelity,,,,,,,,,,,,,,,NLPI[llama3.1:8b|P2],3,llama3.1:8b,P2,,,,,,,,,,,,,2.0,raw,BIL,BIL,1.0,0.6006006006006006,0.6,0.6,1.0,0.0006006006006006315,,,,,,,,,,,,,,,,,
prompt_fidelity,,,,,,,,,,,,,,,NLPI[llama3.1:8b|P2],3,llama3.1:8b,P2,,,,,,,,,,,,,2.0,projected,BIL,,,,0.6,0.6,,,BIL,1.0,0.6,1.0,0.0,0.0,0.0,,,,,,,,,,
prompt_fidelity,,,,,,,,,,,,,,,NLPI[llama3.1:8b|P2],3,llama3.1:8b,P2,,,,,,,,,,,,,2.0,raw,BIL,BIL,1.0,0.7083825265643447,0.6,0.6,1.0,0.10838252656434477,,,,,,,,,,,,,,,,,
prompt_fidelity,,,,,,,,,,,,,,,NLPI[llama3.1:8b|P2],3,llama3.1:8b,P2,,,,,,,,,,,,,2.0,projected,BIL,,,,0.6,0.6,,,BIL,1.0,0.6,1.0,0.0,0.0,0.0,,,,,,,,,,
prompt_fidelity,,,,,,,,,,,,,,,NLPI[llama3.1:8b|P2],3,llama3.1:8b,P2,,,,,,,,,,,,,2.0,raw,BIL,BIL,1.0,0.7083825265643447,0.6,0.6,1.0,0.10838252656434477,,,,,,,,,,,,,,,,,
prompt_fidelity,,,,,,,,,,,,,,,NLPI[llama3.1:8b|P2],3,llama3.1:8b,P2,,,,,,,,,,,,,2.0,projected,BIL,,,,0.6,0.6,,,BIL,1.0,0.6,1.0,0.0,0.0,0.0,,,,,,,,,,
prompt_fidelity,,,,,,,,,,,,,,,NLPI[llama3.1:8b|P2],3,llama3.1:8b,P2,,,,,,,,,,,,,2.0,raw,BIL,BIL,1.0,0.6006006006006006,0.6,0.6,1.0,0.0006006006006006315,,,,,,,,,,,,,,,,,
prompt_fidelity,,,,,,,,,,,,,,,NLPI[llama3.1:8b|P2],3,llama3.1:8b,P2,,,,,,,,,,,,,2.0,projected,BIL,,,,0.6,0.6,,,BIL,1.0,0.6,1.0,0.0,0.0,0.0,,,,,,,,,,
prompt_fidelity,,,,,,,,,,,,,,,NLPI[llama3.1:8b|P2],3,llama3.1:8b,P2,,,,,,,,,,,,,2.0,raw,BIL,BIL,1.0,0.6006006006006006,0.6,0.6,1.0,0.0006006006006006315,,,,,,,,,,,,,,,,,
prompt_fidelity,,,,,,,,,,,,,,,NLPI[llama3.1:8b|P2],3,llama3.1:8b,P2,,,,,,,,,,,,,2.0,projected,BIL,,,,0.6,0.6,,,BIL,1.0,0.6,1.0,0.0,0.0,0.0,,,,,,,,,,
prompt_fidelity,,,,,,,,,,,,,,,NLPI[llama3.1:8b|P2],3,llama3.1:8b,P2,,,,,,,,,,,,,2.0,raw,BIL,BIL,1.0,0.6006006006006006,0.6,0.6,1.0,0.0006006006006006315,,,,,,,,,,,,,,,,,
prompt_fidelity,,,,,,,,,,,,,,,NLPI[llama3.1:8b|P2],3,llama3.1:8b,P2,,,,,,,,,,,,,2.0,projected,BIL,,,,0.6,0.6,,,BIL,1.0,0.6,1.0,0.0,0.0,0.0,,,,,,,,,,
prompt_fidelity,,,,,,,,,,,,,,,NLPI[llama3.1:8b|P2],3,llama3.1:8b,P2,,,,,,,,,,,,,2.0,raw,BIL,BIL,1.0,0.6006006006006006,0.6,0.6,1.0,0.0006006006006006315,,,,,,,,,,,,,,,,,
prompt_fidelity,,,,,,,,,,,,,,,NLPI[llama3.1:8b|P2],3,llama3.1:8b,P2,,,,,,,,,,,,,2.0,projected,BIL,,,,0.6,0.6,,,BIL,1.0,0.6,1.0,0.0,0.0,0.0,,,,,,,,,,
prompt_fidelity,,,,,,,,,,,,,,,NLPI[llama3.1:8b|P2],3,llama3.1:8b,P2,,,,,,,,,,,,,2.0,raw,BIL,BIL,1.0,0.7083825265643447,0.6,0.6,1.0,0.10838252656434477,,,,,,,,,,,,,,,,,
prompt_fidelity,,,,,,,,,,,,,,,NLPI[llama3.1:8b|P2],3,llama3.1:8b,P2,,,,,,,,,,,,,2.0,projected,BIL,,,,0.6,0.6,,,BIL,1.0,0.6,1.0,0.0,0.0,0.0,,,,,,,,,,
prompt_fidelity,,,,,,,,,,,,,,,NLPI[llama3.1:8b|P2],3,llama3.1:8b,P2,,,,,,,,,,,,,2.0,raw,BIL,BIL,1.0,0.7083825265643447,0.6,0.6,1.0,0.10838252656434477,,,,,,,,,,,,,,,,,
prompt_fidelity,,,,,,,,,,,,,,,NLPI[llama3.1:8b|P2],3,llama3.1:8b,P2,,,,,,,,,,,,,2.0,projected,BIL,,,,0.6,0.6,,,BIL,1.0,0.6,1.0,0.0,0.0,0.0,,,,,,,,,,
prompt_fidelity,,,,,,,,,,,,,,,NLPI[llama3.1:8b|P2],3,llama3.1:8b,P2,,,,,,,,,,,,,2.0,raw,BIL,BIL,1.0,0.6006006006006006,0.6,0.6,1.0,0.0006006006006006315,,,,,,,,,,,,,,,,,
prompt_fidelity,,,,,,,,,,,,,,,NLPI[llama3.1:8b|P2],3,llama3.1:8b,P2,,,,,,,,,,,,,2.0,projected,BIL,,,,0.6,0.6,,,BIL,1.0,0.6,1.0,0.0,0.0,0.0,,,,,,,,,,
prompt_fidelity,,,,,,,,,,,,,,,NLPI[llama3.1:8b|P2],3,llama3.1:8b,P2,,,,,,,,,,,,,2.0,raw,BIL,BIL,1.0,0.7083825265643447,0.6,0.6,1.0,0.10838252656434477,,,,,,,,,,,,,,,,,
prompt_fidelity,,,,,,,,,,,,,,,NLPI[llama3.1:8b|P2],3,llama3.1:8b,P2,,,,,,,,,,,,,2.0,projected,BIL,,,,0.6,0.6,,,BIL,1.0,0.6,1.0,0.0,0.0,0.0,,,,,,,,,,
prompt_fidelity,,,,,,,,,,,,,,,NLPI[llama3.1:8b|P2],3,llama3.1:8b,P2,,,,,,,,,,,,,2.0,raw,BIL,BIL,1.0,0.7083825265643447,0.6,0.6,1.0,0.10838252656434477,,,,,,,,,,,,,,,,,
prompt_fidelity,,,,,,,,,,,,,,,NLPI[llama3.1:8b|P2],3,llama3.1:8b,P2,,,,,,,,,,,,,2.0,projected,BIL,,,,0.6,0.6,,,BIL,1.0,0.6,1.0,0.0,0.0,0.0,,,,,,,,,,
prompt_fidelity,,,,,,,,,,,,,,,NLPI[llama3.1:8b|P2],3,llama3.1:8b,P2,,,,,,,,,,,,,2.0,raw,BIL,BIL,1.0,0.6006006006006006,0.6,0.6,1.0,0.0006006006006006315,,,,,,,,,,,,,,,,,
prompt_fidelity,,,,,,,,,,,,,,,NLPI[llama3.1:8b|P2],3,llama3.1:8b,P2,,,,,,,,,,,,,2.0,projected,BIL,,,,0.6,0.6,,,BIL,1.0,0.6,1.0,0.0,0.0,0.0,,,,,,,,,,
prompt_fidelity,,,,,,,,,,,,,,,NLPI[llama3.1:8b|P2],3,llama3.1:8b,P2,,,,,,,,,,,,,2.0,raw,BIL,BIL,1.0,0.6006006006006006,0.6,0.6,1.0,0.0006006006006006315,,,,,,,,,,,,,,,,,
prompt_fidelity,,,,,,,,,,,,,,,NLPI[llama3.1:8b|P2],3,llama3.1:8b,P2,,,,,,,,,,,,,2.0,projected,BIL,,,,0.6,0.6,,,BIL,1.0,0.6,1.0,0.0,0.0,0.0,,,,,,,,,,
prompt_fidelity,,,,,,,,,,,,,,,NLPI[llama3.1:8b|P2],3,llama3.1:8b,P2,,,,,,,,,,,,,2.0,raw,BIL,BIL,1.0,0.6006006006006006,0.6,0.6,1.0,0.0006006006006006315,,,,,,,,,,,,,,,,,
prompt_fidelity,,,,,,,,,,,,,,,NLPI[llama3.1:8b|P2],3,llama3.1:8b,P2,,,,,,,,,,,,,2.0,projected,BIL,,,,0.6,0.6,,,BIL,1.0,0.6,1.0,0.0,0.0,0.0,,,,,,,,,,
prompt_fidelity,,,,,,,,,,,,,,,NLPI[llama3.1:8b|P2],3,llama3.1:8b,P2,,,,,,,,,,,,,2.0,raw,BIL,BIL,1.0,0.6006006006006006,0.6,0.6,1.0,0.0006006006006006315,,,,,,,,,,,,,,,,,
prompt_fidelity,,,,,,,,,,,,,,,NLPI[llama3.1:8b|P2],3,llama3.1:8b,P2,,,,,,,,,,,,,2.0,projected,BIL,,,,0.6,0.6,,,BIL,1.0,0.6,1.0,0.0,0.0,0.0,,,,,,,,,,
prompt_fidelity,,,,,,,,,,,,,,,NLPI[llama3.1:8b|P3],3,llama3.1:8b,P3,,,,,,,,,,,,,3.0,raw,SLV,DBC,0.0,0.030694668820678513,0.6,0.6,0.0,-0.5693053311793215,,,,,,,,,,,,,,,,,
prompt_fidelity,,,,,,,,,,,,,,,NLPI[llama3.1:8b|P3],3,llama3.1:8b,P3,,,,,,,,,,,,,3.0,projected,SLV,,,,0.6,0.6,,,DBC,0.0,0.04828063697207477,0.0,-0.5517193630279252,0.0,0.0,,,,,,,,,,
prompt_fidelity,,,,,,,,,,,,,,,NLPI[llama3.1:8b|P3],3,llama3.1:8b,P3,,,,,,,,,,,,,3.0,raw,UUP,DBC,0.0,0.0,0.6,0.6,0.0,-0.6,,,,,,,,,,,,,,,,,
prompt_fidelity,,,,,,,,,,,,,,,NLPI[llama3.1:8b|P3],3,llama3.1:8b,P3,,,,,,,,,,,,,3.0,projected,UUP,,,,0.6,0.6,,,DBC,0.0,0.017585968151396264,0.0,-0.5824140318486037,0.0,0.0,,,,,,,,,,
prompt_fidelity,,,,,,,,,,,,,,,NLPI[llama3.1:8b|P3],3,llama3.1:8b,P3,,,,,,,,,,,,,3.0,raw,DBC,DBC,1.0,0.9693053311793215,0.6,0.6,1.0,0.3693053311793215,,,,,,,,,,,,,,,,,
prompt_fidelity,,,,,,,,,,,,,,,NLPI[llama3.1:8b|P3],3,llama3.1:8b,P3,,,,,,,,,,,,,3.0,projected,DBC,,,,0.6,0.6,,,DBC,1.0,0.5999999999999999,1.0,-1.1102230246251565e-16,0.0,0.0,,,,,,,,,,
prompt_fidelity,,,,,,,,,,,,,,,NLPI[llama3.1:8b|P3],3,llama3.1:8b,P3,,,,,,,,,,,,,3.0,raw,SLV,DBC,0.0,0.030694668820678513,0.6,0.6,0.0,-0.5693053311793215,,,,,,,,,,,,,,,,,
prompt_fidelity,,,,,,,,,,,,,,,NLPI[llama3.1:8b|P3],3,llama3.1:8b,P3,,,,,,,,,,,,,3.0,projected,SLV,,,,0.6,0.6,,,DBC,0.0,0.04828063697207477,0.0,-0.5517193630279252,0.0,0.0,,,,,,,,,,
prompt_fidelity,,,,,,,,,,,,,,,NLPI[llama3.1:8b|P3],3,llama3.1:8b,P3,,,,,,,,,,,,,3.0,raw,UUP,DBC,0.0,0.019019019019019017,0.6,0.6,0.0,-0.5809809809809809,,,,,,,,,,,,,,,,,
prompt_fidelity,,,,,,,,,,,,,,,NLPI[llama3.1:8b|P3],3,llama3.1:8b,P3,,,,,,,,,,,,,3.0,projected,UUP,,,,0.6,0.6,,,DBC,0.0,0.019047619047619053,0.0,-0.5809523809523809,0.0,0.0,,,,,,,,,,
prompt_fidelity,,,,,,,,,,,,,,,NLPI[llama3.1:8b|P3],3,llama3.1:8b,P3,,,,,,,,,,,,,3.0,raw,VNQ,DBC,0.0,0.0,0.6,0.6,0.0,-0.6,,,,,,,,,,,,,,,,,
prompt_fidelity,,,,,,,,,,,,,,,NLPI[llama3.1:8b|P3],3,llama3.1:8b,P3,,,,,,,,,,,,,3.0,projected,VNQ,,,,0.6,0.6,,,DBC,0.0,0.017585968151396264,0.0,-0.5824140318486037,0.0,0.0,,,,,,,,,,
prompt_fidelity,,,,,,,,,,,,,,,NLPI[llama3.1:8b|P3],3,llama3.1:8b,P3,,,,,,,,,,,,,3.0,raw,SLV,DBC,0.0,0.030694668820678513,0.6,0.6,0.0,-0.5693053311793215,,,,,,,,,,,,,,,,,
prompt_fidelity,,,,,,,,,,,,,,,NLPI[llama3.1:8b|P3],3,llama3.1:8b,P3,,,,,,,,,,,,,3.0,projected,SLV,,,,0.6,0.6,,,DBC,0.0,0.04828063697207477,0.0,-0.5517193630279252,0.0,0.0,,,,,,,,,,
prompt_fidelity,,,,,,,,,,,,,,,NLPI[llama3.1:8b|P3],3,llama3.1:8b,P3,,,,,,,,,,,,,3.0,raw,VNQ,DBC,0.0,0.0,0.6,0.6,0.0,-0.6,,,,,,,,,,,,,,,,,
prompt_fidelity,,,,,,,,,,,,,,,NLPI[llama3.1:8b|P3],3,llama3.1:8b,P3,,,,,,,,,,,,,3.0,projected,VNQ,,,,0.6,0.6,,,DBC,0.0,0.017585968151396264,0.0,-0.5824140318486037,0.0,0.0,,,,,,,,,,
prompt_fidelity,,,,,,,,,,,,,,,NLPI[llama3.1:8b|P3],3,llama3.1:8b,P3,,,,,,,,,,,,,3.0,raw,VWO,DBC,0.0,0.0,0.6,0.6,0.0,-0.6,,,,,,,,,,,,,,,,,
prompt_fidelity,,,,,,,,,,,,,,,NLPI[llama3.1:8b|P3],3,llama3.1:8b,P3,,,,,,,,,,,,,3.0,projected,VWO,,,,0.6,0.6,,,DBC,0.0,0.017585968151396264,0.0,-0.5824140318486037,0.0,0.0,,,,,,,,,,
prompt_fidelity,,,,,,,,,,,,,,,NLPI[llama3.1:8b|P3],3,llama3.1:8b,P3,,,,,,,,,,,,,3.0,raw,VWO,DBC,0.0,0.0,0.6,0.6,0.0,-0.6,,,,,,,,,,,,,,,,,
prompt_fidelity,,,,,,,,,,,,,,,NLPI[llama3.1:8b|P3],3,llama3.1:8b,P3,,,,,,,,,,,,,3.0,projected,VWO,,,,0.6,0.6,,,DBC,0.0,0.017585968151396264,0.0,-0.5824140318486037,0.0,0.0,,,,,,,,,,
prompt_fidelity,,,,,,,,,,,,,,,NLPI[llama3.1:8b|P3],3,llama3.1:8b,P3,,,,,,,,,,,,,3.0,raw,SLV,DBC,0.0,0.030694668820678513,0.6,0.6,0.0,-0.5693053311793215,,,,,,,,,,,,,,,,,
prompt_fidelity,,,,,,,,,,,,,,,NLPI[llama3.1:8b|P3],3,llama3.1:8b,P3,,,,,,,,,,,,,3.0,projected,SLV,,,,0.6,0.6,,,DBC,0.0,0.04828063697207477,0.0,-0.5517193630279252,0.0,0.0,,,,,,,,,,
prompt_fidelity,,,,,,,,,,,,,,,NLPI[llama3.1:8b|P3],3,llama3.1:8b,P3,,,,,,,,,,,,,3.0,raw,VWO,DBC,0.0,0.0,0.6,0.6,0.0,-0.6,,,,,,,,,,,,,,,,,
prompt_fidelity,,,,,,,,,,,,,,,NLPI[llama3.1:8b|P3],3,llama3.1:8b,P3,,,,,,,,,,,,,3.0,projected,VWO,,,,0.6,0.6,,,DBC,0.0,0.017585968151396264,0.0,-0.5824140318486037,0.0,0.0,,,,,,,,,,
prompt_fidelity,,,,,,,,,,,,,,,NLPI[llama3.1:8b|P3],3,llama3.1:8b,P3,,,,,,,,,,,,,3.0,raw,IWM,DBC,0.0,0.019019019019019017,0.6,0.6,0.0,-0.5809809809809809,,,,,,,,,,,,,,,,,
prompt_fidelity,,,,,,,,,,,,,,,NLPI[llama3.1:8b|P3],3,llama3.1:8b,P3,,,,,,,,,,,,,3.0,projected,IWM,,,,0.6,0.6,,,DBC,0.0,0.019047619047619053,0.0,-0.5809523809523809,0.0,0.0,,,,,,,,,,
prompt_fidelity,,,,,,,,,,,,,,,NLPI[llama3.1:8b|P3],3,llama3.1:8b,P3,,,,,,,,,,,,,3.0,raw,UUP,DBC,0.0,0.0,0.6,0.6,0.0,-0.6,,,,,,,,,,,,,,,,,
prompt_fidelity,,,,,,,,,,,,,,,NLPI[llama3.1:8b|P3],3,llama3.1:8b,P3,,,,,,,,,,,,,3.0,projected,UUP,,,,0.6,0.6,,,DBC,0.0,0.017585968151396264,0.0,-0.5824140318486037,0.0,0.0,,,,,,,,,,
prompt_fidelity,,,,,,,,,,,,,,,NLPI[llama3.1:8b|P3],3,llama3.1:8b,P3,,,,,,,,,,,,,3.0,raw,SLV,DBC,0.0,0.030694668820678513,0.6,0.6,0.0,-0.5693053311793215,,,,,,,,,,,,,,,,,
prompt_fidelity,,,,,,,,,,,,,,,NLPI[llama3.1:8b|P3],3,llama3.1:8b,P3,,,,,,,,,,,,,3.0,projected,SLV,,,,0.6,0.6,,,DBC,0.0,0.04828063697207477,0.0,-0.5517193630279252,0.0,0.0,,,,,,,,,,
prompt_fidelity,,,,,,,,,,,,,,,NLPI[llama3.1:8b|P3],3,llama3.1:8b,P3,,,,,,,,,,,,,3.0,raw,DBC,DBC,1.0,0.9693053311793215,0.6,0.6,1.0,0.3693053311793215,,,,,,,,,,,,,,,,,
prompt_fidelity,,,,,,,,,,,,,,,NLPI[llama3.1:8b|P3],3,llama3.1:8b,P3,,,,,,,,,,,,,3.0,projected,DBC,,,,0.6,0.6,,,DBC,1.0,0.5999999999999999,1.0,-1.1102230246251565e-16,0.0,0.0,,,,,,,,,,
prompt_fidelity,,,,,,,,,,,,,,,NLPI[llama3.1:8b|P3],3,llama3.1:8b,P3,,,,,,,,,,,,,3.0,raw,EEM,DBC,0.0,0.0,0.6,0.6,0.0,-0.6,,,,,,,,,,,,,,,,,
prompt_fidelity,,,,,,,,,,,,,,,NLPI[llama3.1:8b|P3],3,llama3.1:8b,P3,,,,,,,,,,,,,3.0,projected,EEM,,,,0.6,0.6,,,DBC,0.0,0.017585968151396264,0.0,-0.5824140318486037,0.0,0.0,,,,,,,,,,
prompt_fidelity,,,,,,,,,,,,,,,NLPI[llama3.1:8b|P3],3,llama3.1:8b,P3,,,,,,,,,,,,,3.0,raw,DBC,DBC,1.0,0.9693053311793215,0.6,0.6,1.0,0.3693053311793215,,,,,,,,,,,,,,,,,
prompt_fidelity,,,,,,,,,,,,,,,NLPI[llama3.1:8b|P3],3,llama3.1:8b,P3,,,,,,,,,,,,,3.0,projected,DBC,,,,0.6,0.6,,,DBC,1.0,0.5999999999999999,1.0,-1.1102230246251565e-16,0.0,0.0,,,,,,,,,,
prompt_fidelity,,,,,,,,,,,,,,,NLPI[llama3.1:8b|P4],3,llama3.1:8b,P4,,,,,,,,,,,,,4.0,raw,,,,,,,,,,,,,,,,,,0.0,1.0,,,,,,
prompt_fidelity,,,,,,,,,,,,,,,NLPI[llama3.1:8b|P4],3,llama3.1:8b,P4,,,,,,,,,,,,,4.0,projected,,,,,,,,,,,,,,,,,,,,3.0531133177191805e-16,1.0,,,,
prompt_fidelity,,,,,,,,,,,,,,,NLPI[llama3.1:8b|P4],3,llama3.1:8b,P4,,,,,,,,,,,,,4.0,raw,,,,,,,,,,,,,,,,,,0.0,1.0,,,,,,
prompt_fidelity,,,,,,,,,,,,,,,NLPI[llama3.1:8b|P4],3,llama3.1:8b,P4,,,,,,,,,,,,,4.0,projected,,,,,,,,,,,,,,,,,,,,3.0531133177191805e-16,1.0,,,,
prompt_fidelity,,,,,,,,,,,,,,,NLPI[llama3.1:8b|P4],3,llama3.1:8b,P4,,,,,,,,,,,,,4.0,raw,,,,,,,,,,,,,,,,,,0.0,1.0,,,,,,
prompt_fidelity,,,,,,,,,,,,,,,NLPI[llama3.1:8b|P4],3,llama3.1:8b,P4,,,,,,,,,,,,,4.0,projected,,,,,,,,,,,,,,,,,,,,3.0531133177191805e-16,1.0,,,,
prompt_fidelity,,,,,,,,,,,,,,,NLPI[llama3.1:8b|P4],3,llama3.1:8b,P4,,,,,,,,,,,,,4.0,raw,,,,,,,,,,,,,,,,,,0.0,1.0,,,,,,
prompt_fidelity,,,,,,,,,,,,,,,NLPI[llama3.1:8b|P4],3,llama3.1:8b,P4,,,,,,,,,,,,,4.0,projected,,,,,,,,,,,,,,,,,,,,3.0531133177191805e-16,1.0,,,,
prompt_fidelity,,,,,,,,,,,,,,,NLPI[llama3.1:8b|P4],3,llama3.1:8b,P4,,,,,,,,,,,,,4.0,raw,,,,,,,,,,,,,,,,,,0.0,1.0,,,,,,
prompt_fidelity,,,,,,,,,,,,,,,NLPI[llama3.1:8b|P4],3,llama3.1:8b,P4,,,,,,,,,,,,,4.0,projected,,,,,,,,,,,,,,,,,,,,3.0531133177191805e-16,1.0,,,,
prompt_fidelity,,,,,,,,,,,,,,,NLPI[llama3.1:8b|P4],3,llama3.1:8b,P4,,,,,,,,,,,,,4.0,raw,,,,,,,,,,,,,,,,,,0.0,1.0,,,,,,
prompt_fidelity,,,,,,,,,,,,,,,NLPI[llama3.1:8b|P4],3,llama3.1:8b,P4,,,,,,,,,,,,,4.0,projected,,,,,,,,,,,,,,,,,,,,3.0531133177191805e-16,1.0,,,,
prompt_fidelity,,,,,,,,,,,,,,,NLPI[llama3.1:8b|P4],3,llama3.1:8b,P4,,,,,,,,,,,,,4.0,raw,,,,,,,,,,,,,,,,,,0.0,1.0,,,,,,
prompt_fidelity,,,,,,,,,,,,,,,NLPI[llama3.1:8b|P4],3,llama3.1:8b,P4,,,,,,,,,,,,,4.0,projected,,,,,,,,,,,,,,,,,,,,3.0531133177191805e-16,1.0,,,,
prompt_fidelity,,,,,,,,,,,,,,,NLPI[llama3.1:8b|P4],3,llama3.1:8b,P4,,,,,,,,,,,,,4.0,raw,,,,,,,,,,,,,,,,,,0.0,1.0,,,,,,
prompt_fidelity,,,,,,,,,,,,,,,NLPI[llama3.1:8b|P4],3,llama3.1:8b,P4,,,,,,,,,,,,,4.0,projected,,,,,,,,,,,,,,,,,,,,3.0531133177191805e-16,1.0,,,,
prompt_fidelity,,,,,,,,,,,,,,,NLPI[llama3.1:8b|P4],3,llama3.1:8b,P4,,,,,,,,,,,,,4.0,raw,,,,,,,,,,,,,,,,,,0.0,1.0,,,,,,
prompt_fidelity,,,,,,,,,,,,,,,NLPI[llama3.1:8b|P4],3,llama3.1:8b,P4,,,,,,,,,,,,,4.0,projected,,,,,,,,,,,,,,,,,,,,3.0531133177191805e-16,1.0,,,,
prompt_fidelity,,,,,,,,,,,,,,,NLPI[llama3.1:8b|P4],3,llama3.1:8b,P4,,,,,,,,,,,,,4.0,raw,,,,,,,,,,,,,,,,,,0.0,1.0,,,,,,
prompt_fidelity,,,,,,,,,,,,,,,NLPI[llama3.1:8b|P4],3,llama3.1:8b,P4,,,,,,,,,,,,,4.0,projected,,,,,,,,,,,,,,,,,,,,3.0531133177191805e-16,1.0,,,,
prompt_fidelity,,,,,,,,,,,,,,,NLPI[llama3.1:8b|P4],3,llama3.1:8b,P4,,,,,,,,,,,,,4.0,raw,,,,,,,,,,,,,,,,,,0.0,1.0,,,,,,
prompt_fidelity,,,,,,,,,,,,,,,NLPI[llama3.1:8b|P4],3,llama3.1:8b,P4,,,,,,,,,,,,,4.0,projected,,,,,,,,,,,,,,,,,,,,3.0531133177191805e-16,1.0,,,,
prompt_fidelity,,,,,,,,,,,,,,,NLPI[llama3.1:8b|P4],3,llama3.1:8b,P4,,,,,,,,,,,,,4.0,raw,,,,,,,,,,,,,,,,,,0.0,1.0,,,,,,
prompt_fidelity,,,,,,,,,,,,,,,NLPI[llama3.1:8b|P4],3,llama3.1:8b,P4,,,,,,,,,,,,,4.0,projected,,,,,,,,,,,,,,,,,,,,3.0531133177191805e-16,1.0,,,,
prompt_fidelity,,,,,,,,,,,,,,,NLPI[llama3.1:8b|P4],3,llama3.1:8b,P4,,,,,,,,,,,,,4.0,raw,,,,,,,,,,,,,,,,,,0.0,1.0,,,,,,
prompt_fidelity,,,,,,,,,,,,,,,NLPI[llama3.1:8b|P4],3,llama3.1:8b,P4,,,,,,,,,,,,,4.0,projected,,,,,,,,,,,,,,,,,,,,3.0531133177191805e-16,1.0,,,,
prompt_fidelity,,,,,,,,,,,,,,,NLPI[llama3.1:8b|P4],3,llama3.1:8b,P4,,,,,,,,,,,,,4.0,raw,,,,,,,,,,,,,,,,,,0.0,1.0,,,,,,
prompt_fidelity,,,,,,,,,,,,,,,NLPI[llama3.1:8b|P4],3,llama3.1:8b,P4,,,,,,,,,,,,,4.0,projected,,,,,,,,,,,,,,,,,,,,3.0531133177191805e-16,1.0,,,,
prompt_fidelity,,,,,,,,,,,,,,,NLPI[llama3.1:8b|P4],3,llama3.1:8b,P4,,,,,,,,,,,,,4.0,raw,,,,,,,,,,,,,,,,,,0.0,1.0,,,,,,
prompt_fidelity,,,,,,,,,,,,,,,NLPI[llama3.1:8b|P4],3,llama3.1:8b,P4,,,,,,,,,,,,,4.0,projected,,,,,,,,,,,,,,,,,,,,3.0531133177191805e-16,1.0,,,,
prompt_fidelity,,,,,,,,,,,,,,,NLPI[llama3.1:8b|P4],3,llama3.1:8b,P4,,,,,,,,,,,,,4.0,raw,,,,,,,,,,,,,,,,,,0.0,1.0,,,,,,
prompt_fidelity,,,,,,,,,,,,,,,NLPI[llama3.1:8b|P4],3,llama3.1:8b,P4,,,,,,,,,,,,,4.0,projected,,,,,,,,,,,,,,,,,,,,3.0531133177191805e-16,1.0,,,,
prompt_fidelity,,,,,,,,,,,,,,,NLPI[llama3.1:8b|P4],3,llama3.1:8b,P4,,,,,,,,,,,,,4.0,raw,,,,,,,,,,,,,,,,,,0.0,1.0,,,,,,
prompt_fidelity,,,,,,,,,,,,,,,NLPI[llama3.1:8b|P4],3,llama3.1:8b,P4,,,,,,,,,,,,,4.0,projected,,,,,,,,,,,,,,,,,,,,3.0531133177191805e-16,1.0,,,,
prompt_fidelity,,,,,,,,,,,,,,,NLPI[llama3.1:8b|P4],3,llama3.1:8b,P4,,,,,,,,,,,,,4.0,raw,,,,,,,,,,,,,,,,,,0.0,1.0,,,,,,
prompt_fidelity,,,,,,,,,,,,,,,NLPI[llama3.1:8b|P4],3,llama3.1:8b,P4,,,,,,,,,,,,,4.0,projected,,,,,,,,,,,,,,,,,,,,3.0531133177191805e-16,1.0,,,,
prompt_fidelity,,,,,,,,,,,,,,,NLPI[llama3.1:8b|P5],3,llama3.1:8b,P5,,,,,,,,,,,,,5.0,raw,,,,,,,,,,,,,,,,,,,,,,0.045454545454545456,1.0,,
prompt_fidelity,,,,,,,,,,,,,,,NLPI[llama3.1:8b|P5],3,llama3.1:8b,P5,,,,,,,,,,,,,5.0,projected,,,,,,,,,,,,,,,,,,,,,,,,0.04545454545454548,1.0
prompt_fidelity,,,,,,,,,,,,,,,NLPI[llama3.1:8b|P5],3,llama3.1:8b,P5,,,,,,,,,,,,,5.0,raw,,,,,,,,,,,,,,,,,,,,,,0.045454545454545456,1.0,,
prompt_fidelity,,,,,,,,,,,,,,,NLPI[llama3.1:8b|P5],3,llama3.1:8b,P5,,,,,,,,,,,,,5.0,projected,,,,,,,,,,,,,,,,,,,,,,,,0.04545454545454548,1.0
prompt_fidelity,,,,,,,,,,,,,,,NLPI[llama3.1:8b|P5],3,llama3.1:8b,P5,,,,,,,,,,,,,5.0,raw,,,,,,,,,,,,,,,,,,,,,,0.045454545454545456,1.0,,
prompt_fidelity,,,,,,,,,,,,,,,NLPI[llama3.1:8b|P5],3,llama3.1:8b,P5,,,,,,,,,,,,,5.0,projected,,,,,,,,,,,,,,,,,,,,,,,,0.04545454545454548,1.0
prompt_fidelity,,,,,,,,,,,,,,,NLPI[llama3.1:8b|P5],3,llama3.1:8b,P5,,,,,,,,,,,,,5.0,raw,,,,,,,,,,,,,,,,,,,,,,0.045454545454545456,1.0,,
prompt_fidelity,,,,,,,,,,,,,,,NLPI[llama3.1:8b|P5],3,llama3.1:8b,P5,,,,,,,,,,,,,5.0,projected,,,,,,,,,,,,,,,,,,,,,,,,0.04545454545454548,1.0
prompt_fidelity,,,,,,,,,,,,,,,NLPI[llama3.1:8b|P5],3,llama3.1:8b,P5,,,,,,,,,,,,,5.0,raw,,,,,,,,,,,,,,,,,,,,,,0.045454545454545456,1.0,,
prompt_fidelity,,,,,,,,,,,,,,,NLPI[llama3.1:8b|P5],3,llama3.1:8b,P5,,,,,,,,,,,,,5.0,projected,,,,,,,,,,,,,,,,,,,,,,,,0.04545454545454548,1.0
prompt_fidelity,,,,,,,,,,,,,,,NLPI[llama3.1:8b|P5],3,llama3.1:8b,P5,,,,,,,,,,,,,5.0,raw,,,,,,,,,,,,,,,,,,,,,,0.045454545454545456,1.0,,
prompt_fidelity,,,,,,,,,,,,,,,NLPI[llama3.1:8b|P5],3,llama3.1:8b,P5,,,,,,,,,,,,,5.0,projected,,,,,,,,,,,,,,,,,,,,,,,,0.04545454545454548,1.0
prompt_fidelity,,,,,,,,,,,,,,,NLPI[llama3.1:8b|P5],3,llama3.1:8b,P5,,,,,,,,,,,,,5.0,raw,,,,,,,,,,,,,,,,,,,,,,0.045454545454545456,1.0,,
prompt_fidelity,,,,,,,,,,,,,,,NLPI[llama3.1:8b|P5],3,llama3.1:8b,P5,,,,,,,,,,,,,5.0,projected,,,,,,,,,,,,,,,,,,,,,,,,0.04545454545454548,1.0
prompt_fidelity,,,,,,,,,,,,,,,NLPI[llama3.1:8b|P5],3,llama3.1:8b,P5,,,,,,,,,,,,,5.0,raw,,,,,,,,,,,,,,,,,,,,,,0.045454545454545456,1.0,,
prompt_fidelity,,,,,,,,,,,,,,,NLPI[llama3.1:8b|P5],3,llama3.1:8b,P5,,,,,,,,,,,,,5.0,projected,,,,,,,,,,,,,,,,,,,,,,,,0.04545454545454548,1.0
prompt_fidelity,,,,,,,,,,,,,,,NLPI[llama3.1:8b|P5],3,llama3.1:8b,P5,,,,,,,,,,,,,5.0,raw,,,,,,,,,,,,,,,,,,,,,,0.045454545454545456,1.0,,
prompt_fidelity,,,,,,,,,,,,,,,NLPI[llama3.1:8b|P5],3,llama3.1:8b,P5,,,,,,,,,,,,,5.0,projected,,,,,,,,,,,,,,,,,,,,,,,,0.04545454545454548,1.0
prompt_fidelity,,,,,,,,,,,,,,,NLPI[llama3.1:8b|P5],3,llama3.1:8b,P5,,,,,,,,,,,,,5.0,raw,,,,,,,,,,,,,,,,,,,,,,0.045454545454545456,1.0,,
prompt_fidelity,,,,,,,,,,,,,,,NLPI[llama3.1:8b|P5],3,llama3.1:8b,P5,,,,,,,,,,,,,5.0,projected,,,,,,,,,,,,,,,,,,,,,,,,0.04545454545454548,1.0
prompt_fidelity,,,,,,,,,,,,,,,NLPI[llama3.1:8b|P5],3,llama3.1:8b,P5,,,,,,,,,,,,,5.0,raw,,,,,,,,,,,,,,,,,,,,,,0.045454545454545456,1.0,,
prompt_fidelity,,,,,,,,,,,,,,,NLPI[llama3.1:8b|P5],3,llama3.1:8b,P5,,,,,,,,,,,,,5.0,projected,,,,,,,,,,,,,,,,,,,,,,,,0.04545454545454548,1.0
prompt_fidelity,,,,,,,,,,,,,,,NLPI[llama3.1:8b|P5],3,llama3.1:8b,P5,,,,,,,,,,,,,5.0,raw,,,,,,,,,,,,,,,,,,,,,,0.045454545454545456,1.0,,
prompt_fidelity,,,,,,,,,,,,,,,NLPI[llama3.1:8b|P5],3,llama3.1:8b,P5,,,,,,,,,,,,,5.0,projected,,,,,,,,,,,,,,,,,,,,,,,,0.04545454545454548,1.0
prompt_fidelity,,,,,,,,,,,,,,,NLPI[llama3.1:8b|P5],3,llama3.1:8b,P5,,,,,,,,,,,,,5.0,raw,,,,,,,,,,,,,,,,,,,,,,0.045454545454545456,1.0,,
prompt_fidelity,,,,,,,,,,,,,,,NLPI[llama3.1:8b|P5],3,llama3.1:8b,P5,,,,,,,,,,,,,5.0,projected,,,,,,,,,,,,,,,,,,,,,,,,0.04545454545454548,1.0
prompt_fidelity,,,,,,,,,,,,,,,NLPI[llama3.1:8b|P5],3,llama3.1:8b,P5,,,,,,,,,,,,,5.0,raw,,,,,,,,,,,,,,,,,,,,,,0.045454545454545456,1.0,,
prompt_fidelity,,,,,,,,,,,,,,,NLPI[llama3.1:8b|P5],3,llama3.1:8b,P5,,,,,,,,,,,,,5.0,projected,,,,,,,,,,,,,,,,,,,,,,,,0.04545454545454548,1.0
prompt_fidelity,,,,,,,,,,,,,,,NLPI[llama3.1:8b|P5],3,llama3.1:8b,P5,,,,,,,,,,,,,5.0,raw,,,,,,,,,,,,,,,,,,,,,,0.045454545454545456,1.0,,
prompt_fidelity,,,,,,,,,,,,,,,NLPI[llama3.1:8b|P5],3,llama3.1:8b,P5,,,,,,,,,,,,,5.0,projected,,,,,,,,,,,,,,,,,,,,,,,,0.04545454545454548,1.0
prompt_fidelity,,,,,,,,,,,,,,,NLPI[llama3.1:8b|P5],3,llama3.1:8b,P5,,,,,,,,,,,,,5.0,raw,,,,,,,,,,,,,,,,,,,,,,0.045454545454545456,1.0,,
prompt_fidelity,,,,,,,,,,,,,,,NLPI[llama3.1:8b|P5],3,llama3.1:8b,P5,,,,,,,,,,,,,5.0,projected,,,,,,,,,,,,,,,,,,,,,,,,0.04545454545454548,1.0
prompt_fidelity,,,,,,,,,,,,,,,NLPI[llama3.1:8b|P5],3,llama3.1:8b,P5,,,,,,,,,,,,,5.0,raw,,,,,,,,,,,,,,,,,,,,,,0.045454545454545456,1.0,,
prompt_fidelity,,,,,,,,,,,,,,,NLPI[llama3.1:8b|P5],3,llama3.1:8b,P5,,,,,,,,,,,,,5.0,projected,,,,,,,,,,,,,,,,,,,,,,,,0.04545454545454548,1.0
prompt_fidelity,,,,,,,,,,,,,,,NLPI[llama3.1:8b|P5],3,llama3.1:8b,P5,,,,,,,,,,,,,5.0,raw,,,,,,,,,,,,,,,,,,,,,,0.045454545454545456,1.0,,
prompt_fidelity,,,,,,,,,,,,,,,NLPI[llama3.1:8b|P5],3,llama3.1:8b,P5,,,,,,,,,,,,,5.0,projected,,,,,,,,,,,,,,,,,,,,,,,,0.04545454545454548,1.0
prompt_fidelity,,,,,,,,,,,,,,,NLPI[gemma3:270m|P1],3,gemma3:270m,P1,,,,,,,,,,,,,1.0,raw,IWM,SPY,0.0,0.012025316455696204,0.6,0.6,0.0,-0.5879746835443038,,,,,,,,,,,,,,,,,
prompt_fidelity,,,,,,,,,,,,,,,NLPI[gemma3:270m|P1],3,gemma3:270m,P1,,,,,,,,,,,,,1.0,projected,IWM,,,,0.6,0.6,,,SPY,0.0,0.012025316455696206,0.0,-0.5879746835443038,0.0,0.0,,,,,,,,,,
prompt_fidelity,,,,,,,,,,,,,,,NLPI[gemma3:270m|P1],3,gemma3:270m,P1,,,,,,,,,,,,,1.0,raw,IWM,SPY,0.0,0.012025316455696204,0.6,0.6,0.0,-0.5879746835443038,,,,,,,,,,,,,,,,,
prompt_fidelity,,,,,,,,,,,,,,,NLPI[gemma3:270m|P1],3,gemma3:270m,P1,,,,,,,,,,,,,1.0,projected,IWM,,,,0.6,0.6,,,SPY,0.0,0.012025316455696206,0.0,-0.5879746835443038,0.0,0.0,,,,,,,,,,
prompt_fidelity,,,,,,,,,,,,,,,NLPI[gemma3:270m|P1],3,gemma3:270m,P1,,,,,,,,,,,,,1.0,raw,QQQ,SPY,0.0,0.012025316455696204,0.6,0.6,0.0,-0.5879746835443038,,,,,,,,,,,,,,,,,
prompt_fidelity,,,,,,,,,,,,,,,NLPI[gemma3:270m|P1],3,gemma3:270m,P1,,,,,,,,,,,,,1.0,projected,QQQ,,,,0.6,0.6,,,SPY,0.0,0.012025316455696206,0.0,-0.5879746835443038,0.0,0.0,,,,,,,,,,
prompt_fidelity,,,,,,,,,,,,,,,NLPI[gemma3:270m|P1],3,gemma3:270m,P1,,,,,,,,,,,,,1.0,raw,QQQ,SPY,0.0,0.012025316455696204,0.6,0.6,0.0,-0.5879746835443038,,,,,,,,,,,,,,,,,
prompt_fidelity,,,,,,,,,,,,,,,NLPI[gemma3:270m|P1],3,gemma3:270m,P1,,,,,,,,,,,,,1.0,projected,QQQ,,,,0.6,0.6,,,SPY,0.0,0.012025316455696206,0.0,-0.5879746835443038,0.0,0.0,,,,,,,,,,
prompt_fidelity,,,,,,,,,,,,,,,NLPI[gemma3:270m|P1],3,gemma3:270m,P1,,,,,,,,,,,,,1.0,raw,EEM,SPY,0.0,0.012025316455696204,0.6,0.6,0.0,-0.5879746835443038,,,,,,,,,,,,,,,,,
prompt_fidelity,,,,,,,,,,,,,,,NLPI[gemma3:270m|P1],3,gemma3:270m,P1,,,,,,,,,,,,,1.0,projected,EEM,,,,0.6,0.6,,,SPY,0.0,0.012025316455696206,0.0,-0.5879746835443038,0.0,0.0,,,,,,,,,,
prompt_fidelity,,,,,,,,,,,,,,,NLPI[gemma3:270m|P1],3,gemma3:270m,P1,,,,,,,,,,,,,1.0,raw,DIA,SPY,0.0,0.012025316455696204,0.6,0.6,0.0,-0.5879746835443038,,,,,,,,,,,,,,,,,
prompt_fidelity,,,,,,,,,,,,,,,NLPI[gemma3:270m|P1],3,gemma3:270m,P1,,,,,,,,,,,,,1.0,projected,DIA,,,,0.6,0.6,,,SPY,0.0,0.012025316455696206,0.0,-0.5879746835443038,0.0,0.0,,,,,,,,,,
prompt_fidelity,,,,,,,,,,,,,,,NLPI[gemma3:270m|P1],3,gemma3:270m,P1,,,,,,,,,,,,,1.0,raw,EEM,SPY,0.0,0.012025316455696204,0.6,0.6,0.0,-0.5879746835443038,,,,,,,,,,,,,,,,,
prompt_fidelity,,,,,,,,,,,,,,,NLPI[gemma3:270m|P1],3,gemma3:270m,P1,,,,,,,,,,,,,1.0,projected,EEM,,,,0.6,0.6,,,SPY,0.0,0.012025316455696206,0.0,-0.5879746835443038,0.0,0.0,,,,,,,,,,
prompt_fidelity,,,,,,,,,,,,,,,NLPI[gemma3:270m|P1],3,gemma3:270m,P1,,,,,,,,,,,,,1.0,raw,QQQ,SPY,0.0,0.012025316455696204,0.6,0.6,0.0,-0.5879746835443038,,,,,,,,,,,,,,,,,
prompt_fidelity,,,,,,,,,,,,,,,NLPI[gemma3:270m|P1],3,gemma3:270m,P1,,,,,,,,,,,,,1.0,projected,QQQ,,,,0.6,0.6,,,SPY,0.0,0.012025316455696206,0.0,-0.5879746835443038,0.0,0.0,,,,,,,,,,
prompt_fidelity,,,,,,,,,,,,,,,NLPI[gemma3:270m|P1],3,gemma3:270m,P1,,,,,,,,,,,,,1.0,raw,EEM,SPY,0.0,0.012025316455696204,0.6,0.6,0.0,-0.5879746835443038,,,,,,,,,,,,,,,,,
prompt_fidelity,,,,,,,,,,,,,,,NLPI[gemma3:270m|P1],3,gemma3:270m,P1,,,,,,,,,,,,,1.0,projected,EEM,,,,0.6,0.6,,,SPY,0.0,0.012025316455696206,0.0,-0.5879746835443038,0.0,0.0,,,,,,,,,,
prompt_fidelity,,,,,,,,,,,,,,,NLPI[gemma3:270m|P1],3,gemma3:270m,P1,,,,,,,,,,,,,1.0,raw,DBC,SPY,0.0,0.012025316455696204,0.6,0.6,0.0,-0.5879746835443038,,,,,,,,,,,,,,,,,
prompt_fidelity,,,,,,,,,,,,,,,NLPI[gemma3:270m|P1],3,gemma3:270m,P1,,,,,,,,,,,,,1.0,projected,DBC,,,,0.6,0.6,,,SPY,0.0,0.012025316455696206,0.0,-0.5879746835443038,0.0,0.0,,,,,,,,,,
prompt_fidelity,,,,,,,,,,,,,,,NLPI[gemma3:270m|P1],3,gemma3:270m,P1,,,,,,,,,,,,,1.0,raw,QQQ,SPY,0.0,0.012025316455696204,0.6,0.6,0.0,-0.5879746835443038,,,,,,,,,,,,,,,,,
prompt_fidelity,,,,,,,,,,,,,,,NLPI[gemma3:270m|P1],3,gemma3:270m,P1,,,,,,,,,,,,,1.0,projected,QQQ,,,,0.6,0.6,,,SPY,0.0,0.012025316455696206,0.0,-0.5879746835443038,0.0,0.0,,,,,,,,,,
prompt_fidelity,,,,,,,,,,,,,,,NLPI[gemma3:270m|P1],3,gemma3:270m,P1,,,,,,,,,,,,,1.0,raw,QQQ,SPY,0.0,0.012025316455696204,0.6,0.6,0.0,-0.5879746835443038,,,,,,,,,,,,,,,,,
prompt_fidelity,,,,,,,,,,,,,,,NLPI[gemma3:270m|P1],3,gemma3:270m,P1,,,,,,,,,,,,,1.0,projected,QQQ,,,,0.6,0.6,,,SPY,0.0,0.012025316455696206,0.0,-0.5879746835443038,0.0,0.0,,,,,,,,,,
prompt_fidelity,,,,,,,,,,,,,,,NLPI[gemma3:270m|P1],3,gemma3:270m,P1,,,,,,,,,,,,,1.0,raw,UUP,SPY,0.0,0.012025316455696204,0.6,0.6,0.0,-0.5879746835443038,,,,,,,,,,,,,,,,,
prompt_fidelity,,,,,,,,,,,,,,,NLPI[gemma3:270m|P1],3,gemma3:270m,P1,,,,,,,,,,,,,1.0,projected,UUP,,,,0.6,0.6,,,SPY,0.0,0.012025316455696206,0.0,-0.5879746835443038,0.0,0.0,,,,,,,,,,
prompt_fidelity,,,,,,,,,,,,,,,NLPI[gemma3:270m|P1],3,gemma3:270m,P1,,,,,,,,,,,,,1.0,raw,VNQ,SPY,0.0,0.012025316455696204,0.6,0.6,0.0,-0.5879746835443038,,,,,,,,,,,,,,,,,
prompt_fidelity,,,,,,,,,,,,,,,NLPI[gemma3:270m|P1],3,gemma3:270m,P1,,,,,,,,,,,,,1.0,projected,VNQ,,,,0.6,0.6,,,SPY,0.0,0.012025316455696206,0.0,-0.5879746835443038,0.0,0.0,,,,,,,,,,
prompt_fidelity,,,,,,,,,,,,,,,NLPI[gemma3:270m|P1],3,gemma3:270m,P1,,,,,,,,,,,,,1.0,raw,VNQ,SPY,0.0,0.012025316455696204,0.6,0.6,0.0,-0.5879746835443038,,,,,,,,,,,,,,,,,
prompt_fidelity,,,,,,,,,,,,,,,NLPI[gemma3:270m|P1],3,gemma3:270m,P1,,,,,,,,,,,,,1.0,projected,VNQ,,,,0.6,0.6,,,SPY,0.0,0.012025316455696206,0.0,-0.5879746835443038,0.0,0.0,,,,,,,,,,
prompt_fidelity,,,,,,,,,,,,,,,NLPI[gemma3:270m|P1],3,gemma3:270m,P1,,,,,,,,,,,,,1.0,raw,LQD,SPY,0.0,0.012025316455696204,0.6,0.6,0.0,-0.5879746835443038,,,,,,,,,,,,,,,,,
prompt_fidelity,,,,,,,,,,,,,,,NLPI[gemma3:270m|P1],3,gemma3:270m,P1,,,,,,,,,,,,,1.0,projected,LQD,,,,0.6,0.6,,,SPY,0.0,0.012025316455696206,0.0,-0.5879746835443038,0.0,0.0,,,,,,,,,,
prompt_fidelity,,,,,,,,,,,,,,,NLPI[gemma3:270m|P1],3,gemma3:270m,P1,,,,,,,,,,,,,1.0,raw,GLD,SPY,0.0,0.012025316455696204,0.6,0.6,0.0,-0.5879746835443038,,,,,,,,,,,,,,,,,
prompt_fidelity,,,,,,,,,,,,,,,NLPI[gemma3:270m|P1],3,gemma3:270m,P1,,,,,,,,,,,,,1.0,projected,GLD,,,,0.6,0.6,,,SPY,0.0,0.012025316455696206,0.0,-0.5879746835443038,0.0,0.0,,,,,,,,,,
prompt_fidelity,,,,,,,,,,,,,,,NLPI[gemma3:270m|P1],3,gemma3:270m,P1,,,,,,,,,,,,,1.0,raw,VNQ,SPY,0.0,0.012025316455696204,0.6,0.6,0.0,-0.5879746835443038,,,,,,,,,,,,,,,,,
prompt_fidelity,,,,,,,,,,,,,,,NLPI[gemma3:270m|P1],3,gemma3:270m,P1,,,,,,,,,,,,,1.0,projected,VNQ,,,,0.6,0.6,,,SPY,0.0,0.012025316455696206,0.0,-0.5879746835443038,0.0,0.0,,,,,,,,,,
prompt_fidelity,,,,,,,,,,,,,,,NLPI[gemma3:270m|P2],3,gemma3:270m,P2,,,,,,,,,,,,,2.0,raw,BIL,BIL,1.0,0.6006006006006006,0.6,0.6,1.0,0.0006006006006006315,,,,,,,,,,,,,,,,,
prompt_fidelity,,,,,,,,,,,,,,,NLPI[gemma3:270m|P2],3,gemma3:270m,P2,,,,,,,,,,,,,2.0,projected,BIL,,,,0.6,0.6,,,BIL,1.0,0.6,1.0,0.0,0.0,0.0,,,,,,,,,,
prompt_fidelity,,,,,,,,,,,,,,,NLPI[gemma3:270m|P2],3,gemma3:270m,P2,,,,,,,,,,,,,2.0,raw,BIL,BIL,1.0,0.6006006006006006,0.6,0.6,1.0,0.0006006006006006315,,,,,,,,,,,,,,,,,
prompt_fidelity,,,,,,,,,,,,,,,NLPI[gemma3:270m|P2],3,gemma3:270m,P2,,,,,,,,,,,,,2.0,projected,BIL,,,,0.6,0.6,,,BIL,1.0,0.6,1.0,0.0,0.0,0.0,,,,,,,,,,
prompt_fidelity,,,,,,,,,,,,,,,NLPI[gemma3:270m|P2],3,gemma3:270m,P2,,,,,,,,,,,,,2.0,raw,BIL,BIL,1.0,0.6006006006006006,0.6,0.6,1.0,0.0006006006006006315,,,,,,,,,,,,,,,,,
prompt_fidelity,,,,,,,,,,,,,,,NLPI[gemma3:270m|P2],3,gemma3:270m,P2,,,,,,,,,,,,,2.0,projected,BIL,,,,0.6,0.6,,,BIL,1.0,0.6,1.0,0.0,0.0,0.0,,,,,,,,,,
prompt_fidelity,,,,,,,,,,,,,,,NLPI[gemma3:270m|P2],3,gemma3:270m,P2,,,,,,,,,,,,,2.0,raw,BIL,BIL,1.0,0.6006006006006006,0.6,0.6,1.0,0.0006006006006006315,,,,,,,,,,,,,,,,,
prompt_fidelity,,,,,,,,,,,,,,,NLPI[gemma3:270m|P2],3,gemma3:270m,P2,,,,,,,,,,,,,2.0,projected,BIL,,,,0.6,0.6,,,BIL,1.0,0.6,1.0,0.0,0.0,0.0,,,,,,,,,,
prompt_fidelity,,,,,,,,,,,,,,,NLPI[gemma3:270m|P2],3,gemma3:270m,P2,,,,,,,,,,,,,2.0,raw,BIL,BIL,1.0,0.6006006006006006,0.6,0.6,1.0,0.0006006006006006315,,,,,,,,,,,,,,,,,
prompt_fidelity,,,,,,,,,,,,,,,NLPI[gemma3:270m|P2],3,gemma3:270m,P2,,,,,,,,,,,,,2.0,projected,BIL,,,,0.6,0.6,,,BIL,1.0,0.6,1.0,0.0,0.0,0.0,,,,,,,,,,
prompt_fidelity,,,,,,,,,,,,,,,NLPI[gemma3:270m|P2],3,gemma3:270m,P2,,,,,,,,,,,,,2.0,raw,BIL,BIL,1.0,0.6006006006006006,0.6,0.6,1.0,0.0006006006006006315,,,,,,,,,,,,,,,,,
prompt_fidelity,,,,,,,,,,,,,,,NLPI[gemma3:270m|P2],3,gemma3:270m,P2,,,,,,,,,,,,,2.0,projected,BIL,,,,0.6,0.6,,,BIL,1.0,0.6,1.0,0.0,0.0,0.0,,,,,,,,,,
prompt_fidelity,,,,,,,,,,,,,,,NLPI[gemma3:270m|P2],3,gemma3:270m,P2,,,,,,,,,,,,,2.0,raw,BIL,BIL,1.0,0.6006006006006006,0.6,0.6,1.0,0.0006006006006006315,,,,,,,,,,,,,,,,,
prompt_fidelity,,,,,,,,,,,,,,,NLPI[gemma3:270m|P2],3,gemma3:270m,P2,,,,,,,,,,,,,2.0,projected,BIL,,,,0.6,0.6,,,BIL,1.0,0.6,1.0,0.0,0.0,0.0,,,,,,,,,,
prompt_fidelity,,,,,,,,,,,,,,,NLPI[gemma3:270m|P2],3,gemma3:270m,P2,,,,,,,,,,,,,2.0,raw,BIL,BIL,1.0,0.6006006006006006,0.6,0.6,1.0,0.0006006006006006315,,,,,,,,,,,,,,,,,
prompt_fidelity,,,,,,,,,,,,,,,NLPI[gemma3:270m|P2],3,gemma3:270m,P2,,,,,,,,,,,,,2.0,projected,BIL,,,,0.6,0.6,,,BIL,1.0,0.6,1.0,0.0,0.0,0.0,,,,,,,,,,
prompt_fidelity,,,,,,,,,,,,,,,NLPI[gemma3:270m|P2],3,gemma3:270m,P2,,,,,,,,,,,,,2.0,raw,BIL,BIL,1.0,0.6006006006006006,0.6,0.6,1.0,0.0006006006006006315,,,,,,,,,,,,,,,,,
prompt_fidelity,,,,,,,,,,,,,,,NLPI[gemma3:270m|P2],3,gemma3:270m,P2,,,,,,,,,,,,,2.0,projected,BIL,,,,0.6,0.6,,,BIL,1.0,0.6,1.0,0.0,0.0,0.0,,,,,,,,,,
prompt_fidelity,,,,,,,,,,,,,,,NLPI[gemma3:270m|P2],3,gemma3:270m,P2,,,,,,,,,,,,,2.0,raw,BIL,BIL,1.0,0.6006006006006006,0.6,0.6,1.0,0.0006006006006006315,,,,,,,,,,,,,,,,,
prompt_fidelity,,,,,,,,,,,,,,,NLPI[gemma3:270m|P2],3,gemma3:270m,P2,,,,,,,,,,,,,2.0,projected,BIL,,,,0.6,0.6,,,BIL,1.0,0.6,1.0,0.0,0.0,0.0,,,,,,,,,,
prompt_fidelity,,,,,,,,,,,,,,,NLPI[gemma3:270m|P2],3,gemma3:270m,P2,,,,,,,,,,,,,2.0,raw,BIL,BIL,1.0,0.6006006006006006,0.6,0.6,1.0,0.0006006006006006315,,,,,,,,,,,,,,,,,
prompt_fidelity,,,,,,,,,,,,,,,NLPI[gemma3:270m|P2],3,gemma3:270m,P2,,,,,,,,,,,,,2.0,projected,BIL,,,,0.6,0.6,,,BIL,1.0,0.6,1.0,0.0,0.0,0.0,,,,,,,,,,
prompt_fidelity,,,,,,,,,,,,,,,NLPI[gemma3:270m|P2],3,gemma3:270m,P2,,,,,,,,,,,,,2.0,raw,BIL,BIL,1.0,0.6006006006006006,0.6,0.6,1.0,0.0006006006006006315,,,,,,,,,,,,,,,,,
prompt_fidelity,,,,,,,,,,,,,,,NLPI[gemma3:270m|P2],3,gemma3:270m,P2,,,,,,,,,,,,,2.0,projected,BIL,,,,0.6,0.6,,,BIL,1.0,0.6,1.0,0.0,0.0,0.0,,,,,,,,,,
prompt_fidelity,,,,,,,,,,,,,,,NLPI[gemma3:270m|P2],3,gemma3:270m,P2,,,,,,,,,,,,,2.0,raw,BIL,BIL,1.0,0.6006006006006006,0.6,0.6,1.0,0.0006006006006006315,,,,,,,,,,,,,,,,,
prompt_fidelity,,,,,,,,,,,,,,,NLPI[gemma3:270m|P2],3,gemma3:270m,P2,,,,,,,,,,,,,2.0,projected,BIL,,,,0.6,0.6,,,BIL,1.0,0.6,1.0,0.0,0.0,0.0,,,,,,,,,,
prompt_fidelity,,,,,,,,,,,,,,,NLPI[gemma3:270m|P2],3,gemma3:270m,P2,,,,,,,,,,,,,2.0,raw,BIL,BIL,1.0,0.6006006006006006,0.6,0.6,1.0,0.0006006006006006315,,,,,,,,,,,,,,,,,
prompt_fidelity,,,,,,,,,,,,,,,NLPI[gemma3:270m|P2],3,gemma3:270m,P2,,,,,,,,,,,,,2.0,projected,BIL,,,,0.6,0.6,,,BIL,1.0,0.6,1.0,0.0,0.0,0.0,,,,,,,,,,
prompt_fidelity,,,,,,,,,,,,,,,NLPI[gemma3:270m|P2],3,gemma3:270m,P2,,,,,,,,,,,,,2.0,raw,BIL,BIL,1.0,0.6006006006006006,0.6,0.6,1.0,0.0006006006006006315,,,,,,,,,,,,,,,,,
prompt_fidelity,,,,,,,,,,,,,,,NLPI[gemma3:270m|P2],3,gemma3:270m,P2,,,,,,,,,,,,,2.0,projected,BIL,,,,0.6,0.6,,,BIL,1.0,0.6,1.0,0.0,0.0,0.0,,,,,,,,,,
prompt_fidelity,,,,,,,,,,,,,,,NLPI[gemma3:270m|P2],3,gemma3:270m,P2,,,,,,,,,,,,,2.0,raw,BIL,BIL,1.0,0.6006006006006006,0.6,0.6,1.0,0.0006006006006006315,,,,,,,,,,,,,,,,,
prompt_fidelity,,,,,,,,,,,,,,,NLPI[gemma3:270m|P2],3,gemma3:270m,P2,,,,,,,,,,,,,2.0,projected,BIL,,,,0.6,0.6,,,BIL,1.0,0.6,1.0,0.0,0.0,0.0,,,,,,,,,,
prompt_fidelity,,,,,,,,,,,,,,,NLPI[gemma3:270m|P2],3,gemma3:270m,P2,,,,,,,,,,,,,2.0,raw,BIL,BIL,1.0,0.6006006006006006,0.6,0.6,1.0,0.0006006006006006315,,,,,,,,,,,,,,,,,
prompt_fidelity,,,,,,,,,,,,,,,NLPI[gemma3:270m|P2],3,gemma3:270m,P2,,,,,,,,,,,,,2.0,projected,BIL,,,,0.6,0.6,,,BIL,1.0,0.6,1.0,0.0,0.0,0.0,,,,,,,,,,
prompt_fidelity,,,,,,,,,,,,,,,NLPI[gemma3:270m|P2],3,gemma3:270m,P2,,,,,,,,,,,,,2.0,raw,BIL,BIL,1.0,0.6006006006006006,0.6,0.6,1.0,0.0006006006006006315,,,,,,,,,,,,,,,,,
prompt_fidelity,,,,,,,,,,,,,,,NLPI[gemma3:270m|P2],3,gemma3:270m,P2,,,,,,,,,,,,,2.0,projected,BIL,,,,0.6,0.6,,,BIL,1.0,0.6,1.0,0.0,0.0,0.0,,,,,,,,,,
prompt_fidelity,,,,,,,,,,,,,,,NLPI[gemma3:270m|P3],3,gemma3:270m,P3,,,,,,,,,,,,,3.0,raw,SLV,GLD,0.0,0.012025316455696204,0.6,0.6,0.0,-0.5879746835443038,,,,,,,,,,,,,,,,,
prompt_fidelity,,,,,,,,,,,,,,,NLPI[gemma3:270m|P3],3,gemma3:270m,P3,,,,,,,,,,,,,3.0,projected,SLV,,,,0.6,0.6,,,GLD,0.0,0.01202531645569621,0.0,-0.5879746835443038,0.0,0.0,,,,,,,,,,
prompt_fidelity,,,,,,,,,,,,,,,NLPI[gemma3:270m|P3],3,gemma3:270m,P3,,,,,,,,,,,,,3.0,raw,UUP,GLD,0.0,0.012025316455696204,0.6,0.6,0.0,-0.5879746835443038,,,,,,,,,,,,,,,,,
prompt_fidelity,,,,,,,,,,,,,,,NLPI[gemma3:270m|P3],3,gemma3:270m,P3,,,,,,,,,,,,,3.0,projected,UUP,,,,0.6,0.6,,,GLD,0.0,0.01202531645569621,0.0,-0.5879746835443038,0.0,0.0,,,,,,,,,,
prompt_fidelity,,,,,,,,,,,,,,,NLPI[gemma3:270m|P3],3,gemma3:270m,P3,,,,,,,,,,,,,3.0,raw,DBC,GLD,0.0,0.012025316455696204,0.6,0.6,0.0,-0.5879746835443038,,,,,,,,,,,,,,,,,
prompt_fidelity,,,,,,,,,,,,,,,NLPI[gemma3:270m|P3],3,gemma3:270m,P3,,,,,,,,,,,,,3.0,projected,DBC,,,,0.6,0.6,,,GLD,0.0,0.01202531645569621,0.0,-0.5879746835443038,0.0,0.0,,,,,,,,,,
prompt_fidelity,,,,,,,,,,,,,,,NLPI[gemma3:270m|P3],3,gemma3:270m,P3,,,,,,,,,,,,,3.0,raw,SLV,GLD,0.0,0.012025316455696204,0.6,0.6,0.0,-0.5879746835443038,,,,,,,,,,,,,,,,,
prompt_fidelity,,,,,,,,,,,,,,,NLPI[gemma3:270m|P3],3,gemma3:270m,P3,,,,,,,,,,,,,3.0,projected,SLV,,,,0.6,0.6,,,GLD,0.0,0.01202531645569621,0.0,-0.5879746835443038,0.0,0.0,,,,,,,,,,
prompt_fidelity,,,,,,,,,,,,,,,NLPI[gemma3:270m|P3],3,gemma3:270m,P3,,,,,,,,,,,,,3.0,raw,UUP,GLD,0.0,0.012025316455696204,0.6,0.6,0.0,-0.5879746835443038,,,,,,,,,,,,,,,,,
prompt_fidelity,,,,,,,,,,,,,,,NLPI[gemma3:270m|P3],3,gemma3:270m,P3,,,,,,,,,,,,,3.0,projected,UUP,,,,0.6,0.6,,,GLD,0.0,0.01202531645569621,0.0,-0.5879746835443038,0.0,0.0,,,,,,,,,,
prompt_fidelity,,,,,,,,,,,,,,,NLPI[gemma3:270m|P3],3,gemma3:270m,P3,,,,,,,,,,,,,3.0,raw,VNQ,GLD,0.0,0.012025316455696204,0.6,0.6,0.0,-0.5879746835443038,,,,,,,,,,,,,,,,,
prompt_fidelity,,,,,,,,,,,,,,,NLPI[gemma3:270m|P3],3,gemma3:270m,P3,,,,,,,,,,,,,3.0,projected,VNQ,,,,0.6,0.6,,,GLD,0.0,0.01202531645569621,0.0,-0.5879746835443038,0.0,0.0,,,,,,,,,,
prompt_fidelity,,,,,,,,,,,,,,,NLPI[gemma3:270m|P3],3,gemma3:270m,P3,,,,,,,,,,,,,3.0,raw,SLV,GLD,0.0,0.012025316455696204,0.6,0.6,0.0,-0.5879746835443038,,,,,,,,,,,,,,,,,
prompt_fidelity,,,,,,,,,,,,,,,NLPI[gemma3:270m|P3],3,gemma3:270m,P3,,,,,,,,,,,,,3.0,projected,SLV,,,,0.6,0.6,,,GLD,0.0,0.01202531645569621,0.0,-0.5879746835443038,0.0,0.0,,,,,,,,,,
prompt_fidelity,,,,,,,,,,,,,,,NLPI[gemma3:270m|P3],3,gemma3:270m,P3,,,,,,,,,,,,,3.0,raw,VNQ,GLD,0.0,0.012025316455696204,0.6,0.6,0.0,-0.5879746835443038,,,,,,,,,,,,,,,,,
prompt_fidelity,,,,,,,,,,,,,,,NLPI[gemma3:270m|P3],3,gemma3:270m,P3,,,,,,,,,,,,,3.0,projected,VNQ,,,,0.6,0.6,,,GLD,0.0,0.01202531645569621,0.0,-0.5879746835443038,0.0,0.0,,,,,,,,,,
prompt_fidelity,,,,,,,,,,,,,,,NLPI[gemma3:270m|P3],3,gemma3:270m,P3,,,,,,,,,,,,,3.0,raw,VWO,GLD,0.0,0.012025316455696204,0.6,0.6,0.0,-0.5879746835443038,,,,,,,,,,,,,,,,,
prompt_fidelity,,,,,,,,,,,,,,,NLPI[gemma3:270m|P3],3,gemma3:270m,P3,,,,,,,,,,,,,3.0,projected,VWO,,,,0.6,0.6,,,GLD,0.0,0.01202531645569621,0.0,-0.5879746835443038,0.0,0.0,,,,,,,,,,
prompt_fidelity,,,,,,,,,,,,,,,NLPI[gemma3:270m|P3],3,gemma3:270m,P3,,,,,,,,,,,,,3.0,raw,VWO,GLD,0.0,0.012025316455696204,0.6,0.6,0.0,-0.5879746835443038,,,,,,,,,,,,,,,,,
prompt_fidelity,,,,,,,,,,,,,,,NLPI[gemma3:270m|P3],3,gemma3:270m,P3,,,,,,,,,,,,,3.0,projected,VWO,,,,0.6,0.6,,,GLD,0.0,0.01202531645569621,0.0,-0.5879746835443038,0.0,0.0,,,,,,,,,,
prompt_fidelity,,,,,,,,,,,,,,,NLPI[gemma3:270m|P3],3,gemma3:270m,P3,,,,,,,,,,,,,3.0,raw,SLV,GLD,0.0,0.012025316455696204,0.6,0.6,0.0,-0.5879746835443038,,,,,,,,,,,,,,,,,
prompt_fidelity,,,,,,,,,,,,,,,NLPI[gemma3:270m|P3],3,gemma3:270m,P3,,,,,,,,,,,,,3.0,projected,SLV,,,,0.6,0.6,,,GLD,0.0,0.01202531645569621,0.0,-0.5879746835443038,0.0,0.0,,,,,,,,,,
prompt_fidelity,,,,,,,,,,,,,,,NLPI[gemma3:270m|P3],3,gemma3:270m,P3,,,,,,,,,,,,,3.0,raw,VWO,GLD,0.0,0.012025316455696204,0.6,0.6,0.0,-0.5879746835443038,,,,,,,,,,,,,,,,,
prompt_fidelity,,,,,,,,,,,,,,,NLPI[gemma3:270m|P3],3,gemma3:270m,P3,,,,,,,,,,,,,3.0,projected,VWO,,,,0.6,0.6,,,GLD,0.0,0.01202531645569621,0.0,-0.5879746835443038,0.0,0.0,,,,,,,,,,
prompt_fidelity,,,,,,,,,,,,,,,NLPI[gemma3:270m|P3],3,gemma3:270m,P3,,,,,,,,,,,,,3.0,raw,IWM,GLD,0.0,0.012025316455696204,0.6,0.6,0.0,-0.5879746835443038,,,,,,,,,,,,,,,,,
prompt_fidelity,,,,,,,,,,,,,,,NLPI[gemma3:270m|P3],3,gemma3:270m,P3,,,,,,,,,,,,,3.0,projected,IWM,,,,0.6,0.6,,,GLD,0.0,0.01202531645569621,0.0,-0.5879746835443038,0.0,0.0,,,,,,,,,,
prompt_fidelity,,,,,,,,,,,,,,,NLPI[gemma3:270m|P3],3,gemma3:270m,P3,,,,,,,,,,,,,3.0,raw,UUP,GLD,0.0,0.012025316455696204,0.6,0.6,0.0,-0.5879746835443038,,,,,,,,,,,,,,,,,
prompt_fidelity,,,,,,,,,,,,,,,NLPI[gemma3:270m|P3],3,gemma3:270m,P3,,,,,,,,,,,,,3.0,projected,UUP,,,,0.6,0.6,,,GLD,0.0,0.01202531645569621,0.0,-0.5879746835443038,0.0,0.0,,,,,,,,,,
prompt_fidelity,,,,,,,,,,,,,,,NLPI[gemma3:270m|P3],3,gemma3:270m,P3,,,,,,,,,,,,,3.0,raw,SLV,GLD,0.0,0.012025316455696204,0.6,0.6,0.0,-0.5879746835443038,,,,,,,,,,,,,,,,,
prompt_fidelity,,,,,,,,,,,,,,,NLPI[gemma3:270m|P3],3,gemma3:270m,P3,,,,,,,,,,,,,3.0,projected,SLV,,,,0.6,0.6,,,GLD,0.0,0.01202531645569621,0.0,-0.5879746835443038,0.0,0.0,,,,,,,,,,
prompt_fidelity,,,,,,,,,,,,,,,NLPI[gemma3:270m|P3],3,gemma3:270m,P3,,,,,,,,,,,,,3.0,raw,DBC,GLD,0.0,0.012025316455696204,0.6,0.6,0.0,-0.5879746835443038,,,,,,,,,,,,,,,,,
prompt_fidelity,,,,,,,,,,,,,,,NLPI[gemma3:270m|P3],3,gemma3:270m,P3,,,,,,,,,,,,,3.0,projected,DBC,,,,0.6,0.6,,,GLD,0.0,0.01202531645569621,0.0,-0.5879746835443038,0.0,0.0,,,,,,,,,,
prompt_fidelity,,,,,,,,,,,,,,,NLPI[gemma3:270m|P3],3,gemma3:270m,P3,,,,,,,,,,,,,3.0,raw,EEM,GLD,0.0,0.012025316455696204,0.6,0.6,0.0,-0.5879746835443038,,,,,,,,,,,,,,,,,
prompt_fidelity,,,,,,,,,,,,,,,NLPI[gemma3:270m|P3],3,gemma3:270m,P3,,,,,,,,,,,,,3.0,projected,EEM,,,,0.6,0.6,,,GLD,0.0,0.01202531645569621,0.0,-0.5879746835443038,0.0,0.0,,,,,,,,,,
prompt_fidelity,,,,,,,,,,,,,,,NLPI[gemma3:270m|P3],3,gemma3:270m,P3,,,,,,,,,,,,,3.0,raw,DBC,GLD,0.0,0.012025316455696204,0.6,0.6,0.0,-0.5879746835443038,,,,,,,,,,,,,,,,,
prompt_fidelity,,,,,,,,,,,,,,,NLPI[gemma3:270m|P3],3,gemma3:270m,P3,,,,,,,,,,,,,3.0,projected,DBC,,,,0.6,0.6,,,GLD,0.0,0.01202531645569621,0.0,-0.5879746835443038,0.0,0.0,,,,,,,,,,
prompt_fidelity,,,,,,,,,,,,,,,NLPI[gemma3:270m|P4],3,gemma3:270m,P4,,,,,,,,,,,,,4.0,raw,,,,,,,,,,,,,,,,,,0.0,1.0,,,,,,
prompt_fidelity,,,,,,,,,,,,,,,NLPI[gemma3:270m|P4],3,gemma3:270m,P4,,,,,,,,,,,,,4.0,projected,,,,,,,,,,,,,,,,,,,,3.0531133177191805e-16,1.0,,,,
prompt_fidelity,,,,,,,,,,,,,,,NLPI[gemma3:270m|P4],3,gemma3:270m,P4,,,,,,,,,,,,,4.0,raw,,,,,,,,,,,,,,,,,,0.0,1.0,,,,,,
prompt_fidelity,,,,,,,,,,,,,,,NLPI[gemma3:270m|P4],3,gemma3:270m,P4,,,,,,,,,,,,,4.0,projected,,,,,,,,,,,,,,,,,,,,3.0531133177191805e-16,1.0,,,,
prompt_fidelity,,,,,,,,,,,,,,,NLPI[gemma3:270m|P4],3,gemma3:270m,P4,,,,,,,,,,,,,4.0,raw,,,,,,,,,,,,,,,,,,0.0,1.0,,,,,,
prompt_fidelity,,,,,,,,,,,,,,,NLPI[gemma3:270m|P4],3,gemma3:270m,P4,,,,,,,,,,,,,4.0,projected,,,,,,,,,,,,,,,,,,,,3.0531133177191805e-16,1.0,,,,
prompt_fidelity,,,,,,,,,,,,,,,NLPI[gemma3:270m|P4],3,gemma3:270m,P4,,,,,,,,,,,,,4.0,raw,,,,,,,,,,,,,,,,,,0.0,1.0,,,,,,
prompt_fidelity,,,,,,,,,,,,,,,NLPI[gemma3:270m|P4],3,gemma3:270m,P4,,,,,,,,,,,,,4.0,projected,,,,,,,,,,,,,,,,,,,,3.0531133177191805e-16,1.0,,,,
prompt_fidelity,,,,,,,,,,,,,,,NLPI[gemma3:270m|P4],3,gemma3:270m,P4,,,,,,,,,,,,,4.0,raw,,,,,,,,,,,,,,,,,,0.0,1.0,,,,,,
prompt_fidelity,,,,,,,,,,,,,,,NLPI[gemma3:270m|P4],3,gemma3:270m,P4,,,,,,,,,,,,,4.0,projected,,,,,,,,,,,,,,,,,,,,3.0531133177191805e-16,1.0,,,,
prompt_fidelity,,,,,,,,,,,,,,,NLPI[gemma3:270m|P4],3,gemma3:270m,P4,,,,,,,,,,,,,4.0,raw,,,,,,,,,,,,,,,,,,0.0,1.0,,,,,,
prompt_fidelity,,,,,,,,,,,,,,,NLPI[gemma3:270m|P4],3,gemma3:270m,P4,,,,,,,,,,,,,4.0,projected,,,,,,,,,,,,,,,,,,,,3.0531133177191805e-16,1.0,,,,
prompt_fidelity,,,,,,,,,,,,,,,NLPI[gemma3:270m|P4],3,gemma3:270m,P4,,,,,,,,,,,,,4.0,raw,,,,,,,,,,,,,,,,,,0.0,1.0,,,,,,
prompt_fidelity,,,,,,,,,,,,,,,NLPI[gemma3:270m|P4],3,gemma3:270m,P4,,,,,,,,,,,,,4.0,projected,,,,,,,,,,,,,,,,,,,,3.0531133177191805e-16,1.0,,,,
prompt_fidelity,,,,,,,,,,,,,,,NLPI[gemma3:270m|P4],3,gemma3:270m,P4,,,,,,,,,,,,,4.0,raw,,,,,,,,,,,,,,,,,,0.0,1.0,,,,,,
prompt_fidelity,,,,,,,,,,,,,,,NLPI[gemma3:270m|P4],3,gemma3:270m,P4,,,,,,,,,,,,,4.0,projected,,,,,,,,,,,,,,,,,,,,3.0531133177191805e-16,1.0,,,,
prompt_fidelity,,,,,,,,,,,,,,,NLPI[gemma3:270m|P4],3,gemma3:270m,P4,,,,,,,,,,,,,4.0,raw,,,,,,,,,,,,,,,,,,0.0,1.0,,,,,,
prompt_fidelity,,,,,,,,,,,,,,,NLPI[gemma3:270m|P4],3,gemma3:270m,P4,,,,,,,,,,,,,4.0,projected,,,,,,,,,,,,,,,,,,,,3.0531133177191805e-16,1.0,,,,
prompt_fidelity,,,,,,,,,,,,,,,NLPI[gemma3:270m|P4],3,gemma3:270m,P4,,,,,,,,,,,,,4.0,raw,,,,,,,,,,,,,,,,,,0.0,1.0,,,,,,
prompt_fidelity,,,,,,,,,,,,,,,NLPI[gemma3:270m|P4],3,gemma3:270m,P4,,,,,,,,,,,,,4.0,projected,,,,,,,,,,,,,,,,,,,,3.0531133177191805e-16,1.0,,,,
prompt_fidelity,,,,,,,,,,,,,,,NLPI[gemma3:270m|P4],3,gemma3:270m,P4,,,,,,,,,,,,,4.0,raw,,,,,,,,,,,,,,,,,,0.0,1.0,,,,,,
prompt_fidelity,,,,,,,,,,,,,,,NLPI[gemma3:270m|P4],3,gemma3:270m,P4,,,,,,,,,,,,,4.0,projected,,,,,,,,,,,,,,,,,,,,3.0531133177191805e-16,1.0,,,,
prompt_fidelity,,,,,,,,,,,,,,,NLPI[gemma3:270m|P4],3,gemma3:270m,P4,,,,,,,,,,,,,4.0,raw,,,,,,,,,,,,,,,,,,0.0,1.0,,,,,,
prompt_fidelity,,,,,,,,,,,,,,,NLPI[gemma3:270m|P4],3,gemma3:270m,P4,,,,,,,,,,,,,4.0,projected,,,,,,,,,,,,,,,,,,,,3.0531133177191805e-16,1.0,,,,
prompt_fidelity,,,,,,,,,,,,,,,NLPI[gemma3:270m|P4],3,gemma3:270m,P4,,,,,,,,,,,,,4.0,raw,,,,,,,,,,,,,,,,,,0.0,1.0,,,,,,
prompt_fidelity,,,,,,,,,,,,,,,NLPI[gemma3:270m|P4],3,gemma3:270m,P4,,,,,,,,,,,,,4.0,projected,,,,,,,,,,,,,,,,,,,,3.0531133177191805e-16,1.0,,,,
prompt_fidelity,,,,,,,,,,,,,,,NLPI[gemma3:270m|P4],3,gemma3:270m,P4,,,,,,,,,,,,,4.0,raw,,,,,,,,,,,,,,,,,,0.0,1.0,,,,,,
prompt_fidelity,,,,,,,,,,,,,,,NLPI[gemma3:270m|P4],3,gemma3:270m,P4,,,,,,,,,,,,,4.0,projected,,,,,,,,,,,,,,,,,,,,3.0531133177191805e-16,1.0,,,,
prompt_fidelity,,,,,,,,,,,,,,,NLPI[gemma3:270m|P4],3,gemma3:270m,P4,,,,,,,,,,,,,4.0,raw,,,,,,,,,,,,,,,,,,0.0,1.0,,,,,,
prompt_fidelity,,,,,,,,,,,,,,,NLPI[gemma3:270m|P4],3,gemma3:270m,P4,,,,,,,,,,,,,4.0,projected,,,,,,,,,,,,,,,,,,,,3.0531133177191805e-16,1.0,,,,
prompt_fidelity,,,,,,,,,,,,,,,NLPI[gemma3:270m|P4],3,gemma3:270m,P4,,,,,,,,,,,,,4.0,raw,,,,,,,,,,,,,,,,,,0.0,1.0,,,,,,
prompt_fidelity,,,,,,,,,,,,,,,NLPI[gemma3:270m|P4],3,gemma3:270m,P4,,,,,,,,,,,,,4.0,projected,,,,,,,,,,,,,,,,,,,,3.0531133177191805e-16,1.0,,,,
prompt_fidelity,,,,,,,,,,,,,,,NLPI[gemma3:270m|P4],3,gemma3:270m,P4,,,,,,,,,,,,,4.0,raw,,,,,,,,,,,,,,,,,,0.0,1.0,,,,,,
prompt_fidelity,,,,,,,,,,,,,,,NLPI[gemma3:270m|P4],3,gemma3:270m,P4,,,,,,,,,,,,,4.0,projected,,,,,,,,,,,,,,,,,,,,3.0531133177191805e-16,1.0,,,,
prompt_fidelity,,,,,,,,,,,,,,,NLPI[gemma3:270m|P4],3,gemma3:270m,P4,,,,,,,,,,,,,4.0,raw,,,,,,,,,,,,,,,,,,0.0,1.0,,,,,,
prompt_fidelity,,,,,,,,,,,,,,,NLPI[gemma3:270m|P4],3,gemma3:270m,P4,,,,,,,,,,,,,4.0,projected,,,,,,,,,,,,,,,,,,,,3.0531133177191805e-16,1.0,,,,
prompt_fidelity,,,,,,,,,,,,,,,NLPI[gemma3:270m|P5],3,gemma3:270m,P5,,,,,,,,,,,,,5.0,raw,,,,,,,,,,,,,,,,,,,,,,0.045454545454545456,1.0,,
prompt_fidelity,,,,,,,,,,,,,,,NLPI[gemma3:270m|P5],3,gemma3:270m,P5,,,,,,,,,,,,,5.0,projected,,,,,,,,,,,,,,,,,,,,,,,,0.04545454545454548,1.0
prompt_fidelity,,,,,,,,,,,,,,,NLPI[gemma3:270m|P5],3,gemma3:270m,P5,,,,,,,,,,,,,5.0,raw,,,,,,,,,,,,,,,,,,,,,,0.045454545454545456,1.0,,
prompt_fidelity,,,,,,,,,,,,,,,NLPI[gemma3:270m|P5],3,gemma3:270m,P5,,,,,,,,,,,,,5.0,projected,,,,,,,,,,,,,,,,,,,,,,,,0.04545454545454548,1.0
prompt_fidelity,,,,,,,,,,,,,,,NLPI[gemma3:270m|P5],3,gemma3:270m,P5,,,,,,,,,,,,,5.0,raw,,,,,,,,,,,,,,,,,,,,,,0.045454545454545456,1.0,,
prompt_fidelity,,,,,,,,,,,,,,,NLPI[gemma3:270m|P5],3,gemma3:270m,P5,,,,,,,,,,,,,5.0,projected,,,,,,,,,,,,,,,,,,,,,,,,0.04545454545454548,1.0
prompt_fidelity,,,,,,,,,,,,,,,NLPI[gemma3:270m|P5],3,gemma3:270m,P5,,,,,,,,,,,,,5.0,raw,,,,,,,,,,,,,,,,,,,,,,0.045454545454545456,1.0,,
prompt_fidelity,,,,,,,,,,,,,,,NLPI[gemma3:270m|P5],3,gemma3:270m,P5,,,,,,,,,,,,,5.0,projected,,,,,,,,,,,,,,,,,,,,,,,,0.04545454545454548,1.0
prompt_fidelity,,,,,,,,,,,,,,,NLPI[gemma3:270m|P5],3,gemma3:270m,P5,,,,,,,,,,,,,5.0,raw,,,,,,,,,,,,,,,,,,,,,,0.045454545454545456,1.0,,
prompt_fidelity,,,,,,,,,,,,,,,NLPI[gemma3:270m|P5],3,gemma3:270m,P5,,,,,,,,,,,,,5.0,projected,,,,,,,,,,,,,,,,,,,,,,,,0.04545454545454548,1.0
prompt_fidelity,,,,,,,,,,,,,,,NLPI[gemma3:270m|P5],3,gemma3:270m,P5,,,,,,,,,,,,,5.0,raw,,,,,,,,,,,,,,,,,,,,,,0.045454545454545456,1.0,,
prompt_fidelity,,,,,,,,,,,,,,,NLPI[gemma3:270m|P5],3,gemma3:270m,P5,,,,,,,,,,,,,5.0,projected,,,,,,,,,,,,,,,,,,,,,,,,0.04545454545454548,1.0
prompt_fidelity,,,,,,,,,,,,,,,NLPI[gemma3:270m|P5],3,gemma3:270m,P5,,,,,,,,,,,,,5.0,raw,,,,,,,,,,,,,,,,,,,,,,0.045454545454545456,1.0,,
prompt_fidelity,,,,,,,,,,,,,,,NLPI[gemma3:270m|P5],3,gemma3:270m,P5,,,,,,,,,,,,,5.0,projected,,,,,,,,,,,,,,,,,,,,,,,,0.04545454545454548,1.0
prompt_fidelity,,,,,,,,,,,,,,,NLPI[gemma3:270m|P5],3,gemma3:270m,P5,,,,,,,,,,,,,5.0,raw,,,,,,,,,,,,,,,,,,,,,,0.045454545454545456,1.0,,
prompt_fidelity,,,,,,,,,,,,,,,NLPI[gemma3:270m|P5],3,gemma3:270m,P5,,,,,,,,,,,,,5.0,projected,,,,,,,,,,,,,,,,,,,,,,,,0.04545454545454548,1.0
prompt_fidelity,,,,,,,,,,,,,,,NLPI[gemma3:270m|P5],3,gemma3:270m,P5,,,,,,,,,,,,,5.0,raw,,,,,,,,,,,,,,,,,,,,,,0.045454545454545456,1.0,,
prompt_fidelity,,,,,,,,,,,,,,,NLPI[gemma3:270m|P5],3,gemma3:270m,P5,,,,,,,,,,,,,5.0,projected,,,,,,,,,,,,,,,,,,,,,,,,0.04545454545454548,1.0
prompt_fidelity,,,,,,,,,,,,,,,NLPI[gemma3:270m|P5],3,gemma3:270m,P5,,,,,,,,,,,,,5.0,raw,,,,,,,,,,,,,,,,,,,,,,0.045454545454545456,1.0,,
prompt_fidelity,,,,,,,,,,,,,,,NLPI[gemma3:270m|P5],3,gemma3:270m,P5,,,,,,,,,,,,,5.0,projected,,,,,,,,,,,,,,,,,,,,,,,,0.04545454545454548,1.0
prompt_fidelity,,,,,,,,,,,,,,,NLPI[gemma3:270m|P5],3,gemma3:270m,P5,,,,,,,,,,,,,5.0,raw,,,,,,,,,,,,,,,,,,,,,,0.045454545454545456,1.0,,
prompt_fidelity,,,,,,,,,,,,,,,NLPI[gemma3:270m|P5],3,gemma3:270m,P5,,,,,,,,,,,,,5.0,projected,,,,,,,,,,,,,,,,,,,,,,,,0.04545454545454548,1.0
prompt_fidelity,,,,,,,,,,,,,,,NLPI[gemma3:270m|P5],3,gemma3:270m,P5,,,,,,,,,,,,,5.0,raw,,,,,,,,,,,,,,,,,,,,,,0.045454545454545456,1.0,,
prompt_fidelity,,,,,,,,,,,,,,,NLPI[gemma3:270m|P5],3,gemma3:270m,P5,,,,,,,,,,,,,5.0,projected,,,,,,,,,,,,,,,,,,,,,,,,0.04545454545454548,1.0
prompt_fidelity,,,,,,,,,,,,,,,NLPI[gemma3:270m|P5],3,gemma3:270m,P5,,,,,,,,,,,,,5.0,raw,,,,,,,,,,,,,,,,,,,,,,0.045454545454545456,1.0,,
prompt_fidelity,,,,,,,,,,,,,,,NLPI[gemma3:270m|P5],3,gemma3:270m,P5,,,,,,,,,,,,,5.0,projected,,,,,,,,,,,,,,,,,,,,,,,,0.04545454545454548,1.0
prompt_fidelity,,,,,,,,,,,,,,,NLPI[gemma3:270m|P5],3,gemma3:270m,P5,,,,,,,,,,,,,5.0,raw,,,,,,,,,,,,,,,,,,,,,,0.045454545454545456,1.0,,
prompt_fidelity,,,,,,,,,,,,,,,NLPI[gemma3:270m|P5],3,gemma3:270m,P5,,,,,,,,,,,,,5.0,projected,,,,,,,,,,,,,,,,,,,,,,,,0.04545454545454548,1.0
prompt_fidelity,,,,,,,,,,,,,,,NLPI[gemma3:270m|P5],3,gemma3:270m,P5,,,,,,,,,,,,,5.0,raw,,,,,,,,,,,,,,,,,,,,,,0.045454545454545456,1.0,,
prompt_fidelity,,,,,,,,,,,,,,,NLPI[gemma3:270m|P5],3,gemma3:270m,P5,,,,,,,,,,,,,5.0,projected,,,,,,,,,,,,,,,,,,,,,,,,0.04545454545454548,1.0
prompt_fidelity,,,,,,,,,,,,,,,NLPI[gemma3:270m|P5],3,gemma3:270m,P5,,,,,,,,,,,,,5.0,raw,,,,,,,,,,,,,,,,,,,,,,0.045454545454545456,1.0,,
prompt_fidelity,,,,,,,,,,,,,,,NLPI[gemma3:270m|P5],3,gemma3:270m,P5,,,,,,,,,,,,,5.0,projected,,,,,,,,,,,,,,,,,,,,,,,,0.04545454545454548,1.0
prompt_fidelity,,,,,,,,,,,,,,,NLPI[gemma3:270m|P5],3,gemma3:270m,P5,,,,,,,,,,,,,5.0,raw,,,,,,,,,,,,,,,,,,,,,,0.045454545454545456,1.0,,
prompt_fidelity,,,,,,,,,,,,,,,NLPI[gemma3:270m|P5],3,gemma3:270m,P5,,,,,,,,,,,,,5.0,projected,,,,,,,,,,,,,,,,,,,,,,,,0.04545454545454548,1.0
prompt_fidelity,,,,,,,,,,,,,,,NLPI[gemma3:270m|P5],3,gemma3:270m,P5,,,,,,,,,,,,,5.0,raw,,,,,,,,,,,,,,,,,,,,,,0.045454545454545456,1.0,,
prompt_fidelity,,,,,,,,,,,,,,,NLPI[gemma3:270m|P5],3,gemma3:270m,P5,,,,,,,,,,,,,5.0,projected,,,,,,,,,,,,,,,,,,,,,,,,0.04545454545454548,1.0
prompt_fidelity,,,,,,,,,,,,,,,NLPI[gemma3:1b|P1],3,gemma3:1b,P1,,,,,,,,,,,,,1.0,raw,IWM,SPY,0.0,0.012025316455696204,0.6,0.6,0.0,-0.5879746835443038,,,,,,,,,,,,,,,,,
prompt_fidelity,,,,,,,,,,,,,,,NLPI[gemma3:1b|P1],3,gemma3:1b,P1,,,,,,,,,,,,,1.0,projected,IWM,,,,0.6,0.6,,,SPY,0.0,0.012025316455696206,0.0,-0.5879746835443038,0.0,0.0,,,,,,,,,,
prompt_fidelity,,,,,,,,,,,,,,,NLPI[gemma3:1b|P1],3,gemma3:1b,P1,,,,,,,,,,,,,1.0,raw,IWM,SPY,0.0,0.012025316455696204,0.6,0.6,0.0,-0.5879746835443038,,,,,,,,,,,,,,,,,
prompt_fidelity,,,,,,,,,,,,,,,NLPI[gemma3:1b|P1],3,gemma3:1b,P1,,,,,,,,,,,,,1.0,projected,IWM,,,,0.6,0.6,,,SPY,0.0,0.012025316455696206,0.0,-0.5879746835443038,0.0,0.0,,,,,,,,,,
prompt_fidelity,,,,,,,,,,,,,,,NLPI[gemma3:1b|P1],3,gemma3:1b,P1,,,,,,,,,,,,,1.0,raw,QQQ,SPY,0.0,0.012025316455696204,0.6,0.6,0.0,-0.5879746835443038,,,,,,,,,,,,,,,,,
prompt_fidelity,,,,,,,,,,,,,,,NLPI[gemma3:1b|P1],3,gemma3:1b,P1,,,,,,,,,,,,,1.0,projected,QQQ,,,,0.6,0.6,,,SPY,0.0,0.012025316455696206,0.0,-0.5879746835443038,0.0,0.0,,,,,,,,,,
prompt_fidelity,,,,,,,,,,,,,,,NLPI[gemma3:1b|P1],3,gemma3:1b,P1,,,,,,,,,,,,,1.0,raw,QQQ,SPY,0.0,0.012025316455696204,0.6,0.6,0.0,-0.5879746835443038,,,,,,,,,,,,,,,,,
prompt_fidelity,,,,,,,,,,,,,,,NLPI[gemma3:1b|P1],3,gemma3:1b,P1,,,,,,,,,,,,,1.0,projected,QQQ,,,,0.6,0.6,,,SPY,0.0,0.012025316455696206,0.0,-0.5879746835443038,0.0,0.0,,,,,,,,,,
prompt_fidelity,,,,,,,,,,,,,,,NLPI[gemma3:1b|P1],3,gemma3:1b,P1,,,,,,,,,,,,,1.0,raw,EEM,SPY,0.0,0.012025316455696204,0.6,0.6,0.0,-0.5879746835443038,,,,,,,,,,,,,,,,,
prompt_fidelity,,,,,,,,,,,,,,,NLPI[gemma3:1b|P1],3,gemma3:1b,P1,,,,,,,,,,,,,1.0,projected,EEM,,,,0.6,0.6,,,SPY,0.0,0.012025316455696206,0.0,-0.5879746835443038,0.0,0.0,,,,,,,,,,
prompt_fidelity,,,,,,,,,,,,,,,NLPI[gemma3:1b|P1],3,gemma3:1b,P1,,,,,,,,,,,,,1.0,raw,DIA,SPY,0.0,0.012025316455696204,0.6,0.6,0.0,-0.5879746835443038,,,,,,,,,,,,,,,,,
prompt_fidelity,,,,,,,,,,,,,,,NLPI[gemma3:1b|P1],3,gemma3:1b,P1,,,,,,,,,,,,,1.0,projected,DIA,,,,0.6,0.6,,,SPY,0.0,0.012025316455696206,0.0,-0.5879746835443038,0.0,0.0,,,,,,,,,,
prompt_fidelity,,,,,,,,,,,,,,,NLPI[gemma3:1b|P1],3,gemma3:1b,P1,,,,,,,,,,,,,1.0,raw,EEM,SPY,0.0,0.012025316455696204,0.6,0.6,0.0,-0.5879746835443038,,,,,,,,,,,,,,,,,
prompt_fidelity,,,,,,,,,,,,,,,NLPI[gemma3:1b|P1],3,gemma3:1b,P1,,,,,,,,,,,,,1.0,projected,EEM,,,,0.6,0.6,,,SPY,0.0,0.012025316455696206,0.0,-0.5879746835443038,0.0,0.0,,,,,,,,,,
prompt_fidelity,,,,,,,,,,,,,,,NLPI[gemma3:1b|P1],3,gemma3:1b,P1,,,,,,,,,,,,,1.0,raw,QQQ,SPY,0.0,0.012025316455696204,0.6,0.6,0.0,-0.5879746835443038,,,,,,,,,,,,,,,,,
prompt_fidelity,,,,,,,,,,,,,,,NLPI[gemma3:1b|P1],3,gemma3:1b,P1,,,,,,,,,,,,,1.0,projected,QQQ,,,,0.6,0.6,,,SPY,0.0,0.012025316455696206,0.0,-0.5879746835443038,0.0,0.0,,,,,,,,,,
prompt_fidelity,,,,,,,,,,,,,,,NLPI[gemma3:1b|P1],3,gemma3:1b,P1,,,,,,,,,,,,,1.0,raw,EEM,SPY,0.0,0.012025316455696204,0.6,0.6,0.0,-0.5879746835443038,,,,,,,,,,,,,,,,,
prompt_fidelity,,,,,,,,,,,,,,,NLPI[gemma3:1b|P1],3,gemma3:1b,P1,,,,,,,,,,,,,1.0,projected,EEM,,,,0.6,0.6,,,SPY,0.0,0.012025316455696206,0.0,-0.5879746835443038,0.0,0.0,,,,,,,,,,
prompt_fidelity,,,,,,,,,,,,,,,NLPI[gemma3:1b|P1],3,gemma3:1b,P1,,,,,,,,,,,,,1.0,raw,DBC,SPY,0.0,0.012025316455696204,0.6,0.6,0.0,-0.5879746835443038,,,,,,,,,,,,,,,,,
prompt_fidelity,,,,,,,,,,,,,,,NLPI[gemma3:1b|P1],3,gemma3:1b,P1,,,,,,,,,,,,,1.0,projected,DBC,,,,0.6,0.6,,,SPY,0.0,0.012025316455696206,0.0,-0.5879746835443038,0.0,0.0,,,,,,,,,,
prompt_fidelity,,,,,,,,,,,,,,,NLPI[gemma3:1b|P1],3,gemma3:1b,P1,,,,,,,,,,,,,1.0,raw,QQQ,SPY,0.0,0.012025316455696204,0.6,0.6,0.0,-0.5879746835443038,,,,,,,,,,,,,,,,,
prompt_fidelity,,,,,,,,,,,,,,,NLPI[gemma3:1b|P1],3,gemma3:1b,P1,,,,,,,,,,,,,1.0,projected,QQQ,,,,0.6,0.6,,,SPY,0.0,0.012025316455696206,0.0,-0.5879746835443038,0.0,0.0,,,,,,,,,,
prompt_fidelity,,,,,,,,,,,,,,,NLPI[gemma3:1b|P1],3,gemma3:1b,P1,,,,,,,,,,,,,1.0,raw,QQQ,SPY,0.0,0.012025316455696204,0.6,0.6,0.0,-0.5879746835443038,,,,,,,,,,,,,,,,,
prompt_fidelity,,,,,,,,,,,,,,,NLPI[gemma3:1b|P1],3,gemma3:1b,P1,,,,,,,,,,,,,1.0,projected,QQQ,,,,0.6,0.6,,,SPY,0.0,0.012025316455696206,0.0,-0.5879746835443038,0.0,0.0,,,,,,,,,,
prompt_fidelity,,,,,,,,,,,,,,,NLPI[gemma3:1b|P1],3,gemma3:1b,P1,,,,,,,,,,,,,1.0,raw,UUP,SPY,0.0,0.012025316455696204,0.6,0.6,0.0,-0.5879746835443038,,,,,,,,,,,,,,,,,
prompt_fidelity,,,,,,,,,,,,,,,NLPI[gemma3:1b|P1],3,gemma3:1b,P1,,,,,,,,,,,,,1.0,projected,UUP,,,,0.6,0.6,,,SPY,0.0,0.012025316455696206,0.0,-0.5879746835443038,0.0,0.0,,,,,,,,,,
prompt_fidelity,,,,,,,,,,,,,,,NLPI[gemma3:1b|P1],3,gemma3:1b,P1,,,,,,,,,,,,,1.0,raw,VNQ,SPY,0.0,0.012025316455696204,0.6,0.6,0.0,-0.5879746835443038,,,,,,,,,,,,,,,,,
prompt_fidelity,,,,,,,,,,,,,,,NLPI[gemma3:1b|P1],3,gemma3:1b,P1,,,,,,,,,,,,,1.0,projected,VNQ,,,,0.6,0.6,,,SPY,0.0,0.012025316455696206,0.0,-0.5879746835443038,0.0,0.0,,,,,,,,,,
prompt_fidelity,,,,,,,,,,,,,,,NLPI[gemma3:1b|P1],3,gemma3:1b,P1,,,,,,,,,,,,,1.0,raw,VNQ,SPY,0.0,0.012025316455696204,0.6,0.6,0.0,-0.5879746835443038,,,,,,,,,,,,,,,,,
prompt_fidelity,,,,,,,,,,,,,,,NLPI[gemma3:1b|P1],3,gemma3:1b,P1,,,,,,,,,,,,,1.0,projected,VNQ,,,,0.6,0.6,,,SPY,0.0,0.012025316455696206,0.0,-0.5879746835443038,0.0,0.0,,,,,,,,,,
prompt_fidelity,,,,,,,,,,,,,,,NLPI[gemma3:1b|P1],3,gemma3:1b,P1,,,,,,,,,,,,,1.0,raw,LQD,SPY,0.0,0.012025316455696204,0.6,0.6,0.0,-0.5879746835443038,,,,,,,,,,,,,,,,,
prompt_fidelity,,,,,,,,,,,,,,,NLPI[gemma3:1b|P1],3,gemma3:1b,P1,,,,,,,,,,,,,1.0,projected,LQD,,,,0.6,0.6,,,SPY,0.0,0.012025316455696206,0.0,-0.5879746835443038,0.0,0.0,,,,,,,,,,
prompt_fidelity,,,,,,,,,,,,,,,NLPI[gemma3:1b|P1],3,gemma3:1b,P1,,,,,,,,,,,,,1.0,raw,GLD,SPY,0.0,0.012025316455696204,0.6,0.6,0.0,-0.5879746835443038,,,,,,,,,,,,,,,,,
prompt_fidelity,,,,,,,,,,,,,,,NLPI[gemma3:1b|P1],3,gemma3:1b,P1,,,,,,,,,,,,,1.0,projected,GLD,,,,0.6,0.6,,,SPY,0.0,0.012025316455696206,0.0,-0.5879746835443038,0.0,0.0,,,,,,,,,,
prompt_fidelity,,,,,,,,,,,,,,,NLPI[gemma3:1b|P1],3,gemma3:1b,P1,,,,,,,,,,,,,1.0,raw,VNQ,SPY,0.0,0.012025316455696204,0.6,0.6,0.0,-0.5879746835443038,,,,,,,,,,,,,,,,,
prompt_fidelity,,,,,,,,,,,,,,,NLPI[gemma3:1b|P1],3,gemma3:1b,P1,,,,,,,,,,,,,1.0,projected,VNQ,,,,0.6,0.6,,,SPY,0.0,0.012025316455696206,0.0,-0.5879746835443038,0.0,0.0,,,,,,,,,,
prompt_fidelity,,,,,,,,,,,,,,,NLPI[gemma3:1b|P2],3,gemma3:1b,P2,,,,,,,,,,,,,2.0,raw,BIL,BIL,1.0,0.6006006006006006,0.6,0.6,1.0,0.0006006006006006315,,,,,,,,,,,,,,,,,
prompt_fidelity,,,,,,,,,,,,,,,NLPI[gemma3:1b|P2],3,gemma3:1b,P2,,,,,,,,,,,,,2.0,projected,BIL,,,,0.6,0.6,,,BIL,1.0,0.6,1.0,0.0,0.0,0.0,,,,,,,,,,
prompt_fidelity,,,,,,,,,,,,,,,NLPI[gemma3:1b|P2],3,gemma3:1b,P2,,,,,,,,,,,,,2.0,raw,BIL,BIL,1.0,0.6006006006006006,0.6,0.6,1.0,0.0006006006006006315,,,,,,,,,,,,,,,,,
prompt_fidelity,,,,,,,,,,,,,,,NLPI[gemma3:1b|P2],3,gemma3:1b,P2,,,,,,,,,,,,,2.0,projected,BIL,,,,0.6,0.6,,,BIL,1.0,0.6,1.0,0.0,0.0,0.0,,,,,,,,,,
prompt_fidelity,,,,,,,,,,,,,,,NLPI[gemma3:1b|P2],3,gemma3:1b,P2,,,,,,,,,,,,,2.0,raw,BIL,BIL,1.0,0.6006006006006006,0.6,0.6,1.0,0.0006006006006006315,,,,,,,,,,,,,,,,,
prompt_fidelity,,,,,,,,,,,,,,,NLPI[gemma3:1b|P2],3,gemma3:1b,P2,,,,,,,,,,,,,2.0,projected,BIL,,,,0.6,0.6,,,BIL,1.0,0.6,1.0,0.0,0.0,0.0,,,,,,,,,,
prompt_fidelity,,,,,,,,,,,,,,,NLPI[gemma3:1b|P2],3,gemma3:1b,P2,,,,,,,,,,,,,2.0,raw,BIL,BIL,1.0,0.6006006006006006,0.6,0.6,1.0,0.0006006006006006315,,,,,,,,,,,,,,,,,
prompt_fidelity,,,,,,,,,,,,,,,NLPI[gemma3:1b|P2],3,gemma3:1b,P2,,,,,,,,,,,,,2.0,projected,BIL,,,,0.6,0.6,,,BIL,1.0,0.6,1.0,0.0,0.0,0.0,,,,,,,,,,
prompt_fidelity,,,,,,,,,,,,,,,NLPI[gemma3:1b|P2],3,gemma3:1b,P2,,,,,,,,,,,,,2.0,raw,BIL,BIL,1.0,0.6006006006006006,0.6,0.6,1.0,0.0006006006006006315,,,,,,,,,,,,,,,,,
prompt_fidelity,,,,,,,,,,,,,,,NLPI[gemma3:1b|P2],3,gemma3:1b,P2,,,,,,,,,,,,,2.0,projected,BIL,,,,0.6,0.6,,,BIL,1.0,0.6,1.0,0.0,0.0,0.0,,,,,,,,,,
prompt_fidelity,,,,,,,,,,,,,,,NLPI[gemma3:1b|P2],3,gemma3:1b,P2,,,,,,,,,,,,,2.0,raw,BIL,BIL,1.0,0.6006006006006006,0.6,0.6,1.0,0.0006006006006006315,,,,,,,,,,,,,,,,,
prompt_fidelity,,,,,,,,,,,,,,,NLPI[gemma3:1b|P2],3,gemma3:1b,P2,,,,,,,,,,,,,2.0,projected,BIL,,,,0.6,0.6,,,BIL,1.0,0.6,1.0,0.0,0.0,0.0,,,,,,,,,,
prompt_fidelity,,,,,,,,,,,,,,,NLPI[gemma3:1b|P2],3,gemma3:1b,P2,,,,,,,,,,,,,2.0,raw,BIL,BIL,1.0,0.6006006006006006,0.6,0.6,1.0,0.0006006006006006315,,,,,,,,,,,,,,,,,
prompt_fidelity,,,,,,,,,,,,,,,NLPI[gemma3:1b|P2],3,gemma3:1b,P2,,,,,,,,,,,,,2.0,projected,BIL,,,,0.6,0.6,,,BIL,1.0,0.6,1.0,0.0,0.0,0.0,,,,,,,,,,
prompt_fidelity,,,,,,,,,,,,,,,NLPI[gemma3:1b|P2],3,gemma3:1b,P2,,,,,,,,,,,,,2.0,raw,BIL,BIL,1.0,0.6006006006006006,0.6,0.6,1.0,0.0006006006006006315,,,,,,,,,,,,,,,,,
prompt_fidelity,,,,,,,,,,,,,,,NLPI[gemma3:1b|P2],3,gemma3:1b,P2,,,,,,,,,,,,,2.0,projected,BIL,,,,0.6,0.6,,,BIL,1.0,0.6,1.0,0.0,0.0,0.0,,,,,,,,,,
prompt_fidelity,,,,,,,,,,,,,,,NLPI[gemma3:1b|P2],3,gemma3:1b,P2,,,,,,,,,,,,,2.0,raw,BIL,BIL,1.0,0.6006006006006006,0.6,0.6,1.0,0.0006006006006006315,,,,,,,,,,,,,,,,,
prompt_fidelity,,,,,,,,,,,,,,,NLPI[gemma3:1b|P2],3,gemma3:1b,P2,,,,,,,,,,,,,2.0,projected,BIL,,,,0.6,0.6,,,BIL,1.0,0.6,1.0,0.0,0.0,0.0,,,,,,,,,,
prompt_fidelity,,,,,,,,,,,,,,,NLPI[gemma3:1b|P2],3,gemma3:1b,P2,,,,,,,,,,,,,2.0,raw,BIL,BIL,1.0,0.6006006006006006,0.6,0.6,1.0,0.0006006006006006315,,,,,,,,,,,,,,,,,
prompt_fidelity,,,,,,,,,,,,,,,NLPI[gemma3:1b|P2],3,gemma3:1b,P2,,,,,,,,,,,,,2.0,projected,BIL,,,,0.6,0.6,,,BIL,1.0,0.6,1.0,0.0,0.0,0.0,,,,,,,,,,
prompt_fidelity,,,,,,,,,,,,,,,NLPI[gemma3:1b|P2],3,gemma3:1b,P2,,,,,,,,,,,,,2.0,raw,BIL,BIL,1.0,0.6006006006006006,0.6,0.6,1.0,0.0006006006006006315,,,,,,,,,,,,,,,,,
prompt_fidelity,,,,,,,,,,,,,,,NLPI[gemma3:1b|P2],3,gemma3:1b,P2,,,,,,,,,,,,,2.0,projected,BIL,,,,0.6,0.6,,,BIL,1.0,0.6,1.0,0.0,0.0,0.0,,,,,,,,,,
prompt_fidelity,,,,,,,,,,,,,,,NLPI[gemma3:1b|P2],3,gemma3:1b,P2,,,,,,,,,,,,,2.0,raw,BIL,BIL,1.0,0.6006006006006006,0.6,0.6,1.0,0.0006006006006006315,,,,,,,,,,,,,,,,,
prompt_fidelity,,,,,,,,,,,,,,,NLPI[gemma3:1b|P2],3,gemma3:1b,P2,,,,,,,,,,,,,2.0,projected,BIL,,,,0.6,0.6,,,BIL,1.0,0.6,1.0,0.0,0.0,0.0,,,,,,,,,,
prompt_fidelity,,,,,,,,,,,,,,,NLPI[gemma3:1b|P2],3,gemma3:1b,P2,,,,,,,,,,,,,2.0,raw,BIL,BIL,1.0,0.6006006006006006,0.6,0.6,1.0,0.0006006006006006315,,,,,,,,,,,,,,,,,
prompt_fidelity,,,,,,,,,,,,,,,NLPI[gemma3:1b|P2],3,gemma3:1b,P2,,,,,,,,,,,,,2.0,projected,BIL,,,,0.6,0.6,,,BIL,1.0,0.6,1.0,0.0,0.0,0.0,,,,,,,,,,
prompt_fidelity,,,,,,,,,,,,,,,NLPI[gemma3:1b|P2],3,gemma3:1b,P2,,,,,,,,,,,,,2.0,raw,BIL,BIL,1.0,0.6006006006006006,0.6,0.6,1.0,0.0006006006006006315,,,,,,,,,,,,,,,,,
prompt_fidelity,,,,,,,,,,,,,,,NLPI[gemma3:1b|P2],3,gemma3:1b,P2,,,,,,,,,,,,,2.0,projected,BIL,,,,0.6,0.6,,,BIL,1.0,0.6,1.0,0.0,0.0,0.0,,,,,,,,,,
prompt_fidelity,,,,,,,,,,,,,,,NLPI[gemma3:1b|P2],3,gemma3:1b,P2,,,,,,,,,,,,,2.0,raw,BIL,BIL,1.0,0.6006006006006006,0.6,0.6,1.0,0.0006006006006006315,,,,,,,,,,,,,,,,,
prompt_fidelity,,,,,,,,,,,,,,,NLPI[gemma3:1b|P2],3,gemma3:1b,P2,,,,,,,,,,,,,2.0,projected,BIL,,,,0.6,0.6,,,BIL,1.0,0.6,1.0,0.0,0.0,0.0,,,,,,,,,,
prompt_fidelity,,,,,,,,,,,,,,,NLPI[gemma3:1b|P2],3,gemma3:1b,P2,,,,,,,,,,,,,2.0,raw,BIL,BIL,1.0,0.6006006006006006,0.6,0.6,1.0,0.0006006006006006315,,,,,,,,,,,,,,,,,
prompt_fidelity,,,,,,,,,,,,,,,NLPI[gemma3:1b|P2],3,gemma3:1b,P2,,,,,,,,,,,,,2.0,projected,BIL,,,,0.6,0.6,,,BIL,1.0,0.6,1.0,0.0,0.0,0.0,,,,,,,,,,
prompt_fidelity,,,,,,,,,,,,,,,NLPI[gemma3:1b|P2],3,gemma3:1b,P2,,,,,,,,,,,,,2.0,raw,BIL,BIL,1.0,0.6006006006006006,0.6,0.6,1.0,0.0006006006006006315,,,,,,,,,,,,,,,,,
prompt_fidelity,,,,,,,,,,,,,,,NLPI[gemma3:1b|P2],3,gemma3:1b,P2,,,,,,,,,,,,,2.0,projected,BIL,,,,0.6,0.6,,,BIL,1.0,0.6,1.0,0.0,0.0,0.0,,,,,,,,,,
prompt_fidelity,,,,,,,,,,,,,,,NLPI[gemma3:1b|P2],3,gemma3:1b,P2,,,,,,,,,,,,,2.0,raw,BIL,BIL,1.0,0.6006006006006006,0.6,0.6,1.0,0.0006006006006006315,,,,,,,,,,,,,,,,,
prompt_fidelity,,,,,,,,,,,,,,,NLPI[gemma3:1b|P2],3,gemma3:1b,P2,,,,,,,,,,,,,2.0,projected,BIL,,,,0.6,0.6,,,BIL,1.0,0.6,1.0,0.0,0.0,0.0,,,,,,,,,,
prompt_fidelity,,,,,,,,,,,,,,,NLPI[gemma3:1b|P3],3,gemma3:1b,P3,,,,,,,,,,,,,3.0,raw,SLV,GLD,0.0,0.008792225821378992,0.6,0.6,0.0,-0.591207774178621,,,,,,,,,,,,,,,,,
prompt_fidelity,,,,,,,,,,,,,,,NLPI[gemma3:1b|P3],3,gemma3:1b,P3,,,,,,,,,,,,,3.0,projected,SLV,,,,0.6,0.6,,,GLD,0.0,0.008792225821378997,0.0,-0.591207774178621,0.0,0.0,,,,,,,,,,
prompt_fidelity,,,,,,,,,,,,,,,NLPI[gemma3:1b|P3],3,gemma3:1b,P3,,,,,,,,,,,,,3.0,raw,UUP,UUP,1.0,0.6006006006006006,0.6,0.6,1.0,0.0006006006006006315,,,,,,,,,,,,,,,,,
prompt_fidelity,,,,,,,,,,,,,,,NLPI[gemma3:1b|P3],3,gemma3:1b,P3,,,,,,,,,,,,,3.0,projected,UUP,,,,0.6,0.6,,,UUP,1.0,0.6,1.0,0.0,0.0,0.0,,,,,,,,,,
prompt_fidelity,,,,,,,,,,,,,,,NLPI[gemma3:1b|P3],3,gemma3:1b,P3,,,,,,,,,,,,,3.0,raw,DBC,UUP,0.0,0.019019019019019017,0.6,0.6,0.0,-0.5809809809809809,,,,,,,,,,,,,,,,,
prompt_fidelity,,,,,,,,,,,,,,,NLPI[gemma3:1b|P3],3,gemma3:1b,P3,,,,,,,,,,,,,3.0,projected,DBC,,,,0.6,0.6,,,UUP,0.0,0.01904761904761906,0.0,-0.5809523809523809,0.0,0.0,,,,,,,,,,
prompt_fidelity,,,,,,,,,,,,,,,NLPI[gemma3:1b|P3],3,gemma3:1b,P3,,,,,,,,,,,,,3.0,raw,SLV,GLD,0.0,0.008792225821378992,0.6,0.6,0.0,-0.591207774178621,,,,,,,,,,,,,,,,,
prompt_fidelity,,,,,,,,,,,,,,,NLPI[gemma3:1b|P3],3,gemma3:1b,P3,,,,,,,,,,,,,3.0,projected,SLV,,,,0.6,0.6,,,GLD,0.0,0.008792225821378997,0.0,-0.591207774178621,0.0,0.0,,,,,,,,,,
prompt_fidelity,,,,,,,,,,,,,,,NLPI[gemma3:1b|P3],3,gemma3:1b,P3,,,,,,,,,,,,,3.0,raw,UUP,GLD,0.0,0.2776492364645997,0.6,0.6,0.0,-0.32235076353540026,,,,,,,,,,,,,,,,,
prompt_fidelity,,,,,,,,,,,,,,,NLPI[gemma3:1b|P3],3,gemma3:1b,P3,,,,,,,,,,,,,3.0,projected,UUP,,,,0.6,0.6,,,GLD,0.0,0.2776492364645997,0.0,-0.32235076353540026,0.0,0.0,,,,,,,,,,
prompt_fidelity,,,,,,,,,,,,,,,NLPI[gemma3:1b|P3],3,gemma3:1b,P3,,,,,,,,,,,,,3.0,raw,VNQ,GLD,0.0,0.008792225821378992,0.6,0.6,0.0,-0.591207774178621,,,,,,,,,,,,,,,,,
prompt_fidelity,,,,,,,,,,,,,,,NLPI[gemma3:1b|P3],3,gemma3:1b,P3,,,,,,,,,,,,,3.0,projected,VNQ,,,,0.6,0.6,,,GLD,0.0,0.008792225821378997,0.0,-0.591207774178621,0.0,0.0,,,,,,,,,,
prompt_fidelity,,,,,,,,,,,,,,,NLPI[gemma3:1b|P3],3,gemma3:1b,P3,,,,,,,,,,,,,3.0,raw,SLV,UUP,0.0,0.019019019019019017,0.6,0.6,0.0,-0.5809809809809809,,,,,,,,,,,,,,,,,
prompt_fidelity,,,,,,,,,,,,,,,NLPI[gemma3:1b|P3],3,gemma3:1b,P3,,,,,,,,,,,,,3.0,projected,SLV,,,,0.6,0.6,,,UUP,0.0,0.01904761904761906,0.0,-0.5809523809523809,0.0,0.0,,,,,,,,,,
prompt_fidelity,,,,,,,,,,,,,,,NLPI[gemma3:1b|P3],3,gemma3:1b,P3,,,,,,,,,,,,,3.0,raw,VNQ,GLD,0.0,0.008792225821378992,0.6,0.6,0.0,-0.591207774178621,,,,,,,,,,,,,,,,,
prompt_fidelity,,,,,,,,,,,,,,,NLPI[gemma3:1b|P3],3,gemma3:1b,P3,,,,,,,,,,,,,3.0,projected,VNQ,,,,0.6,0.6,,,GLD,0.0,0.008792225821378997,0.0,-0.591207774178621,0.0,0.0,,,,,,,,,,
prompt_fidelity,,,,,,,,,,,,,,,NLPI[gemma3:1b|P3],3,gemma3:1b,P3,,,,,,,,,,,,,3.0,raw,VWO,GLD,0.0,0.008792225821378992,0.6,0.6,0.0,-0.591207774178621,,,,,,,,,,,,,,,,,
prompt_fidelity,,,,,,,,,,,,,,,NLPI[gemma3:1b|P3],3,gemma3:1b,P3,,,,,,,,,,,,,3.0,projected,VWO,,,,0.6,0.6,,,GLD,0.0,0.008792225821378997,0.0,-0.591207774178621,0.0,0.0,,,,,,,,,,
prompt_fidelity,,,,,,,,,,,,,,,NLPI[gemma3:1b|P3],3,gemma3:1b,P3,,,,,,,,,,,,,3.0,raw,VWO,GLD,0.0,0.008792225821378992,0.6,0.6,0.0,-0.591207774178621,,,,,,,,,,,,,,,,,
prompt_fidelity,,,,,,,,,,,,,,,NLPI[gemma3:1b|P3],3,gemma3:1b,P3,,,,,,,,,,,,,3.0,projected,VWO,,,,0.6,0.6,,,GLD,0.0,0.008792225821378997,0.0,-0.591207774178621,0.0,0.0,,,,,,,,,,
prompt_fidelity,,,,,,,,,,,,,,,NLPI[gemma3:1b|P3],3,gemma3:1b,P3,,,,,,,,,,,,,3.0,raw,SLV,GLD,0.0,0.008792225821378992,0.6,0.6,0.0,-0.591207774178621,,,,,,,,,,,,,,,,,
prompt_fidelity,,,,,,,,,,,,,,,NLPI[gemma3:1b|P3],3,gemma3:1b,P3,,,,,,,,,,,,,3.0,projected,SLV,,,,0.6,0.6,,,GLD,0.0,0.008792225821378997,0.0,-0.591207774178621,0.0,0.0,,,,,,,,,,
prompt_fidelity,,,,,,,,,,,,,,,NLPI[gemma3:1b|P3],3,gemma3:1b,P3,,,,,,,,,,,,,3.0,raw,VWO,GLD,0.0,0.008792225821378992,0.6,0.6,0.0,-0.591207774178621,,,,,,,,,,,,,,,,,
prompt_fidelity,,,,,,,,,,,,,,,NLPI[gemma3:1b|P3],3,gemma3:1b,P3,,,,,,,,,,,,,3.0,projected,VWO,,,,0.6,0.6,,,GLD,0.0,0.008792225821378997,0.0,-0.591207774178621,0.0,0.0,,,,,,,,,,
prompt_fidelity,,,,,,,,,,,,,,,NLPI[gemma3:1b|P3],3,gemma3:1b,P3,,,,,,,,,,,,,3.0,raw,IWM,GLD,0.0,0.008792225821378992,0.6,0.6,0.0,-0.591207774178621,,,,,,,,,,,,,,,,,
prompt_fidelity,,,,,,,,,,,,,,,NLPI[gemma3:1b|P3],3,gemma3:1b,P3,,,,,,,,,,,,,3.0,projected,IWM,,,,0.6,0.6,,,GLD,0.0,0.008792225821378997,0.0,-0.591207774178621,0.0,0.0,,,,,,,,,,
prompt_fidelity,,,,,,,,,,,,,,,NLPI[gemma3:1b|P3],3,gemma3:1b,P3,,,,,,,,,,,,,3.0,raw,UUP,GLD,0.0,0.2776492364645997,0.6,0.6,0.0,-0.32235076353540026,,,,,,,,,,,,,,,,,
prompt_fidelity,,,,,,,,,,,,,,,NLPI[gemma3:1b|P3],3,gemma3:1b,P3,,,,,,,,,,,,,3.0,projected,UUP,,,,0.6,0.6,,,GLD,0.0,0.2776492364645997,0.0,-0.32235076353540026,0.0,0.0,,,,,,,,,,
prompt_fidelity,,,,,,,,,,,,,,,NLPI[gemma3:1b|P3],3,gemma3:1b,P3,,,,,,,,,,,,,3.0,raw,SLV,GLD,0.0,0.012025316455696204,0.6,0.6,0.0,-0.5879746835443038,,,,,,,,,,,,,,,,,
prompt_fidelity,,,,,,,,,,,,,,,NLPI[gemma3:1b|P3],3,gemma3:1b,P3,,,,,,,,,,,,,3.0,projected,SLV,,,,0.6,0.6,,,GLD,0.0,0.01202531645569621,0.0,-0.5879746835443038,0.0,0.0,,,,,,,,,,
prompt_fidelity,,,,,,,,,,,,,,,NLPI[gemma3:1b|P3],3,gemma3:1b,P3,,,,,,,,,,,,,3.0,raw,DBC,UUP,0.0,0.019019019019019017,0.6,0.6,0.0,-0.5809809809809809,,,,,,,,,,,,,,,,,
prompt_fidelity,,,,,,,,,,,,,,,NLPI[gemma3:1b|P3],3,gemma3:1b,P3,,,,,,,,,,,,,3.0,projected,DBC,,,,0.6,0.6,,,UUP,0.0,0.01904761904761906,0.0,-0.5809523809523809,0.0,0.0,,,,,,,,,,
prompt_fidelity,,,,,,,,,,,,,,,NLPI[gemma3:1b|P3],3,gemma3:1b,P3,,,,,,,,,,,,,3.0,raw,EEM,UUP,0.0,0.019019019019019017,0.6,0.6,0.0,-0.5809809809809809,,,,,,,,,,,,,,,,,
prompt_fidelity,,,,,,,,,,,,,,,NLPI[gemma3:1b|P3],3,gemma3:1b,P3,,,,,,,,,,,,,3.0,projected,EEM,,,,0.6,0.6,,,UUP,0.0,0.01904761904761906,0.0,-0.5809523809523809,0.0,0.0,,,,,,,,,,
prompt_fidelity,,,,,,,,,,,,,,,NLPI[gemma3:1b|P3],3,gemma3:1b,P3,,,,,,,,,,,,,3.0,raw,DBC,GLD,0.0,0.008792225821378992,0.6,0.6,0.0,-0.591207774178621,,,,,,,,,,,,,,,,,
prompt_fidelity,,,,,,,,,,,,,,,NLPI[gemma3:1b|P3],3,gemma3:1b,P3,,,,,,,,,,,,,3.0,projected,DBC,,,,0.6,0.6,,,GLD,0.0,0.008792225821378997,0.0,-0.591207774178621,0.0,0.0,,,,,,,,,,
prompt_fidelity,,,,,,,,,,,,,,,NLPI[gemma3:1b|P4],3,gemma3:1b,P4,,,,,,,,,,,,,4.0,raw,,,,,,,,,,,,,,,,,,0.0,1.0,,,,,,
prompt_fidelity,,,,,,,,,,,,,,,NLPI[gemma3:1b|P4],3,gemma3:1b,P4,,,,,,,,,,,,,4.0,projected,,,,,,,,,,,,,,,,,,,,3.0531133177191805e-16,1.0,,,,
prompt_fidelity,,,,,,,,,,,,,,,NLPI[gemma3:1b|P4],3,gemma3:1b,P4,,,,,,,,,,,,,4.0,raw,,,,,,,,,,,,,,,,,,0.0,1.0,,,,,,
prompt_fidelity,,,,,,,,,,,,,,,NLPI[gemma3:1b|P4],3,gemma3:1b,P4,,,,,,,,,,,,,4.0,projected,,,,,,,,,,,,,,,,,,,,3.0531133177191805e-16,1.0,,,,
prompt_fidelity,,,,,,,,,,,,,,,NLPI[gemma3:1b|P4],3,gemma3:1b,P4,,,,,,,,,,,,,4.0,raw,,,,,,,,,,,,,,,,,,0.0,1.0,,,,,,
prompt_fidelity,,,,,,,,,,,,,,,NLPI[gemma3:1b|P4],3,gemma3:1b,P4,,,,,,,,,,,,,4.0,projected,,,,,,,,,,,,,,,,,,,,3.0531133177191805e-16,1.0,,,,
prompt_fidelity,,,,,,,,,,,,,,,NLPI[gemma3:1b|P4],3,gemma3:1b,P4,,,,,,,,,,,,,4.0,raw,,,,,,,,,,,,,,,,,,0.0,1.0,,,,,,
prompt_fidelity,,,,,,,,,,,,,,,NLPI[gemma3:1b|P4],3,gemma3:1b,P4,,,,,,,,,,,,,4.0,projected,,,,,,,,,,,,,,,,,,,,3.0531133177191805e-16,1.0,,,,
prompt_fidelity,,,,,,,,,,,,,,,NLPI[gemma3:1b|P4],3,gemma3:1b,P4,,,,,,,,,,,,,4.0,raw,,,,,,,,,,,,,,,,,,0.0,1.0,,,,,,
prompt_fidelity,,,,,,,,,,,,,,,NLPI[gemma3:1b|P4],3,gemma3:1b,P4,,,,,,,,,,,,,4.0,projected,,,,,,,,,,,,,,,,,,,,3.0531133177191805e-16,1.0,,,,
prompt_fidelity,,,,,,,,,,,,,,,NLPI[gemma3:1b|P4],3,gemma3:1b,P4,,,,,,,,,,,,,4.0,raw,,,,,,,,,,,,,,,,,,0.0,1.0,,,,,,
prompt_fidelity,,,,,,,,,,,,,,,NLPI[gemma3:1b|P4],3,gemma3:1b,P4,,,,,,,,,,,,,4.0,projected,,,,,,,,,,,,,,,,,,,,3.0531133177191805e-16,1.0,,,,
prompt_fidelity,,,,,,,,,,,,,,,NLPI[gemma3:1b|P4],3,gemma3:1b,P4,,,,,,,,,,,,,4.0,raw,,,,,,,,,,,,,,,,,,0.0,1.0,,,,,,
prompt_fidelity,,,,,,,,,,,,,,,NLPI[gemma3:1b|P4],3,gemma3:1b,P4,,,,,,,,,,,,,4.0,projected,,,,,,,,,,,,,,,,,,,,3.0531133177191805e-16,1.0,,,,
prompt_fidelity,,,,,,,,,,,,,,,NLPI[gemma3:1b|P4],3,gemma3:1b,P4,,,,,,,,,,,,,4.0,raw,,,,,,,,,,,,,,,,,,0.0,1.0,,,,,,
prompt_fidelity,,,,,,,,,,,,,,,NLPI[gemma3:1b|P4],3,gemma3:1b,P4,,,,,,,,,,,,,4.0,projected,,,,,,,,,,,,,,,,,,,,3.0531133177191805e-16,1.0,,,,
prompt_fidelity,,,,,,,,,,,,,,,NLPI[gemma3:1b|P4],3,gemma3:1b,P4,,,,,,,,,,,,,4.0,raw,,,,,,,,,,,,,,,,,,0.0,1.0,,,,,,
prompt_fidelity,,,,,,,,,,,,,,,NLPI[gemma3:1b|P4],3,gemma3:1b,P4,,,,,,,,,,,,,4.0,projected,,,,,,,,,,,,,,,,,,,,3.0531133177191805e-16,1.0,,,,
prompt_fidelity,,,,,,,,,,,,,,,NLPI[gemma3:1b|P4],3,gemma3:1b,P4,,,,,,,,,,,,,4.0,raw,,,,,,,,,,,,,,,,,,0.0,1.0,,,,,,
prompt_fidelity,,,,,,,,,,,,,,,NLPI[gemma3:1b|P4],3,gemma3:1b,P4,,,,,,,,,,,,,4.0,projected,,,,,,,,,,,,,,,,,,,,3.0531133177191805e-16,1.0,,,,
prompt_fidelity,,,,,,,,,,,,,,,NLPI[gemma3:1b|P4],3,gemma3:1b,P4,,,,,,,,,,,,,4.0,raw,,,,,,,,,,,,,,,,,,0.0,1.0,,,,,,
prompt_fidelity,,,,,,,,,,,,,,,NLPI[gemma3:1b|P4],3,gemma3:1b,P4,,,,,,,,,,,,,4.0,projected,,,,,,,,,,,,,,,,,,,,3.0531133177191805e-16,1.0,,,,
prompt_fidelity,,,,,,,,,,,,,,,NLPI[gemma3:1b|P4],3,gemma3:1b,P4,,,,,,,,,,,,,4.0,raw,,,,,,,,,,,,,,,,,,0.0,1.0,,,,,,
prompt_fidelity,,,,,,,,,,,,,,,NLPI[gemma3:1b|P4],3,gemma3:1b,P4,,,,,,,,,,,,,4.0,projected,,,,,,,,,,,,,,,,,,,,3.0531133177191805e-16,1.0,,,,
prompt_fidelity,,,,,,,,,,,,,,,NLPI[gemma3:1b|P4],3,gemma3:1b,P4,,,,,,,,,,,,,4.0,raw,,,,,,,,,,,,,,,,,,0.0,1.0,,,,,,
prompt_fidelity,,,,,,,,,,,,,,,NLPI[gemma3:1b|P4],3,gemma3:1b,P4,,,,,,,,,,,,,4.0,projected,,,,,,,,,,,,,,,,,,,,3.0531133177191805e-16,1.0,,,,
prompt_fidelity,,,,,,,,,,,,,,,NLPI[gemma3:1b|P4],3,gemma3:1b,P4,,,,,,,,,,,,,4.0,raw,,,,,,,,,,,,,,,,,,0.0,1.0,,,,,,
prompt_fidelity,,,,,,,,,,,,,,,NLPI[gemma3:1b|P4],3,gemma3:1b,P4,,,,,,,,,,,,,4.0,projected,,,,,,,,,,,,,,,,,,,,3.0531133177191805e-16,1.0,,,,
prompt_fidelity,,,,,,,,,,,,,,,NLPI[gemma3:1b|P4],3,gemma3:1b,P4,,,,,,,,,,,,,4.0,raw,,,,,,,,,,,,,,,,,,0.0,1.0,,,,,,
prompt_fidelity,,,,,,,,,,,,,,,NLPI[gemma3:1b|P4],3,gemma3:1b,P4,,,,,,,,,,,,,4.0,projected,,,,,,,,,,,,,,,,,,,,3.0531133177191805e-16,1.0,,,,
prompt_fidelity,,,,,,,,,,,,,,,NLPI[gemma3:1b|P4],3,gemma3:1b,P4,,,,,,,,,,,,,4.0,raw,,,,,,,,,,,,,,,,,,0.0,1.0,,,,,,
prompt_fidelity,,,,,,,,,,,,,,,NLPI[gemma3:1b|P4],3,gemma3:1b,P4,,,,,,,,,,,,,4.0,projected,,,,,,,,,,,,,,,,,,,,3.0531133177191805e-16,1.0,,,,
prompt_fidelity,,,,,,,,,,,,,,,NLPI[gemma3:1b|P4],3,gemma3:1b,P4,,,,,,,,,,,,,4.0,raw,,,,,,,,,,,,,,,,,,0.0,1.0,,,,,,
prompt_fidelity,,,,,,,,,,,,,,,NLPI[gemma3:1b|P4],3,gemma3:1b,P4,,,,,,,,,,,,,4.0,projected,,,,,,,,,,,,,,,,,,,,3.0531133177191805e-16,1.0,,,,
prompt_fidelity,,,,,,,,,,,,,,,NLPI[gemma3:1b|P4],3,gemma3:1b,P4,,,,,,,,,,,,,4.0,raw,,,,,,,,,,,,,,,,,,0.0,1.0,,,,,,
prompt_fidelity,,,,,,,,,,,,,,,NLPI[gemma3:1b|P4],3,gemma3:1b,P4,,,,,,,,,,,,,4.0,projected,,,,,,,,,,,,,,,,,,,,3.0531133177191805e-16,1.0,,,,
prompt_fidelity,,,,,,,,,,,,,,,NLPI[gemma3:1b|P5],3,gemma3:1b,P5,,,,,,,,,,,,,5.0,raw,,,,,,,,,,,,,,,,,,,,,,0.045454545454545456,1.0,,
prompt_fidelity,,,,,,,,,,,,,,,NLPI[gemma3:1b|P5],3,gemma3:1b,P5,,,,,,,,,,,,,5.0,projected,,,,,,,,,,,,,,,,,,,,,,,,0.04545454545454548,1.0
prompt_fidelity,,,,,,,,,,,,,,,NLPI[gemma3:1b|P5],3,gemma3:1b,P5,,,,,,,,,,,,,5.0,raw,,,,,,,,,,,,,,,,,,,,,,0.045454545454545456,1.0,,
prompt_fidelity,,,,,,,,,,,,,,,NLPI[gemma3:1b|P5],3,gemma3:1b,P5,,,,,,,,,,,,,5.0,projected,,,,,,,,,,,,,,,,,,,,,,,,0.04545454545454548,1.0
prompt_fidelity,,,,,,,,,,,,,,,NLPI[gemma3:1b|P5],3,gemma3:1b,P5,,,,,,,,,,,,,5.0,raw,,,,,,,,,,,,,,,,,,,,,,0.045454545454545456,1.0,,
prompt_fidelity,,,,,,,,,,,,,,,NLPI[gemma3:1b|P5],3,gemma3:1b,P5,,,,,,,,,,,,,5.0,projected,,,,,,,,,,,,,,,,,,,,,,,,0.04545454545454548,1.0
prompt_fidelity,,,,,,,,,,,,,,,NLPI[gemma3:1b|P5],3,gemma3:1b,P5,,,,,,,,,,,,,5.0,raw,,,,,,,,,,,,,,,,,,,,,,0.045454545454545456,1.0,,
prompt_fidelity,,,,,,,,,,,,,,,NLPI[gemma3:1b|P5],3,gemma3:1b,P5,,,,,,,,,,,,,5.0,projected,,,,,,,,,,,,,,,,,,,,,,,,0.04545454545454548,1.0
prompt_fidelity,,,,,,,,,,,,,,,NLPI[gemma3:1b|P5],3,gemma3:1b,P5,,,,,,,,,,,,,5.0,raw,,,,,,,,,,,,,,,,,,,,,,0.045454545454545456,1.0,,
prompt_fidelity,,,,,,,,,,,,,,,NLPI[gemma3:1b|P5],3,gemma3:1b,P5,,,,,,,,,,,,,5.0,projected,,,,,,,,,,,,,,,,,,,,,,,,0.04545454545454548,1.0
prompt_fidelity,,,,,,,,,,,,,,,NLPI[gemma3:1b|P5],3,gemma3:1b,P5,,,,,,,,,,,,,5.0,raw,,,,,,,,,,,,,,,,,,,,,,0.045454545454545456,1.0,,
prompt_fidelity,,,,,,,,,,,,,,,NLPI[gemma3:1b|P5],3,gemma3:1b,P5,,,,,,,,,,,,,5.0,projected,,,,,,,,,,,,,,,,,,,,,,,,0.04545454545454548,1.0
prompt_fidelity,,,,,,,,,,,,,,,NLPI[gemma3:1b|P5],3,gemma3:1b,P5,,,,,,,,,,,,,5.0,raw,,,,,,,,,,,,,,,,,,,,,,0.045454545454545456,1.0,,
prompt_fidelity,,,,,,,,,,,,,,,NLPI[gemma3:1b|P5],3,gemma3:1b,P5,,,,,,,,,,,,,5.0,projected,,,,,,,,,,,,,,,,,,,,,,,,0.04545454545454548,1.0
prompt_fidelity,,,,,,,,,,,,,,,NLPI[gemma3:1b|P5],3,gemma3:1b,P5,,,,,,,,,,,,,5.0,raw,,,,,,,,,,,,,,,,,,,,,,0.045454545454545456,1.0,,
prompt_fidelity,,,,,,,,,,,,,,,NLPI[gemma3:1b|P5],3,gemma3:1b,P5,,,,,,,,,,,,,5.0,projected,,,,,,,,,,,,,,,,,,,,,,,,0.04545454545454548,1.0
prompt_fidelity,,,,,,,,,,,,,,,NLPI[gemma3:1b|P5],3,gemma3:1b,P5,,,,,,,,,,,,,5.0,raw,,,,,,,,,,,,,,,,,,,,,,0.045454545454545456,1.0,,
prompt_fidelity,,,,,,,,,,,,,,,NLPI[gemma3:1b|P5],3,gemma3:1b,P5,,,,,,,,,,,,,5.0,projected,,,,,,,,,,,,,,,,,,,,,,,,0.04545454545454548,1.0
prompt_fidelity,,,,,,,,,,,,,,,NLPI[gemma3:1b|P5],3,gemma3:1b,P5,,,,,,,,,,,,,5.0,raw,,,,,,,,,,,,,,,,,,,,,,0.045454545454545456,1.0,,
prompt_fidelity,,,,,,,,,,,,,,,NLPI[gemma3:1b|P5],3,gemma3:1b,P5,,,,,,,,,,,,,5.0,projected,,,,,,,,,,,,,,,,,,,,,,,,0.04545454545454548,1.0
prompt_fidelity,,,,,,,,,,,,,,,NLPI[gemma3:1b|P5],3,gemma3:1b,P5,,,,,,,,,,,,,5.0,raw,,,,,,,,,,,,,,,,,,,,,,0.045454545454545456,1.0,,
prompt_fidelity,,,,,,,,,,,,,,,NLPI[gemma3:1b|P5],3,gemma3:1b,P5,,,,,,,,,,,,,5.0,projected,,,,,,,,,,,,,,,,,,,,,,,,0.04545454545454548,1.0
prompt_fidelity,,,,,,,,,,,,,,,NLPI[gemma3:1b|P5],3,gemma3:1b,P5,,,,,,,,,,,,,5.0,raw,,,,,,,,,,,,,,,,,,,,,,0.045454545454545456,1.0,,
prompt_fidelity,,,,,,,,,,,,,,,NLPI[gemma3:1b|P5],3,gemma3:1b,P5,,,,,,,,,,,,,5.0,projected,,,,,,,,,,,,,,,,,,,,,,,,0.04545454545454548,1.0
prompt_fidelity,,,,,,,,,,,,,,,NLPI[gemma3:1b|P5],3,gemma3:1b,P5,,,,,,,,,,,,,5.0,raw,,,,,,,,,,,,,,,,,,,,,,0.045454545454545456,1.0,,
prompt_fidelity,,,,,,,,,,,,,,,NLPI[gemma3:1b|P5],3,gemma3:1b,P5,,,,,,,,,,,,,5.0,projected,,,,,,,,,,,,,,,,,,,,,,,,0.04545454545454548,1.0
prompt_fidelity,,,,,,,,,,,,,,,NLPI[gemma3:1b|P5],3,gemma3:1b,P5,,,,,,,,,,,,,5.0,raw,,,,,,,,,,,,,,,,,,,,,,0.045454545454545456,1.0,,
prompt_fidelity,,,,,,,,,,,,,,,NLPI[gemma3:1b|P5],3,gemma3:1b,P5,,,,,,,,,,,,,5.0,projected,,,,,,,,,,,,,,,,,,,,,,,,0.04545454545454548,1.0
prompt_fidelity,,,,,,,,,,,,,,,NLPI[gemma3:1b|P5],3,gemma3:1b,P5,,,,,,,,,,,,,5.0,raw,,,,,,,,,,,,,,,,,,,,,,0.045454545454545456,1.0,,
prompt_fidelity,,,,,,,,,,,,,,,NLPI[gemma3:1b|P5],3,gemma3:1b,P5,,,,,,,,,,,,,5.0,projected,,,,,,,,,,,,,,,,,,,,,,,,0.04545454545454548,1.0
prompt_fidelity,,,,,,,,,,,,,,,NLPI[gemma3:1b|P5],3,gemma3:1b,P5,,,,,,,,,,,,,5.0,raw,,,,,,,,,,,,,,,,,,,,,,0.045454545454545456,1.0,,
prompt_fidelity,,,,,,,,,,,,,,,NLPI[gemma3:1b|P5],3,gemma3:1b,P5,,,,,,,,,,,,,5.0,projected,,,,,,,,,,,,,,,,,,,,,,,,0.04545454545454548,1.0
prompt_fidelity,,,,,,,,,,,,,,,NLPI[gemma3:1b|P5],3,gemma3:1b,P5,,,,,,,,,,,,,5.0,raw,,,,,,,,,,,,,,,,,,,,,,0.045454545454545456,1.0,,
prompt_fidelity,,,,,,,,,,,,,,,NLPI[gemma3:1b|P5],3,gemma3:1b,P5,,,,,,,,,,,,,5.0,projected,,,,,,,,,,,,,,,,,,,,,,,,0.04545454545454548,1.0
prompt_fidelity,,,,,,,,,,,,,,,NLPI[gemma3:1b|P5],3,gemma3:1b,P5,,,,,,,,,,,,,5.0,raw,,,,,,,,,,,,,,,,,,,,,,0.045454545454545456,1.0,,
prompt_fidelity,,,,,,,,,,,,,,,NLPI[gemma3:1b|P5],3,gemma3:1b,P5,,,,,,,,,,,,,5.0,projected,,,,,,,,,,,,,,,,,,,,,,,,0.04545454545454548,1.0
prompt_fidelity,,,,,,,,,,,,,,,NLPI[llama3.1:8b|P1],4,llama3.1:8b,P1,,,,,,,,,,,,,1.0,raw,QQQ,QQQ,1.0,0.6006006006006006,0.6,0.6,1.0,0.0006006006006006315,,,,,,,,,,,,,,,,,
prompt_fidelity,,,,,,,,,,,,,,,NLPI[llama3.1:8b|P1],4,llama3.1:8b,P1,,,,,,,,,,,,,1.0,projected,QQQ,,,,0.6,0.6,,,QQQ,1.0,0.6,1.0,0.0,0.0,0.0,,,,,,,,,,
prompt_fidelity,,,,,,,,,,,,,,,NLPI[llama3.1:8b|P1],4,llama3.1:8b,P1,,,,,,,,,,,,,1.0,raw,TLT,SLV,0.0,0.019019019019019017,0.6,0.6,0.0,-0.5809809809809809,,,,,,,,,,,,,,,,,
prompt_fidelity,,,,,,,,,,,,,,,NLPI[llama3.1:8b|P1],4,llama3.1:8b,P1,,,,,,,,,,,,,1.0,projected,TLT,,,,0.6,0.6,,,SLV,0.0,0.019047619047619046,0.0,-0.5809523809523809,0.0,0.0,,,,,,,,,,
prompt_fidelity,,,,,,,,,,,,,,,NLPI[llama3.1:8b|P1],4,llama3.1:8b,P1,,,,,,,,,,,,,1.0,raw,TLT,SLV,0.0,0.019019019019019017,0.6,0.6,0.0,-0.5809809809809809,,,,,,,,,,,,,,,,,
prompt_fidelity,,,,,,,,,,,,,,,NLPI[llama3.1:8b|P1],4,llama3.1:8b,P1,,,,,,,,,,,,,1.0,projected,TLT,,,,0.6,0.6,,,SLV,0.0,0.019047619047619046,0.0,-0.5809523809523809,0.0,0.0,,,,,,,,,,
prompt_fidelity,,,,,,,,,,,,,,,NLPI[llama3.1:8b|P1],4,llama3.1:8b,P1,,,,,,,,,,,,,1.0,raw,QQQ,SLV,0.0,0.019019019019019017,0.6,0.6,0.0,-0.5809809809809809,,,,,,,,,,,,,,,,,
prompt_fidelity,,,,,,,,,,,,,,,NLPI[llama3.1:8b|P1],4,llama3.1:8b,P1,,,,,,,,,,,,,1.0,projected,QQQ,,,,0.6,0.6,,,SLV,0.0,0.019047619047619046,0.0,-0.5809523809523809,0.0,0.0,,,,,,,,,,
prompt_fidelity,,,,,,,,,,,,,,,NLPI[llama3.1:8b|P1],4,llama3.1:8b,P1,,,,,,,,,,,,,1.0,raw,QQQ,SLV,0.0,0.019019019019019017,0.6,0.6,0.0,-0.5809809809809809,,,,,,,,,,,,,,,,,
prompt_fidelity,,,,,,,,,,,,,,,NLPI[llama3.1:8b|P1],4,llama3.1:8b,P1,,,,,,,,,,,,,1.0,projected,QQQ,,,,0.6,0.6,,,SLV,0.0,0.019047619047619046,0.0,-0.5809523809523809,0.0,0.0,,,,,,,,,,
prompt_fidelity,,,,,,,,,,,,,,,NLPI[llama3.1:8b|P1],4,llama3.1:8b,P1,,,,,,,,,,,,,1.0,raw,QQQ,SLV,0.0,0.019019019019019017,0.6,0.6,0.0,-0.5809809809809809,,,,,,,,,,,,,,,,,
prompt_fidelity,,,,,,,,,,,,,,,NLPI[llama3.1:8b|P1],4,llama3.1:8b,P1,,,,,,,,,,,,,1.0,projected,QQQ,,,,0.6,0.6,,,SLV,0.0,0.019047619047619046,0.0,-0.5809523809523809,0.0,0.0,,,,,,,,,,
prompt_fidelity,,,,,,,,,,,,,,,NLPI[llama3.1:8b|P1],4,llama3.1:8b,P1,,,,,,,,,,,,,1.0,raw,QQQ,QQQ,1.0,0.6006006006006006,0.6,0.6,1.0,0.0006006006006006315,,,,,,,,,,,,,,,,,
prompt_fidelity,,,,,,,,,,,,,,,NLPI[llama3.1:8b|P1],4,llama3.1:8b,P1,,,,,,,,,,,,,1.0,projected,QQQ,,,,0.6,0.6,,,QQQ,1.0,0.6,1.0,0.0,0.0,0.0,,,,,,,,,,
prompt_fidelity,,,,,,,,,,,,,,,NLPI[llama3.1:8b|P1],4,llama3.1:8b,P1,,,,,,,,,,,,,1.0,raw,SLV,SLV,1.0,0.6006006006006006,0.6,0.6,1.0,0.0006006006006006315,,,,,,,,,,,,,,,,,
prompt_fidelity,,,,,,,,,,,,,,,NLPI[llama3.1:8b|P1],4,llama3.1:8b,P1,,,,,,,,,,,,,1.0,projected,SLV,,,,0.6,0.6,,,SLV,1.0,0.6,1.0,0.0,0.0,0.0,,,,,,,,,,
prompt_fidelity,,,,,,,,,,,,,,,NLPI[llama3.1:8b|P1],4,llama3.1:8b,P1,,,,,,,,,,,,,1.0,raw,IWM,DBC,0.0,0.019387755102040816,0.6,0.6,0.0,-0.5806122448979592,,,,,,,,,,,,,,,,,
prompt_fidelity,,,,,,,,,,,,,,,NLPI[llama3.1:8b|P1],4,llama3.1:8b,P1,,,,,,,,,,,,,1.0,projected,IWM,,,,0.6,0.6,,,DBC,0.0,0.01997084548104957,0.0,-0.5800291545189504,0.0,0.0,,,,,,,,,,
prompt_fidelity,,,,,,,,,,,,,,,NLPI[llama3.1:8b|P1],4,llama3.1:8b,P1,,,,,,,,,,,,,1.0,raw,IWM,IWM,1.0,0.6006006006006006,0.6,0.6,1.0,0.0006006006006006315,,,,,,,,,,,,,,,,,
prompt_fidelity,,,,,,,,,,,,,,,NLPI[llama3.1:8b|P1],4,llama3.1:8b,P1,,,,,,,,,,,,,1.0,projected,IWM,,,,0.6,0.6,,,IWM,1.0,0.6,1.0,0.0,0.0,0.0,,,,,,,,,,
prompt_fidelity,,,,,,,,,,,,,,,NLPI[llama3.1:8b|P1],4,llama3.1:8b,P1,,,,,,,,,,,,,1.0,raw,IWM,DBC,0.0,0.019387755102040816,0.6,0.6,0.0,-0.5806122448979592,,,,,,,,,,,,,,,,,
prompt_fidelity,,,,,,,,,,,,,,,NLPI[llama3.1:8b|P1],4,llama3.1:8b,P1,,,,,,,,,,,,,1.0,projected,IWM,,,,0.6,0.6,,,DBC,0.0,0.01997084548104957,0.0,-0.5800291545189504,0.0,0.0,,,,,,,,,,
prompt_fidelity,,,,,,,,,,,,,,,NLPI[llama3.1:8b|P1],4,llama3.1:8b,P1,,,,,,,,,,,,,1.0,raw,DBC,IWM,0.0,0.019387755102040816,0.6,0.6,0.0,-0.5806122448979592,,,,,,,,,,,,,,,,,
prompt_fidelity,,,,,,,,,,,,,,,NLPI[llama3.1:8b|P1],4,llama3.1:8b,P1,,,,,,,,,,,,,1.0,projected,DBC,,,,0.6,0.6,,,IWM,0.0,0.01997084548104957,0.0,-0.5800291545189504,0.0,0.0,,,,,,,,,,
prompt_fidelity,,,,,,,,,,,,,,,NLPI[llama3.1:8b|P1],4,llama3.1:8b,P1,,,,,,,,,,,,,1.0,raw,DBC,QQQ,0.0,0.019019019019019017,0.6,0.6,0.0,-0.5809809809809809,,,,,,,,,,,,,,,,,
prompt_fidelity,,,,,,,,,,,,,,,NLPI[llama3.1:8b|P1],4,llama3.1:8b,P1,,,,,,,,,,,,,1.0,projected,DBC,,,,0.6,0.6,,,QQQ,0.0,0.01904761904761904,0.0,-0.5809523809523809,0.0,0.0,,,,,,,,,,
prompt_fidelity,,,,,,,,,,,,,,,NLPI[llama3.1:8b|P1],4,llama3.1:8b,P1,,,,,,,,,,,,,1.0,raw,DBC,DBC,1.0,0.6006006006006006,0.6,0.6,1.0,0.0006006006006006315,,,,,,,,,,,,,,,,,
prompt_fidelity,,,,,,,,,,,,,,,NLPI[llama3.1:8b|P1],4,llama3.1:8b,P1,,,,,,,,,,,,,1.0,projected,DBC,,,,0.6,0.6,,,DBC,1.0,0.6,1.0,0.0,0.0,0.0,,,,,,,,,,
prompt_fidelity,,,,,,,,,,,,,,,NLPI[llama3.1:8b|P1],4,llama3.1:8b,P1,,,,,,,,,,,,,1.0,raw,DBC,SPY,0.0,0.045454545454545456,0.6,0.6,0.0,-0.5545454545454546,,,,,,,,,,,,,,,,,
prompt_fidelity,,,,,,,,,,,,,,,NLPI[llama3.1:8b|P1],4,llama3.1:8b,P1,,,,,,,,,,,,,1.0,projected,DBC,,,,0.6,0.6,,,SPY,0.0,0.04545454545454547,0.0,-0.5545454545454545,0.0,0.0,,,,,,,,,,
prompt_fidelity,,,,,,,,,,,,,,,NLPI[llama3.1:8b|P1],4,llama3.1:8b,P1,,,,,,,,,,,,,1.0,raw,DBC,DBC,1.0,0.6006006006006006,0.6,0.6,1.0,0.0006006006006006315,,,,,,,,,,,,,,,,,
prompt_fidelity,,,,,,,,,,,,,,,NLPI[llama3.1:8b|P1],4,llama3.1:8b,P1,,,,,,,,,,,,,1.0,projected,DBC,,,,0.6,0.6,,,DBC,1.0,0.6,1.0,0.0,0.0,0.0,,,,,,,,,,
prompt_fidelity,,,,,,,,,,,,,,,NLPI[llama3.1:8b|P1],4,llama3.1:8b,P1,,,,,,,,,,,,,1.0,raw,DBC,DBC,1.0,0.6006006006006006,0.6,0.6,1.0,0.0006006006006006315,,,,,,,,,,,,,,,,,
prompt_fidelity,,,,,,,,,,,,,,,NLPI[llama3.1:8b|P1],4,llama3.1:8b,P1,,,,,,,,,,,,,1.0,projected,DBC,,,,0.6,0.6,,,DBC,1.0,0.6,1.0,0.0,0.0,0.0,,,,,,,,,,
prompt_fidelity,,,,,,,,,,,,,,,NLPI[llama3.1:8b|P1],4,llama3.1:8b,P1,,,,,,,,,,,,,1.0,raw,UUP,SLV,0.0,0.019019019019019017,0.6,0.6,0.0,-0.5809809809809809,,,,,,,,,,,,,,,,,
prompt_fidelity,,,,,,,,,,,,,,,NLPI[llama3.1:8b|P1],4,llama3.1:8b,P1,,,,,,,,,,,,,1.0,projected,UUP,,,,0.6,0.6,,,SLV,0.0,0.019047619047619046,0.0,-0.5809523809523809,0.0,0.0,,,,,,,,,,
prompt_fidelity,,,,,,,,,,,,,,,NLPI[llama3.1:8b|P2],4,llama3.1:8b,P2,,,,,,,,,,,,,2.0,raw,BIL,BIL,1.0,0.6122448979591837,0.6,0.6,1.0,0.01224489795918371,,,,,,,,,,,,,,,,,
prompt_fidelity,,,,,,,,,,,,,,,NLPI[llama3.1:8b|P2],4,llama3.1:8b,P2,,,,,,,,,,,,,2.0,projected,BIL,,,,0.6,0.6,,,BIL,1.0,0.6,1.0,0.0,0.0,0.0,,,,,,,,,,
prompt_fidelity,,,,,,,,,,,,,,,NLPI[llama3.1:8b|P2],4,llama3.1:8b,P2,,,,,,,,,,,,,2.0,raw,BIL,BIL,1.0,0.7083825265643447,0.6,0.6,1.0,0.10838252656434477,,,,,,,,,,,,,,,,,
prompt_fidelity,,,,,,,,,,,,,,,NLPI[llama3.1:8b|P2],4,llama3.1:8b,P2,,,,,,,,,,,,,2.0,projected,BIL,,,,0.6,0.6,,,BIL,1.0,0.6,1.0,0.0,0.0,0.0,,,,,,,,,,
prompt_fidelity,,,,,,,,,,,,,,,NLPI[llama3.1:8b|P2],4,llama3.1:8b,P2,,,,,,,,,,,,,2.0,raw,BIL,BIL,1.0,0.7083825265643447,0.6,0.6,1.0,0.10838252656434477,,,,,,,,,,,,,,,,,
prompt_fidelity,,,,,,,,,,,,,,,NLPI[llama3.1:8b|P2],4,llama3.1:8b,P2,,,,,,,,,,,,,2.0,projected,BIL,,,,0.6,0.6,,,BIL,1.0,0.6,1.0,0.0,0.0,0.0,,,,,,,,,,
prompt_fidelity,,,,,,,,,,,,,,,NLPI[llama3.1:8b|P2],4,llama3.1:8b,P2,,,,,,,,,,,,,2.0,raw,BIL,BIL,1.0,0.7083825265643447,0.6,0.6,1.0,0.10838252656434477,,,,,,,,,,,,,,,,,
prompt_fidelity,,,,,,,,,,,,,,,NLPI[llama3.1:8b|P2],4,llama3.1:8b,P2,,,,,,,,,,,,,2.0,projected,BIL,,,,0.6,0.6,,,BIL,1.0,0.6,1.0,0.0,0.0,0.0,,,,,,,,,,
prompt_fidelity,,,,,,,,,,,,,,,NLPI[llama3.1:8b|P2],4,llama3.1:8b,P2,,,,,,,,,,,,,2.0,raw,BIL,BIL,1.0,0.6122448979591837,0.6,0.6,1.0,0.01224489795918371,,,,,,,,,,,,,,,,,
prompt_fidelity,,,,,,,,,,,,,,,NLPI[llama3.1:8b|P2],4,llama3.1:8b,P2,,,,,,,,,,,,,2.0,projected,BIL,,,,0.6,0.6,,,BIL,1.0,0.6,1.0,0.0,0.0,0.0,,,,,,,,,,
prompt_fidelity,,,,,,,,,,,,,,,NLPI[llama3.1:8b|P2],4,llama3.1:8b,P2,,,,,,,,,,,,,2.0,raw,BIL,BIL,1.0,0.6122448979591837,0.6,0.6,1.0,0.01224489795918371,,,,,,,,,,,,,,,,,
prompt_fidelity,,,,,,,,,,,,,,,NLPI[llama3.1:8b|P2],4,llama3.1:8b,P2,,,,,,,,,,,,,2.0,projected,BIL,,,,0.6,0.6,,,BIL,1.0,0.6,1.0,0.0,0.0,0.0,,,,,,,,,,
prompt_fidelity,,,,,,,,,,,,,,,NLPI[llama3.1:8b|P2],4,llama3.1:8b,P2,,,,,,,,,,,,,2.0,raw,BIL,BIL,1.0,0.7083825265643447,0.6,0.6,1.0,0.10838252656434477,,,,,,,,,,,,,,,,,
prompt_fidelity,,,,,,,,,,,,,,,NLPI[llama3.1:8b|P2],4,llama3.1:8b,P2,,,,,,,,,,,,,2.0,projected,BIL,,,,0.6,0.6,,,BIL,1.0,0.6,1.0,0.0,0.0,0.0,,,,,,,,,,
prompt_fidelity,,,,,,,,,,,,,,,NLPI[llama3.1:8b|P2],4,llama3.1:8b,P2,,,,,,,,,,,,,2.0,raw,BIL,BIL,1.0,0.6122448979591837,0.6,0.6,1.0,0.01224489795918371,,,,,,,,,,,,,,,,,
prompt_fidelity,,,,,,,,,,,,,,,NLPI[llama3.1:8b|P2],4,llama3.1:8b,P2,,,,,,,,,,,,,2.0,projected,BIL,,,,0.6,0.6,,,BIL,1.0,0.6,1.0,0.0,0.0,0.0,,,,,,,,,,
prompt_fidelity,,,,,,,,,,,,,,,NLPI[llama3.1:8b|P2],4,llama3.1:8b,P2,,,,,,,,,,,,,2.0,raw,BIL,BIL,1.0,0.6500541711809318,0.6,0.6,1.0,0.050054171180931806,,,,,,,,,,,,,,,,,
prompt_fidelity,,,,,,,,,,,,,,,NLPI[llama3.1:8b|P2],4,llama3.1:8b,P2,,,,,,,,,,,,,2.0,projected,BIL,,,,0.6,0.6,,,BIL,1.0,0.6,1.0,0.0,0.0,0.0,,,,,,,,,,
prompt_fidelity,,,,,,,,,,,,,,,NLPI[llama3.1:8b|P2],4,llama3.1:8b,P2,,,,,,,,,,,,,2.0,raw,BIL,BIL,1.0,0.6006006006006006,0.6,0.6,1.0,0.0006006006006006315,,,,,,,,,,,,,,,,,
prompt_fidelity,,,,,,,,,,,,,,,NLPI[llama3.1:8b|P2],4,llama3.1:8b,P2,,,,,,,,,,,,,2.0,projected,BIL,,,,0.6,0.6,,,BIL,1.0,0.6,1.0,0.0,0.0,0.0,,,,,,,,,,
prompt_fidelity,,,,,,,,,,,,,,,NLPI[llama3.1:8b|P2],4,llama3.1:8b,P2,,,,,,,,,,,,,2.0,raw,BIL,BIL,1.0,0.6500541711809318,0.6,0.6,1.0,0.050054171180931806,,,,,,,,,,,,,,,,,
prompt_fidelity,,,,,,,,,,,,,,,NLPI[llama3.1:8b|P2],4,llama3.1:8b,P2,,,,,,,,,,,,,2.0,projected,BIL,,,,0.6,0.6,,,BIL,1.0,0.6,1.0,0.0,0.0,0.0,,,,,,,,,,
prompt_fidelity,,,,,,,,,,,,,,,NLPI[llama3.1:8b|P2],4,llama3.1:8b,P2,,,,,,,,,,,,,2.0,raw,BIL,BIL,1.0,0.6500541711809318,0.6,0.6,1.0,0.050054171180931806,,,,,,,,,,,,,,,,,
prompt_fidelity,,,,,,,,,,,,,,,NLPI[llama3.1:8b|P2],4,llama3.1:8b,P2,,,,,,,,,,,,,2.0,projected,BIL,,,,0.6,0.6,,,BIL,1.0,0.6,1.0,0.0,0.0,0.0,,,,,,,,,,
prompt_fidelity,,,,,,,,,,,,,,,NLPI[llama3.1:8b|P2],4,llama3.1:8b,P2,,,,,,,,,,,,,2.0,raw,BIL,BIL,1.0,0.6122448979591837,0.6,0.6,1.0,0.01224489795918371,,,,,,,,,,,,,,,,,
prompt_fidelity,,,,,,,,,,,,,,,NLPI[llama3.1:8b|P2],4,llama3.1:8b,P2,,,,,,,,,,,,,2.0,projected,BIL,,,,0.6,0.6,,,BIL,1.0,0.6,1.0,0.0,0.0,0.0,,,,,,,,,,
prompt_fidelity,,,,,,,,,,,,,,,NLPI[llama3.1:8b|P2],4,llama3.1:8b,P2,,,,,,,,,,,,,2.0,raw,BIL,BIL,1.0,0.6369426751592356,0.6,0.6,1.0,0.03694267515923566,,,,,,,,,,,,,,,,,
prompt_fidelity,,,,,,,,,,,,,,,NLPI[llama3.1:8b|P2],4,llama3.1:8b,P2,,,,,,,,,,,,,2.0,projected,BIL,,,,0.6,0.6,,,BIL,1.0,0.6,1.0,0.0,0.0,0.0,,,,,,,,,,
prompt_fidelity,,,,,,,,,,,,,,,NLPI[llama3.1:8b|P2],4,llama3.1:8b,P2,,,,,,,,,,,,,2.0,raw,BIL,BIL,1.0,0.6500541711809318,0.6,0.6,1.0,0.050054171180931806,,,,,,,,,,,,,,,,,
prompt_fidelity,,,,,,,,,,,,,,,NLPI[llama3.1:8b|P2],4,llama3.1:8b,P2,,,,,,,,,,,,,2.0,projected,BIL,,,,0.6,0.6,,,BIL,1.0,0.6,1.0,0.0,0.0,0.0,,,,,,,,,,
prompt_fidelity,,,,,,,,,,,,,,,NLPI[llama3.1:8b|P2],4,llama3.1:8b,P2,,,,,,,,,,,,,2.0,raw,BIL,BIL,1.0,0.6122448979591837,0.6,0.6,1.0,0.01224489795918371,,,,,,,,,,,,,,,,,
prompt_fidelity,,,,,,,,,,,,,,,NLPI[llama3.1:8b|P2],4,llama3.1:8b,P2,,,,,,,,,,,,,2.0,projected,BIL,,,,0.6,0.6,,,BIL,1.0,0.6,1.0,0.0,0.0,0.0,,,,,,,,,,
prompt_fidelity,,,,,,,,,,,,,,,NLPI[llama3.1:8b|P2],4,llama3.1:8b,P2,,,,,,,,,,,,,2.0,raw,BIL,BIL,1.0,0.9404388714733543,0.6,0.6,1.0,0.3404388714733543,,,,,,,,,,,,,,,,,
prompt_fidelity,,,,,,,,,,,,,,,NLPI[llama3.1:8b|P2],4,llama3.1:8b,P2,,,,,,,,,,,,,2.0,projected,BIL,,,,0.6,0.6,,,BIL,1.0,0.6,1.0,0.0,0.0,0.0,,,,,,,,,,
prompt_fidelity,,,,,,,,,,,,,,,NLPI[llama3.1:8b|P2],4,llama3.1:8b,P2,,,,,,,,,,,,,2.0,raw,BIL,BIL,1.0,0.6122448979591837,0.6,0.6,1.0,0.01224489795918371,,,,,,,,,,,,,,,,,
prompt_fidelity,,,,,,,,,,,,,,,NLPI[llama3.1:8b|P2],4,llama3.1:8b,P2,,,,,,,,,,,,,2.0,projected,BIL,,,,0.6,0.6,,,BIL,1.0,0.6,1.0,0.0,0.0,0.0,,,,,,,,,,
prompt_fidelity,,,,,,,,,,,,,,,NLPI[llama3.1:8b|P3],4,llama3.1:8b,P3,,,,,,,,,,,,,3.0,raw,TLT,DBC,0.0,0.019387755102040816,0.6,0.6,0.0,-0.5806122448979592,,,,,,,,,,,,,,,,,
prompt_fidelity,,,,,,,,,,,,,,,NLPI[llama3.1:8b|P3],4,llama3.1:8b,P3,,,,,,,,,,,,,3.0,projected,TLT,,,,0.6,0.6,,,DBC,0.0,0.019970845481049573,0.0,-0.5800291545189504,0.0,0.0,,,,,,,,,,
prompt_fidelity,,,,,,,,,,,,,,,NLPI[llama3.1:8b|P3],4,llama3.1:8b,P3,,,,,,,,,,,,,3.0,raw,DBC,DBC,1.0,0.6122448979591837,0.6,0.6,1.0,0.01224489795918371,,,,,,,,,,,,,,,,,
prompt_fidelity,,,,,,,,,,,,,,,NLPI[llama3.1:8b|P3],4,llama3.1:8b,P3,,,,,,,,,,,,,3.0,projected,DBC,,,,0.6,0.6,,,DBC,1.0,0.6,1.0,0.0,0.0,0.0,,,,,,,,,,
prompt_fidelity,,,,,,,,,,,,,,,NLPI[llama3.1:8b|P3],4,llama3.1:8b,P3,,,,,,,,,,,,,3.0,raw,DBC,DBC,1.0,0.6122448979591837,0.6,0.6,1.0,0.01224489795918371,,,,,,,,,,,,,,,,,
prompt_fidelity,,,,,,,,,,,,,,,NLPI[llama3.1:8b|P3],4,llama3.1:8b,P3,,,,,,,,,,,,,3.0,projected,DBC,,,,0.6,0.6,,,DBC,1.0,0.6,1.0,0.0,0.0,0.0,,,,,,,,,,
prompt_fidelity,,,,,,,,,,,,,,,NLPI[llama3.1:8b|P3],4,llama3.1:8b,P3,,,,,,,,,,,,,3.0,raw,UUP,DBC,0.0,0.019387755102040816,0.6,0.6,0.0,-0.5806122448979592,,,,,,,,,,,,,,,,,
prompt_fidelity,,,,,,,,,,,,,,,NLPI[llama3.1:8b|P3],4,llama3.1:8b,P3,,,,,,,,,,,,,3.0,projected,UUP,,,,0.6,0.6,,,DBC,0.0,0.019970845481049573,0.0,-0.5800291545189504,0.0,0.0,,,,,,,,,,
prompt_fidelity,,,,,,,,,,,,,,,NLPI[llama3.1:8b|P3],4,llama3.1:8b,P3,,,,,,,,,,,,,3.0,raw,UUP,DBC,0.0,0.019019019019019017,0.6,0.6,0.0,-0.5809809809809809,,,,,,,,,,,,,,,,,
prompt_fidelity,,,,,,,,,,,,,,,NLPI[llama3.1:8b|P3],4,llama3.1:8b,P3,,,,,,,,,,,,,3.0,projected,UUP,,,,0.6,0.6,,,DBC,0.0,0.019047619047619053,0.0,-0.5809523809523809,0.0,0.0,,,,,,,,,,
prompt_fidelity,,,,,,,,,,,,,,,NLPI[llama3.1:8b|P3],4,llama3.1:8b,P3,,,,,,,,,,,,,3.0,raw,TLT,DBC,0.0,0.019387755102040816,0.6,0.6,0.0,-0.5806122448979592,,,,,,,,,,,,,,,,,
prompt_fidelity,,,,,,,,,,,,,,,NLPI[llama3.1:8b|P3],4,llama3.1:8b,P3,,,,,,,,,,,,,3.0,projected,TLT,,,,0.6,0.6,,,DBC,0.0,0.019970845481049573,0.0,-0.5800291545189504,0.0,0.0,,,,,,,,,,
prompt_fidelity,,,,,,,,,,,,,,,NLPI[llama3.1:8b|P3],4,llama3.1:8b,P3,,,,,,,,,,,,,3.0,raw,TLT,DBC,0.0,0.019387755102040816,0.6,0.6,0.0,-0.5806122448979592,,,,,,,,,,,,,,,,,
prompt_fidelity,,,,,,,,,,,,,,,NLPI[llama3.1:8b|P3],4,llama3.1:8b,P3,,,,,,,,,,,,,3.0,projected,TLT,,,,0.6,0.6,,,DBC,0.0,0.019970845481049573,0.0,-0.5800291545189504,0.0,0.0,,,,,,,,,,
prompt_fidelity,,,,,,,,,,,,,,,NLPI[llama3.1:8b|P3],4,llama3.1:8b,P3,,,,,,,,,,,,,3.0,raw,TLT,SLV,0.0,0.02,0.6,0.6,0.0,-0.58,,,,,,,,,,,,,,,,,
prompt_fidelity,,,,,,,,,,,,,,,NLPI[llama3.1:8b|P3],4,llama3.1:8b,P3,,,,,,,,,,,,,3.0,projected,TLT,,,,0.6,0.6,,,SLV,0.0,0.020000000000000004,0.0,-0.58,0.0,0.0,,,,,,,,,,
prompt_fidelity,,,,,,,,,,,,,,,NLPI[llama3.1:8b|P3],4,llama3.1:8b,P3,,,,,,,,,,,,,3.0,raw,TLT,DBC,0.0,0.019387755102040816,0.6,0.6,0.0,-0.5806122448979592,,,,,,,,,,,,,,,,,
prompt_fidelity,,,,,,,,,,,,,,,NLPI[llama3.1:8b|P3],4,llama3.1:8b,P3,,,,,,,,,,,,,3.0,projected,TLT,,,,0.6,0.6,,,DBC,0.0,0.019970845481049573,0.0,-0.5800291545189504,0.0,0.0,,,,,,,,,,
prompt_fidelity,,,,,,,,,,,,,,,NLPI[llama3.1:8b|P3],4,llama3.1:8b,P3,,,,,,,,,,,,,3.0,raw,UUP,DBC,0.0,0.019019019019019017,0.6,0.6,0.0,-0.5809809809809809,,,,,,,,,,,,,,,,,
prompt_fidelity,,,,,,,,,,,,,,,NLPI[llama3.1:8b|P3],4,llama3.1:8b,P3,,,,,,,,,,,,,3.0,projected,UUP,,,,0.6,0.6,,,DBC,0.0,0.019047619047619053,0.0,-0.5809523809523809,0.0,0.0,,,,,,,,,,
prompt_fidelity,,,,,,,,,,,,,,,NLPI[llama3.1:8b|P3],4,llama3.1:8b,P3,,,,,,,,,,,,,3.0,raw,SLV,DBC,0.0,0.019387755102040816,0.6,0.6,0.0,-0.5806122448979592,,,,,,,,,,,,,,,,,
prompt_fidelity,,,,,,,,,,,,,,,NLPI[llama3.1:8b|P3],4,llama3.1:8b,P3,,,,,,,,,,,,,3.0,projected,SLV,,,,0.6,0.6,,,DBC,0.0,0.019970845481049573,0.0,-0.5800291545189504,0.0,0.0,,,,,,,,,,
prompt_fidelity,,,,,,,,,,,,,,,NLPI[llama3.1:8b|P3],4,llama3.1:8b,P3,,,,,,,,,,,,,3.0,raw,TLT,DBC,0.0,0.019019019019019017,0.6,0.6,0.0,-0.5809809809809809,,,,,,,,,,,,,,,,,
prompt_fidelity,,,,,,,,,,,,,,,NLPI[llama3.1:8b|P3],4,llama3.1:8b,P3,,,,,,,,,,,,,3.0,projected,TLT,,,,0.6,0.6,,,DBC,0.0,0.019047619047619053,0.0,-0.5809523809523809,0.0,0.0,,,,,,,,,,
prompt_fidelity,,,,,,,,,,,,,,,NLPI[llama3.1:8b|P3],4,llama3.1:8b,P3,,,,,,,,,,,,,3.0,raw,EEM,DBC,0.0,0.019019019019019017,0.6,0.6,0.0,-0.5809809809809809,,,,,,,,,,,,,,,,,
prompt_fidelity,,,,,,,,,,,,,,,NLPI[llama3.1:8b|P3],4,llama3.1:8b,P3,,,,,,,,,,,,,3.0,projected,EEM,,,,0.6,0.6,,,DBC,0.0,0.019047619047619053,0.0,-0.5809523809523809,0.0,0.0,,,,,,,,,,
prompt_fidelity,,,,,,,,,,,,,,,NLPI[llama3.1:8b|P3],4,llama3.1:8b,P3,,,,,,,,,,,,,3.0,raw,QQQ,DBC,0.0,0.019019019019019017,0.6,0.6,0.0,-0.5809809809809809,,,,,,,,,,,,,,,,,
prompt_fidelity,,,,,,,,,,,,,,,NLPI[llama3.1:8b|P3],4,llama3.1:8b,P3,,,,,,,,,,,,,3.0,projected,QQQ,,,,0.6,0.6,,,DBC,0.0,0.019047619047619053,0.0,-0.5809523809523809,0.0,0.0,,,,,,,,,,
prompt_fidelity,,,,,,,,,,,,,,,NLPI[llama3.1:8b|P3],4,llama3.1:8b,P3,,,,,,,,,,,,,3.0,raw,EEM,DBC,0.0,0.019019019019019017,0.6,0.6,0.0,-0.5809809809809809,,,,,,,,,,,,,,,,,
prompt_fidelity,,,,,,,,,,,,,,,NLPI[llama3.1:8b|P3],4,llama3.1:8b,P3,,,,,,,,,,,,,3.0,projected,EEM,,,,0.6,0.6,,,DBC,0.0,0.019047619047619053,0.0,-0.5809523809523809,0.0,0.0,,,,,,,,,,
prompt_fidelity,,,,,,,,,,,,,,,NLPI[llama3.1:8b|P3],4,llama3.1:8b,P3,,,,,,,,,,,,,3.0,raw,QQQ,SLV,0.0,0.0196078431372549,0.6,0.6,0.0,-0.580392156862745,,,,,,,,,,,,,,,,,
prompt_fidelity,,,,,,,,,,,,,,,NLPI[llama3.1:8b|P3],4,llama3.1:8b,P3,,,,,,,,,,,,,3.0,projected,QQQ,,,,0.6,0.6,,,SLV,0.0,0.01960784313725489,0.0,-0.580392156862745,0.0,0.0,,,,,,,,,,
prompt_fidelity,,,,,,,,,,,,,,,NLPI[llama3.1:8b|P3],4,llama3.1:8b,P3,,,,,,,,,,,,,3.0,raw,SLV,DBC,0.0,0.019019019019019017,0.6,0.6,0.0,-0.5809809809809809,,,,,,,,,,,,,,,,,
prompt_fidelity,,,,,,,,,,,,,,,NLPI[llama3.1:8b|P3],4,llama3.1:8b,P3,,,,,,,,,,,,,3.0,projected,SLV,,,,0.6,0.6,,,DBC,0.0,0.019047619047619053,0.0,-0.5809523809523809,0.0,0.0,,,,,,,,,,
prompt_fidelity,,,,,,,,,,,,,,,NLPI[llama3.1:8b|P3],4,llama3.1:8b,P3,,,,,,,,,,,,,3.0,raw,TLT,DBC,0.0,0.019019019019019017,0.6,0.6,0.0,-0.5809809809809809,,,,,,,,,,,,,,,,,
prompt_fidelity,,,,,,,,,,,,,,,NLPI[llama3.1:8b|P3],4,llama3.1:8b,P3,,,,,,,,,,,,,3.0,projected,TLT,,,,0.6,0.6,,,DBC,0.0,0.019047619047619053,0.0,-0.5809523809523809,0.0,0.0,,,,,,,,,,
prompt_fidelity,,,,,,,,,,,,,,,NLPI[llama3.1:8b|P4],4,llama3.1:8b,P4,,,,,,,,,,,,,4.0,raw,,,,,,,,,,,,,,,,,,0.0,1.0,,,,,,
prompt_fidelity,,,,,,,,,,,,,,,NLPI[llama3.1:8b|P4],4,llama3.1:8b,P4,,,,,,,,,,,,,4.0,projected,,,,,,,,,,,,,,,,,,,,3.0531133177191805e-16,1.0,,,,
prompt_fidelity,,,,,,,,,,,,,,,NLPI[llama3.1:8b|P4],4,llama3.1:8b,P4,,,,,,,,,,,,,4.0,raw,,,,,,,,,,,,,,,,,,0.0,1.0,,,,,,
prompt_fidelity,,,,,,,,,,,,,,,NLPI[llama3.1:8b|P4],4,llama3.1:8b,P4,,,,,,,,,,,,,4.0,projected,,,,,,,,,,,,,,,,,,,,3.0531133177191805e-16,1.0,,,,
prompt_fidelity,,,,,,,,,,,,,,,NLPI[llama3.1:8b|P4],4,llama3.1:8b,P4,,,,,,,,,,,,,4.0,raw,,,,,,,,,,,,,,,,,,0.0,1.0,,,,,,
prompt_fidelity,,,,,,,,,,,,,,,NLPI[llama3.1:8b|P4],4,llama3.1:8b,P4,,,,,,,,,,,,,4.0,projected,,,,,,,,,,,,,,,,,,,,3.0531133177191805e-16,1.0,,,,
prompt_fidelity,,,,,,,,,,,,,,,NLPI[llama3.1:8b|P4],4,llama3.1:8b,P4,,,,,,,,,,,,,4.0,raw,,,,,,,,,,,,,,,,,,0.0,1.0,,,,,,
prompt_fidelity,,,,,,,,,,,,,,,NLPI[llama3.1:8b|P4],4,llama3.1:8b,P4,,,,,,,,,,,,,4.0,projected,,,,,,,,,,,,,,,,,,,,3.0531133177191805e-16,1.0,,,,
prompt_fidelity,,,,,,,,,,,,,,,NLPI[llama3.1:8b|P4],4,llama3.1:8b,P4,,,,,,,,,,,,,4.0,raw,,,,,,,,,,,,,,,,,,0.0,1.0,,,,,,
prompt_fidelity,,,,,,,,,,,,,,,NLPI[llama3.1:8b|P4],4,llama3.1:8b,P4,,,,,,,,,,,,,4.0,projected,,,,,,,,,,,,,,,,,,,,3.0531133177191805e-16,1.0,,,,
prompt_fidelity,,,,,,,,,,,,,,,NLPI[llama3.1:8b|P4],4,llama3.1:8b,P4,,,,,,,,,,,,,4.0,raw,,,,,,,,,,,,,,,,,,0.0,1.0,,,,,,
prompt_fidelity,,,,,,,,,,,,,,,NLPI[llama3.1:8b|P4],4,llama3.1:8b,P4,,,,,,,,,,,,,4.0,projected,,,,,,,,,,,,,,,,,,,,3.0531133177191805e-16,1.0,,,,
prompt_fidelity,,,,,,,,,,,,,,,NLPI[llama3.1:8b|P4],4,llama3.1:8b,P4,,,,,,,,,,,,,4.0,raw,,,,,,,,,,,,,,,,,,0.0,1.0,,,,,,
prompt_fidelity,,,,,,,,,,,,,,,NLPI[llama3.1:8b|P4],4,llama3.1:8b,P4,,,,,,,,,,,,,4.0,projected,,,,,,,,,,,,,,,,,,,,3.0531133177191805e-16,1.0,,,,
prompt_fidelity,,,,,,,,,,,,,,,NLPI[llama3.1:8b|P4],4,llama3.1:8b,P4,,,,,,,,,,,,,4.0,raw,,,,,,,,,,,,,,,,,,0.0,1.0,,,,,,
prompt_fidelity,,,,,,,,,,,,,,,NLPI[llama3.1:8b|P4],4,llama3.1:8b,P4,,,,,,,,,,,,,4.0,projected,,,,,,,,,,,,,,,,,,,,3.0531133177191805e-16,1.0,,,,
prompt_fidelity,,,,,,,,,,,,,,,NLPI[llama3.1:8b|P4],4,llama3.1:8b,P4,,,,,,,,,,,,,4.0,raw,,,,,,,,,,,,,,,,,,0.0,1.0,,,,,,
prompt_fidelity,,,,,,,,,,,,,,,NLPI[llama3.1:8b|P4],4,llama3.1:8b,P4,,,,,,,,,,,,,4.0,projected,,,,,,,,,,,,,,,,,,,,3.0531133177191805e-16,1.0,,,,
prompt_fidelity,,,,,,,,,,,,,,,NLPI[llama3.1:8b|P4],4,llama3.1:8b,P4,,,,,,,,,,,,,4.0,raw,,,,,,,,,,,,,,,,,,0.0,1.0,,,,,,
prompt_fidelity,,,,,,,,,,,,,,,NLPI[llama3.1:8b|P4],4,llama3.1:8b,P4,,,,,,,,,,,,,4.0,projected,,,,,,,,,,,,,,,,,,,,3.0531133177191805e-16,1.0,,,,
prompt_fidelity,,,,,,,,,,,,,,,NLPI[llama3.1:8b|P4],4,llama3.1:8b,P4,,,,,,,,,,,,,4.0,raw,,,,,,,,,,,,,,,,,,0.0,1.0,,,,,,
prompt_fidelity,,,,,,,,,,,,,,,NLPI[llama3.1:8b|P4],4,llama3.1:8b,P4,,,,,,,,,,,,,4.0,projected,,,,,,,,,,,,,,,,,,,,3.0531133177191805e-16,1.0,,,,
prompt_fidelity,,,,,,,,,,,,,,,NLPI[llama3.1:8b|P4],4,llama3.1:8b,P4,,,,,,,,,,,,,4.0,raw,,,,,,,,,,,,,,,,,,0.0,1.0,,,,,,
prompt_fidelity,,,,,,,,,,,,,,,NLPI[llama3.1:8b|P4],4,llama3.1:8b,P4,,,,,,,,,,,,,4.0,projected,,,,,,,,,,,,,,,,,,,,3.0531133177191805e-16,1.0,,,,
prompt_fidelity,,,,,,,,,,,,,,,NLPI[llama3.1:8b|P4],4,llama3.1:8b,P4,,,,,,,,,,,,,4.0,raw,,,,,,,,,,,,,,,,,,0.0,1.0,,,,,,
prompt_fidelity,,,,,,,,,,,,,,,NLPI[llama3.1:8b|P4],4,llama3.1:8b,P4,,,,,,,,,,,,,4.0,projected,,,,,,,,,,,,,,,,,,,,3.0531133177191805e-16,1.0,,,,
prompt_fidelity,,,,,,,,,,,,,,,NLPI[llama3.1:8b|P4],4,llama3.1:8b,P4,,,,,,,,,,,,,4.0,raw,,,,,,,,,,,,,,,,,,0.0,1.0,,,,,,
prompt_fidelity,,,,,,,,,,,,,,,NLPI[llama3.1:8b|P4],4,llama3.1:8b,P4,,,,,,,,,,,,,4.0,projected,,,,,,,,,,,,,,,,,,,,3.0531133177191805e-16,1.0,,,,
prompt_fidelity,,,,,,,,,,,,,,,NLPI[llama3.1:8b|P4],4,llama3.1:8b,P4,,,,,,,,,,,,,4.0,raw,,,,,,,,,,,,,,,,,,0.0,1.0,,,,,,
prompt_fidelity,,,,,,,,,,,,,,,NLPI[llama3.1:8b|P4],4,llama3.1:8b,P4,,,,,,,,,,,,,4.0,projected,,,,,,,,,,,,,,,,,,,,3.0531133177191805e-16,1.0,,,,
prompt_fidelity,,,,,,,,,,,,,,,NLPI[llama3.1:8b|P4],4,llama3.1:8b,P4,,,,,,,,,,,,,4.0,raw,,,,,,,,,,,,,,,,,,0.0,1.0,,,,,,
prompt_fidelity,,,,,,,,,,,,,,,NLPI[llama3.1:8b|P4],4,llama3.1:8b,P4,,,,,,,,,,,,,4.0,projected,,,,,,,,,,,,,,,,,,,,3.0531133177191805e-16,1.0,,,,
prompt_fidelity,,,,,,,,,,,,,,,NLPI[llama3.1:8b|P4],4,llama3.1:8b,P4,,,,,,,,,,,,,4.0,raw,,,,,,,,,,,,,,,,,,0.0,1.0,,,,,,
prompt_fidelity,,,,,,,,,,,,,,,NLPI[llama3.1:8b|P4],4,llama3.1:8b,P4,,,,,,,,,,,,,4.0,projected,,,,,,,,,,,,,,,,,,,,3.0531133177191805e-16,1.0,,,,
prompt_fidelity,,,,,,,,,,,,,,,NLPI[llama3.1:8b|P4],4,llama3.1:8b,P4,,,,,,,,,,,,,4.0,raw,,,,,,,,,,,,,,,,,,0.0,1.0,,,,,,
prompt_fidelity,,,,,,,,,,,,,,,NLPI[llama3.1:8b|P4],4,llama3.1:8b,P4,,,,,,,,,,,,,4.0,projected,,,,,,,,,,,,,,,,,,,,3.0531133177191805e-16,1.0,,,,
prompt_fidelity,,,,,,,,,,,,,,,NLPI[llama3.1:8b|P5],4,llama3.1:8b,P5,,,,,,,,,,,,,5.0,raw,,,,,,,,,,,,,,,,,,,,,,0.045454545454545456,1.0,,
prompt_fidelity,,,,,,,,,,,,,,,NLPI[llama3.1:8b|P5],4,llama3.1:8b,P5,,,,,,,,,,,,,5.0,projected,,,,,,,,,,,,,,,,,,,,,,,,0.04545454545454548,1.0
prompt_fidelity,,,,,,,,,,,,,,,NLPI[llama3.1:8b|P5],4,llama3.1:8b,P5,,,,,,,,,,,,,5.0,raw,,,,,,,,,,,,,,,,,,,,,,0.045454545454545456,1.0,,
prompt_fidelity,,,,,,,,,,,,,,,NLPI[llama3.1:8b|P5],4,llama3.1:8b,P5,,,,,,,,,,,,,5.0,projected,,,,,,,,,,,,,,,,,,,,,,,,0.04545454545454548,1.0
prompt_fidelity,,,,,,,,,,,,,,,NLPI[llama3.1:8b|P5],4,llama3.1:8b,P5,,,,,,,,,,,,,5.0,raw,,,,,,,,,,,,,,,,,,,,,,0.045454545454545456,1.0,,
prompt_fidelity,,,,,,,,,,,,,,,NLPI[llama3.1:8b|P5],4,llama3.1:8b,P5,,,,,,,,,,,,,5.0,projected,,,,,,,,,,,,,,,,,,,,,,,,0.04545454545454548,1.0
prompt_fidelity,,,,,,,,,,,,,,,NLPI[llama3.1:8b|P5],4,llama3.1:8b,P5,,,,,,,,,,,,,5.0,raw,,,,,,,,,,,,,,,,,,,,,,0.045454545454545456,1.0,,
prompt_fidelity,,,,,,,,,,,,,,,NLPI[llama3.1:8b|P5],4,llama3.1:8b,P5,,,,,,,,,,,,,5.0,projected,,,,,,,,,,,,,,,,,,,,,,,,0.04545454545454548,1.0
prompt_fidelity,,,,,,,,,,,,,,,NLPI[llama3.1:8b|P5],4,llama3.1:8b,P5,,,,,,,,,,,,,5.0,raw,,,,,,,,,,,,,,,,,,,,,,0.045454545454545456,1.0,,
prompt_fidelity,,,,,,,,,,,,,,,NLPI[llama3.1:8b|P5],4,llama3.1:8b,P5,,,,,,,,,,,,,5.0,projected,,,,,,,,,,,,,,,,,,,,,,,,0.04545454545454548,1.0
prompt_fidelity,,,,,,,,,,,,,,,NLPI[llama3.1:8b|P5],4,llama3.1:8b,P5,,,,,,,,,,,,,5.0,raw,,,,,,,,,,,,,,,,,,,,,,0.045454545454545456,1.0,,
prompt_fidelity,,,,,,,,,,,,,,,NLPI[llama3.1:8b|P5],4,llama3.1:8b,P5,,,,,,,,,,,,,5.0,projected,,,,,,,,,,,,,,,,,,,,,,,,0.04545454545454548,1.0
prompt_fidelity,,,,,,,,,,,,,,,NLPI[llama3.1:8b|P5],4,llama3.1:8b,P5,,,,,,,,,,,,,5.0,raw,,,,,,,,,,,,,,,,,,,,,,0.045454545454545456,1.0,,
prompt_fidelity,,,,,,,,,,,,,,,NLPI[llama3.1:8b|P5],4,llama3.1:8b,P5,,,,,,,,,,,,,5.0,projected,,,,,,,,,,,,,,,,,,,,,,,,0.04545454545454548,1.0
prompt_fidelity,,,,,,,,,,,,,,,NLPI[llama3.1:8b|P5],4,llama3.1:8b,P5,,,,,,,,,,,,,5.0,raw,,,,,,,,,,,,,,,,,,,,,,0.045454545454545456,1.0,,
prompt_fidelity,,,,,,,,,,,,,,,NLPI[llama3.1:8b|P5],4,llama3.1:8b,P5,,,,,,,,,,,,,5.0,projected,,,,,,,,,,,,,,,,,,,,,,,,0.04545454545454548,1.0
prompt_fidelity,,,,,,,,,,,,,,,NLPI[llama3.1:8b|P5],4,llama3.1:8b,P5,,,,,,,,,,,,,5.0,raw,,,,,,,,,,,,,,,,,,,,,,0.045454545454545456,1.0,,
prompt_fidelity,,,,,,,,,,,,,,,NLPI[llama3.1:8b|P5],4,llama3.1:8b,P5,,,,,,,,,,,,,5.0,projected,,,,,,,,,,,,,,,,,,,,,,,,0.04545454545454548,1.0
prompt_fidelity,,,,,,,,,,,,,,,NLPI[llama3.1:8b|P5],4,llama3.1:8b,P5,,,,,,,,,,,,,5.0,raw,,,,,,,,,,,,,,,,,,,,,,0.045454545454545456,1.0,,
prompt_fidelity,,,,,,,,,,,,,,,NLPI[llama3.1:8b|P5],4,llama3.1:8b,P5,,,,,,,,,,,,,5.0,projected,,,,,,,,,,,,,,,,,,,,,,,,0.04545454545454548,1.0
prompt_fidelity,,,,,,,,,,,,,,,NLPI[llama3.1:8b|P5],4,llama3.1:8b,P5,,,,,,,,,,,,,5.0,raw,,,,,,,,,,,,,,,,,,,,,,0.045454545454545456,1.0,,
prompt_fidelity,,,,,,,,,,,,,,,NLPI[llama3.1:8b|P5],4,llama3.1:8b,P5,,,,,,,,,,,,,5.0,projected,,,,,,,,,,,,,,,,,,,,,,,,0.04545454545454548,1.0
prompt_fidelity,,,,,,,,,,,,,,,NLPI[llama3.1:8b|P5],4,llama3.1:8b,P5,,,,,,,,,,,,,5.0,raw,,,,,,,,,,,,,,,,,,,,,,0.045454545454545456,1.0,,
prompt_fidelity,,,,,,,,,,,,,,,NLPI[llama3.1:8b|P5],4,llama3.1:8b,P5,,,,,,,,,,,,,5.0,projected,,,,,,,,,,,,,,,,,,,,,,,,0.04545454545454548,1.0
prompt_fidelity,,,,,,,,,,,,,,,NLPI[llama3.1:8b|P5],4,llama3.1:8b,P5,,,,,,,,,,,,,5.0,raw,,,,,,,,,,,,,,,,,,,,,,0.045454545454545456,1.0,,
prompt_fidelity,,,,,,,,,,,,,,,NLPI[llama3.1:8b|P5],4,llama3.1:8b,P5,,,,,,,,,,,,,5.0,projected,,,,,,,,,,,,,,,,,,,,,,,,0.04545454545454548,1.0
prompt_fidelity,,,,,,,,,,,,,,,NLPI[llama3.1:8b|P5],4,llama3.1:8b,P5,,,,,,,,,,,,,5.0,raw,,,,,,,,,,,,,,,,,,,,,,0.045454545454545456,1.0,,
prompt_fidelity,,,,,,,,,,,,,,,NLPI[llama3.1:8b|P5],4,llama3.1:8b,P5,,,,,,,,,,,,,5.0,projected,,,,,,,,,,,,,,,,,,,,,,,,0.04545454545454548,1.0
prompt_fidelity,,,,,,,,,,,,,,,NLPI[llama3.1:8b|P5],4,llama3.1:8b,P5,,,,,,,,,,,,,5.0,raw,,,,,,,,,,,,,,,,,,,,,,0.045454545454545456,1.0,,
prompt_fidelity,,,,,,,,,,,,,,,NLPI[llama3.1:8b|P5],4,llama3.1:8b,P5,,,,,,,,,,,,,5.0,projected,,,,,,,,,,,,,,,,,,,,,,,,0.04545454545454548,1.0
prompt_fidelity,,,,,,,,,,,,,,,NLPI[llama3.1:8b|P5],4,llama3.1:8b,P5,,,,,,,,,,,,,5.0,raw,,,,,,,,,,,,,,,,,,,,,,0.045454545454545456,1.0,,
prompt_fidelity,,,,,,,,,,,,,,,NLPI[llama3.1:8b|P5],4,llama3.1:8b,P5,,,,,,,,,,,,,5.0,projected,,,,,,,,,,,,,,,,,,,,,,,,0.04545454545454548,1.0
prompt_fidelity,,,,,,,,,,,,,,,NLPI[llama3.1:8b|P5],4,llama3.1:8b,P5,,,,,,,,,,,,,5.0,raw,,,,,,,,,,,,,,,,,,,,,,0.045454545454545456,1.0,,
prompt_fidelity,,,,,,,,,,,,,,,NLPI[llama3.1:8b|P5],4,llama3.1:8b,P5,,,,,,,,,,,,,5.0,projected,,,,,,,,,,,,,,,,,,,,,,,,0.04545454545454548,1.0
prompt_fidelity,,,,,,,,,,,,,,,NLPI[llama3.1:8b|P5],4,llama3.1:8b,P5,,,,,,,,,,,,,5.0,raw,,,,,,,,,,,,,,,,,,,,,,0.045454545454545456,1.0,,
prompt_fidelity,,,,,,,,,,,,,,,NLPI[llama3.1:8b|P5],4,llama3.1:8b,P5,,,,,,,,,,,,,5.0,projected,,,,,,,,,,,,,,,,,,,,,,,,0.04545454545454548,1.0
prompt_fidelity,,,,,,,,,,,,,,,NLPI[gemma3:270m|P1],4,gemma3:270m,P1,,,,,,,,,,,,,1.0,raw,QQQ,SLV,0.0,0.019019019019019017,0.6,0.6,0.0,-0.5809809809809809,,,,,,,,,,,,,,,,,
prompt_fidelity,,,,,,,,,,,,,,,NLPI[gemma3:270m|P1],4,gemma3:270m,P1,,,,,,,,,,,,,1.0,projected,QQQ,,,,0.6,0.6,,,SLV,0.0,0.019047619047619046,0.0,-0.5809523809523809,0.0,0.0,,,,,,,,,,
prompt_fidelity,,,,,,,,,,,,,,,NLPI[gemma3:270m|P1],4,gemma3:270m,P1,,,,,,,,,,,,,1.0,raw,TLT,SLV,0.0,0.019019019019019017,0.6,0.6,0.0,-0.5809809809809809,,,,,,,,,,,,,,,,,
prompt_fidelity,,,,,,,,,,,,,,,NLPI[gemma3:270m|P1],4,gemma3:270m,P1,,,,,,,,,,,,,1.0,projected,TLT,,,,0.6,0.6,,,SLV,0.0,0.019047619047619046,0.0,-0.5809523809523809,0.0,0.0,,,,,,,,,,
prompt_fidelity,,,,,,,,,,,,,,,NLPI[gemma3:270m|P1],4,gemma3:270m,P1,,,,,,,,,,,,,1.0,raw,TLT,SLV,0.0,0.019019019019019017,0.6,0.6,0.0,-0.5809809809809809,,,,,,,,,,,,,,,,,
prompt_fidelity,,,,,,,,,,,,,,,NLPI[gemma3:270m|P1],4,gemma3:270m,P1,,,,,,,,,,,,,1.0,projected,TLT,,,,0.6,0.6,,,SLV,0.0,0.019047619047619046,0.0,-0.5809523809523809,0.0,0.0,,,,,,,,,,
prompt_fidelity,,,,,,,,,,,,,,,NLPI[gemma3:270m|P1],4,gemma3:270m,P1,,,,,,,,,,,,,1.0,raw,QQQ,SLV,0.0,0.019019019019019017,0.6,0.6,0.0,-0.5809809809809809,,,,,,,,,,,,,,,,,
prompt_fidelity,,,,,,,,,,,,,,,NLPI[gemma3:270m|P1],4,gemma3:270m,P1,,,,,,,,,,,,,1.0,projected,QQQ,,,,0.6,0.6,,,SLV,0.0,0.019047619047619046,0.0,-0.5809523809523809,0.0,0.0,,,,,,,,,,
prompt_fidelity,,,,,,,,,,,,,,,NLPI[gemma3:270m|P1],4,gemma3:270m,P1,,,,,,,,,,,,,1.0,raw,QQQ,SLV,0.0,0.019019019019019017,0.6,0.6,0.0,-0.5809809809809809,,,,,,,,,,,,,,,,,
prompt_fidelity,,,,,,,,,,,,,,,NLPI[gemma3:270m|P1],4,gemma3:270m,P1,,,,,,,,,,,,,1.0,projected,QQQ,,,,0.6,0.6,,,SLV,0.0,0.019047619047619046,0.0,-0.5809523809523809,0.0,0.0,,,,,,,,,,
prompt_fidelity,,,,,,,,,,,,,,,NLPI[gemma3:270m|P1],4,gemma3:270m,P1,,,,,,,,,,,,,1.0,raw,QQQ,SLV,0.0,0.019019019019019017,0.6,0.6,0.0,-0.5809809809809809,,,,,,,,,,,,,,,,,
prompt_fidelity,,,,,,,,,,,,,,,NLPI[gemma3:270m|P1],4,gemma3:270m,P1,,,,,,,,,,,,,1.0,projected,QQQ,,,,0.6,0.6,,,SLV,0.0,0.019047619047619046,0.0,-0.5809523809523809,0.0,0.0,,,,,,,,,,
prompt_fidelity,,,,,,,,,,,,,,,NLPI[gemma3:270m|P1],4,gemma3:270m,P1,,,,,,,,,,,,,1.0,raw,QQQ,SLV,0.0,0.019019019019019017,0.6,0.6,0.0,-0.5809809809809809,,,,,,,,,,,,,,,,,
prompt_fidelity,,,,,,,,,,,,,,,NLPI[gemma3:270m|P1],4,gemma3:270m,P1,,,,,,,,,,,,,1.0,projected,QQQ,,,,0.6,0.6,,,SLV,0.0,0.019047619047619046,0.0,-0.5809523809523809,0.0,0.0,,,,,,,,,,
prompt_fidelity,,,,,,,,,,,,,,,NLPI[gemma3:270m|P1],4,gemma3:270m,P1,,,,,,,,,,,,,1.0,raw,SLV,SLV,1.0,0.6006006006006006,0.6,0.6,1.0,0.0006006006006006315,,,,,,,,,,,,,,,,,
prompt_fidelity,,,,,,,,,,,,,,,NLPI[gemma3:270m|P1],4,gemma3:270m,P1,,,,,,,,,,,,,1.0,projected,SLV,,,,0.6,0.6,,,SLV,1.0,0.6,1.0,0.0,0.0,0.0,,,,,,,,,,
prompt_fidelity,,,,,,,,,,,,,,,NLPI[gemma3:270m|P1],4,gemma3:270m,P1,,,,,,,,,,,,,1.0,raw,IWM,SLV,0.0,0.019019019019019017,0.6,0.6,0.0,-0.5809809809809809,,,,,,,,,,,,,,,,,
prompt_fidelity,,,,,,,,,,,,,,,NLPI[gemma3:270m|P1],4,gemma3:270m,P1,,,,,,,,,,,,,1.0,projected,IWM,,,,0.6,0.6,,,SLV,0.0,0.019047619047619046,0.0,-0.5809523809523809,0.0,0.0,,,,,,,,,,
prompt_fidelity,,,,,,,,,,,,,,,NLPI[gemma3:270m|P1],4,gemma3:270m,P1,,,,,,,,,,,,,1.0,raw,IWM,SLV,0.0,0.019019019019019017,0.6,0.6,0.0,-0.5809809809809809,,,,,,,,,,,,,,,,,
prompt_fidelity,,,,,,,,,,,,,,,NLPI[gemma3:270m|P1],4,gemma3:270m,P1,,,,,,,,,,,,,1.0,projected,IWM,,,,0.6,0.6,,,SLV,0.0,0.019047619047619046,0.0,-0.5809523809523809,0.0,0.0,,,,,,,,,,
prompt_fidelity,,,,,,,,,,,,,,,NLPI[gemma3:270m|P1],4,gemma3:270m,P1,,,,,,,,,,,,,1.0,raw,IWM,SLV,0.0,0.019019019019019017,0.6,0.6,0.0,-0.5809809809809809,,,,,,,,,,,,,,,,,
prompt_fidelity,,,,,,,,,,,,,,,NLPI[gemma3:270m|P1],4,gemma3:270m,P1,,,,,,,,,,,,,1.0,projected,IWM,,,,0.6,0.6,,,SLV,0.0,0.019047619047619046,0.0,-0.5809523809523809,0.0,0.0,,,,,,,,,,
prompt_fidelity,,,,,,,,,,,,,,,NLPI[gemma3:270m|P1],4,gemma3:270m,P1,,,,,,,,,,,,,1.0,raw,DBC,SLV,0.0,0.019019019019019017,0.6,0.6,0.0,-0.5809809809809809,,,,,,,,,,,,,,,,,
prompt_fidelity,,,,,,,,,,,,,,,NLPI[gemma3:270m|P1],4,gemma3:270m,P1,,,,,,,,,,,,,1.0,projected,DBC,,,,0.6,0.6,,,SLV,0.0,0.019047619047619046,0.0,-0.5809523809523809,0.0,0.0,,,,,,,,,,
prompt_fidelity,,,,,,,,,,,,,,,NLPI[gemma3:270m|P1],4,gemma3:270m,P1,,,,,,,,,,,,,1.0,raw,DBC,SLV,0.0,0.019019019019019017,0.6,0.6,0.0,-0.5809809809809809,,,,,,,,,,,,,,,,,
prompt_fidelity,,,,,,,,,,,,,,,NLPI[gemma3:270m|P1],4,gemma3:270m,P1,,,,,,,,,,,,,1.0,projected,DBC,,,,0.6,0.6,,,SLV,0.0,0.019047619047619046,0.0,-0.5809523809523809,0.0,0.0,,,,,,,,,,
prompt_fidelity,,,,,,,,,,,,,,,NLPI[gemma3:270m|P1],4,gemma3:270m,P1,,,,,,,,,,,,,1.0,raw,DBC,SLV,0.0,0.019019019019019017,0.6,0.6,0.0,-0.5809809809809809,,,,,,,,,,,,,,,,,
prompt_fidelity,,,,,,,,,,,,,,,NLPI[gemma3:270m|P1],4,gemma3:270m,P1,,,,,,,,,,,,,1.0,projected,DBC,,,,0.6,0.6,,,SLV,0.0,0.019047619047619046,0.0,-0.5809523809523809,0.0,0.0,,,,,,,,,,
prompt_fidelity,,,,,,,,,,,,,,,NLPI[gemma3:270m|P1],4,gemma3:270m,P1,,,,,,,,,,,,,1.0,raw,DBC,SLV,0.0,0.012025316455696204,0.6,0.6,0.0,-0.5879746835443038,,,,,,,,,,,,,,,,,
prompt_fidelity,,,,,,,,,,,,,,,NLPI[gemma3:270m|P1],4,gemma3:270m,P1,,,,,,,,,,,,,1.0,projected,DBC,,,,0.6,0.6,,,SLV,0.0,0.01202531645569621,0.0,-0.5879746835443038,0.0,0.0,,,,,,,,,,
prompt_fidelity,,,,,,,,,,,,,,,NLPI[gemma3:270m|P1],4,gemma3:270m,P1,,,,,,,,,,,,,1.0,raw,DBC,SLV,0.0,0.019019019019019017,0.6,0.6,0.0,-0.5809809809809809,,,,,,,,,,,,,,,,,
prompt_fidelity,,,,,,,,,,,,,,,NLPI[gemma3:270m|P1],4,gemma3:270m,P1,,,,,,,,,,,,,1.0,projected,DBC,,,,0.6,0.6,,,SLV,0.0,0.019047619047619046,0.0,-0.5809523809523809,0.0,0.0,,,,,,,,,,
prompt_fidelity,,,,,,,,,,,,,,,NLPI[gemma3:270m|P1],4,gemma3:270m,P1,,,,,,,,,,,,,1.0,raw,DBC,SLV,0.0,0.019019019019019017,0.6,0.6,0.0,-0.5809809809809809,,,,,,,,,,,,,,,,,
prompt_fidelity,,,,,,,,,,,,,,,NLPI[gemma3:270m|P1],4,gemma3:270m,P1,,,,,,,,,,,,,1.0,projected,DBC,,,,0.6,0.6,,,SLV,0.0,0.019047619047619046,0.0,-0.5809523809523809,0.0,0.0,,,,,,,,,,
prompt_fidelity,,,,,,,,,,,,,,,NLPI[gemma3:270m|P1],4,gemma3:270m,P1,,,,,,,,,,,,,1.0,raw,UUP,SLV,0.0,0.379746835443038,0.6,0.6,0.0,-0.22025316455696198,,,,,,,,,,,,,,,,,
prompt_fidelity,,,,,,,,,,,,,,,NLPI[gemma3:270m|P1],4,gemma3:270m,P1,,,,,,,,,,,,,1.0,projected,UUP,,,,0.6,0.6,,,SLV,0.0,0.379746835443038,0.0,-0.22025316455696198,0.0,0.0,,,,,,,,,,
prompt_fidelity,,,,,,,,,,,,,,,NLPI[gemma3:270m|P2],4,gemma3:270m,P2,,,,,,,,,,,,,2.0,raw,BIL,BIL,1.0,0.6006006006006006,0.6,0.6,1.0,0.0006006006006006315,,,,,,,,,,,,,,,,,
prompt_fidelity,,,,,,,,,,,,,,,NLPI[gemma3:270m|P2],4,gemma3:270m,P2,,,,,,,,,,,,,2.0,projected,BIL,,,,0.6,0.6,,,BIL,1.0,0.6,1.0,0.0,0.0,0.0,,,,,,,,,,
prompt_fidelity,,,,,,,,,,,,,,,NLPI[gemma3:270m|P2],4,gemma3:270m,P2,,,,,,,,,,,,,2.0,raw,BIL,BIL,1.0,0.6006006006006006,0.6,0.6,1.0,0.0006006006006006315,,,,,,,,,,,,,,,,,
prompt_fidelity,,,,,,,,,,,,,,,NLPI[gemma3:270m|P2],4,gemma3:270m,P2,,,,,,,,,,,,,2.0,projected,BIL,,,,0.6,0.6,,,BIL,1.0,0.6,1.0,0.0,0.0,0.0,,,,,,,,,,
prompt_fidelity,,,,,,,,,,,,,,,NLPI[gemma3:270m|P2],4,gemma3:270m,P2,,,,,,,,,,,,,2.0,raw,BIL,BIL,1.0,0.6006006006006006,0.6,0.6,1.0,0.0006006006006006315,,,,,,,,,,,,,,,,,
prompt_fidelity,,,,,,,,,,,,,,,NLPI[gemma3:270m|P2],4,gemma3:270m,P2,,,,,,,,,,,,,2.0,projected,BIL,,,,0.6,0.6,,,BIL,1.0,0.6,1.0,0.0,0.0,0.0,,,,,,,,,,
prompt_fidelity,,,,,,,,,,,,,,,NLPI[gemma3:270m|P2],4,gemma3:270m,P2,,,,,,,,,,,,,2.0,raw,BIL,BIL,1.0,0.6006006006006006,0.6,0.6,1.0,0.0006006006006006315,,,,,,,,,,,,,,,,,
prompt_fidelity,,,,,,,,,,,,,,,NLPI[gemma3:270m|P2],4,gemma3:270m,P2,,,,,,,,,,,,,2.0,projected,BIL,,,,0.6,0.6,,,BIL,1.0,0.6,1.0,0.0,0.0,0.0,,,,,,,,,,
prompt_fidelity,,,,,,,,,,,,,,,NLPI[gemma3:270m|P2],4,gemma3:270m,P2,,,,,,,,,,,,,2.0,raw,BIL,BIL,1.0,0.6006006006006006,0.6,0.6,1.0,0.0006006006006006315,,,,,,,,,,,,,,,,,
prompt_fidelity,,,,,,,,,,,,,,,NLPI[gemma3:270m|P2],4,gemma3:270m,P2,,,,,,,,,,,,,2.0,projected,BIL,,,,0.6,0.6,,,BIL,1.0,0.6,1.0,0.0,0.0,0.0,,,,,,,,,,
prompt_fidelity,,,,,,,,,,,,,,,NLPI[gemma3:270m|P2],4,gemma3:270m,P2,,,,,,,,,,,,,2.0,raw,BIL,BIL,1.0,0.6006006006006006,0.6,0.6,1.0,0.0006006006006006315,,,,,,,,,,,,,,,,,
prompt_fidelity,,,,,,,,,,,,,,,NLPI[gemma3:270m|P2],4,gemma3:270m,P2,,,,,,,,,,,,,2.0,projected,BIL,,,,0.6,0.6,,,BIL,1.0,0.6,1.0,0.0,0.0,0.0,,,,,,,,,,
prompt_fidelity,,,,,,,,,,,,,,,NLPI[gemma3:270m|P2],4,gemma3:270m,P2,,,,,,,,,,,,,2.0,raw,BIL,BIL,1.0,0.6006006006006006,0.6,0.6,1.0,0.0006006006006006315,,,,,,,,,,,,,,,,,
prompt_fidelity,,,,,,,,,,,,,,,NLPI[gemma3:270m|P2],4,gemma3:270m,P2,,,,,,,,,,,,,2.0,projected,BIL,,,,0.6,0.6,,,BIL,1.0,0.6,1.0,0.0,0.0,0.0,,,,,,,,,,
prompt_fidelity,,,,,,,,,,,,,,,NLPI[gemma3:270m|P2],4,gemma3:270m,P2,,,,,,,,,,,,,2.0,raw,BIL,BIL,1.0,0.6006006006006006,0.6,0.6,1.0,0.0006006006006006315,,,,,,,,,,,,,,,,,
prompt_fidelity,,,,,,,,,,,,,,,NLPI[gemma3:270m|P2],4,gemma3:270m,P2,,,,,,,,,,,,,2.0,projected,BIL,,,,0.6,0.6,,,BIL,1.0,0.6,1.0,0.0,0.0,0.0,,,,,,,,,,
prompt_fidelity,,,,,,,,,,,,,,,NLPI[gemma3:270m|P2],4,gemma3:270m,P2,,,,,,,,,,,,,2.0,raw,BIL,BIL,1.0,0.6006006006006006,0.6,0.6,1.0,0.0006006006006006315,,,,,,,,,,,,,,,,,
prompt_fidelity,,,,,,,,,,,,,,,NLPI[gemma3:270m|P2],4,gemma3:270m,P2,,,,,,,,,,,,,2.0,projected,BIL,,,,0.6,0.6,,,BIL,1.0,0.6,1.0,0.0,0.0,0.0,,,,,,,,,,
prompt_fidelity,,,,,,,,,,,,,,,NLPI[gemma3:270m|P2],4,gemma3:270m,P2,,,,,,,,,,,,,2.0,raw,BIL,BIL,1.0,0.6006006006006006,0.6,0.6,1.0,0.0006006006006006315,,,,,,,,,,,,,,,,,
prompt_fidelity,,,,,,,,,,,,,,,NLPI[gemma3:270m|P2],4,gemma3:270m,P2,,,,,,,,,,,,,2.0,projected,BIL,,,,0.6,0.6,,,BIL,1.0,0.6,1.0,0.0,0.0,0.0,,,,,,,,,,
prompt_fidelity,,,,,,,,,,,,,,,NLPI[gemma3:270m|P2],4,gemma3:270m,P2,,,,,,,,,,,,,2.0,raw,BIL,BIL,1.0,0.6006006006006006,0.6,0.6,1.0,0.0006006006006006315,,,,,,,,,,,,,,,,,
prompt_fidelity,,,,,,,,,,,,,,,NLPI[gemma3:270m|P2],4,gemma3:270m,P2,,,,,,,,,,,,,2.0,projected,BIL,,,,0.6,0.6,,,BIL,1.0,0.6,1.0,0.0,0.0,0.0,,,,,,,,,,
prompt_fidelity,,,,,,,,,,,,,,,NLPI[gemma3:270m|P2],4,gemma3:270m,P2,,,,,,,,,,,,,2.0,raw,BIL,BIL,1.0,0.6006006006006006,0.6,0.6,1.0,0.0006006006006006315,,,,,,,,,,,,,,,,,
prompt_fidelity,,,,,,,,,,,,,,,NLPI[gemma3:270m|P2],4,gemma3:270m,P2,,,,,,,,,,,,,2.0,projected,BIL,,,,0.6,0.6,,,BIL,1.0,0.6,1.0,0.0,0.0,0.0,,,,,,,,,,
prompt_fidelity,,,,,,,,,,,,,,,NLPI[gemma3:270m|P2],4,gemma3:270m,P2,,,,,,,,,,,,,2.0,raw,BIL,BIL,1.0,0.6006006006006006,0.6,0.6,1.0,0.0006006006006006315,,,,,,,,,,,,,,,,,
prompt_fidelity,,,,,,,,,,,,,,,NLPI[gemma3:270m|P2],4,gemma3:270m,P2,,,,,,,,,,,,,2.0,projected,BIL,,,,0.6,0.6,,,BIL,1.0,0.6,1.0,0.0,0.0,0.0,,,,,,,,,,
prompt_fidelity,,,,,,,,,,,,,,,NLPI[gemma3:270m|P2],4,gemma3:270m,P2,,,,,,,,,,,,,2.0,raw,BIL,BIL,1.0,0.6006006006006006,0.6,0.6,1.0,0.0006006006006006315,,,,,,,,,,,,,,,,,
prompt_fidelity,,,,,,,,,,,,,,,NLPI[gemma3:270m|P2],4,gemma3:270m,P2,,,,,,,,,,,,,2.0,projected,BIL,,,,0.6,0.6,,,BIL,1.0,0.6,1.0,0.0,0.0,0.0,,,,,,,,,,
prompt_fidelity,,,,,,,,,,,,,,,NLPI[gemma3:270m|P2],4,gemma3:270m,P2,,,,,,,,,,,,,2.0,raw,BIL,BIL,1.0,0.6006006006006006,0.6,0.6,1.0,0.0006006006006006315,,,,,,,,,,,,,,,,,
prompt_fidelity,,,,,,,,,,,,,,,NLPI[gemma3:270m|P2],4,gemma3:270m,P2,,,,,,,,,,,,,2.0,projected,BIL,,,,0.6,0.6,,,BIL,1.0,0.6,1.0,0.0,0.0,0.0,,,,,,,,,,
prompt_fidelity,,,,,,,,,,,,,,,NLPI[gemma3:270m|P2],4,gemma3:270m,P2,,,,,,,,,,,,,2.0,raw,BIL,BIL,1.0,0.6006006006006006,0.6,0.6,1.0,0.0006006006006006315,,,,,,,,,,,,,,,,,
prompt_fidelity,,,,,,,,,,,,,,,NLPI[gemma3:270m|P2],4,gemma3:270m,P2,,,,,,,,,,,,,2.0,projected,BIL,,,,0.6,0.6,,,BIL,1.0,0.6,1.0,0.0,0.0,0.0,,,,,,,,,,
prompt_fidelity,,,,,,,,,,,,,,,NLPI[gemma3:270m|P2],4,gemma3:270m,P2,,,,,,,,,,,,,2.0,raw,BIL,BIL,1.0,0.6006006006006006,0.6,0.6,1.0,0.0006006006006006315,,,,,,,,,,,,,,,,,
prompt_fidelity,,,,,,,,,,,,,,,NLPI[gemma3:270m|P2],4,gemma3:270m,P2,,,,,,,,,,,,,2.0,projected,BIL,,,,0.6,0.6,,,BIL,1.0,0.6,1.0,0.0,0.0,0.0,,,,,,,,,,
prompt_fidelity,,,,,,,,,,,,,,,NLPI[gemma3:270m|P2],4,gemma3:270m,P2,,,,,,,,,,,,,2.0,raw,BIL,BIL,1.0,0.6006006006006006,0.6,0.6,1.0,0.0006006006006006315,,,,,,,,,,,,,,,,,
prompt_fidelity,,,,,,,,,,,,,,,NLPI[gemma3:270m|P2],4,gemma3:270m,P2,,,,,,,,,,,,,2.0,projected,BIL,,,,0.6,0.6,,,BIL,1.0,0.6,1.0,0.0,0.0,0.0,,,,,,,,,,
prompt_fidelity,,,,,,,,,,,,,,,NLPI[gemma3:270m|P3],4,gemma3:270m,P3,,,,,,,,,,,,,3.0,raw,TLT,EEM,0.0,0.012025316455696204,0.6,0.6,0.0,-0.5879746835443038,,,,,,,,,,,,,,,,,
prompt_fidelity,,,,,,,,,,,,,,,NLPI[gemma3:270m|P3],4,gemma3:270m,P3,,,,,,,,,,,,,3.0,projected,TLT,,,,0.6,0.6,,,EEM,0.0,0.012025316455696206,0.0,-0.5879746835443038,0.0,0.0,,,,,,,,,,
prompt_fidelity,,,,,,,,,,,,,,,NLPI[gemma3:270m|P3],4,gemma3:270m,P3,,,,,,,,,,,,,3.0,raw,DBC,EEM,0.0,0.012025316455696204,0.6,0.6,0.0,-0.5879746835443038,,,,,,,,,,,,,,,,,
prompt_fidelity,,,,,,,,,,,,,,,NLPI[gemma3:270m|P3],4,gemma3:270m,P3,,,,,,,,,,,,,3.0,projected,DBC,,,,0.6,0.6,,,EEM,0.0,0.012025316455696206,0.0,-0.5879746835443038,0.0,0.0,,,,,,,,,,
prompt_fidelity,,,,,,,,,,,,,,,NLPI[gemma3:270m|P3],4,gemma3:270m,P3,,,,,,,,,,,,,3.0,raw,DBC,EEM,0.0,0.012025316455696204,0.6,0.6,0.0,-0.5879746835443038,,,,,,,,,,,,,,,,,
prompt_fidelity,,,,,,,,,,,,,,,NLPI[gemma3:270m|P3],4,gemma3:270m,P3,,,,,,,,,,,,,3.0,projected,DBC,,,,0.6,0.6,,,EEM,0.0,0.012025316455696206,0.0,-0.5879746835443038,0.0,0.0,,,,,,,,,,
prompt_fidelity,,,,,,,,,,,,,,,NLPI[gemma3:270m|P3],4,gemma3:270m,P3,,,,,,,,,,,,,3.0,raw,UUP,EEM,0.0,0.012025316455696204,0.6,0.6,0.0,-0.5879746835443038,,,,,,,,,,,,,,,,,
prompt_fidelity,,,,,,,,,,,,,,,NLPI[gemma3:270m|P3],4,gemma3:270m,P3,,,,,,,,,,,,,3.0,projected,UUP,,,,0.6,0.6,,,EEM,0.0,0.012025316455696206,0.0,-0.5879746835443038,0.0,0.0,,,,,,,,,,
prompt_fidelity,,,,,,,,,,,,,,,NLPI[gemma3:270m|P3],4,gemma3:270m,P3,,,,,,,,,,,,,3.0,raw,UUP,EEM,0.0,0.012025316455696204,0.6,0.6,0.0,-0.5879746835443038,,,,,,,,,,,,,,,,,
prompt_fidelity,,,,,,,,,,,,,,,NLPI[gemma3:270m|P3],4,gemma3:270m,P3,,,,,,,,,,,,,3.0,projected,UUP,,,,0.6,0.6,,,EEM,0.0,0.012025316455696206,0.0,-0.5879746835443038,0.0,0.0,,,,,,,,,,
prompt_fidelity,,,,,,,,,,,,,,,NLPI[gemma3:270m|P3],4,gemma3:270m,P3,,,,,,,,,,,,,3.0,raw,TLT,EEM,0.0,0.012025316455696204,0.6,0.6,0.0,-0.5879746835443038,,,,,,,,,,,,,,,,,
prompt_fidelity,,,,,,,,,,,,,,,NLPI[gemma3:270m|P3],4,gemma3:270m,P3,,,,,,,,,,,,,3.0,projected,TLT,,,,0.6,0.6,,,EEM,0.0,0.012025316455696206,0.0,-0.5879746835443038,0.0,0.0,,,,,,,,,,
prompt_fidelity,,,,,,,,,,,,,,,NLPI[gemma3:270m|P3],4,gemma3:270m,P3,,,,,,,,,,,,,3.0,raw,TLT,EEM,0.0,0.012025316455696204,0.6,0.6,0.0,-0.5879746835443038,,,,,,,,,,,,,,,,,
prompt_fidelity,,,,,,,,,,,,,,,NLPI[gemma3:270m|P3],4,gemma3:270m,P3,,,,,,,,,,,,,3.0,projected,TLT,,,,0.6,0.6,,,EEM,0.0,0.012025316455696206,0.0,-0.5879746835443038,0.0,0.0,,,,,,,,,,
prompt_fidelity,,,,,,,,,,,,,,,NLPI[gemma3:270m|P3],4,gemma3:270m,P3,,,,,,,,,,,,,3.0,raw,TLT,EEM,0.0,0.012025316455696204,0.6,0.6,0.0,-0.5879746835443038,,,,,,,,,,,,,,,,,
prompt_fidelity,,,,,,,,,,,,,,,NLPI[gemma3:270m|P3],4,gemma3:270m,P3,,,,,,,,,,,,,3.0,projected,TLT,,,,0.6,0.6,,,EEM,0.0,0.012025316455696206,0.0,-0.5879746835443038,0.0,0.0,,,,,,,,,,
prompt_fidelity,,,,,,,,,,,,,,,NLPI[gemma3:270m|P3],4,gemma3:270m,P3,,,,,,,,,,,,,3.0,raw,TLT,EEM,0.0,0.012025316455696204,0.6,0.6,0.0,-0.5879746835443038,,,,,,,,,,,,,,,,,
prompt_fidelity,,,,,,,,,,,,,,,NLPI[gemma3:270m|P3],4,gemma3:270m,P3,,,,,,,,,,,,,3.0,projected,TLT,,,,0.6,0.6,,,EEM,0.0,0.012025316455696206,0.0,-0.5879746835443038,0.0,0.0,,,,,,,,,,
prompt_fidelity,,,,,,,,,,,,,,,NLPI[gemma3:270m|P3],4,gemma3:270m,P3,,,,,,,,,,,,,3.0,raw,UUP,EEM,0.0,0.012025316455696204,0.6,0.6,0.0,-0.5879746835443038,,,,,,,,,,,,,,,,,
prompt_fidelity,,,,,,,,,,,,,,,NLPI[gemma3:270m|P3],4,gemma3:270m,P3,,,,,,,,,,,,,3.0,projected,UUP,,,,0.6,0.6,,,EEM,0.0,0.012025316455696206,0.0,-0.5879746835443038,0.0,0.0,,,,,,,,,,
prompt_fidelity,,,,,,,,,,,,,,,NLPI[gemma3:270m|P3],4,gemma3:270m,P3,,,,,,,,,,,,,3.0,raw,SLV,EEM,0.0,0.379746835443038,0.6,0.6,0.0,-0.22025316455696198,,,,,,,,,,,,,,,,,
prompt_fidelity,,,,,,,,,,,,,,,NLPI[gemma3:270m|P3],4,gemma3:270m,P3,,,,,,,,,,,,,3.0,projected,SLV,,,,0.6,0.6,,,EEM,0.0,0.3797468354430379,0.0,-0.2202531645569621,0.0,0.0,,,,,,,,,,
prompt_fidelity,,,,,,,,,,,,,,,NLPI[gemma3:270m|P3],4,gemma3:270m,P3,,,,,,,,,,,,,3.0,raw,TLT,EEM,0.0,0.012025316455696204,0.6,0.6,0.0,-0.5879746835443038,,,,,,,,,,,,,,,,,
prompt_fidelity,,,,,,,,,,,,,,,NLPI[gemma3:270m|P3],4,gemma3:270m,P3,,,,,,,,,,,,,3.0,projected,TLT,,,,0.6,0.6,,,EEM,0.0,0.012025316455696206,0.0,-0.5879746835443038,0.0,0.0,,,,,,,,,,
prompt_fidelity,,,,,,,,,,,,,,,NLPI[gemma3:270m|P3],4,gemma3:270m,P3,,,,,,,,,,,,,3.0,raw,EEM,EEM,1.0,0.379746835443038,0.6,0.6,0.0,-0.22025316455696198,,,,,,,,,,,,,,,,,
prompt_fidelity,,,,,,,,,,,,,,,NLPI[gemma3:270m|P3],4,gemma3:270m,P3,,,,,,,,,,,,,3.0,projected,EEM,,,,0.6,0.6,,,EEM,1.0,0.3797468354430379,0.0,-0.2202531645569621,0.0,0.0,,,,,,,,,,
prompt_fidelity,,,,,,,,,,,,,,,NLPI[gemma3:270m|P3],4,gemma3:270m,P3,,,,,,,,,,,,,3.0,raw,QQQ,EEM,0.0,0.012025316455696204,0.6,0.6,0.0,-0.5879746835443038,,,,,,,,,,,,,,,,,
prompt_fidelity,,,,,,,,,,,,,,,NLPI[gemma3:270m|P3],4,gemma3:270m,P3,,,,,,,,,,,,,3.0,projected,QQQ,,,,0.6,0.6,,,EEM,0.0,0.012025316455696206,0.0,-0.5879746835443038,0.0,0.0,,,,,,,,,,
prompt_fidelity,,,,,,,,,,,,,,,NLPI[gemma3:270m|P3],4,gemma3:270m,P3,,,,,,,,,,,,,3.0,raw,EEM,EEM,1.0,0.379746835443038,0.6,0.6,0.0,-0.22025316455696198,,,,,,,,,,,,,,,,,
prompt_fidelity,,,,,,,,,,,,,,,NLPI[gemma3:270m|P3],4,gemma3:270m,P3,,,,,,,,,,,,,3.0,projected,EEM,,,,0.6,0.6,,,EEM,1.0,0.3797468354430379,0.0,-0.2202531645569621,0.0,0.0,,,,,,,,,,
prompt_fidelity,,,,,,,,,,,,,,,NLPI[gemma3:270m|P3],4,gemma3:270m,P3,,,,,,,,,,,,,3.0,raw,QQQ,EEM,0.0,0.012025316455696204,0.6,0.6,0.0,-0.5879746835443038,,,,,,,,,,,,,,,,,
prompt_fidelity,,,,,,,,,,,,,,,NLPI[gemma3:270m|P3],4,gemma3:270m,P3,,,,,,,,,,,,,3.0,projected,QQQ,,,,0.6,0.6,,,EEM,0.0,0.012025316455696206,0.0,-0.5879746835443038,0.0,0.0,,,,,,,,,,
prompt_fidelity,,,,,,,,,,,,,,,NLPI[gemma3:270m|P3],4,gemma3:270m,P3,,,,,,,,,,,,,3.0,raw,SLV,EEM,0.0,0.379746835443038,0.6,0.6,0.0,-0.22025316455696198,,,,,,,,,,,,,,,,,
prompt_fidelity,,,,,,,,,,,,,,,NLPI[gemma3:270m|P3],4,gemma3:270m,P3,,,,,,,,,,,,,3.0,projected,SLV,,,,0.6,0.6,,,EEM,0.0,0.3797468354430379,0.0,-0.2202531645569621,0.0,0.0,,,,,,,,,,
prompt_fidelity,,,,,,,,,,,,,,,NLPI[gemma3:270m|P3],4,gemma3:270m,P3,,,,,,,,,,,,,3.0,raw,TLT,EEM,0.0,0.012025316455696204,0.6,0.6,0.0,-0.5879746835443038,,,,,,,,,,,,,,,,,
prompt_fidelity,,,,,,,,,,,,,,,NLPI[gemma3:270m|P3],4,gemma3:270m,P3,,,,,,,,,,,,,3.0,projected,TLT,,,,0.6,0.6,,,EEM,0.0,0.012025316455696206,0.0,-0.5879746835443038,0.0,0.0,,,,,,,,,,
prompt_fidelity,,,,,,,,,,,,,,,NLPI[gemma3:270m|P4],4,gemma3:270m,P4,,,,,,,,,,,,,4.0,raw,,,,,,,,,,,,,,,,,,0.0,1.0,,,,,,
prompt_fidelity,,,,,,,,,,,,,,,NLPI[gemma3:270m|P4],4,gemma3:270m,P4,,,,,,,,,,,,,4.0,projected,,,,,,,,,,,,,,,,,,,,3.0531133177191805e-16,1.0,,,,
prompt_fidelity,,,,,,,,,,,,,,,NLPI[gemma3:270m|P4],4,gemma3:270m,P4,,,,,,,,,,,,,4.0,raw,,,,,,,,,,,,,,,,,,0.0,1.0,,,,,,
prompt_fidelity,,,,,,,,,,,,,,,NLPI[gemma3:270m|P4],4,gemma3:270m,P4,,,,,,,,,,,,,4.0,projected,,,,,,,,,,,,,,,,,,,,3.0531133177191805e-16,1.0,,,,
prompt_fidelity,,,,,,,,,,,,,,,NLPI[gemma3:270m|P4],4,gemma3:270m,P4,,,,,,,,,,,,,4.0,raw,,,,,,,,,,,,,,,,,,0.0,1.0,,,,,,
prompt_fidelity,,,,,,,,,,,,,,,NLPI[gemma3:270m|P4],4,gemma3:270m,P4,,,,,,,,,,,,,4.0,projected,,,,,,,,,,,,,,,,,,,,3.0531133177191805e-16,1.0,,,,
prompt_fidelity,,,,,,,,,,,,,,,NLPI[gemma3:270m|P4],4,gemma3:270m,P4,,,,,,,,,,,,,4.0,raw,,,,,,,,,,,,,,,,,,0.0,1.0,,,,,,
prompt_fidelity,,,,,,,,,,,,,,,NLPI[gemma3:270m|P4],4,gemma3:270m,P4,,,,,,,,,,,,,4.0,projected,,,,,,,,,,,,,,,,,,,,3.0531133177191805e-16,1.0,,,,
prompt_fidelity,,,,,,,,,,,,,,,NLPI[gemma3:270m|P4],4,gemma3:270m,P4,,,,,,,,,,,,,4.0,raw,,,,,,,,,,,,,,,,,,0.0,1.0,,,,,,
prompt_fidelity,,,,,,,,,,,,,,,NLPI[gemma3:270m|P4],4,gemma3:270m,P4,,,,,,,,,,,,,4.0,projected,,,,,,,,,,,,,,,,,,,,3.0531133177191805e-16,1.0,,,,
prompt_fidelity,,,,,,,,,,,,,,,NLPI[gemma3:270m|P4],4,gemma3:270m,P4,,,,,,,,,,,,,4.0,raw,,,,,,,,,,,,,,,,,,0.0,1.0,,,,,,
prompt_fidelity,,,,,,,,,,,,,,,NLPI[gemma3:270m|P4],4,gemma3:270m,P4,,,,,,,,,,,,,4.0,projected,,,,,,,,,,,,,,,,,,,,3.0531133177191805e-16,1.0,,,,
prompt_fidelity,,,,,,,,,,,,,,,NLPI[gemma3:270m|P4],4,gemma3:270m,P4,,,,,,,,,,,,,4.0,raw,,,,,,,,,,,,,,,,,,0.0,1.0,,,,,,
prompt_fidelity,,,,,,,,,,,,,,,NLPI[gemma3:270m|P4],4,gemma3:270m,P4,,,,,,,,,,,,,4.0,projected,,,,,,,,,,,,,,,,,,,,3.0531133177191805e-16,1.0,,,,
prompt_fidelity,,,,,,,,,,,,,,,NLPI[gemma3:270m|P4],4,gemma3:270m,P4,,,,,,,,,,,,,4.0,raw,,,,,,,,,,,,,,,,,,0.0,1.0,,,,,,
prompt_fidelity,,,,,,,,,,,,,,,NLPI[gemma3:270m|P4],4,gemma3:270m,P4,,,,,,,,,,,,,4.0,projected,,,,,,,,,,,,,,,,,,,,3.0531133177191805e-16,1.0,,,,
prompt_fidelity,,,,,,,,,,,,,,,NLPI[gemma3:270m|P4],4,gemma3:270m,P4,,,,,,,,,,,,,4.0,raw,,,,,,,,,,,,,,,,,,0.0,1.0,,,,,,
prompt_fidelity,,,,,,,,,,,,,,,NLPI[gemma3:270m|P4],4,gemma3:270m,P4,,,,,,,,,,,,,4.0,projected,,,,,,,,,,,,,,,,,,,,3.0531133177191805e-16,1.0,,,,
prompt_fidelity,,,,,,,,,,,,,,,NLPI[gemma3:270m|P4],4,gemma3:270m,P4,,,,,,,,,,,,,4.0,raw,,,,,,,,,,,,,,,,,,0.0,1.0,,,,,,
prompt_fidelity,,,,,,,,,,,,,,,NLPI[gemma3:270m|P4],4,gemma3:270m,P4,,,,,,,,,,,,,4.0,projected,,,,,,,,,,,,,,,,,,,,3.0531133177191805e-16,1.0,,,,
prompt_fidelity,,,,,,,,,,,,,,,NLPI[gemma3:270m|P4],4,gemma3:270m,P4,,,,,,,,,,,,,4.0,raw,,,,,,,,,,,,,,,,,,0.0,1.0,,,,,,
prompt_fidelity,,,,,,,,,,,,,,,NLPI[gemma3:270m|P4],4,gemma3:270m,P4,,,,,,,,,,,,,4.0,projected,,,,,,,,,,,,,,,,,,,,3.0531133177191805e-16,1.0,,,,
prompt_fidelity,,,,,,,,,,,,,,,NLPI[gemma3:270m|P4],4,gemma3:270m,P4,,,,,,,,,,,,,4.0,raw,,,,,,,,,,,,,,,,,,0.0,1.0,,,,,,
prompt_fidelity,,,,,,,,,,,,,,,NLPI[gemma3:270m|P4],4,gemma3:270m,P4,,,,,,,,,,,,,4.0,projected,,,,,,,,,,,,,,,,,,,,3.0531133177191805e-16,1.0,,,,
prompt_fidelity,,,,,,,,,,,,,,,NLPI[gemma3:270m|P4],4,gemma3:270m,P4,,,,,,,,,,,,,4.0,raw,,,,,,,,,,,,,,,,,,0.0,1.0,,,,,,
prompt_fidelity,,,,,,,,,,,,,,,NLPI[gemma3:270m|P4],4,gemma3:270m,P4,,,,,,,,,,,,,4.0,projected,,,,,,,,,,,,,,,,,,,,3.0531133177191805e-16,1.0,,,,
prompt_fidelity,,,,,,,,,,,,,,,NLPI[gemma3:270m|P4],4,gemma3:270m,P4,,,,,,,,,,,,,4.0,raw,,,,,,,,,,,,,,,,,,0.0,1.0,,,,,,
prompt_fidelity,,,,,,,,,,,,,,,NLPI[gemma3:270m|P4],4,gemma3:270m,P4,,,,,,,,,,,,,4.0,projected,,,,,,,,,,,,,,,,,,,,3.0531133177191805e-16,1.0,,,,
prompt_fidelity,,,,,,,,,,,,,,,NLPI[gemma3:270m|P4],4,gemma3:270m,P4,,,,,,,,,,,,,4.0,raw,,,,,,,,,,,,,,,,,,0.0,1.0,,,,,,
prompt_fidelity,,,,,,,,,,,,,,,NLPI[gemma3:270m|P4],4,gemma3:270m,P4,,,,,,,,,,,,,4.0,projected,,,,,,,,,,,,,,,,,,,,3.0531133177191805e-16,1.0,,,,
prompt_fidelity,,,,,,,,,,,,,,,NLPI[gemma3:270m|P4],4,gemma3:270m,P4,,,,,,,,,,,,,4.0,raw,,,,,,,,,,,,,,,,,,0.0,1.0,,,,,,
prompt_fidelity,,,,,,,,,,,,,,,NLPI[gemma3:270m|P4],4,gemma3:270m,P4,,,,,,,,,,,,,4.0,projected,,,,,,,,,,,,,,,,,,,,3.0531133177191805e-16,1.0,,,,
prompt_fidelity,,,,,,,,,,,,,,,NLPI[gemma3:270m|P4],4,gemma3:270m,P4,,,,,,,,,,,,,4.0,raw,,,,,,,,,,,,,,,,,,0.0,1.0,,,,,,
prompt_fidelity,,,,,,,,,,,,,,,NLPI[gemma3:270m|P4],4,gemma3:270m,P4,,,,,,,,,,,,,4.0,projected,,,,,,,,,,,,,,,,,,,,3.0531133177191805e-16,1.0,,,,
prompt_fidelity,,,,,,,,,,,,,,,NLPI[gemma3:270m|P4],4,gemma3:270m,P4,,,,,,,,,,,,,4.0,raw,,,,,,,,,,,,,,,,,,0.0,1.0,,,,,,
prompt_fidelity,,,,,,,,,,,,,,,NLPI[gemma3:270m|P4],4,gemma3:270m,P4,,,,,,,,,,,,,4.0,projected,,,,,,,,,,,,,,,,,,,,3.0531133177191805e-16,1.0,,,,
prompt_fidelity,,,,,,,,,,,,,,,NLPI[gemma3:270m|P5],4,gemma3:270m,P5,,,,,,,,,,,,,5.0,raw,,,,,,,,,,,,,,,,,,,,,,0.045454545454545456,1.0,,
prompt_fidelity,,,,,,,,,,,,,,,NLPI[gemma3:270m|P5],4,gemma3:270m,P5,,,,,,,,,,,,,5.0,projected,,,,,,,,,,,,,,,,,,,,,,,,0.04545454545454548,1.0
prompt_fidelity,,,,,,,,,,,,,,,NLPI[gemma3:270m|P5],4,gemma3:270m,P5,,,,,,,,,,,,,5.0,raw,,,,,,,,,,,,,,,,,,,,,,0.045454545454545456,1.0,,
prompt_fidelity,,,,,,,,,,,,,,,NLPI[gemma3:270m|P5],4,gemma3:270m,P5,,,,,,,,,,,,,5.0,projected,,,,,,,,,,,,,,,,,,,,,,,,0.04545454545454548,1.0
prompt_fidelity,,,,,,,,,,,,,,,NLPI[gemma3:270m|P5],4,gemma3:270m,P5,,,,,,,,,,,,,5.0,raw,,,,,,,,,,,,,,,,,,,,,,0.045454545454545456,1.0,,
prompt_fidelity,,,,,,,,,,,,,,,NLPI[gemma3:270m|P5],4,gemma3:270m,P5,,,,,,,,,,,,,5.0,projected,,,,,,,,,,,,,,,,,,,,,,,,0.04545454545454548,1.0
prompt_fidelity,,,,,,,,,,,,,,,NLPI[gemma3:270m|P5],4,gemma3:270m,P5,,,,,,,,,,,,,5.0,raw,,,,,,,,,,,,,,,,,,,,,,0.045454545454545456,1.0,,
prompt_fidelity,,,,,,,,,,,,,,,NLPI[gemma3:270m|P5],4,gemma3:270m,P5,,,,,,,,,,,,,5.0,projected,,,,,,,,,,,,,,,,,,,,,,,,0.04545454545454548,1.0
prompt_fidelity,,,,,,,,,,,,,,,NLPI[gemma3:270m|P5],4,gemma3:270m,P5,,,,,,,,,,,,,5.0,raw,,,,,,,,,,,,,,,,,,,,,,0.045454545454545456,1.0,,
prompt_fidelity,,,,,,,,,,,,,,,NLPI[gemma3:270m|P5],4,gemma3:270m,P5,,,,,,,,,,,,,5.0,projected,,,,,,,,,,,,,,,,,,,,,,,,0.04545454545454548,1.0
prompt_fidelity,,,,,,,,,,,,,,,NLPI[gemma3:270m|P5],4,gemma3:270m,P5,,,,,,,,,,,,,5.0,raw,,,,,,,,,,,,,,,,,,,,,,0.045454545454545456,1.0,,
prompt_fidelity,,,,,,,,,,,,,,,NLPI[gemma3:270m|P5],4,gemma3:270m,P5,,,,,,,,,,,,,5.0,projected,,,,,,,,,,,,,,,,,,,,,,,,0.04545454545454548,1.0
prompt_fidelity,,,,,,,,,,,,,,,NLPI[gemma3:270m|P5],4,gemma3:270m,P5,,,,,,,,,,,,,5.0,raw,,,,,,,,,,,,,,,,,,,,,,0.045454545454545456,1.0,,
prompt_fidelity,,,,,,,,,,,,,,,NLPI[gemma3:270m|P5],4,gemma3:270m,P5,,,,,,,,,,,,,5.0,projected,,,,,,,,,,,,,,,,,,,,,,,,0.04545454545454548,1.0
prompt_fidelity,,,,,,,,,,,,,,,NLPI[gemma3:270m|P5],4,gemma3:270m,P5,,,,,,,,,,,,,5.0,raw,,,,,,,,,,,,,,,,,,,,,,0.045454545454545456,1.0,,
prompt_fidelity,,,,,,,,,,,,,,,NLPI[gemma3:270m|P5],4,gemma3:270m,P5,,,,,,,,,,,,,5.0,projected,,,,,,,,,,,,,,,,,,,,,,,,0.04545454545454548,1.0
prompt_fidelity,,,,,,,,,,,,,,,NLPI[gemma3:270m|P5],4,gemma3:270m,P5,,,,,,,,,,,,,5.0,raw,,,,,,,,,,,,,,,,,,,,,,0.045454545454545456,1.0,,
prompt_fidelity,,,,,,,,,,,,,,,NLPI[gemma3:270m|P5],4,gemma3:270m,P5,,,,,,,,,,,,,5.0,projected,,,,,,,,,,,,,,,,,,,,,,,,0.04545454545454548,1.0
prompt_fidelity,,,,,,,,,,,,,,,NLPI[gemma3:270m|P5],4,gemma3:270m,P5,,,,,,,,,,,,,5.0,raw,,,,,,,,,,,,,,,,,,,,,,0.045454545454545456,1.0,,
prompt_fidelity,,,,,,,,,,,,,,,NLPI[gemma3:270m|P5],4,gemma3:270m,P5,,,,,,,,,,,,,5.0,projected,,,,,,,,,,,,,,,,,,,,,,,,0.04545454545454548,1.0
prompt_fidelity,,,,,,,,,,,,,,,NLPI[gemma3:270m|P5],4,gemma3:270m,P5,,,,,,,,,,,,,5.0,raw,,,,,,,,,,,,,,,,,,,,,,0.045454545454545456,1.0,,
prompt_fidelity,,,,,,,,,,,,,,,NLPI[gemma3:270m|P5],4,gemma3:270m,P5,,,,,,,,,,,,,5.0,projected,,,,,,,,,,,,,,,,,,,,,,,,0.04545454545454548,1.0
prompt_fidelity,,,,,,,,,,,,,,,NLPI[gemma3:270m|P5],4,gemma3:270m,P5,,,,,,,,,,,,,5.0,raw,,,,,,,,,,,,,,,,,,,,,,0.045454545454545456,1.0,,
prompt_fidelity,,,,,,,,,,,,,,,NLPI[gemma3:270m|P5],4,gemma3:270m,P5,,,,,,,,,,,,,5.0,projected,,,,,,,,,,,,,,,,,,,,,,,,0.04545454545454548,1.0
prompt_fidelity,,,,,,,,,,,,,,,NLPI[gemma3:270m|P5],4,gemma3:270m,P5,,,,,,,,,,,,,5.0,raw,,,,,,,,,,,,,,,,,,,,,,0.045454545454545456,1.0,,
prompt_fidelity,,,,,,,,,,,,,,,NLPI[gemma3:270m|P5],4,gemma3:270m,P5,,,,,,,,,,,,,5.0,projected,,,,,,,,,,,,,,,,,,,,,,,,0.04545454545454548,1.0
prompt_fidelity,,,,,,,,,,,,,,,NLPI[gemma3:270m|P5],4,gemma3:270m,P5,,,,,,,,,,,,,5.0,raw,,,,,,,,,,,,,,,,,,,,,,0.045454545454545456,1.0,,
prompt_fidelity,,,,,,,,,,,,,,,NLPI[gemma3:270m|P5],4,gemma3:270m,P5,,,,,,,,,,,,,5.0,projected,,,,,,,,,,,,,,,,,,,,,,,,0.04545454545454548,1.0
prompt_fidelity,,,,,,,,,,,,,,,NLPI[gemma3:270m|P5],4,gemma3:270m,P5,,,,,,,,,,,,,5.0,raw,,,,,,,,,,,,,,,,,,,,,,0.045454545454545456,1.0,,
prompt_fidelity,,,,,,,,,,,,,,,NLPI[gemma3:270m|P5],4,gemma3:270m,P5,,,,,,,,,,,,,5.0,projected,,,,,,,,,,,,,,,,,,,,,,,,0.04545454545454548,1.0
prompt_fidelity,,,,,,,,,,,,,,,NLPI[gemma3:270m|P5],4,gemma3:270m,P5,,,,,,,,,,,,,5.0,raw,,,,,,,,,,,,,,,,,,,,,,0.045454545454545456,1.0,,
prompt_fidelity,,,,,,,,,,,,,,,NLPI[gemma3:270m|P5],4,gemma3:270m,P5,,,,,,,,,,,,,5.0,projected,,,,,,,,,,,,,,,,,,,,,,,,0.04545454545454548,1.0
prompt_fidelity,,,,,,,,,,,,,,,NLPI[gemma3:270m|P5],4,gemma3:270m,P5,,,,,,,,,,,,,5.0,raw,,,,,,,,,,,,,,,,,,,,,,0.045454545454545456,1.0,,
prompt_fidelity,,,,,,,,,,,,,,,NLPI[gemma3:270m|P5],4,gemma3:270m,P5,,,,,,,,,,,,,5.0,projected,,,,,,,,,,,,,,,,,,,,,,,,0.04545454545454548,1.0
prompt_fidelity,,,,,,,,,,,,,,,NLPI[gemma3:270m|P5],4,gemma3:270m,P5,,,,,,,,,,,,,5.0,raw,,,,,,,,,,,,,,,,,,,,,,0.045454545454545456,1.0,,
prompt_fidelity,,,,,,,,,,,,,,,NLPI[gemma3:270m|P5],4,gemma3:270m,P5,,,,,,,,,,,,,5.0,projected,,,,,,,,,,,,,,,,,,,,,,,,0.04545454545454548,1.0
prompt_fidelity,,,,,,,,,,,,,,,NLPI[gemma3:1b|P1],4,gemma3:1b,P1,,,,,,,,,,,,,1.0,raw,QQQ,SLV,0.0,0.012025316455696204,0.6,0.6,0.0,-0.5879746835443038,,,,,,,,,,,,,,,,,
prompt_fidelity,,,,,,,,,,,,,,,NLPI[gemma3:1b|P1],4,gemma3:1b,P1,,,,,,,,,,,,,1.0,projected,QQQ,,,,0.6,0.6,,,SLV,0.0,0.01202531645569621,0.0,-0.5879746835443038,0.0,0.0,,,,,,,,,,
prompt_fidelity,,,,,,,,,,,,,,,NLPI[gemma3:1b|P1],4,gemma3:1b,P1,,,,,,,,,,,,,1.0,raw,TLT,SLV,0.0,0.012025316455696204,0.6,0.6,0.0,-0.5879746835443038,,,,,,,,,,,,,,,,,
prompt_fidelity,,,,,,,,,,,,,,,NLPI[gemma3:1b|P1],4,gemma3:1b,P1,,,,,,,,,,,,,1.0,projected,TLT,,,,0.6,0.6,,,SLV,0.0,0.01202531645569621,0.0,-0.5879746835443038,0.0,0.0,,,,,,,,,,
prompt_fidelity,,,,,,,,,,,,,,,NLPI[gemma3:1b|P1],4,gemma3:1b,P1,,,,,,,,,,,,,1.0,raw,TLT,SLV,0.0,0.012025316455696204,0.6,0.6,0.0,-0.5879746835443038,,,,,,,,,,,,,,,,,
prompt_fidelity,,,,,,,,,,,,,,,NLPI[gemma3:1b|P1],4,gemma3:1b,P1,,,,,,,,,,,,,1.0,projected,TLT,,,,0.6,0.6,,,SLV,0.0,0.01202531645569621,0.0,-0.5879746835443038,0.0,0.0,,,,,,,,,,
prompt_fidelity,,,,,,,,,,,,,,,NLPI[gemma3:1b|P1],4,gemma3:1b,P1,,,,,,,,,,,,,1.0,raw,QQQ,SLV,0.0,0.012025316455696204,0.6,0.6,0.0,-0.5879746835443038,,,,,,,,,,,,,,,,,
prompt_fidelity,,,,,,,,,,,,,,,NLPI[gemma3:1b|P1],4,gemma3:1b,P1,,,,,,,,,,,,,1.0,projected,QQQ,,,,0.6,0.6,,,SLV,0.0,0.01202531645569621,0.0,-0.5879746835443038,0.0,0.0,,,,,,,,,,
prompt_fidelity,,,,,,,,,,,,,,,NLPI[gemma3:1b|P1],4,gemma3:1b,P1,,,,,,,,,,,,,1.0,raw,QQQ,SLV,0.0,0.012025316455696204,0.6,0.6,0.0,-0.5879746835443038,,,,,,,,,,,,,,,,,
prompt_fidelity,,,,,,,,,,,,,,,NLPI[gemma3:1b|P1],4,gemma3:1b,P1,,,,,,,,,,,,,1.0,projected,QQQ,,,,0.6,0.6,,,SLV,0.0,0.01202531645569621,0.0,-0.5879746835443038,0.0,0.0,,,,,,,,,,
prompt_fidelity,,,,,,,,,,,,,,,NLPI[gemma3:1b|P1],4,gemma3:1b,P1,,,,,,,,,,,,,1.0,raw,QQQ,SLV,0.0,0.012025316455696204,0.6,0.6,0.0,-0.5879746835443038,,,,,,,,,,,,,,,,,
prompt_fidelity,,,,,,,,,,,,,,,NLPI[gemma3:1b|P1],4,gemma3:1b,P1,,,,,,,,,,,,,1.0,projected,QQQ,,,,0.6,0.6,,,SLV,0.0,0.01202531645569621,0.0,-0.5879746835443038,0.0,0.0,,,,,,,,,,
prompt_fidelity,,,,,,,,,,,,,,,NLPI[gemma3:1b|P1],4,gemma3:1b,P1,,,,,,,,,,,,,1.0,raw,QQQ,SLV,0.0,0.012025316455696204,0.6,0.6,0.0,-0.5879746835443038,,,,,,,,,,,,,,,,,
prompt_fidelity,,,,,,,,,,,,,,,NLPI[gemma3:1b|P1],4,gemma3:1b,P1,,,,,,,,,,,,,1.0,projected,QQQ,,,,0.6,0.6,,,SLV,0.0,0.01202531645569621,0.0,-0.5879746835443038,0.0,0.0,,,,,,,,,,
prompt_fidelity,,,,,,,,,,,,,,,NLPI[gemma3:1b|P1],4,gemma3:1b,P1,,,,,,,,,,,,,1.0,raw,SLV,SLV,1.0,0.379746835443038,0.6,0.6,0.0,-0.22025316455696198,,,,,,,,,,,,,,,,,
prompt_fidelity,,,,,,,,,,,,,,,NLPI[gemma3:1b|P1],4,gemma3:1b,P1,,,,,,,,,,,,,1.0,projected,SLV,,,,0.6,0.6,,,SLV,1.0,0.379746835443038,0.0,-0.22025316455696198,0.0,0.0,,,,,,,,,,
prompt_fidelity,,,,,,,,,,,,,,,NLPI[gemma3:1b|P1],4,gemma3:1b,P1,,,,,,,,,,,,,1.0,raw,IWM,SLV,0.0,0.012025316455696204,0.6,0.6,0.0,-0.5879746835443038,,,,,,,,,,,,,,,,,
prompt_fidelity,,,,,,,,,,,,,,,NLPI[gemma3:1b|P1],4,gemma3:1b,P1,,,,,,,,,,,,,1.0,projected,IWM,,,,0.6,0.6,,,SLV,0.0,0.01202531645569621,0.0,-0.5879746835443038,0.0,0.0,,,,,,,,,,
prompt_fidelity,,,,,,,,,,,,,,,NLPI[gemma3:1b|P1],4,gemma3:1b,P1,,,,,,,,,,,,,1.0,raw,IWM,SLV,0.0,0.012025316455696204,0.6,0.6,0.0,-0.5879746835443038,,,,,,,,,,,,,,,,,
prompt_fidelity,,,,,,,,,,,,,,,NLPI[gemma3:1b|P1],4,gemma3:1b,P1,,,,,,,,,,,,,1.0,projected,IWM,,,,0.6,0.6,,,SLV,0.0,0.01202531645569621,0.0,-0.5879746835443038,0.0,0.0,,,,,,,,,,
prompt_fidelity,,,,,,,,,,,,,,,NLPI[gemma3:1b|P1],4,gemma3:1b,P1,,,,,,,,,,,,,1.0,raw,IWM,SLV,0.0,0.012025316455696204,0.6,0.6,0.0,-0.5879746835443038,,,,,,,,,,,,,,,,,
prompt_fidelity,,,,,,,,,,,,,,,NLPI[gemma3:1b|P1],4,gemma3:1b,P1,,,,,,,,,,,,,1.0,projected,IWM,,,,0.6,0.6,,,SLV,0.0,0.01202531645569621,0.0,-0.5879746835443038,0.0,0.0,,,,,,,,,,
prompt_fidelity,,,,,,,,,,,,,,,NLPI[gemma3:1b|P1],4,gemma3:1b,P1,,,,,,,,,,,,,1.0,raw,DBC,SLV,0.0,0.012025316455696204,0.6,0.6,0.0,-0.5879746835443038,,,,,,,,,,,,,,,,,
prompt_fidelity,,,,,,,,,,,,,,,NLPI[gemma3:1b|P1],4,gemma3:1b,P1,,,,,,,,,,,,,1.0,projected,DBC,,,,0.6,0.6,,,SLV,0.0,0.01202531645569621,0.0,-0.5879746835443038,0.0,0.0,,,,,,,,,,
prompt_fidelity,,,,,,,,,,,,,,,NLPI[gemma3:1b|P1],4,gemma3:1b,P1,,,,,,,,,,,,,1.0,raw,DBC,SLV,0.0,0.012025316455696204,0.6,0.6,0.0,-0.5879746835443038,,,,,,,,,,,,,,,,,
prompt_fidelity,,,,,,,,,,,,,,,NLPI[gemma3:1b|P1],4,gemma3:1b,P1,,,,,,,,,,,,,1.0,projected,DBC,,,,0.6,0.6,,,SLV,0.0,0.01202531645569621,0.0,-0.5879746835443038,0.0,0.0,,,,,,,,,,
prompt_fidelity,,,,,,,,,,,,,,,NLPI[gemma3:1b|P1],4,gemma3:1b,P1,,,,,,,,,,,,,1.0,raw,DBC,SLV,0.0,0.012025316455696204,0.6,0.6,0.0,-0.5879746835443038,,,,,,,,,,,,,,,,,
prompt_fidelity,,,,,,,,,,,,,,,NLPI[gemma3:1b|P1],4,gemma3:1b,P1,,,,,,,,,,,,,1.0,projected,DBC,,,,0.6,0.6,,,SLV,0.0,0.01202531645569621,0.0,-0.5879746835443038,0.0,0.0,,,,,,,,,,
prompt_fidelity,,,,,,,,,,,,,,,NLPI[gemma3:1b|P1],4,gemma3:1b,P1,,,,,,,,,,,,,1.0,raw,DBC,SLV,0.0,0.012025316455696204,0.6,0.6,0.0,-0.5879746835443038,,,,,,,,,,,,,,,,,
prompt_fidelity,,,,,,,,,,,,,,,NLPI[gemma3:1b|P1],4,gemma3:1b,P1,,,,,,,,,,,,,1.0,projected,DBC,,,,0.6,0.6,,,SLV,0.0,0.01202531645569621,0.0,-0.5879746835443038,0.0,0.0,,,,,,,,,,
prompt_fidelity,,,,,,,,,,,,,,,NLPI[gemma3:1b|P1],4,gemma3:1b,P1,,,,,,,,,,,,,1.0,raw,DBC,SLV,0.0,0.012025316455696204,0.6,0.6,0.0,-0.5879746835443038,,,,,,,,,,,,,,,,,
prompt_fidelity,,,,,,,,,,,,,,,NLPI[gemma3:1b|P1],4,gemma3:1b,P1,,,,,,,,,,,,,1.0,projected,DBC,,,,0.6,0.6,,,SLV,0.0,0.01202531645569621,0.0,-0.5879746835443038,0.0,0.0,,,,,,,,,,
prompt_fidelity,,,,,,,,,,,,,,,NLPI[gemma3:1b|P1],4,gemma3:1b,P1,,,,,,,,,,,,,1.0,raw,DBC,SLV,0.0,0.012025316455696204,0.6,0.6,0.0,-0.5879746835443038,,,,,,,,,,,,,,,,,
prompt_fidelity,,,,,,,,,,,,,,,NLPI[gemma3:1b|P1],4,gemma3:1b,P1,,,,,,,,,,,,,1.0,projected,DBC,,,,0.6,0.6,,,SLV,0.0,0.01202531645569621,0.0,-0.5879746835443038,0.0,0.0,,,,,,,,,,
prompt_fidelity,,,,,,,,,,,,,,,NLPI[gemma3:1b|P1],4,gemma3:1b,P1,,,,,,,,,,,,,1.0,raw,UUP,SLV,0.0,0.012025316455696204,0.6,0.6,0.0,-0.5879746835443038,,,,,,,,,,,,,,,,,
prompt_fidelity,,,,,,,,,,,,,,,NLPI[gemma3:1b|P1],4,gemma3:1b,P1,,,,,,,,,,,,,1.0,projected,UUP,,,,0.6,0.6,,,SLV,0.0,0.01202531645569621,0.0,-0.5879746835443038,0.0,0.0,,,,,,,,,,
prompt_fidelity,,,,,,,,,,,,,,,NLPI[gemma3:1b|P2],4,gemma3:1b,P2,,,,,,,,,,,,,2.0,raw,BIL,BIL,1.0,0.6006006006006006,0.6,0.6,1.0,0.0006006006006006315,,,,,,,,,,,,,,,,,
prompt_fidelity,,,,,,,,,,,,,,,NLPI[gemma3:1b|P2],4,gemma3:1b,P2,,,,,,,,,,,,,2.0,projected,BIL,,,,0.6,0.6,,,BIL,1.0,0.6,1.0,0.0,0.0,0.0,,,,,,,,,,
prompt_fidelity,,,,,,,,,,,,,,,NLPI[gemma3:1b|P2],4,gemma3:1b,P2,,,,,,,,,,,,,2.0,raw,BIL,BIL,1.0,0.6006006006006006,0.6,0.6,1.0,0.0006006006006006315,,,,,,,,,,,,,,,,,
prompt_fidelity,,,,,,,,,,,,,,,NLPI[gemma3:1b|P2],4,gemma3:1b,P2,,,,,,,,,,,,,2.0,projected,BIL,,,,0.6,0.6,,,BIL,1.0,0.6,1.0,0.0,0.0,0.0,,,,,,,,,,
prompt_fidelity,,,,,,,,,,,,,,,NLPI[gemma3:1b|P2],4,gemma3:1b,P2,,,,,,,,,,,,,2.0,raw,BIL,BIL,1.0,0.6006006006006006,0.6,0.6,1.0,0.0006006006006006315,,,,,,,,,,,,,,,,,
prompt_fidelity,,,,,,,,,,,,,,,NLPI[gemma3:1b|P2],4,gemma3:1b,P2,,,,,,,,,,,,,2.0,projected,BIL,,,,0.6,0.6,,,BIL,1.0,0.6,1.0,0.0,0.0,0.0,,,,,,,,,,
prompt_fidelity,,,,,,,,,,,,,,,NLPI[gemma3:1b|P2],4,gemma3:1b,P2,,,,,,,,,,,,,2.0,raw,BIL,BIL,1.0,0.6006006006006006,0.6,0.6,1.0,0.0006006006006006315,,,,,,,,,,,,,,,,,
prompt_fidelity,,,,,,,,,,,,,,,NLPI[gemma3:1b|P2],4,gemma3:1b,P2,,,,,,,,,,,,,2.0,projected,BIL,,,,0.6,0.6,,,BIL,1.0,0.6,1.0,0.0,0.0,0.0,,,,,,,,,,
prompt_fidelity,,,,,,,,,,,,,,,NLPI[gemma3:1b|P2],4,gemma3:1b,P2,,,,,,,,,,,,,2.0,raw,BIL,BIL,1.0,0.6006006006006006,0.6,0.6,1.0,0.0006006006006006315,,,,,,,,,,,,,,,,,
prompt_fidelity,,,,,,,,,,,,,,,NLPI[gemma3:1b|P2],4,gemma3:1b,P2,,,,,,,,,,,,,2.0,projected,BIL,,,,0.6,0.6,,,BIL,1.0,0.6,1.0,0.0,0.0,0.0,,,,,,,,,,
prompt_fidelity,,,,,,,,,,,,,,,NLPI[gemma3:1b|P2],4,gemma3:1b,P2,,,,,,,,,,,,,2.0,raw,BIL,BIL,1.0,0.6006006006006006,0.6,0.6,1.0,0.0006006006006006315,,,,,,,,,,,,,,,,,
prompt_fidelity,,,,,,,,,,,,,,,NLPI[gemma3:1b|P2],4,gemma3:1b,P2,,,,,,,,,,,,,2.0,projected,BIL,,,,0.6,0.6,,,BIL,1.0,0.6,1.0,0.0,0.0,0.0,,,,,,,,,,
prompt_fidelity,,,,,,,,,,,,,,,NLPI[gemma3:1b|P2],4,gemma3:1b,P2,,,,,,,,,,,,,2.0,raw,BIL,BIL,1.0,0.6006006006006006,0.6,0.6,1.0,0.0006006006006006315,,,,,,,,,,,,,,,,,
prompt_fidelity,,,,,,,,,,,,,,,NLPI[gemma3:1b|P2],4,gemma3:1b,P2,,,,,,,,,,,,,2.0,projected,BIL,,,,0.6,0.6,,,BIL,1.0,0.6,1.0,0.0,0.0,0.0,,,,,,,,,,
prompt_fidelity,,,,,,,,,,,,,,,NLPI[gemma3:1b|P2],4,gemma3:1b,P2,,,,,,,,,,,,,2.0,raw,BIL,BIL,1.0,0.6006006006006006,0.6,0.6,1.0,0.0006006006006006315,,,,,,,,,,,,,,,,,
prompt_fidelity,,,,,,,,,,,,,,,NLPI[gemma3:1b|P2],4,gemma3:1b,P2,,,,,,,,,,,,,2.0,projected,BIL,,,,0.6,0.6,,,BIL,1.0,0.6,1.0,0.0,0.0,0.0,,,,,,,,,,
prompt_fidelity,,,,,,,,,,,,,,,NLPI[gemma3:1b|P2],4,gemma3:1b,P2,,,,,,,,,,,,,2.0,raw,BIL,BIL,1.0,0.6006006006006006,0.6,0.6,1.0,0.0006006006006006315,,,,,,,,,,,,,,,,,
prompt_fidelity,,,,,,,,,,,,,,,NLPI[gemma3:1b|P2],4,gemma3:1b,P2,,,,,,,,,,,,,2.0,projected,BIL,,,,0.6,0.6,,,BIL,1.0,0.6,1.0,0.0,0.0,0.0,,,,,,,,,,
prompt_fidelity,,,,,,,,,,,,,,,NLPI[gemma3:1b|P2],4,gemma3:1b,P2,,,,,,,,,,,,,2.0,raw,BIL,BIL,1.0,0.6006006006006006,0.6,0.6,1.0,0.0006006006006006315,,,,,,,,,,,,,,,,,
prompt_fidelity,,,,,,,,,,,,,,,NLPI[gemma3:1b|P2],4,gemma3:1b,P2,,,,,,,,,,,,,2.0,projected,BIL,,,,0.6,0.6,,,BIL,1.0,0.6,1.0,0.0,0.0,0.0,,,,,,,,,,
prompt_fidelity,,,,,,,,,,,,,,,NLPI[gemma3:1b|P2],4,gemma3:1b,P2,,,,,,,,,,,,,2.0,raw,BIL,BIL,1.0,0.6006006006006006,0.6,0.6,1.0,0.0006006006006006315,,,,,,,,,,,,,,,,,
prompt_fidelity,,,,,,,,,,,,,,,NLPI[gemma3:1b|P2],4,gemma3:1b,P2,,,,,,,,,,,,,2.0,projected,BIL,,,,0.6,0.6,,,BIL,1.0,0.6,1.0,0.0,0.0,0.0,,,,,,,,,,
prompt_fidelity,,,,,,,,,,,,,,,NLPI[gemma3:1b|P2],4,gemma3:1b,P2,,,,,,,,,,,,,2.0,raw,BIL,BIL,1.0,0.6006006006006006,0.6,0.6,1.0,0.0006006006006006315,,,,,,,,,,,,,,,,,
prompt_fidelity,,,,,,,,,,,,,,,NLPI[gemma3:1b|P2],4,gemma3:1b,P2,,,,,,,,,,,,,2.0,projected,BIL,,,,0.6,0.6,,,BIL,1.0,0.6,1.0,0.0,0.0,0.0,,,,,,,,,,
prompt_fidelity,,,,,,,,,,,,,,,NLPI[gemma3:1b|P2],4,gemma3:1b,P2,,,,,,,,,,,,,2.0,raw,BIL,BIL,1.0,0.6006006006006006,0.6,0.6,1.0,0.0006006006006006315,,,,,,,,,,,,,,,,,
prompt_fidelity,,,,,,,,,,,,,,,NLPI[gemma3:1b|P2],4,gemma3:1b,P2,,,,,,,,,,,,,2.0,projected,BIL,,,,0.6,0.6,,,BIL,1.0,0.6,1.0,0.0,0.0,0.0,,,,,,,,,,
prompt_fidelity,,,,,,,,,,,,,,,NLPI[gemma3:1b|P2],4,gemma3:1b,P2,,,,,,,,,,,,,2.0,raw,BIL,BIL,1.0,0.6006006006006006,0.6,0.6,1.0,0.0006006006006006315,,,,,,,,,,,,,,,,,
prompt_fidelity,,,,,,,,,,,,,,,NLPI[gemma3:1b|P2],4,gemma3:1b,P2,,,,,,,,,,,,,2.0,projected,BIL,,,,0.6,0.6,,,BIL,1.0,0.6,1.0,0.0,0.0,0.0,,,,,,,,,,
prompt_fidelity,,,,,,,,,,,,,,,NLPI[gemma3:1b|P2],4,gemma3:1b,P2,,,,,,,,,,,,,2.0,raw,BIL,BIL,1.0,0.6006006006006006,0.6,0.6,1.0,0.0006006006006006315,,,,,,,,,,,,,,,,,
prompt_fidelity,,,,,,,,,,,,,,,NLPI[gemma3:1b|P2],4,gemma3:1b,P2,,,,,,,,,,,,,2.0,projected,BIL,,,,0.6,0.6,,,BIL,1.0,0.6,1.0,0.0,0.0,0.0,,,,,,,,,,
prompt_fidelity,,,,,,,,,,,,,,,NLPI[gemma3:1b|P2],4,gemma3:1b,P2,,,,,,,,,,,,,2.0,raw,BIL,BIL,1.0,0.6006006006006006,0.6,0.6,1.0,0.0006006006006006315,,,,,,,,,,,,,,,,,
prompt_fidelity,,,,,,,,,,,,,,,NLPI[gemma3:1b|P2],4,gemma3:1b,P2,,,,,,,,,,,,,2.0,projected,BIL,,,,0.6,0.6,,,BIL,1.0,0.6,1.0,0.0,0.0,0.0,,,,,,,,,,
prompt_fidelity,,,,,,,,,,,,,,,NLPI[gemma3:1b|P2],4,gemma3:1b,P2,,,,,,,,,,,,,2.0,raw,BIL,BIL,1.0,0.6006006006006006,0.6,0.6,1.0,0.0006006006006006315,,,,,,,,,,,,,,,,,
prompt_fidelity,,,,,,,,,,,,,,,NLPI[gemma3:1b|P2],4,gemma3:1b,P2,,,,,,,,,,,,,2.0,projected,BIL,,,,0.6,0.6,,,BIL,1.0,0.6,1.0,0.0,0.0,0.0,,,,,,,,,,
prompt_fidelity,,,,,,,,,,,,,,,NLPI[gemma3:1b|P2],4,gemma3:1b,P2,,,,,,,,,,,,,2.0,raw,BIL,BIL,1.0,0.6006006006006006,0.6,0.6,1.0,0.0006006006006006315,,,,,,,,,,,,,,,,,
prompt_fidelity,,,,,,,,,,,,,,,NLPI[gemma3:1b|P2],4,gemma3:1b,P2,,,,,,,,,,,,,2.0,projected,BIL,,,,0.6,0.6,,,BIL,1.0,0.6,1.0,0.0,0.0,0.0,,,,,,,,,,
prompt_fidelity,,,,,,,,,,,,,,,NLPI[gemma3:1b|P3],4,gemma3:1b,P3,,,,,,,,,,,,,3.0,raw,TLT,EEM,0.0,0.008792225821378992,0.6,0.6,0.0,-0.591207774178621,,,,,,,,,,,,,,,,,
prompt_fidelity,,,,,,,,,,,,,,,NLPI[gemma3:1b|P3],4,gemma3:1b,P3,,,,,,,,,,,,,3.0,projected,TLT,,,,0.6,0.6,,,EEM,0.0,0.008792225821379005,0.0,-0.591207774178621,0.0,0.0,,,,,,,,,,
prompt_fidelity,,,,,,,,,,,,,,,NLPI[gemma3:1b|P3],4,gemma3:1b,P3,,,,,,,,,,,,,3.0,raw,DBC,EEM,0.0,0.008792225821378992,0.6,0.6,0.0,-0.591207774178621,,,,,,,,,,,,,,,,,
prompt_fidelity,,,,,,,,,,,,,,,NLPI[gemma3:1b|P3],4,gemma3:1b,P3,,,,,,,,,,,,,3.0,projected,DBC,,,,0.6,0.6,,,EEM,0.0,0.008792225821379005,0.0,-0.591207774178621,0.0,0.0,,,,,,,,,,
prompt_fidelity,,,,,,,,,,,,,,,NLPI[gemma3:1b|P3],4,gemma3:1b,P3,,,,,,,,,,,,,3.0,raw,DBC,EEM,0.0,0.008792225821378992,0.6,0.6,0.0,-0.591207774178621,,,,,,,,,,,,,,,,,
prompt_fidelity,,,,,,,,,,,,,,,NLPI[gemma3:1b|P3],4,gemma3:1b,P3,,,,,,,,,,,,,3.0,projected,DBC,,,,0.6,0.6,,,EEM,0.0,0.008792225821379005,0.0,-0.591207774178621,0.0,0.0,,,,,,,,,,
prompt_fidelity,,,,,,,,,,,,,,,NLPI[gemma3:1b|P3],4,gemma3:1b,P3,,,,,,,,,,,,,3.0,raw,UUP,EEM,0.0,0.008792225821378992,0.6,0.6,0.0,-0.591207774178621,,,,,,,,,,,,,,,,,
prompt_fidelity,,,,,,,,,,,,,,,NLPI[gemma3:1b|P3],4,gemma3:1b,P3,,,,,,,,,,,,,3.0,projected,UUP,,,,0.6,0.6,,,EEM,0.0,0.008792225821379005,0.0,-0.591207774178621,0.0,0.0,,,,,,,,,,
prompt_fidelity,,,,,,,,,,,,,,,NLPI[gemma3:1b|P3],4,gemma3:1b,P3,,,,,,,,,,,,,3.0,raw,UUP,EEM,0.0,0.008792225821378992,0.6,0.6,0.0,-0.591207774178621,,,,,,,,,,,,,,,,,
prompt_fidelity,,,,,,,,,,,,,,,NLPI[gemma3:1b|P3],4,gemma3:1b,P3,,,,,,,,,,,,,3.0,projected,UUP,,,,0.6,0.6,,,EEM,0.0,0.008792225821379005,0.0,-0.591207774178621,0.0,0.0,,,,,,,,,,
prompt_fidelity,,,,,,,,,,,,,,,NLPI[gemma3:1b|P3],4,gemma3:1b,P3,,,,,,,,,,,,,3.0,raw,TLT,EEM,0.0,0.008792225821378992,0.6,0.6,0.0,-0.591207774178621,,,,,,,,,,,,,,,,,
prompt_fidelity,,,,,,,,,,,,,,,NLPI[gemma3:1b|P3],4,gemma3:1b,P3,,,,,,,,,,,,,3.0,projected,TLT,,,,0.6,0.6,,,EEM,0.0,0.008792225821379005,0.0,-0.591207774178621,0.0,0.0,,,,,,,,,,
prompt_fidelity,,,,,,,,,,,,,,,NLPI[gemma3:1b|P3],4,gemma3:1b,P3,,,,,,,,,,,,,3.0,raw,TLT,EEM,0.0,0.008792225821378992,0.6,0.6,0.0,-0.591207774178621,,,,,,,,,,,,,,,,,
prompt_fidelity,,,,,,,,,,,,,,,NLPI[gemma3:1b|P3],4,gemma3:1b,P3,,,,,,,,,,,,,3.0,projected,TLT,,,,0.6,0.6,,,EEM,0.0,0.008792225821379005,0.0,-0.591207774178621,0.0,0.0,,,,,,,,,,
prompt_fidelity,,,,,,,,,,,,,,,NLPI[gemma3:1b|P3],4,gemma3:1b,P3,,,,,,,,,,,,,3.0,raw,TLT,EEM,0.0,0.008792225821378992,0.6,0.6,0.0,-0.591207774178621,,,,,,,,,,,,,,,,,
prompt_fidelity,,,,,,,,,,,,,,,NLPI[gemma3:1b|P3],4,gemma3:1b,P3,,,,,,,,,,,,,3.0,projected,TLT,,,,0.6,0.6,,,EEM,0.0,0.008792225821379005,0.0,-0.591207774178621,0.0,0.0,,,,,,,,,,
prompt_fidelity,,,,,,,,,,,,,,,NLPI[gemma3:1b|P3],4,gemma3:1b,P3,,,,,,,,,,,,,3.0,raw,TLT,EEM,0.0,0.008792225821378992,0.6,0.6,0.0,-0.591207774178621,,,,,,,,,,,,,,,,,
prompt_fidelity,,,,,,,,,,,,,,,NLPI[gemma3:1b|P3],4,gemma3:1b,P3,,,,,,,,,,,,,3.0,projected,TLT,,,,0.6,0.6,,,EEM,0.0,0.008792225821379005,0.0,-0.591207774178621,0.0,0.0,,,,,,,,,,
prompt_fidelity,,,,,,,,,,,,,,,NLPI[gemma3:1b|P3],4,gemma3:1b,P3,,,,,,,,,,,,,3.0,raw,UUP,EEM,0.0,0.008792225821378992,0.6,0.6,0.0,-0.591207774178621,,,,,,,,,,,,,,,,,
prompt_fidelity,,,,,,,,,,,,,,,NLPI[gemma3:1b|P3],4,gemma3:1b,P3,,,,,,,,,,,,,3.0,projected,UUP,,,,0.6,0.6,,,EEM,0.0,0.008792225821379005,0.0,-0.591207774178621,0.0,0.0,,,,,,,,,,
prompt_fidelity,,,,,,,,,,,,,,,NLPI[gemma3:1b|P3],4,gemma3:1b,P3,,,,,,,,,,,,,3.0,raw,SLV,EEM,0.0,0.2776492364645997,0.6,0.6,0.0,-0.32235076353540026,,,,,,,,,,,,,,,,,
prompt_fidelity,,,,,,,,,,,,,,,NLPI[gemma3:1b|P3],4,gemma3:1b,P3,,,,,,,,,,,,,3.0,projected,SLV,,,,0.6,0.6,,,EEM,0.0,0.2776492364645997,0.0,-0.32235076353540026,0.0,0.0,,,,,,,,,,
prompt_fidelity,,,,,,,,,,,,,,,NLPI[gemma3:1b|P3],4,gemma3:1b,P3,,,,,,,,,,,,,3.0,raw,TLT,EEM,0.0,0.008792225821378992,0.6,0.6,0.0,-0.591207774178621,,,,,,,,,,,,,,,,,
prompt_fidelity,,,,,,,,,,,,,,,NLPI[gemma3:1b|P3],4,gemma3:1b,P3,,,,,,,,,,,,,3.0,projected,TLT,,,,0.6,0.6,,,EEM,0.0,0.008792225821379005,0.0,-0.591207774178621,0.0,0.0,,,,,,,,,,
prompt_fidelity,,,,,,,,,,,,,,,NLPI[gemma3:1b|P3],4,gemma3:1b,P3,,,,,,,,,,,,,3.0,raw,EEM,EEM,1.0,0.2776492364645997,0.6,0.6,0.0,-0.32235076353540026,,,,,,,,,,,,,,,,,
prompt_fidelity,,,,,,,,,,,,,,,NLPI[gemma3:1b|P3],4,gemma3:1b,P3,,,,,,,,,,,,,3.0,projected,EEM,,,,0.6,0.6,,,EEM,1.0,0.2776492364645997,0.0,-0.32235076353540026,0.0,0.0,,,,,,,,,,
prompt_fidelity,,,,,,,,,,,,,,,NLPI[gemma3:1b|P3],4,gemma3:1b,P3,,,,,,,,,,,,,3.0,raw,QQQ,EEM,0.0,0.008792225821378992,0.6,0.6,0.0,-0.591207774178621,,,,,,,,,,,,,,,,,
prompt_fidelity,,,,,,,,,,,,,,,NLPI[gemma3:1b|P3],4,gemma3:1b,P3,,,,,,,,,,,,,3.0,projected,QQQ,,,,0.6,0.6,,,EEM,0.0,0.008792225821379005,0.0,-0.591207774178621,0.0,0.0,,,,,,,,,,
prompt_fidelity,,,,,,,,,,,,,,,NLPI[gemma3:1b|P3],4,gemma3:1b,P3,,,,,,,,,,,,,3.0,raw,EEM,EEM,1.0,0.2776492364645997,0.6,0.6,0.0,-0.32235076353540026,,,,,,,,,,,,,,,,,
prompt_fidelity,,,,,,,,,,,,,,,NLPI[gemma3:1b|P3],4,gemma3:1b,P3,,,,,,,,,,,,,3.0,projected,EEM,,,,0.6,0.6,,,EEM,1.0,0.2776492364645997,0.0,-0.32235076353540026,0.0,0.0,,,,,,,,,,
prompt_fidelity,,,,,,,,,,,,,,,NLPI[gemma3:1b|P3],4,gemma3:1b,P3,,,,,,,,,,,,,3.0,raw,QQQ,EEM,0.0,0.008792225821378992,0.6,0.6,0.0,-0.591207774178621,,,,,,,,,,,,,,,,,
prompt_fidelity,,,,,,,,,,,,,,,NLPI[gemma3:1b|P3],4,gemma3:1b,P3,,,,,,,,,,,,,3.0,projected,QQQ,,,,0.6,0.6,,,EEM,0.0,0.008792225821379005,0.0,-0.591207774178621,0.0,0.0,,,,,,,,,,
prompt_fidelity,,,,,,,,,,,,,,,NLPI[gemma3:1b|P3],4,gemma3:1b,P3,,,,,,,,,,,,,3.0,raw,SLV,EEM,0.0,0.2776492364645997,0.6,0.6,0.0,-0.32235076353540026,,,,,,,,,,,,,,,,,
prompt_fidelity,,,,,,,,,,,,,,,NLPI[gemma3:1b|P3],4,gemma3:1b,P3,,,,,,,,,,,,,3.0,projected,SLV,,,,0.6,0.6,,,EEM,0.0,0.2776492364645997,0.0,-0.32235076353540026,0.0,0.0,,,,,,,,,,
prompt_fidelity,,,,,,,,,,,,,,,NLPI[gemma3:1b|P3],4,gemma3:1b,P3,,,,,,,,,,,,,3.0,raw,TLT,EEM,0.0,0.008792225821378992,0.6,0.6,0.0,-0.591207774178621,,,,,,,,,,,,,,,,,
prompt_fidelity,,,,,,,,,,,,,,,NLPI[gemma3:1b|P3],4,gemma3:1b,P3,,,,,,,,,,,,,3.0,projected,TLT,,,,0.6,0.6,,,EEM,0.0,0.008792225821379005,0.0,-0.591207774178621,0.0,0.0,,,,,,,,,,
prompt_fidelity,,,,,,,,,,,,,,,NLPI[gemma3:1b|P4],4,gemma3:1b,P4,,,,,,,,,,,,,4.0,raw,,,,,,,,,,,,,,,,,,0.0,1.0,,,,,,
prompt_fidelity,,,,,,,,,,,,,,,NLPI[gemma3:1b|P4],4,gemma3:1b,P4,,,,,,,,,,,,,4.0,projected,,,,,,,,,,,,,,,,,,,,3.0531133177191805e-16,1.0,,,,
prompt_fidelity,,,,,,,,,,,,,,,NLPI[gemma3:1b|P4],4,gemma3:1b,P4,,,,,,,,,,,,,4.0,raw,,,,,,,,,,,,,,,,,,0.0,1.0,,,,,,
prompt_fidelity,,,,,,,,,,,,,,,NLPI[gemma3:1b|P4],4,gemma3:1b,P4,,,,,,,,,,,,,4.0,projected,,,,,,,,,,,,,,,,,,,,3.0531133177191805e-16,1.0,,,,
prompt_fidelity,,,,,,,,,,,,,,,NLPI[gemma3:1b|P4],4,gemma3:1b,P4,,,,,,,,,,,,,4.0,raw,,,,,,,,,,,,,,,,,,0.0,1.0,,,,,,
prompt_fidelity,,,,,,,,,,,,,,,NLPI[gemma3:1b|P4],4,gemma3:1b,P4,,,,,,,,,,,,,4.0,projected,,,,,,,,,,,,,,,,,,,,3.0531133177191805e-16,1.0,,,,
prompt_fidelity,,,,,,,,,,,,,,,NLPI[gemma3:1b|P4],4,gemma3:1b,P4,,,,,,,,,,,,,4.0,raw,,,,,,,,,,,,,,,,,,0.0,1.0,,,,,,
prompt_fidelity,,,,,,,,,,,,,,,NLPI[gemma3:1b|P4],4,gemma3:1b,P4,,,,,,,,,,,,,4.0,projected,,,,,,,,,,,,,,,,,,,,3.0531133177191805e-16,1.0,,,,
prompt_fidelity,,,,,,,,,,,,,,,NLPI[gemma3:1b|P4],4,gemma3:1b,P4,,,,,,,,,,,,,4.0,raw,,,,,,,,,,,,,,,,,,0.0,1.0,,,,,,
prompt_fidelity,,,,,,,,,,,,,,,NLPI[gemma3:1b|P4],4,gemma3:1b,P4,,,,,,,,,,,,,4.0,projected,,,,,,,,,,,,,,,,,,,,3.0531133177191805e-16,1.0,,,,
prompt_fidelity,,,,,,,,,,,,,,,NLPI[gemma3:1b|P4],4,gemma3:1b,P4,,,,,,,,,,,,,4.0,raw,,,,,,,,,,,,,,,,,,0.0,1.0,,,,,,
prompt_fidelity,,,,,,,,,,,,,,,NLPI[gemma3:1b|P4],4,gemma3:1b,P4,,,,,,,,,,,,,4.0,projected,,,,,,,,,,,,,,,,,,,,3.0531133177191805e-16,1.0,,,,
prompt_fidelity,,,,,,,,,,,,,,,NLPI[gemma3:1b|P4],4,gemma3:1b,P4,,,,,,,,,,,,,4.0,raw,,,,,,,,,,,,,,,,,,0.0,1.0,,,,,,
prompt_fidelity,,,,,,,,,,,,,,,NLPI[gemma3:1b|P4],4,gemma3:1b,P4,,,,,,,,,,,,,4.0,projected,,,,,,,,,,,,,,,,,,,,3.0531133177191805e-16,1.0,,,,
prompt_fidelity,,,,,,,,,,,,,,,NLPI[gemma3:1b|P4],4,gemma3:1b,P4,,,,,,,,,,,,,4.0,raw,,,,,,,,,,,,,,,,,,0.0,1.0,,,,,,
prompt_fidelity,,,,,,,,,,,,,,,NLPI[gemma3:1b|P4],4,gemma3:1b,P4,,,,,,,,,,,,,4.0,projected,,,,,,,,,,,,,,,,,,,,3.0531133177191805e-16,1.0,,,,
prompt_fidelity,,,,,,,,,,,,,,,NLPI[gemma3:1b|P4],4,gemma3:1b,P4,,,,,,,,,,,,,4.0,raw,,,,,,,,,,,,,,,,,,0.0,1.0,,,,,,
prompt_fidelity,,,,,,,,,,,,,,,NLPI[gemma3:1b|P4],4,gemma3:1b,P4,,,,,,,,,,,,,4.0,projected,,,,,,,,,,,,,,,,,,,,3.0531133177191805e-16,1.0,,,,
prompt_fidelity,,,,,,,,,,,,,,,NLPI[gemma3:1b|P4],4,gemma3:1b,P4,,,,,,,,,,,,,4.0,raw,,,,,,,,,,,,,,,,,,0.0,1.0,,,,,,
prompt_fidelity,,,,,,,,,,,,,,,NLPI[gemma3:1b|P4],4,gemma3:1b,P4,,,,,,,,,,,,,4.0,projected,,,,,,,,,,,,,,,,,,,,3.0531133177191805e-16,1.0,,,,
prompt_fidelity,,,,,,,,,,,,,,,NLPI[gemma3:1b|P4],4,gemma3:1b,P4,,,,,,,,,,,,,4.0,raw,,,,,,,,,,,,,,,,,,0.0,1.0,,,,,,
prompt_fidelity,,,,,,,,,,,,,,,NLPI[gemma3:1b|P4],4,gemma3:1b,P4,,,,,,,,,,,,,4.0,projected,,,,,,,,,,,,,,,,,,,,3.0531133177191805e-16,1.0,,,,
prompt_fidelity,,,,,,,,,,,,,,,NLPI[gemma3:1b|P4],4,gemma3:1b,P4,,,,,,,,,,,,,4.0,raw,,,,,,,,,,,,,,,,,,0.0,1.0,,,,,,
prompt_fidelity,,,,,,,,,,,,,,,NLPI[gemma3:1b|P4],4,gemma3:1b,P4,,,,,,,,,,,,,4.0,projected,,,,,,,,,,,,,,,,,,,,3.0531133177191805e-16,1.0,,,,
prompt_fidelity,,,,,,,,,,,,,,,NLPI[gemma3:1b|P4],4,gemma3:1b,P4,,,,,,,,,,,,,4.0,raw,,,,,,,,,,,,,,,,,,0.0,1.0,,,,,,
prompt_fidelity,,,,,,,,,,,,,,,NLPI[gemma3:1b|P4],4,gemma3:1b,P4,,,,,,,,,,,,,4.0,projected,,,,,,,,,,,,,,,,,,,,3.0531133177191805e-16,1.0,,,,
prompt_fidelity,,,,,,,,,,,,,,,NLPI[gemma3:1b|P4],4,gemma3:1b,P4,,,,,,,,,,,,,4.0,raw,,,,,,,,,,,,,,,,,,0.0,1.0,,,,,,
prompt_fidelity,,,,,,,,,,,,,,,NLPI[gemma3:1b|P4],4,gemma3:1b,P4,,,,,,,,,,,,,4.0,projected,,,,,,,,,,,,,,,,,,,,3.0531133177191805e-16,1.0,,,,
prompt_fidelity,,,,,,,,,,,,,,,NLPI[gemma3:1b|P4],4,gemma3:1b,P4,,,,,,,,,,,,,4.0,raw,,,,,,,,,,,,,,,,,,0.0,1.0,,,,,,
prompt_fidelity,,,,,,,,,,,,,,,NLPI[gemma3:1b|P4],4,gemma3:1b,P4,,,,,,,,,,,,,4.0,projected,,,,,,,,,,,,,,,,,,,,3.0531133177191805e-16,1.0,,,,
prompt_fidelity,,,,,,,,,,,,,,,NLPI[gemma3:1b|P4],4,gemma3:1b,P4,,,,,,,,,,,,,4.0,raw,,,,,,,,,,,,,,,,,,0.0,1.0,,,,,,
prompt_fidelity,,,,,,,,,,,,,,,NLPI[gemma3:1b|P4],4,gemma3:1b,P4,,,,,,,,,,,,,4.0,projected,,,,,,,,,,,,,,,,,,,,3.0531133177191805e-16,1.0,,,,
prompt_fidelity,,,,,,,,,,,,,,,NLPI[gemma3:1b|P4],4,gemma3:1b,P4,,,,,,,,,,,,,4.0,raw,,,,,,,,,,,,,,,,,,0.0,1.0,,,,,,
prompt_fidelity,,,,,,,,,,,,,,,NLPI[gemma3:1b|P4],4,gemma3:1b,P4,,,,,,,,,,,,,4.0,projected,,,,,,,,,,,,,,,,,,,,3.0531133177191805e-16,1.0,,,,
prompt_fidelity,,,,,,,,,,,,,,,NLPI[gemma3:1b|P4],4,gemma3:1b,P4,,,,,,,,,,,,,4.0,raw,,,,,,,,,,,,,,,,,,0.0,1.0,,,,,,
prompt_fidelity,,,,,,,,,,,,,,,NLPI[gemma3:1b|P4],4,gemma3:1b,P4,,,,,,,,,,,,,4.0,projected,,,,,,,,,,,,,,,,,,,,3.0531133177191805e-16,1.0,,,,
prompt_fidelity,,,,,,,,,,,,,,,NLPI[gemma3:1b|P5],4,gemma3:1b,P5,,,,,,,,,,,,,5.0,raw,,,,,,,,,,,,,,,,,,,,,,0.045454545454545456,1.0,,
prompt_fidelity,,,,,,,,,,,,,,,NLPI[gemma3:1b|P5],4,gemma3:1b,P5,,,,,,,,,,,,,5.0,projected,,,,,,,,,,,,,,,,,,,,,,,,0.04545454545454548,1.0
prompt_fidelity,,,,,,,,,,,,,,,NLPI[gemma3:1b|P5],4,gemma3:1b,P5,,,,,,,,,,,,,5.0,raw,,,,,,,,,,,,,,,,,,,,,,0.045454545454545456,1.0,,
prompt_fidelity,,,,,,,,,,,,,,,NLPI[gemma3:1b|P5],4,gemma3:1b,P5,,,,,,,,,,,,,5.0,projected,,,,,,,,,,,,,,,,,,,,,,,,0.04545454545454548,1.0
prompt_fidelity,,,,,,,,,,,,,,,NLPI[gemma3:1b|P5],4,gemma3:1b,P5,,,,,,,,,,,,,5.0,raw,,,,,,,,,,,,,,,,,,,,,,0.045454545454545456,1.0,,
prompt_fidelity,,,,,,,,,,,,,,,NLPI[gemma3:1b|P5],4,gemma3:1b,P5,,,,,,,,,,,,,5.0,projected,,,,,,,,,,,,,,,,,,,,,,,,0.04545454545454548,1.0
prompt_fidelity,,,,,,,,,,,,,,,NLPI[gemma3:1b|P5],4,gemma3:1b,P5,,,,,,,,,,,,,5.0,raw,,,,,,,,,,,,,,,,,,,,,,0.045454545454545456,1.0,,
prompt_fidelity,,,,,,,,,,,,,,,NLPI[gemma3:1b|P5],4,gemma3:1b,P5,,,,,,,,,,,,,5.0,projected,,,,,,,,,,,,,,,,,,,,,,,,0.04545454545454548,1.0
prompt_fidelity,,,,,,,,,,,,,,,NLPI[gemma3:1b|P5],4,gemma3:1b,P5,,,,,,,,,,,,,5.0,raw,,,,,,,,,,,,,,,,,,,,,,0.045454545454545456,1.0,,
prompt_fidelity,,,,,,,,,,,,,,,NLPI[gemma3:1b|P5],4,gemma3:1b,P5,,,,,,,,,,,,,5.0,projected,,,,,,,,,,,,,,,,,,,,,,,,0.04545454545454548,1.0
prompt_fidelity,,,,,,,,,,,,,,,NLPI[gemma3:1b|P5],4,gemma3:1b,P5,,,,,,,,,,,,,5.0,raw,,,,,,,,,,,,,,,,,,,,,,0.045454545454545456,1.0,,
prompt_fidelity,,,,,,,,,,,,,,,NLPI[gemma3:1b|P5],4,gemma3:1b,P5,,,,,,,,,,,,,5.0,projected,,,,,,,,,,,,,,,,,,,,,,,,0.04545454545454548,1.0
prompt_fidelity,,,,,,,,,,,,,,,NLPI[gemma3:1b|P5],4,gemma3:1b,P5,,,,,,,,,,,,,5.0,raw,,,,,,,,,,,,,,,,,,,,,,0.045454545454545456,1.0,,
prompt_fidelity,,,,,,,,,,,,,,,NLPI[gemma3:1b|P5],4,gemma3:1b,P5,,,,,,,,,,,,,5.0,projected,,,,,,,,,,,,,,,,,,,,,,,,0.04545454545454548,1.0
prompt_fidelity,,,,,,,,,,,,,,,NLPI[gemma3:1b|P5],4,gemma3:1b,P5,,,,,,,,,,,,,5.0,raw,,,,,,,,,,,,,,,,,,,,,,0.045454545454545456,1.0,,
prompt_fidelity,,,,,,,,,,,,,,,NLPI[gemma3:1b|P5],4,gemma3:1b,P5,,,,,,,,,,,,,5.0,projected,,,,,,,,,,,,,,,,,,,,,,,,0.04545454545454548,1.0
prompt_fidelity,,,,,,,,,,,,,,,NLPI[gemma3:1b|P5],4,gemma3:1b,P5,,,,,,,,,,,,,5.0,raw,,,,,,,,,,,,,,,,,,,,,,0.045454545454545456,1.0,,
prompt_fidelity,,,,,,,,,,,,,,,NLPI[gemma3:1b|P5],4,gemma3:1b,P5,,,,,,,,,,,,,5.0,projected,,,,,,,,,,,,,,,,,,,,,,,,0.04545454545454548,1.0
prompt_fidelity,,,,,,,,,,,,,,,NLPI[gemma3:1b|P5],4,gemma3:1b,P5,,,,,,,,,,,,,5.0,raw,,,,,,,,,,,,,,,,,,,,,,0.045454545454545456,1.0,,
prompt_fidelity,,,,,,,,,,,,,,,NLPI[gemma3:1b|P5],4,gemma3:1b,P5,,,,,,,,,,,,,5.0,projected,,,,,,,,,,,,,,,,,,,,,,,,0.04545454545454548,1.0
prompt_fidelity,,,,,,,,,,,,,,,NLPI[gemma3:1b|P5],4,gemma3:1b,P5,,,,,,,,,,,,,5.0,raw,,,,,,,,,,,,,,,,,,,,,,0.045454545454545456,1.0,,
prompt_fidelity,,,,,,,,,,,,,,,NLPI[gemma3:1b|P5],4,gemma3:1b,P5,,,,,,,,,,,,,5.0,projected,,,,,,,,,,,,,,,,,,,,,,,,0.04545454545454548,1.0
prompt_fidelity,,,,,,,,,,,,,,,NLPI[gemma3:1b|P5],4,gemma3:1b,P5,,,,,,,,,,,,,5.0,raw,,,,,,,,,,,,,,,,,,,,,,0.045454545454545456,1.0,,
prompt_fidelity,,,,,,,,,,,,,,,NLPI[gemma3:1b|P5],4,gemma3:1b,P5,,,,,,,,,,,,,5.0,projected,,,,,,,,,,,,,,,,,,,,,,,,0.04545454545454548,1.0
prompt_fidelity,,,,,,,,,,,,,,,NLPI[gemma3:1b|P5],4,gemma3:1b,P5,,,,,,,,,,,,,5.0,raw,,,,,,,,,,,,,,,,,,,,,,0.045454545454545456,1.0,,
prompt_fidelity,,,,,,,,,,,,,,,NLPI[gemma3:1b|P5],4,gemma3:1b,P5,,,,,,,,,,,,,5.0,projected,,,,,,,,,,,,,,,,,,,,,,,,0.04545454545454548,1.0
prompt_fidelity,,,,,,,,,,,,,,,NLPI[gemma3:1b|P5],4,gemma3:1b,P5,,,,,,,,,,,,,5.0,raw,,,,,,,,,,,,,,,,,,,,,,0.045454545454545456,1.0,,
prompt_fidelity,,,,,,,,,,,,,,,NLPI[gemma3:1b|P5],4,gemma3:1b,P5,,,,,,,,,,,,,5.0,projected,,,,,,,,,,,,,,,,,,,,,,,,0.04545454545454548,1.0
prompt_fidelity,,,,,,,,,,,,,,,NLPI[gemma3:1b|P5],4,gemma3:1b,P5,,,,,,,,,,,,,5.0,raw,,,,,,,,,,,,,,,,,,,,,,0.045454545454545456,1.0,,
prompt_fidelity,,,,,,,,,,,,,,,NLPI[gemma3:1b|P5],4,gemma3:1b,P5,,,,,,,,,,,,,5.0,projected,,,,,,,,,,,,,,,,,,,,,,,,0.04545454545454548,1.0
prompt_fidelity,,,,,,,,,,,,,,,NLPI[gemma3:1b|P5],4,gemma3:1b,P5,,,,,,,,,,,,,5.0,raw,,,,,,,,,,,,,,,,,,,,,,0.045454545454545456,1.0,,
prompt_fidelity,,,,,,,,,,,,,,,NLPI[gemma3:1b|P5],4,gemma3:1b,P5,,,,,,,,,,,,,5.0,projected,,,,,,,,,,,,,,,,,,,,,,,,0.04545454545454548,1.0
prompt_fidelity,,,,,,,,,,,,,,,NLPI[gemma3:1b|P5],4,gemma3:1b,P5,,,,,,,,,,,,,5.0,raw,,,,,,,,,,,,,,,,,,,,,,0.045454545454545456,1.0,,
prompt_fidelity,,,,,,,,,,,,,,,NLPI[gemma3:1b|P5],4,gemma3:1b,P5,,,,,,,,,,,,,5.0,projected,,,,,,,,,,,,,,,,,,,,,,,,0.04545454545454548,1.0
prompt_fidelity,,,,,,,,,,,,,,,NLPI[gemma3:1b|P5],4,gemma3:1b,P5,,,,,,,,,,,,,5.0,raw,,,,,,,,,,,,,,,,,,,,,,0.045454545454545456,1.0,,
prompt_fidelity,,,,,,,,,,,,,,,NLPI[gemma3:1b|P5],4,gemma3:1b,P5,,,,,,,,,,,,,5.0,projected,,,,,,,,,,,,,,,,,,,,,,,,0.04545454545454548,1.0
prompt_fidelity,,,,,,,,,,,,,,,NLPI[llama3.1:8b|P1],5,llama3.1:8b,P1,,,,,,,,,,,,,1.0,raw,DBC,DBC,1.0,0.43636363636363634,0.6,0.6,0.0,-0.16363636363636364,,,,,,,,,,,,,,,,,
prompt_fidelity,,,,,,,,,,,,,,,NLPI[llama3.1:8b|P1],5,llama3.1:8b,P1,,,,,,,,,,,,,1.0,projected,DBC,,,,0.6,0.6,,,DBC,1.0,0.43636363636363634,0.0,-0.16363636363636364,0.0,0.0,,,,,,,,,,
prompt_fidelity,,,,,,,,,,,,,,,NLPI[llama3.1:8b|P1],5,llama3.1:8b,P1,,,,,,,,,,,,,1.0,raw,UUP,DBC,0.0,0.019019019019019017,0.6,0.6,0.0,-0.5809809809809809,,,,,,,,,,,,,,,,,
prompt_fidelity,,,,,,,,,,,,,,,NLPI[llama3.1:8b|P1],5,llama3.1:8b,P1,,,,,,,,,,,,,1.0,projected,UUP,,,,0.6,0.6,,,DBC,0.0,0.019047619047619053,0.0,-0.5809523809523809,0.0,0.0,,,,,,,,,,
prompt_fidelity,,,,,,,,,,,,,,,NLPI[llama3.1:8b|P1],5,llama3.1:8b,P1,,,,,,,,,,,,,1.0,raw,EFA,SLV,0.0,0.0,0.6,0.6,0.0,-0.6,,,,,,,,,,,,,,,,,
prompt_fidelity,,,,,,,,,,,,,,,NLPI[llama3.1:8b|P1],5,llama3.1:8b,P1,,,,,,,,,,,,,1.0,projected,EFA,,,,0.6,0.6,,,SLV,0.0,0.016071428571428577,0.0,-0.5839285714285714,0.0,0.0,,,,,,,,,,
prompt_fidelity,,,,,,,,,,,,,,,NLPI[llama3.1:8b|P1],5,llama3.1:8b,P1,,,,,,,,,,,,,1.0,raw,QQQ,QQQ,1.0,0.6006006006006006,0.6,0.6,1.0,0.0006006006006006315,,,,,,,,,,,,,,,,,
prompt_fidelity,,,,,,,,,,,,,,,NLPI[llama3.1:8b|P1],5,llama3.1:8b,P1,,,,,,,,,,,,,1.0,projected,QQQ,,,,0.6,0.6,,,QQQ,1.0,0.6,1.0,0.0,0.0,0.0,,,,,,,,,,
prompt_fidelity,,,,,,,,,,,,,,,NLPI[llama3.1:8b|P1],5,llama3.1:8b,P1,,,,,,,,,,,,,1.0,raw,SLV,SLV,1.0,0.9375,0.6,0.6,1.0,0.3375,,,,,,,,,,,,,,,,,
prompt_fidelity,,,,,,,,,,,,,,,NLPI[llama3.1:8b|P1],5,llama3.1:8b,P1,,,,,,,,,,,,,1.0,projected,SLV,,,,0.6,0.6,,,SLV,1.0,0.6,1.0,0.0,0.0,0.0,,,,,,,,,,
prompt_fidelity,,,,,,,,,,,,,,,NLPI[llama3.1:8b|P1],5,llama3.1:8b,P1,,,,,,,,,,,,,1.0,raw,QQQ,SLV,0.0,0.02,0.6,0.6,0.0,-0.58,,,,,,,,,,,,,,,,,
prompt_fidelity,,,,,,,,,,,,,,,NLPI[llama3.1:8b|P1],5,llama3.1:8b,P1,,,,,,,,,,,,,1.0,projected,QQQ,,,,0.6,0.6,,,SLV,0.0,0.020000000000000004,0.0,-0.58,0.0,0.0,,,,,,,,,,
prompt_fidelity,,,,,,,,,,,,,,,NLPI[llama3.1:8b|P1],5,llama3.1:8b,P1,,,,,,,,,,,,,1.0,raw,QQQ,QQQ,1.0,0.6006006006006006,0.6,0.6,1.0,0.0006006006006006315,,,,,,,,,,,,,,,,,
prompt_fidelity,,,,,,,,,,,,,,,NLPI[llama3.1:8b|P1],5,llama3.1:8b,P1,,,,,,,,,,,,,1.0,projected,QQQ,,,,0.6,0.6,,,QQQ,1.0,0.6,1.0,0.0,0.0,0.0,,,,,,,,,,
prompt_fidelity,,,,,,,,,,,,,,,NLPI[llama3.1:8b|P1],5,llama3.1:8b,P1,,,,,,,,,,,,,1.0,raw,QQQ,QQQ,1.0,0.6006006006006006,0.6,0.6,1.0,0.0006006006006006315,,,,,,,,,,,,,,,,,
prompt_fidelity,,,,,,,,,,,,,,,NLPI[llama3.1:8b|P1],5,llama3.1:8b,P1,,,,,,,,,,,,,1.0,projected,QQQ,,,,0.6,0.6,,,QQQ,1.0,0.6,1.0,0.0,0.0,0.0,,,,,,,,,,
prompt_fidelity,,,,,,,,,,,,,,,NLPI[llama3.1:8b|P1],5,llama3.1:8b,P1,,,,,,,,,,,,,1.0,raw,QQQ,SLV,0.0,0.02,0.6,0.6,0.0,-0.58,,,,,,,,,,,,,,,,,
prompt_fidelity,,,,,,,,,,,,,,,NLPI[llama3.1:8b|P1],5,llama3.1:8b,P1,,,,,,,,,,,,,1.0,projected,QQQ,,,,0.6,0.6,,,SLV,0.0,0.020000000000000004,0.0,-0.58,0.0,0.0,,,,,,,,,,
prompt_fidelity,,,,,,,,,,,,,,,NLPI[llama3.1:8b|P1],5,llama3.1:8b,P1,,,,,,,,,,,,,1.0,raw,QQQ,SLV,0.0,0.02,0.6,0.6,0.0,-0.58,,,,,,,,,,,,,,,,,
prompt_fidelity,,,,,,,,,,,,,,,NLPI[llama3.1:8b|P1],5,llama3.1:8b,P1,,,,,,,,,,,,,1.0,projected,QQQ,,,,0.6,0.6,,,SLV,0.0,0.020000000000000004,0.0,-0.58,0.0,0.0,,,,,,,,,,
prompt_fidelity,,,,,,,,,,,,,,,NLPI[llama3.1:8b|P1],5,llama3.1:8b,P1,,,,,,,,,,,,,1.0,raw,QQQ,QQQ,1.0,0.6006006006006006,0.6,0.6,1.0,0.0006006006006006315,,,,,,,,,,,,,,,,,
prompt_fidelity,,,,,,,,,,,,,,,NLPI[llama3.1:8b|P1],5,llama3.1:8b,P1,,,,,,,,,,,,,1.0,projected,QQQ,,,,0.6,0.6,,,QQQ,1.0,0.6,1.0,0.0,0.0,0.0,,,,,,,,,,
prompt_fidelity,,,,,,,,,,,,,,,NLPI[llama3.1:8b|P1],5,llama3.1:8b,P1,,,,,,,,,,,,,1.0,raw,SLV,SLV,1.0,0.6000000000000001,0.6,0.6,1.0,1.1102230246251565e-16,,,,,,,,,,,,,,,,,
prompt_fidelity,,,,,,,,,,,,,,,NLPI[llama3.1:8b|P1],5,llama3.1:8b,P1,,,,,,,,,,,,,1.0,projected,SLV,,,,0.6,0.6,,,SLV,1.0,0.6,1.0,0.0,0.0,0.0,,,,,,,,,,
prompt_fidelity,,,,,,,,,,,,,,,NLPI[llama3.1:8b|P1],5,llama3.1:8b,P1,,,,,,,,,,,,,1.0,raw,QQQ,SLV,0.0,0.02,0.6,0.6,0.0,-0.58,,,,,,,,,,,,,,,,,
prompt_fidelity,,,,,,,,,,,,,,,NLPI[llama3.1:8b|P1],5,llama3.1:8b,P1,,,,,,,,,,,,,1.0,projected,QQQ,,,,0.6,0.6,,,SLV,0.0,0.020000000000000004,0.0,-0.58,0.0,0.0,,,,,,,,,,
prompt_fidelity,,,,,,,,,,,,,,,NLPI[llama3.1:8b|P1],5,llama3.1:8b,P1,,,,,,,,,,,,,1.0,raw,GLD,SLV,0.0,0.02,0.6,0.6,0.0,-0.58,,,,,,,,,,,,,,,,,
prompt_fidelity,,,,,,,,,,,,,,,NLPI[llama3.1:8b|P1],5,llama3.1:8b,P1,,,,,,,,,,,,,1.0,projected,GLD,,,,0.6,0.6,,,SLV,0.0,0.020000000000000004,0.0,-0.58,0.0,0.0,,,,,,,,,,
prompt_fidelity,,,,,,,,,,,,,,,NLPI[llama3.1:8b|P1],5,llama3.1:8b,P1,,,,,,,,,,,,,1.0,raw,GLD,SLV,0.0,0.02,0.6,0.6,0.0,-0.58,,,,,,,,,,,,,,,,,
prompt_fidelity,,,,,,,,,,,,,,,NLPI[llama3.1:8b|P1],5,llama3.1:8b,P1,,,,,,,,,,,,,1.0,projected,GLD,,,,0.6,0.6,,,SLV,0.0,0.020000000000000004,0.0,-0.58,0.0,0.0,,,,,,,,,,
prompt_fidelity,,,,,,,,,,,,,,,NLPI[llama3.1:8b|P1],5,llama3.1:8b,P1,,,,,,,,,,,,,1.0,raw,GLD,SLV,0.0,0.02,0.6,0.6,0.0,-0.58,,,,,,,,,,,,,,,,,
prompt_fidelity,,,,,,,,,,,,,,,NLPI[llama3.1:8b|P1],5,llama3.1:8b,P1,,,,,,,,,,,,,1.0,projected,GLD,,,,0.6,0.6,,,SLV,0.0,0.020000000000000004,0.0,-0.58,0.0,0.0,,,,,,,,,,
prompt_fidelity,,,,,,,,,,,,,,,NLPI[llama3.1:8b|P1],5,llama3.1:8b,P1,,,,,,,,,,,,,1.0,raw,GLD,SLV,0.0,0.0196078431372549,0.6,0.6,0.0,-0.580392156862745,,,,,,,,,,,,,,,,,
prompt_fidelity,,,,,,,,,,,,,,,NLPI[llama3.1:8b|P1],5,llama3.1:8b,P1,,,,,,,,,,,,,1.0,projected,GLD,,,,0.6,0.6,,,SLV,0.0,0.01960784313725489,0.0,-0.580392156862745,0.0,0.0,,,,,,,,,,
prompt_fidelity,,,,,,,,,,,,,,,NLPI[llama3.1:8b|P1],5,llama3.1:8b,P1,,,,,,,,,,,,,1.0,raw,GLD,SLV,0.0,0.02,0.6,0.6,0.0,-0.58,,,,,,,,,,,,,,,,,
prompt_fidelity,,,,,,,,,,,,,,,NLPI[llama3.1:8b|P1],5,llama3.1:8b,P1,,,,,,,,,,,,,1.0,projected,GLD,,,,0.6,0.6,,,SLV,0.0,0.020000000000000004,0.0,-0.58,0.0,0.0,,,,,,,,,,
prompt_fidelity,,,,,,,,,,,,,,,NLPI[llama3.1:8b|P2],5,llama3.1:8b,P2,,,,,,,,,,,,,2.0,raw,BIL,BIL,1.0,0.6122448979591837,0.6,0.6,1.0,0.01224489795918371,,,,,,,,,,,,,,,,,
prompt_fidelity,,,,,,,,,,,,,,,NLPI[llama3.1:8b|P2],5,llama3.1:8b,P2,,,,,,,,,,,,,2.0,projected,BIL,,,,0.6,0.6,,,BIL,1.0,0.6,1.0,0.0,0.0,0.0,,,,,,,,,,
prompt_fidelity,,,,,,,,,,,,,,,NLPI[llama3.1:8b|P2],5,llama3.1:8b,P2,,,,,,,,,,,,,2.0,raw,BIL,BIL,1.0,0.6006006006006006,0.6,0.6,1.0,0.0006006006006006315,,,,,,,,,,,,,,,,,
prompt_fidelity,,,,,,,,,,,,,,,NLPI[llama3.1:8b|P2],5,llama3.1:8b,P2,,,,,,,,,,,,,2.0,projected,BIL,,,,0.6,0.6,,,BIL,1.0,0.6,1.0,0.0,0.0,0.0,,,,,,,,,,
prompt_fidelity,,,,,,,,,,,,,,,NLPI[llama3.1:8b|P2],5,llama3.1:8b,P2,,,,,,,,,,,,,2.0,raw,BIL,BIL,1.0,0.6006006006006006,0.6,0.6,1.0,0.0006006006006006315,,,,,,,,,,,,,,,,,
prompt_fidelity,,,,,,,,,,,,,,,NLPI[llama3.1:8b|P2],5,llama3.1:8b,P2,,,,,,,,,,,,,2.0,projected,BIL,,,,0.6,0.6,,,BIL,1.0,0.6,1.0,0.0,0.0,0.0,,,,,,,,,,
prompt_fidelity,,,,,,,,,,,,,,,NLPI[llama3.1:8b|P2],5,llama3.1:8b,P2,,,,,,,,,,,,,2.0,raw,BIL,BIL,1.0,0.6006006006006006,0.6,0.6,1.0,0.0006006006006006315,,,,,,,,,,,,,,,,,
prompt_fidelity,,,,,,,,,,,,,,,NLPI[llama3.1:8b|P2],5,llama3.1:8b,P2,,,,,,,,,,,,,2.0,projected,BIL,,,,0.6,0.6,,,BIL,1.0,0.6,1.0,0.0,0.0,0.0,,,,,,,,,,
prompt_fidelity,,,,,,,,,,,,,,,NLPI[llama3.1:8b|P2],5,llama3.1:8b,P2,,,,,,,,,,,,,2.0,raw,BIL,BIL,1.0,0.6006006006006006,0.6,0.6,1.0,0.0006006006006006315,,,,,,,,,,,,,,,,,
prompt_fidelity,,,,,,,,,,,,,,,NLPI[llama3.1:8b|P2],5,llama3.1:8b,P2,,,,,,,,,,,,,2.0,projected,BIL,,,,0.6,0.6,,,BIL,1.0,0.6,1.0,0.0,0.0,0.0,,,,,,,,,,
prompt_fidelity,,,,,,,,,,,,,,,NLPI[llama3.1:8b|P2],5,llama3.1:8b,P2,,,,,,,,,,,,,2.0,raw,BIL,BIL,1.0,0.6122448979591837,0.6,0.6,1.0,0.01224489795918371,,,,,,,,,,,,,,,,,
prompt_fidelity,,,,,,,,,,,,,,,NLPI[llama3.1:8b|P2],5,llama3.1:8b,P2,,,,,,,,,,,,,2.0,projected,BIL,,,,0.6,0.6,,,BIL,1.0,0.6,1.0,0.0,0.0,0.0,,,,,,,,,,
prompt_fidelity,,,,,,,,,,,,,,,NLPI[llama3.1:8b|P2],5,llama3.1:8b,P2,,,,,,,,,,,,,2.0,raw,BIL,BIL,1.0,0.6122448979591837,0.6,0.6,1.0,0.01224489795918371,,,,,,,,,,,,,,,,,
prompt_fidelity,,,,,,,,,,,,,,,NLPI[llama3.1:8b|P2],5,llama3.1:8b,P2,,,,,,,,,,,,,2.0,projected,BIL,,,,0.6,0.6,,,BIL,1.0,0.6,1.0,0.0,0.0,0.0,,,,,,,,,,
prompt_fidelity,,,,,,,,,,,,,,,NLPI[llama3.1:8b|P2],5,llama3.1:8b,P2,,,,,,,,,,,,,2.0,raw,BIL,BIL,1.0,0.6122448979591837,0.6,0.6,1.0,0.01224489795918371,,,,,,,,,,,,,,,,,
prompt_fidelity,,,,,,,,,,,,,,,NLPI[llama3.1:8b|P2],5,llama3.1:8b,P2,,,,,,,,,,,,,2.0,projected,BIL,,,,0.6,0.6,,,BIL,1.0,0.6,1.0,0.0,0.0,0.0,,,,,,,,,,
prompt_fidelity,,,,,,,,,,,,,,,NLPI[llama3.1:8b|P2],5,llama3.1:8b,P2,,,,,,,,,,,,,2.0,raw,BIL,BIL,1.0,0.9404388714733543,0.6,0.6,1.0,0.3404388714733543,,,,,,,,,,,,,,,,,
prompt_fidelity,,,,,,,,,,,,,,,NLPI[llama3.1:8b|P2],5,llama3.1:8b,P2,,,,,,,,,,,,,2.0,projected,BIL,,,,0.6,0.6,,,BIL,1.0,0.6,1.0,0.0,0.0,0.0,,,,,,,,,,
prompt_fidelity,,,,,,,,,,,,,,,NLPI[llama3.1:8b|P2],5,llama3.1:8b,P2,,,,,,,,,,,,,2.0,raw,BIL,BIL,1.0,0.6122448979591837,0.6,0.6,1.0,0.01224489795918371,,,,,,,,,,,,,,,,,
prompt_fidelity,,,,,,,,,,,,,,,NLPI[llama3.1:8b|P2],5,llama3.1:8b,P2,,,,,,,,,,,,,2.0,projected,BIL,,,,0.6,0.6,,,BIL,1.0,0.6,1.0,0.0,0.0,0.0,,,,,,,,,,
prompt_fidelity,,,,,,,,,,,,,,,NLPI[llama3.1:8b|P2],5,llama3.1:8b,P2,,,,,,,,,,,,,2.0,raw,BIL,BIL,1.0,0.6006006006006006,0.6,0.6,1.0,0.0006006006006006315,,,,,,,,,,,,,,,,,
prompt_fidelity,,,,,,,,,,,,,,,NLPI[llama3.1:8b|P2],5,llama3.1:8b,P2,,,,,,,,,,,,,2.0,projected,BIL,,,,0.6,0.6,,,BIL,1.0,0.6,1.0,0.0,0.0,0.0,,,,,,,,,,
prompt_fidelity,,,,,,,,,,,,,,,NLPI[llama3.1:8b|P2],5,llama3.1:8b,P2,,,,,,,,,,,,,2.0,raw,BIL,BIL,1.0,0.6500541711809318,0.6,0.6,1.0,0.050054171180931806,,,,,,,,,,,,,,,,,
prompt_fidelity,,,,,,,,,,,,,,,NLPI[llama3.1:8b|P2],5,llama3.1:8b,P2,,,,,,,,,,,,,2.0,projected,BIL,,,,0.6,0.6,,,BIL,1.0,0.6,1.0,0.0,0.0,0.0,,,,,,,,,,
prompt_fidelity,,,,,,,,,,,,,,,NLPI[llama3.1:8b|P2],5,llama3.1:8b,P2,,,,,,,,,,,,,2.0,raw,BIL,BIL,1.0,0.6006006006006006,0.6,0.6,1.0,0.0006006006006006315,,,,,,,,,,,,,,,,,
prompt_fidelity,,,,,,,,,,,,,,,NLPI[llama3.1:8b|P2],5,llama3.1:8b,P2,,,,,,,,,,,,,2.0,projected,BIL,,,,0.6,0.6,,,BIL,1.0,0.6,1.0,0.0,0.0,0.0,,,,,,,,,,
prompt_fidelity,,,,,,,,,,,,,,,NLPI[llama3.1:8b|P2],5,llama3.1:8b,P2,,,,,,,,,,,,,2.0,raw,BIL,BIL,1.0,0.6006006006006006,0.6,0.6,1.0,0.0006006006006006315,,,,,,,,,,,,,,,,,
prompt_fidelity,,,,,,,,,,,,,,,NLPI[llama3.1:8b|P2],5,llama3.1:8b,P2,,,,,,,,,,,,,2.0,projected,BIL,,,,0.6,0.6,,,BIL,1.0,0.6,1.0,0.0,0.0,0.0,,,,,,,,,,
prompt_fidelity,,,,,,,,,,,,,,,NLPI[llama3.1:8b|P2],5,llama3.1:8b,P2,,,,,,,,,,,,,2.0,raw,BIL,BIL,1.0,0.7083825265643447,0.6,0.6,1.0,0.10838252656434477,,,,,,,,,,,,,,,,,
prompt_fidelity,,,,,,,,,,,,,,,NLPI[llama3.1:8b|P2],5,llama3.1:8b,P2,,,,,,,,,,,,,2.0,projected,BIL,,,,0.6,0.6,,,BIL,1.0,0.6,1.0,0.0,0.0,0.0,,,,,,,,,,
prompt_fidelity,,,,,,,,,,,,,,,NLPI[llama3.1:8b|P2],5,llama3.1:8b,P2,,,,,,,,,,,,,2.0,raw,BIL,BIL,1.0,0.6122448979591837,0.6,0.6,1.0,0.01224489795918371,,,,,,,,,,,,,,,,,
prompt_fidelity,,,,,,,,,,,,,,,NLPI[llama3.1:8b|P2],5,llama3.1:8b,P2,,,,,,,,,,,,,2.0,projected,BIL,,,,0.6,0.6,,,BIL,1.0,0.6,1.0,0.0,0.0,0.0,,,,,,,,,,
prompt_fidelity,,,,,,,,,,,,,,,NLPI[llama3.1:8b|P2],5,llama3.1:8b,P2,,,,,,,,,,,,,2.0,raw,BIL,BIL,1.0,0.6122448979591837,0.6,0.6,1.0,0.01224489795918371,,,,,,,,,,,,,,,,,
prompt_fidelity,,,,,,,,,,,,,,,NLPI[llama3.1:8b|P2],5,llama3.1:8b,P2,,,,,,,,,,,,,2.0,projected,BIL,,,,0.6,0.6,,,BIL,1.0,0.6,1.0,0.0,0.0,0.0,,,,,,,,,,
prompt_fidelity,,,,,,,,,,,,,,,NLPI[llama3.1:8b|P2],5,llama3.1:8b,P2,,,,,,,,,,,,,2.0,raw,BIL,BIL,1.0,0.6006006006006006,0.6,0.6,1.0,0.0006006006006006315,,,,,,,,,,,,,,,,,
prompt_fidelity,,,,,,,,,,,,,,,NLPI[llama3.1:8b|P2],5,llama3.1:8b,P2,,,,,,,,,,,,,2.0,projected,BIL,,,,0.6,0.6,,,BIL,1.0,0.6,1.0,0.0,0.0,0.0,,,,,,,,,,
prompt_fidelity,,,,,,,,,,,,,,,NLPI[llama3.1:8b|P3],5,llama3.1:8b,P3,,,,,,,,,,,,,3.0,raw,UUP,SLV,0.0,0.0196078431372549,0.6,0.6,0.0,-0.580392156862745,,,,,,,,,,,,,,,,,
prompt_fidelity,,,,,,,,,,,,,,,NLPI[llama3.1:8b|P3],5,llama3.1:8b,P3,,,,,,,,,,,,,3.0,projected,UUP,,,,0.6,0.6,,,SLV,0.0,0.01960784313725489,0.0,-0.580392156862745,0.0,0.0,,,,,,,,,,
prompt_fidelity,,,,,,,,,,,,,,,NLPI[llama3.1:8b|P3],5,llama3.1:8b,P3,,,,,,,,,,,,,3.0,raw,DBC,SLV,0.0,0.0196078431372549,0.6,0.6,0.0,-0.580392156862745,,,,,,,,,,,,,,,,,
prompt_fidelity,,,,,,,,,,,,,,,NLPI[llama3.1:8b|P3],5,llama3.1:8b,P3,,,,,,,,,,,,,3.0,projected,DBC,,,,0.6,0.6,,,SLV,0.0,0.01960784313725489,0.0,-0.580392156862745,0.0,0.0,,,,,,,,,,
prompt_fidelity,,,,,,,,,,,,,,,NLPI[llama3.1:8b|P3],5,llama3.1:8b,P3,,,,,,,,,,,,,3.0,raw,EEM,DBC,0.0,0.019019019019019017,0.6,0.6,0.0,-0.5809809809809809,,,,,,,,,,,,,,,,,
prompt_fidelity,,,,,,,,,,,,,,,NLPI[llama3.1:8b|P3],5,llama3.1:8b,P3,,,,,,,,,,,,,3.0,projected,EEM,,,,0.6,0.6,,,DBC,0.0,0.019047619047619053,0.0,-0.5809523809523809,0.0,0.0,,,,,,,,,,
prompt_fidelity,,,,,,,,,,,,,,,NLPI[llama3.1:8b|P3],5,llama3.1:8b,P3,,,,,,,,,,,,,3.0,raw,GLD,DBC,0.0,0.0,0.6,0.6,0.0,-0.6,,,,,,,,,,,,,,,,,
prompt_fidelity,,,,,,,,,,,,,,,NLPI[llama3.1:8b|P3],5,llama3.1:8b,P3,,,,,,,,,,,,,3.0,projected,GLD,,,,0.6,0.6,,,DBC,0.0,0.017585968151396264,0.0,-0.5824140318486037,0.0,0.0,,,,,,,,,,
prompt_fidelity,,,,,,,,,,,,,,,NLPI[llama3.1:8b|P3],5,llama3.1:8b,P3,,,,,,,,,,,,,3.0,raw,TLT,DBC,0.0,0.0,0.6,0.6,0.0,-0.6,,,,,,,,,,,,,,,,,
prompt_fidelity,,,,,,,,,,,,,,,NLPI[llama3.1:8b|P3],5,llama3.1:8b,P3,,,,,,,,,,,,,3.0,projected,TLT,,,,0.6,0.6,,,DBC,0.0,0.017585968151396264,0.0,-0.5824140318486037,0.0,0.0,,,,,,,,,,
prompt_fidelity,,,,,,,,,,,,,,,NLPI[llama3.1:8b|P3],5,llama3.1:8b,P3,,,,,,,,,,,,,3.0,raw,VNQ,DBC,0.0,0.019019019019019017,0.6,0.6,0.0,-0.5809809809809809,,,,,,,,,,,,,,,,,
prompt_fidelity,,,,,,,,,,,,,,,NLPI[llama3.1:8b|P3],5,llama3.1:8b,P3,,,,,,,,,,,,,3.0,projected,VNQ,,,,0.6,0.6,,,DBC,0.0,0.019047619047619053,0.0,-0.5809523809523809,0.0,0.0,,,,,,,,,,
prompt_fidelity,,,,,,,,,,,,,,,NLPI[llama3.1:8b|P3],5,llama3.1:8b,P3,,,,,,,,,,,,,3.0,raw,DBC,DBC,1.0,0.9693053311793215,0.6,0.6,1.0,0.3693053311793215,,,,,,,,,,,,,,,,,
prompt_fidelity,,,,,,,,,,,,,,,NLPI[llama3.1:8b|P3],5,llama3.1:8b,P3,,,,,,,,,,,,,3.0,projected,DBC,,,,0.6,0.6,,,DBC,1.0,0.5999999999999999,1.0,-1.1102230246251565e-16,0.0,0.0,,,,,,,,,,
prompt_fidelity,,,,,,,,,,,,,,,NLPI[llama3.1:8b|P3],5,llama3.1:8b,P3,,,,,,,,,,,,,3.0,raw,DBC,DBC,1.0,0.6006006006006006,0.6,0.6,1.0,0.0006006006006006315,,,,,,,,,,,,,,,,,
prompt_fidelity,,,,,,,,,,,,,,,NLPI[llama3.1:8b|P3],5,llama3.1:8b,P3,,,,,,,,,,,,,3.0,projected,DBC,,,,0.6,0.6,,,DBC,1.0,0.6,1.0,0.0,0.0,0.0,,,,,,,,,,
prompt_fidelity,,,,,,,,,,,,,,,NLPI[llama3.1:8b|P3],5,llama3.1:8b,P3,,,,,,,,,,,,,3.0,raw,TLT,DBC,0.0,0.0,0.6,0.6,0.0,-0.6,,,,,,,,,,,,,,,,,
prompt_fidelity,,,,,,,,,,,,,,,NLPI[llama3.1:8b|P3],5,llama3.1:8b,P3,,,,,,,,,,,,,3.0,projected,TLT,,,,0.6,0.6,,,DBC,0.0,0.017585968151396264,0.0,-0.5824140318486037,0.0,0.0,,,,,,,,,,
prompt_fidelity,,,,,,,,,,,,,,,NLPI[llama3.1:8b|P3],5,llama3.1:8b,P3,,,,,,,,,,,,,3.0,raw,IWM,SLV,0.0,0.0196078431372549,0.6,0.6,0.0,-0.580392156862745,,,,,,,,,,,,,,,,,
prompt_fidelity,,,,,,,,,,,,,,,NLPI[llama3.1:8b|P3],5,llama3.1:8b,P3,,,,,,,,,,,,,3.0,projected,IWM,,,,0.6,0.6,,,SLV,0.0,0.01960784313725489,0.0,-0.580392156862745,0.0,0.0,,,,,,,,,,
prompt_fidelity,,,,,,,,,,,,,,,NLPI[llama3.1:8b|P3],5,llama3.1:8b,P3,,,,,,,,,,,,,3.0,raw,DBC,SLV,0.0,0.0196078431372549,0.6,0.6,0.0,-0.580392156862745,,,,,,,,,,,,,,,,,
prompt_fidelity,,,,,,,,,,,,,,,NLPI[llama3.1:8b|P3],5,llama3.1:8b,P3,,,,,,,,,,,,,3.0,projected,DBC,,,,0.6,0.6,,,SLV,0.0,0.01960784313725489,0.0,-0.580392156862745,0.0,0.0,,,,,,,,,,
prompt_fidelity,,,,,,,,,,,,,,,NLPI[llama3.1:8b|P3],5,llama3.1:8b,P3,,,,,,,,,,,,,3.0,raw,IWM,DBC,0.0,0.019019019019019017,0.6,0.6,0.0,-0.5809809809809809,,,,,,,,,,,,,,,,,
prompt_fidelity,,,,,,,,,,,,,,,NLPI[llama3.1:8b|P3],5,llama3.1:8b,P3,,,,,,,,,,,,,3.0,projected,IWM,,,,0.6,0.6,,,DBC,0.0,0.019047619047619053,0.0,-0.5809523809523809,0.0,0.0,,,,,,,,,,
prompt_fidelity,,,,,,,,,,,,,,,NLPI[llama3.1:8b|P3],5,llama3.1:8b,P3,,,,,,,,,,,,,3.0,raw,TLT,DBC,0.0,0.0,0.6,0.6,0.0,-0.6,,,,,,,,,,,,,,,,,
prompt_fidelity,,,,,,,,,,,,,,,NLPI[llama3.1:8b|P3],5,llama3.1:8b,P3,,,,,,,,,,,,,3.0,projected,TLT,,,,0.6,0.6,,,DBC,0.0,0.017585968151396264,0.0,-0.5824140318486037,0.0,0.0,,,,,,,,,,
prompt_fidelity,,,,,,,,,,,,,,,NLPI[llama3.1:8b|P3],5,llama3.1:8b,P3,,,,,,,,,,,,,3.0,raw,IWM,SLV,0.0,0.0196078431372549,0.6,0.6,0.0,-0.580392156862745,,,,,,,,,,,,,,,,,
prompt_fidelity,,,,,,,,,,,,,,,NLPI[llama3.1:8b|P3],5,llama3.1:8b,P3,,,,,,,,,,,,,3.0,projected,IWM,,,,0.6,0.6,,,SLV,0.0,0.01960784313725489,0.0,-0.580392156862745,0.0,0.0,,,,,,,,,,
prompt_fidelity,,,,,,,,,,,,,,,NLPI[llama3.1:8b|P3],5,llama3.1:8b,P3,,,,,,,,,,,,,3.0,raw,IWM,DBC,0.0,0.0,0.6,0.6,0.0,-0.6,,,,,,,,,,,,,,,,,
prompt_fidelity,,,,,,,,,,,,,,,NLPI[llama3.1:8b|P3],5,llama3.1:8b,P3,,,,,,,,,,,,,3.0,projected,IWM,,,,0.6,0.6,,,DBC,0.0,0.017585968151396264,0.0,-0.5824140318486037,0.0,0.0,,,,,,,,,,
prompt_fidelity,,,,,,,,,,,,,,,NLPI[llama3.1:8b|P3],5,llama3.1:8b,P3,,,,,,,,,,,,,3.0,raw,UUP,DBC,0.0,0.019019019019019017,0.6,0.6,0.0,-0.5809809809809809,,,,,,,,,,,,,,,,,
prompt_fidelity,,,,,,,,,,,,,,,NLPI[llama3.1:8b|P3],5,llama3.1:8b,P3,,,,,,,,,,,,,3.0,projected,UUP,,,,0.6,0.6,,,DBC,0.0,0.019047619047619053,0.0,-0.5809523809523809,0.0,0.0,,,,,,,,,,
prompt_fidelity,,,,,,,,,,,,,,,NLPI[llama3.1:8b|P3],5,llama3.1:8b,P3,,,,,,,,,,,,,3.0,raw,UUP,SLV,0.0,0.0196078431372549,0.6,0.6,0.0,-0.580392156862745,,,,,,,,,,,,,,,,,
prompt_fidelity,,,,,,,,,,,,,,,NLPI[llama3.1:8b|P3],5,llama3.1:8b,P3,,,,,,,,,,,,,3.0,projected,UUP,,,,0.6,0.6,,,SLV,0.0,0.01960784313725489,0.0,-0.580392156862745,0.0,0.0,,,,,,,,,,
prompt_fidelity,,,,,,,,,,,,,,,NLPI[llama3.1:8b|P3],5,llama3.1:8b,P3,,,,,,,,,,,,,3.0,raw,DBC,SLV,0.0,0.0196078431372549,0.6,0.6,0.0,-0.580392156862745,,,,,,,,,,,,,,,,,
prompt_fidelity,,,,,,,,,,,,,,,NLPI[llama3.1:8b|P3],5,llama3.1:8b,P3,,,,,,,,,,,,,3.0,projected,DBC,,,,0.6,0.6,,,SLV,0.0,0.01960784313725489,0.0,-0.580392156862745,0.0,0.0,,,,,,,,,,
prompt_fidelity,,,,,,,,,,,,,,,NLPI[llama3.1:8b|P4],5,llama3.1:8b,P4,,,,,,,,,,,,,4.0,raw,,,,,,,,,,,,,,,,,,0.0,1.0,,,,,,
prompt_fidelity,,,,,,,,,,,,,,,NLPI[llama3.1:8b|P4],5,llama3.1:8b,P4,,,,,,,,,,,,,4.0,projected,,,,,,,,,,,,,,,,,,,,3.0531133177191805e-16,1.0,,,,
prompt_fidelity,,,,,,,,,,,,,,,NLPI[llama3.1:8b|P4],5,llama3.1:8b,P4,,,,,,,,,,,,,4.0,raw,,,,,,,,,,,,,,,,,,0.0,1.0,,,,,,
prompt_fidelity,,,,,,,,,,,,,,,NLPI[llama3.1:8b|P4],5,llama3.1:8b,P4,,,,,,,,,,,,,4.0,projected,,,,,,,,,,,,,,,,,,,,3.0531133177191805e-16,1.0,,,,
prompt_fidelity,,,,,,,,,,,,,,,NLPI[llama3.1:8b|P4],5,llama3.1:8b,P4,,,,,,,,,,,,,4.0,raw,,,,,,,,,,,,,,,,,,0.0,1.0,,,,,,
prompt_fidelity,,,,,,,,,,,,,,,NLPI[llama3.1:8b|P4],5,llama3.1:8b,P4,,,,,,,,,,,,,4.0,projected,,,,,,,,,,,,,,,,,,,,3.0531133177191805e-16,1.0,,,,
prompt_fidelity,,,,,,,,,,,,,,,NLPI[llama3.1:8b|P4],5,llama3.1:8b,P4,,,,,,,,,,,,,4.0,raw,,,,,,,,,,,,,,,,,,0.0,1.0,,,,,,
prompt_fidelity,,,,,,,,,,,,,,,NLPI[llama3.1:8b|P4],5,llama3.1:8b,P4,,,,,,,,,,,,,4.0,projected,,,,,,,,,,,,,,,,,,,,3.0531133177191805e-16,1.0,,,,
prompt_fidelity,,,,,,,,,,,,,,,NLPI[llama3.1:8b|P4],5,llama3.1:8b,P4,,,,,,,,,,,,,4.0,raw,,,,,,,,,,,,,,,,,,0.0,1.0,,,,,,
prompt_fidelity,,,,,,,,,,,,,,,NLPI[llama3.1:8b|P4],5,llama3.1:8b,P4,,,,,,,,,,,,,4.0,projected,,,,,,,,,,,,,,,,,,,,3.0531133177191805e-16,1.0,,,,
prompt_fidelity,,,,,,,,,,,,,,,NLPI[llama3.1:8b|P4],5,llama3.1:8b,P4,,,,,,,,,,,,,4.0,raw,,,,,,,,,,,,,,,,,,0.0,1.0,,,,,,
prompt_fidelity,,,,,,,,,,,,,,,NLPI[llama3.1:8b|P4],5,llama3.1:8b,P4,,,,,,,,,,,,,4.0,projected,,,,,,,,,,,,,,,,,,,,3.0531133177191805e-16,1.0,,,,
prompt_fidelity,,,,,,,,,,,,,,,NLPI[llama3.1:8b|P4],5,llama3.1:8b,P4,,,,,,,,,,,,,4.0,raw,,,,,,,,,,,,,,,,,,0.0,1.0,,,,,,
prompt_fidelity,,,,,,,,,,,,,,,NLPI[llama3.1:8b|P4],5,llama3.1:8b,P4,,,,,,,,,,,,,4.0,projected,,,,,,,,,,,,,,,,,,,,3.0531133177191805e-16,1.0,,,,
prompt_fidelity,,,,,,,,,,,,,,,NLPI[llama3.1:8b|P4],5,llama3.1:8b,P4,,,,,,,,,,,,,4.0,raw,,,,,,,,,,,,,,,,,,0.0,1.0,,,,,,
prompt_fidelity,,,,,,,,,,,,,,,NLPI[llama3.1:8b|P4],5,llama3.1:8b,P4,,,,,,,,,,,,,4.0,projected,,,,,,,,,,,,,,,,,,,,3.0531133177191805e-16,1.0,,,,
prompt_fidelity,,,,,,,,,,,,,,,NLPI[llama3.1:8b|P4],5,llama3.1:8b,P4,,,,,,,,,,,,,4.0,raw,,,,,,,,,,,,,,,,,,0.0,1.0,,,,,,
prompt_fidelity,,,,,,,,,,,,,,,NLPI[llama3.1:8b|P4],5,llama3.1:8b,P4,,,,,,,,,,,,,4.0,projected,,,,,,,,,,,,,,,,,,,,3.0531133177191805e-16,1.0,,,,
prompt_fidelity,,,,,,,,,,,,,,,NLPI[llama3.1:8b|P4],5,llama3.1:8b,P4,,,,,,,,,,,,,4.0,raw,,,,,,,,,,,,,,,,,,0.0,1.0,,,,,,
prompt_fidelity,,,,,,,,,,,,,,,NLPI[llama3.1:8b|P4],5,llama3.1:8b,P4,,,,,,,,,,,,,4.0,projected,,,,,,,,,,,,,,,,,,,,3.0531133177191805e-16,1.0,,,,
prompt_fidelity,,,,,,,,,,,,,,,NLPI[llama3.1:8b|P4],5,llama3.1:8b,P4,,,,,,,,,,,,,4.0,raw,,,,,,,,,,,,,,,,,,0.0,1.0,,,,,,
prompt_fidelity,,,,,,,,,,,,,,,NLPI[llama3.1:8b|P4],5,llama3.1:8b,P4,,,,,,,,,,,,,4.0,projected,,,,,,,,,,,,,,,,,,,,3.0531133177191805e-16,1.0,,,,
prompt_fidelity,,,,,,,,,,,,,,,NLPI[llama3.1:8b|P4],5,llama3.1:8b,P4,,,,,,,,,,,,,4.0,raw,,,,,,,,,,,,,,,,,,0.0,1.0,,,,,,
prompt_fidelity,,,,,,,,,,,,,,,NLPI[llama3.1:8b|P4],5,llama3.1:8b,P4,,,,,,,,,,,,,4.0,projected,,,,,,,,,,,,,,,,,,,,3.0531133177191805e-16,1.0,,,,
prompt_fidelity,,,,,,,,,,,,,,,NLPI[llama3.1:8b|P4],5,llama3.1:8b,P4,,,,,,,,,,,,,4.0,raw,,,,,,,,,,,,,,,,,,0.0,1.0,,,,,,
prompt_fidelity,,,,,,,,,,,,,,,NLPI[llama3.1:8b|P4],5,llama3.1:8b,P4,,,,,,,,,,,,,4.0,projected,,,,,,,,,,,,,,,,,,,,3.0531133177191805e-16,1.0,,,,
prompt_fidelity,,,,,,,,,,,,,,,NLPI[llama3.1:8b|P4],5,llama3.1:8b,P4,,,,,,,,,,,,,4.0,raw,,,,,,,,,,,,,,,,,,0.0,1.0,,,,,,
prompt_fidelity,,,,,,,,,,,,,,,NLPI[llama3.1:8b|P4],5,llama3.1:8b,P4,,,,,,,,,,,,,4.0,projected,,,,,,,,,,,,,,,,,,,,3.0531133177191805e-16,1.0,,,,
prompt_fidelity,,,,,,,,,,,,,,,NLPI[llama3.1:8b|P4],5,llama3.1:8b,P4,,,,,,,,,,,,,4.0,raw,,,,,,,,,,,,,,,,,,0.0,1.0,,,,,,
prompt_fidelity,,,,,,,,,,,,,,,NLPI[llama3.1:8b|P4],5,llama3.1:8b,P4,,,,,,,,,,,,,4.0,projected,,,,,,,,,,,,,,,,,,,,3.0531133177191805e-16,1.0,,,,
prompt_fidelity,,,,,,,,,,,,,,,NLPI[llama3.1:8b|P4],5,llama3.1:8b,P4,,,,,,,,,,,,,4.0,raw,,,,,,,,,,,,,,,,,,0.0,1.0,,,,,,
prompt_fidelity,,,,,,,,,,,,,,,NLPI[llama3.1:8b|P4],5,llama3.1:8b,P4,,,,,,,,,,,,,4.0,projected,,,,,,,,,,,,,,,,,,,,3.0531133177191805e-16,1.0,,,,
prompt_fidelity,,,,,,,,,,,,,,,NLPI[llama3.1:8b|P4],5,llama3.1:8b,P4,,,,,,,,,,,,,4.0,raw,,,,,,,,,,,,,,,,,,0.0,1.0,,,,,,
prompt_fidelity,,,,,,,,,,,,,,,NLPI[llama3.1:8b|P4],5,llama3.1:8b,P4,,,,,,,,,,,,,4.0,projected,,,,,,,,,,,,,,,,,,,,3.0531133177191805e-16,1.0,,,,
prompt_fidelity,,,,,,,,,,,,,,,NLPI[llama3.1:8b|P4],5,llama3.1:8b,P4,,,,,,,,,,,,,4.0,raw,,,,,,,,,,,,,,,,,,0.0,1.0,,,,,,
prompt_fidelity,,,,,,,,,,,,,,,NLPI[llama3.1:8b|P4],5,llama3.1:8b,P4,,,,,,,,,,,,,4.0,projected,,,,,,,,,,,,,,,,,,,,3.0531133177191805e-16,1.0,,,,
prompt_fidelity,,,,,,,,,,,,,,,NLPI[llama3.1:8b|P5],5,llama3.1:8b,P5,,,,,,,,,,,,,5.0,raw,,,,,,,,,,,,,,,,,,,,,,0.045454545454545456,1.0,,
prompt_fidelity,,,,,,,,,,,,,,,NLPI[llama3.1:8b|P5],5,llama3.1:8b,P5,,,,,,,,,,,,,5.0,projected,,,,,,,,,,,,,,,,,,,,,,,,0.04545454545454548,1.0
prompt_fidelity,,,,,,,,,,,,,,,NLPI[llama3.1:8b|P5],5,llama3.1:8b,P5,,,,,,,,,,,,,5.0,raw,,,,,,,,,,,,,,,,,,,,,,0.045454545454545456,1.0,,
prompt_fidelity,,,,,,,,,,,,,,,NLPI[llama3.1:8b|P5],5,llama3.1:8b,P5,,,,,,,,,,,,,5.0,projected,,,,,,,,,,,,,,,,,,,,,,,,0.04545454545454548,1.0
prompt_fidelity,,,,,,,,,,,,,,,NLPI[llama3.1:8b|P5],5,llama3.1:8b,P5,,,,,,,,,,,,,5.0,raw,,,,,,,,,,,,,,,,,,,,,,0.045454545454545456,1.0,,
prompt_fidelity,,,,,,,,,,,,,,,NLPI[llama3.1:8b|P5],5,llama3.1:8b,P5,,,,,,,,,,,,,5.0,projected,,,,,,,,,,,,,,,,,,,,,,,,0.04545454545454548,1.0
prompt_fidelity,,,,,,,,,,,,,,,NLPI[llama3.1:8b|P5],5,llama3.1:8b,P5,,,,,,,,,,,,,5.0,raw,,,,,,,,,,,,,,,,,,,,,,0.045454545454545456,1.0,,
prompt_fidelity,,,,,,,,,,,,,,,NLPI[llama3.1:8b|P5],5,llama3.1:8b,P5,,,,,,,,,,,,,5.0,projected,,,,,,,,,,,,,,,,,,,,,,,,0.04545454545454548,1.0
prompt_fidelity,,,,,,,,,,,,,,,NLPI[llama3.1:8b|P5],5,llama3.1:8b,P5,,,,,,,,,,,,,5.0,raw,,,,,,,,,,,,,,,,,,,,,,0.045454545454545456,1.0,,
prompt_fidelity,,,,,,,,,,,,,,,NLPI[llama3.1:8b|P5],5,llama3.1:8b,P5,,,,,,,,,,,,,5.0,projected,,,,,,,,,,,,,,,,,,,,,,,,0.04545454545454548,1.0
prompt_fidelity,,,,,,,,,,,,,,,NLPI[llama3.1:8b|P5],5,llama3.1:8b,P5,,,,,,,,,,,,,5.0,raw,,,,,,,,,,,,,,,,,,,,,,0.045454545454545456,1.0,,
prompt_fidelity,,,,,,,,,,,,,,,NLPI[llama3.1:8b|P5],5,llama3.1:8b,P5,,,,,,,,,,,,,5.0,projected,,,,,,,,,,,,,,,,,,,,,,,,0.04545454545454548,1.0
prompt_fidelity,,,,,,,,,,,,,,,NLPI[llama3.1:8b|P5],5,llama3.1:8b,P5,,,,,,,,,,,,,5.0,raw,,,,,,,,,,,,,,,,,,,,,,0.045454545454545456,1.0,,
prompt_fidelity,,,,,,,,,,,,,,,NLPI[llama3.1:8b|P5],5,llama3.1:8b,P5,,,,,,,,,,,,,5.0,projected,,,,,,,,,,,,,,,,,,,,,,,,0.04545454545454548,1.0
prompt_fidelity,,,,,,,,,,,,,,,NLPI[llama3.1:8b|P5],5,llama3.1:8b,P5,,,,,,,,,,,,,5.0,raw,,,,,,,,,,,,,,,,,,,,,,0.045454545454545456,1.0,,
prompt_fidelity,,,,,,,,,,,,,,,NLPI[llama3.1:8b|P5],5,llama3.1:8b,P5,,,,,,,,,,,,,5.0,projected,,,,,,,,,,,,,,,,,,,,,,,,0.04545454545454548,1.0
prompt_fidelity,,,,,,,,,,,,,,,NLPI[llama3.1:8b|P5],5,llama3.1:8b,P5,,,,,,,,,,,,,5.0,raw,,,,,,,,,,,,,,,,,,,,,,0.045454545454545456,1.0,,
prompt_fidelity,,,,,,,,,,,,,,,NLPI[llama3.1:8b|P5],5,llama3.1:8b,P5,,,,,,,,,,,,,5.0,projected,,,,,,,,,,,,,,,,,,,,,,,,0.04545454545454548,1.0
prompt_fidelity,,,,,,,,,,,,,,,NLPI[llama3.1:8b|P5],5,llama3.1:8b,P5,,,,,,,,,,,,,5.0,raw,,,,,,,,,,,,,,,,,,,,,,0.045454545454545456,1.0,,
prompt_fidelity,,,,,,,,,,,,,,,NLPI[llama3.1:8b|P5],5,llama3.1:8b,P5,,,,,,,,,,,,,5.0,projected,,,,,,,,,,,,,,,,,,,,,,,,0.04545454545454548,1.0
prompt_fidelity,,,,,,,,,,,,,,,NLPI[llama3.1:8b|P5],5,llama3.1:8b,P5,,,,,,,,,,,,,5.0,raw,,,,,,,,,,,,,,,,,,,,,,0.045454545454545456,1.0,,
prompt_fidelity,,,,,,,,,,,,,,,NLPI[llama3.1:8b|P5],5,llama3.1:8b,P5,,,,,,,,,,,,,5.0,projected,,,,,,,,,,,,,,,,,,,,,,,,0.04545454545454548,1.0
prompt_fidelity,,,,,,,,,,,,,,,NLPI[llama3.1:8b|P5],5,llama3.1:8b,P5,,,,,,,,,,,,,5.0,raw,,,,,,,,,,,,,,,,,,,,,,0.045454545454545456,1.0,,
prompt_fidelity,,,,,,,,,,,,,,,NLPI[llama3.1:8b|P5],5,llama3.1:8b,P5,,,,,,,,,,,,,5.0,projected,,,,,,,,,,,,,,,,,,,,,,,,0.04545454545454548,1.0
prompt_fidelity,,,,,,,,,,,,,,,NLPI[llama3.1:8b|P5],5,llama3.1:8b,P5,,,,,,,,,,,,,5.0,raw,,,,,,,,,,,,,,,,,,,,,,0.045454545454545456,1.0,,
prompt_fidelity,,,,,,,,,,,,,,,NLPI[llama3.1:8b|P5],5,llama3.1:8b,P5,,,,,,,,,,,,,5.0,projected,,,,,,,,,,,,,,,,,,,,,,,,0.04545454545454548,1.0
prompt_fidelity,,,,,,,,,,,,,,,NLPI[llama3.1:8b|P5],5,llama3.1:8b,P5,,,,,,,,,,,,,5.0,raw,,,,,,,,,,,,,,,,,,,,,,0.045454545454545456,1.0,,
prompt_fidelity,,,,,,,,,,,,,,,NLPI[llama3.1:8b|P5],5,llama3.1:8b,P5,,,,,,,,,,,,,5.0,projected,,,,,,,,,,,,,,,,,,,,,,,,0.04545454545454548,1.0
prompt_fidelity,,,,,,,,,,,,,,,NLPI[llama3.1:8b|P5],5,llama3.1:8b,P5,,,,,,,,,,,,,5.0,raw,,,,,,,,,,,,,,,,,,,,,,0.045454545454545456,1.0,,
prompt_fidelity,,,,,,,,,,,,,,,NLPI[llama3.1:8b|P5],5,llama3.1:8b,P5,,,,,,,,,,,,,5.0,projected,,,,,,,,,,,,,,,,,,,,,,,,0.04545454545454548,1.0
prompt_fidelity,,,,,,,,,,,,,,,NLPI[llama3.1:8b|P5],5,llama3.1:8b,P5,,,,,,,,,,,,,5.0,raw,,,,,,,,,,,,,,,,,,,,,,0.045454545454545456,1.0,,
prompt_fidelity,,,,,,,,,,,,,,,NLPI[llama3.1:8b|P5],5,llama3.1:8b,P5,,,,,,,,,,,,,5.0,projected,,,,,,,,,,,,,,,,,,,,,,,,0.04545454545454548,1.0
prompt_fidelity,,,,,,,,,,,,,,,NLPI[llama3.1:8b|P5],5,llama3.1:8b,P5,,,,,,,,,,,,,5.0,raw,,,,,,,,,,,,,,,,,,,,,,0.045454545454545456,1.0,,
prompt_fidelity,,,,,,,,,,,,,,,NLPI[llama3.1:8b|P5],5,llama3.1:8b,P5,,,,,,,,,,,,,5.0,projected,,,,,,,,,,,,,,,,,,,,,,,,0.04545454545454548,1.0
prompt_fidelity,,,,,,,,,,,,,,,NLPI[llama3.1:8b|P5],5,llama3.1:8b,P5,,,,,,,,,,,,,5.0,raw,,,,,,,,,,,,,,,,,,,,,,0.045454545454545456,1.0,,
prompt_fidelity,,,,,,,,,,,,,,,NLPI[llama3.1:8b|P5],5,llama3.1:8b,P5,,,,,,,,,,,,,5.0,projected,,,,,,,,,,,,,,,,,,,,,,,,0.04545454545454548,1.0
prompt_fidelity,,,,,,,,,,,,,,,NLPI[gemma3:270m|P1],5,gemma3:270m,P1,,,,,,,,,,,,,1.0,raw,DBC,SLV,0.0,0.019019019019019017,0.6,0.6,0.0,-0.5809809809809809,,,,,,,,,,,,,,,,,
prompt_fidelity,,,,,,,,,,,,,,,NLPI[gemma3:270m|P1],5,gemma3:270m,P1,,,,,,,,,,,,,1.0,projected,DBC,,,,0.6,0.6,,,SLV,0.0,0.019047619047619046,0.0,-0.5809523809523809,0.0,0.0,,,,,,,,,,
prompt_fidelity,,,,,,,,,,,,,,,NLPI[gemma3:270m|P1],5,gemma3:270m,P1,,,,,,,,,,,,,1.0,raw,UUP,SLV,0.0,0.019019019019019017,0.6,0.6,0.0,-0.5809809809809809,,,,,,,,,,,,,,,,,
prompt_fidelity,,,,,,,,,,,,,,,NLPI[gemma3:270m|P1],5,gemma3:270m,P1,,,,,,,,,,,,,1.0,projected,UUP,,,,0.6,0.6,,,SLV,0.0,0.019047619047619046,0.0,-0.5809523809523809,0.0,0.0,,,,,,,,,,
prompt_fidelity,,,,,,,,,,,,,,,NLPI[gemma3:270m|P1],5,gemma3:270m,P1,,,,,,,,,,,,,1.0,raw,EFA,SLV,0.0,0.019019019019019017,0.6,0.6,0.0,-0.5809809809809809,,,,,,,,,,,,,,,,,
prompt_fidelity,,,,,,,,,,,,,,,NLPI[gemma3:270m|P1],5,gemma3:270m,P1,,,,,,,,,,,,,1.0,projected,EFA,,,,0.6,0.6,,,SLV,0.0,0.019047619047619046,0.0,-0.5809523809523809,0.0,0.0,,,,,,,,,,
prompt_fidelity,,,,,,,,,,,,,,,NLPI[gemma3:270m|P1],5,gemma3:270m,P1,,,,,,,,,,,,,1.0,raw,QQQ,SLV,0.0,0.019019019019019017,0.6,0.6,0.0,-0.5809809809809809,,,,,,,,,,,,,,,,,
prompt_fidelity,,,,,,,,,,,,,,,NLPI[gemma3:270m|P1],5,gemma3:270m,P1,,,,,,,,,,,,,1.0,projected,QQQ,,,,0.6,0.6,,,SLV,0.0,0.019047619047619046,0.0,-0.5809523809523809,0.0,0.0,,,,,,,,,,
prompt_fidelity,,,,,,,,,,,,,,,NLPI[gemma3:270m|P1],5,gemma3:270m,P1,,,,,,,,,,,,,1.0,raw,SLV,SLV,1.0,0.6006006006006006,0.6,0.6,1.0,0.0006006006006006315,,,,,,,,,,,,,,,,,
prompt_fidelity,,,,,,,,,,,,,,,NLPI[gemma3:270m|P1],5,gemma3:270m,P1,,,,,,,,,,,,,1.0,projected,SLV,,,,0.6,0.6,,,SLV,1.0,0.6,1.0,0.0,0.0,0.0,,,,,,,,,,
prompt_fidelity,,,,,,,,,,,,,,,NLPI[gemma3:270m|P1],5,gemma3:270m,P1,,,,,,,,,,,,,1.0,raw,QQQ,SLV,0.0,0.019019019019019017,0.6,0.6,0.0,-0.5809809809809809,,,,,,,,,,,,,,,,,
prompt_fidelity,,,,,,,,,,,,,,,NLPI[gemma3:270m|P1],5,gemma3:270m,P1,,,,,,,,,,,,,1.0,projected,QQQ,,,,0.6,0.6,,,SLV,0.0,0.019047619047619046,0.0,-0.5809523809523809,0.0,0.0,,,,,,,,,,
prompt_fidelity,,,,,,,,,,,,,,,NLPI[gemma3:270m|P1],5,gemma3:270m,P1,,,,,,,,,,,,,1.0,raw,QQQ,SLV,0.0,0.019019019019019017,0.6,0.6,0.0,-0.5809809809809809,,,,,,,,,,,,,,,,,
prompt_fidelity,,,,,,,,,,,,,,,NLPI[gemma3:270m|P1],5,gemma3:270m,P1,,,,,,,,,,,,,1.0,projected,QQQ,,,,0.6,0.6,,,SLV,0.0,0.019047619047619046,0.0,-0.5809523809523809,0.0,0.0,,,,,,,,,,
prompt_fidelity,,,,,,,,,,,,,,,NLPI[gemma3:270m|P1],5,gemma3:270m,P1,,,,,,,,,,,,,1.0,raw,QQQ,SLV,0.0,0.019019019019019017,0.6,0.6,0.0,-0.5809809809809809,,,,,,,,,,,,,,,,,
prompt_fidelity,,,,,,,,,,,,,,,NLPI[gemma3:270m|P1],5,gemma3:270m,P1,,,,,,,,,,,,,1.0,projected,QQQ,,,,0.6,0.6,,,SLV,0.0,0.019047619047619046,0.0,-0.5809523809523809,0.0,0.0,,,,,,,,,,
prompt_fidelity,,,,,,,,,,,,,,,NLPI[gemma3:270m|P1],5,gemma3:270m,P1,,,,,,,,,,,,,1.0,raw,QQQ,SLV,0.0,0.019019019019019017,0.6,0.6,0.0,-0.5809809809809809,,,,,,,,,,,,,,,,,
prompt_fidelity,,,,,,,,,,,,,,,NLPI[gemma3:270m|P1],5,gemma3:270m,P1,,,,,,,,,,,,,1.0,projected,QQQ,,,,0.6,0.6,,,SLV,0.0,0.019047619047619046,0.0,-0.5809523809523809,0.0,0.0,,,,,,,,,,
prompt_fidelity,,,,,,,,,,,,,,,NLPI[gemma3:270m|P1],5,gemma3:270m,P1,,,,,,,,,,,,,1.0,raw,QQQ,SLV,0.0,0.019019019019019017,0.6,0.6,0.0,-0.5809809809809809,,,,,,,,,,,,,,,,,
prompt_fidelity,,,,,,,,,,,,,,,NLPI[gemma3:270m|P1],5,gemma3:270m,P1,,,,,,,,,,,,,1.0,projected,QQQ,,,,0.6,0.6,,,SLV,0.0,0.019047619047619046,0.0,-0.5809523809523809,0.0,0.0,,,,,,,,,,
prompt_fidelity,,,,,,,,,,,,,,,NLPI[gemma3:270m|P1],5,gemma3:270m,P1,,,,,,,,,,,,,1.0,raw,QQQ,SLV,0.0,0.019019019019019017,0.6,0.6,0.0,-0.5809809809809809,,,,,,,,,,,,,,,,,
prompt_fidelity,,,,,,,,,,,,,,,NLPI[gemma3:270m|P1],5,gemma3:270m,P1,,,,,,,,,,,,,1.0,projected,QQQ,,,,0.6,0.6,,,SLV,0.0,0.019047619047619046,0.0,-0.5809523809523809,0.0,0.0,,,,,,,,,,
prompt_fidelity,,,,,,,,,,,,,,,NLPI[gemma3:270m|P1],5,gemma3:270m,P1,,,,,,,,,,,,,1.0,raw,SLV,SLV,1.0,0.6006006006006006,0.6,0.6,1.0,0.0006006006006006315,,,,,,,,,,,,,,,,,
prompt_fidelity,,,,,,,,,,,,,,,NLPI[gemma3:270m|P1],5,gemma3:270m,P1,,,,,,,,,,,,,1.0,projected,SLV,,,,0.6,0.6,,,SLV,1.0,0.6,1.0,0.0,0.0,0.0,,,,,,,,,,
prompt_fidelity,,,,,,,,,,,,,,,NLPI[gemma3:270m|P1],5,gemma3:270m,P1,,,,,,,,,,,,,1.0,raw,QQQ,SLV,0.0,0.019019019019019017,0.6,0.6,0.0,-0.5809809809809809,,,,,,,,,,,,,,,,,
prompt_fidelity,,,,,,,,,,,,,,,NLPI[gemma3:270m|P1],5,gemma3:270m,P1,,,,,,,,,,,,,1.0,projected,QQQ,,,,0.6,0.6,,,SLV,0.0,0.019047619047619046,0.0,-0.5809523809523809,0.0,0.0,,,,,,,,,,
prompt_fidelity,,,,,,,,,,,,,,,NLPI[gemma3:270m|P1],5,gemma3:270m,P1,,,,,,,,,,,,,1.0,raw,GLD,SLV,0.0,0.019019019019019017,0.6,0.6,0.0,-0.5809809809809809,,,,,,,,,,,,,,,,,
prompt_fidelity,,,,,,,,,,,,,,,NLPI[gemma3:270m|P1],5,gemma3:270m,P1,,,,,,,,,,,,,1.0,projected,GLD,,,,0.6,0.6,,,SLV,0.0,0.019047619047619046,0.0,-0.5809523809523809,0.0,0.0,,,,,,,,,,
prompt_fidelity,,,,,,,,,,,,,,,NLPI[gemma3:270m|P1],5,gemma3:270m,P1,,,,,,,,,,,,,1.0,raw,GLD,SLV,0.0,0.019019019019019017,0.6,0.6,0.0,-0.5809809809809809,,,,,,,,,,,,,,,,,
prompt_fidelity,,,,,,,,,,,,,,,NLPI[gemma3:270m|P1],5,gemma3:270m,P1,,,,,,,,,,,,,1.0,projected,GLD,,,,0.6,0.6,,,SLV,0.0,0.019047619047619046,0.0,-0.5809523809523809,0.0,0.0,,,,,,,,,,
prompt_fidelity,,,,,,,,,,,,,,,NLPI[gemma3:270m|P1],5,gemma3:270m,P1,,,,,,,,,,,,,1.0,raw,GLD,SLV,0.0,0.019019019019019017,0.6,0.6,0.0,-0.5809809809809809,,,,,,,,,,,,,,,,,
prompt_fidelity,,,,,,,,,,,,,,,NLPI[gemma3:270m|P1],5,gemma3:270m,P1,,,,,,,,,,,,,1.0,projected,GLD,,,,0.6,0.6,,,SLV,0.0,0.019047619047619046,0.0,-0.5809523809523809,0.0,0.0,,,,,,,,,,
prompt_fidelity,,,,,,,,,,,,,,,NLPI[gemma3:270m|P1],5,gemma3:270m,P1,,,,,,,,,,,,,1.0,raw,GLD,SLV,0.0,0.019019019019019017,0.6,0.6,0.0,-0.5809809809809809,,,,,,,,,,,,,,,,,
prompt_fidelity,,,,,,,,,,,,,,,NLPI[gemma3:270m|P1],5,gemma3:270m,P1,,,,,,,,,,,,,1.0,projected,GLD,,,,0.6,0.6,,,SLV,0.0,0.019047619047619046,0.0,-0.5809523809523809,0.0,0.0,,,,,,,,,,
prompt_fidelity,,,,,,,,,,,,,,,NLPI[gemma3:270m|P1],5,gemma3:270m,P1,,,,,,,,,,,,,1.0,raw,GLD,SLV,0.0,0.019019019019019017,0.6,0.6,0.0,-0.5809809809809809,,,,,,,,,,,,,,,,,
prompt_fidelity,,,,,,,,,,,,,,,NLPI[gemma3:270m|P1],5,gemma3:270m,P1,,,,,,,,,,,,,1.0,projected,GLD,,,,0.6,0.6,,,SLV,0.0,0.019047619047619046,0.0,-0.5809523809523809,0.0,0.0,,,,,,,,,,
prompt_fidelity,,,,,,,,,,,,,,,NLPI[gemma3:270m|P2],5,gemma3:270m,P2,,,,,,,,,,,,,2.0,raw,BIL,BIL,1.0,0.6006006006006006,0.6,0.6,1.0,0.0006006006006006315,,,,,,,,,,,,,,,,,
prompt_fidelity,,,,,,,,,,,,,,,NLPI[gemma3:270m|P2],5,gemma3:270m,P2,,,,,,,,,,,,,2.0,projected,BIL,,,,0.6,0.6,,,BIL,1.0,0.6,1.0,0.0,0.0,0.0,,,,,,,,,,
prompt_fidelity,,,,,,,,,,,,,,,NLPI[gemma3:270m|P2],5,gemma3:270m,P2,,,,,,,,,,,,,2.0,raw,BIL,BIL,1.0,0.6006006006006006,0.6,0.6,1.0,0.0006006006006006315,,,,,,,,,,,,,,,,,
prompt_fidelity,,,,,,,,,,,,,,,NLPI[gemma3:270m|P2],5,gemma3:270m,P2,,,,,,,,,,,,,2.0,projected,BIL,,,,0.6,0.6,,,BIL,1.0,0.6,1.0,0.0,0.0,0.0,,,,,,,,,,
prompt_fidelity,,,,,,,,,,,,,,,NLPI[gemma3:270m|P2],5,gemma3:270m,P2,,,,,,,,,,,,,2.0,raw,BIL,BIL,1.0,0.6006006006006006,0.6,0.6,1.0,0.0006006006006006315,,,,,,,,,,,,,,,,,
prompt_fidelity,,,,,,,,,,,,,,,NLPI[gemma3:270m|P2],5,gemma3:270m,P2,,,,,,,,,,,,,2.0,projected,BIL,,,,0.6,0.6,,,BIL,1.0,0.6,1.0,0.0,0.0,0.0,,,,,,,,,,
prompt_fidelity,,,,,,,,,,,,,,,NLPI[gemma3:270m|P2],5,gemma3:270m,P2,,,,,,,,,,,,,2.0,raw,BIL,BIL,1.0,0.6006006006006006,0.6,0.6,1.0,0.0006006006006006315,,,,,,,,,,,,,,,,,
prompt_fidelity,,,,,,,,,,,,,,,NLPI[gemma3:270m|P2],5,gemma3:270m,P2,,,,,,,,,,,,,2.0,projected,BIL,,,,0.6,0.6,,,BIL,1.0,0.6,1.0,0.0,0.0,0.0,,,,,,,,,,
prompt_fidelity,,,,,,,,,,,,,,,NLPI[gemma3:270m|P2],5,gemma3:270m,P2,,,,,,,,,,,,,2.0,raw,BIL,BIL,1.0,0.6006006006006006,0.6,0.6,1.0,0.0006006006006006315,,,,,,,,,,,,,,,,,
prompt_fidelity,,,,,,,,,,,,,,,NLPI[gemma3:270m|P2],5,gemma3:270m,P2,,,,,,,,,,,,,2.0,projected,BIL,,,,0.6,0.6,,,BIL,1.0,0.6,1.0,0.0,0.0,0.0,,,,,,,,,,
prompt_fidelity,,,,,,,,,,,,,,,NLPI[gemma3:270m|P2],5,gemma3:270m,P2,,,,,,,,,,,,,2.0,raw,BIL,BIL,1.0,0.6006006006006006,0.6,0.6,1.0,0.0006006006006006315,,,,,,,,,,,,,,,,,
prompt_fidelity,,,,,,,,,,,,,,,NLPI[gemma3:270m|P2],5,gemma3:270m,P2,,,,,,,,,,,,,2.0,projected,BIL,,,,0.6,0.6,,,BIL,1.0,0.6,1.0,0.0,0.0,0.0,,,,,,,,,,
prompt_fidelity,,,,,,,,,,,,,,,NLPI[gemma3:270m|P2],5,gemma3:270m,P2,,,,,,,,,,,,,2.0,raw,BIL,BIL,1.0,0.6006006006006006,0.6,0.6,1.0,0.0006006006006006315,,,,,,,,,,,,,,,,,
prompt_fidelity,,,,,,,,,,,,,,,NLPI[gemma3:270m|P2],5,gemma3:270m,P2,,,,,,,,,,,,,2.0,projected,BIL,,,,0.6,0.6,,,BIL,1.0,0.6,1.0,0.0,0.0,0.0,,,,,,,,,,
prompt_fidelity,,,,,,,,,,,,,,,NLPI[gemma3:270m|P2],5,gemma3:270m,P2,,,,,,,,,,,,,2.0,raw,BIL,BIL,1.0,0.6006006006006006,0.6,0.6,1.0,0.0006006006006006315,,,,,,,,,,,,,,,,,
prompt_fidelity,,,,,,,,,,,,,,,NLPI[gemma3:270m|P2],5,gemma3:270m,P2,,,,,,,,,,,,,2.0,projected,BIL,,,,0.6,0.6,,,BIL,1.0,0.6,1.0,0.0,0.0,0.0,,,,,,,,,,
prompt_fidelity,,,,,,,,,,,,,,,NLPI[gemma3:270m|P2],5,gemma3:270m,P2,,,,,,,,,,,,,2.0,raw,BIL,BIL,1.0,0.6006006006006006,0.6,0.6,1.0,0.0006006006006006315,,,,,,,,,,,,,,,,,
prompt_fidelity,,,,,,,,,,,,,,,NLPI[gemma3:270m|P2],5,gemma3:270m,P2,,,,,,,,,,,,,2.0,projected,BIL,,,,0.6,0.6,,,BIL,1.0,0.6,1.0,0.0,0.0,0.0,,,,,,,,,,
prompt_fidelity,,,,,,,,,,,,,,,NLPI[gemma3:270m|P2],5,gemma3:270m,P2,,,,,,,,,,,,,2.0,raw,BIL,BIL,1.0,0.6006006006006006,0.6,0.6,1.0,0.0006006006006006315,,,,,,,,,,,,,,,,,
prompt_fidelity,,,,,,,,,,,,,,,NLPI[gemma3:270m|P2],5,gemma3:270m,P2,,,,,,,,,,,,,2.0,projected,BIL,,,,0.6,0.6,,,BIL,1.0,0.6,1.0,0.0,0.0,0.0,,,,,,,,,,
prompt_fidelity,,,,,,,,,,,,,,,NLPI[gemma3:270m|P2],5,gemma3:270m,P2,,,,,,,,,,,,,2.0,raw,BIL,BIL,1.0,0.6006006006006006,0.6,0.6,1.0,0.0006006006006006315,,,,,,,,,,,,,,,,,
prompt_fidelity,,,,,,,,,,,,,,,NLPI[gemma3:270m|P2],5,gemma3:270m,P2,,,,,,,,,,,,,2.0,projected,BIL,,,,0.6,0.6,,,BIL,1.0,0.6,1.0,0.0,0.0,0.0,,,,,,,,,,
prompt_fidelity,,,,,,,,,,,,,,,NLPI[gemma3:270m|P2],5,gemma3:270m,P2,,,,,,,,,,,,,2.0,raw,BIL,BIL,1.0,0.6006006006006006,0.6,0.6,1.0,0.0006006006006006315,,,,,,,,,,,,,,,,,
prompt_fidelity,,,,,,,,,,,,,,,NLPI[gemma3:270m|P2],5,gemma3:270m,P2,,,,,,,,,,,,,2.0,projected,BIL,,,,0.6,0.6,,,BIL,1.0,0.6,1.0,0.0,0.0,0.0,,,,,,,,,,
prompt_fidelity,,,,,,,,,,,,,,,NLPI[gemma3:270m|P2],5,gemma3:270m,P2,,,,,,,,,,,,,2.0,raw,BIL,BIL,1.0,0.6006006006006006,0.6,0.6,1.0,0.0006006006006006315,,,,,,,,,,,,,,,,,
prompt_fidelity,,,,,,,,,,,,,,,NLPI[gemma3:270m|P2],5,gemma3:270m,P2,,,,,,,,,,,,,2.0,projected,BIL,,,,0.6,0.6,,,BIL,1.0,0.6,1.0,0.0,0.0,0.0,,,,,,,,,,
prompt_fidelity,,,,,,,,,,,,,,,NLPI[gemma3:270m|P2],5,gemma3:270m,P2,,,,,,,,,,,,,2.0,raw,BIL,BIL,1.0,0.6006006006006006,0.6,0.6,1.0,0.0006006006006006315,,,,,,,,,,,,,,,,,
prompt_fidelity,,,,,,,,,,,,,,,NLPI[gemma3:270m|P2],5,gemma3:270m,P2,,,,,,,,,,,,,2.0,projected,BIL,,,,0.6,0.6,,,BIL,1.0,0.6,1.0,0.0,0.0,0.0,,,,,,,,,,
prompt_fidelity,,,,,,,,,,,,,,,NLPI[gemma3:270m|P2],5,gemma3:270m,P2,,,,,,,,,,,,,2.0,raw,BIL,BIL,1.0,0.6006006006006006,0.6,0.6,1.0,0.0006006006006006315,,,,,,,,,,,,,,,,,
prompt_fidelity,,,,,,,,,,,,,,,NLPI[gemma3:270m|P2],5,gemma3:270m,P2,,,,,,,,,,,,,2.0,projected,BIL,,,,0.6,0.6,,,BIL,1.0,0.6,1.0,0.0,0.0,0.0,,,,,,,,,,
prompt_fidelity,,,,,,,,,,,,,,,NLPI[gemma3:270m|P2],5,gemma3:270m,P2,,,,,,,,,,,,,2.0,raw,BIL,BIL,1.0,0.6006006006006006,0.6,0.6,1.0,0.0006006006006006315,,,,,,,,,,,,,,,,,
prompt_fidelity,,,,,,,,,,,,,,,NLPI[gemma3:270m|P2],5,gemma3:270m,P2,,,,,,,,,,,,,2.0,projected,BIL,,,,0.6,0.6,,,BIL,1.0,0.6,1.0,0.0,0.0,0.0,,,,,,,,,,
prompt_fidelity,,,,,,,,,,,,,,,NLPI[gemma3:270m|P2],5,gemma3:270m,P2,,,,,,,,,,,,,2.0,raw,BIL,BIL,1.0,0.6006006006006006,0.6,0.6,1.0,0.0006006006006006315,,,,,,,,,,,,,,,,,
prompt_fidelity,,,,,,,,,,,,,,,NLPI[gemma3:270m|P2],5,gemma3:270m,P2,,,,,,,,,,,,,2.0,projected,BIL,,,,0.6,0.6,,,BIL,1.0,0.6,1.0,0.0,0.0,0.0,,,,,,,,,,
prompt_fidelity,,,,,,,,,,,,,,,NLPI[gemma3:270m|P2],5,gemma3:270m,P2,,,,,,,,,,,,,2.0,raw,BIL,BIL,1.0,0.6006006006006006,0.6,0.6,1.0,0.0006006006006006315,,,,,,,,,,,,,,,,,
prompt_fidelity,,,,,,,,,,,,,,,NLPI[gemma3:270m|P2],5,gemma3:270m,P2,,,,,,,,,,,,,2.0,projected,BIL,,,,0.6,0.6,,,BIL,1.0,0.6,1.0,0.0,0.0,0.0,,,,,,,,,,
prompt_fidelity,,,,,,,,,,,,,,,NLPI[gemma3:270m|P3],5,gemma3:270m,P3,,,,,,,,,,,,,3.0,raw,UUP,SLV,0.0,0.019019019019019017,0.6,0.6,0.0,-0.5809809809809809,,,,,,,,,,,,,,,,,
prompt_fidelity,,,,,,,,,,,,,,,NLPI[gemma3:270m|P3],5,gemma3:270m,P3,,,,,,,,,,,,,3.0,projected,UUP,,,,0.6,0.6,,,SLV,0.0,0.019047619047619046,0.0,-0.5809523809523809,0.0,0.0,,,,,,,,,,
prompt_fidelity,,,,,,,,,,,,,,,NLPI[gemma3:270m|P3],5,gemma3:270m,P3,,,,,,,,,,,,,3.0,raw,DBC,SLV,0.0,0.019019019019019017,0.6,0.6,0.0,-0.5809809809809809,,,,,,,,,,,,,,,,,
prompt_fidelity,,,,,,,,,,,,,,,NLPI[gemma3:270m|P3],5,gemma3:270m,P3,,,,,,,,,,,,,3.0,projected,DBC,,,,0.6,0.6,,,SLV,0.0,0.019047619047619046,0.0,-0.5809523809523809,0.0,0.0,,,,,,,,,,
prompt_fidelity,,,,,,,,,,,,,,,NLPI[gemma3:270m|P3],5,gemma3:270m,P3,,,,,,,,,,,,,3.0,raw,EEM,SLV,0.0,0.019019019019019017,0.6,0.6,0.0,-0.5809809809809809,,,,,,,,,,,,,,,,,
prompt_fidelity,,,,,,,,,,,,,,,NLPI[gemma3:270m|P3],5,gemma3:270m,P3,,,,,,,,,,,,,3.0,projected,EEM,,,,0.6,0.6,,,SLV,0.0,0.019047619047619046,0.0,-0.5809523809523809,0.0,0.0,,,,,,,,,,
prompt_fidelity,,,,,,,,,,,,,,,NLPI[gemma3:270m|P3],5,gemma3:270m,P3,,,,,,,,,,,,,3.0,raw,GLD,SLV,0.0,0.019019019019019017,0.6,0.6,0.0,-0.5809809809809809,,,,,,,,,,,,,,,,,
prompt_fidelity,,,,,,,,,,,,,,,NLPI[gemma3:270m|P3],5,gemma3:270m,P3,,,,,,,,,,,,,3.0,projected,GLD,,,,0.6,0.6,,,SLV,0.0,0.019047619047619046,0.0,-0.5809523809523809,0.0,0.0,,,,,,,,,,
prompt_fidelity,,,,,,,,,,,,,,,NLPI[gemma3:270m|P3],5,gemma3:270m,P3,,,,,,,,,,,,,3.0,raw,TLT,SLV,0.0,0.019019019019019017,0.6,0.6,0.0,-0.5809809809809809,,,,,,,,,,,,,,,,,
prompt_fidelity,,,,,,,,,,,,,,,NLPI[gemma3:270m|P3],5,gemma3:270m,P3,,,,,,,,,,,,,3.0,projected,TLT,,,,0.6,0.6,,,SLV,0.0,0.019047619047619046,0.0,-0.5809523809523809,0.0,0.0,,,,,,,,,,
prompt_fidelity,,,,,,,,,,,,,,,NLPI[gemma3:270m|P3],5,gemma3:270m,P3,,,,,,,,,,,,,3.0,raw,VNQ,SLV,0.0,0.019019019019019017,0.6,0.6,0.0,-0.5809809809809809,,,,,,,,,,,,,,,,,
prompt_fidelity,,,,,,,,,,,,,,,NLPI[gemma3:270m|P3],5,gemma3:270m,P3,,,,,,,,,,,,,3.0,projected,VNQ,,,,0.6,0.6,,,SLV,0.0,0.019047619047619046,0.0,-0.5809523809523809,0.0,0.0,,,,,,,,,,
prompt_fidelity,,,,,,,,,,,,,,,NLPI[gemma3:270m|P3],5,gemma3:270m,P3,,,,,,,,,,,,,3.0,raw,DBC,SLV,0.0,0.019019019019019017,0.6,0.6,0.0,-0.5809809809809809,,,,,,,,,,,,,,,,,
prompt_fidelity,,,,,,,,,,,,,,,NLPI[gemma3:270m|P3],5,gemma3:270m,P3,,,,,,,,,,,,,3.0,projected,DBC,,,,0.6,0.6,,,SLV,0.0,0.019047619047619046,0.0,-0.5809523809523809,0.0,0.0,,,,,,,,,,
prompt_fidelity,,,,,,,,,,,,,,,NLPI[gemma3:270m|P3],5,gemma3:270m,P3,,,,,,,,,,,,,3.0,raw,DBC,SLV,0.0,0.019019019019019017,0.6,0.6,0.0,-0.5809809809809809,,,,,,,,,,,,,,,,,
prompt_fidelity,,,,,,,,,,,,,,,NLPI[gemma3:270m|P3],5,gemma3:270m,P3,,,,,,,,,,,,,3.0,projected,DBC,,,,0.6,0.6,,,SLV,0.0,0.019047619047619046,0.0,-0.5809523809523809,0.0,0.0,,,,,,,,,,
prompt_fidelity,,,,,,,,,,,,,,,NLPI[gemma3:270m|P3],5,gemma3:270m,P3,,,,,,,,,,,,,3.0,raw,TLT,SLV,0.0,0.019019019019019017,0.6,0.6,0.0,-0.5809809809809809,,,,,,,,,,,,,,,,,
prompt_fidelity,,,,,,,,,,,,,,,NLPI[gemma3:270m|P3],5,gemma3:270m,P3,,,,,,,,,,,,,3.0,projected,TLT,,,,0.6,0.6,,,SLV,0.0,0.019047619047619046,0.0,-0.5809523809523809,0.0,0.0,,,,,,,,,,
prompt_fidelity,,,,,,,,,,,,,,,NLPI[gemma3:270m|P3],5,gemma3:270m,P3,,,,,,,,,,,,,3.0,raw,IWM,SLV,0.0,0.019019019019019017,0.6,0.6,0.0,-0.5809809809809809,,,,,,,,,,,,,,,,,
prompt_fidelity,,,,,,,,,,,,,,,NLPI[gemma3:270m|P3],5,gemma3:270m,P3,,,,,,,,,,,,,3.0,projected,IWM,,,,0.6,0.6,,,SLV,0.0,0.019047619047619046,0.0,-0.5809523809523809,0.0,0.0,,,,,,,,,,
prompt_fidelity,,,,,,,,,,,,,,,NLPI[gemma3:270m|P3],5,gemma3:270m,P3,,,,,,,,,,,,,3.0,raw,DBC,SLV,0.0,0.019019019019019017,0.6,0.6,0.0,-0.5809809809809809,,,,,,,,,,,,,,,,,
prompt_fidelity,,,,,,,,,,,,,,,NLPI[gemma3:270m|P3],5,gemma3:270m,P3,,,,,,,,,,,,,3.0,projected,DBC,,,,0.6,0.6,,,SLV,0.0,0.019047619047619046,0.0,-0.5809523809523809,0.0,0.0,,,,,,,,,,
prompt_fidelity,,,,,,,,,,,,,,,NLPI[gemma3:270m|P3],5,gemma3:270m,P3,,,,,,,,,,,,,3.0,raw,IWM,SLV,0.0,0.019019019019019017,0.6,0.6,0.0,-0.5809809809809809,,,,,,,,,,,,,,,,,
prompt_fidelity,,,,,,,,,,,,,,,NLPI[gemma3:270m|P3],5,gemma3:270m,P3,,,,,,,,,,,,,3.0,projected,IWM,,,,0.6,0.6,,,SLV,0.0,0.019047619047619046,0.0,-0.5809523809523809,0.0,0.0,,,,,,,,,,
prompt_fidelity,,,,,,,,,,,,,,,NLPI[gemma3:270m|P3],5,gemma3:270m,P3,,,,,,,,,,,,,3.0,raw,TLT,SLV,0.0,0.019019019019019017,0.6,0.6,0.0,-0.5809809809809809,,,,,,,,,,,,,,,,,
prompt_fidelity,,,,,,,,,,,,,,,NLPI[gemma3:270m|P3],5,gemma3:270m,P3,,,,,,,,,,,,,3.0,projected,TLT,,,,0.6,0.6,,,SLV,0.0,0.019047619047619046,0.0,-0.5809523809523809,0.0,0.0,,,,,,,,,,
prompt_fidelity,,,,,,,,,,,,,,,NLPI[gemma3:270m|P3],5,gemma3:270m,P3,,,,,,,,,,,,,3.0,raw,IWM,SLV,0.0,0.019019019019019017,0.6,0.6,0.0,-0.5809809809809809,,,,,,,,,,,,,,,,,
prompt_fidelity,,,,,,,,,,,,,,,NLPI[gemma3:270m|P3],5,gemma3:270m,P3,,,,,,,,,,,,,3.0,projected,IWM,,,,0.6,0.6,,,SLV,0.0,0.019047619047619046,0.0,-0.5809523809523809,0.0,0.0,,,,,,,,,,
prompt_fidelity,,,,,,,,,,,,,,,NLPI[gemma3:270m|P3],5,gemma3:270m,P3,,,,,,,,,,,,,3.0,raw,IWM,SLV,0.0,0.019019019019019017,0.6,0.6,0.0,-0.5809809809809809,,,,,,,,,,,,,,,,,
prompt_fidelity,,,,,,,,,,,,,,,NLPI[gemma3:270m|P3],5,gemma3:270m,P3,,,,,,,,,,,,,3.0,projected,IWM,,,,0.6,0.6,,,SLV,0.0,0.019047619047619046,0.0,-0.5809523809523809,0.0,0.0,,,,,,,,,,
prompt_fidelity,,,,,,,,,,,,,,,NLPI[gemma3:270m|P3],5,gemma3:270m,P3,,,,,,,,,,,,,3.0,raw,UUP,SLV,0.0,0.019019019019019017,0.6,0.6,0.0,-0.5809809809809809,,,,,,,,,,,,,,,,,
prompt_fidelity,,,,,,,,,,,,,,,NLPI[gemma3:270m|P3],5,gemma3:270m,P3,,,,,,,,,,,,,3.0,projected,UUP,,,,0.6,0.6,,,SLV,0.0,0.019047619047619046,0.0,-0.5809523809523809,0.0,0.0,,,,,,,,,,
prompt_fidelity,,,,,,,,,,,,,,,NLPI[gemma3:270m|P3],5,gemma3:270m,P3,,,,,,,,,,,,,3.0,raw,UUP,SLV,0.0,0.019019019019019017,0.6,0.6,0.0,-0.5809809809809809,,,,,,,,,,,,,,,,,
prompt_fidelity,,,,,,,,,,,,,,,NLPI[gemma3:270m|P3],5,gemma3:270m,P3,,,,,,,,,,,,,3.0,projected,UUP,,,,0.6,0.6,,,SLV,0.0,0.019047619047619046,0.0,-0.5809523809523809,0.0,0.0,,,,,,,,,,
prompt_fidelity,,,,,,,,,,,,,,,NLPI[gemma3:270m|P3],5,gemma3:270m,P3,,,,,,,,,,,,,3.0,raw,DBC,SLV,0.0,0.019019019019019017,0.6,0.6,0.0,-0.5809809809809809,,,,,,,,,,,,,,,,,
prompt_fidelity,,,,,,,,,,,,,,,NLPI[gemma3:270m|P3],5,gemma3:270m,P3,,,,,,,,,,,,,3.0,projected,DBC,,,,0.6,0.6,,,SLV,0.0,0.019047619047619046,0.0,-0.5809523809523809,0.0,0.0,,,,,,,,,,
prompt_fidelity,,,,,,,,,,,,,,,NLPI[gemma3:270m|P4],5,gemma3:270m,P4,,,,,,,,,,,,,4.0,raw,,,,,,,,,,,,,,,,,,0.0,1.0,,,,,,
prompt_fidelity,,,,,,,,,,,,,,,NLPI[gemma3:270m|P4],5,gemma3:270m,P4,,,,,,,,,,,,,4.0,projected,,,,,,,,,,,,,,,,,,,,3.0531133177191805e-16,1.0,,,,
prompt_fidelity,,,,,,,,,,,,,,,NLPI[gemma3:270m|P4],5,gemma3:270m,P4,,,,,,,,,,,,,4.0,raw,,,,,,,,,,,,,,,,,,0.0,1.0,,,,,,
prompt_fidelity,,,,,,,,,,,,,,,NLPI[gemma3:270m|P4],5,gemma3:270m,P4,,,,,,,,,,,,,4.0,projected,,,,,,,,,,,,,,,,,,,,3.0531133177191805e-16,1.0,,,,
prompt_fidelity,,,,,,,,,,,,,,,NLPI[gemma3:270m|P4],5,gemma3:270m,P4,,,,,,,,,,,,,4.0,raw,,,,,,,,,,,,,,,,,,0.0,1.0,,,,,,
prompt_fidelity,,,,,,,,,,,,,,,NLPI[gemma3:270m|P4],5,gemma3:270m,P4,,,,,,,,,,,,,4.0,projected,,,,,,,,,,,,,,,,,,,,3.0531133177191805e-16,1.0,,,,
prompt_fidelity,,,,,,,,,,,,,,,NLPI[gemma3:270m|P4],5,gemma3:270m,P4,,,,,,,,,,,,,4.0,raw,,,,,,,,,,,,,,,,,,0.0,1.0,,,,,,
prompt_fidelity,,,,,,,,,,,,,,,NLPI[gemma3:270m|P4],5,gemma3:270m,P4,,,,,,,,,,,,,4.0,projected,,,,,,,,,,,,,,,,,,,,3.0531133177191805e-16,1.0,,,,
prompt_fidelity,,,,,,,,,,,,,,,NLPI[gemma3:270m|P4],5,gemma3:270m,P4,,,,,,,,,,,,,4.0,raw,,,,,,,,,,,,,,,,,,0.0,1.0,,,,,,
prompt_fidelity,,,,,,,,,,,,,,,NLPI[gemma3:270m|P4],5,gemma3:270m,P4,,,,,,,,,,,,,4.0,projected,,,,,,,,,,,,,,,,,,,,3.0531133177191805e-16,1.0,,,,
prompt_fidelity,,,,,,,,,,,,,,,NLPI[gemma3:270m|P4],5,gemma3:270m,P4,,,,,,,,,,,,,4.0,raw,,,,,,,,,,,,,,,,,,0.0,1.0,,,,,,
prompt_fidelity,,,,,,,,,,,,,,,NLPI[gemma3:270m|P4],5,gemma3:270m,P4,,,,,,,,,,,,,4.0,projected,,,,,,,,,,,,,,,,,,,,3.0531133177191805e-16,1.0,,,,
prompt_fidelity,,,,,,,,,,,,,,,NLPI[gemma3:270m|P4],5,gemma3:270m,P4,,,,,,,,,,,,,4.0,raw,,,,,,,,,,,,,,,,,,0.0,1.0,,,,,,
prompt_fidelity,,,,,,,,,,,,,,,NLPI[gemma3:270m|P4],5,gemma3:270m,P4,,,,,,,,,,,,,4.0,projected,,,,,,,,,,,,,,,,,,,,3.0531133177191805e-16,1.0,,,,
prompt_fidelity,,,,,,,,,,,,,,,NLPI[gemma3:270m|P4],5,gemma3:270m,P4,,,,,,,,,,,,,4.0,raw,,,,,,,,,,,,,,,,,,0.0,1.0,,,,,,
prompt_fidelity,,,,,,,,,,,,,,,NLPI[gemma3:270m|P4],5,gemma3:270m,P4,,,,,,,,,,,,,4.0,projected,,,,,,,,,,,,,,,,,,,,3.0531133177191805e-16,1.0,,,,
prompt_fidelity,,,,,,,,,,,,,,,NLPI[gemma3:270m|P4],5,gemma3:270m,P4,,,,,,,,,,,,,4.0,raw,,,,,,,,,,,,,,,,,,0.0,1.0,,,,,,
prompt_fidelity,,,,,,,,,,,,,,,NLPI[gemma3:270m|P4],5,gemma3:270m,P4,,,,,,,,,,,,,4.0,projected,,,,,,,,,,,,,,,,,,,,3.0531133177191805e-16,1.0,,,,
prompt_fidelity,,,,,,,,,,,,,,,NLPI[gemma3:270m|P4],5,gemma3:270m,P4,,,,,,,,,,,,,4.0,raw,,,,,,,,,,,,,,,,,,0.0,1.0,,,,,,
prompt_fidelity,,,,,,,,,,,,,,,NLPI[gemma3:270m|P4],5,gemma3:270m,P4,,,,,,,,,,,,,4.0,projected,,,,,,,,,,,,,,,,,,,,3.0531133177191805e-16,1.0,,,,
prompt_fidelity,,,,,,,,,,,,,,,NLPI[gemma3:270m|P4],5,gemma3:270m,P4,,,,,,,,,,,,,4.0,raw,,,,,,,,,,,,,,,,,,0.0,1.0,,,,,,
prompt_fidelity,,,,,,,,,,,,,,,NLPI[gemma3:270m|P4],5,gemma3:270m,P4,,,,,,,,,,,,,4.0,projected,,,,,,,,,,,,,,,,,,,,3.0531133177191805e-16,1.0,,,,
prompt_fidelity,,,,,,,,,,,,,,,NLPI[gemma3:270m|P4],5,gemma3:270m,P4,,,,,,,,,,,,,4.0,raw,,,,,,,,,,,,,,,,,,0.0,1.0,,,,,,
prompt_fidelity,,,,,,,,,,,,,,,NLPI[gemma3:270m|P4],5,gemma3:270m,P4,,,,,,,,,,,,,4.0,projected,,,,,,,,,,,,,,,,,,,,3.0531133177191805e-16,1.0,,,,
prompt_fidelity,,,,,,,,,,,,,,,NLPI[gemma3:270m|P4],5,gemma3:270m,P4,,,,,,,,,,,,,4.0,raw,,,,,,,,,,,,,,,,,,0.0,1.0,,,,,,
prompt_fidelity,,,,,,,,,,,,,,,NLPI[gemma3:270m|P4],5,gemma3:270m,P4,,,,,,,,,,,,,4.0,projected,,,,,,,,,,,,,,,,,,,,3.0531133177191805e-16,1.0,,,,
prompt_fidelity,,,,,,,,,,,,,,,NLPI[gemma3:270m|P4],5,gemma3:270m,P4,,,,,,,,,,,,,4.0,raw,,,,,,,,,,,,,,,,,,0.0,1.0,,,,,,
prompt_fidelity,,,,,,,,,,,,,,,NLPI[gemma3:270m|P4],5,gemma3:270m,P4,,,,,,,,,,,,,4.0,projected,,,,,,,,,,,,,,,,,,,,3.0531133177191805e-16,1.0,,,,
prompt_fidelity,,,,,,,,,,,,,,,NLPI[gemma3:270m|P4],5,gemma3:270m,P4,,,,,,,,,,,,,4.0,raw,,,,,,,,,,,,,,,,,,0.0,1.0,,,,,,
prompt_fidelity,,,,,,,,,,,,,,,NLPI[gemma3:270m|P4],5,gemma3:270m,P4,,,,,,,,,,,,,4.0,projected,,,,,,,,,,,,,,,,,,,,3.0531133177191805e-16,1.0,,,,
prompt_fidelity,,,,,,,,,,,,,,,NLPI[gemma3:270m|P4],5,gemma3:270m,P4,,,,,,,,,,,,,4.0,raw,,,,,,,,,,,,,,,,,,0.0,1.0,,,,,,
prompt_fidelity,,,,,,,,,,,,,,,NLPI[gemma3:270m|P4],5,gemma3:270m,P4,,,,,,,,,,,,,4.0,projected,,,,,,,,,,,,,,,,,,,,3.0531133177191805e-16,1.0,,,,
prompt_fidelity,,,,,,,,,,,,,,,NLPI[gemma3:270m|P4],5,gemma3:270m,P4,,,,,,,,,,,,,4.0,raw,,,,,,,,,,,,,,,,,,0.0,1.0,,,,,,
prompt_fidelity,,,,,,,,,,,,,,,NLPI[gemma3:270m|P4],5,gemma3:270m,P4,,,,,,,,,,,,,4.0,projected,,,,,,,,,,,,,,,,,,,,3.0531133177191805e-16,1.0,,,,
prompt_fidelity,,,,,,,,,,,,,,,NLPI[gemma3:270m|P4],5,gemma3:270m,P4,,,,,,,,,,,,,4.0,raw,,,,,,,,,,,,,,,,,,0.0,1.0,,,,,,
prompt_fidelity,,,,,,,,,,,,,,,NLPI[gemma3:270m|P4],5,gemma3:270m,P4,,,,,,,,,,,,,4.0,projected,,,,,,,,,,,,,,,,,,,,3.0531133177191805e-16,1.0,,,,
prompt_fidelity,,,,,,,,,,,,,,,NLPI[gemma3:270m|P5],5,gemma3:270m,P5,,,,,,,,,,,,,5.0,raw,,,,,,,,,,,,,,,,,,,,,,0.045454545454545456,1.0,,
prompt_fidelity,,,,,,,,,,,,,,,NLPI[gemma3:270m|P5],5,gemma3:270m,P5,,,,,,,,,,,,,5.0,projected,,,,,,,,,,,,,,,,,,,,,,,,0.04545454545454548,1.0
prompt_fidelity,,,,,,,,,,,,,,,NLPI[gemma3:270m|P5],5,gemma3:270m,P5,,,,,,,,,,,,,5.0,raw,,,,,,,,,,,,,,,,,,,,,,0.045454545454545456,1.0,,
prompt_fidelity,,,,,,,,,,,,,,,NLPI[gemma3:270m|P5],5,gemma3:270m,P5,,,,,,,,,,,,,5.0,projected,,,,,,,,,,,,,,,,,,,,,,,,0.04545454545454548,1.0
prompt_fidelity,,,,,,,,,,,,,,,NLPI[gemma3:270m|P5],5,gemma3:270m,P5,,,,,,,,,,,,,5.0,raw,,,,,,,,,,,,,,,,,,,,,,0.045454545454545456,1.0,,
prompt_fidelity,,,,,,,,,,,,,,,NLPI[gemma3:270m|P5],5,gemma3:270m,P5,,,,,,,,,,,,,5.0,projected,,,,,,,,,,,,,,,,,,,,,,,,0.04545454545454548,1.0
prompt_fidelity,,,,,,,,,,,,,,,NLPI[gemma3:270m|P5],5,gemma3:270m,P5,,,,,,,,,,,,,5.0,raw,,,,,,,,,,,,,,,,,,,,,,0.045454545454545456,1.0,,
prompt_fidelity,,,,,,,,,,,,,,,NLPI[gemma3:270m|P5],5,gemma3:270m,P5,,,,,,,,,,,,,5.0,projected,,,,,,,,,,,,,,,,,,,,,,,,0.04545454545454548,1.0
prompt_fidelity,,,,,,,,,,,,,,,NLPI[gemma3:270m|P5],5,gemma3:270m,P5,,,,,,,,,,,,,5.0,raw,,,,,,,,,,,,,,,,,,,,,,0.045454545454545456,1.0,,
prompt_fidelity,,,,,,,,,,,,,,,NLPI[gemma3:270m|P5],5,gemma3:270m,P5,,,,,,,,,,,,,5.0,projected,,,,,,,,,,,,,,,,,,,,,,,,0.04545454545454548,1.0
prompt_fidelity,,,,,,,,,,,,,,,NLPI[gemma3:270m|P5],5,gemma3:270m,P5,,,,,,,,,,,,,5.0,raw,,,,,,,,,,,,,,,,,,,,,,0.045454545454545456,1.0,,
prompt_fidelity,,,,,,,,,,,,,,,NLPI[gemma3:270m|P5],5,gemma3:270m,P5,,,,,,,,,,,,,5.0,projected,,,,,,,,,,,,,,,,,,,,,,,,0.04545454545454548,1.0
prompt_fidelity,,,,,,,,,,,,,,,NLPI[gemma3:270m|P5],5,gemma3:270m,P5,,,,,,,,,,,,,5.0,raw,,,,,,,,,,,,,,,,,,,,,,0.045454545454545456,1.0,,
prompt_fidelity,,,,,,,,,,,,,,,NLPI[gemma3:270m|P5],5,gemma3:270m,P5,,,,,,,,,,,,,5.0,projected,,,,,,,,,,,,,,,,,,,,,,,,0.04545454545454548,1.0
prompt_fidelity,,,,,,,,,,,,,,,NLPI[gemma3:270m|P5],5,gemma3:270m,P5,,,,,,,,,,,,,5.0,raw,,,,,,,,,,,,,,,,,,,,,,0.045454545454545456,1.0,,
prompt_fidelity,,,,,,,,,,,,,,,NLPI[gemma3:270m|P5],5,gemma3:270m,P5,,,,,,,,,,,,,5.0,projected,,,,,,,,,,,,,,,,,,,,,,,,0.04545454545454548,1.0
prompt_fidelity,,,,,,,,,,,,,,,NLPI[gemma3:270m|P5],5,gemma3:270m,P5,,,,,,,,,,,,,5.0,raw,,,,,,,,,,,,,,,,,,,,,,0.045454545454545456,1.0,,
prompt_fidelity,,,,,,,,,,,,,,,NLPI[gemma3:270m|P5],5,gemma3:270m,P5,,,,,,,,,,,,,5.0,projected,,,,,,,,,,,,,,,,,,,,,,,,0.04545454545454548,1.0
prompt_fidelity,,,,,,,,,,,,,,,NLPI[gemma3:270m|P5],5,gemma3:270m,P5,,,,,,,,,,,,,5.0,raw,,,,,,,,,,,,,,,,,,,,,,0.045454545454545456,1.0,,
prompt_fidelity,,,,,,,,,,,,,,,NLPI[gemma3:270m|P5],5,gemma3:270m,P5,,,,,,,,,,,,,5.0,projected,,,,,,,,,,,,,,,,,,,,,,,,0.04545454545454548,1.0
prompt_fidelity,,,,,,,,,,,,,,,NLPI[gemma3:270m|P5],5,gemma3:270m,P5,,,,,,,,,,,,,5.0,raw,,,,,,,,,,,,,,,,,,,,,,0.045454545454545456,1.0,,
prompt_fidelity,,,,,,,,,,,,,,,NLPI[gemma3:270m|P5],5,gemma3:270m,P5,,,,,,,,,,,,,5.0,projected,,,,,,,,,,,,,,,,,,,,,,,,0.04545454545454548,1.0
prompt_fidelity,,,,,,,,,,,,,,,NLPI[gemma3:270m|P5],5,gemma3:270m,P5,,,,,,,,,,,,,5.0,raw,,,,,,,,,,,,,,,,,,,,,,0.045454545454545456,1.0,,
prompt_fidelity,,,,,,,,,,,,,,,NLPI[gemma3:270m|P5],5,gemma3:270m,P5,,,,,,,,,,,,,5.0,projected,,,,,,,,,,,,,,,,,,,,,,,,0.04545454545454548,1.0
prompt_fidelity,,,,,,,,,,,,,,,NLPI[gemma3:270m|P5],5,gemma3:270m,P5,,,,,,,,,,,,,5.0,raw,,,,,,,,,,,,,,,,,,,,,,0.045454545454545456,1.0,,
prompt_fidelity,,,,,,,,,,,,,,,NLPI[gemma3:270m|P5],5,gemma3:270m,P5,,,,,,,,,,,,,5.0,projected,,,,,,,,,,,,,,,,,,,,,,,,0.04545454545454548,1.0
prompt_fidelity,,,,,,,,,,,,,,,NLPI[gemma3:270m|P5],5,gemma3:270m,P5,,,,,,,,,,,,,5.0,raw,,,,,,,,,,,,,,,,,,,,,,0.045454545454545456,1.0,,
prompt_fidelity,,,,,,,,,,,,,,,NLPI[gemma3:270m|P5],5,gemma3:270m,P5,,,,,,,,,,,,,5.0,projected,,,,,,,,,,,,,,,,,,,,,,,,0.04545454545454548,1.0
prompt_fidelity,,,,,,,,,,,,,,,NLPI[gemma3:270m|P5],5,gemma3:270m,P5,,,,,,,,,,,,,5.0,raw,,,,,,,,,,,,,,,,,,,,,,0.045454545454545456,1.0,,
prompt_fidelity,,,,,,,,,,,,,,,NLPI[gemma3:270m|P5],5,gemma3:270m,P5,,,,,,,,,,,,,5.0,projected,,,,,,,,,,,,,,,,,,,,,,,,0.04545454545454548,1.0
prompt_fidelity,,,,,,,,,,,,,,,NLPI[gemma3:270m|P5],5,gemma3:270m,P5,,,,,,,,,,,,,5.0,raw,,,,,,,,,,,,,,,,,,,,,,0.045454545454545456,1.0,,
prompt_fidelity,,,,,,,,,,,,,,,NLPI[gemma3:270m|P5],5,gemma3:270m,P5,,,,,,,,,,,,,5.0,projected,,,,,,,,,,,,,,,,,,,,,,,,0.04545454545454548,1.0
prompt_fidelity,,,,,,,,,,,,,,,NLPI[gemma3:270m|P5],5,gemma3:270m,P5,,,,,,,,,,,,,5.0,raw,,,,,,,,,,,,,,,,,,,,,,0.045454545454545456,1.0,,
prompt_fidelity,,,,,,,,,,,,,,,NLPI[gemma3:270m|P5],5,gemma3:270m,P5,,,,,,,,,,,,,5.0,projected,,,,,,,,,,,,,,,,,,,,,,,,0.04545454545454548,1.0
prompt_fidelity,,,,,,,,,,,,,,,NLPI[gemma3:270m|P5],5,gemma3:270m,P5,,,,,,,,,,,,,5.0,raw,,,,,,,,,,,,,,,,,,,,,,0.045454545454545456,1.0,,
prompt_fidelity,,,,,,,,,,,,,,,NLPI[gemma3:270m|P5],5,gemma3:270m,P5,,,,,,,,,,,,,5.0,projected,,,,,,,,,,,,,,,,,,,,,,,,0.04545454545454548,1.0
prompt_fidelity,,,,,,,,,,,,,,,NLPI[gemma3:1b|P1],5,gemma3:1b,P1,,,,,,,,,,,,,1.0,raw,DBC,SLV,0.0,0.012025316455696204,0.6,0.6,0.0,-0.5879746835443038,,,,,,,,,,,,,,,,,
prompt_fidelity,,,,,,,,,,,,,,,NLPI[gemma3:1b|P1],5,gemma3:1b,P1,,,,,,,,,,,,,1.0,projected,DBC,,,,0.6,0.6,,,SLV,0.0,0.01202531645569621,0.0,-0.5879746835443038,0.0,0.0,,,,,,,,,,
prompt_fidelity,,,,,,,,,,,,,,,NLPI[gemma3:1b|P1],5,gemma3:1b,P1,,,,,,,,,,,,,1.0,raw,UUP,SLV,0.0,0.012025316455696204,0.6,0.6,0.0,-0.5879746835443038,,,,,,,,,,,,,,,,,
prompt_fidelity,,,,,,,,,,,,,,,NLPI[gemma3:1b|P1],5,gemma3:1b,P1,,,,,,,,,,,,,1.0,projected,UUP,,,,0.6,0.6,,,SLV,0.0,0.01202531645569621,0.0,-0.5879746835443038,0.0,0.0,,,,,,,,,,
prompt_fidelity,,,,,,,,,,,,,,,NLPI[gemma3:1b|P1],5,gemma3:1b,P1,,,,,,,,,,,,,1.0,raw,EFA,SLV,0.0,0.012025316455696204,0.6,0.6,0.0,-0.5879746835443038,,,,,,,,,,,,,,,,,
prompt_fidelity,,,,,,,,,,,,,,,NLPI[gemma3:1b|P1],5,gemma3:1b,P1,,,,,,,,,,,,,1.0,projected,EFA,,,,0.6,0.6,,,SLV,0.0,0.01202531645569621,0.0,-0.5879746835443038,0.0,0.0,,,,,,,,,,
prompt_fidelity,,,,,,,,,,,,,,,NLPI[gemma3:1b|P1],5,gemma3:1b,P1,,,,,,,,,,,,,1.0,raw,QQQ,SLV,0.0,0.012025316455696204,0.6,0.6,0.0,-0.5879746835443038,,,,,,,,,,,,,,,,,
prompt_fidelity,,,,,,,,,,,,,,,NLPI[gemma3:1b|P1],5,gemma3:1b,P1,,,,,,,,,,,,,1.0,projected,QQQ,,,,0.6,0.6,,,SLV,0.0,0.01202531645569621,0.0,-0.5879746835443038,0.0,0.0,,,,,,,,,,
prompt_fidelity,,,,,,,,,,,,,,,NLPI[gemma3:1b|P1],5,gemma3:1b,P1,,,,,,,,,,,,,1.0,raw,SLV,SLV,1.0,0.379746835443038,0.6,0.6,0.0,-0.22025316455696198,,,,,,,,,,,,,,,,,
prompt_fidelity,,,,,,,,,,,,,,,NLPI[gemma3:1b|P1],5,gemma3:1b,P1,,,,,,,,,,,,,1.0,projected,SLV,,,,0.6,0.6,,,SLV,1.0,0.379746835443038,0.0,-0.22025316455696198,0.0,0.0,,,,,,,,,,
prompt_fidelity,,,,,,,,,,,,,,,NLPI[gemma3:1b|P1],5,gemma3:1b,P1,,,,,,,,,,,,,1.0,raw,QQQ,SLV,0.0,0.012025316455696204,0.6,0.6,0.0,-0.5879746835443038,,,,,,,,,,,,,,,,,
prompt_fidelity,,,,,,,,,,,,,,,NLPI[gemma3:1b|P1],5,gemma3:1b,P1,,,,,,,,,,,,,1.0,projected,QQQ,,,,0.6,0.6,,,SLV,0.0,0.01202531645569621,0.0,-0.5879746835443038,0.0,0.0,,,,,,,,,,
prompt_fidelity,,,,,,,,,,,,,,,NLPI[gemma3:1b|P1],5,gemma3:1b,P1,,,,,,,,,,,,,1.0,raw,QQQ,SLV,0.0,0.012025316455696204,0.6,0.6,0.0,-0.5879746835443038,,,,,,,,,,,,,,,,,
prompt_fidelity,,,,,,,,,,,,,,,NLPI[gemma3:1b|P1],5,gemma3:1b,P1,,,,,,,,,,,,,1.0,projected,QQQ,,,,0.6,0.6,,,SLV,0.0,0.01202531645569621,0.0,-0.5879746835443038,0.0,0.0,,,,,,,,,,
prompt_fidelity,,,,,,,,,,,,,,,NLPI[gemma3:1b|P1],5,gemma3:1b,P1,,,,,,,,,,,,,1.0,raw,QQQ,SLV,0.0,0.012025316455696204,0.6,0.6,0.0,-0.5879746835443038,,,,,,,,,,,,,,,,,
prompt_fidelity,,,,,,,,,,,,,,,NLPI[gemma3:1b|P1],5,gemma3:1b,P1,,,,,,,,,,,,,1.0,projected,QQQ,,,,0.6,0.6,,,SLV,0.0,0.01202531645569621,0.0,-0.5879746835443038,0.0,0.0,,,,,,,,,,
prompt_fidelity,,,,,,,,,,,,,,,NLPI[gemma3:1b|P1],5,gemma3:1b,P1,,,,,,,,,,,,,1.0,raw,QQQ,SLV,0.0,0.012025316455696204,0.6,0.6,0.0,-0.5879746835443038,,,,,,,,,,,,,,,,,
prompt_fidelity,,,,,,,,,,,,,,,NLPI[gemma3:1b|P1],5,gemma3:1b,P1,,,,,,,,,,,,,1.0,projected,QQQ,,,,0.6,0.6,,,SLV,0.0,0.01202531645569621,0.0,-0.5879746835443038,0.0,0.0,,,,,,,,,,
prompt_fidelity,,,,,,,,,,,,,,,NLPI[gemma3:1b|P1],5,gemma3:1b,P1,,,,,,,,,,,,,1.0,raw,QQQ,SLV,0.0,0.012025316455696204,0.6,0.6,0.0,-0.5879746835443038,,,,,,,,,,,,,,,,,
prompt_fidelity,,,,,,,,,,,,,,,NLPI[gemma3:1b|P1],5,gemma3:1b,P1,,,,,,,,,,,,,1.0,projected,QQQ,,,,0.6,0.6,,,SLV,0.0,0.01202531645569621,0.0,-0.5879746835443038,0.0,0.0,,,,,,,,,,
prompt_fidelity,,,,,,,,,,,,,,,NLPI[gemma3:1b|P1],5,gemma3:1b,P1,,,,,,,,,,,,,1.0,raw,QQQ,SLV,0.0,0.012025316455696204,0.6,0.6,0.0,-0.5879746835443038,,,,,,,,,,,,,,,,,
prompt_fidelity,,,,,,,,,,,,,,,NLPI[gemma3:1b|P1],5,gemma3:1b,P1,,,,,,,,,,,,,1.0,projected,QQQ,,,,0.6,0.6,,,SLV,0.0,0.01202531645569621,0.0,-0.5879746835443038,0.0,0.0,,,,,,,,,,
prompt_fidelity,,,,,,,,,,,,,,,NLPI[gemma3:1b|P1],5,gemma3:1b,P1,,,,,,,,,,,,,1.0,raw,SLV,SLV,1.0,0.379746835443038,0.6,0.6,0.0,-0.22025316455696198,,,,,,,,,,,,,,,,,
prompt_fidelity,,,,,,,,,,,,,,,NLPI[gemma3:1b|P1],5,gemma3:1b,P1,,,,,,,,,,,,,1.0,projected,SLV,,,,0.6,0.6,,,SLV,1.0,0.379746835443038,0.0,-0.22025316455696198,0.0,0.0,,,,,,,,,,
prompt_fidelity,,,,,,,,,,,,,,,NLPI[gemma3:1b|P1],5,gemma3:1b,P1,,,,,,,,,,,,,1.0,raw,QQQ,SLV,0.0,0.012025316455696204,0.6,0.6,0.0,-0.5879746835443038,,,,,,,,,,,,,,,,,
prompt_fidelity,,,,,,,,,,,,,,,NLPI[gemma3:1b|P1],5,gemma3:1b,P1,,,,,,,,,,,,,1.0,projected,QQQ,,,,0.6,0.6,,,SLV,0.0,0.01202531645569621,0.0,-0.5879746835443038,0.0,0.0,,,,,,,,,,
prompt_fidelity,,,,,,,,,,,,,,,NLPI[gemma3:1b|P1],5,gemma3:1b,P1,,,,,,,,,,,,,1.0,raw,GLD,SLV,0.0,0.012025316455696204,0.6,0.6,0.0,-0.5879746835443038,,,,,,,,,,,,,,,,,
prompt_fidelity,,,,,,,,,,,,,,,NLPI[gemma3:1b|P1],5,gemma3:1b,P1,,,,,,,,,,,,,1.0,projected,GLD,,,,0.6,0.6,,,SLV,0.0,0.01202531645569621,0.0,-0.5879746835443038,0.0,0.0,,,,,,,,,,
prompt_fidelity,,,,,,,,,,,,,,,NLPI[gemma3:1b|P1],5,gemma3:1b,P1,,,,,,,,,,,,,1.0,raw,GLD,SLV,0.0,0.012025316455696204,0.6,0.6,0.0,-0.5879746835443038,,,,,,,,,,,,,,,,,
prompt_fidelity,,,,,,,,,,,,,,,NLPI[gemma3:1b|P1],5,gemma3:1b,P1,,,,,,,,,,,,,1.0,projected,GLD,,,,0.6,0.6,,,SLV,0.0,0.01202531645569621,0.0,-0.5879746835443038,0.0,0.0,,,,,,,,,,
prompt_fidelity,,,,,,,,,,,,,,,NLPI[gemma3:1b|P1],5,gemma3:1b,P1,,,,,,,,,,,,,1.0,raw,GLD,SLV,0.0,0.012025316455696204,0.6,0.6,0.0,-0.5879746835443038,,,,,,,,,,,,,,,,,
prompt_fidelity,,,,,,,,,,,,,,,NLPI[gemma3:1b|P1],5,gemma3:1b,P1,,,,,,,,,,,,,1.0,projected,GLD,,,,0.6,0.6,,,SLV,0.0,0.01202531645569621,0.0,-0.5879746835443038,0.0,0.0,,,,,,,,,,
prompt_fidelity,,,,,,,,,,,,,,,NLPI[gemma3:1b|P1],5,gemma3:1b,P1,,,,,,,,,,,,,1.0,raw,GLD,SLV,0.0,0.012025316455696204,0.6,0.6,0.0,-0.5879746835443038,,,,,,,,,,,,,,,,,
prompt_fidelity,,,,,,,,,,,,,,,NLPI[gemma3:1b|P1],5,gemma3:1b,P1,,,,,,,,,,,,,1.0,projected,GLD,,,,0.6,0.6,,,SLV,0.0,0.01202531645569621,0.0,-0.5879746835443038,0.0,0.0,,,,,,,,,,
prompt_fidelity,,,,,,,,,,,,,,,NLPI[gemma3:1b|P1],5,gemma3:1b,P1,,,,,,,,,,,,,1.0,raw,GLD,SLV,0.0,0.012025316455696204,0.6,0.6,0.0,-0.5879746835443038,,,,,,,,,,,,,,,,,
prompt_fidelity,,,,,,,,,,,,,,,NLPI[gemma3:1b|P1],5,gemma3:1b,P1,,,,,,,,,,,,,1.0,projected,GLD,,,,0.6,0.6,,,SLV,0.0,0.01202531645569621,0.0,-0.5879746835443038,0.0,0.0,,,,,,,,,,
prompt_fidelity,,,,,,,,,,,,,,,NLPI[gemma3:1b|P2],5,gemma3:1b,P2,,,,,,,,,,,,,2.0,raw,BIL,BIL,1.0,0.6006006006006006,0.6,0.6,1.0,0.0006006006006006315,,,,,,,,,,,,,,,,,
prompt_fidelity,,,,,,,,,,,,,,,NLPI[gemma3:1b|P2],5,gemma3:1b,P2,,,,,,,,,,,,,2.0,projected,BIL,,,,0.6,0.6,,,BIL,1.0,0.6,1.0,0.0,0.0,0.0,,,,,,,,,,
prompt_fidelity,,,,,,,,,,,,,,,NLPI[gemma3:1b|P2],5,gemma3:1b,P2,,,,,,,,,,,,,2.0,raw,BIL,BIL,1.0,0.6006006006006006,0.6,0.6,1.0,0.0006006006006006315,,,,,,,,,,,,,,,,,
prompt_fidelity,,,,,,,,,,,,,,,NLPI[gemma3:1b|P2],5,gemma3:1b,P2,,,,,,,,,,,,,2.0,projected,BIL,,,,0.6,0.6,,,BIL,1.0,0.6,1.0,0.0,0.0,0.0,,,,,,,,,,
prompt_fidelity,,,,,,,,,,,,,,,NLPI[gemma3:1b|P2],5,gemma3:1b,P2,,,,,,,,,,,,,2.0,raw,BIL,BIL,1.0,0.6006006006006006,0.6,0.6,1.0,0.0006006006006006315,,,,,,,,,,,,,,,,,
prompt_fidelity,,,,,,,,,,,,,,,NLPI[gemma3:1b|P2],5,gemma3:1b,P2,,,,,,,,,,,,,2.0,projected,BIL,,,,0.6,0.6,,,BIL,1.0,0.6,1.0,0.0,0.0,0.0,,,,,,,,,,
prompt_fidelity,,,,,,,,,,,,,,,NLPI[gemma3:1b|P2],5,gemma3:1b,P2,,,,,,,,,,,,,2.0,raw,BIL,BIL,1.0,0.6006006006006006,0.6,0.6,1.0,0.0006006006006006315,,,,,,,,,,,,,,,,,
prompt_fidelity,,,,,,,,,,,,,,,NLPI[gemma3:1b|P2],5,gemma3:1b,P2,,,,,,,,,,,,,2.0,projected,BIL,,,,0.6,0.6,,,BIL,1.0,0.6,1.0,0.0,0.0,0.0,,,,,,,,,,
prompt_fidelity,,,,,,,,,,,,,,,NLPI[gemma3:1b|P2],5,gemma3:1b,P2,,,,,,,,,,,,,2.0,raw,BIL,BIL,1.0,0.6006006006006006,0.6,0.6,1.0,0.0006006006006006315,,,,,,,,,,,,,,,,,
prompt_fidelity,,,,,,,,,,,,,,,NLPI[gemma3:1b|P2],5,gemma3:1b,P2,,,,,,,,,,,,,2.0,projected,BIL,,,,0.6,0.6,,,BIL,1.0,0.6,1.0,0.0,0.0,0.0,,,,,,,,,,
prompt_fidelity,,,,,,,,,,,,,,,NLPI[gemma3:1b|P2],5,gemma3:1b,P2,,,,,,,,,,,,,2.0,raw,BIL,BIL,1.0,0.6006006006006006,0.6,0.6,1.0,0.0006006006006006315,,,,,,,,,,,,,,,,,
prompt_fidelity,,,,,,,,,,,,,,,NLPI[gemma3:1b|P2],5,gemma3:1b,P2,,,,,,,,,,,,,2.0,projected,BIL,,,,0.6,0.6,,,BIL,1.0,0.6,1.0,0.0,0.0,0.0,,,,,,,,,,
prompt_fidelity,,,,,,,,,,,,,,,NLPI[gemma3:1b|P2],5,gemma3:1b,P2,,,,,,,,,,,,,2.0,raw,BIL,BIL,1.0,0.6006006006006006,0.6,0.6,1.0,0.0006006006006006315,,,,,,,,,,,,,,,,,
prompt_fidelity,,,,,,,,,,,,,,,NLPI[gemma3:1b|P2],5,gemma3:1b,P2,,,,,,,,,,,,,2.0,projected,BIL,,,,0.6,0.6,,,BIL,1.0,0.6,1.0,0.0,0.0,0.0,,,,,,,,,,
prompt_fidelity,,,,,,,,,,,,,,,NLPI[gemma3:1b|P2],5,gemma3:1b,P2,,,,,,,,,,,,,2.0,raw,BIL,BIL,1.0,0.6006006006006006,0.6,0.6,1.0,0.0006006006006006315,,,,,,,,,,,,,,,,,
prompt_fidelity,,,,,,,,,,,,,,,NLPI[gemma3:1b|P2],5,gemma3:1b,P2,,,,,,,,,,,,,2.0,projected,BIL,,,,0.6,0.6,,,BIL,1.0,0.6,1.0,0.0,0.0,0.0,,,,,,,,,,
prompt_fidelity,,,,,,,,,,,,,,,NLPI[gemma3:1b|P2],5,gemma3:1b,P2,,,,,,,,,,,,,2.0,raw,BIL,BIL,1.0,0.6006006006006006,0.6,0.6,1.0,0.0006006006006006315,,,,,,,,,,,,,,,,,
prompt_fidelity,,,,,,,,,,,,,,,NLPI[gemma3:1b|P2],5,gemma3:1b,P2,,,,,,,,,,,,,2.0,projected,BIL,,,,0.6,0.6,,,BIL,1.0,0.6,1.0,0.0,0.0,0.0,,,,,,,,,,
prompt_fidelity,,,,,,,,,,,,,,,NLPI[gemma3:1b|P2],5,gemma3:1b,P2,,,,,,,,,,,,,2.0,raw,BIL,BIL,1.0,0.6006006006006006,0.6,0.6,1.0,0.0006006006006006315,,,,,,,,,,,,,,,,,
prompt_fidelity,,,,,,,,,,,,,,,NLPI[gemma3:1b|P2],5,gemma3:1b,P2,,,,,,,,,,,,,2.0,projected,BIL,,,,0.6,0.6,,,BIL,1.0,0.6,1.0,0.0,0.0,0.0,,,,,,,,,,
prompt_fidelity,,,,,,,,,,,,,,,NLPI[gemma3:1b|P2],5,gemma3:1b,P2,,,,,,,,,,,,,2.0,raw,BIL,BIL,1.0,0.6006006006006006,0.6,0.6,1.0,0.0006006006006006315,,,,,,,,,,,,,,,,,
prompt_fidelity,,,,,,,,,,,,,,,NLPI[gemma3:1b|P2],5,gemma3:1b,P2,,,,,,,,,,,,,2.0,projected,BIL,,,,0.6,0.6,,,BIL,1.0,0.6,1.0,0.0,0.0,0.0,,,,,,,,,,
prompt_fidelity,,,,,,,,,,,,,,,NLPI[gemma3:1b|P2],5,gemma3:1b,P2,,,,,,,,,,,,,2.0,raw,BIL,BIL,1.0,0.6006006006006006,0.6,0.6,1.0,0.0006006006006006315,,,,,,,,,,,,,,,,,
prompt_fidelity,,,,,,,,,,,,,,,NLPI[gemma3:1b|P2],5,gemma3:1b,P2,,,,,,,,,,,,,2.0,projected,BIL,,,,0.6,0.6,,,BIL,1.0,0.6,1.0,0.0,0.0,0.0,,,,,,,,,,
prompt_fidelity,,,,,,,,,,,,,,,NLPI[gemma3:1b|P2],5,gemma3:1b,P2,,,,,,,,,,,,,2.0,raw,BIL,BIL,1.0,0.6006006006006006,0.6,0.6,1.0,0.0006006006006006315,,,,,,,,,,,,,,,,,
prompt_fidelity,,,,,,,,,,,,,,,NLPI[gemma3:1b|P2],5,gemma3:1b,P2,,,,,,,,,,,,,2.0,projected,BIL,,,,0.6,0.6,,,BIL,1.0,0.6,1.0,0.0,0.0,0.0,,,,,,,,,,
prompt_fidelity,,,,,,,,,,,,,,,NLPI[gemma3:1b|P2],5,gemma3:1b,P2,,,,,,,,,,,,,2.0,raw,BIL,BIL,1.0,0.6006006006006006,0.6,0.6,1.0,0.0006006006006006315,,,,,,,,,,,,,,,,,
prompt_fidelity,,,,,,,,,,,,,,,NLPI[gemma3:1b|P2],5,gemma3:1b,P2,,,,,,,,,,,,,2.0,projected,BIL,,,,0.6,0.6,,,BIL,1.0,0.6,1.0,0.0,0.0,0.0,,,,,,,,,,
prompt_fidelity,,,,,,,,,,,,,,,NLPI[gemma3:1b|P2],5,gemma3:1b,P2,,,,,,,,,,,,,2.0,raw,BIL,BIL,1.0,0.6006006006006006,0.6,0.6,1.0,0.0006006006006006315,,,,,,,,,,,,,,,,,
prompt_fidelity,,,,,,,,,,,,,,,NLPI[gemma3:1b|P2],5,gemma3:1b,P2,,,,,,,,,,,,,2.0,projected,BIL,,,,0.6,0.6,,,BIL,1.0,0.6,1.0,0.0,0.0,0.0,,,,,,,,,,
prompt_fidelity,,,,,,,,,,,,,,,NLPI[gemma3:1b|P2],5,gemma3:1b,P2,,,,,,,,,,,,,2.0,raw,BIL,BIL,1.0,0.6006006006006006,0.6,0.6,1.0,0.0006006006006006315,,,,,,,,,,,,,,,,,
prompt_fidelity,,,,,,,,,,,,,,,NLPI[gemma3:1b|P2],5,gemma3:1b,P2,,,,,,,,,,,,,2.0,projected,BIL,,,,0.6,0.6,,,BIL,1.0,0.6,1.0,0.0,0.0,0.0,,,,,,,,,,
prompt_fidelity,,,,,,,,,,,,,,,NLPI[gemma3:1b|P2],5,gemma3:1b,P2,,,,,,,,,,,,,2.0,raw,BIL,BIL,1.0,0.6006006006006006,0.6,0.6,1.0,0.0006006006006006315,,,,,,,,,,,,,,,,,
prompt_fidelity,,,,,,,,,,,,,,,NLPI[gemma3:1b|P2],5,gemma3:1b,P2,,,,,,,,,,,,,2.0,projected,BIL,,,,0.6,0.6,,,BIL,1.0,0.6,1.0,0.0,0.0,0.0,,,,,,,,,,
prompt_fidelity,,,,,,,,,,,,,,,NLPI[gemma3:1b|P2],5,gemma3:1b,P2,,,,,,,,,,,,,2.0,raw,BIL,BIL,1.0,0.6006006006006006,0.6,0.6,1.0,0.0006006006006006315,,,,,,,,,,,,,,,,,
prompt_fidelity,,,,,,,,,,,,,,,NLPI[gemma3:1b|P2],5,gemma3:1b,P2,,,,,,,,,,,,,2.0,projected,BIL,,,,0.6,0.6,,,BIL,1.0,0.6,1.0,0.0,0.0,0.0,,,,,,,,,,
prompt_fidelity,,,,,,,,,,,,,,,NLPI[gemma3:1b|P3],5,gemma3:1b,P3,,,,,,,,,,,,,3.0,raw,UUP,VWO,0.0,0.019019019019019017,0.6,0.6,0.0,-0.5809809809809809,,,,,,,,,,,,,,,,,
prompt_fidelity,,,,,,,,,,,,,,,NLPI[gemma3:1b|P3],5,gemma3:1b,P3,,,,,,,,,,,,,3.0,projected,UUP,,,,0.6,0.6,,,VWO,0.0,0.01904761904761904,0.0,-0.5809523809523809,0.0,0.0,,,,,,,,,,
prompt_fidelity,,,,,,,,,,,,,,,NLPI[gemma3:1b|P3],5,gemma3:1b,P3,,,,,,,,,,,,,3.0,raw,DBC,VWO,0.0,0.019019019019019017,0.6,0.6,0.0,-0.5809809809809809,,,,,,,,,,,,,,,,,
prompt_fidelity,,,,,,,,,,,,,,,NLPI[gemma3:1b|P3],5,gemma3:1b,P3,,,,,,,,,,,,,3.0,projected,DBC,,,,0.6,0.6,,,VWO,0.0,0.01904761904761904,0.0,-0.5809523809523809,0.0,0.0,,,,,,,,,,
prompt_fidelity,,,,,,,,,,,,,,,NLPI[gemma3:1b|P3],5,gemma3:1b,P3,,,,,,,,,,,,,3.0,raw,EEM,VWO,0.0,0.019019019019019017,0.6,0.6,0.0,-0.5809809809809809,,,,,,,,,,,,,,,,,
prompt_fidelity,,,,,,,,,,,,,,,NLPI[gemma3:1b|P3],5,gemma3:1b,P3,,,,,,,,,,,,,3.0,projected,EEM,,,,0.6,0.6,,,VWO,0.0,0.01904761904761904,0.0,-0.5809523809523809,0.0,0.0,,,,,,,,,,
prompt_fidelity,,,,,,,,,,,,,,,NLPI[gemma3:1b|P3],5,gemma3:1b,P3,,,,,,,,,,,,,3.0,raw,GLD,VWO,0.0,0.019019019019019017,0.6,0.6,0.0,-0.5809809809809809,,,,,,,,,,,,,,,,,
prompt_fidelity,,,,,,,,,,,,,,,NLPI[gemma3:1b|P3],5,gemma3:1b,P3,,,,,,,,,,,,,3.0,projected,GLD,,,,0.6,0.6,,,VWO,0.0,0.01904761904761904,0.0,-0.5809523809523809,0.0,0.0,,,,,,,,,,
prompt_fidelity,,,,,,,,,,,,,,,NLPI[gemma3:1b|P3],5,gemma3:1b,P3,,,,,,,,,,,,,3.0,raw,TLT,VWO,0.0,0.019019019019019017,0.6,0.6,0.0,-0.5809809809809809,,,,,,,,,,,,,,,,,
prompt_fidelity,,,,,,,,,,,,,,,NLPI[gemma3:1b|P3],5,gemma3:1b,P3,,,,,,,,,,,,,3.0,projected,TLT,,,,0.6,0.6,,,VWO,0.0,0.01904761904761904,0.0,-0.5809523809523809,0.0,0.0,,,,,,,,,,
prompt_fidelity,,,,,,,,,,,,,,,NLPI[gemma3:1b|P3],5,gemma3:1b,P3,,,,,,,,,,,,,3.0,raw,VNQ,VWO,0.0,0.019019019019019017,0.6,0.6,0.0,-0.5809809809809809,,,,,,,,,,,,,,,,,
prompt_fidelity,,,,,,,,,,,,,,,NLPI[gemma3:1b|P3],5,gemma3:1b,P3,,,,,,,,,,,,,3.0,projected,VNQ,,,,0.6,0.6,,,VWO,0.0,0.01904761904761904,0.0,-0.5809523809523809,0.0,0.0,,,,,,,,,,
prompt_fidelity,,,,,,,,,,,,,,,NLPI[gemma3:1b|P3],5,gemma3:1b,P3,,,,,,,,,,,,,3.0,raw,DBC,VWO,0.0,0.019019019019019017,0.6,0.6,0.0,-0.5809809809809809,,,,,,,,,,,,,,,,,
prompt_fidelity,,,,,,,,,,,,,,,NLPI[gemma3:1b|P3],5,gemma3:1b,P3,,,,,,,,,,,,,3.0,projected,DBC,,,,0.6,0.6,,,VWO,0.0,0.01904761904761904,0.0,-0.5809523809523809,0.0,0.0,,,,,,,,,,
prompt_fidelity,,,,,,,,,,,,,,,NLPI[gemma3:1b|P3],5,gemma3:1b,P3,,,,,,,,,,,,,3.0,raw,DBC,VWO,0.0,0.019019019019019017,0.6,0.6,0.0,-0.5809809809809809,,,,,,,,,,,,,,,,,
prompt_fidelity,,,,,,,,,,,,,,,NLPI[gemma3:1b|P3],5,gemma3:1b,P3,,,,,,,,,,,,,3.0,projected,DBC,,,,0.6,0.6,,,VWO,0.0,0.01904761904761904,0.0,-0.5809523809523809,0.0,0.0,,,,,,,,,,
prompt_fidelity,,,,,,,,,,,,,,,NLPI[gemma3:1b|P3],5,gemma3:1b,P3,,,,,,,,,,,,,3.0,raw,TLT,VWO,0.0,0.019019019019019017,0.6,0.6,0.0,-0.5809809809809809,,,,,,,,,,,,,,,,,
prompt_fidelity,,,,,,,,,,,,,,,NLPI[gemma3:1b|P3],5,gemma3:1b,P3,,,,,,,,,,,,,3.0,projected,TLT,,,,0.6,0.6,,,VWO,0.0,0.01904761904761904,0.0,-0.5809523809523809,0.0,0.0,,,,,,,,,,
prompt_fidelity,,,,,,,,,,,,,,,NLPI[gemma3:1b|P3],5,gemma3:1b,P3,,,,,,,,,,,,,3.0,raw,IWM,VWO,0.0,0.019019019019019017,0.6,0.6,0.0,-0.5809809809809809,,,,,,,,,,,,,,,,,
prompt_fidelity,,,,,,,,,,,,,,,NLPI[gemma3:1b|P3],5,gemma3:1b,P3,,,,,,,,,,,,,3.0,projected,IWM,,,,0.6,0.6,,,VWO,0.0,0.01904761904761904,0.0,-0.5809523809523809,0.0,0.0,,,,,,,,,,
prompt_fidelity,,,,,,,,,,,,,,,NLPI[gemma3:1b|P3],5,gemma3:1b,P3,,,,,,,,,,,,,3.0,raw,DBC,VWO,0.0,0.019019019019019017,0.6,0.6,0.0,-0.5809809809809809,,,,,,,,,,,,,,,,,
prompt_fidelity,,,,,,,,,,,,,,,NLPI[gemma3:1b|P3],5,gemma3:1b,P3,,,,,,,,,,,,,3.0,projected,DBC,,,,0.6,0.6,,,VWO,0.0,0.01904761904761904,0.0,-0.5809523809523809,0.0,0.0,,,,,,,,,,
prompt_fidelity,,,,,,,,,,,,,,,NLPI[gemma3:1b|P3],5,gemma3:1b,P3,,,,,,,,,,,,,3.0,raw,IWM,VWO,0.0,0.019019019019019017,0.6,0.6,0.0,-0.5809809809809809,,,,,,,,,,,,,,,,,
prompt_fidelity,,,,,,,,,,,,,,,NLPI[gemma3:1b|P3],5,gemma3:1b,P3,,,,,,,,,,,,,3.0,projected,IWM,,,,0.6,0.6,,,VWO,0.0,0.01904761904761904,0.0,-0.5809523809523809,0.0,0.0,,,,,,,,,,
prompt_fidelity,,,,,,,,,,,,,,,NLPI[gemma3:1b|P3],5,gemma3:1b,P3,,,,,,,,,,,,,3.0,raw,TLT,VWO,0.0,0.019019019019019017,0.6,0.6,0.0,-0.5809809809809809,,,,,,,,,,,,,,,,,
prompt_fidelity,,,,,,,,,,,,,,,NLPI[gemma3:1b|P3],5,gemma3:1b,P3,,,,,,,,,,,,,3.0,projected,TLT,,,,0.6,0.6,,,VWO,0.0,0.01904761904761904,0.0,-0.5809523809523809,0.0,0.0,,,,,,,,,,
prompt_fidelity,,,,,,,,,,,,,,,NLPI[gemma3:1b|P3],5,gemma3:1b,P3,,,,,,,,,,,,,3.0,raw,IWM,VWO,0.0,0.019019019019019017,0.6,0.6,0.0,-0.5809809809809809,,,,,,,,,,,,,,,,,
prompt_fidelity,,,,,,,,,,,,,,,NLPI[gemma3:1b|P3],5,gemma3:1b,P3,,,,,,,,,,,,,3.0,projected,IWM,,,,0.6,0.6,,,VWO,0.0,0.01904761904761904,0.0,-0.5809523809523809,0.0,0.0,,,,,,,,,,
prompt_fidelity,,,,,,,,,,,,,,,NLPI[gemma3:1b|P3],5,gemma3:1b,P3,,,,,,,,,,,,,3.0,raw,IWM,VWO,0.0,0.019019019019019017,0.6,0.6,0.0,-0.5809809809809809,,,,,,,,,,,,,,,,,
prompt_fidelity,,,,,,,,,,,,,,,NLPI[gemma3:1b|P3],5,gemma3:1b,P3,,,,,,,,,,,,,3.0,projected,IWM,,,,0.6,0.6,,,VWO,0.0,0.01904761904761904,0.0,-0.5809523809523809,0.0,0.0,,,,,,,,,,
prompt_fidelity,,,,,,,,,,,,,,,NLPI[gemma3:1b|P3],5,gemma3:1b,P3,,,,,,,,,,,,,3.0,raw,UUP,VWO,0.0,0.019019019019019017,0.6,0.6,0.0,-0.5809809809809809,,,,,,,,,,,,,,,,,
prompt_fidelity,,,,,,,,,,,,,,,NLPI[gemma3:1b|P3],5,gemma3:1b,P3,,,,,,,,,,,,,3.0,projected,UUP,,,,0.6,0.6,,,VWO,0.0,0.01904761904761904,0.0,-0.5809523809523809,0.0,0.0,,,,,,,,,,
prompt_fidelity,,,,,,,,,,,,,,,NLPI[gemma3:1b|P3],5,gemma3:1b,P3,,,,,,,,,,,,,3.0,raw,UUP,VWO,0.0,0.019019019019019017,0.6,0.6,0.0,-0.5809809809809809,,,,,,,,,,,,,,,,,
prompt_fidelity,,,,,,,,,,,,,,,NLPI[gemma3:1b|P3],5,gemma3:1b,P3,,,,,,,,,,,,,3.0,projected,UUP,,,,0.6,0.6,,,VWO,0.0,0.01904761904761904,0.0,-0.5809523809523809,0.0,0.0,,,,,,,,,,
prompt_fidelity,,,,,,,,,,,,,,,NLPI[gemma3:1b|P3],5,gemma3:1b,P3,,,,,,,,,,,,,3.0,raw,DBC,VWO,0.0,0.019019019019019017,0.6,0.6,0.0,-0.5809809809809809,,,,,,,,,,,,,,,,,
prompt_fidelity,,,,,,,,,,,,,,,NLPI[gemma3:1b|P3],5,gemma3:1b,P3,,,,,,,,,,,,,3.0,projected,DBC,,,,0.6,0.6,,,VWO,0.0,0.01904761904761904,0.0,-0.5809523809523809,0.0,0.0,,,,,,,,,,
prompt_fidelity,,,,,,,,,,,,,,,NLPI[gemma3:1b|P4],5,gemma3:1b,P4,,,,,,,,,,,,,4.0,raw,,,,,,,,,,,,,,,,,,0.0,1.0,,,,,,
prompt_fidelity,,,,,,,,,,,,,,,NLPI[gemma3:1b|P4],5,gemma3:1b,P4,,,,,,,,,,,,,4.0,projected,,,,,,,,,,,,,,,,,,,,3.0531133177191805e-16,1.0,,,,
prompt_fidelity,,,,,,,,,,,,,,,NLPI[gemma3:1b|P4],5,gemma3:1b,P4,,,,,,,,,,,,,4.0,raw,,,,,,,,,,,,,,,,,,0.0,1.0,,,,,,
prompt_fidelity,,,,,,,,,,,,,,,NLPI[gemma3:1b|P4],5,gemma3:1b,P4,,,,,,,,,,,,,4.0,projected,,,,,,,,,,,,,,,,,,,,3.0531133177191805e-16,1.0,,,,
prompt_fidelity,,,,,,,,,,,,,,,NLPI[gemma3:1b|P4],5,gemma3:1b,P4,,,,,,,,,,,,,4.0,raw,,,,,,,,,,,,,,,,,,0.0,1.0,,,,,,
prompt_fidelity,,,,,,,,,,,,,,,NLPI[gemma3:1b|P4],5,gemma3:1b,P4,,,,,,,,,,,,,4.0,projected,,,,,,,,,,,,,,,,,,,,3.0531133177191805e-16,1.0,,,,
prompt_fidelity,,,,,,,,,,,,,,,NLPI[gemma3:1b|P4],5,gemma3:1b,P4,,,,,,,,,,,,,4.0,raw,,,,,,,,,,,,,,,,,,0.0,1.0,,,,,,
prompt_fidelity,,,,,,,,,,,,,,,NLPI[gemma3:1b|P4],5,gemma3:1b,P4,,,,,,,,,,,,,4.0,projected,,,,,,,,,,,,,,,,,,,,3.0531133177191805e-16,1.0,,,,
prompt_fidelity,,,,,,,,,,,,,,,NLPI[gemma3:1b|P4],5,gemma3:1b,P4,,,,,,,,,,,,,4.0,raw,,,,,,,,,,,,,,,,,,0.0,1.0,,,,,,
prompt_fidelity,,,,,,,,,,,,,,,NLPI[gemma3:1b|P4],5,gemma3:1b,P4,,,,,,,,,,,,,4.0,projected,,,,,,,,,,,,,,,,,,,,3.0531133177191805e-16,1.0,,,,
prompt_fidelity,,,,,,,,,,,,,,,NLPI[gemma3:1b|P4],5,gemma3:1b,P4,,,,,,,,,,,,,4.0,raw,,,,,,,,,,,,,,,,,,0.0,1.0,,,,,,
prompt_fidelity,,,,,,,,,,,,,,,NLPI[gemma3:1b|P4],5,gemma3:1b,P4,,,,,,,,,,,,,4.0,projected,,,,,,,,,,,,,,,,,,,,3.0531133177191805e-16,1.0,,,,
prompt_fidelity,,,,,,,,,,,,,,,NLPI[gemma3:1b|P4],5,gemma3:1b,P4,,,,,,,,,,,,,4.0,raw,,,,,,,,,,,,,,,,,,0.0,1.0,,,,,,
prompt_fidelity,,,,,,,,,,,,,,,NLPI[gemma3:1b|P4],5,gemma3:1b,P4,,,,,,,,,,,,,4.0,projected,,,,,,,,,,,,,,,,,,,,3.0531133177191805e-16,1.0,,,,
prompt_fidelity,,,,,,,,,,,,,,,NLPI[gemma3:1b|P4],5,gemma3:1b,P4,,,,,,,,,,,,,4.0,raw,,,,,,,,,,,,,,,,,,0.0,1.0,,,,,,
prompt_fidelity,,,,,,,,,,,,,,,NLPI[gemma3:1b|P4],5,gemma3:1b,P4,,,,,,,,,,,,,4.0,projected,,,,,,,,,,,,,,,,,,,,3.0531133177191805e-16,1.0,,,,
prompt_fidelity,,,,,,,,,,,,,,,NLPI[gemma3:1b|P4],5,gemma3:1b,P4,,,,,,,,,,,,,4.0,raw,,,,,,,,,,,,,,,,,,0.0,1.0,,,,,,
prompt_fidelity,,,,,,,,,,,,,,,NLPI[gemma3:1b|P4],5,gemma3:1b,P4,,,,,,,,,,,,,4.0,projected,,,,,,,,,,,,,,,,,,,,3.0531133177191805e-16,1.0,,,,
prompt_fidelity,,,,,,,,,,,,,,,NLPI[gemma3:1b|P4],5,gemma3:1b,P4,,,,,,,,,,,,,4.0,raw,,,,,,,,,,,,,,,,,,0.0,1.0,,,,,,
prompt_fidelity,,,,,,,,,,,,,,,NLPI[gemma3:1b|P4],5,gemma3:1b,P4,,,,,,,,,,,,,4.0,projected,,,,,,,,,,,,,,,,,,,,3.0531133177191805e-16,1.0,,,,
prompt_fidelity,,,,,,,,,,,,,,,NLPI[gemma3:1b|P4],5,gemma3:1b,P4,,,,,,,,,,,,,4.0,raw,,,,,,,,,,,,,,,,,,0.0,1.0,,,,,,
prompt_fidelity,,,,,,,,,,,,,,,NLPI[gemma3:1b|P4],5,gemma3:1b,P4,,,,,,,,,,,,,4.0,projected,,,,,,,,,,,,,,,,,,,,3.0531133177191805e-16,1.0,,,,
prompt_fidelity,,,,,,,,,,,,,,,NLPI[gemma3:1b|P4],5,gemma3:1b,P4,,,,,,,,,,,,,4.0,raw,,,,,,,,,,,,,,,,,,0.0,1.0,,,,,,
prompt_fidelity,,,,,,,,,,,,,,,NLPI[gemma3:1b|P4],5,gemma3:1b,P4,,,,,,,,,,,,,4.0,projected,,,,,,,,,,,,,,,,,,,,3.0531133177191805e-16,1.0,,,,
prompt_fidelity,,,,,,,,,,,,,,,NLPI[gemma3:1b|P4],5,gemma3:1b,P4,,,,,,,,,,,,,4.0,raw,,,,,,,,,,,,,,,,,,0.0,1.0,,,,,,
prompt_fidelity,,,,,,,,,,,,,,,NLPI[gemma3:1b|P4],5,gemma3:1b,P4,,,,,,,,,,,,,4.0,projected,,,,,,,,,,,,,,,,,,,,3.0531133177191805e-16,1.0,,,,
prompt_fidelity,,,,,,,,,,,,,,,NLPI[gemma3:1b|P4],5,gemma3:1b,P4,,,,,,,,,,,,,4.0,raw,,,,,,,,,,,,,,,,,,0.0,1.0,,,,,,
prompt_fidelity,,,,,,,,,,,,,,,NLPI[gemma3:1b|P4],5,gemma3:1b,P4,,,,,,,,,,,,,4.0,projected,,,,,,,,,,,,,,,,,,,,3.0531133177191805e-16,1.0,,,,
prompt_fidelity,,,,,,,,,,,,,,,NLPI[gemma3:1b|P4],5,gemma3:1b,P4,,,,,,,,,,,,,4.0,raw,,,,,,,,,,,,,,,,,,0.0,1.0,,,,,,
prompt_fidelity,,,,,,,,,,,,,,,NLPI[gemma3:1b|P4],5,gemma3:1b,P4,,,,,,,,,,,,,4.0,projected,,,,,,,,,,,,,,,,,,,,3.0531133177191805e-16,1.0,,,,
prompt_fidelity,,,,,,,,,,,,,,,NLPI[gemma3:1b|P4],5,gemma3:1b,P4,,,,,,,,,,,,,4.0,raw,,,,,,,,,,,,,,,,,,0.0,1.0,,,,,,
prompt_fidelity,,,,,,,,,,,,,,,NLPI[gemma3:1b|P4],5,gemma3:1b,P4,,,,,,,,,,,,,4.0,projected,,,,,,,,,,,,,,,,,,,,3.0531133177191805e-16,1.0,,,,
prompt_fidelity,,,,,,,,,,,,,,,NLPI[gemma3:1b|P4],5,gemma3:1b,P4,,,,,,,,,,,,,4.0,raw,,,,,,,,,,,,,,,,,,0.0,1.0,,,,,,
prompt_fidelity,,,,,,,,,,,,,,,NLPI[gemma3:1b|P4],5,gemma3:1b,P4,,,,,,,,,,,,,4.0,projected,,,,,,,,,,,,,,,,,,,,3.0531133177191805e-16,1.0,,,,
prompt_fidelity,,,,,,,,,,,,,,,NLPI[gemma3:1b|P4],5,gemma3:1b,P4,,,,,,,,,,,,,4.0,raw,,,,,,,,,,,,,,,,,,0.0,1.0,,,,,,
prompt_fidelity,,,,,,,,,,,,,,,NLPI[gemma3:1b|P4],5,gemma3:1b,P4,,,,,,,,,,,,,4.0,projected,,,,,,,,,,,,,,,,,,,,3.0531133177191805e-16,1.0,,,,
prompt_fidelity,,,,,,,,,,,,,,,NLPI[gemma3:1b|P5],5,gemma3:1b,P5,,,,,,,,,,,,,5.0,raw,,,,,,,,,,,,,,,,,,,,,,0.045454545454545456,1.0,,
prompt_fidelity,,,,,,,,,,,,,,,NLPI[gemma3:1b|P5],5,gemma3:1b,P5,,,,,,,,,,,,,5.0,projected,,,,,,,,,,,,,,,,,,,,,,,,0.04545454545454548,1.0
prompt_fidelity,,,,,,,,,,,,,,,NLPI[gemma3:1b|P5],5,gemma3:1b,P5,,,,,,,,,,,,,5.0,raw,,,,,,,,,,,,,,,,,,,,,,0.045454545454545456,1.0,,
prompt_fidelity,,,,,,,,,,,,,,,NLPI[gemma3:1b|P5],5,gemma3:1b,P5,,,,,,,,,,,,,5.0,projected,,,,,,,,,,,,,,,,,,,,,,,,0.04545454545454548,1.0
prompt_fidelity,,,,,,,,,,,,,,,NLPI[gemma3:1b|P5],5,gemma3:1b,P5,,,,,,,,,,,,,5.0,raw,,,,,,,,,,,,,,,,,,,,,,0.045454545454545456,1.0,,
prompt_fidelity,,,,,,,,,,,,,,,NLPI[gemma3:1b|P5],5,gemma3:1b,P5,,,,,,,,,,,,,5.0,projected,,,,,,,,,,,,,,,,,,,,,,,,0.04545454545454548,1.0
prompt_fidelity,,,,,,,,,,,,,,,NLPI[gemma3:1b|P5],5,gemma3:1b,P5,,,,,,,,,,,,,5.0,raw,,,,,,,,,,,,,,,,,,,,,,0.045454545454545456,1.0,,
prompt_fidelity,,,,,,,,,,,,,,,NLPI[gemma3:1b|P5],5,gemma3:1b,P5,,,,,,,,,,,,,5.0,projected,,,,,,,,,,,,,,,,,,,,,,,,0.04545454545454548,1.0
prompt_fidelity,,,,,,,,,,,,,,,NLPI[gemma3:1b|P5],5,gemma3:1b,P5,,,,,,,,,,,,,5.0,raw,,,,,,,,,,,,,,,,,,,,,,0.045454545454545456,1.0,,
prompt_fidelity,,,,,,,,,,,,,,,NLPI[gemma3:1b|P5],5,gemma3:1b,P5,,,,,,,,,,,,,5.0,projected,,,,,,,,,,,,,,,,,,,,,,,,0.04545454545454548,1.0
prompt_fidelity,,,,,,,,,,,,,,,NLPI[gemma3:1b|P5],5,gemma3:1b,P5,,,,,,,,,,,,,5.0,raw,,,,,,,,,,,,,,,,,,,,,,0.045454545454545456,1.0,,
prompt_fidelity,,,,,,,,,,,,,,,NLPI[gemma3:1b|P5],5,gemma3:1b,P5,,,,,,,,,,,,,5.0,projected,,,,,,,,,,,,,,,,,,,,,,,,0.04545454545454548,1.0
prompt_fidelity,,,,,,,,,,,,,,,NLPI[gemma3:1b|P5],5,gemma3:1b,P5,,,,,,,,,,,,,5.0,raw,,,,,,,,,,,,,,,,,,,,,,0.045454545454545456,1.0,,
prompt_fidelity,,,,,,,,,,,,,,,NLPI[gemma3:1b|P5],5,gemma3:1b,P5,,,,,,,,,,,,,5.0,projected,,,,,,,,,,,,,,,,,,,,,,,,0.04545454545454548,1.0
prompt_fidelity,,,,,,,,,,,,,,,NLPI[gemma3:1b|P5],5,gemma3:1b,P5,,,,,,,,,,,,,5.0,raw,,,,,,,,,,,,,,,,,,,,,,0.045454545454545456,1.0,,
prompt_fidelity,,,,,,,,,,,,,,,NLPI[gemma3:1b|P5],5,gemma3:1b,P5,,,,,,,,,,,,,5.0,projected,,,,,,,,,,,,,,,,,,,,,,,,0.04545454545454548,1.0
prompt_fidelity,,,,,,,,,,,,,,,NLPI[gemma3:1b|P5],5,gemma3:1b,P5,,,,,,,,,,,,,5.0,raw,,,,,,,,,,,,,,,,,,,,,,0.045454545454545456,1.0,,
prompt_fidelity,,,,,,,,,,,,,,,NLPI[gemma3:1b|P5],5,gemma3:1b,P5,,,,,,,,,,,,,5.0,projected,,,,,,,,,,,,,,,,,,,,,,,,0.04545454545454548,1.0
prompt_fidelity,,,,,,,,,,,,,,,NLPI[gemma3:1b|P5],5,gemma3:1b,P5,,,,,,,,,,,,,5.0,raw,,,,,,,,,,,,,,,,,,,,,,0.045454545454545456,1.0,,
prompt_fidelity,,,,,,,,,,,,,,,NLPI[gemma3:1b|P5],5,gemma3:1b,P5,,,,,,,,,,,,,5.0,projected,,,,,,,,,,,,,,,,,,,,,,,,0.04545454545454548,1.0
prompt_fidelity,,,,,,,,,,,,,,,NLPI[gemma3:1b|P5],5,gemma3:1b,P5,,,,,,,,,,,,,5.0,raw,,,,,,,,,,,,,,,,,,,,,,0.045454545454545456,1.0,,
prompt_fidelity,,,,,,,,,,,,,,,NLPI[gemma3:1b|P5],5,gemma3:1b,P5,,,,,,,,,,,,,5.0,projected,,,,,,,,,,,,,,,,,,,,,,,,0.04545454545454548,1.0
prompt_fidelity,,,,,,,,,,,,,,,NLPI[gemma3:1b|P5],5,gemma3:1b,P5,,,,,,,,,,,,,5.0,raw,,,,,,,,,,,,,,,,,,,,,,0.045454545454545456,1.0,,
prompt_fidelity,,,,,,,,,,,,,,,NLPI[gemma3:1b|P5],5,gemma3:1b,P5,,,,,,,,,,,,,5.0,projected,,,,,,,,,,,,,,,,,,,,,,,,0.04545454545454548,1.0
prompt_fidelity,,,,,,,,,,,,,,,NLPI[gemma3:1b|P5],5,gemma3:1b,P5,,,,,,,,,,,,,5.0,raw,,,,,,,,,,,,,,,,,,,,,,0.045454545454545456,1.0,,
prompt_fidelity,,,,,,,,,,,,,,,NLPI[gemma3:1b|P5],5,gemma3:1b,P5,,,,,,,,,,,,,5.0,projected,,,,,,,,,,,,,,,,,,,,,,,,0.04545454545454548,1.0
prompt_fidelity,,,,,,,,,,,,,,,NLPI[gemma3:1b|P5],5,gemma3:1b,P5,,,,,,,,,,,,,5.0,raw,,,,,,,,,,,,,,,,,,,,,,0.045454545454545456,1.0,,
prompt_fidelity,,,,,,,,,,,,,,,NLPI[gemma3:1b|P5],5,gemma3:1b,P5,,,,,,,,,,,,,5.0,projected,,,,,,,,,,,,,,,,,,,,,,,,0.04545454545454548,1.0
prompt_fidelity,,,,,,,,,,,,,,,NLPI[gemma3:1b|P5],5,gemma3:1b,P5,,,,,,,,,,,,,5.0,raw,,,,,,,,,,,,,,,,,,,,,,0.045454545454545456,1.0,,
prompt_fidelity,,,,,,,,,,,,,,,NLPI[gemma3:1b|P5],5,gemma3:1b,P5,,,,,,,,,,,,,5.0,projected,,,,,,,,,,,,,,,,,,,,,,,,0.04545454545454548,1.0
prompt_fidelity,,,,,,,,,,,,,,,NLPI[gemma3:1b|P5],5,gemma3:1b,P5,,,,,,,,,,,,,5.0,raw,,,,,,,,,,,,,,,,,,,,,,0.045454545454545456,1.0,,
prompt_fidelity,,,,,,,,,,,,,,,NLPI[gemma3:1b|P5],5,gemma3:1b,P5,,,,,,,,,,,,,5.0,projected,,,,,,,,,,,,,,,,,,,,,,,,0.04545454545454548,1.0
prompt_fidelity,,,,,,,,,,,,,,,NLPI[gemma3:1b|P5],5,gemma3:1b,P5,,,,,,,,,,,,,5.0,raw,,,,,,,,,,,,,,,,,,,,,,0.045454545454545456,1.0,,
prompt_fidelity,,,,,,,,,,,,,,,NLPI[gemma3:1b|P5],5,gemma3:1b,P5,,,,,,,,,,,,,5.0,projected,,,,,,,,,,,,,,,,,,,,,,,,0.04545454545454548,1.0
prompt_fidelity,,,,,,,,,,,,,,,NLPI[gemma3:1b|P5],5,gemma3:1b,P5,,,,,,,,,,,,,5.0,raw,,,,,,,,,,,,,,,,,,,,,,0.045454545454545456,1.0,,
prompt_fidelity,,,,,,,,,,,,,,,NLPI[gemma3:1b|P5],5,gemma3:1b,P5,,,,,,,,,,,,,5.0,projected,,,,,,,,,,,,,,,,,,,,,,,,0.04545454545454548,1.0
