call_id,experiment_id,condition_id,model_id,policy_id,decision_date,fold,position,original_target_asset,assigned_counterfactual_target,target_asset,top_asset_raw,top_asset_projected,raw_fidelity,projected_fidelity,bil_copy_raw,bil_copy_projected,allocation_l1_to_reference,projection_l1,prompt_hash,prompt_length,fewshot_hash,fewshot_length,json_valid,parse_fail,repair_used,latency_sec,attempt_count,raw_output,prompt_text,raw_weights,projected_weights,reference_weights,dry_run,manipulation,assigned_target_asset,original_bil_vol3m,original_target_vol3m,counterfactual_bil_vol3m,counterfactual_target_vol3m
80b0e58602ba86da20aac4cc,p2_counterfactual_v1,D_counterfactual_fewshot,gemma3:270m,P2,2013-01-04,1,756,BIL,AGG,AGG,BIL,BIL,0,0,1,1,1.161904761904762,0.0012012012012015266,e58a7b148bc66b1718ea0972d2d3f2983c577e1d2912439cfa9f87196d46a6f4,5956,ca3782a8bdfe2b60f4b24347fe44205b680e5cb74a4ad9f691751a04f43853d8,2415,1,0,0,2.2032869170070626,1,"{""weights"": {""SPY"": 0.019, ""QQQ"": 0.019, ""IWM"": 0.019, ""DIA"": 0.019, ""EFA"": 0.019, ""EEM"": 0.019, ""VEA"": 0.019, ""VWO"": 0.019, ""AGG"": 0.019, ""BND"": 0.019, ""SHY"": 0.019, ""IEF"": 0.019, ""TLT"": 0.019, ""TIP"": 0.019, ""LQD"": 0.019, ""HYG"": 0.019, ""GLD"": 0.019, ""SLV"": 0.019, ""DBC"": 0.019, ""VNQ"": 0.019, ""UUP"": 0.019, ""BIL"": 0.6}}","You are a DEFENSIVE LOW-VOLATILITY policy profile. Your task is to translate a natural-language risk-averse policy into provisional portfolio weights. Use only the provided feature values, not outside market knowledge. Identify the eligible asset that appears safest, defined by the lowest `_vol3m` value. This is a defensive single-core policy profile, so do not default to equal weights when one asset clearly has the lowest recent volatility. Allocate 60% of the total portfolio weight to this safest asset as the language-level policy target. The hard maximum-weight constraint is 60%. Do not solve the projection yourself; express the language-level target and let the projection layer enforce feasibility before execution. Distribute the remaining weight equally among all other eligible assets. Use only tickers from the provided asset list. Include every eligible ticker exactly once. Return strictly valid JSON only. The `weights` field MUST be a JSON object where keys are tickers and values are numeric portfolio weights expressed as decimals, not percentages.

### EXAMPLE 1
Features:
- AGG_mdd: -0.001604
- AGG_r12m: 0.000000
- AGG_r1m: 0.012451
- AGG_r3m: 0.020362
- AGG_vol3m: 0.035033
- BIL_mdd: -0.000436
- BIL_r12m: 0.000000
- BIL_r1m: 0.000000
- BIL_r3m: 0.000218
- BIL_vol3m: 0.003201
- BND_mdd: -0.002605
- BND_r12m: 0.000000
TargetWeights(JSON): {""SPY"": 0.019, ""QQQ"": 0.019, ""IWM"": 0.019, ""DIA"": 0.019, ""EFA"": 0.019, ""EEM"": 0.019, ""VEA"": 0.019, ""VWO"": 0.019, ""AGG"": 0.019, ""BND"": 0.019, ""SHY"": 0.019, ""IEF"": 0.019, ""TLT"": 0.019, ""TIP"": 0.019, ""LQD"": 0.019, ""HYG"": 0.019, ""GLD"": 0.019, ""SLV"": 0.019, ""DBC"": 0.019, ""VNQ"": 0.019, ""UUP"": 0.019, ""BIL"": 0.6}
### EXAMPLE 2
Features:
- AGG_mdd: -0.021722
- AGG_r12m: 0.056673
- AGG_r1m: -0.002397
- AGG_r3m: -0.014888
- AGG_vol3m: 0.046509
- BIL_mdd: -0.000218
- BIL_r12m: 0.000437
- BIL_r1m: 0.000000
- BIL_r3m: 0.000218
- BIL_vol3m: 0.002528
- BND_mdd: -0.023828
- BND_r12m: 0.056495
TargetWeights(JSON): {""SPY"": 0.019, ""QQQ"": 0.019, ""IWM"": 0.019, ""DIA"": 0.019, ""EFA"": 0.019, ""EEM"": 0.019, ""VEA"": 0.019, ""VWO"": 0.019, ""AGG"": 0.019, ""BND"": 0.019, ""SHY"": 0.019, ""IEF"": 0.019, ""TLT"": 0.019, ""TIP"": 0.019, ""LQD"": 0.019, ""HYG"": 0.019, ""GLD"": 0.019, ""SLV"": 0.019, ""DBC"": 0.019, ""VNQ"": 0.019, ""UUP"": 0.019, ""BIL"": 0.6}
### EXAMPLE 3
Features:
- AGG_mdd: -0.003384
- AGG_r12m: 0.055052
- AGG_r1m: 0.001844
- AGG_r3m: 0.006395
- AGG_vol3m: 0.025564
- BIL_mdd: -0.001264
- BIL_r12m: -0.000610
- BIL_r1m: -0.000000
- BIL_r3m: -0.000000
- BIL_vol3m: 0.002062
- BND_mdd: -0.003528
- BND_r12m: 0.056003
TargetWeights(JSON): {""SPY"": 0.019, ""QQQ"": 0.019, ""IWM"": 0.019, ""DIA"": 0.019, ""EFA"": 0.019, ""EEM"": 0.019, ""VEA"": 0.019, ""VWO"": 0.019, ""AGG"": 0.019, ""BND"": 0.019, ""SHY"": 0.019, ""IEF"": 0.019, ""TLT"": 0.019, ""TIP"": 0.019, ""LQD"": 0.019, ""HYG"": 0.019, ""GLD"": 0.019, ""SLV"": 0.019, ""DBC"": 0.019, ""VNQ"": 0.019, ""UUP"": 0.019, ""BIL"": 0.6}
### EXAMPLE 4
Features:
- AGG_mdd: -0.000816
- AGG_r12m: 0.079294
- AGG_r1m: 0.008300
- AGG_r3m: 0.019662
- AGG_vol3m: 0.031546
- BIL_mdd: -0.001046
- BIL_r12m: -0.000610
- BIL_r1m: -0.000174
- BIL_r3m: -0.000392
- BIL_vol3m: 0.002780
- BND_mdd: -0.001435
- BND_r12m: 0.079344
TargetWeights(JSON): {""SPY"": 0.019, ""QQQ"": 0.019, ""IWM"": 0.019, ""DIA"": 0.019, ""EFA"": 0.019, ""EEM"": 0.019, ""VEA"": 0.019, ""VWO"": 0.019, ""AGG"": 0.019, ""BND"": 0.019, ""SHY"": 0.019, ""IEF"": 0.019, ""TLT"": 0.019, ""TIP"": 0.019, ""LQD"": 0.019, ""HYG"": 0.019, ""GLD"": 0.019, ""SLV"": 0.019, ""DBC"": 0.019, ""VNQ"": 0.019, ""UUP"": 0.019, ""BIL"": 0.6}

Current Features:
- AGG_mdd: -0.006712
- AGG_r12m: 0.036910
- AGG_r1m: -0.005823
- AGG_r3m: -0.003252
- AGG_vol3m: 0.001865
- BIL_mdd: -0.001046
- BIL_r12m: -0.000000
- BIL_r1m: 0.000218
- BIL_r3m: -0.000000
- BIL_vol3m: 0.023273
- BND_mdd: -0.014005
- BND_r12m: 0.029551
- BND_r1m: -0.013308
- BND_r3m: -0.012876
- BND_vol3m: 0.025855
- DBC_mdd: -0.137531
- DBC_r12m: -0.003980
- DBC_r1m: -0.013968
- DBC_r3m: -0.036402
- DBC_vol3m: 0.125729
- DIA_mdd: -0.006984
- DIA_r12m: 0.112418
- DIA_r1m: 0.039315
- DIA_r3m: 0.003944
- DIA_vol3m: 0.126050
- EEM_mdd: -0.069302
- EEM_r12m: 0.171848
- EEM_r1m: 0.080862
- EEM_r3m: 0.083190
- EEM_vol3m: 0.136612
- EFA_mdd: -0.039660
- EFA_r12m: 0.168492
- EFA_r1m: 0.051002
- EFA_r3m: 0.083135
- EFA_vol3m: 0.134734
- GLD_mdd: -0.130830
- GLD_r12m: 0.028989
- GLD_r1m: -0.024206
- GLD_r3m: -0.067751
- GLD_vol3m: 0.112234
- HYG_mdd: -0.002441
- HYG_r12m: 0.114674
- HYG_r1m: 0.015926
- HYG_r3m: 0.033964
- HYG_vol3m: 0.052602
- IEF_mdd: -0.022709
- IEF_r12m: 0.033653
- IEF_r1m: -0.019853
- IEF_r3m: -0.014034
- IEF_vol3m: 0.049069
- IWM_mdd: 0.000000
- IWM_r12m: 0.187803
- IWM_r1m: 0.071941
- IWM_r3m: 0.049066
- IWM_vol3m: 0.152096
- LQD_mdd: -0.014995
- LQD_r12m: 0.099304
- LQD_r1m: -0.008924
- LQD_r3m: -0.003830
- LQD_vol3m: 0.037717
- QQQ_mdd: -0.045565
- QQQ_r12m: 0.185606
- QQQ_r1m: 0.020892
- QQQ_r3m: -0.024302
- QQQ_vol3m: 0.164757
- SHY_mdd: -0.000345
- SHY_r12m: 0.002977
- SHY_r1m: 0.000011
- SHY_r3m: -0.000107
- SHY_vol3m: 0.003847
- SLV_mdd: -0.381295
- SLV_r12m: 0.014221
- SLV_r1m: -0.083386
- SLV_r3m: -0.127164
- SLV_vol3m: 0.224162
- SPY_mdd: 0.000000
- SPY_r12m: 0.173456
- SPY_r1m: 0.043597
- SPY_r3m: 0.020125
- SPY_vol3m: 0.134582
- TIP_mdd: -0.022961
- TIP_r12m: 0.056009
- TIP_r1m: -0.019222
- TIP_r3m: -0.010325
- TIP_vol3m: 0.041962
- TLT_mdd: -0.094662
- TLT_r12m: 0.015849
- TLT_r1m: -0.053593
- TLT_r3m: -0.043106
- TLT_vol3m: 0.129467
- UUP_mdd: -0.148664
- UUP_r12m: -0.013016
- UUP_r1m: 0.009642
- UUP_r3m: 0.006407
- UUP_vol3m: 0.049780
- VEA_mdd: -0.040694
- VEA_r12m: 0.168459
- VEA_r1m: 0.050866
- VEA_r3m: 0.082462
- VEA_vol3m: 0.135169
- VNQ_mdd: -0.007087
- VNQ_r12m: 0.186333
- VNQ_r1m: 0.049001
- VNQ_r3m: 0.042382
- VNQ_vol3m: 0.101347
- VWO_mdd: -0.064835
- VWO_r12m: 0.177663
- VWO_r1m: 0.085603
- VWO_r3m: 0.085861
- VWO_vol3m: 0.134639
- cross_vol: 0.095343
Assets: SPY, QQQ, IWM, DIA, EFA, EEM, VEA, VWO, AGG, BND, SHY, IEF, TLT, TIP, LQD, HYG, GLD, SLV, DBC, VNQ, UUP, BIL","{""SPY"":0.019019019,""QQQ"":0.019019019,""IWM"":0.019019019,""DIA"":0.019019019,""EFA"":0.019019019,""EEM"":0.019019019,""VEA"":0.019019019,""VWO"":0.019019019,""AGG"":0.019019019,""BND"":0.019019019,""SHY"":0.019019019,""IEF"":0.019019019,""TLT"":0.019019019,""TIP"":0.019019019,""LQD"":0.019019019,""HYG"":0.019019019,""GLD"":0.019019019,""SLV"":0.019019019,""DBC"":0.019019019,""VNQ"":0.019019019,""UUP"":0.019019019,""BIL"":0.6006006006}","{""SPY"":0.019047619,""QQQ"":0.019047619,""IWM"":0.019047619,""DIA"":0.019047619,""EFA"":0.019047619,""EEM"":0.019047619,""VEA"":0.019047619,""VWO"":0.019047619,""AGG"":0.019047619,""BND"":0.019047619,""SHY"":0.019047619,""IEF"":0.019047619,""TLT"":0.019047619,""TIP"":0.019047619,""LQD"":0.019047619,""HYG"":0.019047619,""GLD"":0.019047619,""SLV"":0.019047619,""DBC"":0.019047619,""VNQ"":0.019047619,""UUP"":0.019047619,""BIL"":0.6}","{""SPY"":0.019047619,""QQQ"":0.019047619,""IWM"":0.019047619,""DIA"":0.019047619,""EFA"":0.019047619,""EEM"":0.019047619,""VEA"":0.019047619,""VWO"":0.019047619,""AGG"":0.6,""BND"":0.019047619,""SHY"":0.019047619,""IEF"":0.019047619,""TLT"":0.019047619,""TIP"":0.019047619,""LQD"":0.019047619,""HYG"":0.019047619,""GLD"":0.019047619,""SLV"":0.019047619,""DBC"":0.019047619,""VNQ"":0.019047619,""UUP"":0.019047619,""BIL"":0.019047619}",0,swap_vol3m_only,AGG,0.001865123439461434,0.023273388983674384,0.023273388983674384,0.001865123439461434
738408def187738c7f113565,p2_counterfactual_v1,E_counterfactual_no_fewshot,gemma3:270m,P2,2013-01-04,1,756,BIL,AGG,AGG,SPY,SPY,0,0,0,0,1.1090909090909096,3.0531133177191805e-16,85f94dc5f709878bb433565eb75060f87ef4a947cbb31b475a3cacf6351782f3,3541,e3b0c44298fc1c149afbf4c8996fb92427ae41e4649b934ca495991b7852b855,0,1,0,0,1.6173022909933934,1,"{""weights"": {""SPY"": 60, ""QQQ"": 60, ""IWM"": 60, ""DIA"": 60, ""EFA"": 60, ""EEM"": 60, ""VEA"": 60, ""VWO"": 60, ""AGG"": 60, ""BND"": 60, ""SHY"": 60, ""IEF"": 60, ""TLT"": 60, ""TIP"": 60, ""LQD"": 60, ""HYG"": 60, ""GLD"": 60, ""SLV"": 60, ""DBC"": 60, ""VNQ"": 60, ""UUP"": 60, ""BIL"": 60}}","You are a DEFENSIVE LOW-VOLATILITY policy profile. Your task is to translate a natural-language risk-averse policy into provisional portfolio weights. Use only the provided feature values, not outside market knowledge. Identify the eligible asset that appears safest, defined by the lowest `_vol3m` value. This is a defensive single-core policy profile, so do not default to equal weights when one asset clearly has the lowest recent volatility. Allocate 60% of the total portfolio weight to this safest asset as the language-level policy target. The hard maximum-weight constraint is 60%. Do not solve the projection yourself; express the language-level target and let the projection layer enforce feasibility before execution. Distribute the remaining weight equally among all other eligible assets. Use only tickers from the provided asset list. Include every eligible ticker exactly once. Return strictly valid JSON only. The `weights` field MUST be a JSON object where keys are tickers and values are numeric portfolio weights expressed as decimals, not percentages.



Current Features:
- AGG_mdd: -0.006712
- AGG_r12m: 0.036910
- AGG_r1m: -0.005823
- AGG_r3m: -0.003252
- AGG_vol3m: 0.001865
- BIL_mdd: -0.001046
- BIL_r12m: -0.000000
- BIL_r1m: 0.000218
- BIL_r3m: -0.000000
- BIL_vol3m: 0.023273
- BND_mdd: -0.014005
- BND_r12m: 0.029551
- BND_r1m: -0.013308
- BND_r3m: -0.012876
- BND_vol3m: 0.025855
- DBC_mdd: -0.137531
- DBC_r12m: -0.003980
- DBC_r1m: -0.013968
- DBC_r3m: -0.036402
- DBC_vol3m: 0.125729
- DIA_mdd: -0.006984
- DIA_r12m: 0.112418
- DIA_r1m: 0.039315
- DIA_r3m: 0.003944
- DIA_vol3m: 0.126050
- EEM_mdd: -0.069302
- EEM_r12m: 0.171848
- EEM_r1m: 0.080862
- EEM_r3m: 0.083190
- EEM_vol3m: 0.136612
- EFA_mdd: -0.039660
- EFA_r12m: 0.168492
- EFA_r1m: 0.051002
- EFA_r3m: 0.083135
- EFA_vol3m: 0.134734
- GLD_mdd: -0.130830
- GLD_r12m: 0.028989
- GLD_r1m: -0.024206
- GLD_r3m: -0.067751
- GLD_vol3m: 0.112234
- HYG_mdd: -0.002441
- HYG_r12m: 0.114674
- HYG_r1m: 0.015926
- HYG_r3m: 0.033964
- HYG_vol3m: 0.052602
- IEF_mdd: -0.022709
- IEF_r12m: 0.033653
- IEF_r1m: -0.019853
- IEF_r3m: -0.014034
- IEF_vol3m: 0.049069
- IWM_mdd: 0.000000
- IWM_r12m: 0.187803
- IWM_r1m: 0.071941
- IWM_r3m: 0.049066
- IWM_vol3m: 0.152096
- LQD_mdd: -0.014995
- LQD_r12m: 0.099304
- LQD_r1m: -0.008924
- LQD_r3m: -0.003830
- LQD_vol3m: 0.037717
- QQQ_mdd: -0.045565
- QQQ_r12m: 0.185606
- QQQ_r1m: 0.020892
- QQQ_r3m: -0.024302
- QQQ_vol3m: 0.164757
- SHY_mdd: -0.000345
- SHY_r12m: 0.002977
- SHY_r1m: 0.000011
- SHY_r3m: -0.000107
- SHY_vol3m: 0.003847
- SLV_mdd: -0.381295
- SLV_r12m: 0.014221
- SLV_r1m: -0.083386
- SLV_r3m: -0.127164
- SLV_vol3m: 0.224162
- SPY_mdd: 0.000000
- SPY_r12m: 0.173456
- SPY_r1m: 0.043597
- SPY_r3m: 0.020125
- SPY_vol3m: 0.134582
- TIP_mdd: -0.022961
- TIP_r12m: 0.056009
- TIP_r1m: -0.019222
- TIP_r3m: -0.010325
- TIP_vol3m: 0.041962
- TLT_mdd: -0.094662
- TLT_r12m: 0.015849
- TLT_r1m: -0.053593
- TLT_r3m: -0.043106
- TLT_vol3m: 0.129467
- UUP_mdd: -0.148664
- UUP_r12m: -0.013016
- UUP_r1m: 0.009642
- UUP_r3m: 0.006407
- UUP_vol3m: 0.049780
- VEA_mdd: -0.040694
- VEA_r12m: 0.168459
- VEA_r1m: 0.050866
- VEA_r3m: 0.082462
- VEA_vol3m: 0.135169
- VNQ_mdd: -0.007087
- VNQ_r12m: 0.186333
- VNQ_r1m: 0.049001
- VNQ_r3m: 0.042382
- VNQ_vol3m: 0.101347
- VWO_mdd: -0.064835
- VWO_r12m: 0.177663
- VWO_r1m: 0.085603
- VWO_r3m: 0.085861
- VWO_vol3m: 0.134639
- cross_vol: 0.095343
Assets: SPY, QQQ, IWM, DIA, EFA, EEM, VEA, VWO, AGG, BND, SHY, IEF, TLT, TIP, LQD, HYG, GLD, SLV, DBC, VNQ, UUP, BIL","{""SPY"":0.0454545455,""QQQ"":0.0454545455,""IWM"":0.0454545455,""DIA"":0.0454545455,""EFA"":0.0454545455,""EEM"":0.0454545455,""VEA"":0.0454545455,""VWO"":0.0454545455,""AGG"":0.0454545455,""BND"":0.0454545455,""SHY"":0.0454545455,""IEF"":0.0454545455,""TLT"":0.0454545455,""TIP"":0.0454545455,""LQD"":0.0454545455,""HYG"":0.0454545455,""GLD"":0.0454545455,""SLV"":0.0454545455,""DBC"":0.0454545455,""VNQ"":0.0454545455,""UUP"":0.0454545455,""BIL"":0.0454545455}","{""SPY"":0.0454545455,""QQQ"":0.0454545455,""IWM"":0.0454545455,""DIA"":0.0454545455,""EFA"":0.0454545455,""EEM"":0.0454545455,""VEA"":0.0454545455,""VWO"":0.0454545455,""AGG"":0.0454545455,""BND"":0.0454545455,""SHY"":0.0454545455,""IEF"":0.0454545455,""TLT"":0.0454545455,""TIP"":0.0454545455,""LQD"":0.0454545455,""HYG"":0.0454545455,""GLD"":0.0454545455,""SLV"":0.0454545455,""DBC"":0.0454545455,""VNQ"":0.0454545455,""UUP"":0.0454545455,""BIL"":0.0454545455}","{""SPY"":0.019047619,""QQQ"":0.019047619,""IWM"":0.019047619,""DIA"":0.019047619,""EFA"":0.019047619,""EEM"":0.019047619,""VEA"":0.019047619,""VWO"":0.019047619,""AGG"":0.6,""BND"":0.019047619,""SHY"":0.019047619,""IEF"":0.019047619,""TLT"":0.019047619,""TIP"":0.019047619,""LQD"":0.019047619,""HYG"":0.019047619,""GLD"":0.019047619,""SLV"":0.019047619,""DBC"":0.019047619,""VNQ"":0.019047619,""UUP"":0.019047619,""BIL"":0.019047619}",0,swap_vol3m_only,AGG,0.001865123439461434,0.023273388983674384,0.023273388983674384,0.001865123439461434
9b466ba431cdc087426542f1,p2_counterfactual_v1,D_counterfactual_fewshot,gemma3:1b,P2,2013-01-04,1,756,BIL,AGG,AGG,BIL,BIL,0,0,1,1,1.161904761904762,0.0012012012012015266,e58a7b148bc66b1718ea0972d2d3f2983c577e1d2912439cfa9f87196d46a6f4,5956,ca3782a8bdfe2b60f4b24347fe44205b680e5cb74a4ad9f691751a04f43853d8,2415,1,0,0,5.908853458007798,1,"{""weights"": {""SPY"": 0.019, ""QQQ"": 0.019, ""IWM"": 0.019, ""DIA"": 0.019, ""EFA"": 0.019, ""EEM"": 0.019, ""VEA"": 0.019, ""VWO"": 0.019, ""AGG"": 0.019, ""BND"": 0.019, ""SHY"": 0.019, ""IEF"": 0.019, ""TLT"": 0.019, ""TIP"": 0.019, ""LQD"": 0.019, ""HYG"": 0.019, ""GLD"": 0.019, ""SLV"": 0.019, ""DBC"": 0.019, ""VNQ"": 0.019, ""UUP"": 0.019, ""BIL"": 0.6}}","You are a DEFENSIVE LOW-VOLATILITY policy profile. Your task is to translate a natural-language risk-averse policy into provisional portfolio weights. Use only the provided feature values, not outside market knowledge. Identify the eligible asset that appears safest, defined by the lowest `_vol3m` value. This is a defensive single-core policy profile, so do not default to equal weights when one asset clearly has the lowest recent volatility. Allocate 60% of the total portfolio weight to this safest asset as the language-level policy target. The hard maximum-weight constraint is 60%. Do not solve the projection yourself; express the language-level target and let the projection layer enforce feasibility before execution. Distribute the remaining weight equally among all other eligible assets. Use only tickers from the provided asset list. Include every eligible ticker exactly once. Return strictly valid JSON only. The `weights` field MUST be a JSON object where keys are tickers and values are numeric portfolio weights expressed as decimals, not percentages.

### EXAMPLE 1
Features:
- AGG_mdd: -0.001604
- AGG_r12m: 0.000000
- AGG_r1m: 0.012451
- AGG_r3m: 0.020362
- AGG_vol3m: 0.035033
- BIL_mdd: -0.000436
- BIL_r12m: 0.000000
- BIL_r1m: 0.000000
- BIL_r3m: 0.000218
- BIL_vol3m: 0.003201
- BND_mdd: -0.002605
- BND_r12m: 0.000000
TargetWeights(JSON): {""SPY"": 0.019, ""QQQ"": 0.019, ""IWM"": 0.019, ""DIA"": 0.019, ""EFA"": 0.019, ""EEM"": 0.019, ""VEA"": 0.019, ""VWO"": 0.019, ""AGG"": 0.019, ""BND"": 0.019, ""SHY"": 0.019, ""IEF"": 0.019, ""TLT"": 0.019, ""TIP"": 0.019, ""LQD"": 0.019, ""HYG"": 0.019, ""GLD"": 0.019, ""SLV"": 0.019, ""DBC"": 0.019, ""VNQ"": 0.019, ""UUP"": 0.019, ""BIL"": 0.6}
### EXAMPLE 2
Features:
- AGG_mdd: -0.021722
- AGG_r12m: 0.056673
- AGG_r1m: -0.002397
- AGG_r3m: -0.014888
- AGG_vol3m: 0.046509
- BIL_mdd: -0.000218
- BIL_r12m: 0.000437
- BIL_r1m: 0.000000
- BIL_r3m: 0.000218
- BIL_vol3m: 0.002528
- BND_mdd: -0.023828
- BND_r12m: 0.056495
TargetWeights(JSON): {""SPY"": 0.019, ""QQQ"": 0.019, ""IWM"": 0.019, ""DIA"": 0.019, ""EFA"": 0.019, ""EEM"": 0.019, ""VEA"": 0.019, ""VWO"": 0.019, ""AGG"": 0.019, ""BND"": 0.019, ""SHY"": 0.019, ""IEF"": 0.019, ""TLT"": 0.019, ""TIP"": 0.019, ""LQD"": 0.019, ""HYG"": 0.019, ""GLD"": 0.019, ""SLV"": 0.019, ""DBC"": 0.019, ""VNQ"": 0.019, ""UUP"": 0.019, ""BIL"": 0.6}
### EXAMPLE 3
Features:
- AGG_mdd: -0.003384
- AGG_r12m: 0.055052
- AGG_r1m: 0.001844
- AGG_r3m: 0.006395
- AGG_vol3m: 0.025564
- BIL_mdd: -0.001264
- BIL_r12m: -0.000610
- BIL_r1m: -0.000000
- BIL_r3m: -0.000000
- BIL_vol3m: 0.002062
- BND_mdd: -0.003528
- BND_r12m: 0.056003
TargetWeights(JSON): {""SPY"": 0.019, ""QQQ"": 0.019, ""IWM"": 0.019, ""DIA"": 0.019, ""EFA"": 0.019, ""EEM"": 0.019, ""VEA"": 0.019, ""VWO"": 0.019, ""AGG"": 0.019, ""BND"": 0.019, ""SHY"": 0.019, ""IEF"": 0.019, ""TLT"": 0.019, ""TIP"": 0.019, ""LQD"": 0.019, ""HYG"": 0.019, ""GLD"": 0.019, ""SLV"": 0.019, ""DBC"": 0.019, ""VNQ"": 0.019, ""UUP"": 0.019, ""BIL"": 0.6}
### EXAMPLE 4
Features:
- AGG_mdd: -0.000816
- AGG_r12m: 0.079294
- AGG_r1m: 0.008300
- AGG_r3m: 0.019662
- AGG_vol3m: 0.031546
- BIL_mdd: -0.001046
- BIL_r12m: -0.000610
- BIL_r1m: -0.000174
- BIL_r3m: -0.000392
- BIL_vol3m: 0.002780
- BND_mdd: -0.001435
- BND_r12m: 0.079344
TargetWeights(JSON): {""SPY"": 0.019, ""QQQ"": 0.019, ""IWM"": 0.019, ""DIA"": 0.019, ""EFA"": 0.019, ""EEM"": 0.019, ""VEA"": 0.019, ""VWO"": 0.019, ""AGG"": 0.019, ""BND"": 0.019, ""SHY"": 0.019, ""IEF"": 0.019, ""TLT"": 0.019, ""TIP"": 0.019, ""LQD"": 0.019, ""HYG"": 0.019, ""GLD"": 0.019, ""SLV"": 0.019, ""DBC"": 0.019, ""VNQ"": 0.019, ""UUP"": 0.019, ""BIL"": 0.6}

Current Features:
- AGG_mdd: -0.006712
- AGG_r12m: 0.036910
- AGG_r1m: -0.005823
- AGG_r3m: -0.003252
- AGG_vol3m: 0.001865
- BIL_mdd: -0.001046
- BIL_r12m: -0.000000
- BIL_r1m: 0.000218
- BIL_r3m: -0.000000
- BIL_vol3m: 0.023273
- BND_mdd: -0.014005
- BND_r12m: 0.029551
- BND_r1m: -0.013308
- BND_r3m: -0.012876
- BND_vol3m: 0.025855
- DBC_mdd: -0.137531
- DBC_r12m: -0.003980
- DBC_r1m: -0.013968
- DBC_r3m: -0.036402
- DBC_vol3m: 0.125729
- DIA_mdd: -0.006984
- DIA_r12m: 0.112418
- DIA_r1m: 0.039315
- DIA_r3m: 0.003944
- DIA_vol3m: 0.126050
- EEM_mdd: -0.069302
- EEM_r12m: 0.171848
- EEM_r1m: 0.080862
- EEM_r3m: 0.083190
- EEM_vol3m: 0.136612
- EFA_mdd: -0.039660
- EFA_r12m: 0.168492
- EFA_r1m: 0.051002
- EFA_r3m: 0.083135
- EFA_vol3m: 0.134734
- GLD_mdd: -0.130830
- GLD_r12m: 0.028989
- GLD_r1m: -0.024206
- GLD_r3m: -0.067751
- GLD_vol3m: 0.112234
- HYG_mdd: -0.002441
- HYG_r12m: 0.114674
- HYG_r1m: 0.015926
- HYG_r3m: 0.033964
- HYG_vol3m: 0.052602
- IEF_mdd: -0.022709
- IEF_r12m: 0.033653
- IEF_r1m: -0.019853
- IEF_r3m: -0.014034
- IEF_vol3m: 0.049069
- IWM_mdd: 0.000000
- IWM_r12m: 0.187803
- IWM_r1m: 0.071941
- IWM_r3m: 0.049066
- IWM_vol3m: 0.152096
- LQD_mdd: -0.014995
- LQD_r12m: 0.099304
- LQD_r1m: -0.008924
- LQD_r3m: -0.003830
- LQD_vol3m: 0.037717
- QQQ_mdd: -0.045565
- QQQ_r12m: 0.185606
- QQQ_r1m: 0.020892
- QQQ_r3m: -0.024302
- QQQ_vol3m: 0.164757
- SHY_mdd: -0.000345
- SHY_r12m: 0.002977
- SHY_r1m: 0.000011
- SHY_r3m: -0.000107
- SHY_vol3m: 0.003847
- SLV_mdd: -0.381295
- SLV_r12m: 0.014221
- SLV_r1m: -0.083386
- SLV_r3m: -0.127164
- SLV_vol3m: 0.224162
- SPY_mdd: 0.000000
- SPY_r12m: 0.173456
- SPY_r1m: 0.043597
- SPY_r3m: 0.020125
- SPY_vol3m: 0.134582
- TIP_mdd: -0.022961
- TIP_r12m: 0.056009
- TIP_r1m: -0.019222
- TIP_r3m: -0.010325
- TIP_vol3m: 0.041962
- TLT_mdd: -0.094662
- TLT_r12m: 0.015849
- TLT_r1m: -0.053593
- TLT_r3m: -0.043106
- TLT_vol3m: 0.129467
- UUP_mdd: -0.148664
- UUP_r12m: -0.013016
- UUP_r1m: 0.009642
- UUP_r3m: 0.006407
- UUP_vol3m: 0.049780
- VEA_mdd: -0.040694
- VEA_r12m: 0.168459
- VEA_r1m: 0.050866
- VEA_r3m: 0.082462
- VEA_vol3m: 0.135169
- VNQ_mdd: -0.007087
- VNQ_r12m: 0.186333
- VNQ_r1m: 0.049001
- VNQ_r3m: 0.042382
- VNQ_vol3m: 0.101347
- VWO_mdd: -0.064835
- VWO_r12m: 0.177663
- VWO_r1m: 0.085603
- VWO_r3m: 0.085861
- VWO_vol3m: 0.134639
- cross_vol: 0.095343
Assets: SPY, QQQ, IWM, DIA, EFA, EEM, VEA, VWO, AGG, BND, SHY, IEF, TLT, TIP, LQD, HYG, GLD, SLV, DBC, VNQ, UUP, BIL","{""SPY"":0.019019019,""QQQ"":0.019019019,""IWM"":0.019019019,""DIA"":0.019019019,""EFA"":0.019019019,""EEM"":0.019019019,""VEA"":0.019019019,""VWO"":0.019019019,""AGG"":0.019019019,""BND"":0.019019019,""SHY"":0.019019019,""IEF"":0.019019019,""TLT"":0.019019019,""TIP"":0.019019019,""LQD"":0.019019019,""HYG"":0.019019019,""GLD"":0.019019019,""SLV"":0.019019019,""DBC"":0.019019019,""VNQ"":0.019019019,""UUP"":0.019019019,""BIL"":0.6006006006}","{""SPY"":0.019047619,""QQQ"":0.019047619,""IWM"":0.019047619,""DIA"":0.019047619,""EFA"":0.019047619,""EEM"":0.019047619,""VEA"":0.019047619,""VWO"":0.019047619,""AGG"":0.019047619,""BND"":0.019047619,""SHY"":0.019047619,""IEF"":0.019047619,""TLT"":0.019047619,""TIP"":0.019047619,""LQD"":0.019047619,""HYG"":0.019047619,""GLD"":0.019047619,""SLV"":0.019047619,""DBC"":0.019047619,""VNQ"":0.019047619,""UUP"":0.019047619,""BIL"":0.6}","{""SPY"":0.019047619,""QQQ"":0.019047619,""IWM"":0.019047619,""DIA"":0.019047619,""EFA"":0.019047619,""EEM"":0.019047619,""VEA"":0.019047619,""VWO"":0.019047619,""AGG"":0.6,""BND"":0.019047619,""SHY"":0.019047619,""IEF"":0.019047619,""TLT"":0.019047619,""TIP"":0.019047619,""LQD"":0.019047619,""HYG"":0.019047619,""GLD"":0.019047619,""SLV"":0.019047619,""DBC"":0.019047619,""VNQ"":0.019047619,""UUP"":0.019047619,""BIL"":0.019047619}",0,swap_vol3m_only,AGG,0.001865123439461434,0.023273388983674384,0.023273388983674384,0.001865123439461434
aac6244e5713bc1a5610f3cf,p2_counterfactual_v1,E_counterfactual_no_fewshot,gemma3:1b,P2,2013-01-04,1,756,BIL,AGG,AGG,SPY,SPY,0,0,0,0,1.5180567726435812,3.3610267347050637e-18,85f94dc5f709878bb433565eb75060f87ef4a947cbb31b475a3cacf6351782f3,3541,e3b0c44298fc1c149afbf4c8996fb92427ae41e4649b934ca495991b7852b855,0,1,0,0,3.961109707990545,1,"{""weights"": {""SPY"":0.45, ""QQQ"":0.30, ""IWM"":0.18, ""DIA"":0.12, ""EFA"":0.09, ""EEM"":0.07, ""VEA"":0.06, ""VWO"":0.05, ""AGG"":0.04, ""BND"":0.03, ""SHY"":0.02, ""IEF"":0.01, ""TLT"":0.008, ""TIP"":0.006, ""LQD"":0.005, ""HYG"":0.004, ""GLD"":0.003, ""SLV"":0.002, ""DBC"":0.001, ""VNQ"":0.0008, ""UUP"":0.0006, ""BIL"":0.0005}}","You are a DEFENSIVE LOW-VOLATILITY policy profile. Your task is to translate a natural-language risk-averse policy into provisional portfolio weights. Use only the provided feature values, not outside market knowledge. Identify the eligible asset that appears safest, defined by the lowest `_vol3m` value. This is a defensive single-core policy profile, so do not default to equal weights when one asset clearly has the lowest recent volatility. Allocate 60% of the total portfolio weight to this safest asset as the language-level policy target. The hard maximum-weight constraint is 60%. Do not solve the projection yourself; express the language-level target and let the projection layer enforce feasibility before execution. Distribute the remaining weight equally among all other eligible assets. Use only tickers from the provided asset list. Include every eligible ticker exactly once. Return strictly valid JSON only. The `weights` field MUST be a JSON object where keys are tickers and values are numeric portfolio weights expressed as decimals, not percentages.



Current Features:
- AGG_mdd: -0.006712
- AGG_r12m: 0.036910
- AGG_r1m: -0.005823
- AGG_r3m: -0.003252
- AGG_vol3m: 0.001865
- BIL_mdd: -0.001046
- BIL_r12m: -0.000000
- BIL_r1m: 0.000218
- BIL_r3m: -0.000000
- BIL_vol3m: 0.023273
- BND_mdd: -0.014005
- BND_r12m: 0.029551
- BND_r1m: -0.013308
- BND_r3m: -0.012876
- BND_vol3m: 0.025855
- DBC_mdd: -0.137531
- DBC_r12m: -0.003980
- DBC_r1m: -0.013968
- DBC_r3m: -0.036402
- DBC_vol3m: 0.125729
- DIA_mdd: -0.006984
- DIA_r12m: 0.112418
- DIA_r1m: 0.039315
- DIA_r3m: 0.003944
- DIA_vol3m: 0.126050
- EEM_mdd: -0.069302
- EEM_r12m: 0.171848
- EEM_r1m: 0.080862
- EEM_r3m: 0.083190
- EEM_vol3m: 0.136612
- EFA_mdd: -0.039660
- EFA_r12m: 0.168492
- EFA_r1m: 0.051002
- EFA_r3m: 0.083135
- EFA_vol3m: 0.134734
- GLD_mdd: -0.130830
- GLD_r12m: 0.028989
- GLD_r1m: -0.024206
- GLD_r3m: -0.067751
- GLD_vol3m: 0.112234
- HYG_mdd: -0.002441
- HYG_r12m: 0.114674
- HYG_r1m: 0.015926
- HYG_r3m: 0.033964
- HYG_vol3m: 0.052602
- IEF_mdd: -0.022709
- IEF_r12m: 0.033653
- IEF_r1m: -0.019853
- IEF_r3m: -0.014034
- IEF_vol3m: 0.049069
- IWM_mdd: 0.000000
- IWM_r12m: 0.187803
- IWM_r1m: 0.071941
- IWM_r3m: 0.049066
- IWM_vol3m: 0.152096
- LQD_mdd: -0.014995
- LQD_r12m: 0.099304
- LQD_r1m: -0.008924
- LQD_r3m: -0.003830
- LQD_vol3m: 0.037717
- QQQ_mdd: -0.045565
- QQQ_r12m: 0.185606
- QQQ_r1m: 0.020892
- QQQ_r3m: -0.024302
- QQQ_vol3m: 0.164757
- SHY_mdd: -0.000345
- SHY_r12m: 0.002977
- SHY_r1m: 0.000011
- SHY_r3m: -0.000107
- SHY_vol3m: 0.003847
- SLV_mdd: -0.381295
- SLV_r12m: 0.014221
- SLV_r1m: -0.083386
- SLV_r3m: -0.127164
- SLV_vol3m: 0.224162
- SPY_mdd: 0.000000
- SPY_r12m: 0.173456
- SPY_r1m: 0.043597
- SPY_r3m: 0.020125
- SPY_vol3m: 0.134582
- TIP_mdd: -0.022961
- TIP_r12m: 0.056009
- TIP_r1m: -0.019222
- TIP_r3m: -0.010325
- TIP_vol3m: 0.041962
- TLT_mdd: -0.094662
- TLT_r12m: 0.015849
- TLT_r1m: -0.053593
- TLT_r3m: -0.043106
- TLT_vol3m: 0.129467
- UUP_mdd: -0.148664
- UUP_r12m: -0.013016
- UUP_r1m: 0.009642
- UUP_r3m: 0.006407
- UUP_vol3m: 0.049780
- VEA_mdd: -0.040694
- VEA_r12m: 0.168459
- VEA_r1m: 0.050866
- VEA_r3m: 0.082462
- VEA_vol3m: 0.135169
- VNQ_mdd: -0.007087
- VNQ_r12m: 0.186333
- VNQ_r1m: 0.049001
- VNQ_r3m: 0.042382
- VNQ_vol3m: 0.101347
- VWO_mdd: -0.064835
- VWO_r12m: 0.177663
- VWO_r1m: 0.085603
- VWO_r3m: 0.085861
- VWO_vol3m: 0.134639
- cross_vol: 0.095343
Assets: SPY, QQQ, IWM, DIA, EFA, EEM, VEA, VWO, AGG, BND, SHY, IEF, TLT, TIP, LQD, HYG, GLD, SLV, DBC, VNQ, UUP, BIL","{""SPY"":0.3101523193,""QQQ"":0.2067682128,""IWM"":0.1240609277,""DIA"":0.0827072851,""EFA"":0.0620304639,""EEM"":0.0482459163,""VEA"":0.0413536426,""VWO"":0.0344613688,""AGG"":0.027569095,""BND"":0.0206768213,""SHY"":0.0137845475,""IEF"":0.0068922738,""TLT"":0.005513819,""TIP"":0.0041353643,""LQD"":0.0034461369,""HYG"":0.0027569095,""GLD"":0.0020676821,""SLV"":0.0013784548,""DBC"":0.0006892274,""VNQ"":0.0005513819,""UUP"":0.0004135364,""BIL"":0.0003446137}","{""SPY"":0.3101523193,""QQQ"":0.2067682128,""IWM"":0.1240609277,""DIA"":0.0827072851,""EFA"":0.0620304639,""EEM"":0.0482459163,""VEA"":0.0413536426,""VWO"":0.0344613688,""AGG"":0.027569095,""BND"":0.0206768213,""SHY"":0.0137845475,""IEF"":0.0068922738,""TLT"":0.005513819,""TIP"":0.0041353643,""LQD"":0.0034461369,""HYG"":0.0027569095,""GLD"":0.0020676821,""SLV"":0.0013784548,""DBC"":0.0006892274,""VNQ"":0.0005513819,""UUP"":0.0004135364,""BIL"":0.0003446137}","{""SPY"":0.019047619,""QQQ"":0.019047619,""IWM"":0.019047619,""DIA"":0.019047619,""EFA"":0.019047619,""EEM"":0.019047619,""VEA"":0.019047619,""VWO"":0.019047619,""AGG"":0.6,""BND"":0.019047619,""SHY"":0.019047619,""IEF"":0.019047619,""TLT"":0.019047619,""TIP"":0.019047619,""LQD"":0.019047619,""HYG"":0.019047619,""GLD"":0.019047619,""SLV"":0.019047619,""DBC"":0.019047619,""VNQ"":0.019047619,""UUP"":0.019047619,""BIL"":0.019047619}",0,swap_vol3m_only,AGG,0.001865123439461434,0.023273388983674384,0.023273388983674384,0.001865123439461434
e374a1e379adf8e9ffb27cc7,p2_counterfactual_v1,D_counterfactual_fewshot,llama3.1:8b,P2,2013-01-04,1,756,BIL,AGG,AGG,BIL,BIL,0,0,1,1,1.161904761904762,0.0012012012012015266,e58a7b148bc66b1718ea0972d2d3f2983c577e1d2912439cfa9f87196d46a6f4,5956,ca3782a8bdfe2b60f4b24347fe44205b680e5cb74a4ad9f691751a04f43853d8,2415,1,0,0,17.89684270801081,1,"{
  ""weights"": {
    ""SPY"": 0.019,
    ""QQQ"": 0.019,
    ""IWM"": 0.019,
    ""DIA"": 0.019,
    ""EFA"": 0.019,
    ""EEM"": 0.019,
    ""VEA"": 0.019,
    ""VWO"": 0.019,
    ""AGG"": 0.019,
    ""BND"": 0.019,
    ""SHY"": 0.019,
    ""IEF"": 0.019,
    ""TLT"": 0.019,
    ""TIP"": 0.019,
    ""LQD"": 0.019,
    ""HYG"": 0.019,
    ""GLD"": 0.019,
    ""SLV"": 0.019,
    ""DBC"": 0.019,
    ""VNQ"": 0.019,
    ""UUP"": 0.019,
    ""BIL"": 0.6
  }
}","You are a DEFENSIVE LOW-VOLATILITY policy profile. Your task is to translate a natural-language risk-averse policy into provisional portfolio weights. Use only the provided feature values, not outside market knowledge. Identify the eligible asset that appears safest, defined by the lowest `_vol3m` value. This is a defensive single-core policy profile, so do not default to equal weights when one asset clearly has the lowest recent volatility. Allocate 60% of the total portfolio weight to this safest asset as the language-level policy target. The hard maximum-weight constraint is 60%. Do not solve the projection yourself; express the language-level target and let the projection layer enforce feasibility before execution. Distribute the remaining weight equally among all other eligible assets. Use only tickers from the provided asset list. Include every eligible ticker exactly once. Return strictly valid JSON only. The `weights` field MUST be a JSON object where keys are tickers and values are numeric portfolio weights expressed as decimals, not percentages.

### EXAMPLE 1
Features:
- AGG_mdd: -0.001604
- AGG_r12m: 0.000000
- AGG_r1m: 0.012451
- AGG_r3m: 0.020362
- AGG_vol3m: 0.035033
- BIL_mdd: -0.000436
- BIL_r12m: 0.000000
- BIL_r1m: 0.000000
- BIL_r3m: 0.000218
- BIL_vol3m: 0.003201
- BND_mdd: -0.002605
- BND_r12m: 0.000000
TargetWeights(JSON): {""SPY"": 0.019, ""QQQ"": 0.019, ""IWM"": 0.019, ""DIA"": 0.019, ""EFA"": 0.019, ""EEM"": 0.019, ""VEA"": 0.019, ""VWO"": 0.019, ""AGG"": 0.019, ""BND"": 0.019, ""SHY"": 0.019, ""IEF"": 0.019, ""TLT"": 0.019, ""TIP"": 0.019, ""LQD"": 0.019, ""HYG"": 0.019, ""GLD"": 0.019, ""SLV"": 0.019, ""DBC"": 0.019, ""VNQ"": 0.019, ""UUP"": 0.019, ""BIL"": 0.6}
### EXAMPLE 2
Features:
- AGG_mdd: -0.021722
- AGG_r12m: 0.056673
- AGG_r1m: -0.002397
- AGG_r3m: -0.014888
- AGG_vol3m: 0.046509
- BIL_mdd: -0.000218
- BIL_r12m: 0.000437
- BIL_r1m: 0.000000
- BIL_r3m: 0.000218
- BIL_vol3m: 0.002528
- BND_mdd: -0.023828
- BND_r12m: 0.056495
TargetWeights(JSON): {""SPY"": 0.019, ""QQQ"": 0.019, ""IWM"": 0.019, ""DIA"": 0.019, ""EFA"": 0.019, ""EEM"": 0.019, ""VEA"": 0.019, ""VWO"": 0.019, ""AGG"": 0.019, ""BND"": 0.019, ""SHY"": 0.019, ""IEF"": 0.019, ""TLT"": 0.019, ""TIP"": 0.019, ""LQD"": 0.019, ""HYG"": 0.019, ""GLD"": 0.019, ""SLV"": 0.019, ""DBC"": 0.019, ""VNQ"": 0.019, ""UUP"": 0.019, ""BIL"": 0.6}
### EXAMPLE 3
Features:
- AGG_mdd: -0.003384
- AGG_r12m: 0.055052
- AGG_r1m: 0.001844
- AGG_r3m: 0.006395
- AGG_vol3m: 0.025564
- BIL_mdd: -0.001264
- BIL_r12m: -0.000610
- BIL_r1m: -0.000000
- BIL_r3m: -0.000000
- BIL_vol3m: 0.002062
- BND_mdd: -0.003528
- BND_r12m: 0.056003
TargetWeights(JSON): {""SPY"": 0.019, ""QQQ"": 0.019, ""IWM"": 0.019, ""DIA"": 0.019, ""EFA"": 0.019, ""EEM"": 0.019, ""VEA"": 0.019, ""VWO"": 0.019, ""AGG"": 0.019, ""BND"": 0.019, ""SHY"": 0.019, ""IEF"": 0.019, ""TLT"": 0.019, ""TIP"": 0.019, ""LQD"": 0.019, ""HYG"": 0.019, ""GLD"": 0.019, ""SLV"": 0.019, ""DBC"": 0.019, ""VNQ"": 0.019, ""UUP"": 0.019, ""BIL"": 0.6}
### EXAMPLE 4
Features:
- AGG_mdd: -0.000816
- AGG_r12m: 0.079294
- AGG_r1m: 0.008300
- AGG_r3m: 0.019662
- AGG_vol3m: 0.031546
- BIL_mdd: -0.001046
- BIL_r12m: -0.000610
- BIL_r1m: -0.000174
- BIL_r3m: -0.000392
- BIL_vol3m: 0.002780
- BND_mdd: -0.001435
- BND_r12m: 0.079344
TargetWeights(JSON): {""SPY"": 0.019, ""QQQ"": 0.019, ""IWM"": 0.019, ""DIA"": 0.019, ""EFA"": 0.019, ""EEM"": 0.019, ""VEA"": 0.019, ""VWO"": 0.019, ""AGG"": 0.019, ""BND"": 0.019, ""SHY"": 0.019, ""IEF"": 0.019, ""TLT"": 0.019, ""TIP"": 0.019, ""LQD"": 0.019, ""HYG"": 0.019, ""GLD"": 0.019, ""SLV"": 0.019, ""DBC"": 0.019, ""VNQ"": 0.019, ""UUP"": 0.019, ""BIL"": 0.6}

Current Features:
- AGG_mdd: -0.006712
- AGG_r12m: 0.036910
- AGG_r1m: -0.005823
- AGG_r3m: -0.003252
- AGG_vol3m: 0.001865
- BIL_mdd: -0.001046
- BIL_r12m: -0.000000
- BIL_r1m: 0.000218
- BIL_r3m: -0.000000
- BIL_vol3m: 0.023273
- BND_mdd: -0.014005
- BND_r12m: 0.029551
- BND_r1m: -0.013308
- BND_r3m: -0.012876
- BND_vol3m: 0.025855
- DBC_mdd: -0.137531
- DBC_r12m: -0.003980
- DBC_r1m: -0.013968
- DBC_r3m: -0.036402
- DBC_vol3m: 0.125729
- DIA_mdd: -0.006984
- DIA_r12m: 0.112418
- DIA_r1m: 0.039315
- DIA_r3m: 0.003944
- DIA_vol3m: 0.126050
- EEM_mdd: -0.069302
- EEM_r12m: 0.171848
- EEM_r1m: 0.080862
- EEM_r3m: 0.083190
- EEM_vol3m: 0.136612
- EFA_mdd: -0.039660
- EFA_r12m: 0.168492
- EFA_r1m: 0.051002
- EFA_r3m: 0.083135
- EFA_vol3m: 0.134734
- GLD_mdd: -0.130830
- GLD_r12m: 0.028989
- GLD_r1m: -0.024206
- GLD_r3m: -0.067751
- GLD_vol3m: 0.112234
- HYG_mdd: -0.002441
- HYG_r12m: 0.114674
- HYG_r1m: 0.015926
- HYG_r3m: 0.033964
- HYG_vol3m: 0.052602
- IEF_mdd: -0.022709
- IEF_r12m: 0.033653
- IEF_r1m: -0.019853
- IEF_r3m: -0.014034
- IEF_vol3m: 0.049069
- IWM_mdd: 0.000000
- IWM_r12m: 0.187803
- IWM_r1m: 0.071941
- IWM_r3m: 0.049066
- IWM_vol3m: 0.152096
- LQD_mdd: -0.014995
- LQD_r12m: 0.099304
- LQD_r1m: -0.008924
- LQD_r3m: -0.003830
- LQD_vol3m: 0.037717
- QQQ_mdd: -0.045565
- QQQ_r12m: 0.185606
- QQQ_r1m: 0.020892
- QQQ_r3m: -0.024302
- QQQ_vol3m: 0.164757
- SHY_mdd: -0.000345
- SHY_r12m: 0.002977
- SHY_r1m: 0.000011
- SHY_r3m: -0.000107
- SHY_vol3m: 0.003847
- SLV_mdd: -0.381295
- SLV_r12m: 0.014221
- SLV_r1m: -0.083386
- SLV_r3m: -0.127164
- SLV_vol3m: 0.224162
- SPY_mdd: 0.000000
- SPY_r12m: 0.173456
- SPY_r1m: 0.043597
- SPY_r3m: 0.020125
- SPY_vol3m: 0.134582
- TIP_mdd: -0.022961
- TIP_r12m: 0.056009
- TIP_r1m: -0.019222
- TIP_r3m: -0.010325
- TIP_vol3m: 0.041962
- TLT_mdd: -0.094662
- TLT_r12m: 0.015849
- TLT_r1m: -0.053593
- TLT_r3m: -0.043106
- TLT_vol3m: 0.129467
- UUP_mdd: -0.148664
- UUP_r12m: -0.013016
- UUP_r1m: 0.009642
- UUP_r3m: 0.006407
- UUP_vol3m: 0.049780
- VEA_mdd: -0.040694
- VEA_r12m: 0.168459
- VEA_r1m: 0.050866
- VEA_r3m: 0.082462
- VEA_vol3m: 0.135169
- VNQ_mdd: -0.007087
- VNQ_r12m: 0.186333
- VNQ_r1m: 0.049001
- VNQ_r3m: 0.042382
- VNQ_vol3m: 0.101347
- VWO_mdd: -0.064835
- VWO_r12m: 0.177663
- VWO_r1m: 0.085603
- VWO_r3m: 0.085861
- VWO_vol3m: 0.134639
- cross_vol: 0.095343
Assets: SPY, QQQ, IWM, DIA, EFA, EEM, VEA, VWO, AGG, BND, SHY, IEF, TLT, TIP, LQD, HYG, GLD, SLV, DBC, VNQ, UUP, BIL","{""SPY"":0.019019019,""QQQ"":0.019019019,""IWM"":0.019019019,""DIA"":0.019019019,""EFA"":0.019019019,""EEM"":0.019019019,""VEA"":0.019019019,""VWO"":0.019019019,""AGG"":0.019019019,""BND"":0.019019019,""SHY"":0.019019019,""IEF"":0.019019019,""TLT"":0.019019019,""TIP"":0.019019019,""LQD"":0.019019019,""HYG"":0.019019019,""GLD"":0.019019019,""SLV"":0.019019019,""DBC"":0.019019019,""VNQ"":0.019019019,""UUP"":0.019019019,""BIL"":0.6006006006}","{""SPY"":0.019047619,""QQQ"":0.019047619,""IWM"":0.019047619,""DIA"":0.019047619,""EFA"":0.019047619,""EEM"":0.019047619,""VEA"":0.019047619,""VWO"":0.019047619,""AGG"":0.019047619,""BND"":0.019047619,""SHY"":0.019047619,""IEF"":0.019047619,""TLT"":0.019047619,""TIP"":0.019047619,""LQD"":0.019047619,""HYG"":0.019047619,""GLD"":0.019047619,""SLV"":0.019047619,""DBC"":0.019047619,""VNQ"":0.019047619,""UUP"":0.019047619,""BIL"":0.6}","{""SPY"":0.019047619,""QQQ"":0.019047619,""IWM"":0.019047619,""DIA"":0.019047619,""EFA"":0.019047619,""EEM"":0.019047619,""VEA"":0.019047619,""VWO"":0.019047619,""AGG"":0.6,""BND"":0.019047619,""SHY"":0.019047619,""IEF"":0.019047619,""TLT"":0.019047619,""TIP"":0.019047619,""LQD"":0.019047619,""HYG"":0.019047619,""GLD"":0.019047619,""SLV"":0.019047619,""DBC"":0.019047619,""VNQ"":0.019047619,""UUP"":0.019047619,""BIL"":0.019047619}",0,swap_vol3m_only,AGG,0.001865123439461434,0.023273388983674384,0.023273388983674384,0.001865123439461434
ec404695cfcc5e170d1d48e1,p2_counterfactual_v1,E_counterfactual_no_fewshot,llama3.1:8b,P2,2013-01-04,1,756,BIL,AGG,AGG,SPY,SPY,0,0,0,0,1.1444444444444444,0.0,85f94dc5f709878bb433565eb75060f87ef4a947cbb31b475a3cacf6351782f3,3541,e3b0c44298fc1c149afbf4c8996fb92427ae41e4649b934ca495991b7852b855,0,1,0,0,16.055240916990442,1,"{
  ""weights"": {
    ""SPY"": 0.6,
    ""QQQ"": 0.1,
    ""IWM"": 0.1,
    ""DIA"": 0.1,
    ""EFA"": 0.05,
    ""EEM"": 0.05,
    ""VEA"": 0.05,
    ""VWO"": 0.05,
    ""AGG"": 0.05,
    ""BND"": 0.05,
    ""SHY"": 0.05,
    ""IEF"": 0.05,
    ""TLT"": 0.05,
    ""TIP"": 0.05,
    ""LQD"": 0.05,
    ""HYG"": 0.05,
    ""GLD"": 0.05,
    ""SLV"": 0.05,
    ""DBC"": 0.05,
    ""VNQ"": 0.05,
    ""UUP"": 0.05,
    ""BIL"": 0.05
  }
}","You are a DEFENSIVE LOW-VOLATILITY policy profile. Your task is to translate a natural-language risk-averse policy into provisional portfolio weights. Use only the provided feature values, not outside market knowledge. Identify the eligible asset that appears safest, defined by the lowest `_vol3m` value. This is a defensive single-core policy profile, so do not default to equal weights when one asset clearly has the lowest recent volatility. Allocate 60% of the total portfolio weight to this safest asset as the language-level policy target. The hard maximum-weight constraint is 60%. Do not solve the projection yourself; express the language-level target and let the projection layer enforce feasibility before execution. Distribute the remaining weight equally among all other eligible assets. Use only tickers from the provided asset list. Include every eligible ticker exactly once. Return strictly valid JSON only. The `weights` field MUST be a JSON object where keys are tickers and values are numeric portfolio weights expressed as decimals, not percentages.



Current Features:
- AGG_mdd: -0.006712
- AGG_r12m: 0.036910
- AGG_r1m: -0.005823
- AGG_r3m: -0.003252
- AGG_vol3m: 0.001865
- BIL_mdd: -0.001046
- BIL_r12m: -0.000000
- BIL_r1m: 0.000218
- BIL_r3m: -0.000000
- BIL_vol3m: 0.023273
- BND_mdd: -0.014005
- BND_r12m: 0.029551
- BND_r1m: -0.013308
- BND_r3m: -0.012876
- BND_vol3m: 0.025855
- DBC_mdd: -0.137531
- DBC_r12m: -0.003980
- DBC_r1m: -0.013968
- DBC_r3m: -0.036402
- DBC_vol3m: 0.125729
- DIA_mdd: -0.006984
- DIA_r12m: 0.112418
- DIA_r1m: 0.039315
- DIA_r3m: 0.003944
- DIA_vol3m: 0.126050
- EEM_mdd: -0.069302
- EEM_r12m: 0.171848
- EEM_r1m: 0.080862
- EEM_r3m: 0.083190
- EEM_vol3m: 0.136612
- EFA_mdd: -0.039660
- EFA_r12m: 0.168492
- EFA_r1m: 0.051002
- EFA_r3m: 0.083135
- EFA_vol3m: 0.134734
- GLD_mdd: -0.130830
- GLD_r12m: 0.028989
- GLD_r1m: -0.024206
- GLD_r3m: -0.067751
- GLD_vol3m: 0.112234
- HYG_mdd: -0.002441
- HYG_r12m: 0.114674
- HYG_r1m: 0.015926
- HYG_r3m: 0.033964
- HYG_vol3m: 0.052602
- IEF_mdd: -0.022709
- IEF_r12m: 0.033653
- IEF_r1m: -0.019853
- IEF_r3m: -0.014034
- IEF_vol3m: 0.049069
- IWM_mdd: 0.000000
- IWM_r12m: 0.187803
- IWM_r1m: 0.071941
- IWM_r3m: 0.049066
- IWM_vol3m: 0.152096
- LQD_mdd: -0.014995
- LQD_r12m: 0.099304
- LQD_r1m: -0.008924
- LQD_r3m: -0.003830
- LQD_vol3m: 0.037717
- QQQ_mdd: -0.045565
- QQQ_r12m: 0.185606
- QQQ_r1m: 0.020892
- QQQ_r3m: -0.024302
- QQQ_vol3m: 0.164757
- SHY_mdd: -0.000345
- SHY_r12m: 0.002977
- SHY_r1m: 0.000011
- SHY_r3m: -0.000107
- SHY_vol3m: 0.003847
- SLV_mdd: -0.381295
- SLV_r12m: 0.014221
- SLV_r1m: -0.083386
- SLV_r3m: -0.127164
- SLV_vol3m: 0.224162
- SPY_mdd: 0.000000
- SPY_r12m: 0.173456
- SPY_r1m: 0.043597
- SPY_r3m: 0.020125
- SPY_vol3m: 0.134582
- TIP_mdd: -0.022961
- TIP_r12m: 0.056009
- TIP_r1m: -0.019222
- TIP_r3m: -0.010325
- TIP_vol3m: 0.041962
- TLT_mdd: -0.094662
- TLT_r12m: 0.015849
- TLT_r1m: -0.053593
- TLT_r3m: -0.043106
- TLT_vol3m: 0.129467
- UUP_mdd: -0.148664
- UUP_r12m: -0.013016
- UUP_r1m: 0.009642
- UUP_r3m: 0.006407
- UUP_vol3m: 0.049780
- VEA_mdd: -0.040694
- VEA_r12m: 0.168459
- VEA_r1m: 0.050866
- VEA_r3m: 0.082462
- VEA_vol3m: 0.135169
- VNQ_mdd: -0.007087
- VNQ_r12m: 0.186333
- VNQ_r1m: 0.049001
- VNQ_r3m: 0.042382
- VNQ_vol3m: 0.101347
- VWO_mdd: -0.064835
- VWO_r12m: 0.177663
- VWO_r1m: 0.085603
- VWO_r3m: 0.085861
- VWO_vol3m: 0.134639
- cross_vol: 0.095343
Assets: SPY, QQQ, IWM, DIA, EFA, EEM, VEA, VWO, AGG, BND, SHY, IEF, TLT, TIP, LQD, HYG, GLD, SLV, DBC, VNQ, UUP, BIL","{""SPY"":0.3333333333,""QQQ"":0.0555555556,""IWM"":0.0555555556,""DIA"":0.0555555556,""EFA"":0.0277777778,""EEM"":0.0277777778,""VEA"":0.0277777778,""VWO"":0.0277777778,""AGG"":0.0277777778,""BND"":0.0277777778,""SHY"":0.0277777778,""IEF"":0.0277777778,""TLT"":0.0277777778,""TIP"":0.0277777778,""LQD"":0.0277777778,""HYG"":0.0277777778,""GLD"":0.0277777778,""SLV"":0.0277777778,""DBC"":0.0277777778,""VNQ"":0.0277777778,""UUP"":0.0277777778,""BIL"":0.0277777778}","{""SPY"":0.3333333333,""QQQ"":0.0555555556,""IWM"":0.0555555556,""DIA"":0.0555555556,""EFA"":0.0277777778,""EEM"":0.0277777778,""VEA"":0.0277777778,""VWO"":0.0277777778,""AGG"":0.0277777778,""BND"":0.0277777778,""SHY"":0.0277777778,""IEF"":0.0277777778,""TLT"":0.0277777778,""TIP"":0.0277777778,""LQD"":0.0277777778,""HYG"":0.0277777778,""GLD"":0.0277777778,""SLV"":0.0277777778,""DBC"":0.0277777778,""VNQ"":0.0277777778,""UUP"":0.0277777778,""BIL"":0.0277777778}","{""SPY"":0.019047619,""QQQ"":0.019047619,""IWM"":0.019047619,""DIA"":0.019047619,""EFA"":0.019047619,""EEM"":0.019047619,""VEA"":0.019047619,""VWO"":0.019047619,""AGG"":0.6,""BND"":0.019047619,""SHY"":0.019047619,""IEF"":0.019047619,""TLT"":0.019047619,""TIP"":0.019047619,""LQD"":0.019047619,""HYG"":0.019047619,""GLD"":0.019047619,""SLV"":0.019047619,""DBC"":0.019047619,""VNQ"":0.019047619,""UUP"":0.019047619,""BIL"":0.019047619}",0,swap_vol3m_only,AGG,0.001865123439461434,0.023273388983674384,0.023273388983674384,0.001865123439461434
9de8090516bc9e8e7783eae4,p2_counterfactual_v1,D_counterfactual_fewshot,gemma3:270m,P2,2015-01-06,3,1260,BIL,BND,BND,BIL,BIL,0,0,1,1,1.161904761904762,0.0012012012012015266,01aa6d2b086ef1aab2fb0286a883349d3c96488eb41338cd96f2b92fa05698e8,5959,302ac08ebf1699711f257320985eb42504cf2809694961b4651ad2f7f425ea19,2419,1,0,0,2.3455736670002807,1,"{""weights"": {""SPY"": 0.019, ""QQQ"": 0.019, ""IWM"": 0.019, ""DIA"": 0.019, ""EFA"": 0.019, ""EEM"": 0.019, ""VEA"": 0.019, ""VWO"": 0.019, ""AGG"": 0.019, ""BND"": 0.019, ""SHY"": 0.019, ""IEF"": 0.019, ""TLT"": 0.019, ""TIP"": 0.019, ""LQD"": 0.019, ""HYG"": 0.019, ""GLD"": 0.019, ""SLV"": 0.019, ""DBC"": 0.019, ""VNQ"": 0.019, ""UUP"": 0.019, ""BIL"": 0.6}}","You are a DEFENSIVE LOW-VOLATILITY policy profile. Your task is to translate a natural-language risk-averse policy into provisional portfolio weights. Use only the provided feature values, not outside market knowledge. Identify the eligible asset that appears safest, defined by the lowest `_vol3m` value. This is a defensive single-core policy profile, so do not default to equal weights when one asset clearly has the lowest recent volatility. Allocate 60% of the total portfolio weight to this safest asset as the language-level policy target. The hard maximum-weight constraint is 60%. Do not solve the projection yourself; express the language-level target and let the projection layer enforce feasibility before execution. Distribute the remaining weight equally among all other eligible assets. Use only tickers from the provided asset list. Include every eligible ticker exactly once. Return strictly valid JSON only. The `weights` field MUST be a JSON object where keys are tickers and values are numeric portfolio weights expressed as decimals, not percentages.

### EXAMPLE 1
Features:
- AGG_mdd: -0.004594
- AGG_r12m: 0.000000
- AGG_r1m: -0.000968
- AGG_r3m: 0.012335
- AGG_vol3m: 0.036756
- BIL_mdd: -0.000436
- BIL_r12m: 0.000000
- BIL_r1m: 0.000000
- BIL_r3m: 0.000000
- BIL_vol3m: 0.002330
- BND_mdd: -0.004583
- BND_r12m: 0.000000
TargetWeights(JSON): {""SPY"": 0.019, ""QQQ"": 0.019, ""IWM"": 0.019, ""DIA"": 0.019, ""EFA"": 0.019, ""EEM"": 0.019, ""VEA"": 0.019, ""VWO"": 0.019, ""AGG"": 0.019, ""BND"": 0.019, ""SHY"": 0.019, ""IEF"": 0.019, ""TLT"": 0.019, ""TIP"": 0.019, ""LQD"": 0.019, ""HYG"": 0.019, ""GLD"": 0.019, ""SLV"": 0.019, ""DBC"": 0.019, ""VNQ"": 0.019, ""UUP"": 0.019, ""BIL"": 0.6}
### EXAMPLE 2
Features:
- AGG_mdd: -0.030545
- AGG_r12m: -0.021422
- AGG_r1m: -0.000201
- AGG_r3m: 0.002985
- AGG_vol3m: 0.040003
- BIL_mdd: -0.001918
- BIL_r12m: -0.000873
- BIL_r1m: -0.000000
- BIL_r3m: -0.000437
- BIL_vol3m: 0.002243
- BND_mdd: -0.030616
- BND_r12m: -0.028717
TargetWeights(JSON): {""SPY"": 0.019, ""QQQ"": 0.019, ""IWM"": 0.019, ""DIA"": 0.019, ""EFA"": 0.019, ""EEM"": 0.019, ""VEA"": 0.019, ""VWO"": 0.019, ""AGG"": 0.019, ""BND"": 0.019, ""SHY"": 0.019, ""IEF"": 0.019, ""TLT"": 0.019, ""TIP"": 0.019, ""LQD"": 0.019, ""HYG"": 0.019, ""GLD"": 0.019, ""SLV"": 0.019, ""DBC"": 0.019, ""VNQ"": 0.019, ""UUP"": 0.019, ""BIL"": 0.6}
### EXAMPLE 3
Features:
- AGG_mdd: -0.000816
- AGG_r12m: 0.079294
- AGG_r1m: 0.008300
- AGG_r3m: 0.019662
- AGG_vol3m: 0.031546
- BIL_mdd: -0.001046
- BIL_r12m: -0.000610
- BIL_r1m: -0.000174
- BIL_r3m: -0.000392
- BIL_vol3m: 0.002780
- BND_mdd: -0.001435
- BND_r12m: 0.079344
TargetWeights(JSON): {""SPY"": 0.019, ""QQQ"": 0.019, ""IWM"": 0.019, ""DIA"": 0.019, ""EFA"": 0.019, ""EEM"": 0.019, ""VEA"": 0.019, ""VWO"": 0.019, ""AGG"": 0.019, ""BND"": 0.019, ""SHY"": 0.019, ""IEF"": 0.019, ""TLT"": 0.019, ""TIP"": 0.019, ""LQD"": 0.019, ""HYG"": 0.019, ""GLD"": 0.019, ""SLV"": 0.019, ""DBC"": 0.019, ""VNQ"": 0.019, ""UUP"": 0.019, ""BIL"": 0.6}
### EXAMPLE 4
Features:
- AGG_mdd: -0.000993
- AGG_r12m: 0.068493
- AGG_r1m: 0.007362
- AGG_r3m: 0.010933
- AGG_vol3m: 0.028124
- BIL_mdd: -0.000829
- BIL_r12m: -0.000829
- BIL_r1m: -0.000000
- BIL_r3m: 0.000218
- BIL_vol3m: 0.002524
- BND_mdd: -0.001191
- BND_r12m: 0.071298
TargetWeights(JSON): {""SPY"": 0.019, ""QQQ"": 0.019, ""IWM"": 0.019, ""DIA"": 0.019, ""EFA"": 0.019, ""EEM"": 0.019, ""VEA"": 0.019, ""VWO"": 0.019, ""AGG"": 0.019, ""BND"": 0.019, ""SHY"": 0.019, ""IEF"": 0.019, ""TLT"": 0.019, ""TIP"": 0.019, ""LQD"": 0.019, ""HYG"": 0.019, ""GLD"": 0.019, ""SLV"": 0.019, ""DBC"": 0.019, ""VNQ"": 0.019, ""UUP"": 0.019, ""BIL"": 0.6}

Current Features:
- AGG_mdd: 0.000000
- AGG_r12m: 0.065472
- AGG_r1m: 0.011205
- AGG_r3m: 0.021967
- AGG_vol3m: 0.031420
- BIL_mdd: -0.003009
- BIL_r12m: -0.000874
- BIL_r1m: -0.000219
- BIL_r3m: -0.000219
- BIL_vol3m: 0.029364
- BND_mdd: 0.000000
- BND_r12m: 0.065944
- BND_r1m: 0.012052
- BND_r3m: 0.020174
- BND_vol3m: 0.002685
- DBC_mdd: -0.442356
- DBC_r12m: -0.292528
- DBC_r1m: -0.119684
- DBC_r3m: -0.230104
- DBC_vol3m: 0.169792
- DIA_mdd: -0.037738
- DIA_r12m: 0.079842
- DIA_r1m: -0.028326
- DIA_r3m: 0.027331
- DIA_vol3m: 0.136526
- EEM_mdd: -0.180100
- EEM_r12m: -0.024417
- EEM_r1m: -0.060903
- EEM_r3m: -0.080215
- EEM_vol3m: 0.173619
- EFA_mdd: -0.146895
- EFA_r12m: -0.081909
- EFA_r1m: -0.074711
- EFA_r3m: -0.063856
- EFA_vol3m: 0.156563
- GLD_mdd: -0.365513
- GLD_r12m: -0.019916
- GLD_r1m: 0.010701
- GLD_r3m: 0.009394
- GLD_vol3m: 0.199504
- HYG_mdd: -0.043561
- HYG_r12m: 0.002075
- HYG_r1m: -0.017377
- HYG_r3m: -0.028630
- HYG_vol3m: 0.089427
- IEF_mdd: 0.000000
- IEF_r12m: 0.103552
- IEF_r1m: 0.022424
- IEF_r3m: 0.041298
- IEF_vol3m: 0.056810
- IWM_mdd: -0.047418
- IWM_r12m: 0.026759
- IWM_r1m: -0.009163
- IWM_r3m: 0.064665
- IWM_vol3m: 0.184207
- LQD_mdd: 0.000000
- LQD_r12m: 0.088685
- LQD_r1m: 0.019253
- LQD_r3m: 0.023776
- LQD_vol3m: 0.046330
- QQQ_mdd: -0.052515
- QQQ_r12m: 0.177053
- QQQ_r1m: -0.046760
- QQQ_r3m: 0.025345
- QQQ_vol3m: 0.162010
- SHY_mdd: -0.003049
- SHY_r12m: 0.005778
- SHY_r1m: -0.000908
- SHY_r3m: 0.001314
- SHY_vol3m: 0.009496
- SLV_mdd: -0.665044
- SLV_r12m: -0.184861
- SLV_r1m: 0.003805
- SLV_r3m: -0.046386
- SLV_vol3m: 0.324125
- SPY_mdd: -0.042641
- SPY_r12m: 0.117156
- SPY_r1m: -0.032443
- SPY_r3m: 0.023602
- SPY_vol3m: 0.144337
- TIP_mdd: -0.059674
- TIP_r12m: 0.037075
- TIP_r1m: 0.001599
- TIP_r3m: 0.003376
- TIP_vol3m: 0.047878
- TLT_mdd: 0.000000
- TLT_r12m: 0.321349
- TLT_r1m: 0.083159
- TLT_r3m: 0.125499
- TLT_vol3m: 0.122123
- UUP_mdd: -0.059233
- UUP_r12m: 0.120849
- UUP_r1m: 0.032724
- UUP_r3m: 0.064855
- UUP_vol3m: 0.075172
- VEA_mdd: -0.144573
- VEA_r12m: -0.078395
- VEA_r1m: -0.072640
- VEA_r3m: -0.062204
- VEA_vol3m: 0.148983
- VNQ_mdd: 0.000000
- VNQ_r12m: 0.329659
- VNQ_r1m: 0.044789
- VNQ_r3m: 0.168410
- VNQ_vol3m: 0.122973
- VWO_mdd: -0.154268
- VWO_r12m: 0.013689
- VWO_r1m: -0.063296
- VWO_r3m: -0.078819
- VWO_vol3m: 0.183744
- cross_vol: 0.118959
Assets: SPY, QQQ, IWM, DIA, EFA, EEM, VEA, VWO, AGG, BND, SHY, IEF, TLT, TIP, LQD, HYG, GLD, SLV, DBC, VNQ, UUP, BIL","{""SPY"":0.019019019,""QQQ"":0.019019019,""IWM"":0.019019019,""DIA"":0.019019019,""EFA"":0.019019019,""EEM"":0.019019019,""VEA"":0.019019019,""VWO"":0.019019019,""AGG"":0.019019019,""BND"":0.019019019,""SHY"":0.019019019,""IEF"":0.019019019,""TLT"":0.019019019,""TIP"":0.019019019,""LQD"":0.019019019,""HYG"":0.019019019,""GLD"":0.019019019,""SLV"":0.019019019,""DBC"":0.019019019,""VNQ"":0.019019019,""UUP"":0.019019019,""BIL"":0.6006006006}","{""SPY"":0.019047619,""QQQ"":0.019047619,""IWM"":0.019047619,""DIA"":0.019047619,""EFA"":0.019047619,""EEM"":0.019047619,""VEA"":0.019047619,""VWO"":0.019047619,""AGG"":0.019047619,""BND"":0.019047619,""SHY"":0.019047619,""IEF"":0.019047619,""TLT"":0.019047619,""TIP"":0.019047619,""LQD"":0.019047619,""HYG"":0.019047619,""GLD"":0.019047619,""SLV"":0.019047619,""DBC"":0.019047619,""VNQ"":0.019047619,""UUP"":0.019047619,""BIL"":0.6}","{""SPY"":0.019047619,""QQQ"":0.019047619,""IWM"":0.019047619,""DIA"":0.019047619,""EFA"":0.019047619,""EEM"":0.019047619,""VEA"":0.019047619,""VWO"":0.019047619,""AGG"":0.019047619,""BND"":0.6,""SHY"":0.019047619,""IEF"":0.019047619,""TLT"":0.019047619,""TIP"":0.019047619,""LQD"":0.019047619,""HYG"":0.019047619,""GLD"":0.019047619,""SLV"":0.019047619,""DBC"":0.019047619,""VNQ"":0.019047619,""UUP"":0.019047619,""BIL"":0.019047619}",0,swap_vol3m_only,BND,0.0026848832245111916,0.02936378249217474,0.02936378249217474,0.0026848832245111916
c04915e63080a3f47e27badf,p2_counterfactual_v1,E_counterfactual_no_fewshot,gemma3:270m,P2,2015-01-06,3,1260,BIL,BND,BND,SPY,SPY,0,0,0,0,1.1090909090909096,3.0531133177191805e-16,dc3d015018c98dd0452320e55393e40bd324de42cee772db59db066b95fc2785,3540,e3b0c44298fc1c149afbf4c8996fb92427ae41e4649b934ca495991b7852b855,0,1,0,0,1.4447272079996765,1,"{""weights"": {""SPY"": 60, ""QQQ"": 60, ""IWM"": 60, ""DIA"": 60, ""EFA"": 60, ""EEM"": 60, ""VEA"": 60, ""VWO"": 60, ""AGG"": 60, ""BND"": 60, ""SHY"": 60, ""IEF"": 60, ""TLT"": 60, ""TIP"": 60, ""LQD"": 60, ""HYG"": 60, ""GLD"": 60, ""SLV"": 60, ""DBC"": 60, ""VNQ"": 60, ""UUP"": 60, ""BIL"": 60}}","You are a DEFENSIVE LOW-VOLATILITY policy profile. Your task is to translate a natural-language risk-averse policy into provisional portfolio weights. Use only the provided feature values, not outside market knowledge. Identify the eligible asset that appears safest, defined by the lowest `_vol3m` value. This is a defensive single-core policy profile, so do not default to equal weights when one asset clearly has the lowest recent volatility. Allocate 60% of the total portfolio weight to this safest asset as the language-level policy target. The hard maximum-weight constraint is 60%. Do not solve the projection yourself; express the language-level target and let the projection layer enforce feasibility before execution. Distribute the remaining weight equally among all other eligible assets. Use only tickers from the provided asset list. Include every eligible ticker exactly once. Return strictly valid JSON only. The `weights` field MUST be a JSON object where keys are tickers and values are numeric portfolio weights expressed as decimals, not percentages.



Current Features:
- AGG_mdd: 0.000000
- AGG_r12m: 0.065472
- AGG_r1m: 0.011205
- AGG_r3m: 0.021967
- AGG_vol3m: 0.031420
- BIL_mdd: -0.003009
- BIL_r12m: -0.000874
- BIL_r1m: -0.000219
- BIL_r3m: -0.000219
- BIL_vol3m: 0.029364
- BND_mdd: 0.000000
- BND_r12m: 0.065944
- BND_r1m: 0.012052
- BND_r3m: 0.020174
- BND_vol3m: 0.002685
- DBC_mdd: -0.442356
- DBC_r12m: -0.292528
- DBC_r1m: -0.119684
- DBC_r3m: -0.230104
- DBC_vol3m: 0.169792
- DIA_mdd: -0.037738
- DIA_r12m: 0.079842
- DIA_r1m: -0.028326
- DIA_r3m: 0.027331
- DIA_vol3m: 0.136526
- EEM_mdd: -0.180100
- EEM_r12m: -0.024417
- EEM_r1m: -0.060903
- EEM_r3m: -0.080215
- EEM_vol3m: 0.173619
- EFA_mdd: -0.146895
- EFA_r12m: -0.081909
- EFA_r1m: -0.074711
- EFA_r3m: -0.063856
- EFA_vol3m: 0.156563
- GLD_mdd: -0.365513
- GLD_r12m: -0.019916
- GLD_r1m: 0.010701
- GLD_r3m: 0.009394
- GLD_vol3m: 0.199504
- HYG_mdd: -0.043561
- HYG_r12m: 0.002075
- HYG_r1m: -0.017377
- HYG_r3m: -0.028630
- HYG_vol3m: 0.089427
- IEF_mdd: 0.000000
- IEF_r12m: 0.103552
- IEF_r1m: 0.022424
- IEF_r3m: 0.041298
- IEF_vol3m: 0.056810
- IWM_mdd: -0.047418
- IWM_r12m: 0.026759
- IWM_r1m: -0.009163
- IWM_r3m: 0.064665
- IWM_vol3m: 0.184207
- LQD_mdd: 0.000000
- LQD_r12m: 0.088685
- LQD_r1m: 0.019253
- LQD_r3m: 0.023776
- LQD_vol3m: 0.046330
- QQQ_mdd: -0.052515
- QQQ_r12m: 0.177053
- QQQ_r1m: -0.046760
- QQQ_r3m: 0.025345
- QQQ_vol3m: 0.162010
- SHY_mdd: -0.003049
- SHY_r12m: 0.005778
- SHY_r1m: -0.000908
- SHY_r3m: 0.001314
- SHY_vol3m: 0.009496
- SLV_mdd: -0.665044
- SLV_r12m: -0.184861
- SLV_r1m: 0.003805
- SLV_r3m: -0.046386
- SLV_vol3m: 0.324125
- SPY_mdd: -0.042641
- SPY_r12m: 0.117156
- SPY_r1m: -0.032443
- SPY_r3m: 0.023602
- SPY_vol3m: 0.144337
- TIP_mdd: -0.059674
- TIP_r12m: 0.037075
- TIP_r1m: 0.001599
- TIP_r3m: 0.003376
- TIP_vol3m: 0.047878
- TLT_mdd: 0.000000
- TLT_r12m: 0.321349
- TLT_r1m: 0.083159
- TLT_r3m: 0.125499
- TLT_vol3m: 0.122123
- UUP_mdd: -0.059233
- UUP_r12m: 0.120849
- UUP_r1m: 0.032724
- UUP_r3m: 0.064855
- UUP_vol3m: 0.075172
- VEA_mdd: -0.144573
- VEA_r12m: -0.078395
- VEA_r1m: -0.072640
- VEA_r3m: -0.062204
- VEA_vol3m: 0.148983
- VNQ_mdd: 0.000000
- VNQ_r12m: 0.329659
- VNQ_r1m: 0.044789
- VNQ_r3m: 0.168410
- VNQ_vol3m: 0.122973
- VWO_mdd: -0.154268
- VWO_r12m: 0.013689
- VWO_r1m: -0.063296
- VWO_r3m: -0.078819
- VWO_vol3m: 0.183744
- cross_vol: 0.118959
Assets: SPY, QQQ, IWM, DIA, EFA, EEM, VEA, VWO, AGG, BND, SHY, IEF, TLT, TIP, LQD, HYG, GLD, SLV, DBC, VNQ, UUP, BIL","{""SPY"":0.0454545455,""QQQ"":0.0454545455,""IWM"":0.0454545455,""DIA"":0.0454545455,""EFA"":0.0454545455,""EEM"":0.0454545455,""VEA"":0.0454545455,""VWO"":0.0454545455,""AGG"":0.0454545455,""BND"":0.0454545455,""SHY"":0.0454545455,""IEF"":0.0454545455,""TLT"":0.0454545455,""TIP"":0.0454545455,""LQD"":0.0454545455,""HYG"":0.0454545455,""GLD"":0.0454545455,""SLV"":0.0454545455,""DBC"":0.0454545455,""VNQ"":0.0454545455,""UUP"":0.0454545455,""BIL"":0.0454545455}","{""SPY"":0.0454545455,""QQQ"":0.0454545455,""IWM"":0.0454545455,""DIA"":0.0454545455,""EFA"":0.0454545455,""EEM"":0.0454545455,""VEA"":0.0454545455,""VWO"":0.0454545455,""AGG"":0.0454545455,""BND"":0.0454545455,""SHY"":0.0454545455,""IEF"":0.0454545455,""TLT"":0.0454545455,""TIP"":0.0454545455,""LQD"":0.0454545455,""HYG"":0.0454545455,""GLD"":0.0454545455,""SLV"":0.0454545455,""DBC"":0.0454545455,""VNQ"":0.0454545455,""UUP"":0.0454545455,""BIL"":0.0454545455}","{""SPY"":0.019047619,""QQQ"":0.019047619,""IWM"":0.019047619,""DIA"":0.019047619,""EFA"":0.019047619,""EEM"":0.019047619,""VEA"":0.019047619,""VWO"":0.019047619,""AGG"":0.019047619,""BND"":0.6,""SHY"":0.019047619,""IEF"":0.019047619,""TLT"":0.019047619,""TIP"":0.019047619,""LQD"":0.019047619,""HYG"":0.019047619,""GLD"":0.019047619,""SLV"":0.019047619,""DBC"":0.019047619,""VNQ"":0.019047619,""UUP"":0.019047619,""BIL"":0.019047619}",0,swap_vol3m_only,BND,0.0026848832245111916,0.02936378249217474,0.02936378249217474,0.0026848832245111916
7dbbb7b3bb616ab472bbaa34,p2_counterfactual_v1,D_counterfactual_fewshot,gemma3:1b,P2,2015-01-06,3,1260,BIL,BND,BND,BIL,BIL,0,0,1,1,1.161904761904762,0.0012012012012015266,01aa6d2b086ef1aab2fb0286a883349d3c96488eb41338cd96f2b92fa05698e8,5959,302ac08ebf1699711f257320985eb42504cf2809694961b4651ad2f7f425ea19,2419,1,0,0,4.911406915998668,1,"{""weights"": {""SPY"": 0.019, ""QQQ"": 0.019, ""IWM"": 0.019, ""DIA"": 0.019, ""EFA"": 0.019, ""EEM"": 0.019, ""VEA"": 0.019, ""VWO"": 0.019, ""AGG"": 0.019, ""BND"": 0.019, ""SHY"": 0.019, ""IEF"": 0.019, ""TLT"": 0.019, ""TIP"": 0.019, ""LQD"": 0.019, ""HYG"": 0.019, ""GLD"": 0.019, ""SLV"": 0.019, ""DBC"": 0.019, ""VNQ"": 0.019, ""UUP"": 0.019, ""BIL"": 0.6}}","You are a DEFENSIVE LOW-VOLATILITY policy profile. Your task is to translate a natural-language risk-averse policy into provisional portfolio weights. Use only the provided feature values, not outside market knowledge. Identify the eligible asset that appears safest, defined by the lowest `_vol3m` value. This is a defensive single-core policy profile, so do not default to equal weights when one asset clearly has the lowest recent volatility. Allocate 60% of the total portfolio weight to this safest asset as the language-level policy target. The hard maximum-weight constraint is 60%. Do not solve the projection yourself; express the language-level target and let the projection layer enforce feasibility before execution. Distribute the remaining weight equally among all other eligible assets. Use only tickers from the provided asset list. Include every eligible ticker exactly once. Return strictly valid JSON only. The `weights` field MUST be a JSON object where keys are tickers and values are numeric portfolio weights expressed as decimals, not percentages.

### EXAMPLE 1
Features:
- AGG_mdd: -0.004594
- AGG_r12m: 0.000000
- AGG_r1m: -0.000968
- AGG_r3m: 0.012335
- AGG_vol3m: 0.036756
- BIL_mdd: -0.000436
- BIL_r12m: 0.000000
- BIL_r1m: 0.000000
- BIL_r3m: 0.000000
- BIL_vol3m: 0.002330
- BND_mdd: -0.004583
- BND_r12m: 0.000000
TargetWeights(JSON): {""SPY"": 0.019, ""QQQ"": 0.019, ""IWM"": 0.019, ""DIA"": 0.019, ""EFA"": 0.019, ""EEM"": 0.019, ""VEA"": 0.019, ""VWO"": 0.019, ""AGG"": 0.019, ""BND"": 0.019, ""SHY"": 0.019, ""IEF"": 0.019, ""TLT"": 0.019, ""TIP"": 0.019, ""LQD"": 0.019, ""HYG"": 0.019, ""GLD"": 0.019, ""SLV"": 0.019, ""DBC"": 0.019, ""VNQ"": 0.019, ""UUP"": 0.019, ""BIL"": 0.6}
### EXAMPLE 2
Features:
- AGG_mdd: -0.030545
- AGG_r12m: -0.021422
- AGG_r1m: -0.000201
- AGG_r3m: 0.002985
- AGG_vol3m: 0.040003
- BIL_mdd: -0.001918
- BIL_r12m: -0.000873
- BIL_r1m: -0.000000
- BIL_r3m: -0.000437
- BIL_vol3m: 0.002243
- BND_mdd: -0.030616
- BND_r12m: -0.028717
TargetWeights(JSON): {""SPY"": 0.019, ""QQQ"": 0.019, ""IWM"": 0.019, ""DIA"": 0.019, ""EFA"": 0.019, ""EEM"": 0.019, ""VEA"": 0.019, ""VWO"": 0.019, ""AGG"": 0.019, ""BND"": 0.019, ""SHY"": 0.019, ""IEF"": 0.019, ""TLT"": 0.019, ""TIP"": 0.019, ""LQD"": 0.019, ""HYG"": 0.019, ""GLD"": 0.019, ""SLV"": 0.019, ""DBC"": 0.019, ""VNQ"": 0.019, ""UUP"": 0.019, ""BIL"": 0.6}
### EXAMPLE 3
Features:
- AGG_mdd: -0.000816
- AGG_r12m: 0.079294
- AGG_r1m: 0.008300
- AGG_r3m: 0.019662
- AGG_vol3m: 0.031546
- BIL_mdd: -0.001046
- BIL_r12m: -0.000610
- BIL_r1m: -0.000174
- BIL_r3m: -0.000392
- BIL_vol3m: 0.002780
- BND_mdd: -0.001435
- BND_r12m: 0.079344
TargetWeights(JSON): {""SPY"": 0.019, ""QQQ"": 0.019, ""IWM"": 0.019, ""DIA"": 0.019, ""EFA"": 0.019, ""EEM"": 0.019, ""VEA"": 0.019, ""VWO"": 0.019, ""AGG"": 0.019, ""BND"": 0.019, ""SHY"": 0.019, ""IEF"": 0.019, ""TLT"": 0.019, ""TIP"": 0.019, ""LQD"": 0.019, ""HYG"": 0.019, ""GLD"": 0.019, ""SLV"": 0.019, ""DBC"": 0.019, ""VNQ"": 0.019, ""UUP"": 0.019, ""BIL"": 0.6}
### EXAMPLE 4
Features:
- AGG_mdd: -0.000993
- AGG_r12m: 0.068493
- AGG_r1m: 0.007362
- AGG_r3m: 0.010933
- AGG_vol3m: 0.028124
- BIL_mdd: -0.000829
- BIL_r12m: -0.000829
- BIL_r1m: -0.000000
- BIL_r3m: 0.000218
- BIL_vol3m: 0.002524
- BND_mdd: -0.001191
- BND_r12m: 0.071298
TargetWeights(JSON): {""SPY"": 0.019, ""QQQ"": 0.019, ""IWM"": 0.019, ""DIA"": 0.019, ""EFA"": 0.019, ""EEM"": 0.019, ""VEA"": 0.019, ""VWO"": 0.019, ""AGG"": 0.019, ""BND"": 0.019, ""SHY"": 0.019, ""IEF"": 0.019, ""TLT"": 0.019, ""TIP"": 0.019, ""LQD"": 0.019, ""HYG"": 0.019, ""GLD"": 0.019, ""SLV"": 0.019, ""DBC"": 0.019, ""VNQ"": 0.019, ""UUP"": 0.019, ""BIL"": 0.6}

Current Features:
- AGG_mdd: 0.000000
- AGG_r12m: 0.065472
- AGG_r1m: 0.011205
- AGG_r3m: 0.021967
- AGG_vol3m: 0.031420
- BIL_mdd: -0.003009
- BIL_r12m: -0.000874
- BIL_r1m: -0.000219
- BIL_r3m: -0.000219
- BIL_vol3m: 0.029364
- BND_mdd: 0.000000
- BND_r12m: 0.065944
- BND_r1m: 0.012052
- BND_r3m: 0.020174
- BND_vol3m: 0.002685
- DBC_mdd: -0.442356
- DBC_r12m: -0.292528
- DBC_r1m: -0.119684
- DBC_r3m: -0.230104
- DBC_vol3m: 0.169792
- DIA_mdd: -0.037738
- DIA_r12m: 0.079842
- DIA_r1m: -0.028326
- DIA_r3m: 0.027331
- DIA_vol3m: 0.136526
- EEM_mdd: -0.180100
- EEM_r12m: -0.024417
- EEM_r1m: -0.060903
- EEM_r3m: -0.080215
- EEM_vol3m: 0.173619
- EFA_mdd: -0.146895
- EFA_r12m: -0.081909
- EFA_r1m: -0.074711
- EFA_r3m: -0.063856
- EFA_vol3m: 0.156563
- GLD_mdd: -0.365513
- GLD_r12m: -0.019916
- GLD_r1m: 0.010701
- GLD_r3m: 0.009394
- GLD_vol3m: 0.199504
- HYG_mdd: -0.043561
- HYG_r12m: 0.002075
- HYG_r1m: -0.017377
- HYG_r3m: -0.028630
- HYG_vol3m: 0.089427
- IEF_mdd: 0.000000
- IEF_r12m: 0.103552
- IEF_r1m: 0.022424
- IEF_r3m: 0.041298
- IEF_vol3m: 0.056810
- IWM_mdd: -0.047418
- IWM_r12m: 0.026759
- IWM_r1m: -0.009163
- IWM_r3m: 0.064665
- IWM_vol3m: 0.184207
- LQD_mdd: 0.000000
- LQD_r12m: 0.088685
- LQD_r1m: 0.019253
- LQD_r3m: 0.023776
- LQD_vol3m: 0.046330
- QQQ_mdd: -0.052515
- QQQ_r12m: 0.177053
- QQQ_r1m: -0.046760
- QQQ_r3m: 0.025345
- QQQ_vol3m: 0.162010
- SHY_mdd: -0.003049
- SHY_r12m: 0.005778
- SHY_r1m: -0.000908
- SHY_r3m: 0.001314
- SHY_vol3m: 0.009496
- SLV_mdd: -0.665044
- SLV_r12m: -0.184861
- SLV_r1m: 0.003805
- SLV_r3m: -0.046386
- SLV_vol3m: 0.324125
- SPY_mdd: -0.042641
- SPY_r12m: 0.117156
- SPY_r1m: -0.032443
- SPY_r3m: 0.023602
- SPY_vol3m: 0.144337
- TIP_mdd: -0.059674
- TIP_r12m: 0.037075
- TIP_r1m: 0.001599
- TIP_r3m: 0.003376
- TIP_vol3m: 0.047878
- TLT_mdd: 0.000000
- TLT_r12m: 0.321349
- TLT_r1m: 0.083159
- TLT_r3m: 0.125499
- TLT_vol3m: 0.122123
- UUP_mdd: -0.059233
- UUP_r12m: 0.120849
- UUP_r1m: 0.032724
- UUP_r3m: 0.064855
- UUP_vol3m: 0.075172
- VEA_mdd: -0.144573
- VEA_r12m: -0.078395
- VEA_r1m: -0.072640
- VEA_r3m: -0.062204
- VEA_vol3m: 0.148983
- VNQ_mdd: 0.000000
- VNQ_r12m: 0.329659
- VNQ_r1m: 0.044789
- VNQ_r3m: 0.168410
- VNQ_vol3m: 0.122973
- VWO_mdd: -0.154268
- VWO_r12m: 0.013689
- VWO_r1m: -0.063296
- VWO_r3m: -0.078819
- VWO_vol3m: 0.183744
- cross_vol: 0.118959
Assets: SPY, QQQ, IWM, DIA, EFA, EEM, VEA, VWO, AGG, BND, SHY, IEF, TLT, TIP, LQD, HYG, GLD, SLV, DBC, VNQ, UUP, BIL","{""SPY"":0.019019019,""QQQ"":0.019019019,""IWM"":0.019019019,""DIA"":0.019019019,""EFA"":0.019019019,""EEM"":0.019019019,""VEA"":0.019019019,""VWO"":0.019019019,""AGG"":0.019019019,""BND"":0.019019019,""SHY"":0.019019019,""IEF"":0.019019019,""TLT"":0.019019019,""TIP"":0.019019019,""LQD"":0.019019019,""HYG"":0.019019019,""GLD"":0.019019019,""SLV"":0.019019019,""DBC"":0.019019019,""VNQ"":0.019019019,""UUP"":0.019019019,""BIL"":0.6006006006}","{""SPY"":0.019047619,""QQQ"":0.019047619,""IWM"":0.019047619,""DIA"":0.019047619,""EFA"":0.019047619,""EEM"":0.019047619,""VEA"":0.019047619,""VWO"":0.019047619,""AGG"":0.019047619,""BND"":0.019047619,""SHY"":0.019047619,""IEF"":0.019047619,""TLT"":0.019047619,""TIP"":0.019047619,""LQD"":0.019047619,""HYG"":0.019047619,""GLD"":0.019047619,""SLV"":0.019047619,""DBC"":0.019047619,""VNQ"":0.019047619,""UUP"":0.019047619,""BIL"":0.6}","{""SPY"":0.019047619,""QQQ"":0.019047619,""IWM"":0.019047619,""DIA"":0.019047619,""EFA"":0.019047619,""EEM"":0.019047619,""VEA"":0.019047619,""VWO"":0.019047619,""AGG"":0.019047619,""BND"":0.6,""SHY"":0.019047619,""IEF"":0.019047619,""TLT"":0.019047619,""TIP"":0.019047619,""LQD"":0.019047619,""HYG"":0.019047619,""GLD"":0.019047619,""SLV"":0.019047619,""DBC"":0.019047619,""VNQ"":0.019047619,""UUP"":0.019047619,""BIL"":0.019047619}",0,swap_vol3m_only,BND,0.0026848832245111916,0.02936378249217474,0.02936378249217474,0.0026848832245111916
6040632a2c0d82387548595b,p2_counterfactual_v1,E_counterfactual_no_fewshot,gemma3:1b,P2,2015-01-06,3,1260,BIL,BND,BND,SPY,SPY,0,0,0,0,1.298189134808854,2.5066754227864863e-16,dc3d015018c98dd0452320e55393e40bd324de42cee772db59db066b95fc2785,3540,e3b0c44298fc1c149afbf4c8996fb92427ae41e4649b934ca495991b7852b855,0,1,0,0,3.714741457995842,1,"{""weights"": {""SPY"":0.35, ""QQQ"":0.28, ""IWM"":0.19, ""DIA"":0.17, ""EFA"":0.16, ""EEM"":0.14, ""VEA"":0.13, ""VWO"":0.12, ""AGG"":0.10, ""BND"":0.08, ""SHY"":0.09, ""IEF"":0.07, ""TLT"":0.06, ""TIP"":0.05, ""LQD"":0.04, ""HYG"":0.03, ""GLD"":0.02, ""SLV"":0.01, ""DBC"":0.01, ""VNQ"":0.01, ""UUP"":0.01, ""BIL"":0.01}}","You are a DEFENSIVE LOW-VOLATILITY policy profile. Your task is to translate a natural-language risk-averse policy into provisional portfolio weights. Use only the provided feature values, not outside market knowledge. Identify the eligible asset that appears safest, defined by the lowest `_vol3m` value. This is a defensive single-core policy profile, so do not default to equal weights when one asset clearly has the lowest recent volatility. Allocate 60% of the total portfolio weight to this safest asset as the language-level policy target. The hard maximum-weight constraint is 60%. Do not solve the projection yourself; express the language-level target and let the projection layer enforce feasibility before execution. Distribute the remaining weight equally among all other eligible assets. Use only tickers from the provided asset list. Include every eligible ticker exactly once. Return strictly valid JSON only. The `weights` field MUST be a JSON object where keys are tickers and values are numeric portfolio weights expressed as decimals, not percentages.



Current Features:
- AGG_mdd: 0.000000
- AGG_r12m: 0.065472
- AGG_r1m: 0.011205
- AGG_r3m: 0.021967
- AGG_vol3m: 0.031420
- BIL_mdd: -0.003009
- BIL_r12m: -0.000874
- BIL_r1m: -0.000219
- BIL_r3m: -0.000219
- BIL_vol3m: 0.029364
- BND_mdd: 0.000000
- BND_r12m: 0.065944
- BND_r1m: 0.012052
- BND_r3m: 0.020174
- BND_vol3m: 0.002685
- DBC_mdd: -0.442356
- DBC_r12m: -0.292528
- DBC_r1m: -0.119684
- DBC_r3m: -0.230104
- DBC_vol3m: 0.169792
- DIA_mdd: -0.037738
- DIA_r12m: 0.079842
- DIA_r1m: -0.028326
- DIA_r3m: 0.027331
- DIA_vol3m: 0.136526
- EEM_mdd: -0.180100
- EEM_r12m: -0.024417
- EEM_r1m: -0.060903
- EEM_r3m: -0.080215
- EEM_vol3m: 0.173619
- EFA_mdd: -0.146895
- EFA_r12m: -0.081909
- EFA_r1m: -0.074711
- EFA_r3m: -0.063856
- EFA_vol3m: 0.156563
- GLD_mdd: -0.365513
- GLD_r12m: -0.019916
- GLD_r1m: 0.010701
- GLD_r3m: 0.009394
- GLD_vol3m: 0.199504
- HYG_mdd: -0.043561
- HYG_r12m: 0.002075
- HYG_r1m: -0.017377
- HYG_r3m: -0.028630
- HYG_vol3m: 0.089427
- IEF_mdd: 0.000000
- IEF_r12m: 0.103552
- IEF_r1m: 0.022424
- IEF_r3m: 0.041298
- IEF_vol3m: 0.056810
- IWM_mdd: -0.047418
- IWM_r12m: 0.026759
- IWM_r1m: -0.009163
- IWM_r3m: 0.064665
- IWM_vol3m: 0.184207
- LQD_mdd: 0.000000
- LQD_r12m: 0.088685
- LQD_r1m: 0.019253
- LQD_r3m: 0.023776
- LQD_vol3m: 0.046330
- QQQ_mdd: -0.052515
- QQQ_r12m: 0.177053
- QQQ_r1m: -0.046760
- QQQ_r3m: 0.025345
- QQQ_vol3m: 0.162010
- SHY_mdd: -0.003049
- SHY_r12m: 0.005778
- SHY_r1m: -0.000908
- SHY_r3m: 0.001314
- SHY_vol3m: 0.009496
- SLV_mdd: -0.665044
- SLV_r12m: -0.184861
- SLV_r1m: 0.003805
- SLV_r3m: -0.046386
- SLV_vol3m: 0.324125
- SPY_mdd: -0.042641
- SPY_r12m: 0.117156
- SPY_r1m: -0.032443
- SPY_r3m: 0.023602
- SPY_vol3m: 0.144337
- TIP_mdd: -0.059674
- TIP_r12m: 0.037075
- TIP_r1m: 0.001599
- TIP_r3m: 0.003376
- TIP_vol3m: 0.047878
- TLT_mdd: 0.000000
- TLT_r12m: 0.321349
- TLT_r1m: 0.083159
- TLT_r3m: 0.125499
- TLT_vol3m: 0.122123
- UUP_mdd: -0.059233
- UUP_r12m: 0.120849
- UUP_r1m: 0.032724
- UUP_r3m: 0.064855
- UUP_vol3m: 0.075172
- VEA_mdd: -0.144573
- VEA_r12m: -0.078395
- VEA_r1m: -0.072640
- VEA_r3m: -0.062204
- VEA_vol3m: 0.148983
- VNQ_mdd: 0.000000
- VNQ_r12m: 0.329659
- VNQ_r1m: 0.044789
- VNQ_r3m: 0.168410
- VNQ_vol3m: 0.122973
- VWO_mdd: -0.154268
- VWO_r12m: 0.013689
- VWO_r1m: -0.063296
- VWO_r3m: -0.078819
- VWO_vol3m: 0.183744
- cross_vol: 0.118959
Assets: SPY, QQQ, IWM, DIA, EFA, EEM, VEA, VWO, AGG, BND, SHY, IEF, TLT, TIP, LQD, HYG, GLD, SLV, DBC, VNQ, UUP, BIL","{""SPY"":0.1643192488,""QQQ"":0.1314553991,""IWM"":0.0892018779,""DIA"":0.0798122066,""EFA"":0.0751173709,""EEM"":0.0657276995,""VEA"":0.0610328638,""VWO"":0.0563380282,""AGG"":0.0469483568,""BND"":0.0375586854,""SHY"":0.0422535211,""IEF"":0.0328638498,""TLT"":0.0281690141,""TIP"":0.0234741784,""LQD"":0.0187793427,""HYG"":0.014084507,""GLD"":0.0093896714,""SLV"":0.0046948357,""DBC"":0.0046948357,""VNQ"":0.0046948357,""UUP"":0.0046948357,""BIL"":0.0046948357}","{""SPY"":0.1643192488,""QQQ"":0.1314553991,""IWM"":0.0892018779,""DIA"":0.0798122066,""EFA"":0.0751173709,""EEM"":0.0657276995,""VEA"":0.0610328638,""VWO"":0.0563380282,""AGG"":0.0469483568,""BND"":0.0375586854,""SHY"":0.0422535211,""IEF"":0.0328638498,""TLT"":0.0281690141,""TIP"":0.0234741784,""LQD"":0.0187793427,""HYG"":0.014084507,""GLD"":0.0093896714,""SLV"":0.0046948357,""DBC"":0.0046948357,""VNQ"":0.0046948357,""UUP"":0.0046948357,""BIL"":0.0046948357}","{""SPY"":0.019047619,""QQQ"":0.019047619,""IWM"":0.019047619,""DIA"":0.019047619,""EFA"":0.019047619,""EEM"":0.019047619,""VEA"":0.019047619,""VWO"":0.019047619,""AGG"":0.019047619,""BND"":0.6,""SHY"":0.019047619,""IEF"":0.019047619,""TLT"":0.019047619,""TIP"":0.019047619,""LQD"":0.019047619,""HYG"":0.019047619,""GLD"":0.019047619,""SLV"":0.019047619,""DBC"":0.019047619,""VNQ"":0.019047619,""UUP"":0.019047619,""BIL"":0.019047619}",0,swap_vol3m_only,BND,0.0026848832245111916,0.02936378249217474,0.02936378249217474,0.0026848832245111916
60c3e8509facebff154e0eda,p2_counterfactual_v1,D_counterfactual_fewshot,llama3.1:8b,P2,2015-01-06,3,1260,BIL,BND,BND,BIL,BIL,0,0,1,1,1.161904761904762,0.0012012012012015266,01aa6d2b086ef1aab2fb0286a883349d3c96488eb41338cd96f2b92fa05698e8,5959,302ac08ebf1699711f257320985eb42504cf2809694961b4651ad2f7f425ea19,2419,1,0,0,16.49571724999987,1,"{
  ""weights"": {
    ""SPY"": 0.019,
    ""QQQ"": 0.019,
    ""IWM"": 0.019,
    ""DIA"": 0.019,
    ""EFA"": 0.019,
    ""EEM"": 0.019,
    ""VEA"": 0.019,
    ""VWO"": 0.019,
    ""AGG"": 0.019,
    ""BND"": 0.019,
    ""SHY"": 0.019,
    ""IEF"": 0.019,
    ""TLT"": 0.019,
    ""TIP"": 0.019,
    ""LQD"": 0.019,
    ""HYG"": 0.019,
    ""GLD"": 0.019,
    ""SLV"": 0.019,
    ""DBC"": 0.019,
    ""VNQ"": 0.019,
    ""UUP"": 0.019,
    ""BIL"": 0.6
  }
}","You are a DEFENSIVE LOW-VOLATILITY policy profile. Your task is to translate a natural-language risk-averse policy into provisional portfolio weights. Use only the provided feature values, not outside market knowledge. Identify the eligible asset that appears safest, defined by the lowest `_vol3m` value. This is a defensive single-core policy profile, so do not default to equal weights when one asset clearly has the lowest recent volatility. Allocate 60% of the total portfolio weight to this safest asset as the language-level policy target. The hard maximum-weight constraint is 60%. Do not solve the projection yourself; express the language-level target and let the projection layer enforce feasibility before execution. Distribute the remaining weight equally among all other eligible assets. Use only tickers from the provided asset list. Include every eligible ticker exactly once. Return strictly valid JSON only. The `weights` field MUST be a JSON object where keys are tickers and values are numeric portfolio weights expressed as decimals, not percentages.

### EXAMPLE 1
Features:
- AGG_mdd: -0.004594
- AGG_r12m: 0.000000
- AGG_r1m: -0.000968
- AGG_r3m: 0.012335
- AGG_vol3m: 0.036756
- BIL_mdd: -0.000436
- BIL_r12m: 0.000000
- BIL_r1m: 0.000000
- BIL_r3m: 0.000000
- BIL_vol3m: 0.002330
- BND_mdd: -0.004583
- BND_r12m: 0.000000
TargetWeights(JSON): {""SPY"": 0.019, ""QQQ"": 0.019, ""IWM"": 0.019, ""DIA"": 0.019, ""EFA"": 0.019, ""EEM"": 0.019, ""VEA"": 0.019, ""VWO"": 0.019, ""AGG"": 0.019, ""BND"": 0.019, ""SHY"": 0.019, ""IEF"": 0.019, ""TLT"": 0.019, ""TIP"": 0.019, ""LQD"": 0.019, ""HYG"": 0.019, ""GLD"": 0.019, ""SLV"": 0.019, ""DBC"": 0.019, ""VNQ"": 0.019, ""UUP"": 0.019, ""BIL"": 0.6}
### EXAMPLE 2
Features:
- AGG_mdd: -0.030545
- AGG_r12m: -0.021422
- AGG_r1m: -0.000201
- AGG_r3m: 0.002985
- AGG_vol3m: 0.040003
- BIL_mdd: -0.001918
- BIL_r12m: -0.000873
- BIL_r1m: -0.000000
- BIL_r3m: -0.000437
- BIL_vol3m: 0.002243
- BND_mdd: -0.030616
- BND_r12m: -0.028717
TargetWeights(JSON): {""SPY"": 0.019, ""QQQ"": 0.019, ""IWM"": 0.019, ""DIA"": 0.019, ""EFA"": 0.019, ""EEM"": 0.019, ""VEA"": 0.019, ""VWO"": 0.019, ""AGG"": 0.019, ""BND"": 0.019, ""SHY"": 0.019, ""IEF"": 0.019, ""TLT"": 0.019, ""TIP"": 0.019, ""LQD"": 0.019, ""HYG"": 0.019, ""GLD"": 0.019, ""SLV"": 0.019, ""DBC"": 0.019, ""VNQ"": 0.019, ""UUP"": 0.019, ""BIL"": 0.6}
### EXAMPLE 3
Features:
- AGG_mdd: -0.000816
- AGG_r12m: 0.079294
- AGG_r1m: 0.008300
- AGG_r3m: 0.019662
- AGG_vol3m: 0.031546
- BIL_mdd: -0.001046
- BIL_r12m: -0.000610
- BIL_r1m: -0.000174
- BIL_r3m: -0.000392
- BIL_vol3m: 0.002780
- BND_mdd: -0.001435
- BND_r12m: 0.079344
TargetWeights(JSON): {""SPY"": 0.019, ""QQQ"": 0.019, ""IWM"": 0.019, ""DIA"": 0.019, ""EFA"": 0.019, ""EEM"": 0.019, ""VEA"": 0.019, ""VWO"": 0.019, ""AGG"": 0.019, ""BND"": 0.019, ""SHY"": 0.019, ""IEF"": 0.019, ""TLT"": 0.019, ""TIP"": 0.019, ""LQD"": 0.019, ""HYG"": 0.019, ""GLD"": 0.019, ""SLV"": 0.019, ""DBC"": 0.019, ""VNQ"": 0.019, ""UUP"": 0.019, ""BIL"": 0.6}
### EXAMPLE 4
Features:
- AGG_mdd: -0.000993
- AGG_r12m: 0.068493
- AGG_r1m: 0.007362
- AGG_r3m: 0.010933
- AGG_vol3m: 0.028124
- BIL_mdd: -0.000829
- BIL_r12m: -0.000829
- BIL_r1m: -0.000000
- BIL_r3m: 0.000218
- BIL_vol3m: 0.002524
- BND_mdd: -0.001191
- BND_r12m: 0.071298
TargetWeights(JSON): {""SPY"": 0.019, ""QQQ"": 0.019, ""IWM"": 0.019, ""DIA"": 0.019, ""EFA"": 0.019, ""EEM"": 0.019, ""VEA"": 0.019, ""VWO"": 0.019, ""AGG"": 0.019, ""BND"": 0.019, ""SHY"": 0.019, ""IEF"": 0.019, ""TLT"": 0.019, ""TIP"": 0.019, ""LQD"": 0.019, ""HYG"": 0.019, ""GLD"": 0.019, ""SLV"": 0.019, ""DBC"": 0.019, ""VNQ"": 0.019, ""UUP"": 0.019, ""BIL"": 0.6}

Current Features:
- AGG_mdd: 0.000000
- AGG_r12m: 0.065472
- AGG_r1m: 0.011205
- AGG_r3m: 0.021967
- AGG_vol3m: 0.031420
- BIL_mdd: -0.003009
- BIL_r12m: -0.000874
- BIL_r1m: -0.000219
- BIL_r3m: -0.000219
- BIL_vol3m: 0.029364
- BND_mdd: 0.000000
- BND_r12m: 0.065944
- BND_r1m: 0.012052
- BND_r3m: 0.020174
- BND_vol3m: 0.002685
- DBC_mdd: -0.442356
- DBC_r12m: -0.292528
- DBC_r1m: -0.119684
- DBC_r3m: -0.230104
- DBC_vol3m: 0.169792
- DIA_mdd: -0.037738
- DIA_r12m: 0.079842
- DIA_r1m: -0.028326
- DIA_r3m: 0.027331
- DIA_vol3m: 0.136526
- EEM_mdd: -0.180100
- EEM_r12m: -0.024417
- EEM_r1m: -0.060903
- EEM_r3m: -0.080215
- EEM_vol3m: 0.173619
- EFA_mdd: -0.146895
- EFA_r12m: -0.081909
- EFA_r1m: -0.074711
- EFA_r3m: -0.063856
- EFA_vol3m: 0.156563
- GLD_mdd: -0.365513
- GLD_r12m: -0.019916
- GLD_r1m: 0.010701
- GLD_r3m: 0.009394
- GLD_vol3m: 0.199504
- HYG_mdd: -0.043561
- HYG_r12m: 0.002075
- HYG_r1m: -0.017377
- HYG_r3m: -0.028630
- HYG_vol3m: 0.089427
- IEF_mdd: 0.000000
- IEF_r12m: 0.103552
- IEF_r1m: 0.022424
- IEF_r3m: 0.041298
- IEF_vol3m: 0.056810
- IWM_mdd: -0.047418
- IWM_r12m: 0.026759
- IWM_r1m: -0.009163
- IWM_r3m: 0.064665
- IWM_vol3m: 0.184207
- LQD_mdd: 0.000000
- LQD_r12m: 0.088685
- LQD_r1m: 0.019253
- LQD_r3m: 0.023776
- LQD_vol3m: 0.046330
- QQQ_mdd: -0.052515
- QQQ_r12m: 0.177053
- QQQ_r1m: -0.046760
- QQQ_r3m: 0.025345
- QQQ_vol3m: 0.162010
- SHY_mdd: -0.003049
- SHY_r12m: 0.005778
- SHY_r1m: -0.000908
- SHY_r3m: 0.001314
- SHY_vol3m: 0.009496
- SLV_mdd: -0.665044
- SLV_r12m: -0.184861
- SLV_r1m: 0.003805
- SLV_r3m: -0.046386
- SLV_vol3m: 0.324125
- SPY_mdd: -0.042641
- SPY_r12m: 0.117156
- SPY_r1m: -0.032443
- SPY_r3m: 0.023602
- SPY_vol3m: 0.144337
- TIP_mdd: -0.059674
- TIP_r12m: 0.037075
- TIP_r1m: 0.001599
- TIP_r3m: 0.003376
- TIP_vol3m: 0.047878
- TLT_mdd: 0.000000
- TLT_r12m: 0.321349
- TLT_r1m: 0.083159
- TLT_r3m: 0.125499
- TLT_vol3m: 0.122123
- UUP_mdd: -0.059233
- UUP_r12m: 0.120849
- UUP_r1m: 0.032724
- UUP_r3m: 0.064855
- UUP_vol3m: 0.075172
- VEA_mdd: -0.144573
- VEA_r12m: -0.078395
- VEA_r1m: -0.072640
- VEA_r3m: -0.062204
- VEA_vol3m: 0.148983
- VNQ_mdd: 0.000000
- VNQ_r12m: 0.329659
- VNQ_r1m: 0.044789
- VNQ_r3m: 0.168410
- VNQ_vol3m: 0.122973
- VWO_mdd: -0.154268
- VWO_r12m: 0.013689
- VWO_r1m: -0.063296
- VWO_r3m: -0.078819
- VWO_vol3m: 0.183744
- cross_vol: 0.118959
Assets: SPY, QQQ, IWM, DIA, EFA, EEM, VEA, VWO, AGG, BND, SHY, IEF, TLT, TIP, LQD, HYG, GLD, SLV, DBC, VNQ, UUP, BIL","{""SPY"":0.019019019,""QQQ"":0.019019019,""IWM"":0.019019019,""DIA"":0.019019019,""EFA"":0.019019019,""EEM"":0.019019019,""VEA"":0.019019019,""VWO"":0.019019019,""AGG"":0.019019019,""BND"":0.019019019,""SHY"":0.019019019,""IEF"":0.019019019,""TLT"":0.019019019,""TIP"":0.019019019,""LQD"":0.019019019,""HYG"":0.019019019,""GLD"":0.019019019,""SLV"":0.019019019,""DBC"":0.019019019,""VNQ"":0.019019019,""UUP"":0.019019019,""BIL"":0.6006006006}","{""SPY"":0.019047619,""QQQ"":0.019047619,""IWM"":0.019047619,""DIA"":0.019047619,""EFA"":0.019047619,""EEM"":0.019047619,""VEA"":0.019047619,""VWO"":0.019047619,""AGG"":0.019047619,""BND"":0.019047619,""SHY"":0.019047619,""IEF"":0.019047619,""TLT"":0.019047619,""TIP"":0.019047619,""LQD"":0.019047619,""HYG"":0.019047619,""GLD"":0.019047619,""SLV"":0.019047619,""DBC"":0.019047619,""VNQ"":0.019047619,""UUP"":0.019047619,""BIL"":0.6}","{""SPY"":0.019047619,""QQQ"":0.019047619,""IWM"":0.019047619,""DIA"":0.019047619,""EFA"":0.019047619,""EEM"":0.019047619,""VEA"":0.019047619,""VWO"":0.019047619,""AGG"":0.019047619,""BND"":0.6,""SHY"":0.019047619,""IEF"":0.019047619,""TLT"":0.019047619,""TIP"":0.019047619,""LQD"":0.019047619,""HYG"":0.019047619,""GLD"":0.019047619,""SLV"":0.019047619,""DBC"":0.019047619,""VNQ"":0.019047619,""UUP"":0.019047619,""BIL"":0.019047619}",0,swap_vol3m_only,BND,0.0026848832245111916,0.02936378249217474,0.02936378249217474,0.0026848832245111916
bd9ccbf686e20c2c5a84dc07,p2_counterfactual_v1,E_counterfactual_no_fewshot,llama3.1:8b,P2,2015-01-06,3,1260,BIL,BND,BND,SPY,SPY,0,0,0,0,1.1428571428571428,6.591949208711867e-17,dc3d015018c98dd0452320e55393e40bd324de42cee772db59db066b95fc2785,3540,e3b0c44298fc1c149afbf4c8996fb92427ae41e4649b934ca495991b7852b855,0,1,0,0,16.0415697080025,1,"{
  ""weights"": {
    ""SPY"": 0.6,
    ""QQQ"": 0.1,
    ""IWM"": 0.1,
    ""DIA"": 0.05,
    ""EFA"": 0.05,
    ""EEM"": 0.05,
    ""VEA"": 0.05,
    ""VWO"": 0.05,
    ""AGG"": 0.05,
    ""BND"": 0.05,
    ""SHY"": 0.05,
    ""IEF"": 0.05,
    ""TLT"": 0.05,
    ""TIP"": 0.05,
    ""LQD"": 0.05,
    ""HYG"": 0.05,
    ""GLD"": 0.05,
    ""SLV"": 0.05,
    ""DBC"": 0.05,
    ""VNQ"": 0.05,
    ""UUP"": 0.05,
    ""BIL"": 0.05
  }
}","You are a DEFENSIVE LOW-VOLATILITY policy profile. Your task is to translate a natural-language risk-averse policy into provisional portfolio weights. Use only the provided feature values, not outside market knowledge. Identify the eligible asset that appears safest, defined by the lowest `_vol3m` value. This is a defensive single-core policy profile, so do not default to equal weights when one asset clearly has the lowest recent volatility. Allocate 60% of the total portfolio weight to this safest asset as the language-level policy target. The hard maximum-weight constraint is 60%. Do not solve the projection yourself; express the language-level target and let the projection layer enforce feasibility before execution. Distribute the remaining weight equally among all other eligible assets. Use only tickers from the provided asset list. Include every eligible ticker exactly once. Return strictly valid JSON only. The `weights` field MUST be a JSON object where keys are tickers and values are numeric portfolio weights expressed as decimals, not percentages.



Current Features:
- AGG_mdd: 0.000000
- AGG_r12m: 0.065472
- AGG_r1m: 0.011205
- AGG_r3m: 0.021967
- AGG_vol3m: 0.031420
- BIL_mdd: -0.003009
- BIL_r12m: -0.000874
- BIL_r1m: -0.000219
- BIL_r3m: -0.000219
- BIL_vol3m: 0.029364
- BND_mdd: 0.000000
- BND_r12m: 0.065944
- BND_r1m: 0.012052
- BND_r3m: 0.020174
- BND_vol3m: 0.002685
- DBC_mdd: -0.442356
- DBC_r12m: -0.292528
- DBC_r1m: -0.119684
- DBC_r3m: -0.230104
- DBC_vol3m: 0.169792
- DIA_mdd: -0.037738
- DIA_r12m: 0.079842
- DIA_r1m: -0.028326
- DIA_r3m: 0.027331
- DIA_vol3m: 0.136526
- EEM_mdd: -0.180100
- EEM_r12m: -0.024417
- EEM_r1m: -0.060903
- EEM_r3m: -0.080215
- EEM_vol3m: 0.173619
- EFA_mdd: -0.146895
- EFA_r12m: -0.081909
- EFA_r1m: -0.074711
- EFA_r3m: -0.063856
- EFA_vol3m: 0.156563
- GLD_mdd: -0.365513
- GLD_r12m: -0.019916
- GLD_r1m: 0.010701
- GLD_r3m: 0.009394
- GLD_vol3m: 0.199504
- HYG_mdd: -0.043561
- HYG_r12m: 0.002075
- HYG_r1m: -0.017377
- HYG_r3m: -0.028630
- HYG_vol3m: 0.089427
- IEF_mdd: 0.000000
- IEF_r12m: 0.103552
- IEF_r1m: 0.022424
- IEF_r3m: 0.041298
- IEF_vol3m: 0.056810
- IWM_mdd: -0.047418
- IWM_r12m: 0.026759
- IWM_r1m: -0.009163
- IWM_r3m: 0.064665
- IWM_vol3m: 0.184207
- LQD_mdd: 0.000000
- LQD_r12m: 0.088685
- LQD_r1m: 0.019253
- LQD_r3m: 0.023776
- LQD_vol3m: 0.046330
- QQQ_mdd: -0.052515
- QQQ_r12m: 0.177053
- QQQ_r1m: -0.046760
- QQQ_r3m: 0.025345
- QQQ_vol3m: 0.162010
- SHY_mdd: -0.003049
- SHY_r12m: 0.005778
- SHY_r1m: -0.000908
- SHY_r3m: 0.001314
- SHY_vol3m: 0.009496
- SLV_mdd: -0.665044
- SLV_r12m: -0.184861
- SLV_r1m: 0.003805
- SLV_r3m: -0.046386
- SLV_vol3m: 0.324125
- SPY_mdd: -0.042641
- SPY_r12m: 0.117156
- SPY_r1m: -0.032443
- SPY_r3m: 0.023602
- SPY_vol3m: 0.144337
- TIP_mdd: -0.059674
- TIP_r12m: 0.037075
- TIP_r1m: 0.001599
- TIP_r3m: 0.003376
- TIP_vol3m: 0.047878
- TLT_mdd: 0.000000
- TLT_r12m: 0.321349
- TLT_r1m: 0.083159
- TLT_r3m: 0.125499
- TLT_vol3m: 0.122123
- UUP_mdd: -0.059233
- UUP_r12m: 0.120849
- UUP_r1m: 0.032724
- UUP_r3m: 0.064855
- UUP_vol3m: 0.075172
- VEA_mdd: -0.144573
- VEA_r12m: -0.078395
- VEA_r1m: -0.072640
- VEA_r3m: -0.062204
- VEA_vol3m: 0.148983
- VNQ_mdd: 0.000000
- VNQ_r12m: 0.329659
- VNQ_r1m: 0.044789
- VNQ_r3m: 0.168410
- VNQ_vol3m: 0.122973
- VWO_mdd: -0.154268
- VWO_r12m: 0.013689
- VWO_r1m: -0.063296
- VWO_r3m: -0.078819
- VWO_vol3m: 0.183744
- cross_vol: 0.118959
Assets: SPY, QQQ, IWM, DIA, EFA, EEM, VEA, VWO, AGG, BND, SHY, IEF, TLT, TIP, LQD, HYG, GLD, SLV, DBC, VNQ, UUP, BIL","{""SPY"":0.3428571429,""QQQ"":0.0571428571,""IWM"":0.0571428571,""DIA"":0.0285714286,""EFA"":0.0285714286,""EEM"":0.0285714286,""VEA"":0.0285714286,""VWO"":0.0285714286,""AGG"":0.0285714286,""BND"":0.0285714286,""SHY"":0.0285714286,""IEF"":0.0285714286,""TLT"":0.0285714286,""TIP"":0.0285714286,""LQD"":0.0285714286,""HYG"":0.0285714286,""GLD"":0.0285714286,""SLV"":0.0285714286,""DBC"":0.0285714286,""VNQ"":0.0285714286,""UUP"":0.0285714286,""BIL"":0.0285714286}","{""SPY"":0.3428571429,""QQQ"":0.0571428571,""IWM"":0.0571428571,""DIA"":0.0285714286,""EFA"":0.0285714286,""EEM"":0.0285714286,""VEA"":0.0285714286,""VWO"":0.0285714286,""AGG"":0.0285714286,""BND"":0.0285714286,""SHY"":0.0285714286,""IEF"":0.0285714286,""TLT"":0.0285714286,""TIP"":0.0285714286,""LQD"":0.0285714286,""HYG"":0.0285714286,""GLD"":0.0285714286,""SLV"":0.0285714286,""DBC"":0.0285714286,""VNQ"":0.0285714286,""UUP"":0.0285714286,""BIL"":0.0285714286}","{""SPY"":0.019047619,""QQQ"":0.019047619,""IWM"":0.019047619,""DIA"":0.019047619,""EFA"":0.019047619,""EEM"":0.019047619,""VEA"":0.019047619,""VWO"":0.019047619,""AGG"":0.019047619,""BND"":0.6,""SHY"":0.019047619,""IEF"":0.019047619,""TLT"":0.019047619,""TIP"":0.019047619,""LQD"":0.019047619,""HYG"":0.019047619,""GLD"":0.019047619,""SLV"":0.019047619,""DBC"":0.019047619,""VNQ"":0.019047619,""UUP"":0.019047619,""BIL"":0.019047619}",0,swap_vol3m_only,BND,0.0026848832245111916,0.02936378249217474,0.02936378249217474,0.0026848832245111916
f107a6432239e4470232e167,p2_counterfactual_v1,D_counterfactual_fewshot,gemma3:270m,P2,2017-03-08,5,1806,BIL,SHY,SHY,BIL,BIL,0,0,1,1,1.161904761904762,0.0012012012012015266,60daff01fe9ed0e12ae98cc2db0c49defb44bbb0f897ace850ec7455e60ac80b,5960,6b3ec67229cdc8df09511119616a82fa8af7131dc1ade6b28a22e9c90dd21cbd,2420,1,0,0,1.932250041005318,1,"{""weights"": {""SPY"": 0.019, ""QQQ"": 0.019, ""IWM"": 0.019, ""DIA"": 0.019, ""EFA"": 0.019, ""EEM"": 0.019, ""VEA"": 0.019, ""VWO"": 0.019, ""AGG"": 0.019, ""BND"": 0.019, ""SHY"": 0.019, ""IEF"": 0.019, ""TLT"": 0.019, ""TIP"": 0.019, ""LQD"": 0.019, ""HYG"": 0.019, ""GLD"": 0.019, ""SLV"": 0.019, ""DBC"": 0.019, ""VNQ"": 0.019, ""UUP"": 0.019, ""BIL"": 0.6}}","You are a DEFENSIVE LOW-VOLATILITY policy profile. Your task is to translate a natural-language risk-averse policy into provisional portfolio weights. Use only the provided feature values, not outside market knowledge. Identify the eligible asset that appears safest, defined by the lowest `_vol3m` value. This is a defensive single-core policy profile, so do not default to equal weights when one asset clearly has the lowest recent volatility. Allocate 60% of the total portfolio weight to this safest asset as the language-level policy target. The hard maximum-weight constraint is 60%. Do not solve the projection yourself; express the language-level target and let the projection layer enforce feasibility before execution. Distribute the remaining weight equally among all other eligible assets. Use only tickers from the provided asset list. Include every eligible ticker exactly once. Return strictly valid JSON only. The `weights` field MUST be a JSON object where keys are tickers and values are numeric portfolio weights expressed as decimals, not percentages.

### EXAMPLE 1
Features:
- AGG_mdd: -0.004919
- AGG_r12m: 0.039253
- AGG_r1m: 0.001803
- AGG_r3m: 0.002834
- AGG_vol3m: 0.021834
- BIL_mdd: -0.001482
- BIL_r12m: -0.000436
- BIL_r1m: -0.000218
- BIL_r3m: -0.000218
- BIL_vol3m: 0.001812
- BND_mdd: -0.011769
- BND_r12m: 0.030772
TargetWeights(JSON): {""SPY"": 0.019, ""QQQ"": 0.019, ""IWM"": 0.019, ""DIA"": 0.019, ""EFA"": 0.019, ""EEM"": 0.019, ""VEA"": 0.019, ""VWO"": 0.019, ""AGG"": 0.019, ""BND"": 0.019, ""SHY"": 0.019, ""IEF"": 0.019, ""TLT"": 0.019, ""TIP"": 0.019, ""LQD"": 0.019, ""HYG"": 0.019, ""GLD"": 0.019, ""SLV"": 0.019, ""DBC"": 0.019, ""VNQ"": 0.019, ""UUP"": 0.019, ""BIL"": 0.6}
### EXAMPLE 2
Features:
- AGG_mdd: -0.025477
- AGG_r12m: 0.020284
- AGG_r1m: -0.008267
- AGG_r3m: -0.004900
- AGG_vol3m: 0.040281
- BIL_mdd: -0.003444
- BIL_r12m: -0.001092
- BIL_r1m: -0.000218
- BIL_r3m: -0.000218
- BIL_vol3m: 0.002677
- BND_mdd: -0.027594
- BND_r12m: 0.019346
TargetWeights(JSON): {""SPY"": 0.019, ""QQQ"": 0.019, ""IWM"": 0.019, ""DIA"": 0.019, ""EFA"": 0.019, ""EEM"": 0.019, ""VEA"": 0.019, ""VWO"": 0.019, ""AGG"": 0.019, ""BND"": 0.019, ""SHY"": 0.019, ""IEF"": 0.019, ""TLT"": 0.019, ""TIP"": 0.019, ""LQD"": 0.019, ""HYG"": 0.019, ""GLD"": 0.019, ""SLV"": 0.019, ""DBC"": 0.019, ""VNQ"": 0.019, ""UUP"": 0.019, ""BIL"": 0.6}
### EXAMPLE 3
Features:
- AGG_mdd: -0.006579
- AGG_r12m: 0.028799
- AGG_r1m: 0.010248
- AGG_r3m: 0.014750
- AGG_vol3m: 0.034384
- BIL_mdd: -0.003662
- BIL_r12m: -0.001310
- BIL_r1m: 0.000000
- BIL_r3m: -0.000219
- BIL_vol3m: 0.002457
- BND_mdd: -0.008413
- BND_r12m: 0.028189
TargetWeights(JSON): {""SPY"": 0.019, ""QQQ"": 0.019, ""IWM"": 0.019, ""DIA"": 0.019, ""EFA"": 0.019, ""EEM"": 0.019, ""VEA"": 0.019, ""VWO"": 0.019, ""AGG"": 0.019, ""BND"": 0.019, ""SHY"": 0.019, ""IEF"": 0.019, ""TLT"": 0.019, ""TIP"": 0.019, ""LQD"": 0.019, ""HYG"": 0.019, ""GLD"": 0.019, ""SLV"": 0.019, ""DBC"": 0.019, ""VNQ"": 0.019, ""UUP"": 0.019, ""BIL"": 0.6}
### EXAMPLE 4
Features:
- AGG_mdd: -0.005079
- AGG_r12m: 0.054944
- AGG_r1m: 0.002489
- AGG_r3m: 0.029273
- AGG_vol3m: 0.051778
- BIL_mdd: -0.000654
- BIL_r12m: -0.000436
- BIL_r1m: -0.000436
- BIL_r3m: -0.000436
- BIL_vol3m: 0.002780
- BND_mdd: -0.003934
- BND_r12m: 0.058634
TargetWeights(JSON): {""SPY"": 0.019, ""QQQ"": 0.019, ""IWM"": 0.019, ""DIA"": 0.019, ""EFA"": 0.019, ""EEM"": 0.019, ""VEA"": 0.019, ""VWO"": 0.019, ""AGG"": 0.019, ""BND"": 0.019, ""SHY"": 0.019, ""IEF"": 0.019, ""TLT"": 0.019, ""TIP"": 0.019, ""LQD"": 0.019, ""HYG"": 0.019, ""GLD"": 0.019, ""SLV"": 0.019, ""DBC"": 0.019, ""VNQ"": 0.019, ""UUP"": 0.019, ""BIL"": 0.6}

Current Features:
- AGG_mdd: -0.036098
- AGG_r12m: 0.003530
- AGG_r1m: -0.005837
- AGG_r3m: 0.000419
- AGG_vol3m: 0.033724
- BIL_mdd: -0.002464
- BIL_r12m: 0.001641
- BIL_r1m: -0.000176
- BIL_r3m: 0.000525
- BIL_vol3m: 0.009453
- BND_mdd: -0.038472
- BND_r12m: 0.003350
- BND_r1m: -0.006098
- BND_r3m: 0.000119
- BND_vol3m: 0.034523
- DBC_mdd: -0.524436
- DBC_r12m: 0.149129
- DBC_r1m: -0.039848
- DBC_r3m: -0.031888
- DBC_vol3m: 0.114383
- DIA_mdd: -0.011421
- DIA_r12m: 0.260084
- DIA_r1m: 0.044429
- DIA_r3m: 0.091663
- DIA_vol3m: 0.069382
- EEM_mdd: -0.145545
- EEM_r12m: 0.199142
- EEM_r1m: 0.006108
- EEM_r3m: 0.082272
- EEM_vol3m: 0.133667
- EFA_mdd: -0.069409
- EFA_r12m: 0.115649
- EFA_r1m: 0.010049
- EFA_r3m: 0.063970
- EFA_vol3m: 0.081737
- GLD_mdd: -0.376673
- GLD_r12m: -0.045779
- GLD_r1m: -0.022430
- GLD_r3m: 0.031558
- GLD_vol3m: 0.110871
- HYG_mdd: -0.018929
- HYG_r12m: 0.135169
- HYG_r1m: -0.005513
- HYG_r3m: 0.023475
- HYG_vol3m: 0.039222
- IEF_mdd: -0.075176
- IEF_r12m: -0.033460
- IEF_r1m: -0.010606
- IEF_r3m: -0.005929
- IEF_vol3m: 0.053017
- IWM_mdd: -0.031775
- IWM_r12m: 0.298724
- IWM_r1m: 0.000442
- IWM_r3m: 0.024864
- IWM_vol3m: 0.134711
- LQD_mdd: -0.044763
- LQD_r12m: 0.040075
- LQD_r1m: -0.006423
- LQD_r3m: 0.005582
- LQD_vol3m: 0.047535
- QQQ_mdd: -0.005326
- QQQ_r12m: 0.269287
- QQQ_r1m: 0.039021
- QQQ_r3m: 0.124585
- QQQ_vol3m: 0.073851
- SHY_mdd: -0.007901
- SHY_r12m: 0.001252
- SHY_r1m: -0.002911
- SHY_r3m: -0.000996
- SHY_vol3m: 0.003394
- SLV_mdd: -0.654676
- SLV_r12m: 0.116279
- SLV_r1m: -0.029727
- SLV_r3m: 0.027708
- SLV_vol3m: 0.198056
- SPY_mdd: -0.013429
- SPY_r12m: 0.217943
- SPY_r1m: 0.033329
- SPY_r3m: 0.076716
- SPY_vol3m: 0.070497
- TIP_mdd: -0.040967
- TIP_r12m: 0.019038
- TIP_r1m: -0.009289
- TIP_r3m: -0.000530
- TIP_vol3m: 0.042489
- TLT_mdd: -0.166521
- TLT_r12m: -0.071815
- TLT_r1m: -0.014310
- TLT_r3m: -0.007521
- TLT_vol3m: 0.112363
- UUP_mdd: -0.011985
- UUP_r12m: 0.046410
- UUP_r1m: 0.022481
- UUP_r3m: 0.019320
- UUP_vol3m: 0.076328
- VEA_mdd: -0.051298
- VEA_r12m: 0.126420
- VEA_r1m: 0.005797
- VEA_r3m: 0.061625
- VEA_vol3m: 0.082327
- VNQ_mdd: -0.091344
- VNQ_r12m: 0.083706
- VNQ_r1m: -0.009315
- VNQ_r3m: 0.037462
- VNQ_vol3m: 0.130806
- VWO_mdd: -0.108617
- VWO_r12m: 0.210149
- VWO_r1m: 0.012042
- VWO_r3m: 0.078770
- VWO_vol3m: 0.126587
- cross_vol: 0.080860
Assets: SPY, QQQ, IWM, DIA, EFA, EEM, VEA, VWO, AGG, BND, SHY, IEF, TLT, TIP, LQD, HYG, GLD, SLV, DBC, VNQ, UUP, BIL","{""SPY"":0.019019019,""QQQ"":0.019019019,""IWM"":0.019019019,""DIA"":0.019019019,""EFA"":0.019019019,""EEM"":0.019019019,""VEA"":0.019019019,""VWO"":0.019019019,""AGG"":0.019019019,""BND"":0.019019019,""SHY"":0.019019019,""IEF"":0.019019019,""TLT"":0.019019019,""TIP"":0.019019019,""LQD"":0.019019019,""HYG"":0.019019019,""GLD"":0.019019019,""SLV"":0.019019019,""DBC"":0.019019019,""VNQ"":0.019019019,""UUP"":0.019019019,""BIL"":0.6006006006}","{""SPY"":0.019047619,""QQQ"":0.019047619,""IWM"":0.019047619,""DIA"":0.019047619,""EFA"":0.019047619,""EEM"":0.019047619,""VEA"":0.019047619,""VWO"":0.019047619,""AGG"":0.019047619,""BND"":0.019047619,""SHY"":0.019047619,""IEF"":0.019047619,""TLT"":0.019047619,""TIP"":0.019047619,""LQD"":0.019047619,""HYG"":0.019047619,""GLD"":0.019047619,""SLV"":0.019047619,""DBC"":0.019047619,""VNQ"":0.019047619,""UUP"":0.019047619,""BIL"":0.6}","{""SPY"":0.019047619,""QQQ"":0.019047619,""IWM"":0.019047619,""DIA"":0.019047619,""EFA"":0.019047619,""EEM"":0.019047619,""VEA"":0.019047619,""VWO"":0.019047619,""AGG"":0.019047619,""BND"":0.019047619,""SHY"":0.6,""IEF"":0.019047619,""TLT"":0.019047619,""TIP"":0.019047619,""LQD"":0.019047619,""HYG"":0.019047619,""GLD"":0.019047619,""SLV"":0.019047619,""DBC"":0.019047619,""VNQ"":0.019047619,""UUP"":0.019047619,""BIL"":0.019047619}",0,swap_vol3m_only,SHY,0.0033944868999588253,0.009453110881743164,0.009453110881743164,0.0033944868999588253
bcb3ff12db852f1983974c0f,p2_counterfactual_v1,E_counterfactual_no_fewshot,gemma3:270m,P2,2017-03-08,5,1806,BIL,SHY,SHY,SPY,SPY,0,0,0,0,1.1090909090909096,3.0531133177191805e-16,e04c0f72796fb1c8ddcb31f6aaf7181567982a610cd8d42c0260ec265740af2b,3540,e3b0c44298fc1c149afbf4c8996fb92427ae41e4649b934ca495991b7852b855,0,1,0,0,1.4626390420016833,1,"{""weights"": {""SPY"": 60, ""QQQ"": 60, ""IWM"": 60, ""DIA"": 60, ""EFA"": 60, ""EEM"": 60, ""VEA"": 60, ""VWO"": 60, ""AGG"": 60, ""BND"": 60, ""SHY"": 60, ""IEF"": 60, ""TLT"": 60, ""TIP"": 60, ""LQD"": 60, ""HYG"": 60, ""GLD"": 60, ""SLV"": 60, ""DBC"": 60, ""VNQ"": 60, ""UUP"": 60, ""BIL"": 60}}","You are a DEFENSIVE LOW-VOLATILITY policy profile. Your task is to translate a natural-language risk-averse policy into provisional portfolio weights. Use only the provided feature values, not outside market knowledge. Identify the eligible asset that appears safest, defined by the lowest `_vol3m` value. This is a defensive single-core policy profile, so do not default to equal weights when one asset clearly has the lowest recent volatility. Allocate 60% of the total portfolio weight to this safest asset as the language-level policy target. The hard maximum-weight constraint is 60%. Do not solve the projection yourself; express the language-level target and let the projection layer enforce feasibility before execution. Distribute the remaining weight equally among all other eligible assets. Use only tickers from the provided asset list. Include every eligible ticker exactly once. Return strictly valid JSON only. The `weights` field MUST be a JSON object where keys are tickers and values are numeric portfolio weights expressed as decimals, not percentages.



Current Features:
- AGG_mdd: -0.036098
- AGG_r12m: 0.003530
- AGG_r1m: -0.005837
- AGG_r3m: 0.000419
- AGG_vol3m: 0.033724
- BIL_mdd: -0.002464
- BIL_r12m: 0.001641
- BIL_r1m: -0.000176
- BIL_r3m: 0.000525
- BIL_vol3m: 0.009453
- BND_mdd: -0.038472
- BND_r12m: 0.003350
- BND_r1m: -0.006098
- BND_r3m: 0.000119
- BND_vol3m: 0.034523
- DBC_mdd: -0.524436
- DBC_r12m: 0.149129
- DBC_r1m: -0.039848
- DBC_r3m: -0.031888
- DBC_vol3m: 0.114383
- DIA_mdd: -0.011421
- DIA_r12m: 0.260084
- DIA_r1m: 0.044429
- DIA_r3m: 0.091663
- DIA_vol3m: 0.069382
- EEM_mdd: -0.145545
- EEM_r12m: 0.199142
- EEM_r1m: 0.006108
- EEM_r3m: 0.082272
- EEM_vol3m: 0.133667
- EFA_mdd: -0.069409
- EFA_r12m: 0.115649
- EFA_r1m: 0.010049
- EFA_r3m: 0.063970
- EFA_vol3m: 0.081737
- GLD_mdd: -0.376673
- GLD_r12m: -0.045779
- GLD_r1m: -0.022430
- GLD_r3m: 0.031558
- GLD_vol3m: 0.110871
- HYG_mdd: -0.018929
- HYG_r12m: 0.135169
- HYG_r1m: -0.005513
- HYG_r3m: 0.023475
- HYG_vol3m: 0.039222
- IEF_mdd: -0.075176
- IEF_r12m: -0.033460
- IEF_r1m: -0.010606
- IEF_r3m: -0.005929
- IEF_vol3m: 0.053017
- IWM_mdd: -0.031775
- IWM_r12m: 0.298724
- IWM_r1m: 0.000442
- IWM_r3m: 0.024864
- IWM_vol3m: 0.134711
- LQD_mdd: -0.044763
- LQD_r12m: 0.040075
- LQD_r1m: -0.006423
- LQD_r3m: 0.005582
- LQD_vol3m: 0.047535
- QQQ_mdd: -0.005326
- QQQ_r12m: 0.269287
- QQQ_r1m: 0.039021
- QQQ_r3m: 0.124585
- QQQ_vol3m: 0.073851
- SHY_mdd: -0.007901
- SHY_r12m: 0.001252
- SHY_r1m: -0.002911
- SHY_r3m: -0.000996
- SHY_vol3m: 0.003394
- SLV_mdd: -0.654676
- SLV_r12m: 0.116279
- SLV_r1m: -0.029727
- SLV_r3m: 0.027708
- SLV_vol3m: 0.198056
- SPY_mdd: -0.013429
- SPY_r12m: 0.217943
- SPY_r1m: 0.033329
- SPY_r3m: 0.076716
- SPY_vol3m: 0.070497
- TIP_mdd: -0.040967
- TIP_r12m: 0.019038
- TIP_r1m: -0.009289
- TIP_r3m: -0.000530
- TIP_vol3m: 0.042489
- TLT_mdd: -0.166521
- TLT_r12m: -0.071815
- TLT_r1m: -0.014310
- TLT_r3m: -0.007521
- TLT_vol3m: 0.112363
- UUP_mdd: -0.011985
- UUP_r12m: 0.046410
- UUP_r1m: 0.022481
- UUP_r3m: 0.019320
- UUP_vol3m: 0.076328
- VEA_mdd: -0.051298
- VEA_r12m: 0.126420
- VEA_r1m: 0.005797
- VEA_r3m: 0.061625
- VEA_vol3m: 0.082327
- VNQ_mdd: -0.091344
- VNQ_r12m: 0.083706
- VNQ_r1m: -0.009315
- VNQ_r3m: 0.037462
- VNQ_vol3m: 0.130806
- VWO_mdd: -0.108617
- VWO_r12m: 0.210149
- VWO_r1m: 0.012042
- VWO_r3m: 0.078770
- VWO_vol3m: 0.126587
- cross_vol: 0.080860
Assets: SPY, QQQ, IWM, DIA, EFA, EEM, VEA, VWO, AGG, BND, SHY, IEF, TLT, TIP, LQD, HYG, GLD, SLV, DBC, VNQ, UUP, BIL","{""SPY"":0.0454545455,""QQQ"":0.0454545455,""IWM"":0.0454545455,""DIA"":0.0454545455,""EFA"":0.0454545455,""EEM"":0.0454545455,""VEA"":0.0454545455,""VWO"":0.0454545455,""AGG"":0.0454545455,""BND"":0.0454545455,""SHY"":0.0454545455,""IEF"":0.0454545455,""TLT"":0.0454545455,""TIP"":0.0454545455,""LQD"":0.0454545455,""HYG"":0.0454545455,""GLD"":0.0454545455,""SLV"":0.0454545455,""DBC"":0.0454545455,""VNQ"":0.0454545455,""UUP"":0.0454545455,""BIL"":0.0454545455}","{""SPY"":0.0454545455,""QQQ"":0.0454545455,""IWM"":0.0454545455,""DIA"":0.0454545455,""EFA"":0.0454545455,""EEM"":0.0454545455,""VEA"":0.0454545455,""VWO"":0.0454545455,""AGG"":0.0454545455,""BND"":0.0454545455,""SHY"":0.0454545455,""IEF"":0.0454545455,""TLT"":0.0454545455,""TIP"":0.0454545455,""LQD"":0.0454545455,""HYG"":0.0454545455,""GLD"":0.0454545455,""SLV"":0.0454545455,""DBC"":0.0454545455,""VNQ"":0.0454545455,""UUP"":0.0454545455,""BIL"":0.0454545455}","{""SPY"":0.019047619,""QQQ"":0.019047619,""IWM"":0.019047619,""DIA"":0.019047619,""EFA"":0.019047619,""EEM"":0.019047619,""VEA"":0.019047619,""VWO"":0.019047619,""AGG"":0.019047619,""BND"":0.019047619,""SHY"":0.6,""IEF"":0.019047619,""TLT"":0.019047619,""TIP"":0.019047619,""LQD"":0.019047619,""HYG"":0.019047619,""GLD"":0.019047619,""SLV"":0.019047619,""DBC"":0.019047619,""VNQ"":0.019047619,""UUP"":0.019047619,""BIL"":0.019047619}",0,swap_vol3m_only,SHY,0.0033944868999588253,0.009453110881743164,0.009453110881743164,0.0033944868999588253
be86fce7d5c5fdb1e400f05e,p2_counterfactual_v1,D_counterfactual_fewshot,gemma3:1b,P2,2017-03-08,5,1806,BIL,SHY,SHY,BIL,BIL,0,0,1,1,1.161904761904762,0.0012012012012015266,60daff01fe9ed0e12ae98cc2db0c49defb44bbb0f897ace850ec7455e60ac80b,5960,6b3ec67229cdc8df09511119616a82fa8af7131dc1ade6b28a22e9c90dd21cbd,2420,1,0,0,4.835626250001951,1,"{""weights"": {""SPY"": 0.019, ""QQQ"": 0.019, ""IWM"": 0.019, ""DIA"": 0.019, ""EFA"": 0.019, ""EEM"": 0.019, ""VEA"": 0.019, ""VWO"": 0.019, ""AGG"": 0.019, ""BND"": 0.019, ""SHY"": 0.019, ""IEF"": 0.019, ""TLT"": 0.019, ""TIP"": 0.019, ""LQD"": 0.019, ""HYG"": 0.019, ""GLD"": 0.019, ""SLV"": 0.019, ""DBC"": 0.019, ""VNQ"": 0.019, ""UUP"": 0.019, ""BIL"": 0.6}}","You are a DEFENSIVE LOW-VOLATILITY policy profile. Your task is to translate a natural-language risk-averse policy into provisional portfolio weights. Use only the provided feature values, not outside market knowledge. Identify the eligible asset that appears safest, defined by the lowest `_vol3m` value. This is a defensive single-core policy profile, so do not default to equal weights when one asset clearly has the lowest recent volatility. Allocate 60% of the total portfolio weight to this safest asset as the language-level policy target. The hard maximum-weight constraint is 60%. Do not solve the projection yourself; express the language-level target and let the projection layer enforce feasibility before execution. Distribute the remaining weight equally among all other eligible assets. Use only tickers from the provided asset list. Include every eligible ticker exactly once. Return strictly valid JSON only. The `weights` field MUST be a JSON object where keys are tickers and values are numeric portfolio weights expressed as decimals, not percentages.

### EXAMPLE 1
Features:
- AGG_mdd: -0.004919
- AGG_r12m: 0.039253
- AGG_r1m: 0.001803
- AGG_r3m: 0.002834
- AGG_vol3m: 0.021834
- BIL_mdd: -0.001482
- BIL_r12m: -0.000436
- BIL_r1m: -0.000218
- BIL_r3m: -0.000218
- BIL_vol3m: 0.001812
- BND_mdd: -0.011769
- BND_r12m: 0.030772
TargetWeights(JSON): {""SPY"": 0.019, ""QQQ"": 0.019, ""IWM"": 0.019, ""DIA"": 0.019, ""EFA"": 0.019, ""EEM"": 0.019, ""VEA"": 0.019, ""VWO"": 0.019, ""AGG"": 0.019, ""BND"": 0.019, ""SHY"": 0.019, ""IEF"": 0.019, ""TLT"": 0.019, ""TIP"": 0.019, ""LQD"": 0.019, ""HYG"": 0.019, ""GLD"": 0.019, ""SLV"": 0.019, ""DBC"": 0.019, ""VNQ"": 0.019, ""UUP"": 0.019, ""BIL"": 0.6}
### EXAMPLE 2
Features:
- AGG_mdd: -0.025477
- AGG_r12m: 0.020284
- AGG_r1m: -0.008267
- AGG_r3m: -0.004900
- AGG_vol3m: 0.040281
- BIL_mdd: -0.003444
- BIL_r12m: -0.001092
- BIL_r1m: -0.000218
- BIL_r3m: -0.000218
- BIL_vol3m: 0.002677
- BND_mdd: -0.027594
- BND_r12m: 0.019346
TargetWeights(JSON): {""SPY"": 0.019, ""QQQ"": 0.019, ""IWM"": 0.019, ""DIA"": 0.019, ""EFA"": 0.019, ""EEM"": 0.019, ""VEA"": 0.019, ""VWO"": 0.019, ""AGG"": 0.019, ""BND"": 0.019, ""SHY"": 0.019, ""IEF"": 0.019, ""TLT"": 0.019, ""TIP"": 0.019, ""LQD"": 0.019, ""HYG"": 0.019, ""GLD"": 0.019, ""SLV"": 0.019, ""DBC"": 0.019, ""VNQ"": 0.019, ""UUP"": 0.019, ""BIL"": 0.6}
### EXAMPLE 3
Features:
- AGG_mdd: -0.006579
- AGG_r12m: 0.028799
- AGG_r1m: 0.010248
- AGG_r3m: 0.014750
- AGG_vol3m: 0.034384
- BIL_mdd: -0.003662
- BIL_r12m: -0.001310
- BIL_r1m: 0.000000
- BIL_r3m: -0.000219
- BIL_vol3m: 0.002457
- BND_mdd: -0.008413
- BND_r12m: 0.028189
TargetWeights(JSON): {""SPY"": 0.019, ""QQQ"": 0.019, ""IWM"": 0.019, ""DIA"": 0.019, ""EFA"": 0.019, ""EEM"": 0.019, ""VEA"": 0.019, ""VWO"": 0.019, ""AGG"": 0.019, ""BND"": 0.019, ""SHY"": 0.019, ""IEF"": 0.019, ""TLT"": 0.019, ""TIP"": 0.019, ""LQD"": 0.019, ""HYG"": 0.019, ""GLD"": 0.019, ""SLV"": 0.019, ""DBC"": 0.019, ""VNQ"": 0.019, ""UUP"": 0.019, ""BIL"": 0.6}
### EXAMPLE 4
Features:
- AGG_mdd: -0.005079
- AGG_r12m: 0.054944
- AGG_r1m: 0.002489
- AGG_r3m: 0.029273
- AGG_vol3m: 0.051778
- BIL_mdd: -0.000654
- BIL_r12m: -0.000436
- BIL_r1m: -0.000436
- BIL_r3m: -0.000436
- BIL_vol3m: 0.002780
- BND_mdd: -0.003934
- BND_r12m: 0.058634
TargetWeights(JSON): {""SPY"": 0.019, ""QQQ"": 0.019, ""IWM"": 0.019, ""DIA"": 0.019, ""EFA"": 0.019, ""EEM"": 0.019, ""VEA"": 0.019, ""VWO"": 0.019, ""AGG"": 0.019, ""BND"": 0.019, ""SHY"": 0.019, ""IEF"": 0.019, ""TLT"": 0.019, ""TIP"": 0.019, ""LQD"": 0.019, ""HYG"": 0.019, ""GLD"": 0.019, ""SLV"": 0.019, ""DBC"": 0.019, ""VNQ"": 0.019, ""UUP"": 0.019, ""BIL"": 0.6}

Current Features:
- AGG_mdd: -0.036098
- AGG_r12m: 0.003530
- AGG_r1m: -0.005837
- AGG_r3m: 0.000419
- AGG_vol3m: 0.033724
- BIL_mdd: -0.002464
- BIL_r12m: 0.001641
- BIL_r1m: -0.000176
- BIL_r3m: 0.000525
- BIL_vol3m: 0.009453
- BND_mdd: -0.038472
- BND_r12m: 0.003350
- BND_r1m: -0.006098
- BND_r3m: 0.000119
- BND_vol3m: 0.034523
- DBC_mdd: -0.524436
- DBC_r12m: 0.149129
- DBC_r1m: -0.039848
- DBC_r3m: -0.031888
- DBC_vol3m: 0.114383
- DIA_mdd: -0.011421
- DIA_r12m: 0.260084
- DIA_r1m: 0.044429
- DIA_r3m: 0.091663
- DIA_vol3m: 0.069382
- EEM_mdd: -0.145545
- EEM_r12m: 0.199142
- EEM_r1m: 0.006108
- EEM_r3m: 0.082272
- EEM_vol3m: 0.133667
- EFA_mdd: -0.069409
- EFA_r12m: 0.115649
- EFA_r1m: 0.010049
- EFA_r3m: 0.063970
- EFA_vol3m: 0.081737
- GLD_mdd: -0.376673
- GLD_r12m: -0.045779
- GLD_r1m: -0.022430
- GLD_r3m: 0.031558
- GLD_vol3m: 0.110871
- HYG_mdd: -0.018929
- HYG_r12m: 0.135169
- HYG_r1m: -0.005513
- HYG_r3m: 0.023475
- HYG_vol3m: 0.039222
- IEF_mdd: -0.075176
- IEF_r12m: -0.033460
- IEF_r1m: -0.010606
- IEF_r3m: -0.005929
- IEF_vol3m: 0.053017
- IWM_mdd: -0.031775
- IWM_r12m: 0.298724
- IWM_r1m: 0.000442
- IWM_r3m: 0.024864
- IWM_vol3m: 0.134711
- LQD_mdd: -0.044763
- LQD_r12m: 0.040075
- LQD_r1m: -0.006423
- LQD_r3m: 0.005582
- LQD_vol3m: 0.047535
- QQQ_mdd: -0.005326
- QQQ_r12m: 0.269287
- QQQ_r1m: 0.039021
- QQQ_r3m: 0.124585
- QQQ_vol3m: 0.073851
- SHY_mdd: -0.007901
- SHY_r12m: 0.001252
- SHY_r1m: -0.002911
- SHY_r3m: -0.000996
- SHY_vol3m: 0.003394
- SLV_mdd: -0.654676
- SLV_r12m: 0.116279
- SLV_r1m: -0.029727
- SLV_r3m: 0.027708
- SLV_vol3m: 0.198056
- SPY_mdd: -0.013429
- SPY_r12m: 0.217943
- SPY_r1m: 0.033329
- SPY_r3m: 0.076716
- SPY_vol3m: 0.070497
- TIP_mdd: -0.040967
- TIP_r12m: 0.019038
- TIP_r1m: -0.009289
- TIP_r3m: -0.000530
- TIP_vol3m: 0.042489
- TLT_mdd: -0.166521
- TLT_r12m: -0.071815
- TLT_r1m: -0.014310
- TLT_r3m: -0.007521
- TLT_vol3m: 0.112363
- UUP_mdd: -0.011985
- UUP_r12m: 0.046410
- UUP_r1m: 0.022481
- UUP_r3m: 0.019320
- UUP_vol3m: 0.076328
- VEA_mdd: -0.051298
- VEA_r12m: 0.126420
- VEA_r1m: 0.005797
- VEA_r3m: 0.061625
- VEA_vol3m: 0.082327
- VNQ_mdd: -0.091344
- VNQ_r12m: 0.083706
- VNQ_r1m: -0.009315
- VNQ_r3m: 0.037462
- VNQ_vol3m: 0.130806
- VWO_mdd: -0.108617
- VWO_r12m: 0.210149
- VWO_r1m: 0.012042
- VWO_r3m: 0.078770
- VWO_vol3m: 0.126587
- cross_vol: 0.080860
Assets: SPY, QQQ, IWM, DIA, EFA, EEM, VEA, VWO, AGG, BND, SHY, IEF, TLT, TIP, LQD, HYG, GLD, SLV, DBC, VNQ, UUP, BIL","{""SPY"":0.019019019,""QQQ"":0.019019019,""IWM"":0.019019019,""DIA"":0.019019019,""EFA"":0.019019019,""EEM"":0.019019019,""VEA"":0.019019019,""VWO"":0.019019019,""AGG"":0.019019019,""BND"":0.019019019,""SHY"":0.019019019,""IEF"":0.019019019,""TLT"":0.019019019,""TIP"":0.019019019,""LQD"":0.019019019,""HYG"":0.019019019,""GLD"":0.019019019,""SLV"":0.019019019,""DBC"":0.019019019,""VNQ"":0.019019019,""UUP"":0.019019019,""BIL"":0.6006006006}","{""SPY"":0.019047619,""QQQ"":0.019047619,""IWM"":0.019047619,""DIA"":0.019047619,""EFA"":0.019047619,""EEM"":0.019047619,""VEA"":0.019047619,""VWO"":0.019047619,""AGG"":0.019047619,""BND"":0.019047619,""SHY"":0.019047619,""IEF"":0.019047619,""TLT"":0.019047619,""TIP"":0.019047619,""LQD"":0.019047619,""HYG"":0.019047619,""GLD"":0.019047619,""SLV"":0.019047619,""DBC"":0.019047619,""VNQ"":0.019047619,""UUP"":0.019047619,""BIL"":0.6}","{""SPY"":0.019047619,""QQQ"":0.019047619,""IWM"":0.019047619,""DIA"":0.019047619,""EFA"":0.019047619,""EEM"":0.019047619,""VEA"":0.019047619,""VWO"":0.019047619,""AGG"":0.019047619,""BND"":0.019047619,""SHY"":0.6,""IEF"":0.019047619,""TLT"":0.019047619,""TIP"":0.019047619,""LQD"":0.019047619,""HYG"":0.019047619,""GLD"":0.019047619,""SLV"":0.019047619,""DBC"":0.019047619,""VNQ"":0.019047619,""UUP"":0.019047619,""BIL"":0.019047619}",0,swap_vol3m_only,SHY,0.0033944868999588253,0.009453110881743164,0.009453110881743164,0.0033944868999588253
6d7d1f5ce47a7ec990c5f095,p2_counterfactual_v1,E_counterfactual_no_fewshot,gemma3:1b,P2,2017-03-08,5,1806,BIL,SHY,SHY,SPY,SPY,0,0,0,0,1.3086834733893558,2.7755575615628914e-16,e04c0f72796fb1c8ddcb31f6aaf7181567982a610cd8d42c0260ec265740af2b,3540,e3b0c44298fc1c149afbf4c8996fb92427ae41e4649b934ca495991b7852b855,0,1,0,0,3.4972383749991423,1,"{""weights"": {""SPY"":0.35, ""QQQ"":0.28, ""IWM"":0.19, ""DIA"":0.17, ""EFA"":0.16, ""EEM"":0.14, ""VEA"":0.13, ""VWO"":0.12, ""AGG"":0.08, ""BND"":0.07, ""SHY"":0.07, ""IEF"":0.06, ""TLT"":0.05, ""TIP"":0.04, ""LQD"":0.03, ""HYG"":0.03, ""GLD"":0.02, ""SLV"":0.01, ""DBC"":0.01, ""VNQ"":0.01, ""UUP"":0.01, ""BIL"":0.01}}","You are a DEFENSIVE LOW-VOLATILITY policy profile. Your task is to translate a natural-language risk-averse policy into provisional portfolio weights. Use only the provided feature values, not outside market knowledge. Identify the eligible asset that appears safest, defined by the lowest `_vol3m` value. This is a defensive single-core policy profile, so do not default to equal weights when one asset clearly has the lowest recent volatility. Allocate 60% of the total portfolio weight to this safest asset as the language-level policy target. The hard maximum-weight constraint is 60%. Do not solve the projection yourself; express the language-level target and let the projection layer enforce feasibility before execution. Distribute the remaining weight equally among all other eligible assets. Use only tickers from the provided asset list. Include every eligible ticker exactly once. Return strictly valid JSON only. The `weights` field MUST be a JSON object where keys are tickers and values are numeric portfolio weights expressed as decimals, not percentages.



Current Features:
- AGG_mdd: -0.036098
- AGG_r12m: 0.003530
- AGG_r1m: -0.005837
- AGG_r3m: 0.000419
- AGG_vol3m: 0.033724
- BIL_mdd: -0.002464
- BIL_r12m: 0.001641
- BIL_r1m: -0.000176
- BIL_r3m: 0.000525
- BIL_vol3m: 0.009453
- BND_mdd: -0.038472
- BND_r12m: 0.003350
- BND_r1m: -0.006098
- BND_r3m: 0.000119
- BND_vol3m: 0.034523
- DBC_mdd: -0.524436
- DBC_r12m: 0.149129
- DBC_r1m: -0.039848
- DBC_r3m: -0.031888
- DBC_vol3m: 0.114383
- DIA_mdd: -0.011421
- DIA_r12m: 0.260084
- DIA_r1m: 0.044429
- DIA_r3m: 0.091663
- DIA_vol3m: 0.069382
- EEM_mdd: -0.145545
- EEM_r12m: 0.199142
- EEM_r1m: 0.006108
- EEM_r3m: 0.082272
- EEM_vol3m: 0.133667
- EFA_mdd: -0.069409
- EFA_r12m: 0.115649
- EFA_r1m: 0.010049
- EFA_r3m: 0.063970
- EFA_vol3m: 0.081737
- GLD_mdd: -0.376673
- GLD_r12m: -0.045779
- GLD_r1m: -0.022430
- GLD_r3m: 0.031558
- GLD_vol3m: 0.110871
- HYG_mdd: -0.018929
- HYG_r12m: 0.135169
- HYG_r1m: -0.005513
- HYG_r3m: 0.023475
- HYG_vol3m: 0.039222
- IEF_mdd: -0.075176
- IEF_r12m: -0.033460
- IEF_r1m: -0.010606
- IEF_r3m: -0.005929
- IEF_vol3m: 0.053017
- IWM_mdd: -0.031775
- IWM_r12m: 0.298724
- IWM_r1m: 0.000442
- IWM_r3m: 0.024864
- IWM_vol3m: 0.134711
- LQD_mdd: -0.044763
- LQD_r12m: 0.040075
- LQD_r1m: -0.006423
- LQD_r3m: 0.005582
- LQD_vol3m: 0.047535
- QQQ_mdd: -0.005326
- QQQ_r12m: 0.269287
- QQQ_r1m: 0.039021
- QQQ_r3m: 0.124585
- QQQ_vol3m: 0.073851
- SHY_mdd: -0.007901
- SHY_r12m: 0.001252
- SHY_r1m: -0.002911
- SHY_r3m: -0.000996
- SHY_vol3m: 0.003394
- SLV_mdd: -0.654676
- SLV_r12m: 0.116279
- SLV_r1m: -0.029727
- SLV_r3m: 0.027708
- SLV_vol3m: 0.198056
- SPY_mdd: -0.013429
- SPY_r12m: 0.217943
- SPY_r1m: 0.033329
- SPY_r3m: 0.076716
- SPY_vol3m: 0.070497
- TIP_mdd: -0.040967
- TIP_r12m: 0.019038
- TIP_r1m: -0.009289
- TIP_r3m: -0.000530
- TIP_vol3m: 0.042489
- TLT_mdd: -0.166521
- TLT_r12m: -0.071815
- TLT_r1m: -0.014310
- TLT_r3m: -0.007521
- TLT_vol3m: 0.112363
- UUP_mdd: -0.011985
- UUP_r12m: 0.046410
- UUP_r1m: 0.022481
- UUP_r3m: 0.019320
- UUP_vol3m: 0.076328
- VEA_mdd: -0.051298
- VEA_r12m: 0.126420
- VEA_r1m: 0.005797
- VEA_r3m: 0.061625
- VEA_vol3m: 0.082327
- VNQ_mdd: -0.091344
- VNQ_r12m: 0.083706
- VNQ_r1m: -0.009315
- VNQ_r3m: 0.037462
- VNQ_vol3m: 0.130806
- VWO_mdd: -0.108617
- VWO_r12m: 0.210149
- VWO_r1m: 0.012042
- VWO_r3m: 0.078770
- VWO_vol3m: 0.126587
- cross_vol: 0.080860
Assets: SPY, QQQ, IWM, DIA, EFA, EEM, VEA, VWO, AGG, BND, SHY, IEF, TLT, TIP, LQD, HYG, GLD, SLV, DBC, VNQ, UUP, BIL","{""SPY"":0.1715686275,""QQQ"":0.137254902,""IWM"":0.0931372549,""DIA"":0.0833333333,""EFA"":0.0784313725,""EEM"":0.068627451,""VEA"":0.0637254902,""VWO"":0.0588235294,""AGG"":0.0392156863,""BND"":0.0343137255,""SHY"":0.0343137255,""IEF"":0.0294117647,""TLT"":0.0245098039,""TIP"":0.0196078431,""LQD"":0.0147058824,""HYG"":0.0147058824,""GLD"":0.0098039216,""SLV"":0.0049019608,""DBC"":0.0049019608,""VNQ"":0.0049019608,""UUP"":0.0049019608,""BIL"":0.0049019608}","{""SPY"":0.1715686275,""QQQ"":0.137254902,""IWM"":0.0931372549,""DIA"":0.0833333333,""EFA"":0.0784313725,""EEM"":0.068627451,""VEA"":0.0637254902,""VWO"":0.0588235294,""AGG"":0.0392156863,""BND"":0.0343137255,""SHY"":0.0343137255,""IEF"":0.0294117647,""TLT"":0.0245098039,""TIP"":0.0196078431,""LQD"":0.0147058824,""HYG"":0.0147058824,""GLD"":0.0098039216,""SLV"":0.0049019608,""DBC"":0.0049019608,""VNQ"":0.0049019608,""UUP"":0.0049019608,""BIL"":0.0049019608}","{""SPY"":0.019047619,""QQQ"":0.019047619,""IWM"":0.019047619,""DIA"":0.019047619,""EFA"":0.019047619,""EEM"":0.019047619,""VEA"":0.019047619,""VWO"":0.019047619,""AGG"":0.019047619,""BND"":0.019047619,""SHY"":0.6,""IEF"":0.019047619,""TLT"":0.019047619,""TIP"":0.019047619,""LQD"":0.019047619,""HYG"":0.019047619,""GLD"":0.019047619,""SLV"":0.019047619,""DBC"":0.019047619,""VNQ"":0.019047619,""UUP"":0.019047619,""BIL"":0.019047619}",0,swap_vol3m_only,SHY,0.0033944868999588253,0.009453110881743164,0.009453110881743164,0.0033944868999588253
b39327a0d1a693bea76b20ae,p2_counterfactual_v1,D_counterfactual_fewshot,llama3.1:8b,P2,2017-03-08,5,1806,BIL,SHY,SHY,BIL,BIL,0,0,1,1,1.161904761904762,0.0012012012012015266,60daff01fe9ed0e12ae98cc2db0c49defb44bbb0f897ace850ec7455e60ac80b,5960,6b3ec67229cdc8df09511119616a82fa8af7131dc1ade6b28a22e9c90dd21cbd,2420,1,0,0,16.392009082992445,1,"{
  ""weights"": {
    ""SPY"": 0.019,
    ""QQQ"": 0.019,
    ""IWM"": 0.019,
    ""DIA"": 0.019,
    ""EFA"": 0.019,
    ""EEM"": 0.019,
    ""VEA"": 0.019,
    ""VWO"": 0.019,
    ""AGG"": 0.019,
    ""BND"": 0.019,
    ""SHY"": 0.019,
    ""IEF"": 0.019,
    ""TLT"": 0.019,
    ""TIP"": 0.019,
    ""LQD"": 0.019,
    ""HYG"": 0.019,
    ""GLD"": 0.019,
    ""SLV"": 0.019,
    ""DBC"": 0.019,
    ""VNQ"": 0.019,
    ""UUP"": 0.019,
    ""BIL"": 0.6
  }
}","You are a DEFENSIVE LOW-VOLATILITY policy profile. Your task is to translate a natural-language risk-averse policy into provisional portfolio weights. Use only the provided feature values, not outside market knowledge. Identify the eligible asset that appears safest, defined by the lowest `_vol3m` value. This is a defensive single-core policy profile, so do not default to equal weights when one asset clearly has the lowest recent volatility. Allocate 60% of the total portfolio weight to this safest asset as the language-level policy target. The hard maximum-weight constraint is 60%. Do not solve the projection yourself; express the language-level target and let the projection layer enforce feasibility before execution. Distribute the remaining weight equally among all other eligible assets. Use only tickers from the provided asset list. Include every eligible ticker exactly once. Return strictly valid JSON only. The `weights` field MUST be a JSON object where keys are tickers and values are numeric portfolio weights expressed as decimals, not percentages.

### EXAMPLE 1
Features:
- AGG_mdd: -0.004919
- AGG_r12m: 0.039253
- AGG_r1m: 0.001803
- AGG_r3m: 0.002834
- AGG_vol3m: 0.021834
- BIL_mdd: -0.001482
- BIL_r12m: -0.000436
- BIL_r1m: -0.000218
- BIL_r3m: -0.000218
- BIL_vol3m: 0.001812
- BND_mdd: -0.011769
- BND_r12m: 0.030772
TargetWeights(JSON): {""SPY"": 0.019, ""QQQ"": 0.019, ""IWM"": 0.019, ""DIA"": 0.019, ""EFA"": 0.019, ""EEM"": 0.019, ""VEA"": 0.019, ""VWO"": 0.019, ""AGG"": 0.019, ""BND"": 0.019, ""SHY"": 0.019, ""IEF"": 0.019, ""TLT"": 0.019, ""TIP"": 0.019, ""LQD"": 0.019, ""HYG"": 0.019, ""GLD"": 0.019, ""SLV"": 0.019, ""DBC"": 0.019, ""VNQ"": 0.019, ""UUP"": 0.019, ""BIL"": 0.6}
### EXAMPLE 2
Features:
- AGG_mdd: -0.025477
- AGG_r12m: 0.020284
- AGG_r1m: -0.008267
- AGG_r3m: -0.004900
- AGG_vol3m: 0.040281
- BIL_mdd: -0.003444
- BIL_r12m: -0.001092
- BIL_r1m: -0.000218
- BIL_r3m: -0.000218
- BIL_vol3m: 0.002677
- BND_mdd: -0.027594
- BND_r12m: 0.019346
TargetWeights(JSON): {""SPY"": 0.019, ""QQQ"": 0.019, ""IWM"": 0.019, ""DIA"": 0.019, ""EFA"": 0.019, ""EEM"": 0.019, ""VEA"": 0.019, ""VWO"": 0.019, ""AGG"": 0.019, ""BND"": 0.019, ""SHY"": 0.019, ""IEF"": 0.019, ""TLT"": 0.019, ""TIP"": 0.019, ""LQD"": 0.019, ""HYG"": 0.019, ""GLD"": 0.019, ""SLV"": 0.019, ""DBC"": 0.019, ""VNQ"": 0.019, ""UUP"": 0.019, ""BIL"": 0.6}
### EXAMPLE 3
Features:
- AGG_mdd: -0.006579
- AGG_r12m: 0.028799
- AGG_r1m: 0.010248
- AGG_r3m: 0.014750
- AGG_vol3m: 0.034384
- BIL_mdd: -0.003662
- BIL_r12m: -0.001310
- BIL_r1m: 0.000000
- BIL_r3m: -0.000219
- BIL_vol3m: 0.002457
- BND_mdd: -0.008413
- BND_r12m: 0.028189
TargetWeights(JSON): {""SPY"": 0.019, ""QQQ"": 0.019, ""IWM"": 0.019, ""DIA"": 0.019, ""EFA"": 0.019, ""EEM"": 0.019, ""VEA"": 0.019, ""VWO"": 0.019, ""AGG"": 0.019, ""BND"": 0.019, ""SHY"": 0.019, ""IEF"": 0.019, ""TLT"": 0.019, ""TIP"": 0.019, ""LQD"": 0.019, ""HYG"": 0.019, ""GLD"": 0.019, ""SLV"": 0.019, ""DBC"": 0.019, ""VNQ"": 0.019, ""UUP"": 0.019, ""BIL"": 0.6}
### EXAMPLE 4
Features:
- AGG_mdd: -0.005079
- AGG_r12m: 0.054944
- AGG_r1m: 0.002489
- AGG_r3m: 0.029273
- AGG_vol3m: 0.051778
- BIL_mdd: -0.000654
- BIL_r12m: -0.000436
- BIL_r1m: -0.000436
- BIL_r3m: -0.000436
- BIL_vol3m: 0.002780
- BND_mdd: -0.003934
- BND_r12m: 0.058634
TargetWeights(JSON): {""SPY"": 0.019, ""QQQ"": 0.019, ""IWM"": 0.019, ""DIA"": 0.019, ""EFA"": 0.019, ""EEM"": 0.019, ""VEA"": 0.019, ""VWO"": 0.019, ""AGG"": 0.019, ""BND"": 0.019, ""SHY"": 0.019, ""IEF"": 0.019, ""TLT"": 0.019, ""TIP"": 0.019, ""LQD"": 0.019, ""HYG"": 0.019, ""GLD"": 0.019, ""SLV"": 0.019, ""DBC"": 0.019, ""VNQ"": 0.019, ""UUP"": 0.019, ""BIL"": 0.6}

Current Features:
- AGG_mdd: -0.036098
- AGG_r12m: 0.003530
- AGG_r1m: -0.005837
- AGG_r3m: 0.000419
- AGG_vol3m: 0.033724
- BIL_mdd: -0.002464
- BIL_r12m: 0.001641
- BIL_r1m: -0.000176
- BIL_r3m: 0.000525
- BIL_vol3m: 0.009453
- BND_mdd: -0.038472
- BND_r12m: 0.003350
- BND_r1m: -0.006098
- BND_r3m: 0.000119
- BND_vol3m: 0.034523
- DBC_mdd: -0.524436
- DBC_r12m: 0.149129
- DBC_r1m: -0.039848
- DBC_r3m: -0.031888
- DBC_vol3m: 0.114383
- DIA_mdd: -0.011421
- DIA_r12m: 0.260084
- DIA_r1m: 0.044429
- DIA_r3m: 0.091663
- DIA_vol3m: 0.069382
- EEM_mdd: -0.145545
- EEM_r12m: 0.199142
- EEM_r1m: 0.006108
- EEM_r3m: 0.082272
- EEM_vol3m: 0.133667
- EFA_mdd: -0.069409
- EFA_r12m: 0.115649
- EFA_r1m: 0.010049
- EFA_r3m: 0.063970
- EFA_vol3m: 0.081737
- GLD_mdd: -0.376673
- GLD_r12m: -0.045779
- GLD_r1m: -0.022430
- GLD_r3m: 0.031558
- GLD_vol3m: 0.110871
- HYG_mdd: -0.018929
- HYG_r12m: 0.135169
- HYG_r1m: -0.005513
- HYG_r3m: 0.023475
- HYG_vol3m: 0.039222
- IEF_mdd: -0.075176
- IEF_r12m: -0.033460
- IEF_r1m: -0.010606
- IEF_r3m: -0.005929
- IEF_vol3m: 0.053017
- IWM_mdd: -0.031775
- IWM_r12m: 0.298724
- IWM_r1m: 0.000442
- IWM_r3m: 0.024864
- IWM_vol3m: 0.134711
- LQD_mdd: -0.044763
- LQD_r12m: 0.040075
- LQD_r1m: -0.006423
- LQD_r3m: 0.005582
- LQD_vol3m: 0.047535
- QQQ_mdd: -0.005326
- QQQ_r12m: 0.269287
- QQQ_r1m: 0.039021
- QQQ_r3m: 0.124585
- QQQ_vol3m: 0.073851
- SHY_mdd: -0.007901
- SHY_r12m: 0.001252
- SHY_r1m: -0.002911
- SHY_r3m: -0.000996
- SHY_vol3m: 0.003394
- SLV_mdd: -0.654676
- SLV_r12m: 0.116279
- SLV_r1m: -0.029727
- SLV_r3m: 0.027708
- SLV_vol3m: 0.198056
- SPY_mdd: -0.013429
- SPY_r12m: 0.217943
- SPY_r1m: 0.033329
- SPY_r3m: 0.076716
- SPY_vol3m: 0.070497
- TIP_mdd: -0.040967
- TIP_r12m: 0.019038
- TIP_r1m: -0.009289
- TIP_r3m: -0.000530
- TIP_vol3m: 0.042489
- TLT_mdd: -0.166521
- TLT_r12m: -0.071815
- TLT_r1m: -0.014310
- TLT_r3m: -0.007521
- TLT_vol3m: 0.112363
- UUP_mdd: -0.011985
- UUP_r12m: 0.046410
- UUP_r1m: 0.022481
- UUP_r3m: 0.019320
- UUP_vol3m: 0.076328
- VEA_mdd: -0.051298
- VEA_r12m: 0.126420
- VEA_r1m: 0.005797
- VEA_r3m: 0.061625
- VEA_vol3m: 0.082327
- VNQ_mdd: -0.091344
- VNQ_r12m: 0.083706
- VNQ_r1m: -0.009315
- VNQ_r3m: 0.037462
- VNQ_vol3m: 0.130806
- VWO_mdd: -0.108617
- VWO_r12m: 0.210149
- VWO_r1m: 0.012042
- VWO_r3m: 0.078770
- VWO_vol3m: 0.126587
- cross_vol: 0.080860
Assets: SPY, QQQ, IWM, DIA, EFA, EEM, VEA, VWO, AGG, BND, SHY, IEF, TLT, TIP, LQD, HYG, GLD, SLV, DBC, VNQ, UUP, BIL","{""SPY"":0.019019019,""QQQ"":0.019019019,""IWM"":0.019019019,""DIA"":0.019019019,""EFA"":0.019019019,""EEM"":0.019019019,""VEA"":0.019019019,""VWO"":0.019019019,""AGG"":0.019019019,""BND"":0.019019019,""SHY"":0.019019019,""IEF"":0.019019019,""TLT"":0.019019019,""TIP"":0.019019019,""LQD"":0.019019019,""HYG"":0.019019019,""GLD"":0.019019019,""SLV"":0.019019019,""DBC"":0.019019019,""VNQ"":0.019019019,""UUP"":0.019019019,""BIL"":0.6006006006}","{""SPY"":0.019047619,""QQQ"":0.019047619,""IWM"":0.019047619,""DIA"":0.019047619,""EFA"":0.019047619,""EEM"":0.019047619,""VEA"":0.019047619,""VWO"":0.019047619,""AGG"":0.019047619,""BND"":0.019047619,""SHY"":0.019047619,""IEF"":0.019047619,""TLT"":0.019047619,""TIP"":0.019047619,""LQD"":0.019047619,""HYG"":0.019047619,""GLD"":0.019047619,""SLV"":0.019047619,""DBC"":0.019047619,""VNQ"":0.019047619,""UUP"":0.019047619,""BIL"":0.6}","{""SPY"":0.019047619,""QQQ"":0.019047619,""IWM"":0.019047619,""DIA"":0.019047619,""EFA"":0.019047619,""EEM"":0.019047619,""VEA"":0.019047619,""VWO"":0.019047619,""AGG"":0.019047619,""BND"":0.019047619,""SHY"":0.6,""IEF"":0.019047619,""TLT"":0.019047619,""TIP"":0.019047619,""LQD"":0.019047619,""HYG"":0.019047619,""GLD"":0.019047619,""SLV"":0.019047619,""DBC"":0.019047619,""VNQ"":0.019047619,""UUP"":0.019047619,""BIL"":0.019047619}",0,swap_vol3m_only,SHY,0.0033944868999588253,0.009453110881743164,0.009453110881743164,0.0033944868999588253
bf7302a0c9d24d03958a90dc,p2_counterfactual_v1,E_counterfactual_no_fewshot,llama3.1:8b,P2,2017-03-08,5,1806,BIL,SHY,SHY,SPY,SPY,0,0,0,0,1.1444444444444444,0.0,e04c0f72796fb1c8ddcb31f6aaf7181567982a610cd8d42c0260ec265740af2b,3540,e3b0c44298fc1c149afbf4c8996fb92427ae41e4649b934ca495991b7852b855,0,1,0,0,16.00840295800299,1,"{
  ""weights"": {
    ""SPY"": 0.6,
    ""QQQ"": 0.1,
    ""IWM"": 0.1,
    ""DIA"": 0.1,
    ""EFA"": 0.05,
    ""EEM"": 0.05,
    ""VEA"": 0.05,
    ""VWO"": 0.05,
    ""AGG"": 0.05,
    ""BND"": 0.05,
    ""SHY"": 0.05,
    ""IEF"": 0.05,
    ""TLT"": 0.05,
    ""TIP"": 0.05,
    ""LQD"": 0.05,
    ""HYG"": 0.05,
    ""GLD"": 0.05,
    ""SLV"": 0.05,
    ""DBC"": 0.05,
    ""VNQ"": 0.05,
    ""UUP"": 0.05,
    ""BIL"": 0.05
  }
}","You are a DEFENSIVE LOW-VOLATILITY policy profile. Your task is to translate a natural-language risk-averse policy into provisional portfolio weights. Use only the provided feature values, not outside market knowledge. Identify the eligible asset that appears safest, defined by the lowest `_vol3m` value. This is a defensive single-core policy profile, so do not default to equal weights when one asset clearly has the lowest recent volatility. Allocate 60% of the total portfolio weight to this safest asset as the language-level policy target. The hard maximum-weight constraint is 60%. Do not solve the projection yourself; express the language-level target and let the projection layer enforce feasibility before execution. Distribute the remaining weight equally among all other eligible assets. Use only tickers from the provided asset list. Include every eligible ticker exactly once. Return strictly valid JSON only. The `weights` field MUST be a JSON object where keys are tickers and values are numeric portfolio weights expressed as decimals, not percentages.



Current Features:
- AGG_mdd: -0.036098
- AGG_r12m: 0.003530
- AGG_r1m: -0.005837
- AGG_r3m: 0.000419
- AGG_vol3m: 0.033724
- BIL_mdd: -0.002464
- BIL_r12m: 0.001641
- BIL_r1m: -0.000176
- BIL_r3m: 0.000525
- BIL_vol3m: 0.009453
- BND_mdd: -0.038472
- BND_r12m: 0.003350
- BND_r1m: -0.006098
- BND_r3m: 0.000119
- BND_vol3m: 0.034523
- DBC_mdd: -0.524436
- DBC_r12m: 0.149129
- DBC_r1m: -0.039848
- DBC_r3m: -0.031888
- DBC_vol3m: 0.114383
- DIA_mdd: -0.011421
- DIA_r12m: 0.260084
- DIA_r1m: 0.044429
- DIA_r3m: 0.091663
- DIA_vol3m: 0.069382
- EEM_mdd: -0.145545
- EEM_r12m: 0.199142
- EEM_r1m: 0.006108
- EEM_r3m: 0.082272
- EEM_vol3m: 0.133667
- EFA_mdd: -0.069409
- EFA_r12m: 0.115649
- EFA_r1m: 0.010049
- EFA_r3m: 0.063970
- EFA_vol3m: 0.081737
- GLD_mdd: -0.376673
- GLD_r12m: -0.045779
- GLD_r1m: -0.022430
- GLD_r3m: 0.031558
- GLD_vol3m: 0.110871
- HYG_mdd: -0.018929
- HYG_r12m: 0.135169
- HYG_r1m: -0.005513
- HYG_r3m: 0.023475
- HYG_vol3m: 0.039222
- IEF_mdd: -0.075176
- IEF_r12m: -0.033460
- IEF_r1m: -0.010606
- IEF_r3m: -0.005929
- IEF_vol3m: 0.053017
- IWM_mdd: -0.031775
- IWM_r12m: 0.298724
- IWM_r1m: 0.000442
- IWM_r3m: 0.024864
- IWM_vol3m: 0.134711
- LQD_mdd: -0.044763
- LQD_r12m: 0.040075
- LQD_r1m: -0.006423
- LQD_r3m: 0.005582
- LQD_vol3m: 0.047535
- QQQ_mdd: -0.005326
- QQQ_r12m: 0.269287
- QQQ_r1m: 0.039021
- QQQ_r3m: 0.124585
- QQQ_vol3m: 0.073851
- SHY_mdd: -0.007901
- SHY_r12m: 0.001252
- SHY_r1m: -0.002911
- SHY_r3m: -0.000996
- SHY_vol3m: 0.003394
- SLV_mdd: -0.654676
- SLV_r12m: 0.116279
- SLV_r1m: -0.029727
- SLV_r3m: 0.027708
- SLV_vol3m: 0.198056
- SPY_mdd: -0.013429
- SPY_r12m: 0.217943
- SPY_r1m: 0.033329
- SPY_r3m: 0.076716
- SPY_vol3m: 0.070497
- TIP_mdd: -0.040967
- TIP_r12m: 0.019038
- TIP_r1m: -0.009289
- TIP_r3m: -0.000530
- TIP_vol3m: 0.042489
- TLT_mdd: -0.166521
- TLT_r12m: -0.071815
- TLT_r1m: -0.014310
- TLT_r3m: -0.007521
- TLT_vol3m: 0.112363
- UUP_mdd: -0.011985
- UUP_r12m: 0.046410
- UUP_r1m: 0.022481
- UUP_r3m: 0.019320
- UUP_vol3m: 0.076328
- VEA_mdd: -0.051298
- VEA_r12m: 0.126420
- VEA_r1m: 0.005797
- VEA_r3m: 0.061625
- VEA_vol3m: 0.082327
- VNQ_mdd: -0.091344
- VNQ_r12m: 0.083706
- VNQ_r1m: -0.009315
- VNQ_r3m: 0.037462
- VNQ_vol3m: 0.130806
- VWO_mdd: -0.108617
- VWO_r12m: 0.210149
- VWO_r1m: 0.012042
- VWO_r3m: 0.078770
- VWO_vol3m: 0.126587
- cross_vol: 0.080860
Assets: SPY, QQQ, IWM, DIA, EFA, EEM, VEA, VWO, AGG, BND, SHY, IEF, TLT, TIP, LQD, HYG, GLD, SLV, DBC, VNQ, UUP, BIL","{""SPY"":0.3333333333,""QQQ"":0.0555555556,""IWM"":0.0555555556,""DIA"":0.0555555556,""EFA"":0.0277777778,""EEM"":0.0277777778,""VEA"":0.0277777778,""VWO"":0.0277777778,""AGG"":0.0277777778,""BND"":0.0277777778,""SHY"":0.0277777778,""IEF"":0.0277777778,""TLT"":0.0277777778,""TIP"":0.0277777778,""LQD"":0.0277777778,""HYG"":0.0277777778,""GLD"":0.0277777778,""SLV"":0.0277777778,""DBC"":0.0277777778,""VNQ"":0.0277777778,""UUP"":0.0277777778,""BIL"":0.0277777778}","{""SPY"":0.3333333333,""QQQ"":0.0555555556,""IWM"":0.0555555556,""DIA"":0.0555555556,""EFA"":0.0277777778,""EEM"":0.0277777778,""VEA"":0.0277777778,""VWO"":0.0277777778,""AGG"":0.0277777778,""BND"":0.0277777778,""SHY"":0.0277777778,""IEF"":0.0277777778,""TLT"":0.0277777778,""TIP"":0.0277777778,""LQD"":0.0277777778,""HYG"":0.0277777778,""GLD"":0.0277777778,""SLV"":0.0277777778,""DBC"":0.0277777778,""VNQ"":0.0277777778,""UUP"":0.0277777778,""BIL"":0.0277777778}","{""SPY"":0.019047619,""QQQ"":0.019047619,""IWM"":0.019047619,""DIA"":0.019047619,""EFA"":0.019047619,""EEM"":0.019047619,""VEA"":0.019047619,""VWO"":0.019047619,""AGG"":0.019047619,""BND"":0.019047619,""SHY"":0.6,""IEF"":0.019047619,""TLT"":0.019047619,""TIP"":0.019047619,""LQD"":0.019047619,""HYG"":0.019047619,""GLD"":0.019047619,""SLV"":0.019047619,""DBC"":0.019047619,""VNQ"":0.019047619,""UUP"":0.019047619,""BIL"":0.019047619}",0,swap_vol3m_only,SHY,0.0033944868999588253,0.009453110881743164,0.009453110881743164,0.0033944868999588253
7183b751dc0bab51b6945f45,p2_counterfactual_v1,D_counterfactual_fewshot,gemma3:270m,P2,2019-05-09,7,2352,BIL,IEF,IEF,BIL,BIL,0,0,1,1,1.161904761904762,0.0012012012012015266,949bdec1006fd69eceb75603a0d5f56b0ec257fee407483586331c0cd6daa6d5,5949,b46665544a93821eb276f1beeb63ce24196199e8b196cac135c4ecb2a65b587b,2414,1,0,0,1.9406083339999896,1,"{""weights"": {""SPY"": 0.019, ""QQQ"": 0.019, ""IWM"": 0.019, ""DIA"": 0.019, ""EFA"": 0.019, ""EEM"": 0.019, ""VEA"": 0.019, ""VWO"": 0.019, ""AGG"": 0.019, ""BND"": 0.019, ""SHY"": 0.019, ""IEF"": 0.019, ""TLT"": 0.019, ""TIP"": 0.019, ""LQD"": 0.019, ""HYG"": 0.019, ""GLD"": 0.019, ""SLV"": 0.019, ""DBC"": 0.019, ""VNQ"": 0.019, ""UUP"": 0.019, ""BIL"": 0.6}}","You are a DEFENSIVE LOW-VOLATILITY policy profile. Your task is to translate a natural-language risk-averse policy into provisional portfolio weights. Use only the provided feature values, not outside market knowledge. Identify the eligible asset that appears safest, defined by the lowest `_vol3m` value. This is a defensive single-core policy profile, so do not default to equal weights when one asset clearly has the lowest recent volatility. Allocate 60% of the total portfolio weight to this safest asset as the language-level policy target. The hard maximum-weight constraint is 60%. Do not solve the projection yourself; express the language-level target and let the projection layer enforce feasibility before execution. Distribute the remaining weight equally among all other eligible assets. Use only tickers from the provided asset list. Include every eligible ticker exactly once. Return strictly valid JSON only. The `weights` field MUST be a JSON object where keys are tickers and values are numeric portfolio weights expressed as decimals, not percentages.

### EXAMPLE 1
Features:
- AGG_mdd: -0.001575
- AGG_r12m: 0.000000
- AGG_r1m: 0.010141
- AGG_r3m: 0.036773
- AGG_vol3m: 0.028416
- BIL_mdd: -0.000218
- BIL_r12m: 0.000000
- BIL_r1m: 0.000000
- BIL_r3m: 0.000218
- BIL_vol3m: 0.002950
- BND_mdd: -0.001826
- BND_r12m: 0.000000
TargetWeights(JSON): {""SPY"": 0.019, ""QQQ"": 0.019, ""IWM"": 0.019, ""DIA"": 0.019, ""EFA"": 0.019, ""EEM"": 0.019, ""VEA"": 0.019, ""VWO"": 0.019, ""AGG"": 0.019, ""BND"": 0.019, ""SHY"": 0.019, ""IEF"": 0.019, ""TLT"": 0.019, ""TIP"": 0.019, ""LQD"": 0.019, ""HYG"": 0.019, ""GLD"": 0.019, ""SLV"": 0.019, ""DBC"": 0.019, ""VNQ"": 0.019, ""UUP"": 0.019, ""BIL"": 0.6}
### EXAMPLE 2
Features:
- AGG_mdd: -0.006058
- AGG_r12m: 0.023318
- AGG_r1m: 0.003366
- AGG_r3m: 0.012987
- AGG_vol3m: 0.025139
- BIL_mdd: -0.002355
- BIL_r12m: -0.001092
- BIL_r1m: -0.000219
- BIL_r3m: -0.000437
- BIL_vol3m: 0.002158
- BND_mdd: -0.006570
- BND_r12m: 0.022424
TargetWeights(JSON): {""SPY"": 0.019, ""QQQ"": 0.019, ""IWM"": 0.019, ""DIA"": 0.019, ""EFA"": 0.019, ""EEM"": 0.019, ""VEA"": 0.019, ""VWO"": 0.019, ""AGG"": 0.019, ""BND"": 0.019, ""SHY"": 0.019, ""IEF"": 0.019, ""TLT"": 0.019, ""TIP"": 0.019, ""LQD"": 0.019, ""HYG"": 0.019, ""GLD"": 0.019, ""SLV"": 0.019, ""DBC"": 0.019, ""VNQ"": 0.019, ""UUP"": 0.019, ""BIL"": 0.6}
### EXAMPLE 3
Features:
- AGG_mdd: -0.023232
- AGG_r12m: 0.023574
- AGG_r1m: -0.010226
- AGG_r3m: -0.008662
- AGG_vol3m: 0.041183
- BIL_mdd: -0.003227
- BIL_r12m: -0.000874
- BIL_r1m: 0.000000
- BIL_r3m: -0.000219
- BIL_vol3m: 0.002677
- BND_mdd: -0.026157
- BND_r12m: 0.022103
TargetWeights(JSON): {""SPY"": 0.019, ""QQQ"": 0.019, ""IWM"": 0.019, ""DIA"": 0.019, ""EFA"": 0.019, ""EEM"": 0.019, ""VEA"": 0.019, ""VWO"": 0.019, ""AGG"": 0.019, ""BND"": 0.019, ""SHY"": 0.019, ""IEF"": 0.019, ""TLT"": 0.019, ""TIP"": 0.019, ""LQD"": 0.019, ""HYG"": 0.019, ""GLD"": 0.019, ""SLV"": 0.019, ""DBC"": 0.019, ""VNQ"": 0.019, ""UUP"": 0.019, ""BIL"": 0.6}
### EXAMPLE 4
Features:
- AGG_mdd: -0.003385
- AGG_r12m: 0.055655
- AGG_r1m: 0.002280
- AGG_r3m: 0.019918
- AGG_vol3m: 0.031626
- BIL_mdd: -0.003444
- BIL_r12m: 0.000219
- BIL_r1m: 0.000219
- BIL_r3m: 0.000438
- BIL_vol3m: 0.002921
- BND_mdd: -0.004302
- BND_r12m: 0.057862
TargetWeights(JSON): {""SPY"": 0.019, ""QQQ"": 0.019, ""IWM"": 0.019, ""DIA"": 0.019, ""EFA"": 0.019, ""EEM"": 0.019, ""VEA"": 0.019, ""VWO"": 0.019, ""AGG"": 0.019, ""BND"": 0.019, ""SHY"": 0.019, ""IEF"": 0.019, ""TLT"": 0.019, ""TIP"": 0.019, ""LQD"": 0.019, ""HYG"": 0.019, ""GLD"": 0.019, ""SLV"": 0.019, ""DBC"": 0.019, ""VNQ"": 0.019, ""UUP"": 0.019, ""BIL"": 0.6}

Current Features:
- AGG_mdd: 0.000000
- AGG_r12m: 0.059884
- AGG_r1m: 0.004712
- AGG_r3m: 0.021905
- AGG_vol3m: 0.026570
- BIL_mdd: 0.000000
- BIL_r12m: 0.020287
- BIL_r1m: 0.001903
- BIL_r3m: 0.005698
- BIL_vol3m: 0.043122
- BND_mdd: 0.000000
- BND_r12m: 0.060443
- BND_r1m: 0.005021
- BND_r3m: 0.022106
- BND_vol3m: 0.027043
- DBC_mdd: -0.503026
- DBC_r12m: -0.105279
- DBC_r1m: -0.033333
- DBC_r3m: 0.012282
- DBC_vol3m: 0.092395
- DIA_mdd: -0.030172
- DIA_r12m: 0.084867
- DIA_r1m: -0.011149
- DIA_r3m: 0.031574
- DIA_vol3m: 0.098810
- EEM_mdd: -0.181383
- EEM_r12m: -0.081568
- EEM_r1m: -0.058226
- EEM_r3m: -0.015802
- EEM_vol3m: 0.148310
- EFA_mdd: -0.111634
- EFA_r12m: -0.057793
- EFA_r1m: -0.015485
- EFA_r3m: 0.042269
- EFA_vol3m: 0.098369
- GLD_mdd: -0.343410
- GLD_r12m: -0.027209
- GLD_r1m: -0.015834
- GLD_r3m: -0.020527
- GLD_vol3m: 0.094543
- HYG_mdd: -0.007159
- HYG_r12m: 0.063068
- HYG_r1m: 0.000389
- HYG_r3m: 0.027259
- HYG_vol3m: 0.031127
- IEF_mdd: -0.011582
- IEF_r12m: 0.072670
- IEF_r1m: 0.006174
- IEF_r3m: 0.022543
- IEF_vol3m: 0.001704
- IWM_mdd: -0.089427
- IWM_r12m: 0.001824
- IWM_r1m: 0.006379
- IWM_r3m: 0.046205
- IWM_vol3m: 0.150638
- LQD_mdd: -0.004165
- LQD_r12m: 0.076425
- LQD_r1m: 0.004314
- LQD_r3m: 0.032836
- LQD_vol3m: 0.038625
- QQQ_mdd: -0.033174
- QQQ_r12m: 0.122226
- QQQ_r1m: 0.001572
- QQQ_r3m: 0.100317
- QQQ_vol3m: 0.115101
- SHY_mdd: 0.000000
- SHY_r12m: 0.030332
- SHY_r1m: 0.003411
- SHY_r3m: 0.009510
- SHY_vol3m: 0.009006
- SLV_mdd: -0.707364
- SLV_r12m: -0.108317
- SLV_r1m: -0.031513
- SLV_r3m: -0.063643
- SLV_vol3m: 0.144702
- SPY_mdd: -0.025065
- SPY_r12m: 0.094790
- SPY_r1m: -0.002262
- SPY_r3m: 0.065828
- SPY_vol3m: 0.095809
- TIP_mdd: -0.003482
- TIP_r12m: 0.029842
- TIP_r1m: 0.003862
- TIP_r3m: 0.021181
- TIP_vol3m: 0.032773
- TLT_mdd: -0.064701
- TLT_r12m: 0.081371
- TLT_r1m: 0.009697
- TLT_r3m: 0.031955
- TLT_vol3m: 0.090622
- UUP_mdd: -0.008755
- UUP_r12m: 0.080561
- UUP_r1m: 0.006928
- UUP_r3m: 0.018295
- UUP_vol3m: 0.045485
- VEA_mdd: -0.119090
- VEA_r12m: -0.065387
- VEA_r1m: -0.019259
- VEA_r3m: 0.034774
- VEA_vol3m: 0.099283
- VNQ_mdd: -0.023964
- VNQ_r12m: 0.157834
- VNQ_r1m: -0.010933
- VNQ_r3m: 0.028941
- VNQ_vol3m: 0.113749
- VWO_mdd: -0.165261
- VWO_r12m: -0.062626
- VWO_r1m: -0.055073
- VWO_r3m: 0.007078
- VWO_vol3m: 0.148106
- cross_vol: 0.079359
Assets: SPY, QQQ, IWM, DIA, EFA, EEM, VEA, VWO, AGG, BND, SHY, IEF, TLT, TIP, LQD, HYG, GLD, SLV, DBC, VNQ, UUP, BIL","{""SPY"":0.019019019,""QQQ"":0.019019019,""IWM"":0.019019019,""DIA"":0.019019019,""EFA"":0.019019019,""EEM"":0.019019019,""VEA"":0.019019019,""VWO"":0.019019019,""AGG"":0.019019019,""BND"":0.019019019,""SHY"":0.019019019,""IEF"":0.019019019,""TLT"":0.019019019,""TIP"":0.019019019,""LQD"":0.019019019,""HYG"":0.019019019,""GLD"":0.019019019,""SLV"":0.019019019,""DBC"":0.019019019,""VNQ"":0.019019019,""UUP"":0.019019019,""BIL"":0.6006006006}","{""SPY"":0.019047619,""QQQ"":0.019047619,""IWM"":0.019047619,""DIA"":0.019047619,""EFA"":0.019047619,""EEM"":0.019047619,""VEA"":0.019047619,""VWO"":0.019047619,""AGG"":0.019047619,""BND"":0.019047619,""SHY"":0.019047619,""IEF"":0.019047619,""TLT"":0.019047619,""TIP"":0.019047619,""LQD"":0.019047619,""HYG"":0.019047619,""GLD"":0.019047619,""SLV"":0.019047619,""DBC"":0.019047619,""VNQ"":0.019047619,""UUP"":0.019047619,""BIL"":0.6}","{""SPY"":0.019047619,""QQQ"":0.019047619,""IWM"":0.019047619,""DIA"":0.019047619,""EFA"":0.019047619,""EEM"":0.019047619,""VEA"":0.019047619,""VWO"":0.019047619,""AGG"":0.019047619,""BND"":0.019047619,""SHY"":0.019047619,""IEF"":0.6,""TLT"":0.019047619,""TIP"":0.019047619,""LQD"":0.019047619,""HYG"":0.019047619,""GLD"":0.019047619,""SLV"":0.019047619,""DBC"":0.019047619,""VNQ"":0.019047619,""UUP"":0.019047619,""BIL"":0.019047619}",0,swap_vol3m_only,IEF,0.0017035513453868656,0.04312188500943311,0.04312188500943311,0.0017035513453868656
430d89329111161d4477a281,p2_counterfactual_v1,E_counterfactual_no_fewshot,gemma3:270m,P2,2019-05-09,7,2352,BIL,IEF,IEF,SPY,SPY,0,0,0,0,1.1090909090909096,3.0531133177191805e-16,57dbadd8bf19c25b0e65f56939525cda6b149ec458a472778a88cbd837ef2cc4,3535,e3b0c44298fc1c149afbf4c8996fb92427ae41e4649b934ca495991b7852b855,0,1,0,0,1.4482871669897577,1,"{""weights"": {""SPY"": 60, ""QQQ"": 60, ""IWM"": 60, ""DIA"": 60, ""EFA"": 60, ""EEM"": 60, ""VEA"": 60, ""VWO"": 60, ""AGG"": 60, ""BND"": 60, ""SHY"": 60, ""IEF"": 60, ""TLT"": 60, ""TIP"": 60, ""LQD"": 60, ""HYG"": 60, ""GLD"": 60, ""SLV"": 60, ""DBC"": 60, ""VNQ"": 60, ""UUP"": 60, ""BIL"": 60}}","You are a DEFENSIVE LOW-VOLATILITY policy profile. Your task is to translate a natural-language risk-averse policy into provisional portfolio weights. Use only the provided feature values, not outside market knowledge. Identify the eligible asset that appears safest, defined by the lowest `_vol3m` value. This is a defensive single-core policy profile, so do not default to equal weights when one asset clearly has the lowest recent volatility. Allocate 60% of the total portfolio weight to this safest asset as the language-level policy target. The hard maximum-weight constraint is 60%. Do not solve the projection yourself; express the language-level target and let the projection layer enforce feasibility before execution. Distribute the remaining weight equally among all other eligible assets. Use only tickers from the provided asset list. Include every eligible ticker exactly once. Return strictly valid JSON only. The `weights` field MUST be a JSON object where keys are tickers and values are numeric portfolio weights expressed as decimals, not percentages.



Current Features:
- AGG_mdd: 0.000000
- AGG_r12m: 0.059884
- AGG_r1m: 0.004712
- AGG_r3m: 0.021905
- AGG_vol3m: 0.026570
- BIL_mdd: 0.000000
- BIL_r12m: 0.020287
- BIL_r1m: 0.001903
- BIL_r3m: 0.005698
- BIL_vol3m: 0.043122
- BND_mdd: 0.000000
- BND_r12m: 0.060443
- BND_r1m: 0.005021
- BND_r3m: 0.022106
- BND_vol3m: 0.027043
- DBC_mdd: -0.503026
- DBC_r12m: -0.105279
- DBC_r1m: -0.033333
- DBC_r3m: 0.012282
- DBC_vol3m: 0.092395
- DIA_mdd: -0.030172
- DIA_r12m: 0.084867
- DIA_r1m: -0.011149
- DIA_r3m: 0.031574
- DIA_vol3m: 0.098810
- EEM_mdd: -0.181383
- EEM_r12m: -0.081568
- EEM_r1m: -0.058226
- EEM_r3m: -0.015802
- EEM_vol3m: 0.148310
- EFA_mdd: -0.111634
- EFA_r12m: -0.057793
- EFA_r1m: -0.015485
- EFA_r3m: 0.042269
- EFA_vol3m: 0.098369
- GLD_mdd: -0.343410
- GLD_r12m: -0.027209
- GLD_r1m: -0.015834
- GLD_r3m: -0.020527
- GLD_vol3m: 0.094543
- HYG_mdd: -0.007159
- HYG_r12m: 0.063068
- HYG_r1m: 0.000389
- HYG_r3m: 0.027259
- HYG_vol3m: 0.031127
- IEF_mdd: -0.011582
- IEF_r12m: 0.072670
- IEF_r1m: 0.006174
- IEF_r3m: 0.022543
- IEF_vol3m: 0.001704
- IWM_mdd: -0.089427
- IWM_r12m: 0.001824
- IWM_r1m: 0.006379
- IWM_r3m: 0.046205
- IWM_vol3m: 0.150638
- LQD_mdd: -0.004165
- LQD_r12m: 0.076425
- LQD_r1m: 0.004314
- LQD_r3m: 0.032836
- LQD_vol3m: 0.038625
- QQQ_mdd: -0.033174
- QQQ_r12m: 0.122226
- QQQ_r1m: 0.001572
- QQQ_r3m: 0.100317
- QQQ_vol3m: 0.115101
- SHY_mdd: 0.000000
- SHY_r12m: 0.030332
- SHY_r1m: 0.003411
- SHY_r3m: 0.009510
- SHY_vol3m: 0.009006
- SLV_mdd: -0.707364
- SLV_r12m: -0.108317
- SLV_r1m: -0.031513
- SLV_r3m: -0.063643
- SLV_vol3m: 0.144702
- SPY_mdd: -0.025065
- SPY_r12m: 0.094790
- SPY_r1m: -0.002262
- SPY_r3m: 0.065828
- SPY_vol3m: 0.095809
- TIP_mdd: -0.003482
- TIP_r12m: 0.029842
- TIP_r1m: 0.003862
- TIP_r3m: 0.021181
- TIP_vol3m: 0.032773
- TLT_mdd: -0.064701
- TLT_r12m: 0.081371
- TLT_r1m: 0.009697
- TLT_r3m: 0.031955
- TLT_vol3m: 0.090622
- UUP_mdd: -0.008755
- UUP_r12m: 0.080561
- UUP_r1m: 0.006928
- UUP_r3m: 0.018295
- UUP_vol3m: 0.045485
- VEA_mdd: -0.119090
- VEA_r12m: -0.065387
- VEA_r1m: -0.019259
- VEA_r3m: 0.034774
- VEA_vol3m: 0.099283
- VNQ_mdd: -0.023964
- VNQ_r12m: 0.157834
- VNQ_r1m: -0.010933
- VNQ_r3m: 0.028941
- VNQ_vol3m: 0.113749
- VWO_mdd: -0.165261
- VWO_r12m: -0.062626
- VWO_r1m: -0.055073
- VWO_r3m: 0.007078
- VWO_vol3m: 0.148106
- cross_vol: 0.079359
Assets: SPY, QQQ, IWM, DIA, EFA, EEM, VEA, VWO, AGG, BND, SHY, IEF, TLT, TIP, LQD, HYG, GLD, SLV, DBC, VNQ, UUP, BIL","{""SPY"":0.0454545455,""QQQ"":0.0454545455,""IWM"":0.0454545455,""DIA"":0.0454545455,""EFA"":0.0454545455,""EEM"":0.0454545455,""VEA"":0.0454545455,""VWO"":0.0454545455,""AGG"":0.0454545455,""BND"":0.0454545455,""SHY"":0.0454545455,""IEF"":0.0454545455,""TLT"":0.0454545455,""TIP"":0.0454545455,""LQD"":0.0454545455,""HYG"":0.0454545455,""GLD"":0.0454545455,""SLV"":0.0454545455,""DBC"":0.0454545455,""VNQ"":0.0454545455,""UUP"":0.0454545455,""BIL"":0.0454545455}","{""SPY"":0.0454545455,""QQQ"":0.0454545455,""IWM"":0.0454545455,""DIA"":0.0454545455,""EFA"":0.0454545455,""EEM"":0.0454545455,""VEA"":0.0454545455,""VWO"":0.0454545455,""AGG"":0.0454545455,""BND"":0.0454545455,""SHY"":0.0454545455,""IEF"":0.0454545455,""TLT"":0.0454545455,""TIP"":0.0454545455,""LQD"":0.0454545455,""HYG"":0.0454545455,""GLD"":0.0454545455,""SLV"":0.0454545455,""DBC"":0.0454545455,""VNQ"":0.0454545455,""UUP"":0.0454545455,""BIL"":0.0454545455}","{""SPY"":0.019047619,""QQQ"":0.019047619,""IWM"":0.019047619,""DIA"":0.019047619,""EFA"":0.019047619,""EEM"":0.019047619,""VEA"":0.019047619,""VWO"":0.019047619,""AGG"":0.019047619,""BND"":0.019047619,""SHY"":0.019047619,""IEF"":0.6,""TLT"":0.019047619,""TIP"":0.019047619,""LQD"":0.019047619,""HYG"":0.019047619,""GLD"":0.019047619,""SLV"":0.019047619,""DBC"":0.019047619,""VNQ"":0.019047619,""UUP"":0.019047619,""BIL"":0.019047619}",0,swap_vol3m_only,IEF,0.0017035513453868656,0.04312188500943311,0.04312188500943311,0.0017035513453868656
501c136e4e29a1d40b762454,p2_counterfactual_v1,D_counterfactual_fewshot,gemma3:1b,P2,2019-05-09,7,2352,BIL,IEF,IEF,BIL,BIL,0,0,1,1,1.161904761904762,0.0012012012012015266,949bdec1006fd69eceb75603a0d5f56b0ec257fee407483586331c0cd6daa6d5,5949,b46665544a93821eb276f1beeb63ce24196199e8b196cac135c4ecb2a65b587b,2414,1,0,0,4.865873290997115,1,"{""weights"": {""SPY"": 0.019, ""QQQ"": 0.019, ""IWM"": 0.019, ""DIA"": 0.019, ""EFA"": 0.019, ""EEM"": 0.019, ""VEA"": 0.019, ""VWO"": 0.019, ""AGG"": 0.019, ""BND"": 0.019, ""SHY"": 0.019, ""IEF"": 0.019, ""TLT"": 0.019, ""TIP"": 0.019, ""LQD"": 0.019, ""HYG"": 0.019, ""GLD"": 0.019, ""SLV"": 0.019, ""DBC"": 0.019, ""VNQ"": 0.019, ""UUP"": 0.019, ""BIL"": 0.6}}","You are a DEFENSIVE LOW-VOLATILITY policy profile. Your task is to translate a natural-language risk-averse policy into provisional portfolio weights. Use only the provided feature values, not outside market knowledge. Identify the eligible asset that appears safest, defined by the lowest `_vol3m` value. This is a defensive single-core policy profile, so do not default to equal weights when one asset clearly has the lowest recent volatility. Allocate 60% of the total portfolio weight to this safest asset as the language-level policy target. The hard maximum-weight constraint is 60%. Do not solve the projection yourself; express the language-level target and let the projection layer enforce feasibility before execution. Distribute the remaining weight equally among all other eligible assets. Use only tickers from the provided asset list. Include every eligible ticker exactly once. Return strictly valid JSON only. The `weights` field MUST be a JSON object where keys are tickers and values are numeric portfolio weights expressed as decimals, not percentages.

### EXAMPLE 1
Features:
- AGG_mdd: -0.001575
- AGG_r12m: 0.000000
- AGG_r1m: 0.010141
- AGG_r3m: 0.036773
- AGG_vol3m: 0.028416
- BIL_mdd: -0.000218
- BIL_r12m: 0.000000
- BIL_r1m: 0.000000
- BIL_r3m: 0.000218
- BIL_vol3m: 0.002950
- BND_mdd: -0.001826
- BND_r12m: 0.000000
TargetWeights(JSON): {""SPY"": 0.019, ""QQQ"": 0.019, ""IWM"": 0.019, ""DIA"": 0.019, ""EFA"": 0.019, ""EEM"": 0.019, ""VEA"": 0.019, ""VWO"": 0.019, ""AGG"": 0.019, ""BND"": 0.019, ""SHY"": 0.019, ""IEF"": 0.019, ""TLT"": 0.019, ""TIP"": 0.019, ""LQD"": 0.019, ""HYG"": 0.019, ""GLD"": 0.019, ""SLV"": 0.019, ""DBC"": 0.019, ""VNQ"": 0.019, ""UUP"": 0.019, ""BIL"": 0.6}
### EXAMPLE 2
Features:
- AGG_mdd: -0.006058
- AGG_r12m: 0.023318
- AGG_r1m: 0.003366
- AGG_r3m: 0.012987
- AGG_vol3m: 0.025139
- BIL_mdd: -0.002355
- BIL_r12m: -0.001092
- BIL_r1m: -0.000219
- BIL_r3m: -0.000437
- BIL_vol3m: 0.002158
- BND_mdd: -0.006570
- BND_r12m: 0.022424
TargetWeights(JSON): {""SPY"": 0.019, ""QQQ"": 0.019, ""IWM"": 0.019, ""DIA"": 0.019, ""EFA"": 0.019, ""EEM"": 0.019, ""VEA"": 0.019, ""VWO"": 0.019, ""AGG"": 0.019, ""BND"": 0.019, ""SHY"": 0.019, ""IEF"": 0.019, ""TLT"": 0.019, ""TIP"": 0.019, ""LQD"": 0.019, ""HYG"": 0.019, ""GLD"": 0.019, ""SLV"": 0.019, ""DBC"": 0.019, ""VNQ"": 0.019, ""UUP"": 0.019, ""BIL"": 0.6}
### EXAMPLE 3
Features:
- AGG_mdd: -0.023232
- AGG_r12m: 0.023574
- AGG_r1m: -0.010226
- AGG_r3m: -0.008662
- AGG_vol3m: 0.041183
- BIL_mdd: -0.003227
- BIL_r12m: -0.000874
- BIL_r1m: 0.000000
- BIL_r3m: -0.000219
- BIL_vol3m: 0.002677
- BND_mdd: -0.026157
- BND_r12m: 0.022103
TargetWeights(JSON): {""SPY"": 0.019, ""QQQ"": 0.019, ""IWM"": 0.019, ""DIA"": 0.019, ""EFA"": 0.019, ""EEM"": 0.019, ""VEA"": 0.019, ""VWO"": 0.019, ""AGG"": 0.019, ""BND"": 0.019, ""SHY"": 0.019, ""IEF"": 0.019, ""TLT"": 0.019, ""TIP"": 0.019, ""LQD"": 0.019, ""HYG"": 0.019, ""GLD"": 0.019, ""SLV"": 0.019, ""DBC"": 0.019, ""VNQ"": 0.019, ""UUP"": 0.019, ""BIL"": 0.6}
### EXAMPLE 4
Features:
- AGG_mdd: -0.003385
- AGG_r12m: 0.055655
- AGG_r1m: 0.002280
- AGG_r3m: 0.019918
- AGG_vol3m: 0.031626
- BIL_mdd: -0.003444
- BIL_r12m: 0.000219
- BIL_r1m: 0.000219
- BIL_r3m: 0.000438
- BIL_vol3m: 0.002921
- BND_mdd: -0.004302
- BND_r12m: 0.057862
TargetWeights(JSON): {""SPY"": 0.019, ""QQQ"": 0.019, ""IWM"": 0.019, ""DIA"": 0.019, ""EFA"": 0.019, ""EEM"": 0.019, ""VEA"": 0.019, ""VWO"": 0.019, ""AGG"": 0.019, ""BND"": 0.019, ""SHY"": 0.019, ""IEF"": 0.019, ""TLT"": 0.019, ""TIP"": 0.019, ""LQD"": 0.019, ""HYG"": 0.019, ""GLD"": 0.019, ""SLV"": 0.019, ""DBC"": 0.019, ""VNQ"": 0.019, ""UUP"": 0.019, ""BIL"": 0.6}

Current Features:
- AGG_mdd: 0.000000
- AGG_r12m: 0.059884
- AGG_r1m: 0.004712
- AGG_r3m: 0.021905
- AGG_vol3m: 0.026570
- BIL_mdd: 0.000000
- BIL_r12m: 0.020287
- BIL_r1m: 0.001903
- BIL_r3m: 0.005698
- BIL_vol3m: 0.043122
- BND_mdd: 0.000000
- BND_r12m: 0.060443
- BND_r1m: 0.005021
- BND_r3m: 0.022106
- BND_vol3m: 0.027043
- DBC_mdd: -0.503026
- DBC_r12m: -0.105279
- DBC_r1m: -0.033333
- DBC_r3m: 0.012282
- DBC_vol3m: 0.092395
- DIA_mdd: -0.030172
- DIA_r12m: 0.084867
- DIA_r1m: -0.011149
- DIA_r3m: 0.031574
- DIA_vol3m: 0.098810
- EEM_mdd: -0.181383
- EEM_r12m: -0.081568
- EEM_r1m: -0.058226
- EEM_r3m: -0.015802
- EEM_vol3m: 0.148310
- EFA_mdd: -0.111634
- EFA_r12m: -0.057793
- EFA_r1m: -0.015485
- EFA_r3m: 0.042269
- EFA_vol3m: 0.098369
- GLD_mdd: -0.343410
- GLD_r12m: -0.027209
- GLD_r1m: -0.015834
- GLD_r3m: -0.020527
- GLD_vol3m: 0.094543
- HYG_mdd: -0.007159
- HYG_r12m: 0.063068
- HYG_r1m: 0.000389
- HYG_r3m: 0.027259
- HYG_vol3m: 0.031127
- IEF_mdd: -0.011582
- IEF_r12m: 0.072670
- IEF_r1m: 0.006174
- IEF_r3m: 0.022543
- IEF_vol3m: 0.001704
- IWM_mdd: -0.089427
- IWM_r12m: 0.001824
- IWM_r1m: 0.006379
- IWM_r3m: 0.046205
- IWM_vol3m: 0.150638
- LQD_mdd: -0.004165
- LQD_r12m: 0.076425
- LQD_r1m: 0.004314
- LQD_r3m: 0.032836
- LQD_vol3m: 0.038625
- QQQ_mdd: -0.033174
- QQQ_r12m: 0.122226
- QQQ_r1m: 0.001572
- QQQ_r3m: 0.100317
- QQQ_vol3m: 0.115101
- SHY_mdd: 0.000000
- SHY_r12m: 0.030332
- SHY_r1m: 0.003411
- SHY_r3m: 0.009510
- SHY_vol3m: 0.009006
- SLV_mdd: -0.707364
- SLV_r12m: -0.108317
- SLV_r1m: -0.031513
- SLV_r3m: -0.063643
- SLV_vol3m: 0.144702
- SPY_mdd: -0.025065
- SPY_r12m: 0.094790
- SPY_r1m: -0.002262
- SPY_r3m: 0.065828
- SPY_vol3m: 0.095809
- TIP_mdd: -0.003482
- TIP_r12m: 0.029842
- TIP_r1m: 0.003862
- TIP_r3m: 0.021181
- TIP_vol3m: 0.032773
- TLT_mdd: -0.064701
- TLT_r12m: 0.081371
- TLT_r1m: 0.009697
- TLT_r3m: 0.031955
- TLT_vol3m: 0.090622
- UUP_mdd: -0.008755
- UUP_r12m: 0.080561
- UUP_r1m: 0.006928
- UUP_r3m: 0.018295
- UUP_vol3m: 0.045485
- VEA_mdd: -0.119090
- VEA_r12m: -0.065387
- VEA_r1m: -0.019259
- VEA_r3m: 0.034774
- VEA_vol3m: 0.099283
- VNQ_mdd: -0.023964
- VNQ_r12m: 0.157834
- VNQ_r1m: -0.010933
- VNQ_r3m: 0.028941
- VNQ_vol3m: 0.113749
- VWO_mdd: -0.165261
- VWO_r12m: -0.062626
- VWO_r1m: -0.055073
- VWO_r3m: 0.007078
- VWO_vol3m: 0.148106
- cross_vol: 0.079359
Assets: SPY, QQQ, IWM, DIA, EFA, EEM, VEA, VWO, AGG, BND, SHY, IEF, TLT, TIP, LQD, HYG, GLD, SLV, DBC, VNQ, UUP, BIL","{""SPY"":0.019019019,""QQQ"":0.019019019,""IWM"":0.019019019,""DIA"":0.019019019,""EFA"":0.019019019,""EEM"":0.019019019,""VEA"":0.019019019,""VWO"":0.019019019,""AGG"":0.019019019,""BND"":0.019019019,""SHY"":0.019019019,""IEF"":0.019019019,""TLT"":0.019019019,""TIP"":0.019019019,""LQD"":0.019019019,""HYG"":0.019019019,""GLD"":0.019019019,""SLV"":0.019019019,""DBC"":0.019019019,""VNQ"":0.019019019,""UUP"":0.019019019,""BIL"":0.6006006006}","{""SPY"":0.019047619,""QQQ"":0.019047619,""IWM"":0.019047619,""DIA"":0.019047619,""EFA"":0.019047619,""EEM"":0.019047619,""VEA"":0.019047619,""VWO"":0.019047619,""AGG"":0.019047619,""BND"":0.019047619,""SHY"":0.019047619,""IEF"":0.019047619,""TLT"":0.019047619,""TIP"":0.019047619,""LQD"":0.019047619,""HYG"":0.019047619,""GLD"":0.019047619,""SLV"":0.019047619,""DBC"":0.019047619,""VNQ"":0.019047619,""UUP"":0.019047619,""BIL"":0.6}","{""SPY"":0.019047619,""QQQ"":0.019047619,""IWM"":0.019047619,""DIA"":0.019047619,""EFA"":0.019047619,""EEM"":0.019047619,""VEA"":0.019047619,""VWO"":0.019047619,""AGG"":0.019047619,""BND"":0.019047619,""SHY"":0.019047619,""IEF"":0.6,""TLT"":0.019047619,""TIP"":0.019047619,""LQD"":0.019047619,""HYG"":0.019047619,""GLD"":0.019047619,""SLV"":0.019047619,""DBC"":0.019047619,""VNQ"":0.019047619,""UUP"":0.019047619,""BIL"":0.019047619}",0,swap_vol3m_only,IEF,0.0017035513453868656,0.04312188500943311,0.04312188500943311,0.0017035513453868656
99508d5a8578a110ac85ad24,p2_counterfactual_v1,E_counterfactual_no_fewshot,gemma3:1b,P2,2019-05-09,7,2352,BIL,IEF,IEF,SPY,SPY,0,0,0,0,1.3798350625166274,3.183217578417441e-16,57dbadd8bf19c25b0e65f56939525cda6b149ec458a472778a88cbd837ef2cc4,3535,e3b0c44298fc1c149afbf4c8996fb92427ae41e4649b934ca495991b7852b855,0,1,0,0,3.5197684169979766,1,"{""weights"": {""SPY"":0.35, ""QQQ"":0.28, ""IWM"":0.19, ""DIA"":0.16, ""EFA"":0.14, ""EEM"":0.12, ""VEA"":0.11, ""VWO"":0.08, ""AGG"":0.07, ""BND"":0.06, ""SHY"":0.05, ""IEF"":0.04, ""TLT"":0.03, ""TIP"":0.02, ""LQD"":0.02, ""HYG"":0.01, ""GLD"":0.01, ""SLV"":0.01, ""DBC"":0.01, ""VNQ"":0.01, ""UUP"":0.01, ""BIL"":0.01}}","You are a DEFENSIVE LOW-VOLATILITY policy profile. Your task is to translate a natural-language risk-averse policy into provisional portfolio weights. Use only the provided feature values, not outside market knowledge. Identify the eligible asset that appears safest, defined by the lowest `_vol3m` value. This is a defensive single-core policy profile, so do not default to equal weights when one asset clearly has the lowest recent volatility. Allocate 60% of the total portfolio weight to this safest asset as the language-level policy target. The hard maximum-weight constraint is 60%. Do not solve the projection yourself; express the language-level target and let the projection layer enforce feasibility before execution. Distribute the remaining weight equally among all other eligible assets. Use only tickers from the provided asset list. Include every eligible ticker exactly once. Return strictly valid JSON only. The `weights` field MUST be a JSON object where keys are tickers and values are numeric portfolio weights expressed as decimals, not percentages.



Current Features:
- AGG_mdd: 0.000000
- AGG_r12m: 0.059884
- AGG_r1m: 0.004712
- AGG_r3m: 0.021905
- AGG_vol3m: 0.026570
- BIL_mdd: 0.000000
- BIL_r12m: 0.020287
- BIL_r1m: 0.001903
- BIL_r3m: 0.005698
- BIL_vol3m: 0.043122
- BND_mdd: 0.000000
- BND_r12m: 0.060443
- BND_r1m: 0.005021
- BND_r3m: 0.022106
- BND_vol3m: 0.027043
- DBC_mdd: -0.503026
- DBC_r12m: -0.105279
- DBC_r1m: -0.033333
- DBC_r3m: 0.012282
- DBC_vol3m: 0.092395
- DIA_mdd: -0.030172
- DIA_r12m: 0.084867
- DIA_r1m: -0.011149
- DIA_r3m: 0.031574
- DIA_vol3m: 0.098810
- EEM_mdd: -0.181383
- EEM_r12m: -0.081568
- EEM_r1m: -0.058226
- EEM_r3m: -0.015802
- EEM_vol3m: 0.148310
- EFA_mdd: -0.111634
- EFA_r12m: -0.057793
- EFA_r1m: -0.015485
- EFA_r3m: 0.042269
- EFA_vol3m: 0.098369
- GLD_mdd: -0.343410
- GLD_r12m: -0.027209
- GLD_r1m: -0.015834
- GLD_r3m: -0.020527
- GLD_vol3m: 0.094543
- HYG_mdd: -0.007159
- HYG_r12m: 0.063068
- HYG_r1m: 0.000389
- HYG_r3m: 0.027259
- HYG_vol3m: 0.031127
- IEF_mdd: -0.011582
- IEF_r12m: 0.072670
- IEF_r1m: 0.006174
- IEF_r3m: 0.022543
- IEF_vol3m: 0.001704
- IWM_mdd: -0.089427
- IWM_r12m: 0.001824
- IWM_r1m: 0.006379
- IWM_r3m: 0.046205
- IWM_vol3m: 0.150638
- LQD_mdd: -0.004165
- LQD_r12m: 0.076425
- LQD_r1m: 0.004314
- LQD_r3m: 0.032836
- LQD_vol3m: 0.038625
- QQQ_mdd: -0.033174
- QQQ_r12m: 0.122226
- QQQ_r1m: 0.001572
- QQQ_r3m: 0.100317
- QQQ_vol3m: 0.115101
- SHY_mdd: 0.000000
- SHY_r12m: 0.030332
- SHY_r1m: 0.003411
- SHY_r3m: 0.009510
- SHY_vol3m: 0.009006
- SLV_mdd: -0.707364
- SLV_r12m: -0.108317
- SLV_r1m: -0.031513
- SLV_r3m: -0.063643
- SLV_vol3m: 0.144702
- SPY_mdd: -0.025065
- SPY_r12m: 0.094790
- SPY_r1m: -0.002262
- SPY_r3m: 0.065828
- SPY_vol3m: 0.095809
- TIP_mdd: -0.003482
- TIP_r12m: 0.029842
- TIP_r1m: 0.003862
- TIP_r3m: 0.021181
- TIP_vol3m: 0.032773
- TLT_mdd: -0.064701
- TLT_r12m: 0.081371
- TLT_r1m: 0.009697
- TLT_r3m: 0.031955
- TLT_vol3m: 0.090622
- UUP_mdd: -0.008755
- UUP_r12m: 0.080561
- UUP_r1m: 0.006928
- UUP_r3m: 0.018295
- UUP_vol3m: 0.045485
- VEA_mdd: -0.119090
- VEA_r12m: -0.065387
- VEA_r1m: -0.019259
- VEA_r3m: 0.034774
- VEA_vol3m: 0.099283
- VNQ_mdd: -0.023964
- VNQ_r12m: 0.157834
- VNQ_r1m: -0.010933
- VNQ_r3m: 0.028941
- VNQ_vol3m: 0.113749
- VWO_mdd: -0.165261
- VWO_r12m: -0.062626
- VWO_r1m: -0.055073
- VWO_r3m: 0.007078
- VWO_vol3m: 0.148106
- cross_vol: 0.079359
Assets: SPY, QQQ, IWM, DIA, EFA, EEM, VEA, VWO, AGG, BND, SHY, IEF, TLT, TIP, LQD, HYG, GLD, SLV, DBC, VNQ, UUP, BIL","{""SPY"":0.1955307263,""QQQ"":0.156424581,""IWM"":0.1061452514,""DIA"":0.0893854749,""EFA"":0.0782122905,""EEM"":0.0670391061,""VEA"":0.061452514,""VWO"":0.0446927374,""AGG"":0.0391061453,""BND"":0.0335195531,""SHY"":0.0279329609,""IEF"":0.0223463687,""TLT"":0.0167597765,""TIP"":0.0111731844,""LQD"":0.0111731844,""HYG"":0.0055865922,""GLD"":0.0055865922,""SLV"":0.0055865922,""DBC"":0.0055865922,""VNQ"":0.0055865922,""UUP"":0.0055865922,""BIL"":0.0055865922}","{""SPY"":0.1955307263,""QQQ"":0.156424581,""IWM"":0.1061452514,""DIA"":0.0893854749,""EFA"":0.0782122905,""EEM"":0.0670391061,""VEA"":0.061452514,""VWO"":0.0446927374,""AGG"":0.0391061453,""BND"":0.0335195531,""SHY"":0.0279329609,""IEF"":0.0223463687,""TLT"":0.0167597765,""TIP"":0.0111731844,""LQD"":0.0111731844,""HYG"":0.0055865922,""GLD"":0.0055865922,""SLV"":0.0055865922,""DBC"":0.0055865922,""VNQ"":0.0055865922,""UUP"":0.0055865922,""BIL"":0.0055865922}","{""SPY"":0.019047619,""QQQ"":0.019047619,""IWM"":0.019047619,""DIA"":0.019047619,""EFA"":0.019047619,""EEM"":0.019047619,""VEA"":0.019047619,""VWO"":0.019047619,""AGG"":0.019047619,""BND"":0.019047619,""SHY"":0.019047619,""IEF"":0.6,""TLT"":0.019047619,""TIP"":0.019047619,""LQD"":0.019047619,""HYG"":0.019047619,""GLD"":0.019047619,""SLV"":0.019047619,""DBC"":0.019047619,""VNQ"":0.019047619,""UUP"":0.019047619,""BIL"":0.019047619}",0,swap_vol3m_only,IEF,0.0017035513453868656,0.04312188500943311,0.04312188500943311,0.0017035513453868656
7202410daaf542ee61b586b4,p2_counterfactual_v1,D_counterfactual_fewshot,llama3.1:8b,P2,2019-05-09,7,2352,BIL,IEF,IEF,BIL,BIL,0,0,1,1,1.161904761904762,0.0012012012012015266,949bdec1006fd69eceb75603a0d5f56b0ec257fee407483586331c0cd6daa6d5,5949,b46665544a93821eb276f1beeb63ce24196199e8b196cac135c4ecb2a65b587b,2414,1,0,0,16.430054791999282,1,"{
  ""weights"": {
    ""SPY"": 0.019,
    ""QQQ"": 0.019,
    ""IWM"": 0.019,
    ""DIA"": 0.019,
    ""EFA"": 0.019,
    ""EEM"": 0.019,
    ""VEA"": 0.019,
    ""VWO"": 0.019,
    ""AGG"": 0.019,
    ""BND"": 0.019,
    ""SHY"": 0.019,
    ""IEF"": 0.019,
    ""TLT"": 0.019,
    ""TIP"": 0.019,
    ""LQD"": 0.019,
    ""HYG"": 0.019,
    ""GLD"": 0.019,
    ""SLV"": 0.019,
    ""DBC"": 0.019,
    ""VNQ"": 0.019,
    ""UUP"": 0.019,
    ""BIL"": 0.6
  }
}","You are a DEFENSIVE LOW-VOLATILITY policy profile. Your task is to translate a natural-language risk-averse policy into provisional portfolio weights. Use only the provided feature values, not outside market knowledge. Identify the eligible asset that appears safest, defined by the lowest `_vol3m` value. This is a defensive single-core policy profile, so do not default to equal weights when one asset clearly has the lowest recent volatility. Allocate 60% of the total portfolio weight to this safest asset as the language-level policy target. The hard maximum-weight constraint is 60%. Do not solve the projection yourself; express the language-level target and let the projection layer enforce feasibility before execution. Distribute the remaining weight equally among all other eligible assets. Use only tickers from the provided asset list. Include every eligible ticker exactly once. Return strictly valid JSON only. The `weights` field MUST be a JSON object where keys are tickers and values are numeric portfolio weights expressed as decimals, not percentages.

### EXAMPLE 1
Features:
- AGG_mdd: -0.001575
- AGG_r12m: 0.000000
- AGG_r1m: 0.010141
- AGG_r3m: 0.036773
- AGG_vol3m: 0.028416
- BIL_mdd: -0.000218
- BIL_r12m: 0.000000
- BIL_r1m: 0.000000
- BIL_r3m: 0.000218
- BIL_vol3m: 0.002950
- BND_mdd: -0.001826
- BND_r12m: 0.000000
TargetWeights(JSON): {""SPY"": 0.019, ""QQQ"": 0.019, ""IWM"": 0.019, ""DIA"": 0.019, ""EFA"": 0.019, ""EEM"": 0.019, ""VEA"": 0.019, ""VWO"": 0.019, ""AGG"": 0.019, ""BND"": 0.019, ""SHY"": 0.019, ""IEF"": 0.019, ""TLT"": 0.019, ""TIP"": 0.019, ""LQD"": 0.019, ""HYG"": 0.019, ""GLD"": 0.019, ""SLV"": 0.019, ""DBC"": 0.019, ""VNQ"": 0.019, ""UUP"": 0.019, ""BIL"": 0.6}
### EXAMPLE 2
Features:
- AGG_mdd: -0.006058
- AGG_r12m: 0.023318
- AGG_r1m: 0.003366
- AGG_r3m: 0.012987
- AGG_vol3m: 0.025139
- BIL_mdd: -0.002355
- BIL_r12m: -0.001092
- BIL_r1m: -0.000219
- BIL_r3m: -0.000437
- BIL_vol3m: 0.002158
- BND_mdd: -0.006570
- BND_r12m: 0.022424
TargetWeights(JSON): {""SPY"": 0.019, ""QQQ"": 0.019, ""IWM"": 0.019, ""DIA"": 0.019, ""EFA"": 0.019, ""EEM"": 0.019, ""VEA"": 0.019, ""VWO"": 0.019, ""AGG"": 0.019, ""BND"": 0.019, ""SHY"": 0.019, ""IEF"": 0.019, ""TLT"": 0.019, ""TIP"": 0.019, ""LQD"": 0.019, ""HYG"": 0.019, ""GLD"": 0.019, ""SLV"": 0.019, ""DBC"": 0.019, ""VNQ"": 0.019, ""UUP"": 0.019, ""BIL"": 0.6}
### EXAMPLE 3
Features:
- AGG_mdd: -0.023232
- AGG_r12m: 0.023574
- AGG_r1m: -0.010226
- AGG_r3m: -0.008662
- AGG_vol3m: 0.041183
- BIL_mdd: -0.003227
- BIL_r12m: -0.000874
- BIL_r1m: 0.000000
- BIL_r3m: -0.000219
- BIL_vol3m: 0.002677
- BND_mdd: -0.026157
- BND_r12m: 0.022103
TargetWeights(JSON): {""SPY"": 0.019, ""QQQ"": 0.019, ""IWM"": 0.019, ""DIA"": 0.019, ""EFA"": 0.019, ""EEM"": 0.019, ""VEA"": 0.019, ""VWO"": 0.019, ""AGG"": 0.019, ""BND"": 0.019, ""SHY"": 0.019, ""IEF"": 0.019, ""TLT"": 0.019, ""TIP"": 0.019, ""LQD"": 0.019, ""HYG"": 0.019, ""GLD"": 0.019, ""SLV"": 0.019, ""DBC"": 0.019, ""VNQ"": 0.019, ""UUP"": 0.019, ""BIL"": 0.6}
### EXAMPLE 4
Features:
- AGG_mdd: -0.003385
- AGG_r12m: 0.055655
- AGG_r1m: 0.002280
- AGG_r3m: 0.019918
- AGG_vol3m: 0.031626
- BIL_mdd: -0.003444
- BIL_r12m: 0.000219
- BIL_r1m: 0.000219
- BIL_r3m: 0.000438
- BIL_vol3m: 0.002921
- BND_mdd: -0.004302
- BND_r12m: 0.057862
TargetWeights(JSON): {""SPY"": 0.019, ""QQQ"": 0.019, ""IWM"": 0.019, ""DIA"": 0.019, ""EFA"": 0.019, ""EEM"": 0.019, ""VEA"": 0.019, ""VWO"": 0.019, ""AGG"": 0.019, ""BND"": 0.019, ""SHY"": 0.019, ""IEF"": 0.019, ""TLT"": 0.019, ""TIP"": 0.019, ""LQD"": 0.019, ""HYG"": 0.019, ""GLD"": 0.019, ""SLV"": 0.019, ""DBC"": 0.019, ""VNQ"": 0.019, ""UUP"": 0.019, ""BIL"": 0.6}

Current Features:
- AGG_mdd: 0.000000
- AGG_r12m: 0.059884
- AGG_r1m: 0.004712
- AGG_r3m: 0.021905
- AGG_vol3m: 0.026570
- BIL_mdd: 0.000000
- BIL_r12m: 0.020287
- BIL_r1m: 0.001903
- BIL_r3m: 0.005698
- BIL_vol3m: 0.043122
- BND_mdd: 0.000000
- BND_r12m: 0.060443
- BND_r1m: 0.005021
- BND_r3m: 0.022106
- BND_vol3m: 0.027043
- DBC_mdd: -0.503026
- DBC_r12m: -0.105279
- DBC_r1m: -0.033333
- DBC_r3m: 0.012282
- DBC_vol3m: 0.092395
- DIA_mdd: -0.030172
- DIA_r12m: 0.084867
- DIA_r1m: -0.011149
- DIA_r3m: 0.031574
- DIA_vol3m: 0.098810
- EEM_mdd: -0.181383
- EEM_r12m: -0.081568
- EEM_r1m: -0.058226
- EEM_r3m: -0.015802
- EEM_vol3m: 0.148310
- EFA_mdd: -0.111634
- EFA_r12m: -0.057793
- EFA_r1m: -0.015485
- EFA_r3m: 0.042269
- EFA_vol3m: 0.098369
- GLD_mdd: -0.343410
- GLD_r12m: -0.027209
- GLD_r1m: -0.015834
- GLD_r3m: -0.020527
- GLD_vol3m: 0.094543
- HYG_mdd: -0.007159
- HYG_r12m: 0.063068
- HYG_r1m: 0.000389
- HYG_r3m: 0.027259
- HYG_vol3m: 0.031127
- IEF_mdd: -0.011582
- IEF_r12m: 0.072670
- IEF_r1m: 0.006174
- IEF_r3m: 0.022543
- IEF_vol3m: 0.001704
- IWM_mdd: -0.089427
- IWM_r12m: 0.001824
- IWM_r1m: 0.006379
- IWM_r3m: 0.046205
- IWM_vol3m: 0.150638
- LQD_mdd: -0.004165
- LQD_r12m: 0.076425
- LQD_r1m: 0.004314
- LQD_r3m: 0.032836
- LQD_vol3m: 0.038625
- QQQ_mdd: -0.033174
- QQQ_r12m: 0.122226
- QQQ_r1m: 0.001572
- QQQ_r3m: 0.100317
- QQQ_vol3m: 0.115101
- SHY_mdd: 0.000000
- SHY_r12m: 0.030332
- SHY_r1m: 0.003411
- SHY_r3m: 0.009510
- SHY_vol3m: 0.009006
- SLV_mdd: -0.707364
- SLV_r12m: -0.108317
- SLV_r1m: -0.031513
- SLV_r3m: -0.063643
- SLV_vol3m: 0.144702
- SPY_mdd: -0.025065
- SPY_r12m: 0.094790
- SPY_r1m: -0.002262
- SPY_r3m: 0.065828
- SPY_vol3m: 0.095809
- TIP_mdd: -0.003482
- TIP_r12m: 0.029842
- TIP_r1m: 0.003862
- TIP_r3m: 0.021181
- TIP_vol3m: 0.032773
- TLT_mdd: -0.064701
- TLT_r12m: 0.081371
- TLT_r1m: 0.009697
- TLT_r3m: 0.031955
- TLT_vol3m: 0.090622
- UUP_mdd: -0.008755
- UUP_r12m: 0.080561
- UUP_r1m: 0.006928
- UUP_r3m: 0.018295
- UUP_vol3m: 0.045485
- VEA_mdd: -0.119090
- VEA_r12m: -0.065387
- VEA_r1m: -0.019259
- VEA_r3m: 0.034774
- VEA_vol3m: 0.099283
- VNQ_mdd: -0.023964
- VNQ_r12m: 0.157834
- VNQ_r1m: -0.010933
- VNQ_r3m: 0.028941
- VNQ_vol3m: 0.113749
- VWO_mdd: -0.165261
- VWO_r12m: -0.062626
- VWO_r1m: -0.055073
- VWO_r3m: 0.007078
- VWO_vol3m: 0.148106
- cross_vol: 0.079359
Assets: SPY, QQQ, IWM, DIA, EFA, EEM, VEA, VWO, AGG, BND, SHY, IEF, TLT, TIP, LQD, HYG, GLD, SLV, DBC, VNQ, UUP, BIL","{""SPY"":0.019019019,""QQQ"":0.019019019,""IWM"":0.019019019,""DIA"":0.019019019,""EFA"":0.019019019,""EEM"":0.019019019,""VEA"":0.019019019,""VWO"":0.019019019,""AGG"":0.019019019,""BND"":0.019019019,""SHY"":0.019019019,""IEF"":0.019019019,""TLT"":0.019019019,""TIP"":0.019019019,""LQD"":0.019019019,""HYG"":0.019019019,""GLD"":0.019019019,""SLV"":0.019019019,""DBC"":0.019019019,""VNQ"":0.019019019,""UUP"":0.019019019,""BIL"":0.6006006006}","{""SPY"":0.019047619,""QQQ"":0.019047619,""IWM"":0.019047619,""DIA"":0.019047619,""EFA"":0.019047619,""EEM"":0.019047619,""VEA"":0.019047619,""VWO"":0.019047619,""AGG"":0.019047619,""BND"":0.019047619,""SHY"":0.019047619,""IEF"":0.019047619,""TLT"":0.019047619,""TIP"":0.019047619,""LQD"":0.019047619,""HYG"":0.019047619,""GLD"":0.019047619,""SLV"":0.019047619,""DBC"":0.019047619,""VNQ"":0.019047619,""UUP"":0.019047619,""BIL"":0.6}","{""SPY"":0.019047619,""QQQ"":0.019047619,""IWM"":0.019047619,""DIA"":0.019047619,""EFA"":0.019047619,""EEM"":0.019047619,""VEA"":0.019047619,""VWO"":0.019047619,""AGG"":0.019047619,""BND"":0.019047619,""SHY"":0.019047619,""IEF"":0.6,""TLT"":0.019047619,""TIP"":0.019047619,""LQD"":0.019047619,""HYG"":0.019047619,""GLD"":0.019047619,""SLV"":0.019047619,""DBC"":0.019047619,""VNQ"":0.019047619,""UUP"":0.019047619,""BIL"":0.019047619}",0,swap_vol3m_only,IEF,0.0017035513453868656,0.04312188500943311,0.04312188500943311,0.0017035513453868656
a32cc422a14f49f377cf2830,p2_counterfactual_v1,E_counterfactual_no_fewshot,llama3.1:8b,P2,2019-05-09,7,2352,BIL,IEF,IEF,SPY,SPY,0,0,0,0,1.1444444444444444,0.0,57dbadd8bf19c25b0e65f56939525cda6b149ec458a472778a88cbd837ef2cc4,3535,e3b0c44298fc1c149afbf4c8996fb92427ae41e4649b934ca495991b7852b855,0,1,0,0,14.87025066599017,1,"{""weights"": {""SPY"": 0.6, ""QQQ"": 0.1, ""IWM"": 0.1, ""DIA"": 0.1, ""EFA"": 0.05, ""EEM"": 0.05, ""VEA"": 0.05, ""VWO"": 0.05, ""AGG"": 0.05, ""BND"": 0.05, ""SHY"": 0.05, ""IEF"": 0.05, ""TLT"": 0.05, ""TIP"": 0.05, ""LQD"": 0.05, ""HYG"": 0.05, ""GLD"": 0.05, ""SLV"": 0.05, ""DBC"": 0.05, ""VNQ"": 0.05, ""UUP"": 0.05, ""BIL"": 0.05}}","You are a DEFENSIVE LOW-VOLATILITY policy profile. Your task is to translate a natural-language risk-averse policy into provisional portfolio weights. Use only the provided feature values, not outside market knowledge. Identify the eligible asset that appears safest, defined by the lowest `_vol3m` value. This is a defensive single-core policy profile, so do not default to equal weights when one asset clearly has the lowest recent volatility. Allocate 60% of the total portfolio weight to this safest asset as the language-level policy target. The hard maximum-weight constraint is 60%. Do not solve the projection yourself; express the language-level target and let the projection layer enforce feasibility before execution. Distribute the remaining weight equally among all other eligible assets. Use only tickers from the provided asset list. Include every eligible ticker exactly once. Return strictly valid JSON only. The `weights` field MUST be a JSON object where keys are tickers and values are numeric portfolio weights expressed as decimals, not percentages.



Current Features:
- AGG_mdd: 0.000000
- AGG_r12m: 0.059884
- AGG_r1m: 0.004712
- AGG_r3m: 0.021905
- AGG_vol3m: 0.026570
- BIL_mdd: 0.000000
- BIL_r12m: 0.020287
- BIL_r1m: 0.001903
- BIL_r3m: 0.005698
- BIL_vol3m: 0.043122
- BND_mdd: 0.000000
- BND_r12m: 0.060443
- BND_r1m: 0.005021
- BND_r3m: 0.022106
- BND_vol3m: 0.027043
- DBC_mdd: -0.503026
- DBC_r12m: -0.105279
- DBC_r1m: -0.033333
- DBC_r3m: 0.012282
- DBC_vol3m: 0.092395
- DIA_mdd: -0.030172
- DIA_r12m: 0.084867
- DIA_r1m: -0.011149
- DIA_r3m: 0.031574
- DIA_vol3m: 0.098810
- EEM_mdd: -0.181383
- EEM_r12m: -0.081568
- EEM_r1m: -0.058226
- EEM_r3m: -0.015802
- EEM_vol3m: 0.148310
- EFA_mdd: -0.111634
- EFA_r12m: -0.057793
- EFA_r1m: -0.015485
- EFA_r3m: 0.042269
- EFA_vol3m: 0.098369
- GLD_mdd: -0.343410
- GLD_r12m: -0.027209
- GLD_r1m: -0.015834
- GLD_r3m: -0.020527
- GLD_vol3m: 0.094543
- HYG_mdd: -0.007159
- HYG_r12m: 0.063068
- HYG_r1m: 0.000389
- HYG_r3m: 0.027259
- HYG_vol3m: 0.031127
- IEF_mdd: -0.011582
- IEF_r12m: 0.072670
- IEF_r1m: 0.006174
- IEF_r3m: 0.022543
- IEF_vol3m: 0.001704
- IWM_mdd: -0.089427
- IWM_r12m: 0.001824
- IWM_r1m: 0.006379
- IWM_r3m: 0.046205
- IWM_vol3m: 0.150638
- LQD_mdd: -0.004165
- LQD_r12m: 0.076425
- LQD_r1m: 0.004314
- LQD_r3m: 0.032836
- LQD_vol3m: 0.038625
- QQQ_mdd: -0.033174
- QQQ_r12m: 0.122226
- QQQ_r1m: 0.001572
- QQQ_r3m: 0.100317
- QQQ_vol3m: 0.115101
- SHY_mdd: 0.000000
- SHY_r12m: 0.030332
- SHY_r1m: 0.003411
- SHY_r3m: 0.009510
- SHY_vol3m: 0.009006
- SLV_mdd: -0.707364
- SLV_r12m: -0.108317
- SLV_r1m: -0.031513
- SLV_r3m: -0.063643
- SLV_vol3m: 0.144702
- SPY_mdd: -0.025065
- SPY_r12m: 0.094790
- SPY_r1m: -0.002262
- SPY_r3m: 0.065828
- SPY_vol3m: 0.095809
- TIP_mdd: -0.003482
- TIP_r12m: 0.029842
- TIP_r1m: 0.003862
- TIP_r3m: 0.021181
- TIP_vol3m: 0.032773
- TLT_mdd: -0.064701
- TLT_r12m: 0.081371
- TLT_r1m: 0.009697
- TLT_r3m: 0.031955
- TLT_vol3m: 0.090622
- UUP_mdd: -0.008755
- UUP_r12m: 0.080561
- UUP_r1m: 0.006928
- UUP_r3m: 0.018295
- UUP_vol3m: 0.045485
- VEA_mdd: -0.119090
- VEA_r12m: -0.065387
- VEA_r1m: -0.019259
- VEA_r3m: 0.034774
- VEA_vol3m: 0.099283
- VNQ_mdd: -0.023964
- VNQ_r12m: 0.157834
- VNQ_r1m: -0.010933
- VNQ_r3m: 0.028941
- VNQ_vol3m: 0.113749
- VWO_mdd: -0.165261
- VWO_r12m: -0.062626
- VWO_r1m: -0.055073
- VWO_r3m: 0.007078
- VWO_vol3m: 0.148106
- cross_vol: 0.079359
Assets: SPY, QQQ, IWM, DIA, EFA, EEM, VEA, VWO, AGG, BND, SHY, IEF, TLT, TIP, LQD, HYG, GLD, SLV, DBC, VNQ, UUP, BIL","{""SPY"":0.3333333333,""QQQ"":0.0555555556,""IWM"":0.0555555556,""DIA"":0.0555555556,""EFA"":0.0277777778,""EEM"":0.0277777778,""VEA"":0.0277777778,""VWO"":0.0277777778,""AGG"":0.0277777778,""BND"":0.0277777778,""SHY"":0.0277777778,""IEF"":0.0277777778,""TLT"":0.0277777778,""TIP"":0.0277777778,""LQD"":0.0277777778,""HYG"":0.0277777778,""GLD"":0.0277777778,""SLV"":0.0277777778,""DBC"":0.0277777778,""VNQ"":0.0277777778,""UUP"":0.0277777778,""BIL"":0.0277777778}","{""SPY"":0.3333333333,""QQQ"":0.0555555556,""IWM"":0.0555555556,""DIA"":0.0555555556,""EFA"":0.0277777778,""EEM"":0.0277777778,""VEA"":0.0277777778,""VWO"":0.0277777778,""AGG"":0.0277777778,""BND"":0.0277777778,""SHY"":0.0277777778,""IEF"":0.0277777778,""TLT"":0.0277777778,""TIP"":0.0277777778,""LQD"":0.0277777778,""HYG"":0.0277777778,""GLD"":0.0277777778,""SLV"":0.0277777778,""DBC"":0.0277777778,""VNQ"":0.0277777778,""UUP"":0.0277777778,""BIL"":0.0277777778}","{""SPY"":0.019047619,""QQQ"":0.019047619,""IWM"":0.019047619,""DIA"":0.019047619,""EFA"":0.019047619,""EEM"":0.019047619,""VEA"":0.019047619,""VWO"":0.019047619,""AGG"":0.019047619,""BND"":0.019047619,""SHY"":0.019047619,""IEF"":0.6,""TLT"":0.019047619,""TIP"":0.019047619,""LQD"":0.019047619,""HYG"":0.019047619,""GLD"":0.019047619,""SLV"":0.019047619,""DBC"":0.019047619,""VNQ"":0.019047619,""UUP"":0.019047619,""BIL"":0.019047619}",0,swap_vol3m_only,IEF,0.0017035513453868656,0.04312188500943311,0.04312188500943311,0.0017035513453868656
bc765a17a05780cce5324906,p2_counterfactual_v1,D_counterfactual_fewshot,gemma3:270m,P2,2021-07-09,9,2898,BIL,TIP,TIP,BIL,BIL,0,0,1,1,1.161904761904762,0.0012012012012015266,deccc837704bc8025c4ec90061784363657791bfebea387d1465320df0f0d227,5945,0c486dcc8b84342fb4cdde63596cc7f2329bfb21cae879d57c67768a7e347a8f,2412,1,0,0,2.0173630000062985,1,"{""weights"": {""SPY"": 0.019, ""QQQ"": 0.019, ""IWM"": 0.019, ""DIA"": 0.019, ""EFA"": 0.019, ""EEM"": 0.019, ""VEA"": 0.019, ""VWO"": 0.019, ""AGG"": 0.019, ""BND"": 0.019, ""SHY"": 0.019, ""IEF"": 0.019, ""TLT"": 0.019, ""TIP"": 0.019, ""LQD"": 0.019, ""HYG"": 0.019, ""GLD"": 0.019, ""SLV"": 0.019, ""DBC"": 0.019, ""VNQ"": 0.019, ""UUP"": 0.019, ""BIL"": 0.6}}","You are a DEFENSIVE LOW-VOLATILITY policy profile. Your task is to translate a natural-language risk-averse policy into provisional portfolio weights. Use only the provided feature values, not outside market knowledge. Identify the eligible asset that appears safest, defined by the lowest `_vol3m` value. This is a defensive single-core policy profile, so do not default to equal weights when one asset clearly has the lowest recent volatility. Allocate 60% of the total portfolio weight to this safest asset as the language-level policy target. The hard maximum-weight constraint is 60%. Do not solve the projection yourself; express the language-level target and let the projection layer enforce feasibility before execution. Distribute the remaining weight equally among all other eligible assets. Use only tickers from the provided asset list. Include every eligible ticker exactly once. Return strictly valid JSON only. The `weights` field MUST be a JSON object where keys are tickers and values are numeric portfolio weights expressed as decimals, not percentages.

### EXAMPLE 1
Features:
- AGG_mdd: -0.021496
- AGG_r12m: -0.016336
- AGG_r1m: -0.007499
- AGG_r3m: 0.000287
- AGG_vol3m: 0.021307
- BIL_mdd: 0.000000
- BIL_r12m: 0.013922
- BIL_r1m: 0.001399
- BIL_r3m: 0.004380
- BIL_vol3m: 0.001959
- BND_mdd: -0.020215
- BND_r12m: -0.014373
TargetWeights(JSON): {""SPY"": 0.019, ""QQQ"": 0.019, ""IWM"": 0.019, ""DIA"": 0.019, ""EFA"": 0.019, ""EEM"": 0.019, ""VEA"": 0.019, ""VWO"": 0.019, ""AGG"": 0.019, ""BND"": 0.019, ""SHY"": 0.019, ""IEF"": 0.019, ""TLT"": 0.019, ""TIP"": 0.019, ""LQD"": 0.019, ""HYG"": 0.019, ""GLD"": 0.019, ""SLV"": 0.019, ""DBC"": 0.019, ""VNQ"": 0.019, ""UUP"": 0.019, ""BIL"": 0.6}
### EXAMPLE 2
Features:
- AGG_mdd: -0.007978
- AGG_r12m: 0.074135
- AGG_r1m: 0.006360
- AGG_r3m: 0.026146
- AGG_vol3m: 0.027953
- BIL_mdd: 0.000000
- BIL_r12m: 0.021492
- BIL_r1m: 0.002024
- BIL_r3m: 0.005972
- BIL_vol3m: 0.001849
- BND_mdd: -0.008536
- BND_r12m: 0.071805
TargetWeights(JSON): {""SPY"": 0.019, ""QQQ"": 0.019, ""IWM"": 0.019, ""DIA"": 0.019, ""EFA"": 0.019, ""EEM"": 0.019, ""VEA"": 0.019, ""VWO"": 0.019, ""AGG"": 0.019, ""BND"": 0.019, ""SHY"": 0.019, ""IEF"": 0.019, ""TLT"": 0.019, ""TIP"": 0.019, ""LQD"": 0.019, ""HYG"": 0.019, ""GLD"": 0.019, ""SLV"": 0.019, ""DBC"": 0.019, ""VNQ"": 0.019, ""UUP"": 0.019, ""BIL"": 0.6}
### EXAMPLE 3
Features:
- AGG_mdd: -0.008570
- AGG_r12m: 0.022343
- AGG_r1m: 0.007021
- AGG_r3m: 0.012624
- AGG_vol3m: 0.034413
- BIL_mdd: -0.003881
- BIL_r12m: -0.001312
- BIL_r1m: -0.000220
- BIL_r3m: -0.000220
- BIL_vol3m: 0.002458
- BND_mdd: -0.010948
- BND_r12m: 0.021203
TargetWeights(JSON): {""SPY"": 0.019, ""QQQ"": 0.019, ""IWM"": 0.019, ""DIA"": 0.019, ""EFA"": 0.019, ""EEM"": 0.019, ""VEA"": 0.019, ""VWO"": 0.019, ""AGG"": 0.019, ""BND"": 0.019, ""SHY"": 0.019, ""IEF"": 0.019, ""TLT"": 0.019, ""TIP"": 0.019, ""LQD"": 0.019, ""HYG"": 0.019, ""GLD"": 0.019, ""SLV"": 0.019, ""DBC"": 0.019, ""VNQ"": 0.019, ""UUP"": 0.019, ""BIL"": 0.6}
### EXAMPLE 4
Features:
- AGG_mdd: -0.005052
- AGG_r12m: 0.029180
- AGG_r1m: 0.003088
- AGG_r3m: 0.014293
- AGG_vol3m: 0.023832
- BIL_mdd: -0.002137
- BIL_r12m: -0.000655
- BIL_r1m: 0.000000
- BIL_r3m: 0.000000
- BIL_vol3m: 0.002249
- BND_mdd: -0.005475
- BND_r12m: 0.029315
TargetWeights(JSON): {""SPY"": 0.019, ""QQQ"": 0.019, ""IWM"": 0.019, ""DIA"": 0.019, ""EFA"": 0.019, ""EEM"": 0.019, ""VEA"": 0.019, ""VWO"": 0.019, ""AGG"": 0.019, ""BND"": 0.019, ""SHY"": 0.019, ""IEF"": 0.019, ""TLT"": 0.019, ""TIP"": 0.019, ""LQD"": 0.019, ""HYG"": 0.019, ""GLD"": 0.019, ""SLV"": 0.019, ""DBC"": 0.019, ""VNQ"": 0.019, ""UUP"": 0.019, ""BIL"": 0.6}

Current Features:
- AGG_mdd: -0.016513
- AGG_r12m: -0.006502
- AGG_r1m: 0.006925
- AGG_r3m: 0.017528
- AGG_vol3m: 0.029805
- BIL_mdd: -0.001321
- BIL_r12m: -0.000623
- BIL_r1m: 0.000000
- BIL_r3m: -0.000218
- BIL_vol3m: 0.041773
- BND_mdd: -0.017108
- BND_r12m: -0.006027
- BND_r1m: 0.007853
- BND_r3m: 0.019442
- BND_vol3m: 0.030256
- DBC_mdd: -0.383502
- DBC_r12m: 0.519873
- DBC_r1m: -0.004685
- DBC_r3m: 0.139452
- DBC_vol3m: 0.164001
- DIA_mdd: 0.000000
- DIA_r12m: 0.380448
- DIA_r1m: 0.012902
- DIA_r3m: 0.036151
- DIA_vol3m: 0.109793
- EEM_mdd: -0.072041
- EEM_r12m: 0.248634
- EEM_r1m: -0.027054
- EEM_r3m: 0.004379
- EEM_vol3m: 0.152081
- EFA_mdd: -0.020679
- EFA_r12m: 0.320429
- EFA_r1m: -0.012756
- EFA_r3m: 0.034081
- EFA_vol3m: 0.132747
- GLD_mdd: -0.127289
- GLD_r12m: -0.002476
- GLD_r1m: -0.043903
- GLD_r3m: 0.036381
- GLD_vol3m: 0.129250
- HYG_mdd: -0.000682
- HYG_r12m: 0.120042
- HYG_r1m: 0.009869
- HYG_r3m: 0.019350
- HYG_vol3m: 0.028958
- IEF_mdd: -0.047232
- IEF_r12m: -0.039194
- IEF_r1m: 0.009688
- IEF_r3m: 0.026705
- IEF_vol3m: 0.044126
- IWM_mdd: -0.031028
- IWM_r12m: 0.644666
- IWM_r1m: -0.019970
- IWM_r3m: 0.018555
- IWM_vol3m: 0.190282
- LQD_mdd: -0.012431
- LQD_r12m: 0.014912
- LQD_r1m: 0.015902
- LQD_r3m: 0.036793
- LQD_vol3m: 0.052445
- QQQ_mdd: 0.000000
- QQQ_r12m: 0.382795
- QQQ_r1m: 0.072998
- QQQ_r3m: 0.072139
- QQQ_vol3m: 0.152081
- SHY_mdd: -0.001008
- SHY_r12m: 0.000010
- SHY_r1m: -0.000660
- SHY_r3m: 0.000197
- SHY_vol3m: 0.004762
- SLV_mdd: -0.488151
- SLV_r12m: 0.391830
- SLV_r1m: -0.061676
- SLV_r3m: 0.033319
- SLV_vol3m: 0.230044
- SPY_mdd: 0.000000
- SPY_r12m: 0.405963
- SPY_r1m: 0.036274
- SPY_r3m: 0.061860
- SPY_vol3m: 0.109598
- TIP_mdd: -0.001873
- TIP_r12m: 0.060038
- TIP_r1m: 0.011214
- TIP_r3m: 0.036895
- TIP_vol3m: 0.001283
- TLT_mdd: -0.134568
- TLT_r12m: -0.110801
- TLT_r1m: 0.035508
- TLT_r3m: 0.070088
- TLT_vol3m: 0.112727
- UUP_mdd: -0.118191
- UUP_r12m: -0.052772
- UUP_r1m: 0.021443
- UUP_r3m: -0.001612
- UUP_vol3m: 0.056982
- VEA_mdd: -0.019141
- VEA_r12m: 0.356157
- VEA_r1m: -0.012658
- VEA_r3m: 0.034014
- VEA_vol3m: 0.130766
- VNQ_mdd: 0.000000
- VNQ_r12m: 0.399292
- VNQ_r1m: 0.010097
- VNQ_r3m: 0.128736
- VNQ_vol3m: 0.136221
- VWO_mdd: -0.056000
- VWO_r12m: 0.248787
- VWO_r1m: -0.023149
- VWO_r3m: 0.020266
- VWO_vol3m: 0.148060
- cross_vol: 0.099457
Assets: SPY, QQQ, IWM, DIA, EFA, EEM, VEA, VWO, AGG, BND, SHY, IEF, TLT, TIP, LQD, HYG, GLD, SLV, DBC, VNQ, UUP, BIL","{""SPY"":0.019019019,""QQQ"":0.019019019,""IWM"":0.019019019,""DIA"":0.019019019,""EFA"":0.019019019,""EEM"":0.019019019,""VEA"":0.019019019,""VWO"":0.019019019,""AGG"":0.019019019,""BND"":0.019019019,""SHY"":0.019019019,""IEF"":0.019019019,""TLT"":0.019019019,""TIP"":0.019019019,""LQD"":0.019019019,""HYG"":0.019019019,""GLD"":0.019019019,""SLV"":0.019019019,""DBC"":0.019019019,""VNQ"":0.019019019,""UUP"":0.019019019,""BIL"":0.6006006006}","{""SPY"":0.019047619,""QQQ"":0.019047619,""IWM"":0.019047619,""DIA"":0.019047619,""EFA"":0.019047619,""EEM"":0.019047619,""VEA"":0.019047619,""VWO"":0.019047619,""AGG"":0.019047619,""BND"":0.019047619,""SHY"":0.019047619,""IEF"":0.019047619,""TLT"":0.019047619,""TIP"":0.019047619,""LQD"":0.019047619,""HYG"":0.019047619,""GLD"":0.019047619,""SLV"":0.019047619,""DBC"":0.019047619,""VNQ"":0.019047619,""UUP"":0.019047619,""BIL"":0.6}","{""SPY"":0.019047619,""QQQ"":0.019047619,""IWM"":0.019047619,""DIA"":0.019047619,""EFA"":0.019047619,""EEM"":0.019047619,""VEA"":0.019047619,""VWO"":0.019047619,""AGG"":0.019047619,""BND"":0.019047619,""SHY"":0.019047619,""IEF"":0.019047619,""TLT"":0.019047619,""TIP"":0.6,""LQD"":0.019047619,""HYG"":0.019047619,""GLD"":0.019047619,""SLV"":0.019047619,""DBC"":0.019047619,""VNQ"":0.019047619,""UUP"":0.019047619,""BIL"":0.019047619}",0,swap_vol3m_only,TIP,0.0012832446625730923,0.04177343572417791,0.04177343572417791,0.0012832446625730923
72c3cd3bb543448e707d50b2,p2_counterfactual_v1,E_counterfactual_no_fewshot,gemma3:270m,P2,2021-07-09,9,2898,BIL,TIP,TIP,SPY,SPY,0,0,0,0,1.1090909090909096,3.0531133177191805e-16,b031c4b6bb3c413a738314c9ec8cbf6f3cd4cc7d0010a602dfd36dadbeb5e47b,3533,e3b0c44298fc1c149afbf4c8996fb92427ae41e4649b934ca495991b7852b855,0,1,0,0,1.4610879579995526,1,"{""weights"": {""SPY"": 60, ""QQQ"": 60, ""IWM"": 60, ""DIA"": 60, ""EFA"": 60, ""EEM"": 60, ""VEA"": 60, ""VWO"": 60, ""AGG"": 60, ""BND"": 60, ""SHY"": 60, ""IEF"": 60, ""TLT"": 60, ""TIP"": 60, ""LQD"": 60, ""HYG"": 60, ""GLD"": 60, ""SLV"": 60, ""DBC"": 60, ""VNQ"": 60, ""UUP"": 60, ""BIL"": 60}}","You are a DEFENSIVE LOW-VOLATILITY policy profile. Your task is to translate a natural-language risk-averse policy into provisional portfolio weights. Use only the provided feature values, not outside market knowledge. Identify the eligible asset that appears safest, defined by the lowest `_vol3m` value. This is a defensive single-core policy profile, so do not default to equal weights when one asset clearly has the lowest recent volatility. Allocate 60% of the total portfolio weight to this safest asset as the language-level policy target. The hard maximum-weight constraint is 60%. Do not solve the projection yourself; express the language-level target and let the projection layer enforce feasibility before execution. Distribute the remaining weight equally among all other eligible assets. Use only tickers from the provided asset list. Include every eligible ticker exactly once. Return strictly valid JSON only. The `weights` field MUST be a JSON object where keys are tickers and values are numeric portfolio weights expressed as decimals, not percentages.



Current Features:
- AGG_mdd: -0.016513
- AGG_r12m: -0.006502
- AGG_r1m: 0.006925
- AGG_r3m: 0.017528
- AGG_vol3m: 0.029805
- BIL_mdd: -0.001321
- BIL_r12m: -0.000623
- BIL_r1m: 0.000000
- BIL_r3m: -0.000218
- BIL_vol3m: 0.041773
- BND_mdd: -0.017108
- BND_r12m: -0.006027
- BND_r1m: 0.007853
- BND_r3m: 0.019442
- BND_vol3m: 0.030256
- DBC_mdd: -0.383502
- DBC_r12m: 0.519873
- DBC_r1m: -0.004685
- DBC_r3m: 0.139452
- DBC_vol3m: 0.164001
- DIA_mdd: 0.000000
- DIA_r12m: 0.380448
- DIA_r1m: 0.012902
- DIA_r3m: 0.036151
- DIA_vol3m: 0.109793
- EEM_mdd: -0.072041
- EEM_r12m: 0.248634
- EEM_r1m: -0.027054
- EEM_r3m: 0.004379
- EEM_vol3m: 0.152081
- EFA_mdd: -0.020679
- EFA_r12m: 0.320429
- EFA_r1m: -0.012756
- EFA_r3m: 0.034081
- EFA_vol3m: 0.132747
- GLD_mdd: -0.127289
- GLD_r12m: -0.002476
- GLD_r1m: -0.043903
- GLD_r3m: 0.036381
- GLD_vol3m: 0.129250
- HYG_mdd: -0.000682
- HYG_r12m: 0.120042
- HYG_r1m: 0.009869
- HYG_r3m: 0.019350
- HYG_vol3m: 0.028958
- IEF_mdd: -0.047232
- IEF_r12m: -0.039194
- IEF_r1m: 0.009688
- IEF_r3m: 0.026705
- IEF_vol3m: 0.044126
- IWM_mdd: -0.031028
- IWM_r12m: 0.644666
- IWM_r1m: -0.019970
- IWM_r3m: 0.018555
- IWM_vol3m: 0.190282
- LQD_mdd: -0.012431
- LQD_r12m: 0.014912
- LQD_r1m: 0.015902
- LQD_r3m: 0.036793
- LQD_vol3m: 0.052445
- QQQ_mdd: 0.000000
- QQQ_r12m: 0.382795
- QQQ_r1m: 0.072998
- QQQ_r3m: 0.072139
- QQQ_vol3m: 0.152081
- SHY_mdd: -0.001008
- SHY_r12m: 0.000010
- SHY_r1m: -0.000660
- SHY_r3m: 0.000197
- SHY_vol3m: 0.004762
- SLV_mdd: -0.488151
- SLV_r12m: 0.391830
- SLV_r1m: -0.061676
- SLV_r3m: 0.033319
- SLV_vol3m: 0.230044
- SPY_mdd: 0.000000
- SPY_r12m: 0.405963
- SPY_r1m: 0.036274
- SPY_r3m: 0.061860
- SPY_vol3m: 0.109598
- TIP_mdd: -0.001873
- TIP_r12m: 0.060038
- TIP_r1m: 0.011214
- TIP_r3m: 0.036895
- TIP_vol3m: 0.001283
- TLT_mdd: -0.134568
- TLT_r12m: -0.110801
- TLT_r1m: 0.035508
- TLT_r3m: 0.070088
- TLT_vol3m: 0.112727
- UUP_mdd: -0.118191
- UUP_r12m: -0.052772
- UUP_r1m: 0.021443
- UUP_r3m: -0.001612
- UUP_vol3m: 0.056982
- VEA_mdd: -0.019141
- VEA_r12m: 0.356157
- VEA_r1m: -0.012658
- VEA_r3m: 0.034014
- VEA_vol3m: 0.130766
- VNQ_mdd: 0.000000
- VNQ_r12m: 0.399292
- VNQ_r1m: 0.010097
- VNQ_r3m: 0.128736
- VNQ_vol3m: 0.136221
- VWO_mdd: -0.056000
- VWO_r12m: 0.248787
- VWO_r1m: -0.023149
- VWO_r3m: 0.020266
- VWO_vol3m: 0.148060
- cross_vol: 0.099457
Assets: SPY, QQQ, IWM, DIA, EFA, EEM, VEA, VWO, AGG, BND, SHY, IEF, TLT, TIP, LQD, HYG, GLD, SLV, DBC, VNQ, UUP, BIL","{""SPY"":0.0454545455,""QQQ"":0.0454545455,""IWM"":0.0454545455,""DIA"":0.0454545455,""EFA"":0.0454545455,""EEM"":0.0454545455,""VEA"":0.0454545455,""VWO"":0.0454545455,""AGG"":0.0454545455,""BND"":0.0454545455,""SHY"":0.0454545455,""IEF"":0.0454545455,""TLT"":0.0454545455,""TIP"":0.0454545455,""LQD"":0.0454545455,""HYG"":0.0454545455,""GLD"":0.0454545455,""SLV"":0.0454545455,""DBC"":0.0454545455,""VNQ"":0.0454545455,""UUP"":0.0454545455,""BIL"":0.0454545455}","{""SPY"":0.0454545455,""QQQ"":0.0454545455,""IWM"":0.0454545455,""DIA"":0.0454545455,""EFA"":0.0454545455,""EEM"":0.0454545455,""VEA"":0.0454545455,""VWO"":0.0454545455,""AGG"":0.0454545455,""BND"":0.0454545455,""SHY"":0.0454545455,""IEF"":0.0454545455,""TLT"":0.0454545455,""TIP"":0.0454545455,""LQD"":0.0454545455,""HYG"":0.0454545455,""GLD"":0.0454545455,""SLV"":0.0454545455,""DBC"":0.0454545455,""VNQ"":0.0454545455,""UUP"":0.0454545455,""BIL"":0.0454545455}","{""SPY"":0.019047619,""QQQ"":0.019047619,""IWM"":0.019047619,""DIA"":0.019047619,""EFA"":0.019047619,""EEM"":0.019047619,""VEA"":0.019047619,""VWO"":0.019047619,""AGG"":0.019047619,""BND"":0.019047619,""SHY"":0.019047619,""IEF"":0.019047619,""TLT"":0.019047619,""TIP"":0.6,""LQD"":0.019047619,""HYG"":0.019047619,""GLD"":0.019047619,""SLV"":0.019047619,""DBC"":0.019047619,""VNQ"":0.019047619,""UUP"":0.019047619,""BIL"":0.019047619}",0,swap_vol3m_only,TIP,0.0012832446625730923,0.04177343572417791,0.04177343572417791,0.0012832446625730923
4c7cf7b936351be804bb866e,p2_counterfactual_v1,D_counterfactual_fewshot,gemma3:1b,P2,2021-07-09,9,2898,BIL,TIP,TIP,BIL,BIL,0,0,1,1,1.161904761904762,0.0012012012012015266,deccc837704bc8025c4ec90061784363657791bfebea387d1465320df0f0d227,5945,0c486dcc8b84342fb4cdde63596cc7f2329bfb21cae879d57c67768a7e347a8f,2412,1,0,0,4.848428833996877,1,"{""weights"": {""SPY"": 0.019, ""QQQ"": 0.019, ""IWM"": 0.019, ""DIA"": 0.019, ""EFA"": 0.019, ""EEM"": 0.019, ""VEA"": 0.019, ""VWO"": 0.019, ""AGG"": 0.019, ""BND"": 0.019, ""SHY"": 0.019, ""IEF"": 0.019, ""TLT"": 0.019, ""TIP"": 0.019, ""LQD"": 0.019, ""HYG"": 0.019, ""GLD"": 0.019, ""SLV"": 0.019, ""DBC"": 0.019, ""VNQ"": 0.019, ""UUP"": 0.019, ""BIL"": 0.6}}","You are a DEFENSIVE LOW-VOLATILITY policy profile. Your task is to translate a natural-language risk-averse policy into provisional portfolio weights. Use only the provided feature values, not outside market knowledge. Identify the eligible asset that appears safest, defined by the lowest `_vol3m` value. This is a defensive single-core policy profile, so do not default to equal weights when one asset clearly has the lowest recent volatility. Allocate 60% of the total portfolio weight to this safest asset as the language-level policy target. The hard maximum-weight constraint is 60%. Do not solve the projection yourself; express the language-level target and let the projection layer enforce feasibility before execution. Distribute the remaining weight equally among all other eligible assets. Use only tickers from the provided asset list. Include every eligible ticker exactly once. Return strictly valid JSON only. The `weights` field MUST be a JSON object where keys are tickers and values are numeric portfolio weights expressed as decimals, not percentages.

### EXAMPLE 1
Features:
- AGG_mdd: -0.021496
- AGG_r12m: -0.016336
- AGG_r1m: -0.007499
- AGG_r3m: 0.000287
- AGG_vol3m: 0.021307
- BIL_mdd: 0.000000
- BIL_r12m: 0.013922
- BIL_r1m: 0.001399
- BIL_r3m: 0.004380
- BIL_vol3m: 0.001959
- BND_mdd: -0.020215
- BND_r12m: -0.014373
TargetWeights(JSON): {""SPY"": 0.019, ""QQQ"": 0.019, ""IWM"": 0.019, ""DIA"": 0.019, ""EFA"": 0.019, ""EEM"": 0.019, ""VEA"": 0.019, ""VWO"": 0.019, ""AGG"": 0.019, ""BND"": 0.019, ""SHY"": 0.019, ""IEF"": 0.019, ""TLT"": 0.019, ""TIP"": 0.019, ""LQD"": 0.019, ""HYG"": 0.019, ""GLD"": 0.019, ""SLV"": 0.019, ""DBC"": 0.019, ""VNQ"": 0.019, ""UUP"": 0.019, ""BIL"": 0.6}
### EXAMPLE 2
Features:
- AGG_mdd: -0.007978
- AGG_r12m: 0.074135
- AGG_r1m: 0.006360
- AGG_r3m: 0.026146
- AGG_vol3m: 0.027953
- BIL_mdd: 0.000000
- BIL_r12m: 0.021492
- BIL_r1m: 0.002024
- BIL_r3m: 0.005972
- BIL_vol3m: 0.001849
- BND_mdd: -0.008536
- BND_r12m: 0.071805
TargetWeights(JSON): {""SPY"": 0.019, ""QQQ"": 0.019, ""IWM"": 0.019, ""DIA"": 0.019, ""EFA"": 0.019, ""EEM"": 0.019, ""VEA"": 0.019, ""VWO"": 0.019, ""AGG"": 0.019, ""BND"": 0.019, ""SHY"": 0.019, ""IEF"": 0.019, ""TLT"": 0.019, ""TIP"": 0.019, ""LQD"": 0.019, ""HYG"": 0.019, ""GLD"": 0.019, ""SLV"": 0.019, ""DBC"": 0.019, ""VNQ"": 0.019, ""UUP"": 0.019, ""BIL"": 0.6}
### EXAMPLE 3
Features:
- AGG_mdd: -0.008570
- AGG_r12m: 0.022343
- AGG_r1m: 0.007021
- AGG_r3m: 0.012624
- AGG_vol3m: 0.034413
- BIL_mdd: -0.003881
- BIL_r12m: -0.001312
- BIL_r1m: -0.000220
- BIL_r3m: -0.000220
- BIL_vol3m: 0.002458
- BND_mdd: -0.010948
- BND_r12m: 0.021203
TargetWeights(JSON): {""SPY"": 0.019, ""QQQ"": 0.019, ""IWM"": 0.019, ""DIA"": 0.019, ""EFA"": 0.019, ""EEM"": 0.019, ""VEA"": 0.019, ""VWO"": 0.019, ""AGG"": 0.019, ""BND"": 0.019, ""SHY"": 0.019, ""IEF"": 0.019, ""TLT"": 0.019, ""TIP"": 0.019, ""LQD"": 0.019, ""HYG"": 0.019, ""GLD"": 0.019, ""SLV"": 0.019, ""DBC"": 0.019, ""VNQ"": 0.019, ""UUP"": 0.019, ""BIL"": 0.6}
### EXAMPLE 4
Features:
- AGG_mdd: -0.005052
- AGG_r12m: 0.029180
- AGG_r1m: 0.003088
- AGG_r3m: 0.014293
- AGG_vol3m: 0.023832
- BIL_mdd: -0.002137
- BIL_r12m: -0.000655
- BIL_r1m: 0.000000
- BIL_r3m: 0.000000
- BIL_vol3m: 0.002249
- BND_mdd: -0.005475
- BND_r12m: 0.029315
TargetWeights(JSON): {""SPY"": 0.019, ""QQQ"": 0.019, ""IWM"": 0.019, ""DIA"": 0.019, ""EFA"": 0.019, ""EEM"": 0.019, ""VEA"": 0.019, ""VWO"": 0.019, ""AGG"": 0.019, ""BND"": 0.019, ""SHY"": 0.019, ""IEF"": 0.019, ""TLT"": 0.019, ""TIP"": 0.019, ""LQD"": 0.019, ""HYG"": 0.019, ""GLD"": 0.019, ""SLV"": 0.019, ""DBC"": 0.019, ""VNQ"": 0.019, ""UUP"": 0.019, ""BIL"": 0.6}

Current Features:
- AGG_mdd: -0.016513
- AGG_r12m: -0.006502
- AGG_r1m: 0.006925
- AGG_r3m: 0.017528
- AGG_vol3m: 0.029805
- BIL_mdd: -0.001321
- BIL_r12m: -0.000623
- BIL_r1m: 0.000000
- BIL_r3m: -0.000218
- BIL_vol3m: 0.041773
- BND_mdd: -0.017108
- BND_r12m: -0.006027
- BND_r1m: 0.007853
- BND_r3m: 0.019442
- BND_vol3m: 0.030256
- DBC_mdd: -0.383502
- DBC_r12m: 0.519873
- DBC_r1m: -0.004685
- DBC_r3m: 0.139452
- DBC_vol3m: 0.164001
- DIA_mdd: 0.000000
- DIA_r12m: 0.380448
- DIA_r1m: 0.012902
- DIA_r3m: 0.036151
- DIA_vol3m: 0.109793
- EEM_mdd: -0.072041
- EEM_r12m: 0.248634
- EEM_r1m: -0.027054
- EEM_r3m: 0.004379
- EEM_vol3m: 0.152081
- EFA_mdd: -0.020679
- EFA_r12m: 0.320429
- EFA_r1m: -0.012756
- EFA_r3m: 0.034081
- EFA_vol3m: 0.132747
- GLD_mdd: -0.127289
- GLD_r12m: -0.002476
- GLD_r1m: -0.043903
- GLD_r3m: 0.036381
- GLD_vol3m: 0.129250
- HYG_mdd: -0.000682
- HYG_r12m: 0.120042
- HYG_r1m: 0.009869
- HYG_r3m: 0.019350
- HYG_vol3m: 0.028958
- IEF_mdd: -0.047232
- IEF_r12m: -0.039194
- IEF_r1m: 0.009688
- IEF_r3m: 0.026705
- IEF_vol3m: 0.044126
- IWM_mdd: -0.031028
- IWM_r12m: 0.644666
- IWM_r1m: -0.019970
- IWM_r3m: 0.018555
- IWM_vol3m: 0.190282
- LQD_mdd: -0.012431
- LQD_r12m: 0.014912
- LQD_r1m: 0.015902
- LQD_r3m: 0.036793
- LQD_vol3m: 0.052445
- QQQ_mdd: 0.000000
- QQQ_r12m: 0.382795
- QQQ_r1m: 0.072998
- QQQ_r3m: 0.072139
- QQQ_vol3m: 0.152081
- SHY_mdd: -0.001008
- SHY_r12m: 0.000010
- SHY_r1m: -0.000660
- SHY_r3m: 0.000197
- SHY_vol3m: 0.004762
- SLV_mdd: -0.488151
- SLV_r12m: 0.391830
- SLV_r1m: -0.061676
- SLV_r3m: 0.033319
- SLV_vol3m: 0.230044
- SPY_mdd: 0.000000
- SPY_r12m: 0.405963
- SPY_r1m: 0.036274
- SPY_r3m: 0.061860
- SPY_vol3m: 0.109598
- TIP_mdd: -0.001873
- TIP_r12m: 0.060038
- TIP_r1m: 0.011214
- TIP_r3m: 0.036895
- TIP_vol3m: 0.001283
- TLT_mdd: -0.134568
- TLT_r12m: -0.110801
- TLT_r1m: 0.035508
- TLT_r3m: 0.070088
- TLT_vol3m: 0.112727
- UUP_mdd: -0.118191
- UUP_r12m: -0.052772
- UUP_r1m: 0.021443
- UUP_r3m: -0.001612
- UUP_vol3m: 0.056982
- VEA_mdd: -0.019141
- VEA_r12m: 0.356157
- VEA_r1m: -0.012658
- VEA_r3m: 0.034014
- VEA_vol3m: 0.130766
- VNQ_mdd: 0.000000
- VNQ_r12m: 0.399292
- VNQ_r1m: 0.010097
- VNQ_r3m: 0.128736
- VNQ_vol3m: 0.136221
- VWO_mdd: -0.056000
- VWO_r12m: 0.248787
- VWO_r1m: -0.023149
- VWO_r3m: 0.020266
- VWO_vol3m: 0.148060
- cross_vol: 0.099457
Assets: SPY, QQQ, IWM, DIA, EFA, EEM, VEA, VWO, AGG, BND, SHY, IEF, TLT, TIP, LQD, HYG, GLD, SLV, DBC, VNQ, UUP, BIL","{""SPY"":0.019019019,""QQQ"":0.019019019,""IWM"":0.019019019,""DIA"":0.019019019,""EFA"":0.019019019,""EEM"":0.019019019,""VEA"":0.019019019,""VWO"":0.019019019,""AGG"":0.019019019,""BND"":0.019019019,""SHY"":0.019019019,""IEF"":0.019019019,""TLT"":0.019019019,""TIP"":0.019019019,""LQD"":0.019019019,""HYG"":0.019019019,""GLD"":0.019019019,""SLV"":0.019019019,""DBC"":0.019019019,""VNQ"":0.019019019,""UUP"":0.019019019,""BIL"":0.6006006006}","{""SPY"":0.019047619,""QQQ"":0.019047619,""IWM"":0.019047619,""DIA"":0.019047619,""EFA"":0.019047619,""EEM"":0.019047619,""VEA"":0.019047619,""VWO"":0.019047619,""AGG"":0.019047619,""BND"":0.019047619,""SHY"":0.019047619,""IEF"":0.019047619,""TLT"":0.019047619,""TIP"":0.019047619,""LQD"":0.019047619,""HYG"":0.019047619,""GLD"":0.019047619,""SLV"":0.019047619,""DBC"":0.019047619,""VNQ"":0.019047619,""UUP"":0.019047619,""BIL"":0.6}","{""SPY"":0.019047619,""QQQ"":0.019047619,""IWM"":0.019047619,""DIA"":0.019047619,""EFA"":0.019047619,""EEM"":0.019047619,""VEA"":0.019047619,""VWO"":0.019047619,""AGG"":0.019047619,""BND"":0.019047619,""SHY"":0.019047619,""IEF"":0.019047619,""TLT"":0.019047619,""TIP"":0.6,""LQD"":0.019047619,""HYG"":0.019047619,""GLD"":0.019047619,""SLV"":0.019047619,""DBC"":0.019047619,""VNQ"":0.019047619,""UUP"":0.019047619,""BIL"":0.019047619}",0,swap_vol3m_only,TIP,0.0012832446625730923,0.04177343572417791,0.04177343572417791,0.0012832446625730923
4e87e195b8c64f633ad53f5b,p2_counterfactual_v1,E_counterfactual_no_fewshot,gemma3:1b,P2,2021-07-09,9,2898,BIL,TIP,TIP,SPY,SPY,0,0,0,0,1.5314784192489272,8.348356728138384e-17,b031c4b6bb3c413a738314c9ec8cbf6f3cd4cc7d0010a602dfd36dadbeb5e47b,3533,e3b0c44298fc1c149afbf4c8996fb92427ae41e4649b934ca495991b7852b855,0,1,0,0,3.6370507499959785,1,"{""weights"": {""SPY"":0.45, ""QQQ"":0.30, ""IWM"":0.15, ""DIA"":0.10, ""EFA"":0.08, ""EEM"":0.07, ""VEA"":0.06, ""VWO"":0.05, ""AGG"":0.04, ""BND"":0.03, ""SHY"":0.02, ""IEF"":0.01, ""TLT"":0.008, ""TIP"":0.006, ""LQD"":0.005, ""HYG"":0.004, ""GLD"":0.003, ""SLV"":0.002, ""DBC"":0.001, ""VNQ"":0.0008, ""UUP"":0.0006, ""BIL"":0.0005}}","You are a DEFENSIVE LOW-VOLATILITY policy profile. Your task is to translate a natural-language risk-averse policy into provisional portfolio weights. Use only the provided feature values, not outside market knowledge. Identify the eligible asset that appears safest, defined by the lowest `_vol3m` value. This is a defensive single-core policy profile, so do not default to equal weights when one asset clearly has the lowest recent volatility. Allocate 60% of the total portfolio weight to this safest asset as the language-level policy target. The hard maximum-weight constraint is 60%. Do not solve the projection yourself; express the language-level target and let the projection layer enforce feasibility before execution. Distribute the remaining weight equally among all other eligible assets. Use only tickers from the provided asset list. Include every eligible ticker exactly once. Return strictly valid JSON only. The `weights` field MUST be a JSON object where keys are tickers and values are numeric portfolio weights expressed as decimals, not percentages.



Current Features:
- AGG_mdd: -0.016513
- AGG_r12m: -0.006502
- AGG_r1m: 0.006925
- AGG_r3m: 0.017528
- AGG_vol3m: 0.029805
- BIL_mdd: -0.001321
- BIL_r12m: -0.000623
- BIL_r1m: 0.000000
- BIL_r3m: -0.000218
- BIL_vol3m: 0.041773
- BND_mdd: -0.017108
- BND_r12m: -0.006027
- BND_r1m: 0.007853
- BND_r3m: 0.019442
- BND_vol3m: 0.030256
- DBC_mdd: -0.383502
- DBC_r12m: 0.519873
- DBC_r1m: -0.004685
- DBC_r3m: 0.139452
- DBC_vol3m: 0.164001
- DIA_mdd: 0.000000
- DIA_r12m: 0.380448
- DIA_r1m: 0.012902
- DIA_r3m: 0.036151
- DIA_vol3m: 0.109793
- EEM_mdd: -0.072041
- EEM_r12m: 0.248634
- EEM_r1m: -0.027054
- EEM_r3m: 0.004379
- EEM_vol3m: 0.152081
- EFA_mdd: -0.020679
- EFA_r12m: 0.320429
- EFA_r1m: -0.012756
- EFA_r3m: 0.034081
- EFA_vol3m: 0.132747
- GLD_mdd: -0.127289
- GLD_r12m: -0.002476
- GLD_r1m: -0.043903
- GLD_r3m: 0.036381
- GLD_vol3m: 0.129250
- HYG_mdd: -0.000682
- HYG_r12m: 0.120042
- HYG_r1m: 0.009869
- HYG_r3m: 0.019350
- HYG_vol3m: 0.028958
- IEF_mdd: -0.047232
- IEF_r12m: -0.039194
- IEF_r1m: 0.009688
- IEF_r3m: 0.026705
- IEF_vol3m: 0.044126
- IWM_mdd: -0.031028
- IWM_r12m: 0.644666
- IWM_r1m: -0.019970
- IWM_r3m: 0.018555
- IWM_vol3m: 0.190282
- LQD_mdd: -0.012431
- LQD_r12m: 0.014912
- LQD_r1m: 0.015902
- LQD_r3m: 0.036793
- LQD_vol3m: 0.052445
- QQQ_mdd: 0.000000
- QQQ_r12m: 0.382795
- QQQ_r1m: 0.072998
- QQQ_r3m: 0.072139
- QQQ_vol3m: 0.152081
- SHY_mdd: -0.001008
- SHY_r12m: 0.000010
- SHY_r1m: -0.000660
- SHY_r3m: 0.000197
- SHY_vol3m: 0.004762
- SLV_mdd: -0.488151
- SLV_r12m: 0.391830
- SLV_r1m: -0.061676
- SLV_r3m: 0.033319
- SLV_vol3m: 0.230044
- SPY_mdd: 0.000000
- SPY_r12m: 0.405963
- SPY_r1m: 0.036274
- SPY_r3m: 0.061860
- SPY_vol3m: 0.109598
- TIP_mdd: -0.001873
- TIP_r12m: 0.060038
- TIP_r1m: 0.011214
- TIP_r3m: 0.036895
- TIP_vol3m: 0.001283
- TLT_mdd: -0.134568
- TLT_r12m: -0.110801
- TLT_r1m: 0.035508
- TLT_r3m: 0.070088
- TLT_vol3m: 0.112727
- UUP_mdd: -0.118191
- UUP_r12m: -0.052772
- UUP_r1m: 0.021443
- UUP_r3m: -0.001612
- UUP_vol3m: 0.056982
- VEA_mdd: -0.019141
- VEA_r12m: 0.356157
- VEA_r1m: -0.012658
- VEA_r3m: 0.034014
- VEA_vol3m: 0.130766
- VNQ_mdd: 0.000000
- VNQ_r12m: 0.399292
- VNQ_r1m: 0.010097
- VNQ_r3m: 0.128736
- VNQ_vol3m: 0.136221
- VWO_mdd: -0.056000
- VWO_r12m: 0.248787
- VWO_r1m: -0.023149
- VWO_r3m: 0.020266
- VWO_vol3m: 0.148060
- cross_vol: 0.099457
Assets: SPY, QQQ, IWM, DIA, EFA, EEM, VEA, VWO, AGG, BND, SHY, IEF, TLT, TIP, LQD, HYG, GLD, SLV, DBC, VNQ, UUP, BIL","{""SPY"":0.3235315263,""QQQ"":0.2156876842,""IWM"":0.1078438421,""DIA"":0.0718958947,""EFA"":0.0575167158,""EEM"":0.0503271263,""VEA"":0.0431375368,""VWO"":0.0359479474,""AGG"":0.0287583579,""BND"":0.0215687684,""SHY"":0.0143791789,""IEF"":0.0071895895,""TLT"":0.0057516716,""TIP"":0.0043137537,""LQD"":0.0035947947,""HYG"":0.0028758358,""GLD"":0.0021568768,""SLV"":0.0014379179,""DBC"":0.0007189589,""VNQ"":0.0005751672,""UUP"":0.0004313754,""BIL"":0.0003594795}","{""SPY"":0.3235315263,""QQQ"":0.2156876842,""IWM"":0.1078438421,""DIA"":0.0718958947,""EFA"":0.0575167158,""EEM"":0.0503271263,""VEA"":0.0431375368,""VWO"":0.0359479474,""AGG"":0.0287583579,""BND"":0.0215687684,""SHY"":0.0143791789,""IEF"":0.0071895895,""TLT"":0.0057516716,""TIP"":0.0043137537,""LQD"":0.0035947947,""HYG"":0.0028758358,""GLD"":0.0021568768,""SLV"":0.0014379179,""DBC"":0.0007189589,""VNQ"":0.0005751672,""UUP"":0.0004313754,""BIL"":0.0003594795}","{""SPY"":0.019047619,""QQQ"":0.019047619,""IWM"":0.019047619,""DIA"":0.019047619,""EFA"":0.019047619,""EEM"":0.019047619,""VEA"":0.019047619,""VWO"":0.019047619,""AGG"":0.019047619,""BND"":0.019047619,""SHY"":0.019047619,""IEF"":0.019047619,""TLT"":0.019047619,""TIP"":0.6,""LQD"":0.019047619,""HYG"":0.019047619,""GLD"":0.019047619,""SLV"":0.019047619,""DBC"":0.019047619,""VNQ"":0.019047619,""UUP"":0.019047619,""BIL"":0.019047619}",0,swap_vol3m_only,TIP,0.0012832446625730923,0.04177343572417791,0.04177343572417791,0.0012832446625730923
450eb78d00af87a0b3adb4cc,p2_counterfactual_v1,D_counterfactual_fewshot,llama3.1:8b,P2,2021-07-09,9,2898,BIL,TIP,TIP,BIL,BIL,0,0,1,1,1.161904761904762,0.0012012012012015266,deccc837704bc8025c4ec90061784363657791bfebea387d1465320df0f0d227,5945,0c486dcc8b84342fb4cdde63596cc7f2329bfb21cae879d57c67768a7e347a8f,2412,1,0,0,16.501114375001634,1,"{
  ""weights"": {
    ""SPY"": 0.019,
    ""QQQ"": 0.019,
    ""IWM"": 0.019,
    ""DIA"": 0.019,
    ""EFA"": 0.019,
    ""EEM"": 0.019,
    ""VEA"": 0.019,
    ""VWO"": 0.019,
    ""AGG"": 0.019,
    ""BND"": 0.019,
    ""SHY"": 0.019,
    ""IEF"": 0.019,
    ""TLT"": 0.019,
    ""TIP"": 0.019,
    ""LQD"": 0.019,
    ""HYG"": 0.019,
    ""GLD"": 0.019,
    ""SLV"": 0.019,
    ""DBC"": 0.019,
    ""VNQ"": 0.019,
    ""UUP"": 0.019,
    ""BIL"": 0.6
  }
}","You are a DEFENSIVE LOW-VOLATILITY policy profile. Your task is to translate a natural-language risk-averse policy into provisional portfolio weights. Use only the provided feature values, not outside market knowledge. Identify the eligible asset that appears safest, defined by the lowest `_vol3m` value. This is a defensive single-core policy profile, so do not default to equal weights when one asset clearly has the lowest recent volatility. Allocate 60% of the total portfolio weight to this safest asset as the language-level policy target. The hard maximum-weight constraint is 60%. Do not solve the projection yourself; express the language-level target and let the projection layer enforce feasibility before execution. Distribute the remaining weight equally among all other eligible assets. Use only tickers from the provided asset list. Include every eligible ticker exactly once. Return strictly valid JSON only. The `weights` field MUST be a JSON object where keys are tickers and values are numeric portfolio weights expressed as decimals, not percentages.

### EXAMPLE 1
Features:
- AGG_mdd: -0.021496
- AGG_r12m: -0.016336
- AGG_r1m: -0.007499
- AGG_r3m: 0.000287
- AGG_vol3m: 0.021307
- BIL_mdd: 0.000000
- BIL_r12m: 0.013922
- BIL_r1m: 0.001399
- BIL_r3m: 0.004380
- BIL_vol3m: 0.001959
- BND_mdd: -0.020215
- BND_r12m: -0.014373
TargetWeights(JSON): {""SPY"": 0.019, ""QQQ"": 0.019, ""IWM"": 0.019, ""DIA"": 0.019, ""EFA"": 0.019, ""EEM"": 0.019, ""VEA"": 0.019, ""VWO"": 0.019, ""AGG"": 0.019, ""BND"": 0.019, ""SHY"": 0.019, ""IEF"": 0.019, ""TLT"": 0.019, ""TIP"": 0.019, ""LQD"": 0.019, ""HYG"": 0.019, ""GLD"": 0.019, ""SLV"": 0.019, ""DBC"": 0.019, ""VNQ"": 0.019, ""UUP"": 0.019, ""BIL"": 0.6}
### EXAMPLE 2
Features:
- AGG_mdd: -0.007978
- AGG_r12m: 0.074135
- AGG_r1m: 0.006360
- AGG_r3m: 0.026146
- AGG_vol3m: 0.027953
- BIL_mdd: 0.000000
- BIL_r12m: 0.021492
- BIL_r1m: 0.002024
- BIL_r3m: 0.005972
- BIL_vol3m: 0.001849
- BND_mdd: -0.008536
- BND_r12m: 0.071805
TargetWeights(JSON): {""SPY"": 0.019, ""QQQ"": 0.019, ""IWM"": 0.019, ""DIA"": 0.019, ""EFA"": 0.019, ""EEM"": 0.019, ""VEA"": 0.019, ""VWO"": 0.019, ""AGG"": 0.019, ""BND"": 0.019, ""SHY"": 0.019, ""IEF"": 0.019, ""TLT"": 0.019, ""TIP"": 0.019, ""LQD"": 0.019, ""HYG"": 0.019, ""GLD"": 0.019, ""SLV"": 0.019, ""DBC"": 0.019, ""VNQ"": 0.019, ""UUP"": 0.019, ""BIL"": 0.6}
### EXAMPLE 3
Features:
- AGG_mdd: -0.008570
- AGG_r12m: 0.022343
- AGG_r1m: 0.007021
- AGG_r3m: 0.012624
- AGG_vol3m: 0.034413
- BIL_mdd: -0.003881
- BIL_r12m: -0.001312
- BIL_r1m: -0.000220
- BIL_r3m: -0.000220
- BIL_vol3m: 0.002458
- BND_mdd: -0.010948
- BND_r12m: 0.021203
TargetWeights(JSON): {""SPY"": 0.019, ""QQQ"": 0.019, ""IWM"": 0.019, ""DIA"": 0.019, ""EFA"": 0.019, ""EEM"": 0.019, ""VEA"": 0.019, ""VWO"": 0.019, ""AGG"": 0.019, ""BND"": 0.019, ""SHY"": 0.019, ""IEF"": 0.019, ""TLT"": 0.019, ""TIP"": 0.019, ""LQD"": 0.019, ""HYG"": 0.019, ""GLD"": 0.019, ""SLV"": 0.019, ""DBC"": 0.019, ""VNQ"": 0.019, ""UUP"": 0.019, ""BIL"": 0.6}
### EXAMPLE 4
Features:
- AGG_mdd: -0.005052
- AGG_r12m: 0.029180
- AGG_r1m: 0.003088
- AGG_r3m: 0.014293
- AGG_vol3m: 0.023832
- BIL_mdd: -0.002137
- BIL_r12m: -0.000655
- BIL_r1m: 0.000000
- BIL_r3m: 0.000000
- BIL_vol3m: 0.002249
- BND_mdd: -0.005475
- BND_r12m: 0.029315
TargetWeights(JSON): {""SPY"": 0.019, ""QQQ"": 0.019, ""IWM"": 0.019, ""DIA"": 0.019, ""EFA"": 0.019, ""EEM"": 0.019, ""VEA"": 0.019, ""VWO"": 0.019, ""AGG"": 0.019, ""BND"": 0.019, ""SHY"": 0.019, ""IEF"": 0.019, ""TLT"": 0.019, ""TIP"": 0.019, ""LQD"": 0.019, ""HYG"": 0.019, ""GLD"": 0.019, ""SLV"": 0.019, ""DBC"": 0.019, ""VNQ"": 0.019, ""UUP"": 0.019, ""BIL"": 0.6}

Current Features:
- AGG_mdd: -0.016513
- AGG_r12m: -0.006502
- AGG_r1m: 0.006925
- AGG_r3m: 0.017528
- AGG_vol3m: 0.029805
- BIL_mdd: -0.001321
- BIL_r12m: -0.000623
- BIL_r1m: 0.000000
- BIL_r3m: -0.000218
- BIL_vol3m: 0.041773
- BND_mdd: -0.017108
- BND_r12m: -0.006027
- BND_r1m: 0.007853
- BND_r3m: 0.019442
- BND_vol3m: 0.030256
- DBC_mdd: -0.383502
- DBC_r12m: 0.519873
- DBC_r1m: -0.004685
- DBC_r3m: 0.139452
- DBC_vol3m: 0.164001
- DIA_mdd: 0.000000
- DIA_r12m: 0.380448
- DIA_r1m: 0.012902
- DIA_r3m: 0.036151
- DIA_vol3m: 0.109793
- EEM_mdd: -0.072041
- EEM_r12m: 0.248634
- EEM_r1m: -0.027054
- EEM_r3m: 0.004379
- EEM_vol3m: 0.152081
- EFA_mdd: -0.020679
- EFA_r12m: 0.320429
- EFA_r1m: -0.012756
- EFA_r3m: 0.034081
- EFA_vol3m: 0.132747
- GLD_mdd: -0.127289
- GLD_r12m: -0.002476
- GLD_r1m: -0.043903
- GLD_r3m: 0.036381
- GLD_vol3m: 0.129250
- HYG_mdd: -0.000682
- HYG_r12m: 0.120042
- HYG_r1m: 0.009869
- HYG_r3m: 0.019350
- HYG_vol3m: 0.028958
- IEF_mdd: -0.047232
- IEF_r12m: -0.039194
- IEF_r1m: 0.009688
- IEF_r3m: 0.026705
- IEF_vol3m: 0.044126
- IWM_mdd: -0.031028
- IWM_r12m: 0.644666
- IWM_r1m: -0.019970
- IWM_r3m: 0.018555
- IWM_vol3m: 0.190282
- LQD_mdd: -0.012431
- LQD_r12m: 0.014912
- LQD_r1m: 0.015902
- LQD_r3m: 0.036793
- LQD_vol3m: 0.052445
- QQQ_mdd: 0.000000
- QQQ_r12m: 0.382795
- QQQ_r1m: 0.072998
- QQQ_r3m: 0.072139
- QQQ_vol3m: 0.152081
- SHY_mdd: -0.001008
- SHY_r12m: 0.000010
- SHY_r1m: -0.000660
- SHY_r3m: 0.000197
- SHY_vol3m: 0.004762
- SLV_mdd: -0.488151
- SLV_r12m: 0.391830
- SLV_r1m: -0.061676
- SLV_r3m: 0.033319
- SLV_vol3m: 0.230044
- SPY_mdd: 0.000000
- SPY_r12m: 0.405963
- SPY_r1m: 0.036274
- SPY_r3m: 0.061860
- SPY_vol3m: 0.109598
- TIP_mdd: -0.001873
- TIP_r12m: 0.060038
- TIP_r1m: 0.011214
- TIP_r3m: 0.036895
- TIP_vol3m: 0.001283
- TLT_mdd: -0.134568
- TLT_r12m: -0.110801
- TLT_r1m: 0.035508
- TLT_r3m: 0.070088
- TLT_vol3m: 0.112727
- UUP_mdd: -0.118191
- UUP_r12m: -0.052772
- UUP_r1m: 0.021443
- UUP_r3m: -0.001612
- UUP_vol3m: 0.056982
- VEA_mdd: -0.019141
- VEA_r12m: 0.356157
- VEA_r1m: -0.012658
- VEA_r3m: 0.034014
- VEA_vol3m: 0.130766
- VNQ_mdd: 0.000000
- VNQ_r12m: 0.399292
- VNQ_r1m: 0.010097
- VNQ_r3m: 0.128736
- VNQ_vol3m: 0.136221
- VWO_mdd: -0.056000
- VWO_r12m: 0.248787
- VWO_r1m: -0.023149
- VWO_r3m: 0.020266
- VWO_vol3m: 0.148060
- cross_vol: 0.099457
Assets: SPY, QQQ, IWM, DIA, EFA, EEM, VEA, VWO, AGG, BND, SHY, IEF, TLT, TIP, LQD, HYG, GLD, SLV, DBC, VNQ, UUP, BIL","{""SPY"":0.019019019,""QQQ"":0.019019019,""IWM"":0.019019019,""DIA"":0.019019019,""EFA"":0.019019019,""EEM"":0.019019019,""VEA"":0.019019019,""VWO"":0.019019019,""AGG"":0.019019019,""BND"":0.019019019,""SHY"":0.019019019,""IEF"":0.019019019,""TLT"":0.019019019,""TIP"":0.019019019,""LQD"":0.019019019,""HYG"":0.019019019,""GLD"":0.019019019,""SLV"":0.019019019,""DBC"":0.019019019,""VNQ"":0.019019019,""UUP"":0.019019019,""BIL"":0.6006006006}","{""SPY"":0.019047619,""QQQ"":0.019047619,""IWM"":0.019047619,""DIA"":0.019047619,""EFA"":0.019047619,""EEM"":0.019047619,""VEA"":0.019047619,""VWO"":0.019047619,""AGG"":0.019047619,""BND"":0.019047619,""SHY"":0.019047619,""IEF"":0.019047619,""TLT"":0.019047619,""TIP"":0.019047619,""LQD"":0.019047619,""HYG"":0.019047619,""GLD"":0.019047619,""SLV"":0.019047619,""DBC"":0.019047619,""VNQ"":0.019047619,""UUP"":0.019047619,""BIL"":0.6}","{""SPY"":0.019047619,""QQQ"":0.019047619,""IWM"":0.019047619,""DIA"":0.019047619,""EFA"":0.019047619,""EEM"":0.019047619,""VEA"":0.019047619,""VWO"":0.019047619,""AGG"":0.019047619,""BND"":0.019047619,""SHY"":0.019047619,""IEF"":0.019047619,""TLT"":0.019047619,""TIP"":0.6,""LQD"":0.019047619,""HYG"":0.019047619,""GLD"":0.019047619,""SLV"":0.019047619,""DBC"":0.019047619,""VNQ"":0.019047619,""UUP"":0.019047619,""BIL"":0.019047619}",0,swap_vol3m_only,TIP,0.0012832446625730923,0.04177343572417791,0.04177343572417791,0.0012832446625730923
f918fec0904861bb29099da0,p2_counterfactual_v1,E_counterfactual_no_fewshot,llama3.1:8b,P2,2021-07-09,9,2898,BIL,TIP,TIP,SPY,SPY,0,0,0,0,1.1428571428571428,6.591949208711867e-17,b031c4b6bb3c413a738314c9ec8cbf6f3cd4cc7d0010a602dfd36dadbeb5e47b,3533,e3b0c44298fc1c149afbf4c8996fb92427ae41e4649b934ca495991b7852b855,0,1,0,0,15.97945154098852,1,"{
  ""weights"": {
    ""SPY"": 0.6,
    ""QQQ"": 0.1,
    ""IWM"": 0.1,
    ""DIA"": 0.05,
    ""EFA"": 0.05,
    ""EEM"": 0.05,
    ""VEA"": 0.05,
    ""VWO"": 0.05,
    ""AGG"": 0.05,
    ""BND"": 0.05,
    ""SHY"": 0.05,
    ""IEF"": 0.05,
    ""TLT"": 0.05,
    ""TIP"": 0.05,
    ""LQD"": 0.05,
    ""HYG"": 0.05,
    ""GLD"": 0.05,
    ""SLV"": 0.05,
    ""DBC"": 0.05,
    ""VNQ"": 0.05,
    ""UUP"": 0.05,
    ""BIL"": 0.05
  }
}","You are a DEFENSIVE LOW-VOLATILITY policy profile. Your task is to translate a natural-language risk-averse policy into provisional portfolio weights. Use only the provided feature values, not outside market knowledge. Identify the eligible asset that appears safest, defined by the lowest `_vol3m` value. This is a defensive single-core policy profile, so do not default to equal weights when one asset clearly has the lowest recent volatility. Allocate 60% of the total portfolio weight to this safest asset as the language-level policy target. The hard maximum-weight constraint is 60%. Do not solve the projection yourself; express the language-level target and let the projection layer enforce feasibility before execution. Distribute the remaining weight equally among all other eligible assets. Use only tickers from the provided asset list. Include every eligible ticker exactly once. Return strictly valid JSON only. The `weights` field MUST be a JSON object where keys are tickers and values are numeric portfolio weights expressed as decimals, not percentages.



Current Features:
- AGG_mdd: -0.016513
- AGG_r12m: -0.006502
- AGG_r1m: 0.006925
- AGG_r3m: 0.017528
- AGG_vol3m: 0.029805
- BIL_mdd: -0.001321
- BIL_r12m: -0.000623
- BIL_r1m: 0.000000
- BIL_r3m: -0.000218
- BIL_vol3m: 0.041773
- BND_mdd: -0.017108
- BND_r12m: -0.006027
- BND_r1m: 0.007853
- BND_r3m: 0.019442
- BND_vol3m: 0.030256
- DBC_mdd: -0.383502
- DBC_r12m: 0.519873
- DBC_r1m: -0.004685
- DBC_r3m: 0.139452
- DBC_vol3m: 0.164001
- DIA_mdd: 0.000000
- DIA_r12m: 0.380448
- DIA_r1m: 0.012902
- DIA_r3m: 0.036151
- DIA_vol3m: 0.109793
- EEM_mdd: -0.072041
- EEM_r12m: 0.248634
- EEM_r1m: -0.027054
- EEM_r3m: 0.004379
- EEM_vol3m: 0.152081
- EFA_mdd: -0.020679
- EFA_r12m: 0.320429
- EFA_r1m: -0.012756
- EFA_r3m: 0.034081
- EFA_vol3m: 0.132747
- GLD_mdd: -0.127289
- GLD_r12m: -0.002476
- GLD_r1m: -0.043903
- GLD_r3m: 0.036381
- GLD_vol3m: 0.129250
- HYG_mdd: -0.000682
- HYG_r12m: 0.120042
- HYG_r1m: 0.009869
- HYG_r3m: 0.019350
- HYG_vol3m: 0.028958
- IEF_mdd: -0.047232
- IEF_r12m: -0.039194
- IEF_r1m: 0.009688
- IEF_r3m: 0.026705
- IEF_vol3m: 0.044126
- IWM_mdd: -0.031028
- IWM_r12m: 0.644666
- IWM_r1m: -0.019970
- IWM_r3m: 0.018555
- IWM_vol3m: 0.190282
- LQD_mdd: -0.012431
- LQD_r12m: 0.014912
- LQD_r1m: 0.015902
- LQD_r3m: 0.036793
- LQD_vol3m: 0.052445
- QQQ_mdd: 0.000000
- QQQ_r12m: 0.382795
- QQQ_r1m: 0.072998
- QQQ_r3m: 0.072139
- QQQ_vol3m: 0.152081
- SHY_mdd: -0.001008
- SHY_r12m: 0.000010
- SHY_r1m: -0.000660
- SHY_r3m: 0.000197
- SHY_vol3m: 0.004762
- SLV_mdd: -0.488151
- SLV_r12m: 0.391830
- SLV_r1m: -0.061676
- SLV_r3m: 0.033319
- SLV_vol3m: 0.230044
- SPY_mdd: 0.000000
- SPY_r12m: 0.405963
- SPY_r1m: 0.036274
- SPY_r3m: 0.061860
- SPY_vol3m: 0.109598
- TIP_mdd: -0.001873
- TIP_r12m: 0.060038
- TIP_r1m: 0.011214
- TIP_r3m: 0.036895
- TIP_vol3m: 0.001283
- TLT_mdd: -0.134568
- TLT_r12m: -0.110801
- TLT_r1m: 0.035508
- TLT_r3m: 0.070088
- TLT_vol3m: 0.112727
- UUP_mdd: -0.118191
- UUP_r12m: -0.052772
- UUP_r1m: 0.021443
- UUP_r3m: -0.001612
- UUP_vol3m: 0.056982
- VEA_mdd: -0.019141
- VEA_r12m: 0.356157
- VEA_r1m: -0.012658
- VEA_r3m: 0.034014
- VEA_vol3m: 0.130766
- VNQ_mdd: 0.000000
- VNQ_r12m: 0.399292
- VNQ_r1m: 0.010097
- VNQ_r3m: 0.128736
- VNQ_vol3m: 0.136221
- VWO_mdd: -0.056000
- VWO_r12m: 0.248787
- VWO_r1m: -0.023149
- VWO_r3m: 0.020266
- VWO_vol3m: 0.148060
- cross_vol: 0.099457
Assets: SPY, QQQ, IWM, DIA, EFA, EEM, VEA, VWO, AGG, BND, SHY, IEF, TLT, TIP, LQD, HYG, GLD, SLV, DBC, VNQ, UUP, BIL","{""SPY"":0.3428571429,""QQQ"":0.0571428571,""IWM"":0.0571428571,""DIA"":0.0285714286,""EFA"":0.0285714286,""EEM"":0.0285714286,""VEA"":0.0285714286,""VWO"":0.0285714286,""AGG"":0.0285714286,""BND"":0.0285714286,""SHY"":0.0285714286,""IEF"":0.0285714286,""TLT"":0.0285714286,""TIP"":0.0285714286,""LQD"":0.0285714286,""HYG"":0.0285714286,""GLD"":0.0285714286,""SLV"":0.0285714286,""DBC"":0.0285714286,""VNQ"":0.0285714286,""UUP"":0.0285714286,""BIL"":0.0285714286}","{""SPY"":0.3428571429,""QQQ"":0.0571428571,""IWM"":0.0571428571,""DIA"":0.0285714286,""EFA"":0.0285714286,""EEM"":0.0285714286,""VEA"":0.0285714286,""VWO"":0.0285714286,""AGG"":0.0285714286,""BND"":0.0285714286,""SHY"":0.0285714286,""IEF"":0.0285714286,""TLT"":0.0285714286,""TIP"":0.0285714286,""LQD"":0.0285714286,""HYG"":0.0285714286,""GLD"":0.0285714286,""SLV"":0.0285714286,""DBC"":0.0285714286,""VNQ"":0.0285714286,""UUP"":0.0285714286,""BIL"":0.0285714286}","{""SPY"":0.019047619,""QQQ"":0.019047619,""IWM"":0.019047619,""DIA"":0.019047619,""EFA"":0.019047619,""EEM"":0.019047619,""VEA"":0.019047619,""VWO"":0.019047619,""AGG"":0.019047619,""BND"":0.019047619,""SHY"":0.019047619,""IEF"":0.019047619,""TLT"":0.019047619,""TIP"":0.6,""LQD"":0.019047619,""HYG"":0.019047619,""GLD"":0.019047619,""SLV"":0.019047619,""DBC"":0.019047619,""VNQ"":0.019047619,""UUP"":0.019047619,""BIL"":0.019047619}",0,swap_vol3m_only,TIP,0.0012832446625730923,0.04177343572417791,0.04177343572417791,0.0012832446625730923
fa3360bdfde27ddeedb1aff9,p2_counterfactual_v1,D_counterfactual_fewshot,gemma3:270m,P2,2023-09-11,11,3444,BIL,LQD,LQD,BIL,BIL,0,0,1,1,1.161904761904762,0.0012012012012015266,3de9a7a7859e1a2329a639ac31479e076e066a7eee750f36346ce6a291dc2c99,5960,0fd424b75a5ab67b380017c3a6dd556f0b817931bf694ebca579773a6410145a,2410,1,0,0,1.952061957999831,1,"{""weights"": {""SPY"": 0.019, ""QQQ"": 0.019, ""IWM"": 0.019, ""DIA"": 0.019, ""EFA"": 0.019, ""EEM"": 0.019, ""VEA"": 0.019, ""VWO"": 0.019, ""AGG"": 0.019, ""BND"": 0.019, ""SHY"": 0.019, ""IEF"": 0.019, ""TLT"": 0.019, ""TIP"": 0.019, ""LQD"": 0.019, ""HYG"": 0.019, ""GLD"": 0.019, ""SLV"": 0.019, ""DBC"": 0.019, ""VNQ"": 0.019, ""UUP"": 0.019, ""BIL"": 0.6}}","You are a DEFENSIVE LOW-VOLATILITY policy profile. Your task is to translate a natural-language risk-averse policy into provisional portfolio weights. Use only the provided feature values, not outside market knowledge. Identify the eligible asset that appears safest, defined by the lowest `_vol3m` value. This is a defensive single-core policy profile, so do not default to equal weights when one asset clearly has the lowest recent volatility. Allocate 60% of the total portfolio weight to this safest asset as the language-level policy target. The hard maximum-weight constraint is 60%. Do not solve the projection yourself; express the language-level target and let the projection layer enforce feasibility before execution. Distribute the remaining weight equally among all other eligible assets. Use only tickers from the provided asset list. Include every eligible ticker exactly once. Return strictly valid JSON only. The `weights` field MUST be a JSON object where keys are tickers and values are numeric portfolio weights expressed as decimals, not percentages.

### EXAMPLE 1
Features:
- AGG_mdd: -0.001604
- AGG_r12m: 0.000000
- AGG_r1m: 0.012451
- AGG_r3m: 0.020362
- AGG_vol3m: 0.035033
- BIL_mdd: -0.000436
- BIL_r12m: 0.000000
- BIL_r1m: 0.000000
- BIL_r3m: 0.000218
- BIL_vol3m: 0.003201
- BND_mdd: -0.002605
- BND_r12m: 0.000000
TargetWeights(JSON): {""SPY"": 0.019, ""QQQ"": 0.019, ""IWM"": 0.019, ""DIA"": 0.019, ""EFA"": 0.019, ""EEM"": 0.019, ""VEA"": 0.019, ""VWO"": 0.019, ""AGG"": 0.019, ""BND"": 0.019, ""SHY"": 0.019, ""IEF"": 0.019, ""TLT"": 0.019, ""TIP"": 0.019, ""LQD"": 0.019, ""HYG"": 0.019, ""GLD"": 0.019, ""SLV"": 0.019, ""DBC"": 0.019, ""VNQ"": 0.019, ""UUP"": 0.019, ""BIL"": 0.6}
### EXAMPLE 2
Features:
- AGG_mdd: -0.006534
- AGG_r12m: 0.005103
- AGG_r1m: 0.001254
- AGG_r3m: 0.003531
- AGG_vol3m: 0.023616
- BIL_mdd: 0.000000
- BIL_r12m: 0.005153
- BIL_r1m: 0.000480
- BIL_r3m: 0.002342
- BIL_vol3m: 0.003015
- BND_mdd: -0.007401
- BND_r12m: 0.008450
TargetWeights(JSON): {""SPY"": 0.019, ""QQQ"": 0.019, ""IWM"": 0.019, ""DIA"": 0.019, ""EFA"": 0.019, ""EEM"": 0.019, ""VEA"": 0.019, ""VWO"": 0.019, ""AGG"": 0.019, ""BND"": 0.019, ""SHY"": 0.019, ""IEF"": 0.019, ""TLT"": 0.019, ""TIP"": 0.019, ""LQD"": 0.019, ""HYG"": 0.019, ""GLD"": 0.019, ""SLV"": 0.019, ""DBC"": 0.019, ""VNQ"": 0.019, ""UUP"": 0.019, ""BIL"": 0.6}
### EXAMPLE 3
Features:
- AGG_mdd: -0.118538
- AGG_r12m: -0.105797
- AGG_r1m: -0.021664
- AGG_r3m: -0.017161
- AGG_vol3m: 0.083806
- BIL_mdd: 0.000000
- BIL_r12m: 0.002880
- BIL_r1m: 0.001719
- BIL_r3m: 0.002419
- BIL_vol3m: 0.002262
- BND_mdd: -0.121412
- BND_r12m: -0.107728
TargetWeights(JSON): {""SPY"": 0.019, ""QQQ"": 0.019, ""IWM"": 0.019, ""DIA"": 0.019, ""EFA"": 0.019, ""EEM"": 0.019, ""VEA"": 0.019, ""VWO"": 0.019, ""AGG"": 0.019, ""BND"": 0.019, ""SHY"": 0.019, ""IEF"": 0.019, ""TLT"": 0.019, ""TIP"": 0.019, ""LQD"": 0.019, ""HYG"": 0.019, ""GLD"": 0.019, ""SLV"": 0.019, ""DBC"": 0.019, ""VNQ"": 0.019, ""UUP"": 0.019, ""BIL"": 0.6}
### EXAMPLE 4
Features:
- AGG_mdd: -0.026557
- AGG_r12m: 0.082544
- AGG_r1m: -0.004361
- AGG_r3m: 0.026467
- AGG_vol3m: 0.158628
- BIL_mdd: -0.000218
- BIL_r12m: 0.019830
- BIL_r1m: 0.002483
- BIL_r3m: 0.004765
- BIL_vol3m: 0.002267
- BND_mdd: -0.031265
- BND_r12m: 0.080057
TargetWeights(JSON): {""SPY"": 0.019, ""QQQ"": 0.019, ""IWM"": 0.019, ""DIA"": 0.019, ""EFA"": 0.019, ""EEM"": 0.019, ""VEA"": 0.019, ""VWO"": 0.019, ""AGG"": 0.019, ""BND"": 0.019, ""SHY"": 0.019, ""IEF"": 0.019, ""TLT"": 0.019, ""TIP"": 0.019, ""LQD"": 0.019, ""HYG"": 0.019, ""GLD"": 0.019, ""SLV"": 0.019, ""DBC"": 0.019, ""VNQ"": 0.019, ""UUP"": 0.019, ""BIL"": 0.6}

Current Features:
- AGG_mdd: -0.143435
- AGG_r12m: -0.012526
- AGG_r1m: -0.004590
- AGG_r3m: -0.015620
- AGG_vol3m: 0.064718
- BIL_mdd: 0.000000
- BIL_r12m: 0.042742
- BIL_r1m: 0.004099
- BIL_r3m: 0.012873
- BIL_vol3m: 0.089072
- BND_mdd: -0.145317
- BND_r12m: -0.011762
- BND_r1m: -0.005398
- BND_r3m: -0.015093
- BND_vol3m: 0.063103
- DBC_mdd: -0.182231
- DBC_r12m: 0.027226
- DBC_r1m: 0.030241
- DBC_r3m: 0.112533
- DBC_vol3m: 0.130471
- DIA_mdd: -0.025239
- DIA_r12m: 0.113455
- DIA_r1m: -0.011384
- DIA_r3m: 0.028485
- DIA_vol3m: 0.091052
- EEM_mdd: -0.288810
- EEM_r12m: 0.043430
- EEM_r1m: -0.023910
- EEM_r3m: -0.016809
- EEM_vol3m: 0.161425
- EFA_mdd: -0.077416
- EFA_r12m: 0.194188
- EFA_r1m: -0.020655
- EFA_r3m: -0.005593
- EFA_vol3m: 0.129524
- GLD_mdd: -0.079839
- GLD_r12m: 0.122217
- GLD_r1m: 0.004561
- GLD_r3m: -0.019941
- GLD_vol3m: 0.086042
- HYG_mdd: -0.062608
- HYG_r12m: 0.048594
- HYG_r1m: 0.002137
- HYG_r3m: 0.015327
- HYG_vol3m: 0.061379
- IEF_mdd: -0.203700
- IEF_r12m: -0.038390
- IEF_r1m: -0.011002
- IEF_r3m: -0.029792
- IEF_vol3m: 0.079867
- IWM_mdd: -0.221603
- IWM_r12m: 0.019939
- IWM_r1m: -0.033347
- IWM_r3m: -0.003621
- IWM_vol3m: 0.147028
- LQD_mdd: -0.180466
- LQD_r12m: 0.005193
- LQD_r1m: -0.004910
- LQD_r3m: -0.010937
- LQD_vol3m: 0.002530
- QQQ_mdd: -0.056068
- QQQ_r12m: 0.263336
- QQQ_r1m: 0.022736
- QQQ_r3m: 0.064844
- QQQ_vol3m: 0.162037
- SHY_mdd: -0.031299
- SHY_r12m: 0.010918
- SHY_r1m: 0.001058
- SHY_r3m: 0.003390
- SHY_vol3m: 0.018937
- SLV_mdd: -0.552264
- SLV_r12m: 0.242513
- SLV_r1m: 0.015843
- SLV_r3m: -0.049843
- SLV_vol3m: 0.247233
- SPY_mdd: -0.038823
- SPY_r12m: 0.138351
- SPY_r1m: 0.005696
- SPY_r3m: 0.047024
- SPY_vol3m: 0.103992
- TIP_mdd: -0.119506
- TIP_r12m: -0.028804
- TIP_r1m: -0.002532
- TIP_r3m: -0.010893
- TIP_vol3m: 0.061206
- TLT_mdd: -0.417216
- TLT_r12m: -0.105922
- TLT_r1m: -0.016937
- TLT_r3m: -0.072948
- TLT_vol3m: 0.153745
- UUP_mdd: -0.039879
- UUP_r12m: 0.001596
- UUP_r1m: 0.023851
- UUP_r3m: 0.024930
- UUP_vol3m: 0.064440
- VEA_mdd: -0.094258
- VEA_r12m: 0.172328
- VEA_r1m: -0.018974
- VEA_r3m: -0.004112
- VEA_vol3m: 0.130682
- VNQ_mdd: -0.254837
- VNQ_r12m: -0.098631
- VNQ_r1m: -0.019351
- VNQ_r3m: -0.002040
- VNQ_vol3m: 0.135694
- VWO_mdd: -0.226770
- VWO_r12m: 0.041034
- VWO_r1m: -0.018585
- VWO_r3m: 0.000521
- VWO_vol3m: 0.151569
- cross_vol: 0.106170
Assets: SPY, QQQ, IWM, DIA, EFA, EEM, VEA, VWO, AGG, BND, SHY, IEF, TLT, TIP, LQD, HYG, GLD, SLV, DBC, VNQ, UUP, BIL","{""SPY"":0.019019019,""QQQ"":0.019019019,""IWM"":0.019019019,""DIA"":0.019019019,""EFA"":0.019019019,""EEM"":0.019019019,""VEA"":0.019019019,""VWO"":0.019019019,""AGG"":0.019019019,""BND"":0.019019019,""SHY"":0.019019019,""IEF"":0.019019019,""TLT"":0.019019019,""TIP"":0.019019019,""LQD"":0.019019019,""HYG"":0.019019019,""GLD"":0.019019019,""SLV"":0.019019019,""DBC"":0.019019019,""VNQ"":0.019019019,""UUP"":0.019019019,""BIL"":0.6006006006}","{""SPY"":0.019047619,""QQQ"":0.019047619,""IWM"":0.019047619,""DIA"":0.019047619,""EFA"":0.019047619,""EEM"":0.019047619,""VEA"":0.019047619,""VWO"":0.019047619,""AGG"":0.019047619,""BND"":0.019047619,""SHY"":0.019047619,""IEF"":0.019047619,""TLT"":0.019047619,""TIP"":0.019047619,""LQD"":0.019047619,""HYG"":0.019047619,""GLD"":0.019047619,""SLV"":0.019047619,""DBC"":0.019047619,""VNQ"":0.019047619,""UUP"":0.019047619,""BIL"":0.6}","{""SPY"":0.019047619,""QQQ"":0.019047619,""IWM"":0.019047619,""DIA"":0.019047619,""EFA"":0.019047619,""EEM"":0.019047619,""VEA"":0.019047619,""VWO"":0.019047619,""AGG"":0.019047619,""BND"":0.019047619,""SHY"":0.019047619,""IEF"":0.019047619,""TLT"":0.019047619,""TIP"":0.019047619,""LQD"":0.6,""HYG"":0.019047619,""GLD"":0.019047619,""SLV"":0.019047619,""DBC"":0.019047619,""VNQ"":0.019047619,""UUP"":0.019047619,""BIL"":0.019047619}",0,swap_vol3m_only,LQD,0.0025298078387237977,0.08907237055727427,0.08907237055727427,0.0025298078387237977
6edd1e068b5dd40e49a36905,p2_counterfactual_v1,E_counterfactual_no_fewshot,gemma3:270m,P2,2023-09-11,11,3444,BIL,LQD,LQD,SPY,SPY,0,0,0,0,1.1090909090909096,3.0531133177191805e-16,42f465b7f6f68ca180afc53176da7ae45bb261592a1bbb631892c4480f2bb8f9,3550,e3b0c44298fc1c149afbf4c8996fb92427ae41e4649b934ca495991b7852b855,0,1,0,0,1.441090249994886,1,"{""weights"": {""SPY"": 60, ""QQQ"": 60, ""IWM"": 60, ""DIA"": 60, ""EFA"": 60, ""EEM"": 60, ""VEA"": 60, ""VWO"": 60, ""AGG"": 60, ""BND"": 60, ""SHY"": 60, ""IEF"": 60, ""TLT"": 60, ""TIP"": 60, ""LQD"": 60, ""HYG"": 60, ""GLD"": 60, ""SLV"": 60, ""DBC"": 60, ""VNQ"": 60, ""UUP"": 60, ""BIL"": 60}}","You are a DEFENSIVE LOW-VOLATILITY policy profile. Your task is to translate a natural-language risk-averse policy into provisional portfolio weights. Use only the provided feature values, not outside market knowledge. Identify the eligible asset that appears safest, defined by the lowest `_vol3m` value. This is a defensive single-core policy profile, so do not default to equal weights when one asset clearly has the lowest recent volatility. Allocate 60% of the total portfolio weight to this safest asset as the language-level policy target. The hard maximum-weight constraint is 60%. Do not solve the projection yourself; express the language-level target and let the projection layer enforce feasibility before execution. Distribute the remaining weight equally among all other eligible assets. Use only tickers from the provided asset list. Include every eligible ticker exactly once. Return strictly valid JSON only. The `weights` field MUST be a JSON object where keys are tickers and values are numeric portfolio weights expressed as decimals, not percentages.



Current Features:
- AGG_mdd: -0.143435
- AGG_r12m: -0.012526
- AGG_r1m: -0.004590
- AGG_r3m: -0.015620
- AGG_vol3m: 0.064718
- BIL_mdd: 0.000000
- BIL_r12m: 0.042742
- BIL_r1m: 0.004099
- BIL_r3m: 0.012873
- BIL_vol3m: 0.089072
- BND_mdd: -0.145317
- BND_r12m: -0.011762
- BND_r1m: -0.005398
- BND_r3m: -0.015093
- BND_vol3m: 0.063103
- DBC_mdd: -0.182231
- DBC_r12m: 0.027226
- DBC_r1m: 0.030241
- DBC_r3m: 0.112533
- DBC_vol3m: 0.130471
- DIA_mdd: -0.025239
- DIA_r12m: 0.113455
- DIA_r1m: -0.011384
- DIA_r3m: 0.028485
- DIA_vol3m: 0.091052
- EEM_mdd: -0.288810
- EEM_r12m: 0.043430
- EEM_r1m: -0.023910
- EEM_r3m: -0.016809
- EEM_vol3m: 0.161425
- EFA_mdd: -0.077416
- EFA_r12m: 0.194188
- EFA_r1m: -0.020655
- EFA_r3m: -0.005593
- EFA_vol3m: 0.129524
- GLD_mdd: -0.079839
- GLD_r12m: 0.122217
- GLD_r1m: 0.004561
- GLD_r3m: -0.019941
- GLD_vol3m: 0.086042
- HYG_mdd: -0.062608
- HYG_r12m: 0.048594
- HYG_r1m: 0.002137
- HYG_r3m: 0.015327
- HYG_vol3m: 0.061379
- IEF_mdd: -0.203700
- IEF_r12m: -0.038390
- IEF_r1m: -0.011002
- IEF_r3m: -0.029792
- IEF_vol3m: 0.079867
- IWM_mdd: -0.221603
- IWM_r12m: 0.019939
- IWM_r1m: -0.033347
- IWM_r3m: -0.003621
- IWM_vol3m: 0.147028
- LQD_mdd: -0.180466
- LQD_r12m: 0.005193
- LQD_r1m: -0.004910
- LQD_r3m: -0.010937
- LQD_vol3m: 0.002530
- QQQ_mdd: -0.056068
- QQQ_r12m: 0.263336
- QQQ_r1m: 0.022736
- QQQ_r3m: 0.064844
- QQQ_vol3m: 0.162037
- SHY_mdd: -0.031299
- SHY_r12m: 0.010918
- SHY_r1m: 0.001058
- SHY_r3m: 0.003390
- SHY_vol3m: 0.018937
- SLV_mdd: -0.552264
- SLV_r12m: 0.242513
- SLV_r1m: 0.015843
- SLV_r3m: -0.049843
- SLV_vol3m: 0.247233
- SPY_mdd: -0.038823
- SPY_r12m: 0.138351
- SPY_r1m: 0.005696
- SPY_r3m: 0.047024
- SPY_vol3m: 0.103992
- TIP_mdd: -0.119506
- TIP_r12m: -0.028804
- TIP_r1m: -0.002532
- TIP_r3m: -0.010893
- TIP_vol3m: 0.061206
- TLT_mdd: -0.417216
- TLT_r12m: -0.105922
- TLT_r1m: -0.016937
- TLT_r3m: -0.072948
- TLT_vol3m: 0.153745
- UUP_mdd: -0.039879
- UUP_r12m: 0.001596
- UUP_r1m: 0.023851
- UUP_r3m: 0.024930
- UUP_vol3m: 0.064440
- VEA_mdd: -0.094258
- VEA_r12m: 0.172328
- VEA_r1m: -0.018974
- VEA_r3m: -0.004112
- VEA_vol3m: 0.130682
- VNQ_mdd: -0.254837
- VNQ_r12m: -0.098631
- VNQ_r1m: -0.019351
- VNQ_r3m: -0.002040
- VNQ_vol3m: 0.135694
- VWO_mdd: -0.226770
- VWO_r12m: 0.041034
- VWO_r1m: -0.018585
- VWO_r3m: 0.000521
- VWO_vol3m: 0.151569
- cross_vol: 0.106170
Assets: SPY, QQQ, IWM, DIA, EFA, EEM, VEA, VWO, AGG, BND, SHY, IEF, TLT, TIP, LQD, HYG, GLD, SLV, DBC, VNQ, UUP, BIL","{""SPY"":0.0454545455,""QQQ"":0.0454545455,""IWM"":0.0454545455,""DIA"":0.0454545455,""EFA"":0.0454545455,""EEM"":0.0454545455,""VEA"":0.0454545455,""VWO"":0.0454545455,""AGG"":0.0454545455,""BND"":0.0454545455,""SHY"":0.0454545455,""IEF"":0.0454545455,""TLT"":0.0454545455,""TIP"":0.0454545455,""LQD"":0.0454545455,""HYG"":0.0454545455,""GLD"":0.0454545455,""SLV"":0.0454545455,""DBC"":0.0454545455,""VNQ"":0.0454545455,""UUP"":0.0454545455,""BIL"":0.0454545455}","{""SPY"":0.0454545455,""QQQ"":0.0454545455,""IWM"":0.0454545455,""DIA"":0.0454545455,""EFA"":0.0454545455,""EEM"":0.0454545455,""VEA"":0.0454545455,""VWO"":0.0454545455,""AGG"":0.0454545455,""BND"":0.0454545455,""SHY"":0.0454545455,""IEF"":0.0454545455,""TLT"":0.0454545455,""TIP"":0.0454545455,""LQD"":0.0454545455,""HYG"":0.0454545455,""GLD"":0.0454545455,""SLV"":0.0454545455,""DBC"":0.0454545455,""VNQ"":0.0454545455,""UUP"":0.0454545455,""BIL"":0.0454545455}","{""SPY"":0.019047619,""QQQ"":0.019047619,""IWM"":0.019047619,""DIA"":0.019047619,""EFA"":0.019047619,""EEM"":0.019047619,""VEA"":0.019047619,""VWO"":0.019047619,""AGG"":0.019047619,""BND"":0.019047619,""SHY"":0.019047619,""IEF"":0.019047619,""TLT"":0.019047619,""TIP"":0.019047619,""LQD"":0.6,""HYG"":0.019047619,""GLD"":0.019047619,""SLV"":0.019047619,""DBC"":0.019047619,""VNQ"":0.019047619,""UUP"":0.019047619,""BIL"":0.019047619}",0,swap_vol3m_only,LQD,0.0025298078387237977,0.08907237055727427,0.08907237055727427,0.0025298078387237977
d6e9ae9acc5cb20c28be4f8d,p2_counterfactual_v1,D_counterfactual_fewshot,gemma3:1b,P2,2023-09-11,11,3444,BIL,LQD,LQD,BIL,BIL,0,0,1,1,1.161904761904762,0.0012012012012015266,3de9a7a7859e1a2329a639ac31479e076e066a7eee750f36346ce6a291dc2c99,5960,0fd424b75a5ab67b380017c3a6dd556f0b817931bf694ebca579773a6410145a,2410,1,0,0,4.855755541997496,1,"{""weights"": {""SPY"": 0.019, ""QQQ"": 0.019, ""IWM"": 0.019, ""DIA"": 0.019, ""EFA"": 0.019, ""EEM"": 0.019, ""VEA"": 0.019, ""VWO"": 0.019, ""AGG"": 0.019, ""BND"": 0.019, ""SHY"": 0.019, ""IEF"": 0.019, ""TLT"": 0.019, ""TIP"": 0.019, ""LQD"": 0.019, ""HYG"": 0.019, ""GLD"": 0.019, ""SLV"": 0.019, ""DBC"": 0.019, ""VNQ"": 0.019, ""UUP"": 0.019, ""BIL"": 0.6}}","You are a DEFENSIVE LOW-VOLATILITY policy profile. Your task is to translate a natural-language risk-averse policy into provisional portfolio weights. Use only the provided feature values, not outside market knowledge. Identify the eligible asset that appears safest, defined by the lowest `_vol3m` value. This is a defensive single-core policy profile, so do not default to equal weights when one asset clearly has the lowest recent volatility. Allocate 60% of the total portfolio weight to this safest asset as the language-level policy target. The hard maximum-weight constraint is 60%. Do not solve the projection yourself; express the language-level target and let the projection layer enforce feasibility before execution. Distribute the remaining weight equally among all other eligible assets. Use only tickers from the provided asset list. Include every eligible ticker exactly once. Return strictly valid JSON only. The `weights` field MUST be a JSON object where keys are tickers and values are numeric portfolio weights expressed as decimals, not percentages.

### EXAMPLE 1
Features:
- AGG_mdd: -0.001604
- AGG_r12m: 0.000000
- AGG_r1m: 0.012451
- AGG_r3m: 0.020362
- AGG_vol3m: 0.035033
- BIL_mdd: -0.000436
- BIL_r12m: 0.000000
- BIL_r1m: 0.000000
- BIL_r3m: 0.000218
- BIL_vol3m: 0.003201
- BND_mdd: -0.002605
- BND_r12m: 0.000000
TargetWeights(JSON): {""SPY"": 0.019, ""QQQ"": 0.019, ""IWM"": 0.019, ""DIA"": 0.019, ""EFA"": 0.019, ""EEM"": 0.019, ""VEA"": 0.019, ""VWO"": 0.019, ""AGG"": 0.019, ""BND"": 0.019, ""SHY"": 0.019, ""IEF"": 0.019, ""TLT"": 0.019, ""TIP"": 0.019, ""LQD"": 0.019, ""HYG"": 0.019, ""GLD"": 0.019, ""SLV"": 0.019, ""DBC"": 0.019, ""VNQ"": 0.019, ""UUP"": 0.019, ""BIL"": 0.6}
### EXAMPLE 2
Features:
- AGG_mdd: -0.006534
- AGG_r12m: 0.005103
- AGG_r1m: 0.001254
- AGG_r3m: 0.003531
- AGG_vol3m: 0.023616
- BIL_mdd: 0.000000
- BIL_r12m: 0.005153
- BIL_r1m: 0.000480
- BIL_r3m: 0.002342
- BIL_vol3m: 0.003015
- BND_mdd: -0.007401
- BND_r12m: 0.008450
TargetWeights(JSON): {""SPY"": 0.019, ""QQQ"": 0.019, ""IWM"": 0.019, ""DIA"": 0.019, ""EFA"": 0.019, ""EEM"": 0.019, ""VEA"": 0.019, ""VWO"": 0.019, ""AGG"": 0.019, ""BND"": 0.019, ""SHY"": 0.019, ""IEF"": 0.019, ""TLT"": 0.019, ""TIP"": 0.019, ""LQD"": 0.019, ""HYG"": 0.019, ""GLD"": 0.019, ""SLV"": 0.019, ""DBC"": 0.019, ""VNQ"": 0.019, ""UUP"": 0.019, ""BIL"": 0.6}
### EXAMPLE 3
Features:
- AGG_mdd: -0.118538
- AGG_r12m: -0.105797
- AGG_r1m: -0.021664
- AGG_r3m: -0.017161
- AGG_vol3m: 0.083806
- BIL_mdd: 0.000000
- BIL_r12m: 0.002880
- BIL_r1m: 0.001719
- BIL_r3m: 0.002419
- BIL_vol3m: 0.002262
- BND_mdd: -0.121412
- BND_r12m: -0.107728
TargetWeights(JSON): {""SPY"": 0.019, ""QQQ"": 0.019, ""IWM"": 0.019, ""DIA"": 0.019, ""EFA"": 0.019, ""EEM"": 0.019, ""VEA"": 0.019, ""VWO"": 0.019, ""AGG"": 0.019, ""BND"": 0.019, ""SHY"": 0.019, ""IEF"": 0.019, ""TLT"": 0.019, ""TIP"": 0.019, ""LQD"": 0.019, ""HYG"": 0.019, ""GLD"": 0.019, ""SLV"": 0.019, ""DBC"": 0.019, ""VNQ"": 0.019, ""UUP"": 0.019, ""BIL"": 0.6}
### EXAMPLE 4
Features:
- AGG_mdd: -0.026557
- AGG_r12m: 0.082544
- AGG_r1m: -0.004361
- AGG_r3m: 0.026467
- AGG_vol3m: 0.158628
- BIL_mdd: -0.000218
- BIL_r12m: 0.019830
- BIL_r1m: 0.002483
- BIL_r3m: 0.004765
- BIL_vol3m: 0.002267
- BND_mdd: -0.031265
- BND_r12m: 0.080057
TargetWeights(JSON): {""SPY"": 0.019, ""QQQ"": 0.019, ""IWM"": 0.019, ""DIA"": 0.019, ""EFA"": 0.019, ""EEM"": 0.019, ""VEA"": 0.019, ""VWO"": 0.019, ""AGG"": 0.019, ""BND"": 0.019, ""SHY"": 0.019, ""IEF"": 0.019, ""TLT"": 0.019, ""TIP"": 0.019, ""LQD"": 0.019, ""HYG"": 0.019, ""GLD"": 0.019, ""SLV"": 0.019, ""DBC"": 0.019, ""VNQ"": 0.019, ""UUP"": 0.019, ""BIL"": 0.6}

Current Features:
- AGG_mdd: -0.143435
- AGG_r12m: -0.012526
- AGG_r1m: -0.004590
- AGG_r3m: -0.015620
- AGG_vol3m: 0.064718
- BIL_mdd: 0.000000
- BIL_r12m: 0.042742
- BIL_r1m: 0.004099
- BIL_r3m: 0.012873
- BIL_vol3m: 0.089072
- BND_mdd: -0.145317
- BND_r12m: -0.011762
- BND_r1m: -0.005398
- BND_r3m: -0.015093
- BND_vol3m: 0.063103
- DBC_mdd: -0.182231
- DBC_r12m: 0.027226
- DBC_r1m: 0.030241
- DBC_r3m: 0.112533
- DBC_vol3m: 0.130471
- DIA_mdd: -0.025239
- DIA_r12m: 0.113455
- DIA_r1m: -0.011384
- DIA_r3m: 0.028485
- DIA_vol3m: 0.091052
- EEM_mdd: -0.288810
- EEM_r12m: 0.043430
- EEM_r1m: -0.023910
- EEM_r3m: -0.016809
- EEM_vol3m: 0.161425
- EFA_mdd: -0.077416
- EFA_r12m: 0.194188
- EFA_r1m: -0.020655
- EFA_r3m: -0.005593
- EFA_vol3m: 0.129524
- GLD_mdd: -0.079839
- GLD_r12m: 0.122217
- GLD_r1m: 0.004561
- GLD_r3m: -0.019941
- GLD_vol3m: 0.086042
- HYG_mdd: -0.062608
- HYG_r12m: 0.048594
- HYG_r1m: 0.002137
- HYG_r3m: 0.015327
- HYG_vol3m: 0.061379
- IEF_mdd: -0.203700
- IEF_r12m: -0.038390
- IEF_r1m: -0.011002
- IEF_r3m: -0.029792
- IEF_vol3m: 0.079867
- IWM_mdd: -0.221603
- IWM_r12m: 0.019939
- IWM_r1m: -0.033347
- IWM_r3m: -0.003621
- IWM_vol3m: 0.147028
- LQD_mdd: -0.180466
- LQD_r12m: 0.005193
- LQD_r1m: -0.004910
- LQD_r3m: -0.010937
- LQD_vol3m: 0.002530
- QQQ_mdd: -0.056068
- QQQ_r12m: 0.263336
- QQQ_r1m: 0.022736
- QQQ_r3m: 0.064844
- QQQ_vol3m: 0.162037
- SHY_mdd: -0.031299
- SHY_r12m: 0.010918
- SHY_r1m: 0.001058
- SHY_r3m: 0.003390
- SHY_vol3m: 0.018937
- SLV_mdd: -0.552264
- SLV_r12m: 0.242513
- SLV_r1m: 0.015843
- SLV_r3m: -0.049843
- SLV_vol3m: 0.247233
- SPY_mdd: -0.038823
- SPY_r12m: 0.138351
- SPY_r1m: 0.005696
- SPY_r3m: 0.047024
- SPY_vol3m: 0.103992
- TIP_mdd: -0.119506
- TIP_r12m: -0.028804
- TIP_r1m: -0.002532
- TIP_r3m: -0.010893
- TIP_vol3m: 0.061206
- TLT_mdd: -0.417216
- TLT_r12m: -0.105922
- TLT_r1m: -0.016937
- TLT_r3m: -0.072948
- TLT_vol3m: 0.153745
- UUP_mdd: -0.039879
- UUP_r12m: 0.001596
- UUP_r1m: 0.023851
- UUP_r3m: 0.024930
- UUP_vol3m: 0.064440
- VEA_mdd: -0.094258
- VEA_r12m: 0.172328
- VEA_r1m: -0.018974
- VEA_r3m: -0.004112
- VEA_vol3m: 0.130682
- VNQ_mdd: -0.254837
- VNQ_r12m: -0.098631
- VNQ_r1m: -0.019351
- VNQ_r3m: -0.002040
- VNQ_vol3m: 0.135694
- VWO_mdd: -0.226770
- VWO_r12m: 0.041034
- VWO_r1m: -0.018585
- VWO_r3m: 0.000521
- VWO_vol3m: 0.151569
- cross_vol: 0.106170
Assets: SPY, QQQ, IWM, DIA, EFA, EEM, VEA, VWO, AGG, BND, SHY, IEF, TLT, TIP, LQD, HYG, GLD, SLV, DBC, VNQ, UUP, BIL","{""SPY"":0.019019019,""QQQ"":0.019019019,""IWM"":0.019019019,""DIA"":0.019019019,""EFA"":0.019019019,""EEM"":0.019019019,""VEA"":0.019019019,""VWO"":0.019019019,""AGG"":0.019019019,""BND"":0.019019019,""SHY"":0.019019019,""IEF"":0.019019019,""TLT"":0.019019019,""TIP"":0.019019019,""LQD"":0.019019019,""HYG"":0.019019019,""GLD"":0.019019019,""SLV"":0.019019019,""DBC"":0.019019019,""VNQ"":0.019019019,""UUP"":0.019019019,""BIL"":0.6006006006}","{""SPY"":0.019047619,""QQQ"":0.019047619,""IWM"":0.019047619,""DIA"":0.019047619,""EFA"":0.019047619,""EEM"":0.019047619,""VEA"":0.019047619,""VWO"":0.019047619,""AGG"":0.019047619,""BND"":0.019047619,""SHY"":0.019047619,""IEF"":0.019047619,""TLT"":0.019047619,""TIP"":0.019047619,""LQD"":0.019047619,""HYG"":0.019047619,""GLD"":0.019047619,""SLV"":0.019047619,""DBC"":0.019047619,""VNQ"":0.019047619,""UUP"":0.019047619,""BIL"":0.6}","{""SPY"":0.019047619,""QQQ"":0.019047619,""IWM"":0.019047619,""DIA"":0.019047619,""EFA"":0.019047619,""EEM"":0.019047619,""VEA"":0.019047619,""VWO"":0.019047619,""AGG"":0.019047619,""BND"":0.019047619,""SHY"":0.019047619,""IEF"":0.019047619,""TLT"":0.019047619,""TIP"":0.019047619,""LQD"":0.6,""HYG"":0.019047619,""GLD"":0.019047619,""SLV"":0.019047619,""DBC"":0.019047619,""VNQ"":0.019047619,""UUP"":0.019047619,""BIL"":0.019047619}",0,swap_vol3m_only,LQD,0.0025298078387237977,0.08907237055727427,0.08907237055727427,0.0025298078387237977
f707fd4d339e9e998d664357,p2_counterfactual_v1,E_counterfactual_no_fewshot,gemma3:1b,P2,2023-09-11,11,3444,BIL,LQD,LQD,SPY,SPY,0,0,0,0,1.386432561851557,3.183217578417441e-16,42f465b7f6f68ca180afc53176da7ae45bb261592a1bbb631892c4480f2bb8f9,3550,e3b0c44298fc1c149afbf4c8996fb92427ae41e4649b934ca495991b7852b855,0,1,0,0,3.5037596249894705,1,"{""weights"": {""SPY"":0.35, ""QQQ"":0.28, ""IWM"":0.19, ""DIA"":0.16, ""EFA"":0.14, ""EEM"":0.12, ""VEA"":0.11, ""VWO"":0.08, ""AGG"":0.07, ""BND"":0.06, ""SHY"":0.05, ""IEF"":0.04, ""TLT"":0.03, ""TIP"":0.02, ""LQD"":0.02, ""HYG"":0.01, ""GLD"":0.01, ""SLV"":0.01, ""DBC"":0.01, ""VNQ"":0.01, ""UUP"":0.01, ""BIL"":0.01}}","You are a DEFENSIVE LOW-VOLATILITY policy profile. Your task is to translate a natural-language risk-averse policy into provisional portfolio weights. Use only the provided feature values, not outside market knowledge. Identify the eligible asset that appears safest, defined by the lowest `_vol3m` value. This is a defensive single-core policy profile, so do not default to equal weights when one asset clearly has the lowest recent volatility. Allocate 60% of the total portfolio weight to this safest asset as the language-level policy target. The hard maximum-weight constraint is 60%. Do not solve the projection yourself; express the language-level target and let the projection layer enforce feasibility before execution. Distribute the remaining weight equally among all other eligible assets. Use only tickers from the provided asset list. Include every eligible ticker exactly once. Return strictly valid JSON only. The `weights` field MUST be a JSON object where keys are tickers and values are numeric portfolio weights expressed as decimals, not percentages.



Current Features:
- AGG_mdd: -0.143435
- AGG_r12m: -0.012526
- AGG_r1m: -0.004590
- AGG_r3m: -0.015620
- AGG_vol3m: 0.064718
- BIL_mdd: 0.000000
- BIL_r12m: 0.042742
- BIL_r1m: 0.004099
- BIL_r3m: 0.012873
- BIL_vol3m: 0.089072
- BND_mdd: -0.145317
- BND_r12m: -0.011762
- BND_r1m: -0.005398
- BND_r3m: -0.015093
- BND_vol3m: 0.063103
- DBC_mdd: -0.182231
- DBC_r12m: 0.027226
- DBC_r1m: 0.030241
- DBC_r3m: 0.112533
- DBC_vol3m: 0.130471
- DIA_mdd: -0.025239
- DIA_r12m: 0.113455
- DIA_r1m: -0.011384
- DIA_r3m: 0.028485
- DIA_vol3m: 0.091052
- EEM_mdd: -0.288810
- EEM_r12m: 0.043430
- EEM_r1m: -0.023910
- EEM_r3m: -0.016809
- EEM_vol3m: 0.161425
- EFA_mdd: -0.077416
- EFA_r12m: 0.194188
- EFA_r1m: -0.020655
- EFA_r3m: -0.005593
- EFA_vol3m: 0.129524
- GLD_mdd: -0.079839
- GLD_r12m: 0.122217
- GLD_r1m: 0.004561
- GLD_r3m: -0.019941
- GLD_vol3m: 0.086042
- HYG_mdd: -0.062608
- HYG_r12m: 0.048594
- HYG_r1m: 0.002137
- HYG_r3m: 0.015327
- HYG_vol3m: 0.061379
- IEF_mdd: -0.203700
- IEF_r12m: -0.038390
- IEF_r1m: -0.011002
- IEF_r3m: -0.029792
- IEF_vol3m: 0.079867
- IWM_mdd: -0.221603
- IWM_r12m: 0.019939
- IWM_r1m: -0.033347
- IWM_r3m: -0.003621
- IWM_vol3m: 0.147028
- LQD_mdd: -0.180466
- LQD_r12m: 0.005193
- LQD_r1m: -0.004910
- LQD_r3m: -0.010937
- LQD_vol3m: 0.002530
- QQQ_mdd: -0.056068
- QQQ_r12m: 0.263336
- QQQ_r1m: 0.022736
- QQQ_r3m: 0.064844
- QQQ_vol3m: 0.162037
- SHY_mdd: -0.031299
- SHY_r12m: 0.010918
- SHY_r1m: 0.001058
- SHY_r3m: 0.003390
- SHY_vol3m: 0.018937
- SLV_mdd: -0.552264
- SLV_r12m: 0.242513
- SLV_r1m: 0.015843
- SLV_r3m: -0.049843
- SLV_vol3m: 0.247233
- SPY_mdd: -0.038823
- SPY_r12m: 0.138351
- SPY_r1m: 0.005696
- SPY_r3m: 0.047024
- SPY_vol3m: 0.103992
- TIP_mdd: -0.119506
- TIP_r12m: -0.028804
- TIP_r1m: -0.002532
- TIP_r3m: -0.010893
- TIP_vol3m: 0.061206
- TLT_mdd: -0.417216
- TLT_r12m: -0.105922
- TLT_r1m: -0.016937
- TLT_r3m: -0.072948
- TLT_vol3m: 0.153745
- UUP_mdd: -0.039879
- UUP_r12m: 0.001596
- UUP_r1m: 0.023851
- UUP_r3m: 0.024930
- UUP_vol3m: 0.064440
- VEA_mdd: -0.094258
- VEA_r12m: 0.172328
- VEA_r1m: -0.018974
- VEA_r3m: -0.004112
- VEA_vol3m: 0.130682
- VNQ_mdd: -0.254837
- VNQ_r12m: -0.098631
- VNQ_r1m: -0.019351
- VNQ_r3m: -0.002040
- VNQ_vol3m: 0.135694
- VWO_mdd: -0.226770
- VWO_r12m: 0.041034
- VWO_r1m: -0.018585
- VWO_r3m: 0.000521
- VWO_vol3m: 0.151569
- cross_vol: 0.106170
Assets: SPY, QQQ, IWM, DIA, EFA, EEM, VEA, VWO, AGG, BND, SHY, IEF, TLT, TIP, LQD, HYG, GLD, SLV, DBC, VNQ, UUP, BIL","{""SPY"":0.1955307263,""QQQ"":0.156424581,""IWM"":0.1061452514,""DIA"":0.0893854749,""EFA"":0.0782122905,""EEM"":0.0670391061,""VEA"":0.061452514,""VWO"":0.0446927374,""AGG"":0.0391061453,""BND"":0.0335195531,""SHY"":0.0279329609,""IEF"":0.0223463687,""TLT"":0.0167597765,""TIP"":0.0111731844,""LQD"":0.0111731844,""HYG"":0.0055865922,""GLD"":0.0055865922,""SLV"":0.0055865922,""DBC"":0.0055865922,""VNQ"":0.0055865922,""UUP"":0.0055865922,""BIL"":0.0055865922}","{""SPY"":0.1955307263,""QQQ"":0.156424581,""IWM"":0.1061452514,""DIA"":0.0893854749,""EFA"":0.0782122905,""EEM"":0.0670391061,""VEA"":0.061452514,""VWO"":0.0446927374,""AGG"":0.0391061453,""BND"":0.0335195531,""SHY"":0.0279329609,""IEF"":0.0223463687,""TLT"":0.0167597765,""TIP"":0.0111731844,""LQD"":0.0111731844,""HYG"":0.0055865922,""GLD"":0.0055865922,""SLV"":0.0055865922,""DBC"":0.0055865922,""VNQ"":0.0055865922,""UUP"":0.0055865922,""BIL"":0.0055865922}","{""SPY"":0.019047619,""QQQ"":0.019047619,""IWM"":0.019047619,""DIA"":0.019047619,""EFA"":0.019047619,""EEM"":0.019047619,""VEA"":0.019047619,""VWO"":0.019047619,""AGG"":0.019047619,""BND"":0.019047619,""SHY"":0.019047619,""IEF"":0.019047619,""TLT"":0.019047619,""TIP"":0.019047619,""LQD"":0.6,""HYG"":0.019047619,""GLD"":0.019047619,""SLV"":0.019047619,""DBC"":0.019047619,""VNQ"":0.019047619,""UUP"":0.019047619,""BIL"":0.019047619}",0,swap_vol3m_only,LQD,0.0025298078387237977,0.08907237055727427,0.08907237055727427,0.0025298078387237977
cfce44aa365b5a5d8218535d,p2_counterfactual_v1,D_counterfactual_fewshot,llama3.1:8b,P2,2023-09-11,11,3444,BIL,LQD,LQD,BIL,BIL,0,0,1,1,1.161904761904762,0.0012012012012015266,3de9a7a7859e1a2329a639ac31479e076e066a7eee750f36346ce6a291dc2c99,5960,0fd424b75a5ab67b380017c3a6dd556f0b817931bf694ebca579773a6410145a,2410,1,0,0,16.468350583003485,1,"{
  ""weights"": {
    ""SPY"": 0.019,
    ""QQQ"": 0.019,
    ""IWM"": 0.019,
    ""DIA"": 0.019,
    ""EFA"": 0.019,
    ""EEM"": 0.019,
    ""VEA"": 0.019,
    ""VWO"": 0.019,
    ""AGG"": 0.019,
    ""BND"": 0.019,
    ""SHY"": 0.019,
    ""IEF"": 0.019,
    ""TLT"": 0.019,
    ""TIP"": 0.019,
    ""LQD"": 0.019,
    ""HYG"": 0.019,
    ""GLD"": 0.019,
    ""SLV"": 0.019,
    ""DBC"": 0.019,
    ""VNQ"": 0.019,
    ""UUP"": 0.019,
    ""BIL"": 0.6
  }
}","You are a DEFENSIVE LOW-VOLATILITY policy profile. Your task is to translate a natural-language risk-averse policy into provisional portfolio weights. Use only the provided feature values, not outside market knowledge. Identify the eligible asset that appears safest, defined by the lowest `_vol3m` value. This is a defensive single-core policy profile, so do not default to equal weights when one asset clearly has the lowest recent volatility. Allocate 60% of the total portfolio weight to this safest asset as the language-level policy target. The hard maximum-weight constraint is 60%. Do not solve the projection yourself; express the language-level target and let the projection layer enforce feasibility before execution. Distribute the remaining weight equally among all other eligible assets. Use only tickers from the provided asset list. Include every eligible ticker exactly once. Return strictly valid JSON only. The `weights` field MUST be a JSON object where keys are tickers and values are numeric portfolio weights expressed as decimals, not percentages.

### EXAMPLE 1
Features:
- AGG_mdd: -0.001604
- AGG_r12m: 0.000000
- AGG_r1m: 0.012451
- AGG_r3m: 0.020362
- AGG_vol3m: 0.035033
- BIL_mdd: -0.000436
- BIL_r12m: 0.000000
- BIL_r1m: 0.000000
- BIL_r3m: 0.000218
- BIL_vol3m: 0.003201
- BND_mdd: -0.002605
- BND_r12m: 0.000000
TargetWeights(JSON): {""SPY"": 0.019, ""QQQ"": 0.019, ""IWM"": 0.019, ""DIA"": 0.019, ""EFA"": 0.019, ""EEM"": 0.019, ""VEA"": 0.019, ""VWO"": 0.019, ""AGG"": 0.019, ""BND"": 0.019, ""SHY"": 0.019, ""IEF"": 0.019, ""TLT"": 0.019, ""TIP"": 0.019, ""LQD"": 0.019, ""HYG"": 0.019, ""GLD"": 0.019, ""SLV"": 0.019, ""DBC"": 0.019, ""VNQ"": 0.019, ""UUP"": 0.019, ""BIL"": 0.6}
### EXAMPLE 2
Features:
- AGG_mdd: -0.006534
- AGG_r12m: 0.005103
- AGG_r1m: 0.001254
- AGG_r3m: 0.003531
- AGG_vol3m: 0.023616
- BIL_mdd: 0.000000
- BIL_r12m: 0.005153
- BIL_r1m: 0.000480
- BIL_r3m: 0.002342
- BIL_vol3m: 0.003015
- BND_mdd: -0.007401
- BND_r12m: 0.008450
TargetWeights(JSON): {""SPY"": 0.019, ""QQQ"": 0.019, ""IWM"": 0.019, ""DIA"": 0.019, ""EFA"": 0.019, ""EEM"": 0.019, ""VEA"": 0.019, ""VWO"": 0.019, ""AGG"": 0.019, ""BND"": 0.019, ""SHY"": 0.019, ""IEF"": 0.019, ""TLT"": 0.019, ""TIP"": 0.019, ""LQD"": 0.019, ""HYG"": 0.019, ""GLD"": 0.019, ""SLV"": 0.019, ""DBC"": 0.019, ""VNQ"": 0.019, ""UUP"": 0.019, ""BIL"": 0.6}
### EXAMPLE 3
Features:
- AGG_mdd: -0.118538
- AGG_r12m: -0.105797
- AGG_r1m: -0.021664
- AGG_r3m: -0.017161
- AGG_vol3m: 0.083806
- BIL_mdd: 0.000000
- BIL_r12m: 0.002880
- BIL_r1m: 0.001719
- BIL_r3m: 0.002419
- BIL_vol3m: 0.002262
- BND_mdd: -0.121412
- BND_r12m: -0.107728
TargetWeights(JSON): {""SPY"": 0.019, ""QQQ"": 0.019, ""IWM"": 0.019, ""DIA"": 0.019, ""EFA"": 0.019, ""EEM"": 0.019, ""VEA"": 0.019, ""VWO"": 0.019, ""AGG"": 0.019, ""BND"": 0.019, ""SHY"": 0.019, ""IEF"": 0.019, ""TLT"": 0.019, ""TIP"": 0.019, ""LQD"": 0.019, ""HYG"": 0.019, ""GLD"": 0.019, ""SLV"": 0.019, ""DBC"": 0.019, ""VNQ"": 0.019, ""UUP"": 0.019, ""BIL"": 0.6}
### EXAMPLE 4
Features:
- AGG_mdd: -0.026557
- AGG_r12m: 0.082544
- AGG_r1m: -0.004361
- AGG_r3m: 0.026467
- AGG_vol3m: 0.158628
- BIL_mdd: -0.000218
- BIL_r12m: 0.019830
- BIL_r1m: 0.002483
- BIL_r3m: 0.004765
- BIL_vol3m: 0.002267
- BND_mdd: -0.031265
- BND_r12m: 0.080057
TargetWeights(JSON): {""SPY"": 0.019, ""QQQ"": 0.019, ""IWM"": 0.019, ""DIA"": 0.019, ""EFA"": 0.019, ""EEM"": 0.019, ""VEA"": 0.019, ""VWO"": 0.019, ""AGG"": 0.019, ""BND"": 0.019, ""SHY"": 0.019, ""IEF"": 0.019, ""TLT"": 0.019, ""TIP"": 0.019, ""LQD"": 0.019, ""HYG"": 0.019, ""GLD"": 0.019, ""SLV"": 0.019, ""DBC"": 0.019, ""VNQ"": 0.019, ""UUP"": 0.019, ""BIL"": 0.6}

Current Features:
- AGG_mdd: -0.143435
- AGG_r12m: -0.012526
- AGG_r1m: -0.004590
- AGG_r3m: -0.015620
- AGG_vol3m: 0.064718
- BIL_mdd: 0.000000
- BIL_r12m: 0.042742
- BIL_r1m: 0.004099
- BIL_r3m: 0.012873
- BIL_vol3m: 0.089072
- BND_mdd: -0.145317
- BND_r12m: -0.011762
- BND_r1m: -0.005398
- BND_r3m: -0.015093
- BND_vol3m: 0.063103
- DBC_mdd: -0.182231
- DBC_r12m: 0.027226
- DBC_r1m: 0.030241
- DBC_r3m: 0.112533
- DBC_vol3m: 0.130471
- DIA_mdd: -0.025239
- DIA_r12m: 0.113455
- DIA_r1m: -0.011384
- DIA_r3m: 0.028485
- DIA_vol3m: 0.091052
- EEM_mdd: -0.288810
- EEM_r12m: 0.043430
- EEM_r1m: -0.023910
- EEM_r3m: -0.016809
- EEM_vol3m: 0.161425
- EFA_mdd: -0.077416
- EFA_r12m: 0.194188
- EFA_r1m: -0.020655
- EFA_r3m: -0.005593
- EFA_vol3m: 0.129524
- GLD_mdd: -0.079839
- GLD_r12m: 0.122217
- GLD_r1m: 0.004561
- GLD_r3m: -0.019941
- GLD_vol3m: 0.086042
- HYG_mdd: -0.062608
- HYG_r12m: 0.048594
- HYG_r1m: 0.002137
- HYG_r3m: 0.015327
- HYG_vol3m: 0.061379
- IEF_mdd: -0.203700
- IEF_r12m: -0.038390
- IEF_r1m: -0.011002
- IEF_r3m: -0.029792
- IEF_vol3m: 0.079867
- IWM_mdd: -0.221603
- IWM_r12m: 0.019939
- IWM_r1m: -0.033347
- IWM_r3m: -0.003621
- IWM_vol3m: 0.147028
- LQD_mdd: -0.180466
- LQD_r12m: 0.005193
- LQD_r1m: -0.004910
- LQD_r3m: -0.010937
- LQD_vol3m: 0.002530
- QQQ_mdd: -0.056068
- QQQ_r12m: 0.263336
- QQQ_r1m: 0.022736
- QQQ_r3m: 0.064844
- QQQ_vol3m: 0.162037
- SHY_mdd: -0.031299
- SHY_r12m: 0.010918
- SHY_r1m: 0.001058
- SHY_r3m: 0.003390
- SHY_vol3m: 0.018937
- SLV_mdd: -0.552264
- SLV_r12m: 0.242513
- SLV_r1m: 0.015843
- SLV_r3m: -0.049843
- SLV_vol3m: 0.247233
- SPY_mdd: -0.038823
- SPY_r12m: 0.138351
- SPY_r1m: 0.005696
- SPY_r3m: 0.047024
- SPY_vol3m: 0.103992
- TIP_mdd: -0.119506
- TIP_r12m: -0.028804
- TIP_r1m: -0.002532
- TIP_r3m: -0.010893
- TIP_vol3m: 0.061206
- TLT_mdd: -0.417216
- TLT_r12m: -0.105922
- TLT_r1m: -0.016937
- TLT_r3m: -0.072948
- TLT_vol3m: 0.153745
- UUP_mdd: -0.039879
- UUP_r12m: 0.001596
- UUP_r1m: 0.023851
- UUP_r3m: 0.024930
- UUP_vol3m: 0.064440
- VEA_mdd: -0.094258
- VEA_r12m: 0.172328
- VEA_r1m: -0.018974
- VEA_r3m: -0.004112
- VEA_vol3m: 0.130682
- VNQ_mdd: -0.254837
- VNQ_r12m: -0.098631
- VNQ_r1m: -0.019351
- VNQ_r3m: -0.002040
- VNQ_vol3m: 0.135694
- VWO_mdd: -0.226770
- VWO_r12m: 0.041034
- VWO_r1m: -0.018585
- VWO_r3m: 0.000521
- VWO_vol3m: 0.151569
- cross_vol: 0.106170
Assets: SPY, QQQ, IWM, DIA, EFA, EEM, VEA, VWO, AGG, BND, SHY, IEF, TLT, TIP, LQD, HYG, GLD, SLV, DBC, VNQ, UUP, BIL","{""SPY"":0.019019019,""QQQ"":0.019019019,""IWM"":0.019019019,""DIA"":0.019019019,""EFA"":0.019019019,""EEM"":0.019019019,""VEA"":0.019019019,""VWO"":0.019019019,""AGG"":0.019019019,""BND"":0.019019019,""SHY"":0.019019019,""IEF"":0.019019019,""TLT"":0.019019019,""TIP"":0.019019019,""LQD"":0.019019019,""HYG"":0.019019019,""GLD"":0.019019019,""SLV"":0.019019019,""DBC"":0.019019019,""VNQ"":0.019019019,""UUP"":0.019019019,""BIL"":0.6006006006}","{""SPY"":0.019047619,""QQQ"":0.019047619,""IWM"":0.019047619,""DIA"":0.019047619,""EFA"":0.019047619,""EEM"":0.019047619,""VEA"":0.019047619,""VWO"":0.019047619,""AGG"":0.019047619,""BND"":0.019047619,""SHY"":0.019047619,""IEF"":0.019047619,""TLT"":0.019047619,""TIP"":0.019047619,""LQD"":0.019047619,""HYG"":0.019047619,""GLD"":0.019047619,""SLV"":0.019047619,""DBC"":0.019047619,""VNQ"":0.019047619,""UUP"":0.019047619,""BIL"":0.6}","{""SPY"":0.019047619,""QQQ"":0.019047619,""IWM"":0.019047619,""DIA"":0.019047619,""EFA"":0.019047619,""EEM"":0.019047619,""VEA"":0.019047619,""VWO"":0.019047619,""AGG"":0.019047619,""BND"":0.019047619,""SHY"":0.019047619,""IEF"":0.019047619,""TLT"":0.019047619,""TIP"":0.019047619,""LQD"":0.6,""HYG"":0.019047619,""GLD"":0.019047619,""SLV"":0.019047619,""DBC"":0.019047619,""VNQ"":0.019047619,""UUP"":0.019047619,""BIL"":0.019047619}",0,swap_vol3m_only,LQD,0.0025298078387237977,0.08907237055727427,0.08907237055727427,0.0025298078387237977
d04fcd874318b619340dc565,p2_counterfactual_v1,E_counterfactual_no_fewshot,llama3.1:8b,P2,2023-09-11,11,3444,BIL,LQD,LQD,SPY,SPY,0,0,0,0,1.1428571428571428,6.591949208711867e-17,42f465b7f6f68ca180afc53176da7ae45bb261592a1bbb631892c4480f2bb8f9,3550,e3b0c44298fc1c149afbf4c8996fb92427ae41e4649b934ca495991b7852b855,0,1,0,0,16.00230375000683,1,"{
  ""weights"": {
    ""SPY"": 0.6,
    ""QQQ"": 0.1,
    ""IWM"": 0.1,
    ""DIA"": 0.05,
    ""EFA"": 0.05,
    ""EEM"": 0.05,
    ""VEA"": 0.05,
    ""VWO"": 0.05,
    ""AGG"": 0.05,
    ""BND"": 0.05,
    ""SHY"": 0.05,
    ""IEF"": 0.05,
    ""TLT"": 0.05,
    ""TIP"": 0.05,
    ""LQD"": 0.05,
    ""HYG"": 0.05,
    ""GLD"": 0.05,
    ""SLV"": 0.05,
    ""DBC"": 0.05,
    ""VNQ"": 0.05,
    ""UUP"": 0.05,
    ""BIL"": 0.05
  }
}","You are a DEFENSIVE LOW-VOLATILITY policy profile. Your task is to translate a natural-language risk-averse policy into provisional portfolio weights. Use only the provided feature values, not outside market knowledge. Identify the eligible asset that appears safest, defined by the lowest `_vol3m` value. This is a defensive single-core policy profile, so do not default to equal weights when one asset clearly has the lowest recent volatility. Allocate 60% of the total portfolio weight to this safest asset as the language-level policy target. The hard maximum-weight constraint is 60%. Do not solve the projection yourself; express the language-level target and let the projection layer enforce feasibility before execution. Distribute the remaining weight equally among all other eligible assets. Use only tickers from the provided asset list. Include every eligible ticker exactly once. Return strictly valid JSON only. The `weights` field MUST be a JSON object where keys are tickers and values are numeric portfolio weights expressed as decimals, not percentages.



Current Features:
- AGG_mdd: -0.143435
- AGG_r12m: -0.012526
- AGG_r1m: -0.004590
- AGG_r3m: -0.015620
- AGG_vol3m: 0.064718
- BIL_mdd: 0.000000
- BIL_r12m: 0.042742
- BIL_r1m: 0.004099
- BIL_r3m: 0.012873
- BIL_vol3m: 0.089072
- BND_mdd: -0.145317
- BND_r12m: -0.011762
- BND_r1m: -0.005398
- BND_r3m: -0.015093
- BND_vol3m: 0.063103
- DBC_mdd: -0.182231
- DBC_r12m: 0.027226
- DBC_r1m: 0.030241
- DBC_r3m: 0.112533
- DBC_vol3m: 0.130471
- DIA_mdd: -0.025239
- DIA_r12m: 0.113455
- DIA_r1m: -0.011384
- DIA_r3m: 0.028485
- DIA_vol3m: 0.091052
- EEM_mdd: -0.288810
- EEM_r12m: 0.043430
- EEM_r1m: -0.023910
- EEM_r3m: -0.016809
- EEM_vol3m: 0.161425
- EFA_mdd: -0.077416
- EFA_r12m: 0.194188
- EFA_r1m: -0.020655
- EFA_r3m: -0.005593
- EFA_vol3m: 0.129524
- GLD_mdd: -0.079839
- GLD_r12m: 0.122217
- GLD_r1m: 0.004561
- GLD_r3m: -0.019941
- GLD_vol3m: 0.086042
- HYG_mdd: -0.062608
- HYG_r12m: 0.048594
- HYG_r1m: 0.002137
- HYG_r3m: 0.015327
- HYG_vol3m: 0.061379
- IEF_mdd: -0.203700
- IEF_r12m: -0.038390
- IEF_r1m: -0.011002
- IEF_r3m: -0.029792
- IEF_vol3m: 0.079867
- IWM_mdd: -0.221603
- IWM_r12m: 0.019939
- IWM_r1m: -0.033347
- IWM_r3m: -0.003621
- IWM_vol3m: 0.147028
- LQD_mdd: -0.180466
- LQD_r12m: 0.005193
- LQD_r1m: -0.004910
- LQD_r3m: -0.010937
- LQD_vol3m: 0.002530
- QQQ_mdd: -0.056068
- QQQ_r12m: 0.263336
- QQQ_r1m: 0.022736
- QQQ_r3m: 0.064844
- QQQ_vol3m: 0.162037
- SHY_mdd: -0.031299
- SHY_r12m: 0.010918
- SHY_r1m: 0.001058
- SHY_r3m: 0.003390
- SHY_vol3m: 0.018937
- SLV_mdd: -0.552264
- SLV_r12m: 0.242513
- SLV_r1m: 0.015843
- SLV_r3m: -0.049843
- SLV_vol3m: 0.247233
- SPY_mdd: -0.038823
- SPY_r12m: 0.138351
- SPY_r1m: 0.005696
- SPY_r3m: 0.047024
- SPY_vol3m: 0.103992
- TIP_mdd: -0.119506
- TIP_r12m: -0.028804
- TIP_r1m: -0.002532
- TIP_r3m: -0.010893
- TIP_vol3m: 0.061206
- TLT_mdd: -0.417216
- TLT_r12m: -0.105922
- TLT_r1m: -0.016937
- TLT_r3m: -0.072948
- TLT_vol3m: 0.153745
- UUP_mdd: -0.039879
- UUP_r12m: 0.001596
- UUP_r1m: 0.023851
- UUP_r3m: 0.024930
- UUP_vol3m: 0.064440
- VEA_mdd: -0.094258
- VEA_r12m: 0.172328
- VEA_r1m: -0.018974
- VEA_r3m: -0.004112
- VEA_vol3m: 0.130682
- VNQ_mdd: -0.254837
- VNQ_r12m: -0.098631
- VNQ_r1m: -0.019351
- VNQ_r3m: -0.002040
- VNQ_vol3m: 0.135694
- VWO_mdd: -0.226770
- VWO_r12m: 0.041034
- VWO_r1m: -0.018585
- VWO_r3m: 0.000521
- VWO_vol3m: 0.151569
- cross_vol: 0.106170
Assets: SPY, QQQ, IWM, DIA, EFA, EEM, VEA, VWO, AGG, BND, SHY, IEF, TLT, TIP, LQD, HYG, GLD, SLV, DBC, VNQ, UUP, BIL","{""SPY"":0.3428571429,""QQQ"":0.0571428571,""IWM"":0.0571428571,""DIA"":0.0285714286,""EFA"":0.0285714286,""EEM"":0.0285714286,""VEA"":0.0285714286,""VWO"":0.0285714286,""AGG"":0.0285714286,""BND"":0.0285714286,""SHY"":0.0285714286,""IEF"":0.0285714286,""TLT"":0.0285714286,""TIP"":0.0285714286,""LQD"":0.0285714286,""HYG"":0.0285714286,""GLD"":0.0285714286,""SLV"":0.0285714286,""DBC"":0.0285714286,""VNQ"":0.0285714286,""UUP"":0.0285714286,""BIL"":0.0285714286}","{""SPY"":0.3428571429,""QQQ"":0.0571428571,""IWM"":0.0571428571,""DIA"":0.0285714286,""EFA"":0.0285714286,""EEM"":0.0285714286,""VEA"":0.0285714286,""VWO"":0.0285714286,""AGG"":0.0285714286,""BND"":0.0285714286,""SHY"":0.0285714286,""IEF"":0.0285714286,""TLT"":0.0285714286,""TIP"":0.0285714286,""LQD"":0.0285714286,""HYG"":0.0285714286,""GLD"":0.0285714286,""SLV"":0.0285714286,""DBC"":0.0285714286,""VNQ"":0.0285714286,""UUP"":0.0285714286,""BIL"":0.0285714286}","{""SPY"":0.019047619,""QQQ"":0.019047619,""IWM"":0.019047619,""DIA"":0.019047619,""EFA"":0.019047619,""EEM"":0.019047619,""VEA"":0.019047619,""VWO"":0.019047619,""AGG"":0.019047619,""BND"":0.019047619,""SHY"":0.019047619,""IEF"":0.019047619,""TLT"":0.019047619,""TIP"":0.019047619,""LQD"":0.6,""HYG"":0.019047619,""GLD"":0.019047619,""SLV"":0.019047619,""DBC"":0.019047619,""VNQ"":0.019047619,""UUP"":0.019047619,""BIL"":0.019047619}",0,swap_vol3m_only,LQD,0.0025298078387237977,0.08907237055727427,0.08907237055727427,0.0025298078387237977
fe0aabe9aec7793d5250c690,p2_counterfactual_v1,D_counterfactual_fewshot,gemma3:270m,P2,2025-11-12,13,3990,BIL,UUP,UUP,BIL,BIL,0,0,1,1,1.1619047619047618,0.0012012012012015266,a0559eaf049f229c0de3ec9240c359f65aeb04e57a575c0018d0ca8842f3466f,5936,79a44ab83aa9d63b1a012908cb522bebc386491b1e0546c792fb0a325497ce3b,2412,1,0,0,1.966853624995565,1,"{""weights"": {""SPY"": 0.019, ""QQQ"": 0.019, ""IWM"": 0.019, ""DIA"": 0.019, ""EFA"": 0.019, ""EEM"": 0.019, ""VEA"": 0.019, ""VWO"": 0.019, ""AGG"": 0.019, ""BND"": 0.019, ""SHY"": 0.019, ""IEF"": 0.019, ""TLT"": 0.019, ""TIP"": 0.019, ""LQD"": 0.019, ""HYG"": 0.019, ""GLD"": 0.019, ""SLV"": 0.019, ""DBC"": 0.019, ""VNQ"": 0.019, ""UUP"": 0.019, ""BIL"": 0.6}}","You are a DEFENSIVE LOW-VOLATILITY policy profile. Your task is to translate a natural-language risk-averse policy into provisional portfolio weights. Use only the provided feature values, not outside market knowledge. Identify the eligible asset that appears safest, defined by the lowest `_vol3m` value. This is a defensive single-core policy profile, so do not default to equal weights when one asset clearly has the lowest recent volatility. Allocate 60% of the total portfolio weight to this safest asset as the language-level policy target. The hard maximum-weight constraint is 60%. Do not solve the projection yourself; express the language-level target and let the projection layer enforce feasibility before execution. Distribute the remaining weight equally among all other eligible assets. Use only tickers from the provided asset list. Include every eligible ticker exactly once. Return strictly valid JSON only. The `weights` field MUST be a JSON object where keys are tickers and values are numeric portfolio weights expressed as decimals, not percentages.

### EXAMPLE 1
Features:
- AGG_mdd: -0.003137
- AGG_r12m: 0.081208
- AGG_r1m: 0.003351
- AGG_r3m: 0.030204
- AGG_vol3m: 0.027573
- BIL_mdd: -0.000109
- BIL_r12m: 0.021715
- BIL_r1m: 0.001586
- BIL_r3m: 0.005643
- BIL_vol3m: 0.001876
- BND_mdd: -0.003726
- BND_r12m: 0.079321
TargetWeights(JSON): {""SPY"": 0.019, ""QQQ"": 0.019, ""IWM"": 0.019, ""DIA"": 0.019, ""EFA"": 0.019, ""EEM"": 0.019, ""VEA"": 0.019, ""VWO"": 0.019, ""AGG"": 0.019, ""BND"": 0.019, ""SHY"": 0.019, ""IEF"": 0.019, ""TLT"": 0.019, ""TIP"": 0.019, ""LQD"": 0.019, ""HYG"": 0.019, ""GLD"": 0.019, ""SLV"": 0.019, ""DBC"": 0.019, ""VNQ"": 0.019, ""UUP"": 0.019, ""BIL"": 0.6}
### EXAMPLE 2
Features:
- AGG_mdd: -0.006534
- AGG_r12m: 0.005103
- AGG_r1m: 0.001254
- AGG_r3m: 0.003531
- AGG_vol3m: 0.023616
- BIL_mdd: 0.000000
- BIL_r12m: 0.005153
- BIL_r1m: 0.000480
- BIL_r3m: 0.002342
- BIL_vol3m: 0.003015
- BND_mdd: -0.007401
- BND_r12m: 0.008450
TargetWeights(JSON): {""SPY"": 0.019, ""QQQ"": 0.019, ""IWM"": 0.019, ""DIA"": 0.019, ""EFA"": 0.019, ""EEM"": 0.019, ""VEA"": 0.019, ""VWO"": 0.019, ""AGG"": 0.019, ""BND"": 0.019, ""SHY"": 0.019, ""IEF"": 0.019, ""TLT"": 0.019, ""TIP"": 0.019, ""LQD"": 0.019, ""HYG"": 0.019, ""GLD"": 0.019, ""SLV"": 0.019, ""DBC"": 0.019, ""VNQ"": 0.019, ""UUP"": 0.019, ""BIL"": 0.6}
### EXAMPLE 3
Features:
- AGG_mdd: -0.005079
- AGG_r12m: 0.054944
- AGG_r1m: 0.002489
- AGG_r3m: 0.029273
- AGG_vol3m: 0.051778
- BIL_mdd: -0.000654
- BIL_r12m: -0.000436
- BIL_r1m: -0.000436
- BIL_r3m: -0.000436
- BIL_vol3m: 0.002780
- BND_mdd: -0.003934
- BND_r12m: 0.058634
TargetWeights(JSON): {""SPY"": 0.019, ""QQQ"": 0.019, ""IWM"": 0.019, ""DIA"": 0.019, ""EFA"": 0.019, ""EEM"": 0.019, ""VEA"": 0.019, ""VWO"": 0.019, ""AGG"": 0.019, ""BND"": 0.019, ""SHY"": 0.019, ""IEF"": 0.019, ""TLT"": 0.019, ""TIP"": 0.019, ""LQD"": 0.019, ""HYG"": 0.019, ""GLD"": 0.019, ""SLV"": 0.019, ""DBC"": 0.019, ""VNQ"": 0.019, ""UUP"": 0.019, ""BIL"": 0.6}
### EXAMPLE 4
Features:
- AGG_mdd: -0.118538
- AGG_r12m: -0.105797
- AGG_r1m: -0.021664
- AGG_r3m: -0.017161
- AGG_vol3m: 0.083806
- BIL_mdd: 0.000000
- BIL_r12m: 0.002880
- BIL_r1m: 0.001719
- BIL_r3m: 0.002419
- BIL_vol3m: 0.002262
- BND_mdd: -0.121412
- BND_r12m: -0.107728
TargetWeights(JSON): {""SPY"": 0.019, ""QQQ"": 0.019, ""IWM"": 0.019, ""DIA"": 0.019, ""EFA"": 0.019, ""EEM"": 0.019, ""VEA"": 0.019, ""VWO"": 0.019, ""AGG"": 0.019, ""BND"": 0.019, ""SHY"": 0.019, ""IEF"": 0.019, ""TLT"": 0.019, ""TIP"": 0.019, ""LQD"": 0.019, ""HYG"": 0.019, ""GLD"": 0.019, ""SLV"": 0.019, ""DBC"": 0.019, ""VNQ"": 0.019, ""UUP"": 0.019, ""BIL"": 0.6}

Current Features:
- AGG_mdd: -0.025032
- AGG_r12m: 0.060001
- AGG_r1m: -0.000321
- AGG_r3m: 0.023400
- AGG_vol3m: 0.033536
- BIL_mdd: 0.000000
- BIL_r12m: 0.042516
- BIL_r1m: 0.002984
- BIL_r3m: 0.009939
- BIL_vol3m: 0.059407
- BND_mdd: -0.027124
- BND_r12m: 0.059237
- BND_r1m: -0.000207
- BND_r3m: 0.022860
- BND_vol3m: 0.033157
- DBC_mdd: -0.174034
- DBC_r12m: 0.078668
- DBC_r1m: 0.042534
- DBC_r3m: 0.054945
- DBC_vol3m: 0.127126
- DIA_mdd: 0.000000
- DIA_r12m: 0.114102
- DIA_r1m: 0.043684
- DIA_r3m: 0.078880
- DIA_vol3m: 0.097827
- EEM_mdd: -0.007677
- EEM_r12m: 0.278070
- EEM_r1m: 0.049273
- EEM_r3m: 0.114274
- EEM_vol3m: 0.152850
- EFA_mdd: 0.000000
- EFA_r12m: 0.257842
- EFA_r1m: 0.033833
- EFA_r3m: 0.053573
- EFA_vol3m: 0.102599
- GLD_mdd: -0.042565
- GLD_r12m: 0.556662
- GLD_r1m: 0.013656
- GLD_r3m: 0.256273
- GLD_vol3m: 0.229195
- HYG_mdd: -0.004174
- HYG_r12m: 0.069284
- HYG_r1m: 0.004975
- HYG_r3m: 0.016286
- HYG_vol3m: 0.036450
- IEF_mdd: -0.106452
- IEF_r12m: 0.068366
- IEF_r1m: -0.000257
- IEF_r3m: 0.024959
- IEF_vol3m: 0.042188
- IWM_mdd: -0.026725
- IWM_r12m: 0.034292
- IWM_r1m: -0.017184
- IWM_r3m: 0.070501
- IWM_vol3m: 0.185462
- LQD_mdd: -0.041040
- LQD_r12m: 0.057393
- LQD_r1m: -0.005326
- LQD_r3m: 0.022055
- LQD_vol3m: 0.048905
- QQQ_mdd: -0.023106
- QQQ_r12m: 0.214517
- QQQ_r1m: 0.038595
- QQQ_r3m: 0.072272
- QQQ_vol3m: 0.153262
- SHY_mdd: -0.000362
- SHY_r12m: 0.049322
- SHY_r1m: 0.001005
- SHY_r3m: 0.011254
- SHY_vol3m: 0.011567
- SLV_mdd: -0.017287
- SLV_r12m: 0.696629
- SLV_r1m: 0.032479
- SLV_r3m: 0.400580
- SLV_vol3m: 0.326039
- SPY_mdd: -0.005834
- SPY_r12m: 0.156302
- SPY_r1m: 0.031938
- SPY_r3m: 0.062524
- SPY_vol3m: 0.109990
- TIP_mdd: -0.011715
- TIP_r12m: 0.056492
- TIP_r1m: -0.001600
- TIP_r3m: 0.016877
- TIP_vol3m: 0.033576
- TLT_mdd: -0.387049
- TLT_r12m: 0.017634
- TLT_r1m: -0.004561
- TLT_r3m: 0.046948
- TLT_vol3m: 0.095360
- UUP_mdd: -0.056951
- UUP_r12m: -0.003375
- UUP_r1m: 0.008599
- UUP_r3m: 0.026249
- UUP_vol3m: 0.001989
- VEA_mdd: 0.000000
- VEA_r12m: 0.276859
- VEA_r1m: 0.035845
- VEA_r3m: 0.065135
- VEA_vol3m: 0.106220
- VNQ_mdd: -0.095232
- VNQ_r12m: -0.018336
- VNQ_r1m: 0.010156
- VNQ_r3m: 0.024837
- VNQ_vol3m: 0.135694
- VWO_mdd: -0.008069
- VWO_r12m: 0.221893
- VWO_r1m: 0.033632
- VWO_r3m: 0.085860
- VWO_vol3m: 0.138285
- cross_vol: 0.102758
Assets: SPY, QQQ, IWM, DIA, EFA, EEM, VEA, VWO, AGG, BND, SHY, IEF, TLT, TIP, LQD, HYG, GLD, SLV, DBC, VNQ, UUP, BIL","{""SPY"":0.019019019,""QQQ"":0.019019019,""IWM"":0.019019019,""DIA"":0.019019019,""EFA"":0.019019019,""EEM"":0.019019019,""VEA"":0.019019019,""VWO"":0.019019019,""AGG"":0.019019019,""BND"":0.019019019,""SHY"":0.019019019,""IEF"":0.019019019,""TLT"":0.019019019,""TIP"":0.019019019,""LQD"":0.019019019,""HYG"":0.019019019,""GLD"":0.019019019,""SLV"":0.019019019,""DBC"":0.019019019,""VNQ"":0.019019019,""UUP"":0.019019019,""BIL"":0.6006006006}","{""SPY"":0.019047619,""QQQ"":0.019047619,""IWM"":0.019047619,""DIA"":0.019047619,""EFA"":0.019047619,""EEM"":0.019047619,""VEA"":0.019047619,""VWO"":0.019047619,""AGG"":0.019047619,""BND"":0.019047619,""SHY"":0.019047619,""IEF"":0.019047619,""TLT"":0.019047619,""TIP"":0.019047619,""LQD"":0.019047619,""HYG"":0.019047619,""GLD"":0.019047619,""SLV"":0.019047619,""DBC"":0.019047619,""VNQ"":0.019047619,""UUP"":0.019047619,""BIL"":0.6}","{""SPY"":0.019047619,""QQQ"":0.019047619,""IWM"":0.019047619,""DIA"":0.019047619,""EFA"":0.019047619,""EEM"":0.019047619,""VEA"":0.019047619,""VWO"":0.019047619,""AGG"":0.019047619,""BND"":0.019047619,""SHY"":0.019047619,""IEF"":0.019047619,""TLT"":0.019047619,""TIP"":0.019047619,""LQD"":0.019047619,""HYG"":0.019047619,""GLD"":0.019047619,""SLV"":0.019047619,""DBC"":0.019047619,""VNQ"":0.019047619,""UUP"":0.6,""BIL"":0.019047619}",0,swap_vol3m_only,UUP,0.0019885647030246194,0.059406716079800276,0.059406716079800276,0.0019885647030246194
6a9a1731e7da02e3b598f923,p2_counterfactual_v1,E_counterfactual_no_fewshot,gemma3:270m,P2,2025-11-12,13,3990,BIL,UUP,UUP,SPY,SPY,0,0,0,0,1.1090909090909091,3.0531133177191805e-16,e968dd9b6f94ff077130e30b1c9aa4db2e71649e7339b91434b1c98d28ac4d6a,3524,e3b0c44298fc1c149afbf4c8996fb92427ae41e4649b934ca495991b7852b855,0,1,0,0,1.4634844590036664,1,"{""weights"": {""SPY"": 60, ""QQQ"": 60, ""IWM"": 60, ""DIA"": 60, ""EFA"": 60, ""EEM"": 60, ""VEA"": 60, ""VWO"": 60, ""AGG"": 60, ""BND"": 60, ""SHY"": 60, ""IEF"": 60, ""TLT"": 60, ""TIP"": 60, ""LQD"": 60, ""HYG"": 60, ""GLD"": 60, ""SLV"": 60, ""DBC"": 60, ""VNQ"": 60, ""UUP"": 60, ""BIL"": 60}}","You are a DEFENSIVE LOW-VOLATILITY policy profile. Your task is to translate a natural-language risk-averse policy into provisional portfolio weights. Use only the provided feature values, not outside market knowledge. Identify the eligible asset that appears safest, defined by the lowest `_vol3m` value. This is a defensive single-core policy profile, so do not default to equal weights when one asset clearly has the lowest recent volatility. Allocate 60% of the total portfolio weight to this safest asset as the language-level policy target. The hard maximum-weight constraint is 60%. Do not solve the projection yourself; express the language-level target and let the projection layer enforce feasibility before execution. Distribute the remaining weight equally among all other eligible assets. Use only tickers from the provided asset list. Include every eligible ticker exactly once. Return strictly valid JSON only. The `weights` field MUST be a JSON object where keys are tickers and values are numeric portfolio weights expressed as decimals, not percentages.



Current Features:
- AGG_mdd: -0.025032
- AGG_r12m: 0.060001
- AGG_r1m: -0.000321
- AGG_r3m: 0.023400
- AGG_vol3m: 0.033536
- BIL_mdd: 0.000000
- BIL_r12m: 0.042516
- BIL_r1m: 0.002984
- BIL_r3m: 0.009939
- BIL_vol3m: 0.059407
- BND_mdd: -0.027124
- BND_r12m: 0.059237
- BND_r1m: -0.000207
- BND_r3m: 0.022860
- BND_vol3m: 0.033157
- DBC_mdd: -0.174034
- DBC_r12m: 0.078668
- DBC_r1m: 0.042534
- DBC_r3m: 0.054945
- DBC_vol3m: 0.127126
- DIA_mdd: 0.000000
- DIA_r12m: 0.114102
- DIA_r1m: 0.043684
- DIA_r3m: 0.078880
- DIA_vol3m: 0.097827
- EEM_mdd: -0.007677
- EEM_r12m: 0.278070
- EEM_r1m: 0.049273
- EEM_r3m: 0.114274
- EEM_vol3m: 0.152850
- EFA_mdd: 0.000000
- EFA_r12m: 0.257842
- EFA_r1m: 0.033833
- EFA_r3m: 0.053573
- EFA_vol3m: 0.102599
- GLD_mdd: -0.042565
- GLD_r12m: 0.556662
- GLD_r1m: 0.013656
- GLD_r3m: 0.256273
- GLD_vol3m: 0.229195
- HYG_mdd: -0.004174
- HYG_r12m: 0.069284
- HYG_r1m: 0.004975
- HYG_r3m: 0.016286
- HYG_vol3m: 0.036450
- IEF_mdd: -0.106452
- IEF_r12m: 0.068366
- IEF_r1m: -0.000257
- IEF_r3m: 0.024959
- IEF_vol3m: 0.042188
- IWM_mdd: -0.026725
- IWM_r12m: 0.034292
- IWM_r1m: -0.017184
- IWM_r3m: 0.070501
- IWM_vol3m: 0.185462
- LQD_mdd: -0.041040
- LQD_r12m: 0.057393
- LQD_r1m: -0.005326
- LQD_r3m: 0.022055
- LQD_vol3m: 0.048905
- QQQ_mdd: -0.023106
- QQQ_r12m: 0.214517
- QQQ_r1m: 0.038595
- QQQ_r3m: 0.072272
- QQQ_vol3m: 0.153262
- SHY_mdd: -0.000362
- SHY_r12m: 0.049322
- SHY_r1m: 0.001005
- SHY_r3m: 0.011254
- SHY_vol3m: 0.011567
- SLV_mdd: -0.017287
- SLV_r12m: 0.696629
- SLV_r1m: 0.032479
- SLV_r3m: 0.400580
- SLV_vol3m: 0.326039
- SPY_mdd: -0.005834
- SPY_r12m: 0.156302
- SPY_r1m: 0.031938
- SPY_r3m: 0.062524
- SPY_vol3m: 0.109990
- TIP_mdd: -0.011715
- TIP_r12m: 0.056492
- TIP_r1m: -0.001600
- TIP_r3m: 0.016877
- TIP_vol3m: 0.033576
- TLT_mdd: -0.387049
- TLT_r12m: 0.017634
- TLT_r1m: -0.004561
- TLT_r3m: 0.046948
- TLT_vol3m: 0.095360
- UUP_mdd: -0.056951
- UUP_r12m: -0.003375
- UUP_r1m: 0.008599
- UUP_r3m: 0.026249
- UUP_vol3m: 0.001989
- VEA_mdd: 0.000000
- VEA_r12m: 0.276859
- VEA_r1m: 0.035845
- VEA_r3m: 0.065135
- VEA_vol3m: 0.106220
- VNQ_mdd: -0.095232
- VNQ_r12m: -0.018336
- VNQ_r1m: 0.010156
- VNQ_r3m: 0.024837
- VNQ_vol3m: 0.135694
- VWO_mdd: -0.008069
- VWO_r12m: 0.221893
- VWO_r1m: 0.033632
- VWO_r3m: 0.085860
- VWO_vol3m: 0.138285
- cross_vol: 0.102758
Assets: SPY, QQQ, IWM, DIA, EFA, EEM, VEA, VWO, AGG, BND, SHY, IEF, TLT, TIP, LQD, HYG, GLD, SLV, DBC, VNQ, UUP, BIL","{""SPY"":0.0454545455,""QQQ"":0.0454545455,""IWM"":0.0454545455,""DIA"":0.0454545455,""EFA"":0.0454545455,""EEM"":0.0454545455,""VEA"":0.0454545455,""VWO"":0.0454545455,""AGG"":0.0454545455,""BND"":0.0454545455,""SHY"":0.0454545455,""IEF"":0.0454545455,""TLT"":0.0454545455,""TIP"":0.0454545455,""LQD"":0.0454545455,""HYG"":0.0454545455,""GLD"":0.0454545455,""SLV"":0.0454545455,""DBC"":0.0454545455,""VNQ"":0.0454545455,""UUP"":0.0454545455,""BIL"":0.0454545455}","{""SPY"":0.0454545455,""QQQ"":0.0454545455,""IWM"":0.0454545455,""DIA"":0.0454545455,""EFA"":0.0454545455,""EEM"":0.0454545455,""VEA"":0.0454545455,""VWO"":0.0454545455,""AGG"":0.0454545455,""BND"":0.0454545455,""SHY"":0.0454545455,""IEF"":0.0454545455,""TLT"":0.0454545455,""TIP"":0.0454545455,""LQD"":0.0454545455,""HYG"":0.0454545455,""GLD"":0.0454545455,""SLV"":0.0454545455,""DBC"":0.0454545455,""VNQ"":0.0454545455,""UUP"":0.0454545455,""BIL"":0.0454545455}","{""SPY"":0.019047619,""QQQ"":0.019047619,""IWM"":0.019047619,""DIA"":0.019047619,""EFA"":0.019047619,""EEM"":0.019047619,""VEA"":0.019047619,""VWO"":0.019047619,""AGG"":0.019047619,""BND"":0.019047619,""SHY"":0.019047619,""IEF"":0.019047619,""TLT"":0.019047619,""TIP"":0.019047619,""LQD"":0.019047619,""HYG"":0.019047619,""GLD"":0.019047619,""SLV"":0.019047619,""DBC"":0.019047619,""VNQ"":0.019047619,""UUP"":0.6,""BIL"":0.019047619}",0,swap_vol3m_only,UUP,0.0019885647030246194,0.059406716079800276,0.059406716079800276,0.0019885647030246194
79a0a832bf24d1d6a6f23306,p2_counterfactual_v1,D_counterfactual_fewshot,gemma3:1b,P2,2025-11-12,13,3990,BIL,UUP,UUP,BIL,BIL,0,0,1,1,1.1619047619047618,0.0012012012012015266,a0559eaf049f229c0de3ec9240c359f65aeb04e57a575c0018d0ca8842f3466f,5936,79a44ab83aa9d63b1a012908cb522bebc386491b1e0546c792fb0a325497ce3b,2412,1,0,0,4.863998665998224,1,"{""weights"": {""SPY"": 0.019, ""QQQ"": 0.019, ""IWM"": 0.019, ""DIA"": 0.019, ""EFA"": 0.019, ""EEM"": 0.019, ""VEA"": 0.019, ""VWO"": 0.019, ""AGG"": 0.019, ""BND"": 0.019, ""SHY"": 0.019, ""IEF"": 0.019, ""TLT"": 0.019, ""TIP"": 0.019, ""LQD"": 0.019, ""HYG"": 0.019, ""GLD"": 0.019, ""SLV"": 0.019, ""DBC"": 0.019, ""VNQ"": 0.019, ""UUP"": 0.019, ""BIL"": 0.6}}","You are a DEFENSIVE LOW-VOLATILITY policy profile. Your task is to translate a natural-language risk-averse policy into provisional portfolio weights. Use only the provided feature values, not outside market knowledge. Identify the eligible asset that appears safest, defined by the lowest `_vol3m` value. This is a defensive single-core policy profile, so do not default to equal weights when one asset clearly has the lowest recent volatility. Allocate 60% of the total portfolio weight to this safest asset as the language-level policy target. The hard maximum-weight constraint is 60%. Do not solve the projection yourself; express the language-level target and let the projection layer enforce feasibility before execution. Distribute the remaining weight equally among all other eligible assets. Use only tickers from the provided asset list. Include every eligible ticker exactly once. Return strictly valid JSON only. The `weights` field MUST be a JSON object where keys are tickers and values are numeric portfolio weights expressed as decimals, not percentages.

### EXAMPLE 1
Features:
- AGG_mdd: -0.003137
- AGG_r12m: 0.081208
- AGG_r1m: 0.003351
- AGG_r3m: 0.030204
- AGG_vol3m: 0.027573
- BIL_mdd: -0.000109
- BIL_r12m: 0.021715
- BIL_r1m: 0.001586
- BIL_r3m: 0.005643
- BIL_vol3m: 0.001876
- BND_mdd: -0.003726
- BND_r12m: 0.079321
TargetWeights(JSON): {""SPY"": 0.019, ""QQQ"": 0.019, ""IWM"": 0.019, ""DIA"": 0.019, ""EFA"": 0.019, ""EEM"": 0.019, ""VEA"": 0.019, ""VWO"": 0.019, ""AGG"": 0.019, ""BND"": 0.019, ""SHY"": 0.019, ""IEF"": 0.019, ""TLT"": 0.019, ""TIP"": 0.019, ""LQD"": 0.019, ""HYG"": 0.019, ""GLD"": 0.019, ""SLV"": 0.019, ""DBC"": 0.019, ""VNQ"": 0.019, ""UUP"": 0.019, ""BIL"": 0.6}
### EXAMPLE 2
Features:
- AGG_mdd: -0.006534
- AGG_r12m: 0.005103
- AGG_r1m: 0.001254
- AGG_r3m: 0.003531
- AGG_vol3m: 0.023616
- BIL_mdd: 0.000000
- BIL_r12m: 0.005153
- BIL_r1m: 0.000480
- BIL_r3m: 0.002342
- BIL_vol3m: 0.003015
- BND_mdd: -0.007401
- BND_r12m: 0.008450
TargetWeights(JSON): {""SPY"": 0.019, ""QQQ"": 0.019, ""IWM"": 0.019, ""DIA"": 0.019, ""EFA"": 0.019, ""EEM"": 0.019, ""VEA"": 0.019, ""VWO"": 0.019, ""AGG"": 0.019, ""BND"": 0.019, ""SHY"": 0.019, ""IEF"": 0.019, ""TLT"": 0.019, ""TIP"": 0.019, ""LQD"": 0.019, ""HYG"": 0.019, ""GLD"": 0.019, ""SLV"": 0.019, ""DBC"": 0.019, ""VNQ"": 0.019, ""UUP"": 0.019, ""BIL"": 0.6}
### EXAMPLE 3
Features:
- AGG_mdd: -0.005079
- AGG_r12m: 0.054944
- AGG_r1m: 0.002489
- AGG_r3m: 0.029273
- AGG_vol3m: 0.051778
- BIL_mdd: -0.000654
- BIL_r12m: -0.000436
- BIL_r1m: -0.000436
- BIL_r3m: -0.000436
- BIL_vol3m: 0.002780
- BND_mdd: -0.003934
- BND_r12m: 0.058634
TargetWeights(JSON): {""SPY"": 0.019, ""QQQ"": 0.019, ""IWM"": 0.019, ""DIA"": 0.019, ""EFA"": 0.019, ""EEM"": 0.019, ""VEA"": 0.019, ""VWO"": 0.019, ""AGG"": 0.019, ""BND"": 0.019, ""SHY"": 0.019, ""IEF"": 0.019, ""TLT"": 0.019, ""TIP"": 0.019, ""LQD"": 0.019, ""HYG"": 0.019, ""GLD"": 0.019, ""SLV"": 0.019, ""DBC"": 0.019, ""VNQ"": 0.019, ""UUP"": 0.019, ""BIL"": 0.6}
### EXAMPLE 4
Features:
- AGG_mdd: -0.118538
- AGG_r12m: -0.105797
- AGG_r1m: -0.021664
- AGG_r3m: -0.017161
- AGG_vol3m: 0.083806
- BIL_mdd: 0.000000
- BIL_r12m: 0.002880
- BIL_r1m: 0.001719
- BIL_r3m: 0.002419
- BIL_vol3m: 0.002262
- BND_mdd: -0.121412
- BND_r12m: -0.107728
TargetWeights(JSON): {""SPY"": 0.019, ""QQQ"": 0.019, ""IWM"": 0.019, ""DIA"": 0.019, ""EFA"": 0.019, ""EEM"": 0.019, ""VEA"": 0.019, ""VWO"": 0.019, ""AGG"": 0.019, ""BND"": 0.019, ""SHY"": 0.019, ""IEF"": 0.019, ""TLT"": 0.019, ""TIP"": 0.019, ""LQD"": 0.019, ""HYG"": 0.019, ""GLD"": 0.019, ""SLV"": 0.019, ""DBC"": 0.019, ""VNQ"": 0.019, ""UUP"": 0.019, ""BIL"": 0.6}

Current Features:
- AGG_mdd: -0.025032
- AGG_r12m: 0.060001
- AGG_r1m: -0.000321
- AGG_r3m: 0.023400
- AGG_vol3m: 0.033536
- BIL_mdd: 0.000000
- BIL_r12m: 0.042516
- BIL_r1m: 0.002984
- BIL_r3m: 0.009939
- BIL_vol3m: 0.059407
- BND_mdd: -0.027124
- BND_r12m: 0.059237
- BND_r1m: -0.000207
- BND_r3m: 0.022860
- BND_vol3m: 0.033157
- DBC_mdd: -0.174034
- DBC_r12m: 0.078668
- DBC_r1m: 0.042534
- DBC_r3m: 0.054945
- DBC_vol3m: 0.127126
- DIA_mdd: 0.000000
- DIA_r12m: 0.114102
- DIA_r1m: 0.043684
- DIA_r3m: 0.078880
- DIA_vol3m: 0.097827
- EEM_mdd: -0.007677
- EEM_r12m: 0.278070
- EEM_r1m: 0.049273
- EEM_r3m: 0.114274
- EEM_vol3m: 0.152850
- EFA_mdd: 0.000000
- EFA_r12m: 0.257842
- EFA_r1m: 0.033833
- EFA_r3m: 0.053573
- EFA_vol3m: 0.102599
- GLD_mdd: -0.042565
- GLD_r12m: 0.556662
- GLD_r1m: 0.013656
- GLD_r3m: 0.256273
- GLD_vol3m: 0.229195
- HYG_mdd: -0.004174
- HYG_r12m: 0.069284
- HYG_r1m: 0.004975
- HYG_r3m: 0.016286
- HYG_vol3m: 0.036450
- IEF_mdd: -0.106452
- IEF_r12m: 0.068366
- IEF_r1m: -0.000257
- IEF_r3m: 0.024959
- IEF_vol3m: 0.042188
- IWM_mdd: -0.026725
- IWM_r12m: 0.034292
- IWM_r1m: -0.017184
- IWM_r3m: 0.070501
- IWM_vol3m: 0.185462
- LQD_mdd: -0.041040
- LQD_r12m: 0.057393
- LQD_r1m: -0.005326
- LQD_r3m: 0.022055
- LQD_vol3m: 0.048905
- QQQ_mdd: -0.023106
- QQQ_r12m: 0.214517
- QQQ_r1m: 0.038595
- QQQ_r3m: 0.072272
- QQQ_vol3m: 0.153262
- SHY_mdd: -0.000362
- SHY_r12m: 0.049322
- SHY_r1m: 0.001005
- SHY_r3m: 0.011254
- SHY_vol3m: 0.011567
- SLV_mdd: -0.017287
- SLV_r12m: 0.696629
- SLV_r1m: 0.032479
- SLV_r3m: 0.400580
- SLV_vol3m: 0.326039
- SPY_mdd: -0.005834
- SPY_r12m: 0.156302
- SPY_r1m: 0.031938
- SPY_r3m: 0.062524
- SPY_vol3m: 0.109990
- TIP_mdd: -0.011715
- TIP_r12m: 0.056492
- TIP_r1m: -0.001600
- TIP_r3m: 0.016877
- TIP_vol3m: 0.033576
- TLT_mdd: -0.387049
- TLT_r12m: 0.017634
- TLT_r1m: -0.004561
- TLT_r3m: 0.046948
- TLT_vol3m: 0.095360
- UUP_mdd: -0.056951
- UUP_r12m: -0.003375
- UUP_r1m: 0.008599
- UUP_r3m: 0.026249
- UUP_vol3m: 0.001989
- VEA_mdd: 0.000000
- VEA_r12m: 0.276859
- VEA_r1m: 0.035845
- VEA_r3m: 0.065135
- VEA_vol3m: 0.106220
- VNQ_mdd: -0.095232
- VNQ_r12m: -0.018336
- VNQ_r1m: 0.010156
- VNQ_r3m: 0.024837
- VNQ_vol3m: 0.135694
- VWO_mdd: -0.008069
- VWO_r12m: 0.221893
- VWO_r1m: 0.033632
- VWO_r3m: 0.085860
- VWO_vol3m: 0.138285
- cross_vol: 0.102758
Assets: SPY, QQQ, IWM, DIA, EFA, EEM, VEA, VWO, AGG, BND, SHY, IEF, TLT, TIP, LQD, HYG, GLD, SLV, DBC, VNQ, UUP, BIL","{""SPY"":0.019019019,""QQQ"":0.019019019,""IWM"":0.019019019,""DIA"":0.019019019,""EFA"":0.019019019,""EEM"":0.019019019,""VEA"":0.019019019,""VWO"":0.019019019,""AGG"":0.019019019,""BND"":0.019019019,""SHY"":0.019019019,""IEF"":0.019019019,""TLT"":0.019019019,""TIP"":0.019019019,""LQD"":0.019019019,""HYG"":0.019019019,""GLD"":0.019019019,""SLV"":0.019019019,""DBC"":0.019019019,""VNQ"":0.019019019,""UUP"":0.019019019,""BIL"":0.6006006006}","{""SPY"":0.019047619,""QQQ"":0.019047619,""IWM"":0.019047619,""DIA"":0.019047619,""EFA"":0.019047619,""EEM"":0.019047619,""VEA"":0.019047619,""VWO"":0.019047619,""AGG"":0.019047619,""BND"":0.019047619,""SHY"":0.019047619,""IEF"":0.019047619,""TLT"":0.019047619,""TIP"":0.019047619,""LQD"":0.019047619,""HYG"":0.019047619,""GLD"":0.019047619,""SLV"":0.019047619,""DBC"":0.019047619,""VNQ"":0.019047619,""UUP"":0.019047619,""BIL"":0.6}","{""SPY"":0.019047619,""QQQ"":0.019047619,""IWM"":0.019047619,""DIA"":0.019047619,""EFA"":0.019047619,""EEM"":0.019047619,""VEA"":0.019047619,""VWO"":0.019047619,""AGG"":0.019047619,""BND"":0.019047619,""SHY"":0.019047619,""IEF"":0.019047619,""TLT"":0.019047619,""TIP"":0.019047619,""LQD"":0.019047619,""HYG"":0.019047619,""GLD"":0.019047619,""SLV"":0.019047619,""DBC"":0.019047619,""VNQ"":0.019047619,""UUP"":0.6,""BIL"":0.019047619}",0,swap_vol3m_only,UUP,0.0019885647030246194,0.059406716079800276,0.059406716079800276,0.0019885647030246194
5db116a0c54cb8b2b94e3faa,p2_counterfactual_v1,E_counterfactual_no_fewshot,gemma3:1b,P2,2025-11-12,13,3990,BIL,UUP,UUP,SPY,SPY,0,0,0,0,1.4285714285714286,4.85722573273506e-17,e968dd9b6f94ff077130e30b1c9aa4db2e71649e7339b91434b1c98d28ac4d6a,3524,e3b0c44298fc1c149afbf4c8996fb92427ae41e4649b934ca495991b7852b855,0,1,0,0,3.495404542001779,1,"{""weights"": {""SPY"":0.45, ""QQQ"":0.30, ""IWM"":0.15, ""DIA"":0.10, ""EFA"":0.08, ""EEM"":0.07, ""VEA"":0.06, ""VWO"":0.05, ""AGG"":0.04, ""BND"":0.03, ""SHY"":0.02, ""IEF"":0.02, ""TLT"":0.01, ""TIP"":0.01, ""LQD"":0.01, ""HYG"":0.01, ""GLD"":0.01, ""SLV"":0.01, ""DBC"":0.01, ""VNQ"":0.01, ""UUP"":0.01, ""BIL"":0.01}}","You are a DEFENSIVE LOW-VOLATILITY policy profile. Your task is to translate a natural-language risk-averse policy into provisional portfolio weights. Use only the provided feature values, not outside market knowledge. Identify the eligible asset that appears safest, defined by the lowest `_vol3m` value. This is a defensive single-core policy profile, so do not default to equal weights when one asset clearly has the lowest recent volatility. Allocate 60% of the total portfolio weight to this safest asset as the language-level policy target. The hard maximum-weight constraint is 60%. Do not solve the projection yourself; express the language-level target and let the projection layer enforce feasibility before execution. Distribute the remaining weight equally among all other eligible assets. Use only tickers from the provided asset list. Include every eligible ticker exactly once. Return strictly valid JSON only. The `weights` field MUST be a JSON object where keys are tickers and values are numeric portfolio weights expressed as decimals, not percentages.



Current Features:
- AGG_mdd: -0.025032
- AGG_r12m: 0.060001
- AGG_r1m: -0.000321
- AGG_r3m: 0.023400
- AGG_vol3m: 0.033536
- BIL_mdd: 0.000000
- BIL_r12m: 0.042516
- BIL_r1m: 0.002984
- BIL_r3m: 0.009939
- BIL_vol3m: 0.059407
- BND_mdd: -0.027124
- BND_r12m: 0.059237
- BND_r1m: -0.000207
- BND_r3m: 0.022860
- BND_vol3m: 0.033157
- DBC_mdd: -0.174034
- DBC_r12m: 0.078668
- DBC_r1m: 0.042534
- DBC_r3m: 0.054945
- DBC_vol3m: 0.127126
- DIA_mdd: 0.000000
- DIA_r12m: 0.114102
- DIA_r1m: 0.043684
- DIA_r3m: 0.078880
- DIA_vol3m: 0.097827
- EEM_mdd: -0.007677
- EEM_r12m: 0.278070
- EEM_r1m: 0.049273
- EEM_r3m: 0.114274
- EEM_vol3m: 0.152850
- EFA_mdd: 0.000000
- EFA_r12m: 0.257842
- EFA_r1m: 0.033833
- EFA_r3m: 0.053573
- EFA_vol3m: 0.102599
- GLD_mdd: -0.042565
- GLD_r12m: 0.556662
- GLD_r1m: 0.013656
- GLD_r3m: 0.256273
- GLD_vol3m: 0.229195
- HYG_mdd: -0.004174
- HYG_r12m: 0.069284
- HYG_r1m: 0.004975
- HYG_r3m: 0.016286
- HYG_vol3m: 0.036450
- IEF_mdd: -0.106452
- IEF_r12m: 0.068366
- IEF_r1m: -0.000257
- IEF_r3m: 0.024959
- IEF_vol3m: 0.042188
- IWM_mdd: -0.026725
- IWM_r12m: 0.034292
- IWM_r1m: -0.017184
- IWM_r3m: 0.070501
- IWM_vol3m: 0.185462
- LQD_mdd: -0.041040
- LQD_r12m: 0.057393
- LQD_r1m: -0.005326
- LQD_r3m: 0.022055
- LQD_vol3m: 0.048905
- QQQ_mdd: -0.023106
- QQQ_r12m: 0.214517
- QQQ_r1m: 0.038595
- QQQ_r3m: 0.072272
- QQQ_vol3m: 0.153262
- SHY_mdd: -0.000362
- SHY_r12m: 0.049322
- SHY_r1m: 0.001005
- SHY_r3m: 0.011254
- SHY_vol3m: 0.011567
- SLV_mdd: -0.017287
- SLV_r12m: 0.696629
- SLV_r1m: 0.032479
- SLV_r3m: 0.400580
- SLV_vol3m: 0.326039
- SPY_mdd: -0.005834
- SPY_r12m: 0.156302
- SPY_r1m: 0.031938
- SPY_r3m: 0.062524
- SPY_vol3m: 0.109990
- TIP_mdd: -0.011715
- TIP_r12m: 0.056492
- TIP_r1m: -0.001600
- TIP_r3m: 0.016877
- TIP_vol3m: 0.033576
- TLT_mdd: -0.387049
- TLT_r12m: 0.017634
- TLT_r1m: -0.004561
- TLT_r3m: 0.046948
- TLT_vol3m: 0.095360
- UUP_mdd: -0.056951
- UUP_r12m: -0.003375
- UUP_r1m: 0.008599
- UUP_r3m: 0.026249
- UUP_vol3m: 0.001989
- VEA_mdd: 0.000000
- VEA_r12m: 0.276859
- VEA_r1m: 0.035845
- VEA_r3m: 0.065135
- VEA_vol3m: 0.106220
- VNQ_mdd: -0.095232
- VNQ_r12m: -0.018336
- VNQ_r1m: 0.010156
- VNQ_r3m: 0.024837
- VNQ_vol3m: 0.135694
- VWO_mdd: -0.008069
- VWO_r12m: 0.221893
- VWO_r1m: 0.033632
- VWO_r3m: 0.085860
- VWO_vol3m: 0.138285
- cross_vol: 0.102758
Assets: SPY, QQQ, IWM, DIA, EFA, EEM, VEA, VWO, AGG, BND, SHY, IEF, TLT, TIP, LQD, HYG, GLD, SLV, DBC, VNQ, UUP, BIL","{""SPY"":0.306122449,""QQQ"":0.2040816327,""IWM"":0.1020408163,""DIA"":0.0680272109,""EFA"":0.0544217687,""EEM"":0.0476190476,""VEA"":0.0408163265,""VWO"":0.0340136054,""AGG"":0.0272108844,""BND"":0.0204081633,""SHY"":0.0136054422,""IEF"":0.0136054422,""TLT"":0.0068027211,""TIP"":0.0068027211,""LQD"":0.0068027211,""HYG"":0.0068027211,""GLD"":0.0068027211,""SLV"":0.0068027211,""DBC"":0.0068027211,""VNQ"":0.0068027211,""UUP"":0.0068027211,""BIL"":0.0068027211}","{""SPY"":0.306122449,""QQQ"":0.2040816327,""IWM"":0.1020408163,""DIA"":0.0680272109,""EFA"":0.0544217687,""EEM"":0.0476190476,""VEA"":0.0408163265,""VWO"":0.0340136054,""AGG"":0.0272108844,""BND"":0.0204081633,""SHY"":0.0136054422,""IEF"":0.0136054422,""TLT"":0.0068027211,""TIP"":0.0068027211,""LQD"":0.0068027211,""HYG"":0.0068027211,""GLD"":0.0068027211,""SLV"":0.0068027211,""DBC"":0.0068027211,""VNQ"":0.0068027211,""UUP"":0.0068027211,""BIL"":0.0068027211}","{""SPY"":0.019047619,""QQQ"":0.019047619,""IWM"":0.019047619,""DIA"":0.019047619,""EFA"":0.019047619,""EEM"":0.019047619,""VEA"":0.019047619,""VWO"":0.019047619,""AGG"":0.019047619,""BND"":0.019047619,""SHY"":0.019047619,""IEF"":0.019047619,""TLT"":0.019047619,""TIP"":0.019047619,""LQD"":0.019047619,""HYG"":0.019047619,""GLD"":0.019047619,""SLV"":0.019047619,""DBC"":0.019047619,""VNQ"":0.019047619,""UUP"":0.6,""BIL"":0.019047619}",0,swap_vol3m_only,UUP,0.0019885647030246194,0.059406716079800276,0.059406716079800276,0.0019885647030246194
c6cac8274f21d529f5152b32,p2_counterfactual_v1,D_counterfactual_fewshot,llama3.1:8b,P2,2025-11-12,13,3990,BIL,UUP,UUP,BIL,BIL,0,0,1,1,1.1619047619047618,0.0012012012012015266,a0559eaf049f229c0de3ec9240c359f65aeb04e57a575c0018d0ca8842f3466f,5936,79a44ab83aa9d63b1a012908cb522bebc386491b1e0546c792fb0a325497ce3b,2412,1,0,0,16.414571875007823,1,"{
  ""weights"": {
    ""SPY"": 0.019,
    ""QQQ"": 0.019,
    ""IWM"": 0.019,
    ""DIA"": 0.019,
    ""EFA"": 0.019,
    ""EEM"": 0.019,
    ""VEA"": 0.019,
    ""VWO"": 0.019,
    ""AGG"": 0.019,
    ""BND"": 0.019,
    ""SHY"": 0.019,
    ""IEF"": 0.019,
    ""TLT"": 0.019,
    ""TIP"": 0.019,
    ""LQD"": 0.019,
    ""HYG"": 0.019,
    ""GLD"": 0.019,
    ""SLV"": 0.019,
    ""DBC"": 0.019,
    ""VNQ"": 0.019,
    ""UUP"": 0.019,
    ""BIL"": 0.6
  }
}","You are a DEFENSIVE LOW-VOLATILITY policy profile. Your task is to translate a natural-language risk-averse policy into provisional portfolio weights. Use only the provided feature values, not outside market knowledge. Identify the eligible asset that appears safest, defined by the lowest `_vol3m` value. This is a defensive single-core policy profile, so do not default to equal weights when one asset clearly has the lowest recent volatility. Allocate 60% of the total portfolio weight to this safest asset as the language-level policy target. The hard maximum-weight constraint is 60%. Do not solve the projection yourself; express the language-level target and let the projection layer enforce feasibility before execution. Distribute the remaining weight equally among all other eligible assets. Use only tickers from the provided asset list. Include every eligible ticker exactly once. Return strictly valid JSON only. The `weights` field MUST be a JSON object where keys are tickers and values are numeric portfolio weights expressed as decimals, not percentages.

### EXAMPLE 1
Features:
- AGG_mdd: -0.003137
- AGG_r12m: 0.081208
- AGG_r1m: 0.003351
- AGG_r3m: 0.030204
- AGG_vol3m: 0.027573
- BIL_mdd: -0.000109
- BIL_r12m: 0.021715
- BIL_r1m: 0.001586
- BIL_r3m: 0.005643
- BIL_vol3m: 0.001876
- BND_mdd: -0.003726
- BND_r12m: 0.079321
TargetWeights(JSON): {""SPY"": 0.019, ""QQQ"": 0.019, ""IWM"": 0.019, ""DIA"": 0.019, ""EFA"": 0.019, ""EEM"": 0.019, ""VEA"": 0.019, ""VWO"": 0.019, ""AGG"": 0.019, ""BND"": 0.019, ""SHY"": 0.019, ""IEF"": 0.019, ""TLT"": 0.019, ""TIP"": 0.019, ""LQD"": 0.019, ""HYG"": 0.019, ""GLD"": 0.019, ""SLV"": 0.019, ""DBC"": 0.019, ""VNQ"": 0.019, ""UUP"": 0.019, ""BIL"": 0.6}
### EXAMPLE 2
Features:
- AGG_mdd: -0.006534
- AGG_r12m: 0.005103
- AGG_r1m: 0.001254
- AGG_r3m: 0.003531
- AGG_vol3m: 0.023616
- BIL_mdd: 0.000000
- BIL_r12m: 0.005153
- BIL_r1m: 0.000480
- BIL_r3m: 0.002342
- BIL_vol3m: 0.003015
- BND_mdd: -0.007401
- BND_r12m: 0.008450
TargetWeights(JSON): {""SPY"": 0.019, ""QQQ"": 0.019, ""IWM"": 0.019, ""DIA"": 0.019, ""EFA"": 0.019, ""EEM"": 0.019, ""VEA"": 0.019, ""VWO"": 0.019, ""AGG"": 0.019, ""BND"": 0.019, ""SHY"": 0.019, ""IEF"": 0.019, ""TLT"": 0.019, ""TIP"": 0.019, ""LQD"": 0.019, ""HYG"": 0.019, ""GLD"": 0.019, ""SLV"": 0.019, ""DBC"": 0.019, ""VNQ"": 0.019, ""UUP"": 0.019, ""BIL"": 0.6}
### EXAMPLE 3
Features:
- AGG_mdd: -0.005079
- AGG_r12m: 0.054944
- AGG_r1m: 0.002489
- AGG_r3m: 0.029273
- AGG_vol3m: 0.051778
- BIL_mdd: -0.000654
- BIL_r12m: -0.000436
- BIL_r1m: -0.000436
- BIL_r3m: -0.000436
- BIL_vol3m: 0.002780
- BND_mdd: -0.003934
- BND_r12m: 0.058634
TargetWeights(JSON): {""SPY"": 0.019, ""QQQ"": 0.019, ""IWM"": 0.019, ""DIA"": 0.019, ""EFA"": 0.019, ""EEM"": 0.019, ""VEA"": 0.019, ""VWO"": 0.019, ""AGG"": 0.019, ""BND"": 0.019, ""SHY"": 0.019, ""IEF"": 0.019, ""TLT"": 0.019, ""TIP"": 0.019, ""LQD"": 0.019, ""HYG"": 0.019, ""GLD"": 0.019, ""SLV"": 0.019, ""DBC"": 0.019, ""VNQ"": 0.019, ""UUP"": 0.019, ""BIL"": 0.6}
### EXAMPLE 4
Features:
- AGG_mdd: -0.118538
- AGG_r12m: -0.105797
- AGG_r1m: -0.021664
- AGG_r3m: -0.017161
- AGG_vol3m: 0.083806
- BIL_mdd: 0.000000
- BIL_r12m: 0.002880
- BIL_r1m: 0.001719
- BIL_r3m: 0.002419
- BIL_vol3m: 0.002262
- BND_mdd: -0.121412
- BND_r12m: -0.107728
TargetWeights(JSON): {""SPY"": 0.019, ""QQQ"": 0.019, ""IWM"": 0.019, ""DIA"": 0.019, ""EFA"": 0.019, ""EEM"": 0.019, ""VEA"": 0.019, ""VWO"": 0.019, ""AGG"": 0.019, ""BND"": 0.019, ""SHY"": 0.019, ""IEF"": 0.019, ""TLT"": 0.019, ""TIP"": 0.019, ""LQD"": 0.019, ""HYG"": 0.019, ""GLD"": 0.019, ""SLV"": 0.019, ""DBC"": 0.019, ""VNQ"": 0.019, ""UUP"": 0.019, ""BIL"": 0.6}

Current Features:
- AGG_mdd: -0.025032
- AGG_r12m: 0.060001
- AGG_r1m: -0.000321
- AGG_r3m: 0.023400
- AGG_vol3m: 0.033536
- BIL_mdd: 0.000000
- BIL_r12m: 0.042516
- BIL_r1m: 0.002984
- BIL_r3m: 0.009939
- BIL_vol3m: 0.059407
- BND_mdd: -0.027124
- BND_r12m: 0.059237
- BND_r1m: -0.000207
- BND_r3m: 0.022860
- BND_vol3m: 0.033157
- DBC_mdd: -0.174034
- DBC_r12m: 0.078668
- DBC_r1m: 0.042534
- DBC_r3m: 0.054945
- DBC_vol3m: 0.127126
- DIA_mdd: 0.000000
- DIA_r12m: 0.114102
- DIA_r1m: 0.043684
- DIA_r3m: 0.078880
- DIA_vol3m: 0.097827
- EEM_mdd: -0.007677
- EEM_r12m: 0.278070
- EEM_r1m: 0.049273
- EEM_r3m: 0.114274
- EEM_vol3m: 0.152850
- EFA_mdd: 0.000000
- EFA_r12m: 0.257842
- EFA_r1m: 0.033833
- EFA_r3m: 0.053573
- EFA_vol3m: 0.102599
- GLD_mdd: -0.042565
- GLD_r12m: 0.556662
- GLD_r1m: 0.013656
- GLD_r3m: 0.256273
- GLD_vol3m: 0.229195
- HYG_mdd: -0.004174
- HYG_r12m: 0.069284
- HYG_r1m: 0.004975
- HYG_r3m: 0.016286
- HYG_vol3m: 0.036450
- IEF_mdd: -0.106452
- IEF_r12m: 0.068366
- IEF_r1m: -0.000257
- IEF_r3m: 0.024959
- IEF_vol3m: 0.042188
- IWM_mdd: -0.026725
- IWM_r12m: 0.034292
- IWM_r1m: -0.017184
- IWM_r3m: 0.070501
- IWM_vol3m: 0.185462
- LQD_mdd: -0.041040
- LQD_r12m: 0.057393
- LQD_r1m: -0.005326
- LQD_r3m: 0.022055
- LQD_vol3m: 0.048905
- QQQ_mdd: -0.023106
- QQQ_r12m: 0.214517
- QQQ_r1m: 0.038595
- QQQ_r3m: 0.072272
- QQQ_vol3m: 0.153262
- SHY_mdd: -0.000362
- SHY_r12m: 0.049322
- SHY_r1m: 0.001005
- SHY_r3m: 0.011254
- SHY_vol3m: 0.011567
- SLV_mdd: -0.017287
- SLV_r12m: 0.696629
- SLV_r1m: 0.032479
- SLV_r3m: 0.400580
- SLV_vol3m: 0.326039
- SPY_mdd: -0.005834
- SPY_r12m: 0.156302
- SPY_r1m: 0.031938
- SPY_r3m: 0.062524
- SPY_vol3m: 0.109990
- TIP_mdd: -0.011715
- TIP_r12m: 0.056492
- TIP_r1m: -0.001600
- TIP_r3m: 0.016877
- TIP_vol3m: 0.033576
- TLT_mdd: -0.387049
- TLT_r12m: 0.017634
- TLT_r1m: -0.004561
- TLT_r3m: 0.046948
- TLT_vol3m: 0.095360
- UUP_mdd: -0.056951
- UUP_r12m: -0.003375
- UUP_r1m: 0.008599
- UUP_r3m: 0.026249
- UUP_vol3m: 0.001989
- VEA_mdd: 0.000000
- VEA_r12m: 0.276859
- VEA_r1m: 0.035845
- VEA_r3m: 0.065135
- VEA_vol3m: 0.106220
- VNQ_mdd: -0.095232
- VNQ_r12m: -0.018336
- VNQ_r1m: 0.010156
- VNQ_r3m: 0.024837
- VNQ_vol3m: 0.135694
- VWO_mdd: -0.008069
- VWO_r12m: 0.221893
- VWO_r1m: 0.033632
- VWO_r3m: 0.085860
- VWO_vol3m: 0.138285
- cross_vol: 0.102758
Assets: SPY, QQQ, IWM, DIA, EFA, EEM, VEA, VWO, AGG, BND, SHY, IEF, TLT, TIP, LQD, HYG, GLD, SLV, DBC, VNQ, UUP, BIL","{""SPY"":0.019019019,""QQQ"":0.019019019,""IWM"":0.019019019,""DIA"":0.019019019,""EFA"":0.019019019,""EEM"":0.019019019,""VEA"":0.019019019,""VWO"":0.019019019,""AGG"":0.019019019,""BND"":0.019019019,""SHY"":0.019019019,""IEF"":0.019019019,""TLT"":0.019019019,""TIP"":0.019019019,""LQD"":0.019019019,""HYG"":0.019019019,""GLD"":0.019019019,""SLV"":0.019019019,""DBC"":0.019019019,""VNQ"":0.019019019,""UUP"":0.019019019,""BIL"":0.6006006006}","{""SPY"":0.019047619,""QQQ"":0.019047619,""IWM"":0.019047619,""DIA"":0.019047619,""EFA"":0.019047619,""EEM"":0.019047619,""VEA"":0.019047619,""VWO"":0.019047619,""AGG"":0.019047619,""BND"":0.019047619,""SHY"":0.019047619,""IEF"":0.019047619,""TLT"":0.019047619,""TIP"":0.019047619,""LQD"":0.019047619,""HYG"":0.019047619,""GLD"":0.019047619,""SLV"":0.019047619,""DBC"":0.019047619,""VNQ"":0.019047619,""UUP"":0.019047619,""BIL"":0.6}","{""SPY"":0.019047619,""QQQ"":0.019047619,""IWM"":0.019047619,""DIA"":0.019047619,""EFA"":0.019047619,""EEM"":0.019047619,""VEA"":0.019047619,""VWO"":0.019047619,""AGG"":0.019047619,""BND"":0.019047619,""SHY"":0.019047619,""IEF"":0.019047619,""TLT"":0.019047619,""TIP"":0.019047619,""LQD"":0.019047619,""HYG"":0.019047619,""GLD"":0.019047619,""SLV"":0.019047619,""DBC"":0.019047619,""VNQ"":0.019047619,""UUP"":0.6,""BIL"":0.019047619}",0,swap_vol3m_only,UUP,0.0019885647030246194,0.059406716079800276,0.059406716079800276,0.0019885647030246194
d5e30aa11c6996cd0d7b8a10,p2_counterfactual_v1,E_counterfactual_no_fewshot,llama3.1:8b,P2,2025-11-12,13,3990,BIL,UUP,UUP,SPY,SPY,0,0,0,0,1.1444444444444442,0.0,e968dd9b6f94ff077130e30b1c9aa4db2e71649e7339b91434b1c98d28ac4d6a,3524,e3b0c44298fc1c149afbf4c8996fb92427ae41e4649b934ca495991b7852b855,0,1,0,0,16.001977459003683,1,"{
  ""weights"": {
    ""SPY"": 0.6,
    ""QQQ"": 0.1,
    ""IWM"": 0.1,
    ""DIA"": 0.1,
    ""EFA"": 0.05,
    ""EEM"": 0.05,
    ""VEA"": 0.05,
    ""VWO"": 0.05,
    ""AGG"": 0.05,
    ""BND"": 0.05,
    ""SHY"": 0.05,
    ""IEF"": 0.05,
    ""TLT"": 0.05,
    ""TIP"": 0.05,
    ""LQD"": 0.05,
    ""HYG"": 0.05,
    ""GLD"": 0.05,
    ""SLV"": 0.05,
    ""DBC"": 0.05,
    ""VNQ"": 0.05,
    ""UUP"": 0.05,
    ""BIL"": 0.05
  }
}","You are a DEFENSIVE LOW-VOLATILITY policy profile. Your task is to translate a natural-language risk-averse policy into provisional portfolio weights. Use only the provided feature values, not outside market knowledge. Identify the eligible asset that appears safest, defined by the lowest `_vol3m` value. This is a defensive single-core policy profile, so do not default to equal weights when one asset clearly has the lowest recent volatility. Allocate 60% of the total portfolio weight to this safest asset as the language-level policy target. The hard maximum-weight constraint is 60%. Do not solve the projection yourself; express the language-level target and let the projection layer enforce feasibility before execution. Distribute the remaining weight equally among all other eligible assets. Use only tickers from the provided asset list. Include every eligible ticker exactly once. Return strictly valid JSON only. The `weights` field MUST be a JSON object where keys are tickers and values are numeric portfolio weights expressed as decimals, not percentages.



Current Features:
- AGG_mdd: -0.025032
- AGG_r12m: 0.060001
- AGG_r1m: -0.000321
- AGG_r3m: 0.023400
- AGG_vol3m: 0.033536
- BIL_mdd: 0.000000
- BIL_r12m: 0.042516
- BIL_r1m: 0.002984
- BIL_r3m: 0.009939
- BIL_vol3m: 0.059407
- BND_mdd: -0.027124
- BND_r12m: 0.059237
- BND_r1m: -0.000207
- BND_r3m: 0.022860
- BND_vol3m: 0.033157
- DBC_mdd: -0.174034
- DBC_r12m: 0.078668
- DBC_r1m: 0.042534
- DBC_r3m: 0.054945
- DBC_vol3m: 0.127126
- DIA_mdd: 0.000000
- DIA_r12m: 0.114102
- DIA_r1m: 0.043684
- DIA_r3m: 0.078880
- DIA_vol3m: 0.097827
- EEM_mdd: -0.007677
- EEM_r12m: 0.278070
- EEM_r1m: 0.049273
- EEM_r3m: 0.114274
- EEM_vol3m: 0.152850
- EFA_mdd: 0.000000
- EFA_r12m: 0.257842
- EFA_r1m: 0.033833
- EFA_r3m: 0.053573
- EFA_vol3m: 0.102599
- GLD_mdd: -0.042565
- GLD_r12m: 0.556662
- GLD_r1m: 0.013656
- GLD_r3m: 0.256273
- GLD_vol3m: 0.229195
- HYG_mdd: -0.004174
- HYG_r12m: 0.069284
- HYG_r1m: 0.004975
- HYG_r3m: 0.016286
- HYG_vol3m: 0.036450
- IEF_mdd: -0.106452
- IEF_r12m: 0.068366
- IEF_r1m: -0.000257
- IEF_r3m: 0.024959
- IEF_vol3m: 0.042188
- IWM_mdd: -0.026725
- IWM_r12m: 0.034292
- IWM_r1m: -0.017184
- IWM_r3m: 0.070501
- IWM_vol3m: 0.185462
- LQD_mdd: -0.041040
- LQD_r12m: 0.057393
- LQD_r1m: -0.005326
- LQD_r3m: 0.022055
- LQD_vol3m: 0.048905
- QQQ_mdd: -0.023106
- QQQ_r12m: 0.214517
- QQQ_r1m: 0.038595
- QQQ_r3m: 0.072272
- QQQ_vol3m: 0.153262
- SHY_mdd: -0.000362
- SHY_r12m: 0.049322
- SHY_r1m: 0.001005
- SHY_r3m: 0.011254
- SHY_vol3m: 0.011567
- SLV_mdd: -0.017287
- SLV_r12m: 0.696629
- SLV_r1m: 0.032479
- SLV_r3m: 0.400580
- SLV_vol3m: 0.326039
- SPY_mdd: -0.005834
- SPY_r12m: 0.156302
- SPY_r1m: 0.031938
- SPY_r3m: 0.062524
- SPY_vol3m: 0.109990
- TIP_mdd: -0.011715
- TIP_r12m: 0.056492
- TIP_r1m: -0.001600
- TIP_r3m: 0.016877
- TIP_vol3m: 0.033576
- TLT_mdd: -0.387049
- TLT_r12m: 0.017634
- TLT_r1m: -0.004561
- TLT_r3m: 0.046948
- TLT_vol3m: 0.095360
- UUP_mdd: -0.056951
- UUP_r12m: -0.003375
- UUP_r1m: 0.008599
- UUP_r3m: 0.026249
- UUP_vol3m: 0.001989
- VEA_mdd: 0.000000
- VEA_r12m: 0.276859
- VEA_r1m: 0.035845
- VEA_r3m: 0.065135
- VEA_vol3m: 0.106220
- VNQ_mdd: -0.095232
- VNQ_r12m: -0.018336
- VNQ_r1m: 0.010156
- VNQ_r3m: 0.024837
- VNQ_vol3m: 0.135694
- VWO_mdd: -0.008069
- VWO_r12m: 0.221893
- VWO_r1m: 0.033632
- VWO_r3m: 0.085860
- VWO_vol3m: 0.138285
- cross_vol: 0.102758
Assets: SPY, QQQ, IWM, DIA, EFA, EEM, VEA, VWO, AGG, BND, SHY, IEF, TLT, TIP, LQD, HYG, GLD, SLV, DBC, VNQ, UUP, BIL","{""SPY"":0.3333333333,""QQQ"":0.0555555556,""IWM"":0.0555555556,""DIA"":0.0555555556,""EFA"":0.0277777778,""EEM"":0.0277777778,""VEA"":0.0277777778,""VWO"":0.0277777778,""AGG"":0.0277777778,""BND"":0.0277777778,""SHY"":0.0277777778,""IEF"":0.0277777778,""TLT"":0.0277777778,""TIP"":0.0277777778,""LQD"":0.0277777778,""HYG"":0.0277777778,""GLD"":0.0277777778,""SLV"":0.0277777778,""DBC"":0.0277777778,""VNQ"":0.0277777778,""UUP"":0.0277777778,""BIL"":0.0277777778}","{""SPY"":0.3333333333,""QQQ"":0.0555555556,""IWM"":0.0555555556,""DIA"":0.0555555556,""EFA"":0.0277777778,""EEM"":0.0277777778,""VEA"":0.0277777778,""VWO"":0.0277777778,""AGG"":0.0277777778,""BND"":0.0277777778,""SHY"":0.0277777778,""IEF"":0.0277777778,""TLT"":0.0277777778,""TIP"":0.0277777778,""LQD"":0.0277777778,""HYG"":0.0277777778,""GLD"":0.0277777778,""SLV"":0.0277777778,""DBC"":0.0277777778,""VNQ"":0.0277777778,""UUP"":0.0277777778,""BIL"":0.0277777778}","{""SPY"":0.019047619,""QQQ"":0.019047619,""IWM"":0.019047619,""DIA"":0.019047619,""EFA"":0.019047619,""EEM"":0.019047619,""VEA"":0.019047619,""VWO"":0.019047619,""AGG"":0.019047619,""BND"":0.019047619,""SHY"":0.019047619,""IEF"":0.019047619,""TLT"":0.019047619,""TIP"":0.019047619,""LQD"":0.019047619,""HYG"":0.019047619,""GLD"":0.019047619,""SLV"":0.019047619,""DBC"":0.019047619,""VNQ"":0.019047619,""UUP"":0.6,""BIL"":0.019047619}",0,swap_vol3m_only,UUP,0.0019885647030246194,0.059406716079800276,0.059406716079800276,0.0019885647030246194
